time,method,x,temperature
1.0,explicit,0.0,0.1295377076201385
1.0,explicit,0.07142857142857142,0.14380156319736634
1.0,explicit,0.14285714285714285,0.2857329132569734
1.0,explicit,0.21428571428571427,0.42857142857142855
1.0,explicit,0.2857142857142857,0.5714285714285714
1.0,explicit,0.3571428571428571,0.7142849806837066
1.0,explicit,0.42857142857142855,0.8569850706909713
1.0,explicit,0.5,0.9885798881077869
1.0,explicit,0.5714285714285714,0.8569850706909714
1.0,explicit,0.6428571428571428,0.7142849806837068
1.0,explicit,0.7142857142857142,0.5714285714285716
1.0,explicit,0.7857142857142857,0.4285714285714286
1.0,explicit,0.8571428571428571,0.28573291325697353
1.0,explicit,0.9285714285714285,0.1438015631973665
1.0,explicit,1.0,0.1295377076201385
2.0,explicit,0.0,0.3046059712816051
2.0,explicit,0.07142857142857142,0.14554975811693166
2.0,explicit,0.14285714285714285,0.2857453353828729
2.0,explicit,0.21428571428571427,0.42857168364477843
2.0,explicit,0.2857142857142857,0.5714285613831067
2.0,explicit,0.3571428571428571,0.7142828401504717
2.0,explicit,0.42857142857142855,0.8568330023731765
2.0,explicit,0.5,0.9849759419007755
2.0,explicit,0.5714285714285714,0.8568330023731766
2.0,explicit,0.6428571428571428,0.7142828401504719
2.0,explicit,0.7142857142857142,0.5714285613831069
2.0,explicit,0.7857142857142857,0.4285716836447785
2.0,explicit,0.8571428571428571,0.285745335382873
2.0,explicit,0.9285714285714285,0.14554975811693183
2.0,explicit,1.0,0.3046059712816051
3.0,explicit,0.0,-0.04682739138983611
3.0,explicit,0.07142857142857142,0.14882119992177767
3.0,explicit,0.14285714285714285,0.28587251463830854
3.0,explicit,0.21428571428571427,0.42857300109941454
3.0,explicit,0.2857142857142857,0.5714284398808802
3.0,explicit,0.3571428571428571,0.7142719235018326
3.0,explicit,0.42857142857142855,0.8563957265975986
3.0,explicit,0.5,0.9780478286987915
3.0,explicit,0.5714285714285714,0.8563957265975987
3.0,explicit,0.6428571428571428,0.7142719235018328
3.0,explicit,0.7142857142857142,0.5714284398808804
3.0,explicit,0.7857142857142857,0.4285730010994146
3.0,explicit,0.8571428571428571,0.28587251463830865
3.0,explicit,0.9285714285714285,0.1488211999217778
3.0,explicit,1.0,-0.04682739138983611
4.0,explicit,0.0,0.15348694583058176
4.0,explicit,0.07142857142857142,0.152205613175957
4.0,explicit,0.14285714285714285,0.2860141498322258
4.0,explicit,0.21428571428571427,0.42857824364211644
4.0,explicit,0.2857142857142857,0.5714280110611281
4.0,explicit,0.3571428571428571,0.7142486428844296
4.0,explicit,0.42857142857142855,0.8557969953615099
4.0,explicit,0.5,0.9714680979761224
4.0,explicit,0.5714285714285714,0.85579699536151
4.0,explicit,0.6428571428571428,0.7142486428844298
4.0,explicit,0.7142857142857142,0.5714280110611283
4.0,explicit,0.7857142857142857,0.42857824364211655
4.0,explicit,0.8571428571428571,0.2860141498322259
4.0,explicit,0.9285714285714285,0.15220561317595713
4.0,explicit,1.0,0.15348694583058176
5.0,explicit,0.0,-0.09389487718699042
5.0,explicit,0.07142857142857142,0.1540554452273461
5.0,explicit,0.14285714285714285,0.286134042688242
5.0,explicit,0.21428571428571427,0.4285821554691179
5.0,explicit,0.2857142857142857,0.5714276120973933
5.0,explicit,0.3571428571428571,0.7142312211256777
5.0,explicit,0.42857142857142855,0.8554426492773691
5.0,explicit,0.5,0.9683002495782
5.0,explicit,0.5714285714285714,0.8554426492773692
5.0,explicit,0.6428571428571428,0.7142312211256779
5.0,explicit,0.7142857142857142,0.5714276120973936
5.0,explicit,0.7857142857142857,0.428582155469118
5.0,explicit,0.8571428571428571,0.2861340426882421
5.0,explicit,0.9285714285714285,0.15405544522734624
5.0,explicit,1.0,-0.09389487718699042
6.0,explicit,0.0,-0.09268353856249245
6.0,explicit,0.07142857142857142,0.15369912760264198
6.0,explicit,0.14285714285714285,0.2863924883095756
6.0,explicit,0.21428571428571427,0.4285948249079671
6.0,explicit,0.2857142857142857,0.5714262576826135
6.0,explicit,0.3571428571428571,0.7141828892500842
6.0,explicit,0.42857142857142855,0.8546341430833456
6.0,explicit,0.5,0.9621926713447314
6.0,explicit,0.5714285714285714,0.8546341430833457
6.0,explicit,0.6428571428571428,0.7141828892500844
6.0,explicit,0.7142857142857142,0.5714262576826137
6.0,explicit,0.7857142857142857,0.4285948249079672
6.0,explicit,0.8571428571428571,0.2863924883095757
6.0,explicit,0.9285714285714285,0.15369912760264212
6.0,explicit,1.0,-0.09268353856249245
7.0,explicit,0.0,0.04839245431320682
7.0,explicit,0.07142857142857142,0.1506236403358916
7.0,explicit,0.14285714285714285,0.2866281419972882
7.0,explicit,0.21428571428571427,0.4286135868280644
7.0,explicit,0.2857142857142857,0.5714239228612417
7.0,explicit,0.3571428571428571,0.7141144354772408
7.0,explicit,0.42857142857142855,0.8537048871732644
7.0,explicit,0.5,0.9563696645536561
7.0,explicit,0.5714285714285714,0.8537048871732645
7.0,explicit,0.6428571428571428,0.7141144354772411
7.0,explicit,0.7142857142857142,0.5714239228612419
7.0,explicit,0.7857142857142857,0.4286135868280645
7.0,explicit,0.8571428571428571,0.2866281419972883
7.0,explicit,0.9285714285714285,0.15062364033589173
7.0,explicit,1.0,0.04839245431320682
8.0,explicit,0.0,-0.3826560489315596
8.0,explicit,0.07142857142857142,0.15108610996495306
8.0,explicit,0.14285714285714285,0.28671004110955095
8.0,explicit,0.21428571428571427,0.4286248823470614
8.0,explicit,0.2857142857142857,0.571422282077971
8.0,explicit,0.3571428571428571,0.7140719852766426
8.0,explicit,0.42857142857142855,0.8531992512124286
8.0,explicit,0.5,0.9535580163269499
8.0,explicit,0.5714285714285714,0.8531992512124287
8.0,explicit,0.6428571428571428,0.7140719852766428
8.0,explicit,0.7142857142857142,0.5714222820779712
8.0,explicit,0.7857142857142857,0.42862488234706153
8.0,explicit,0.8571428571428571,0.28671004110955106
8.0,explicit,0.9285714285714285,0.1510861099649532
8.0,explicit,1.0,-0.3826560489315596
9.0,explicit,0.0,-0.11245750584819454
9.0,explicit,0.07142857142857142,0.14084931257198793
9.0,explicit,0.14285714285714285,0.28680548437897063
9.0,explicit,0.21428571428571427,0.42864987362784907
9.0,explicit,0.2857142857142857,0.5714177975500723
9.0,explicit,0.3571428571428571,0.7139695412688443
9.0,explicit,0.42857142857142855,0.8521137525983127
9.0,explicit,0.5,0.9481217613207309
9.0,explicit,0.5714285714285714,0.8521137525983128
9.0,explicit,0.6428571428571428,0.7139695412688445
9.0,explicit,0.7142857142857142,0.5714177975500725
9.0,explicit,0.7857142857142857,0.4286498736278492
9.0,explicit,0.8571428571428571,0.28680548437897074
9.0,explicit,0.9285714285714285,0.14084931257198807
9.0,explicit,1.0,-0.11245750584819454
10.0,explicit,0.0,0.06284946651905478
10.0,explicit,0.07142857142857142,0.13671493137907767
10.0,explicit,0.14285714285714285,0.28667446235468697
10.0,explicit,0.21428571428571427,0.42867400831792296
10.0,explicit,0.2857142857142857,0.5714113048848873
10.0,explicit,0.3571428571428571,0.7138425450500896
10.0,explicit,0.42857142857142855,0.850938752364204
10.0,explicit,0.5,0.9429192857896578
10.0,explicit,0.5714285714285714,0.8509387523642041
10.0,explicit,0.6428571428571428,0.7138425450500898
10.0,explicit,0.7142857142857142,0.5714113048848876
10.0,explicit,0.7857142857142857,0.42867400831792307
10.0,explicit,0.8571428571428571,0.2866744623546871
10.0,explicit,0.9285714285714285,0.1367149313790778
10.0,explicit,1.0,0.06284946651905478
11.0,explicit,0.0,-0.1816048151042422
11.0,explicit,0.07142857142857142,0.13775691360275713
11.0,explicit,0.14285714285714285,0.28656546354167767
11.0,explicit,0.21428571428571427,0.42868411059072603
11.0,explicit,0.2857142857142857,0.5714071139492946
11.0,explicit,0.3571428571428571,0.7137694906100084
11.0,explicit,0.42857142857142855,0.8503209679218547
11.0,explicit,0.5,0.9404002436186613
11.0,explicit,0.5714285714285714,0.8503209679218549
11.0,explicit,0.6428571428571428,0.7137694906100086
11.0,explicit,0.7142857142857142,0.5714071139492948
11.0,explicit,0.7857142857142857,0.42868411059072614
11.0,explicit,0.8571428571428571,0.2865654635416778
11.0,explicit,0.9285714285714285,0.13775691360275727
11.0,explicit,1.0,-0.1816048151042422
12.0,explicit,0.0,0.29312975378431083
12.0,explicit,0.07142857142857142,0.13176767768092257
12.0,explicit,0.14285714285714285,0.2863528913669861
12.0,explicit,0.21428571428571427,0.4286991132371543
12.0,explicit,0.2857142857142857,0.571396396552226
12.0,explicit,0.3571428571428571,0.7136037469844235
12.0,explicit,0.42857142857142855,0.8490308053256489
12.0,explicit,0.5,0.9355164320130018
12.0,explicit,0.5714285714285714,0.849030805325649
12.0,explicit,0.6428571428571428,0.7136037469844237
12.0,explicit,0.7142857142857142,0.5713963965522262
12.0,explicit,0.7857142857142857,0.4286991132371544
12.0,explicit,0.8571428571428571,0.2863528913669862
12.0,explicit,0.9285714285714285,0.1317676776809227
12.0,explicit,1.0,0.29312975378431083
13.0,explicit,0.0,0.013505640937584768
13.0,explicit,0.07142857142857142,0.135667394480628
13.0,explicit,0.14285714285714285,0.28608160409319827
13.0,explicit,0.21428571428571427,0.42870620922297703
13.0,explicit,0.2857142857142857,0.5713819571155105
13.0,explicit,0.3571428571428571,0.7134113311939373
13.0,explicit,0.42857142857142855,0.8476751106008416
13.0,explicit,0.5,0.9308258353495984
13.0,explicit,0.5714285714285714,0.8476751106008417
13.0,explicit,0.6428571428571428,0.7134113311939375
13.0,explicit,0.7142857142857142,0.5713819571155108
13.0,explicit,0.7857142857142857,0.42870620922297714
13.0,explicit,0.8571428571428571,0.2860816040931984
13.0,explicit,0.9285714285714285,0.13566739448062815
13.0,explicit,1.0,0.013505640937584768
14.0,explicit,0.0,-0.28494963724269134
14.0,explicit,0.07142857142857142,0.13605426508043292
14.0,explicit,0.14285714285714285,0.2859749383593915
14.0,explicit,0.21428571428571427,0.42870690953842056
14.0,explicit,0.2857142857142857,0.5713731060965214
14.0,explicit,0.3571428571428571,0.7133049942347356
14.0,explicit,0.42857142857142855,0.8469752019605168
14.0,explicit,0.5,0.9285486123939303
14.0,explicit,0.5714285714285714,0.8469752019605169
14.0,explicit,0.6428571428571428,0.7133049942347358
14.0,explicit,0.7142857142857142,0.5713731060965216
14.0,explicit,0.7857142857142857,0.42870690953842067
14.0,explicit,0.8571428571428571,0.2859749383593916
14.0,explicit,0.9285714285714285,0.13605426508043306
14.0,explicit,1.0,-0.28494963724269134
15.0,explicit,0.0,0.02218451794197322
15.0,explicit,0.07142857142857142,0.13114153511956603
15.0,explicit,0.14285714285714285,0.28572991697354294
15.0,explicit,0.21428571428571427,0.42870364723064946
15.0,explicit,0.2857142857142857,0.5713517097361622
15.0,explicit,0.3571428571428571,0.7130719261902814
15.0,explicit,0.42857142857142855,0.8455358399167345
15.0,explicit,0.5,0.9241222067749847
15.0,explicit,0.5714285714285714,0.8455358399167346
15.0,explicit,0.6428571428571428,0.7130719261902816
15.0,explicit,0.7142857142857142,0.5713517097361624
15.0,explicit,0.7857142857142857,0.4287036472306496
15.0,explicit,0.8571428571428571,0.28572991697354305
15.0,explicit,0.9285714285714285,0.13114153511956617
15.0,explicit,1.0,0.02218451794197322
16.0,explicit,0.0,0.0751396036691344
16.0,explicit,0.07142857142857142,0.12891596633384442
16.0,explicit,0.14285714285714285,0.28542468097220974
16.0,explicit,0.21428571428571427,0.4286924985854387
16.0,explicit,0.2857142857142857,0.5713248503693853
16.0,explicit,0.3571428571428571,0.7128116215394336
16.0,explicit,0.42857142857142855,0.8440493105361686
16.0,explicit,0.5,0.9198565034341799
16.0,explicit,0.5714285714285714,0.8440493105361687
16.0,explicit,0.6428571428571428,0.7128116215394338
16.0,explicit,0.7142857142857142,0.5713248503693855
16.0,explicit,0.7857142857142857,0.4286924985854388
16.0,explicit,0.8571428571428571,0.28542468097220985
16.0,explicit,0.9285714285714285,0.12891596633384456
16.0,explicit,1.0,0.0751396036691344
17.0,explicit,0.0,-0.120127737983761
17.0,explicit,0.07142857142857142,0.13032271576934876
17.0,explicit,0.14285714285714285,0.28524336881437595
17.0,explicit,0.21428571428571427,0.42868379693323805
17.0,explicit,0.2857142857142857,0.5713091635399594
17.0,explicit,0.3571428571428571,0.7126712773315501
17.0,explicit,0.42857142857142855,0.8432902816849981
17.0,explicit,0.5,0.9177803954941263
17.0,explicit,0.5714285714285714,0.8432902816849982
17.0,explicit,0.6428571428571428,0.7126712773315503
17.0,explicit,0.7142857142857142,0.5713091635399596
17.0,explicit,0.7857142857142857,0.42868379693323816
17.0,explicit,0.8571428571428571,0.28524336881437606
17.0,explicit,0.9285714285714285,0.1303227157693489
17.0,explicit,1.0,-0.120127737983761
18.0,explicit,0.0,-0.12034132244587939
18.0,explicit,0.07142857142857142,0.12858624130154214
18.0,explicit,0.14285714285714285,0.284915203335983
18.0,explicit,0.21428571428571427,0.4286593912586565
18.0,explicit,0.2857142857142857,0.5712728737227268
18.0,explicit,0.3571428571428571,0.7123703265089822
18.0,explicit,0.42857142857142855,0.8417441971160746
18.0,explicit,0.5,0.9137351411579002
18.0,explicit,0.5714285714285714,0.8417441971160747
18.0,explicit,0.6428571428571428,0.7123703265089825
18.0,explicit,0.7142857142857142,0.5712728737227271
18.0,explicit,0.7857142857142857,0.4286593912586566
18.0,explicit,0.8571428571428571,0.28491520333598314
18.0,explicit,0.9285714285714285,0.12858624130154228
18.0,explicit,1.0,-0.12034132244587939
19.0,explicit,0.0,-0.0026994449475867843
19.0,explicit,0.07142857142857142,0.132803290040111
19.0,explicit,0.14285714285714285,0.28455769257318414
19.0,explicit,0.21428571428571427,0.4286262050040713
19.0,explicit,0.2857142857142857,0.5712295129478033
19.0,explicit,0.3571428571428571,0.712042608938709
19.0,explicit,0.42857142857142855,0.8401649923174895
19.0,explicit,0.5,0.9098244300502829
19.0,explicit,0.5714285714285714,0.8401649923174896
19.0,explicit,0.6428571428571428,0.7120426089387092
19.0,explicit,0.7142857142857142,0.5712295129478036
19.0,explicit,0.7857142857142857,0.4286262050040714
19.0,explicit,0.8571428571428571,0.28455769257318425
19.0,explicit,0.9285714285714285,0.13280329004011113
19.0,explicit,1.0,-0.0026994449475867843
20.0,explicit,0.0,-0.2115421857911801
20.0,explicit,0.07142857142857142,0.13302582971438345
20.0,explicit,0.14285714285714285,0.2844524470360687
20.0,explicit,0.21428571428571427,0.4286061414549983
20.0,explicit,0.2857142857142857,0.5712049989597003
20.0,explicit,0.3571428571428571,0.711868830645306
20.0,explicit,0.42857142857142855,0.8393644390915057
20.0,explicit,0.5,0.9079166887628395
20.0,explicit,0.5714285714285714,0.8393644390915058
20.0,explicit,0.6428571428571428,0.7118688306453063
20.0,explicit,0.7142857142857142,0.5712049989597006
20.0,explicit,0.7857142857142857,0.4286061414549984
20.0,explicit,0.8571428571428571,0.2844524470360688
20.0,explicit,0.9285714285714285,0.1330258297143836
20.0,explicit,1.0,-0.2115421857911801
21.0,explicit,0.0,-0.24416872999420447
21.0,explicit,0.07142857142857142,0.1329567917686075
21.0,explicit,0.14285714285714285,0.2842194861859546
21.0,explicit,0.21428571428571427,0.42856241614822177
21.0,explicit,0.2857142857142857,0.5711499699889826
21.0,explicit,0.3571428571428571,0.7115017197456042
21.0,explicit,0.42857142857142855,0.8377441030907253
21.0,explicit,0.5,0.9041911622426352
21.0,explicit,0.5714285714285714,0.8377441030907254
21.0,explicit,0.6428571428571428,0.7115017197456044
21.0,explicit,0.7142857142857142,0.5711499699889828
21.0,explicit,0.7857142857142857,0.4285624161482219
21.0,explicit,0.8571428571428571,0.2842194861859547
21.0,explicit,0.9285714285714285,0.13295679176860764
21.0,explicit,1.0,-0.24416872999420447
22.0,explicit,0.0,-0.3919340247759551
22.0,explicit,0.07142857142857142,0.13077005612628545
22.0,explicit,0.14285714285714285,0.2839898916146489
22.0,explicit,0.21428571428571427,0.42851328376370873
22.0,explicit,0.2857142857142857,0.5710866024200235
22.0,explicit,0.3571428571428571,0.7111089708463293
22.0,explicit,0.42857142857142855,0.8361013670861216
22.0,explicit,0.5,0.9005790456567261
22.0,explicit,0.5714285714285714,0.8361013670861217
22.0,explicit,0.6428571428571428,0.7111089708463295
22.0,explicit,0.7142857142857142,0.5710866024200237
22.0,explicit,0.7857142857142857,0.42851328376370884
22.0,explicit,0.8571428571428571,0.28398989161464905
22.0,explicit,0.9285714285714285,0.1307700561262856
22.0,explicit,1.0,-0.3919340247759551
23.0,explicit,0.0,-0.26563720977968613
23.0,explicit,0.07142857142857142,0.1257105812512528
23.0,explicit,0.14285714285714285,0.2838708082244273
23.0,explicit,0.21428571428571427,0.4284865807365473
23.0,explicit,0.2857142857142857,0.5710516713809971
23.0,explicit,0.3571428571428571,0.710903160266869
23.0,explicit,0.42857142857142855,0.8352727182400145
23.0,explicit,0.5,0.8988132155907487
23.0,explicit,0.5714285714285714,0.8352727182400146
23.0,explicit,0.6428571428571428,0.7109031602668692
23.0,explicit,0.7142857142857142,0.5710516713809973
23.0,explicit,0.7857142857142857,0.4284865807365474
23.0,explicit,0.8571428571428571,0.28387080822442745
23.0,explicit,0.9285714285714285,0.12571058125125295
23.0,explicit,1.0,-0.26563720977968613
24.0,explicit,0.0,0.1476933159990821
24.0,explicit,0.07142857142857142,0.12358585483071767
24.0,explicit,0.14285714285714285,0.28346084087879897
24.0,explicit,0.21428571428571427,0.42842813987896866
24.0,explicit,0.2857142857142857,0.5709750849591946
24.0,explicit,0.3571428571428571,0.7104730526803441
24.0,explicit,0.42857142857142855,0.8336028919242584
24.0,explicit,0.5,0.8953577335297013
24.0,explicit,0.5714285714285714,0.8336028919242585
24.0,explicit,0.6428571428571428,0.7104730526803443
24.0,explicit,0.7142857142857142,0.5709750849591948
24.0,explicit,0.7857142857142857,0.4284281398789688
24.0,explicit,0.8571428571428571,0.28346084087879914
24.0,explicit,0.9285714285714285,0.12358585483071781
24.0,explicit,1.0,0.1476933159990821
25.0,explicit,0.0,-0.023129656477648107
25.0,explicit,0.07142857142857142,0.12699963874701645
25.0,explicit,0.14285714285714285,0.2830922036011968
25.0,explicit,0.21428571428571427,0.42835939505885917
25.0,explicit,0.2857142857142857,0.5708892039962676
25.0,explicit,0.3571428571428571,0.7100188421624193
25.0,explicit,0.42857142857142855,0.831918822415987
25.0,explicit,0.5,0.8919985138308495
25.0,explicit,0.5714285714285714,0.8319188224159871
25.0,explicit,0.6428571428571428,0.7100188421624195
25.0,explicit,0.7142857142857142,0.5708892039962679
25.0,explicit,0.7857142857142857,0.4283593950588593
25.0,explicit,0.8571428571428571,0.28309220360119697
25.0,explicit,0.9285714285714285,0.12699963874701659
25.0,explicit,1.0,-0.023129656477648107
26.0,explicit,0.0,-0.06022073911785776
26.0,explicit,0.07142857142857142,0.12708129584941816
26.0,explicit,0.14285714285714285,0.28294396803934985
26.0,explicit,0.21428571428571427,0.4283219111383497
26.0,explicit,0.2857142857142857,0.570842644288238
26.0,explicit,0.3571428571428571,0.70978291052962
26.0,explicit,0.42857142857142855,0.8310722959347393
26.0,explicit,0.5,0.8903531300669344
26.0,explicit,0.5714285714285714,0.8310722959347394
26.0,explicit,0.6428571428571428,0.7097829105296202
26.0,explicit,0.7142857142857142,0.5708426442882383
26.0,explicit,0.7857142857142857,0.4283219111383499
26.0,explicit,0.8571428571428571,0.28294396803935
26.0,explicit,0.9285714285714285,0.1270812958494183
26.0,explicit,1.0,-0.06022073911785776
27.0,explicit,0.0,-0.14396884167894172
27.0,explicit,0.07142857142857142,0.12300554135785191
27.0,explicit,0.14285714285714285,0.2826543270987772
27.0,explicit,0.21428571428571427,0.42824209578635425
27.0,explicit,0.2857142857142857,0.5707420844638175
27.0,explicit,0.3571428571428571,0.7092938322703363
27.0,explicit,0.42857142857142855,0.8293718003479288
27.0,explicit,0.5,0.8871273269358037
27.0,explicit,0.5714285714285714,0.8293718003479289
27.0,explicit,0.6428571428571428,0.7092938322703365
27.0,explicit,0.7142857142857142,0.5707420844638177
27.0,explicit,0.7857142857142857,0.4282420957863544
27.0,explicit,0.8571428571428571,0.28265432709877736
27.0,explicit,0.9285714285714285,0.12300554135785205
27.0,explicit,1.0,-0.14396884167894172
28.0,explicit,0.0,0.21142444524378315
28.0,explicit,0.07142857142857142,0.12081373875138521
28.0,explicit,0.14285714285714285,0.28225381215375805
28.0,explicit,0.21428571428571427,0.4281553128094843
28.0,explicit,0.2857142857142857,0.5706313929160018
28.0,explicit,0.3571428571428571,0.7087823983182697
28.0,explicit,0.42857142857142855,0.8276632437752042
28.0,explicit,0.5,0.8839838083072131
28.0,explicit,0.5714285714285714,0.8276632437752043
28.0,explicit,0.6428571428571428,0.70878239831827
28.0,explicit,0.7142857142857142,0.5706313929160021
28.0,explicit,0.7857142857142857,0.4281553128094845
28.0,explicit,0.8571428571428571,0.2822538121537582
28.0,explicit,0.9285714285714285,0.12081373875138535
28.0,explicit,1.0,0.21142444524378315
29.0,explicit,0.0,0.06872365791369228
29.0,explicit,0.07142857142857142,0.12426515678595258
29.0,explicit,0.14285714285714285,0.2820410371318692
29.0,explicit,0.21428571428571427,0.42810840734755934
29.0,explicit,0.2857142857142857,0.5705721681802508
29.0,explicit,0.3571428571428571,0.7085185253892032
29.0,explicit,0.42857142857142855,0.8268065843277626
29.0,explicit,0.5,0.8824413745783911
29.0,explicit,0.5714285714285714,0.8268065843277627
29.0,explicit,0.6428571428571428,0.7085185253892035
29.0,explicit,0.7142857142857142,0.570572168180251
29.0,explicit,0.7857142857142857,0.4281084073475595
29.0,explicit,0.8571428571428571,0.28204103713186934
29.0,explicit,0.9285714285714285,0.12426515678595272
29.0,explicit,1.0,0.06872365791369228
30.0,explicit,0.0,0.064816793878959
30.0,explicit,0.07142857142857142,0.1212550432420944
30.0,explicit,0.14285714285714285,0.2817432647151483
30.0,explicit,0.21428571428571427,0.42800802534723054
30.0,explicit,0.2857142857142857,0.5704457837661908
30.0,explicit,0.3571428571428571,0.707974926855016
30.0,explicit,0.42857142857142855,0.8250896647613991
30.0,explicit,0.5,0.879412301156007
30.0,explicit,0.5714285714285714,0.8250896647613992
30.0,explicit,0.6428571428571428,0.7079749268550162
30.0,explicit,0.7142857142857142,0.570445783766191
30.0,explicit,0.7857142857142857,0.4280080253472307
30.0,explicit,0.8571428571428571,0.2817432647151485
30.0,explicit,0.9285714285714285,0.12125504324209455
30.0,explicit,1.0,0.064816793878959
31.0,explicit,0.0,-0.13538440006119176
31.0,explicit,0.07142857142857142,0.12212076853865905
31.0,explicit,0.14285714285714285,0.28137785782237296
31.0,explicit,0.21428571428571427,0.4279010642051566
31.0,explicit,0.2857142857142857,0.5703086484058625
31.0,explicit,0.3571428571428571,0.7074108052210095
31.0,explicit,0.42857142857142855,0.8233693453902224
31.0,explicit,0.5,0.8764540626100616
31.0,explicit,0.5714285714285714,0.8233693453902226
31.0,explicit,0.6428571428571428,0.7074108052210097
31.0,explicit,0.7142857142857142,0.5703086484058627
31.0,explicit,0.7857142857142857,0.4279010642051568
31.0,explicit,0.8571428571428571,0.2813778578223731
31.0,explicit,0.9285714285714285,0.12212076853865918
31.0,explicit,1.0,-0.13538440006119176
32.0,explicit,0.0,0.12233525776817358
32.0,explicit,0.07142857142857142,0.12077542379124391
32.0,explicit,0.14285714285714285,0.2812034883833548
32.0,explicit,0.21428571428571427,0.4278447075748434
32.0,explicit,0.2857142857142857,0.570235999363605
32.0,explicit,0.3571428571428571,0.7071212784048726
32.0,explicit,0.42857142857142855,0.8225083925039816
32.0,explicit,0.5,0.8750002480219937
32.0,explicit,0.5714285714285714,0.8225083925039817
32.0,explicit,0.6428571428571428,0.7071212784048728
32.0,explicit,0.7142857142857142,0.5702359993636053
32.0,explicit,0.7857142857142857,0.42784470757484355
32.0,explicit,0.8571428571428571,0.28120348838335496
32.0,explicit,0.9285714285714285,0.12077542379124404
32.0,explicit,1.0,0.12233525776817358
33.0,explicit,0.0,0.18625602382323972
33.0,explicit,0.07142857142857142,0.12629679020017368
33.0,explicit,0.14285714285714285,0.280860659707805
33.0,explicit,0.21428571428571427,0.42772629236813425
33.0,explicit,0.2857142857142857,0.5700824447848069
33.0,explicit,0.3571428571428571,0.7065277512476549
33.0,explicit,0.42857142857142855,0.820785770045461
33.0,explicit,0.5,0.8721408756980672
33.0,explicit,0.5714285714285714,0.8207857700454612
33.0,explicit,0.6428571428571428,0.7065277512476551
33.0,explicit,0.7142857142857142,0.5700824447848071
33.0,explicit,0.7857142857142857,0.4277262923681344
33.0,explicit,0.8571428571428571,0.28086065970780516
33.0,explicit,0.9285714285714285,0.1262967902001738
33.0,explicit,1.0,0.18625602382323972
34.0,explicit,0.0,-0.06184247517024292
34.0,explicit,0.07142857142857142,0.1272411679079889
34.0,explicit,0.14285714285714285,0.28069209661910033
34.0,explicit,0.21428571428571427,0.42760193195651947
34.0,explicit,0.2857142857142857,0.5699177771000128
34.0,explicit,0.3571428571428571,0.7059155323884032
34.0,explicit,0.42857142857142855,0.8190632379072017
34.0,explicit,0.5,0.8693429115340835
34.0,explicit,0.5714285714285714,0.8190632379072018
34.0,explicit,0.6428571428571428,0.7059155323884034
34.0,explicit,0.7142857142857142,0.569917777100013
34.0,explicit,0.7857142857142857,0.42760193195651963
34.0,explicit,0.8571428571428571,0.2806920966191005
34.0,explicit,0.9285714285714285,0.127241167907989
34.0,explicit,1.0,-0.06184247517024292
35.0,explicit,0.0,0.06625268628071279
35.0,explicit,0.07142857142857142,0.12675323689250617
35.0,explicit,0.14285714285714285,0.28060252717739825
35.0,explicit,0.21428571428571427,0.4275390248684614
35.0,explicit,0.2857142857142857,0.569831261322204
35.0,explicit,0.3571428571428571,0.7056026387964911
35.0,explicit,0.42857142857142855,0.8182023643199027
35.0,explicit,0.5,0.8679659177997222
35.0,explicit,0.5714285714285714,0.8182023643199028
35.0,explicit,0.6428571428571428,0.7056026387964913
35.0,explicit,0.7142857142857142,0.5698312613222042
35.0,explicit,0.7857142857142857,0.42753902486846157
35.0,explicit,0.8571428571428571,0.2806025271773984
35.0,explicit,0.9285714285714285,0.12675323689250628
35.0,explicit,1.0,0.06625268628071279
36.0,explicit,0.0,-0.095834847569058
36.0,explicit,0.07142857142857142,0.13103792046864207
36.0,explicit,0.14285714285714285,0.2804324338567473
36.0,explicit,0.21428571428571427,0.4274110566914657
36.0,explicit,0.2857142857142857,0.5696499063169195
36.0,explicit,0.3571428571428571,0.7049637287437196
36.0,explicit,0.42857142857142855,0.8164820472510582
36.0,explicit,0.5,0.8652539596373012
36.0,explicit,0.5714285714285714,0.8164820472510583
36.0,explicit,0.6428571428571428,0.7049637287437198
36.0,explicit,0.7142857142857142,0.5696499063169197
36.0,explicit,0.7857142857142857,0.42741105669146584
36.0,explicit,0.8571428571428571,0.2804324338567475
36.0,explicit,0.9285714285714285,0.13103792046864218
36.0,explicit,1.0,-0.095834847569058
37.0,explicit,0.0,-0.22126699480120565
37.0,explicit,0.07142857142857142,0.12974849130587712
37.0,explicit,0.14285714285714285,0.28035176010110857
37.0,explicit,0.21428571428571427,0.427281275995331
37.0,explicit,0.2857142857142857,0.5694574991657421
37.0,explicit,0.3571428571428571,0.7043079084529421
37.0,explicit,0.42857142857142855,0.814764409813521
37.0,explicit,0.5,0.8625956069077104
37.0,explicit,0.5714285714285714,0.8147644098135212
37.0,explicit,0.6428571428571428,0.7043079084529423
37.0,explicit,0.7142857142857142,0.5694574991657423
37.0,explicit,0.7857142857142857,0.42728127599533117
37.0,explicit,0.8571428571428571,0.28035176010110874
37.0,explicit,0.9285714285714285,0.12974849130587723
37.0,explicit,1.0,-0.22126699480120565
38.0,explicit,0.0,-0.23924132481613417
38.0,explicit,0.07142857142857142,0.12700417787242319
38.0,explicit,0.14285714285714285,0.28030145413886404
38.0,explicit,0.21428571428571427,0.42721618752293117
38.0,explicit,0.2857142857142857,0.5693571842761593
38.0,explicit,0.3571428571428571,0.7039738742801985
38.0,explicit,0.42857142857142855,0.8139068599790967
38.0,explicit,0.5,0.8612856688362254
38.0,explicit,0.5714285714285714,0.8139068599790968
38.0,explicit,0.6428571428571428,0.7039738742801988
38.0,explicit,0.7142857142857142,0.5693571842761596
38.0,explicit,0.7857142857142857,0.42721618752293133
38.0,explicit,0.8571428571428571,0.2803014541388642
38.0,explicit,0.9285714285714285,0.1270041778724233
38.0,explicit,1.0,-0.23924132481613417
39.0,explicit,0.0,0.2712480057141646
39.0,explicit,0.07142857142857142,0.1267521461897043
39.0,explicit,0.14285714285714285,0.2800882264418071
39.0,explicit,0.21428571428571427,0.4270846332707229
39.0,explicit,0.2857142857142857,0.5691484166691442
39.0,explicit,0.3571428571428571,0.7032939858862987
39.0,explicit,0.42857142857142855,0.812194770866737
39.0,explicit,0.5,0.8587026483085833
39.0,explicit,0.5714285714285714,0.8121947708667371
39.0,explicit,0.6428571428571428,0.7032939858862989
39.0,explicit,0.7142857142857142,0.5691484166691444
39.0,explicit,0.7857142857142857,0.42708463327072305
39.0,explicit,0.8571428571428571,0.28008822644180725
39.0,explicit,0.9285714285714285,0.1267521461897044
39.0,explicit,1.0,0.2712480057141646
40.0,explicit,0.0,0.20070657957840485
40.0,explicit,0.07142857142857142,0.130884392192494
40.0,explicit,0.14285714285714285,0.2799719021268514
40.0,explicit,0.21428571428571427,0.42694872139797996
40.0,explicit,0.2857142857142857,0.5689288739642312
40.0,explicit,0.3571428571428571,0.7025988981635173
40.0,explicit,0.42857142857142855,0.8104872593138548
40.0,explicit,0.5,0.8561667388880021
40.0,explicit,0.5714285714285714,0.8104872593138549
40.0,explicit,0.6428571428571428,0.7025988981635175
40.0,explicit,0.7142857142857142,0.5689288739642313
40.0,explicit,0.7857142857142857,0.4269487213979801
40.0,explicit,0.8571428571428571,0.2799719021268516
40.0,explicit,0.9285714285714285,0.13088439219249412
40.0,explicit,1.0,0.20070657957840485
41.0,explicit,0.0,0.07232720500952683
41.0,explicit,0.07142857142857142,0.13388199798283631
41.0,explicit,0.14285714285714285,0.2799429997135222
41.0,explicit,0.21428571428571427,0.42688030032193675
41.0,explicit,0.2857142857142857,0.5688150805178182
41.0,explicit,0.3571428571428571,0.702245860982496
41.0,explicit,0.42857142857142855,0.8096354116985768
41.0,explicit,0.5,0.8549157292329026
41.0,explicit,0.5714285714285714,0.8096354116985769
41.0,explicit,0.6428571428571428,0.7022458609824962
41.0,explicit,0.7142857142857142,0.5688150805178183
41.0,explicit,0.7857142857142857,0.4268803003219369
41.0,explicit,0.8571428571428571,0.2799429997135224
41.0,explicit,0.9285714285714285,0.13388199798283643
41.0,explicit,1.0,0.07232720500952683
42.0,explicit,0.0,0.07227912110168279
42.0,explicit,0.07142857142857142,0.13340764570135072
42.0,explicit,0.14285714285714285,0.2799815775633101
42.0,explicit,0.21428571428571427,0.4267437436256637
42.0,explicit,0.2857142857142857,0.5685795523195187
42.0,explicit,0.3571428571428571,0.7015292032860903
42.0,explicit,0.42857142857142855,0.8079358736787172
42.0,explicit,0.5,0.8524462430873421
42.0,explicit,0.5714285714285714,0.8079358736787173
42.0,explicit,0.6428571428571428,0.7015292032860904
42.0,explicit,0.7142857142857142,0.5685795523195188
42.0,explicit,0.7857142857142857,0.42674374362566386
42.0,explicit,0.8571428571428571,0.27998157756331027
42.0,explicit,0.9285714285714285,0.13340764570135083
42.0,explicit,1.0,0.07227912110168279
43.0,explicit,0.0,-0.007165207821990308
43.0,explicit,0.07142857142857142,0.1389381342565696
43.0,explicit,0.14285714285714285,0.2800017600233429
43.0,explicit,0.21428571428571427,0.42660904354564516
43.0,explicit,0.2857142857142857,0.5683336215935515
43.0,explicit,0.3571428571428571,0.700798960729498
43.0,explicit,0.42857142857142855,0.8062422819739121
43.0,explicit,0.5,0.8500184319680956
43.0,explicit,0.5714285714285714,0.8062422819739122
43.0,explicit,0.6428571428571428,0.7007989607294981
43.0,explicit,0.7142857142857142,0.5683336215935516
43.0,explicit,0.7857142857142857,0.42660904354564533
43.0,explicit,0.8571428571428571,0.2800017600233431
43.0,explicit,0.9285714285714285,0.1389381342565697
43.0,explicit,1.0,-0.007165207821990308
44.0,explicit,0.0,0.3129287311628013
44.0,explicit,0.07142857142857142,0.13886912368744989
44.0,explicit,0.14285714285714285,0.28007767123600763
44.0,explicit,0.21428571428571427,0.42654218297993357
44.0,explicit,0.2857142857142857,0.5682068316499519
44.0,explicit,0.3571428571428571,0.7004289389429351
44.0,explicit,0.42857142857142855,0.8053978521844758
44.0,explicit,0.5,0.8488195482063636
44.0,explicit,0.5714285714285714,0.8053978521844759
44.0,explicit,0.6428571428571428,0.7004289389429352
44.0,explicit,0.7142857142857142,0.568206831649952
44.0,explicit,0.7857142857142857,0.42654218297993374
44.0,explicit,0.8571428571428571,0.2800776712360078
44.0,explicit,0.9285714285714285,0.13886912368745
44.0,explicit,1.0,0.3129287311628013
45.0,explicit,0.0,0.16438050087504477
45.0,explicit,0.07142857142857142,0.1359263744809197
45.0,explicit,0.14285714285714285,0.28027785880636874
45.0,explicit,0.21428571428571427,0.42641174563443524
45.0,explicit,0.2857142857142857,0.5679457626191403
45.0,explicit,0.3571428571428571,0.6996794734620514
45.0,explicit,0.42857142857142855,0.8037139649147901
45.0,explicit,0.5,0.8464506817771965
45.0,explicit,0.5714285714285714,0.8037139649147902
45.0,explicit,0.6428571428571428,0.6996794734620515
45.0,explicit,0.7142857142857142,0.5679457626191404
45.0,explicit,0.7857142857142857,0.4264117456344354
45.0,explicit,0.8571428571428571,0.2802778588063689
45.0,explicit,0.9285714285714285,0.13592637448091982
45.0,explicit,1.0,0.16438050087504477
46.0,explicit,0.0,-0.05980147009317349
46.0,explicit,0.07142857142857142,0.13858195163020315
46.0,explicit,0.14285714285714285,0.280357544345854
46.0,explicit,0.21428571428571427,0.426285992037518
46.0,explicit,0.2857142857142857,0.5676749836307063
46.0,explicit,0.3571428571428571,0.6989179397794886
46.0,explicit,0.42857142857142855,0.8020369887522754
46.0,explicit,0.5,0.8441189137585117
46.0,explicit,0.5714285714285714,0.8020369887522755
46.0,explicit,0.6428571428571428,0.6989179397794887
46.0,explicit,0.7142857142857142,0.5676749836307065
46.0,explicit,0.7857142857142857,0.42628599203751816
46.0,explicit,0.8571428571428571,0.2803575443458542
46.0,explicit,0.9285714285714285,0.13858195163020326
46.0,explicit,1.0,-0.05980147009317349
47.0,explicit,0.0,0.01835215530710046
47.0,explicit,0.07142857142857142,0.1378068011545072
47.0,explicit,0.14285714285714285,0.2804144108176227
47.0,explicit,0.21428571428571427,0.4262238317035887
47.0,explicit,0.2857142857142857,0.5675360504771298
47.0,explicit,0.3571428571428571,0.6985328294439036
47.0,explicit,0.42857142857142855,0.8012011864170308
47.0,explicit,0.5,0.8429664292079265
47.0,explicit,0.5714285714285714,0.8012011864170309
47.0,explicit,0.6428571428571428,0.6985328294439037
47.0,explicit,0.7142857142857142,0.56753605047713
47.0,explicit,0.7857142857142857,0.42622383170358885
47.0,explicit,0.8571428571428571,0.28041441081762286
47.0,explicit,0.9285714285714285,0.1378068011545073
47.0,explicit,1.0,0.01835215530710046
48.0,explicit,0.0,-0.04393437756750239
48.0,explicit,0.07142857142857142,0.13273820644834344
48.0,explicit,0.14285714285714285,0.28050439519270126
48.0,explicit,0.21428571428571427,0.42610102089232077
48.0,explicit,0.2857142857142857,0.5672512581374343
48.0,explicit,0.3571428571428571,0.6977542773569191
48.0,explicit,0.42857142857142855,0.7995351170296365
48.0,explicit,0.5,0.8406872914721838
48.0,explicit,0.5714285714285714,0.7995351170296366
48.0,explicit,0.6428571428571428,0.6977542773569192
48.0,explicit,0.7142857142857142,0.5672512581374344
48.0,explicit,0.7857142857142857,0.42610102089232094
48.0,explicit,0.8571428571428571,0.28050439519270143
48.0,explicit,0.9285714285714285,0.13273820644834355
48.0,explicit,1.0,-0.04393437756750239
49.0,explicit,0.0,0.29557880894830324
49.0,explicit,0.07142857142857142,0.13353661115491725
49.0,explicit,0.14285714285714285,0.2804395377631599
49.0,explicit,0.21428571428571427,0.4259785132581134
49.0,explicit,0.2857142857142857,0.5669574396084843
49.0,explicit,0.3571428571428571,0.6969650784701249
49.0,explicit,0.42857142857142855,0.797876617044971
49.0,explicit,0.5,0.8384413766620958
49.0,explicit,0.5714285714285714,0.7978766170449711
49.0,explicit,0.6428571428571428,0.696965078470125
49.0,explicit,0.7142857142857142,0.5669574396084844
49.0,explicit,0.7857142857142857,0.4259785132581136
49.0,explicit,0.8571428571428571,0.28043953776316005
49.0,explicit,0.9285714285714285,0.13353661115491736
49.0,explicit,1.0,0.29557880894830324
50.0,explicit,0.0,-0.10365404365472948
50.0,explicit,0.07142857142857142,0.13776710302047154
50.0,explicit,0.14285714285714285,0.28042086071136646
50.0,explicit,0.21428571428571427,0.42591607093651973
50.0,explicit,0.2857142857142857,0.5668072059947783
50.0,explicit,0.3571428571428571,0.6965666555598393
50.0,explicit,0.42857142857142855,0.797050267841411
50.0,explicit,0.5,0.8373304422466666
50.0,explicit,0.5714285714285714,0.7970502678414111
50.0,explicit,0.6428571428571428,0.6965666555598394
50.0,explicit,0.7142857142857142,0.5668072059947784
50.0,explicit,0.7857142857142857,0.4259160709365199
50.0,explicit,0.8571428571428571,0.2804208607113666
50.0,explicit,0.9285714285714285,0.13776710302047165
50.0,explicit,1.0,-0.10365404365472948
51.0,explicit,0.0,-0.10035140871690731
51.0,explicit,0.07142857142857142,0.13430493770538118
51.0,explicit,0.14285714285714285,0.28047823015472395
51.0,explicit,0.21428571428571427,0.4257901526829435
51.0,explicit,0.2857142857142857,0.5665001678066397
51.0,explicit,0.3571428571428571,0.6957624903435193
51.0,explicit,0.42857142857142855,0.795403477157152
51.0,explicit,0.5,0.8351317952624934
51.0,explicit,0.5714285714285714,0.7954034771571521
51.0,explicit,0.6428571428571428,0.6957624903435194
51.0,explicit,0.7142857142857142,0.5665001678066398
51.0,explicit,0.7857142857142857,0.4257901526829437
51.0,explicit,0.8571428571428571,0.2804782301547241
51.0,explicit,0.9285714285714285,0.1343049377053813
51.0,explicit,1.0,-0.10035140871690731
52.0,explicit,0.0,0.0657502219319369
52.0,explicit,0.07142857142857142,0.13579583048167254
52.0,explicit,0.14285714285714285,0.2804375089681644
52.0,explicit,0.21428571428571427,0.4256635394228904
52.0,explicit,0.2857142857142857,0.5661845293611947
52.0,explicit,0.3571428571428571,0.6949489879041354
52.0,explicit,0.42857142857142855,0.7937646828054499
52.0,explicit,0.5,0.832963070444676
52.0,explicit,0.5714285714285714,0.79376468280545
52.0,explicit,0.6428571428571428,0.6949489879041355
52.0,explicit,0.7142857142857142,0.5661845293611948
52.0,explicit,0.7857142857142857,0.4256635394228906
52.0,explicit,0.8571428571428571,0.28043750896816455
52.0,explicit,0.9285714285714285,0.13579583048167265
52.0,explicit,1.0,0.0657502219319369
53.0,explicit,0.0,-0.10595204075340776
53.0,explicit,0.07142857142857142,0.1368173001283646
53.0,explicit,0.14285714285714285,0.28044551070068247
53.0,explicit,0.21428571428571427,0.4255991116845651
53.0,explicit,0.2857142857142857,0.5660235431325512
53.0,explicit,0.3571428571428571,0.6945388891812159
53.0,explicit,0.42857142857142855,0.7929483225087564
53.0,explicit,0.5,0.8318895564322975
53.0,explicit,0.5714285714285714,0.7929483225087565
53.0,explicit,0.6428571428571428,0.694538889181216
53.0,explicit,0.7142857142857142,0.5660235431325513
53.0,explicit,0.7857142857142857,0.42559911168456527
53.0,explicit,0.8571428571428571,0.28044551070068263
53.0,explicit,0.9285714285714285,0.1368173001283647
53.0,explicit,1.0,-0.10595204075340776
54.0,explicit,0.0,0.019415509869608077
54.0,explicit,0.07142857142857142,0.13699612563834768
54.0,explicit,0.14285714285714285,0.28046723756926256
54.0,explicit,0.21428571428571427,0.4254694218826548
54.0,explicit,0.2857142857142857,0.5656953269709575
54.0,explicit,0.3571428571428571,0.693712294333299
54.0,explicit,0.42857142857142855,0.7913217383231473
54.0,explicit,0.5,0.8297635192178369
54.0,explicit,0.5714285714285714,0.7913217383231474
54.0,explicit,0.6428571428571428,0.6937122943332991
54.0,explicit,0.7142857142857142,0.5656953269709576
54.0,explicit,0.7857142857142857,0.42546942188265496
54.0,explicit,0.8571428571428571,0.28046723756926273
54.0,explicit,0.9285714285714285,0.1369961256383478
54.0,explicit,1.0,0.019415509869608077
55.0,explicit,0.0,-0.14041061877547048
55.0,explicit,0.07142857142857142,0.14008269289177405
55.0,explicit,0.14285714285714285,0.2805125534728968
55.0,explicit,0.21428571428571427,0.4253384044100429
55.0,explicit,0.2857142857142857,0.5653589459087317
55.0,explicit,0.3571428571428571,0.6928775526054485
55.0,explicit,0.42857142857142855,0.7897034028741722
55.0,explicit,0.5,0.8276645768325512
55.0,explicit,0.5714285714285714,0.7897034028741723
55.0,explicit,0.6428571428571428,0.6928775526054486
55.0,explicit,0.7142857142857142,0.5653589459087318
55.0,explicit,0.7857142857142857,0.42533840441004306
55.0,explicit,0.8571428571428571,0.28051255347289694
55.0,explicit,0.9285714285714285,0.14008269289177416
55.0,explicit,1.0,-0.14041061877547048
56.0,explicit,0.0,-0.06553242931955365
56.0,explicit,0.07142857142857142,0.1381647558742246
56.0,explicit,0.14285714285714285,0.28057274928106246
56.0,explicit,0.21428571428571427,0.4252726036548756
56.0,explicit,0.2857142857142857,0.5651877526148227
56.0,explicit,0.3571428571428571,0.6924572661333718
56.0,explicit,0.42857142857142855,0.788897348612006
56.0,explicit,0.5,0.8266249460052394
56.0,explicit,0.5714285714285714,0.7888973486120061
56.0,explicit,0.6428571428571428,0.6924572661333719
56.0,explicit,0.7142857142857142,0.5651877526148228
56.0,explicit,0.7857142857142857,0.4252726036548758
56.0,explicit,0.8571428571428571,0.28057274928106263
56.0,explicit,0.9285714285714285,0.13816475587422472
56.0,explicit,1.0,-0.06553242931955365
57.0,explicit,0.0,-0.2927029896264237
57.0,explicit,0.07142857142857142,0.13633316576219717
57.0,explicit,0.14285714285714285,0.2806222669167796
57.0,explicit,0.21428571428571427,0.4251414193463344
57.0,explicit,0.2857142857142857,0.5648394949259574
57.0,explicit,0.3571428571428571,0.691611131438913
57.0,explicit,0.42857142857142855,0.7872914970012774
57.0,explicit,0.5,0.824564756900611
57.0,explicit,0.5714285714285714,0.7872914970012775
57.0,explicit,0.6428571428571428,0.6916111314389131
57.0,explicit,0.7142857142857142,0.5648394949259575
57.0,explicit,0.7857142857142857,0.4251414193463346
57.0,explicit,0.8571428571428571,0.2806222669167798
57.0,explicit,0.9285714285714285,0.13633316576219728
57.0,explicit,1.0,-0.2927029896264237
58.0,explicit,0.0,0.05221105443597787
58.0,explicit,0.07142857142857142,0.13346077276927812
58.0,explicit,0.14285714285714285,0.28057418474097673
58.0,explicit,0.21428571428571427,0.4250088133265034
58.0,explicit,0.2857142857142857,0.5644835963445698
58.0,explicit,0.3571428571428571,0.690757928618648
58.0,explicit,0.42857142857142855,0.7856940154860811
58.0,explicit,0.5,0.8225292271492755
58.0,explicit,0.5714285714285714,0.7856940154860812
58.0,explicit,0.6428571428571428,0.6907579286186482
58.0,explicit,0.7142857142857142,0.5644835963445699
58.0,explicit,0.7857142857142857,0.4250088133265036
58.0,explicit,0.8571428571428571,0.2805741847409769
58.0,explicit,0.9285714285714285,0.13346077276927823
58.0,explicit,1.0,0.05221105443597787
59.0,explicit,0.0,0.001022691328492178
59.0,explicit,0.07142857142857142,0.13436266698337931
59.0,explicit,0.14285714285714285,0.2805375032385684
59.0,explicit,0.21428571428571427,0.4249408964549613
59.0,explicit,0.2857142857142857,0.5643028380315773
59.0,explicit,0.3571428571428571,0.6903288032439384
59.0,explicit,0.42857142857142855,0.7848984202152084
59.0,explicit,0.5,0.8215204327000416
59.0,explicit,0.5714285714285714,0.7848984202152085
59.0,explicit,0.6428571428571428,0.6903288032439385
59.0,explicit,0.7142857142857142,0.5643028380315774
59.0,explicit,0.7857142857142857,0.42494089645496147
59.0,explicit,0.8571428571428571,0.2805375032385686
59.0,explicit,0.9285714285714285,0.13436266698337943
59.0,explicit,1.0,0.001022691328492178
60.0,explicit,0.0,-0.046917426675029385
60.0,explicit,0.07142857142857142,0.1345384191447713
60.0,explicit,0.14285714285714285,0.2805132462596618
60.0,explicit,0.21428571428571427,0.42487186212339845
60.0,explicit,0.2857142857142857,0.5641202239196457
60.0,explicit,0.3571428571428571,0.6898980606464894
60.0,explicit,0.42857142857142855,0.7841049237329997
60.0,explicit,0.5,0.8205174770701874
60.0,explicit,0.5714285714285714,0.7841049237329998
60.0,explicit,0.6428571428571428,0.6898980606464895
60.0,explicit,0.7142857142857142,0.5641202239196458
60.0,explicit,0.7857142857142857,0.4248718621233986
60.0,explicit,0.8571428571428571,0.28051324625966195
60.0,explicit,0.9285714285714285,0.1345384191447714
60.0,explicit,1.0,-0.046917426675029385
1.0,implicit,0.0,0.1295377076201385
1.0,implicit,0.07142857142857142,0.14548079943027772
1.0,implicit,0.14285714285714285,0.285777953390357
1.0,implicit,0.21428571428571427,0.4285728804992968
1.0,implicit,0.2857142857142857,0.5714284721070856
1.0,implicit,0.3571428571428571,0.7142792079662604
1.0,implicit,0.42857142857142855,0.8568486506655275
1.0,implicit,0.5,0.9888645392357097
1.0,implicit,0.5714285714285714,0.8568486506655276
1.0,implicit,0.6428571428571428,0.7142792079662604
1.0,implicit,0.7142857142857142,0.5714284721070861
1.0,implicit,0.7857142857142857,0.42857288049929676
1.0,implicit,0.8571428571428571,0.28577795339035705
1.0,implicit,0.9285714285714285,0.14548079943027792
1.0,implicit,1.0,0.1295377076201385
2.0,implicit,0.0,0.3046059712816051
2.0,implicit,0.07142857142857142,0.14947275080518385
2.0,implicit,0.14285714285714285,0.28586447667540593
2.0,implicit,0.21428571428571427,0.4285748406408154
2.0,implicit,0.2857142857142857,0.571428350175233
2.0,implicit,0.3571428571428571,0.7142729552482846
2.0,implicit,0.42857142857142855,0.8566609357031385
2.0,implicit,0.5,0.9853404339648203
2.0,implicit,0.5714285714285714,0.8566609357031386
2.0,implicit,0.6428571428571428,0.7142729552482846
2.0,implicit,0.7142857142857142,0.5714283501752335
2.0,implicit,0.7857142857142857,0.4285748406408153
2.0,implicit,0.8571428571428571,0.285864476675406
2.0,implicit,0.9285714285714285,0.14947275080518405
2.0,implicit,1.0,0.3046059712816051
3.0,implicit,0.0,-0.04682739138983611
3.0,implicit,0.07142857142857142,0.1478997897459762
3.0,implicit,0.14285714285714285,0.2859994782073114
3.0,implicit,0.21428571428571427,0.4285813505518502
3.0,implicit,0.2857142857142857,0.5714278338229908
3.0,implicit,0.3571428571428571,0.71425135885494
3.0,implicit,0.42857142857142855,0.8561649255801406
3.0,implicit,0.5,0.9785523877206533
3.0,implicit,0.5714285714285714,0.8561649255801408
3.0,implicit,0.6428571428571428,0.7142513588549401
3.0,implicit,0.7142857142857142,0.5714278338229914
3.0,implicit,0.7857142857142857,0.4285813505518501
3.0,implicit,0.8571428571428571,0.2859994782073115
3.0,implicit,0.9285714285714285,0.1478997897459764
3.0,implicit,1.0,-0.04682739138983611
4.0,implicit,0.0,0.15348694583058176
4.0,implicit,0.07142857142857142,0.15379000244760774
4.0,implicit,0.14285714285714285,0.2862490316037121
4.0,implicit,0.21428571428571427,0.42859309749116437
4.0,implicit,0.2857142857142857,0.5714267559569978
4.0,implicit,0.3571428571428571,0.7142148930842603
4.0,implicit,0.42857142857142855,0.85552209736363
4.0,implicit,0.5,0.9720894490704874
4.0,implicit,0.5714285714285714,0.8555220973636302
4.0,implicit,0.6428571428571428,0.7142148930842606
4.0,implicit,0.7142857142857142,0.5714267559569984
4.0,implicit,0.7857142857142857,0.42859309749116425
4.0,implicit,0.8571428571428571,0.2862490316037121
4.0,implicit,0.9285714285714285,0.153790002447608
4.0,implicit,1.0,0.15348694583058176
5.0,implicit,0.0,-0.09389487718699042
5.0,implicit,0.07142857142857142,0.15225571971245702
5.0,implicit,0.14285714285714285,0.2863604397865869
5.0,implicit,0.21428571428571427,0.4286010967709986
5.0,implicit,0.2857142857142857,0.5714259266086038
5.0,implicit,0.3571428571428571,0.7141901906418361
5.0,implicit,0.42857142857142855,0.8551504802460103
5.0,implicit,0.5,0.9689722478339481
5.0,implicit,0.5714285714285714,0.8551504802460104
5.0,implicit,0.6428571428571428,0.7141901906418363
5.0,implicit,0.7142857142857142,0.5714259266086045
5.0,implicit,0.7857142857142857,0.42860109677099856
5.0,implicit,0.8571428571428571,0.2863604397865869
5.0,implicit,0.9285714285714285,0.15225571971245727
5.0,implicit,1.0,-0.09389487718699042
6.0,implicit,0.0,-0.09268353856249245
6.0,implicit,0.07142857142857142,0.1519553669946633
6.0,implicit,0.14285714285714285,0.2865864568211244
6.0,implicit,0.21428571428571427,0.42862104426432385
6.0,implicit,0.2857142857142857,0.5714234892253728
6.0,implicit,0.3571428571428571,0.7141263473557096
6.0,implicit,0.42857142857142855,0.8543157296689504
6.0,implicit,0.5,0.9629522130102748
6.0,implicit,0.5714285714285714,0.8543157296689504
6.0,implicit,0.6428571428571428,0.7141263473557099
6.0,implicit,0.7142857142857142,0.5714234892253734
6.0,implicit,0.7857142857142857,0.4286210442643238
6.0,implicit,0.8571428571428571,0.28658645682112444
6.0,implicit,0.9285714285714285,0.15195536699466355
6.0,implicit,1.0,-0.09268353856249245
7.0,implicit,0.0,0.04839245431320682
7.0,implicit,0.07142857142857142,0.15093951365116298
7.0,implicit,0.14285714285714285,0.28674900863449654
7.0,implicit,0.21428571428571427,0.4286443613197
7.0,implicit,0.2857142857142857,0.5714196828737429
7.0,implicit,0.3571428571428571,0.7140415937001596
7.0,implicit,0.42857142857142855,0.853369813169496
7.0,implicit,0.5,0.9572004921193428
7.0,implicit,0.5714285714285714,0.853369813169496
7.0,implicit,0.6428571428571428,0.7140415937001601
7.0,implicit,0.7142857142857142,0.5714196828737436
7.0,implicit,0.7857142857142857,0.4286443613196999
7.0,implicit,0.8571428571428571,0.2867490086344966
7.0,implicit,0.9285714285714285,0.15093951365116326
7.0,implicit,1.0,0.04839245431320682
8.0,implicit,0.0,-0.3826560489315596
8.0,implicit,0.07142857142857142,0.14563783294427665
8.0,implicit,0.14285714285714285,0.28675961815137274
8.0,implicit,0.21428571428571427,0.42865619707402935
8.0,implicit,0.2857142857142857,0.5714171196025445
8.0,implicit,0.3571428571428571,0.7139908510988019
8.0,implicit,0.42857142857142855,0.8528589427339915
8.0,implicit,0.5,0.9544190958915836
8.0,implicit,0.5714285714285714,0.8528589427339915
8.0,implicit,0.6428571428571428,0.7139908510988023
8.0,implicit,0.7142857142857142,0.5714171196025453
8.0,implicit,0.7857142857142857,0.4286561970740292
8.0,implicit,0.8571428571428571,0.28675961815137285
8.0,implicit,0.9285714285714285,0.14563783294427696
8.0,implicit,1.0,-0.3826560489315596
9.0,implicit,0.0,-0.11245750584819454
9.0,implicit,0.07142857142857142,0.13954241897123043
9.0,implicit,0.14285714285714285,0.28663872495110476
9.0,implicit,0.21428571428571427,0.4286765180946866
9.0,implicit,0.2857142857142857,0.5714102864974389
9.0,implicit,0.3571428571428571,0.7138717885703524
9.0,implicit,0.42857142857142855,0.851768289796326
9.0,implicit,0.5,0.9490338195639559
9.0,implicit,0.5714285714285714,0.851768289796326
9.0,implicit,0.6428571428571428,0.7138717885703528
9.0,implicit,0.7142857142857142,0.5714102864974395
9.0,implicit,0.7857142857142857,0.4286765180946863
9.0,implicit,0.8571428571428571,0.2866387249511048
9.0,implicit,0.9285714285714285,0.13954241897123074
9.0,implicit,1.0,-0.11245750584819454
10.0,implicit,0.0,0.06284946651905478
10.0,implicit,0.07142857142857142,0.13794705013880357
10.0,implicit,0.14285714285714285,0.28645097103057465
10.0,implicit,0.21428571428571427,0.42869081132740133
10.0,implicit,0.2857142857142857,0.5714006169257323
10.0,implicit,0.3571428571428571,0.7137283993361074
10.0,implicit,0.42857142857142855,0.8505941928823852
10.0,implicit,0.5,0.9438711136540635
10.0,implicit,0.5714285714285714,0.8505941928823852
10.0,implicit,0.6428571428571428,0.7137283993361079
10.0,implicit,0.7142857142857142,0.5714006169257329
10.0,implicit,0.7857142857142857,0.428690811327401
10.0,implicit,0.8571428571428571,0.2864509710305747
10.0,implicit,0.9285714285714285,0.13794705013880387
10.0,implicit,1.0,0.06284946651905478
11.0,implicit,0.0,-0.1816048151042422
11.0,implicit,0.07142857142857142,0.13566575028335176
11.0,implicit,0.14285714285714285,0.2863371375993379
11.0,implicit,0.21428571428571427,0.4286954765294259
11.0,implicit,0.2857142857142857,0.5713945066759558
11.0,implicit,0.3571428571428571,0.7136473163976905
11.0,implicit,0.42857142857142855,0.8499787866411469
11.0,implicit,0.5,0.9413682586964015
11.0,implicit,0.5714285714285714,0.8499787866411469
11.0,implicit,0.6428571428571428,0.7136473163976911
11.0,implicit,0.7142857142857142,0.5713945066759564
11.0,implicit,0.7857142857142857,0.4286954765294256
11.0,implicit,0.8571428571428571,0.286337137599338
11.0,implicit,0.9285714285714285,0.1356657502833521
11.0,implicit,1.0,-0.1816048151042422
12.0,implicit,0.0,0.29312975378431083
12.0,implicit,0.07142857142857142,0.1362975026776209
12.0,implicit,0.14285714285714285,0.28608071346559494
12.0,implicit,0.21428571428571427,0.42869867107575677
12.0,implicit,0.2857142857142857,0.5713792919895111
12.0,implicit,0.3571428571428571,0.7134659832862069
12.0,implicit,0.42857142857142855,0.8486966284311355
12.0,implicit,0.5,0.9365103251826421
12.0,implicit,0.5714285714285714,0.8486966284311355
12.0,implicit,0.6428571428571428,0.7134659832862075
12.0,implicit,0.7142857142857142,0.5713792919895115
12.0,implicit,0.7857142857142857,0.4286986710757565
12.0,implicit,0.8571428571428571,0.28608071346559505
12.0,implicit,0.9285714285714285,0.13629750267762122
12.0,implicit,1.0,0.29312975378431083
13.0,implicit,0.0,0.013505640937584768
13.0,implicit,0.07142857142857142,0.1362424942593543
13.0,implicit,0.14285714285714285,0.2858859874623444
13.0,implicit,0.21428571428571427,0.42869602845810323
13.0,implicit,0.2857142857142857,0.5713595631140358
13.0,implicit,0.3571428571428571,0.71325873869445
13.0,implicit,0.42857142857142855,0.8473525622974926
13.0,implicit,0.5,0.9318380092549401
13.0,implicit,0.5714285714285714,0.8473525622974925
13.0,implicit,0.6428571428571428,0.7132587386944504
13.0,implicit,0.7142857142857142,0.5713595631140364
13.0,implicit,0.7857142857142857,0.4286960284581029
13.0,implicit,0.8571428571428571,0.28588598746234445
13.0,implicit,0.9285714285714285,0.13624249425935464
13.0,implicit,1.0,0.013505640937584768
14.0,implicit,0.0,-0.28494963724269134
14.0,implicit,0.07142857142857142,0.1326213477656191
14.0,implicit,0.14285714285714285,0.2857465922933563
14.0,implicit,0.21428571428571427,0.4286920612317228
14.0,implicit,0.2857142857142857,0.5713478108451083
14.0,implicit,0.3571428571428571,0.7131453136396415
14.0,implicit,0.42857142857142855,0.8466595910358725
14.0,implicit,0.5,0.9295674379195842
14.0,implicit,0.5714285714285714,0.8466595910358724
14.0,implicit,0.6428571428571428,0.713145313639642
14.0,implicit,0.7142857142857142,0.5713478108451089
14.0,implicit,0.7857142857142857,0.4286920612317225
14.0,implicit,0.8571428571428571,0.28574659229335636
14.0,implicit,0.9285714285714285,0.13262134776561943
14.0,implicit,1.0,-0.28494963724269134
15.0,implicit,0.0,0.02218451794197322
15.0,implicit,0.07142857142857142,0.13203800626999415
15.0,implicit,0.14285714285714285,0.2854555035496363
15.0,implicit,0.21428571428571427,0.4286780571330149
15.0,implicit,0.2857142857142857,0.5713201301857854
15.0,implicit,0.3571428571428571,0.7128987830593485
15.0,implicit,0.42857142857142855,0.8452359384143384
15.0,implicit,0.5,0.9251499966313689
15.0,implicit,0.5714285714285714,0.8452359384143382
15.0,implicit,0.6428571428571428,0.7128987830593491
15.0,implicit,0.7142857142857142,0.5713201301857861
15.0,implicit,0.7857142857142857,0.42867805713301443
15.0,implicit,0.8571428571428571,0.2854555035496362
15.0,implicit,0.9285714285714285,0.13203800626999446
15.0,implicit,1.0,0.02218451794197322
16.0,implicit,0.0,0.0751396036691344
16.0,implicit,0.07142857142857142,0.13060886331041824
16.0,implicit,0.14285714285714285,0.2851317451201729
16.0,implicit,0.21428571428571427,0.4286555696489308
16.0,implicit,0.2857142857142857,0.571286365761959
16.0,implicit,0.3571428571428571,0.7126260239419644
16.0,implicit,0.42857142857142855,0.8437670872354212
16.0,implicit,0.5,0.9208882265497708
16.0,implicit,0.5714285714285714,0.843767087235421
16.0,implicit,0.6428571428571428,0.7126260239419648
16.0,implicit,0.7142857142857142,0.5712863657619596
16.0,implicit,0.7857142857142857,0.42865556964893015
16.0,implicit,0.8571428571428571,0.2851317451201728
16.0,implicit,0.9285714285714285,0.13060886331041857
16.0,implicit,1.0,0.0751396036691344
17.0,implicit,0.0,-0.120127737983761
17.0,implicit,0.07142857142857142,0.12932431089651963
17.0,implicit,0.14285714285714285,0.2849678339777981
17.0,implicit,0.21428571428571427,0.4286412245352198
17.0,implicit,0.2857142857142857,0.571267017536408
17.0,implicit,0.3571428571428571,0.7124798448258565
17.0,implicit,0.42857142857142855,0.8430174772098188
17.0,implicit,0.5,0.9188124531906172
17.0,implicit,0.5714285714285714,0.8430174772098188
17.0,implicit,0.6428571428571428,0.712479844825857
17.0,implicit,0.7142857142857142,0.5712670175364085
17.0,implicit,0.7857142857142857,0.42864122453521913
17.0,implicit,0.8571428571428571,0.284967833977798
17.0,implicit,0.9285714285714285,0.12932431089651994
17.0,implicit,1.0,-0.120127737983761
18.0,implicit,0.0,-0.12034132244587939
18.0,implicit,0.07142857142857142,0.1276490391943728
18.0,implicit,0.14285714285714285,0.28462442783498665
18.0,implicit,0.21428571428571427,0.42860608774853726
18.0,implicit,0.2857142857142857,0.5712230361605022
18.0,implicit,0.3571428571428571,0.7121680243160053
18.0,implicit,0.42857142857142855,0.8414911153112026
18.0,implicit,0.5,0.9147650537970263
18.0,implicit,0.5714285714285714,0.8414911153112027
18.0,implicit,0.6428571428571428,0.7121680243160057
18.0,implicit,0.7142857142857142,0.5712230361605029
18.0,implicit,0.7857142857142857,0.42860608774853665
18.0,implicit,0.8571428571428571,0.28462442783498654
18.0,implicit,0.9285714285714285,0.1276490391943731
18.0,implicit,1.0,-0.12034132244587939
19.0,implicit,0.0,-0.0026994449475867843
19.0,implicit,0.07142857142857142,0.1331863276567812
19.0,implicit,0.14285714285714285,0.28442478301829033
19.0,implicit,0.21428571428571427,0.4285651974112996
19.0,implicit,0.2857142857142857,0.5711716119647204
19.0,implicit,0.3571428571428571,0.7118305109334669
19.0,implicit,0.42857142857142855,0.8399324974550995
19.0,implicit,0.5,0.910848974826779
19.0,implicit,0.5714285714285714,0.8399324974550996
19.0,implicit,0.6428571428571428,0.7118305109334673
19.0,implicit,0.7142857142857142,0.5711716119647211
19.0,implicit,0.7857142857142857,0.428565197411299
19.0,implicit,0.8571428571428571,0.2844247830182903
19.0,implicit,0.9285714285714285,0.1331863276567815
19.0,implicit,1.0,-0.0026994449475867843
20.0,implicit,0.0,-0.2115421857911801
20.0,implicit,0.07142857142857142,0.1306057058529186
20.0,implicit,0.14285714285714285,0.28429548208981126
20.0,implicit,0.21428571428571427,0.4285426467572383
20.0,implicit,0.2857142857142857,0.5711429781850023
20.0,implicit,0.3571428571428571,0.711652236773423
20.0,implicit,0.42857142857142855,0.8391424577882649
20.0,implicit,0.5,0.9089375192544634
20.0,implicit,0.5714285714285714,0.8391424577882651
20.0,implicit,0.6428571428571428,0.7116522367734234
20.0,implicit,0.7142857142857142,0.5711429781850029
20.0,implicit,0.7857142857142857,0.4285426467572377
20.0,implicit,0.8571428571428571,0.2842954820898112
20.0,implicit,0.9285714285714285,0.13060570585291892
20.0,implicit,1.0,-0.2115421857911801
21.0,implicit,0.0,-0.24416872999420447
21.0,implicit,0.07142857142857142,0.13008848183750626
21.0,implicit,0.14285714285714285,0.28407169948494104
21.0,implicit,0.21428571428571427,0.4284939035653264
21.0,implicit,0.2857142857142857,0.5710796280143284
21.0,implicit,0.3571428571428571,0.7112769305476413
21.0,implicit,0.42857142857142855,0.8375434110258487
21.0,implicit,0.5,0.9052028170879062
21.0,implicit,0.5714285714285714,0.837543411025849
21.0,implicit,0.6428571428571428,0.7112769305476416
21.0,implicit,0.7142857142857142,0.5710796280143291
21.0,implicit,0.7857142857142857,0.4284939035653258
21.0,implicit,0.8571428571428571,0.284071699484941
21.0,implicit,0.9285714285714285,0.13008848183750651
21.0,implicit,1.0,-0.24416872999420447
22.0,implicit,0.0,-0.3919340247759551
22.0,implicit,0.07142857142857142,0.126029598088975
22.0,implicit,0.14285714285714285,0.2837763893437736
22.0,implicit,0.21428571428571427,0.42843875062373776
22.0,implicit,0.2857142857142857,0.5710078460139087
22.0,implicit,0.3571428571428571,0.7108770300955896
22.0,implicit,0.42857142857142855,0.8359221114490448
22.0,implicit,0.5,0.9015795629773334
22.0,implicit,0.5714285714285714,0.835922111449045
22.0,implicit,0.6428571428571428,0.7108770300955898
22.0,implicit,0.7142857142857142,0.5710078460139094
22.0,implicit,0.7857142857142857,0.4284387506237371
22.0,implicit,0.8571428571428571,0.28377638934377347
22.0,implicit,0.9285714285714285,0.12602959808897524
22.0,implicit,1.0,-0.3919340247759551
23.0,implicit,0.0,-0.26563720977968613
23.0,implicit,0.07142857142857142,0.12290895171018397
23.0,implicit,0.14285714285714285,0.2835599855532925
23.0,implicit,0.21428571428571427,0.4284074442812864
23.0,implicit,0.2857142857142857,0.5709686577757271
23.0,implicit,0.3571428571428571,0.7106680255309786
23.0,implicit,0.42857142857142855,0.8351041701749857
23.0,implicit,0.5,0.8998075516561634
23.0,implicit,0.5714285714285714,0.835104170174986
23.0,implicit,0.6428571428571428,0.7106680255309787
23.0,implicit,0.7142857142857142,0.5709686577757278
23.0,implicit,0.7857142857142857,0.42840744428128574
23.0,implicit,0.8571428571428571,0.2835599855532923
23.0,implicit,0.9285714285714285,0.12290895171018422
23.0,implicit,1.0,-0.26563720977968613
24.0,implicit,0.0,0.1476933159990821
24.0,implicit,0.07142857142857142,0.12637357555676107
24.0,implicit,0.14285714285714285,0.2832024492256205
24.0,implicit,0.21428571428571427,0.4283383126925624
24.0,implicit,0.2857142857142857,0.5708834329029631
24.0,implicit,0.3571428571428571,0.7102322684130659
24.0,implicit,0.42857142857142855,0.8334556267864665
24.0,implicit,0.5,0.8963386978609761
24.0,implicit,0.5714285714285714,0.8334556267864665
24.0,implicit,0.6428571428571428,0.710232268413066
24.0,implicit,0.7142857142857142,0.5708834329029638
24.0,implicit,0.7857142857142857,0.42833831269256173
24.0,implicit,0.8571428571428571,0.2832024492256204
24.0,implicit,0.9285714285714285,0.12637357555676132
24.0,implicit,1.0,0.1476933159990821
25.0,implicit,0.0,-0.023129656477648107
25.0,implicit,0.07142857142857142,0.12730526127395808
25.0,implicit,0.14285714285714285,0.2829170023836811
25.0,implicit,0.21428571428571427,0.42826262940570886
25.0,implicit,0.2857142857142857,0.5707888202868138
25.0,implicit,0.3571428571428571,0.7097733547386241
25.0,implicit,0.42857142857142855,0.8317925401321874
25.0,implicit,0.5,0.8929650122640514
25.0,implicit,0.5714285714285714,0.8317925401321874
25.0,implicit,0.6428571428571428,0.7097733547386244
25.0,implicit,0.7142857142857142,0.5707888202868144
25.0,implicit,0.7857142857142857,0.42826262940570825
25.0,implicit,0.8571428571428571,0.282917002383681
25.0,implicit,0.9285714285714285,0.12730526127395833
25.0,implicit,1.0,-0.023129656477648107
26.0,implicit,0.0,-0.06022073911785776
26.0,implicit,0.07142857142857142,0.1268779908909494
26.0,implicit,0.14285714285714285,0.2827739421622412
26.0,implicit,0.21428571428571427,0.42822246573143935
26.0,implicit,0.2857142857142857,0.5707379092385583
26.0,implicit,0.3571428571428571,0.709535411514121
26.0,implicit,0.42857142857142855,0.8309563529946614
26.0,implicit,0.5,0.8913120690981098
26.0,implicit,0.5714285714285714,0.8309563529946614
26.0,implicit,0.6428571428571428,0.7095354115141213
26.0,implicit,0.7142857142857142,0.5707379092385588
26.0,implicit,0.7857142857142857,0.42822246573143874
26.0,implicit,0.8571428571428571,0.2827739421622411
26.0,implicit,0.9285714285714285,0.12687799089094967
26.0,implicit,1.0,-0.06022073911785776
27.0,implicit,0.0,-0.14396884167894172
27.0,implicit,0.07142857142857142,0.1218785380909925
27.0,implicit,0.14285714285714285,0.2823846743251278
27.0,implicit,0.21428571428571427,0.4281355566893461
27.0,implicit,0.2857142857142857,0.570628692812968
27.0,implicit,0.3571428571428571,0.7090429594011082
27.0,implicit,0.42857142857142855,0.8292761669923449
27.0,implicit,0.5,0.8880706401237993
27.0,implicit,0.5714285714285714,0.8292761669923449
27.0,implicit,0.6428571428571428,0.7090429594011085
27.0,implicit,0.7142857142857142,0.5706286928129686
27.0,implicit,0.7857142857142857,0.4281355566893454
27.0,implicit,0.8571428571428571,0.28238467432512765
27.0,implicit,0.9285714285714285,0.12187853809099276
27.0,implicit,1.0,-0.14396884167894172
28.0,implicit,0.0,0.21142444524378315
28.0,implicit,0.07142857142857142,0.12450971641698332
28.0,implicit,0.14285714285714285,0.28202049092653814
28.0,implicit,0.21428571428571427,0.4280399887547112
28.0,implicit,0.2857142857142857,0.5705093799118066
28.0,implicit,0.3571428571428571,0.7085289740135258
28.0,implicit,0.42857142857142855,0.8275873577055954
28.0,implicit,0.5,0.8849109883467519
28.0,implicit,0.5714285714285714,0.8275873577055955
28.0,implicit,0.6428571428571428,0.7085289740135262
28.0,implicit,0.7142857142857142,0.5705093799118071
28.0,implicit,0.7857142857142857,0.42803998875471055
28.0,implicit,0.8571428571428571,0.28202049092653797
28.0,implicit,0.9285714285714285,0.12450971641698357
28.0,implicit,1.0,0.21142444524378315
29.0,implicit,0.0,0.06872365791369228
29.0,implicit,0.07142857142857142,0.12586372681974153
29.0,implicit,0.14285714285714285,0.2818847120861936
29.0,implicit,0.21428571428571427,0.4279900156649188
29.0,implicit,0.2857142857142857,0.5704458754122171
29.0,implicit,0.3571428571428571,0.7082641170883206
29.0,implicit,0.42857142857142855,0.8267403393712732
29.0,implicit,0.5,0.8833603536803146
29.0,implicit,0.5714285714285714,0.8267403393712733
29.0,implicit,0.6428571428571428,0.708264117088321
29.0,implicit,0.7142857142857142,0.5704458754122176
29.0,implicit,0.7857142857142857,0.42799001566491823
29.0,implicit,0.8571428571428571,0.2818847120861935
29.0,implicit,0.9285714285714285,0.12586372681974178
29.0,implicit,1.0,0.06872365791369228
30.0,implicit,0.0,0.064816793878959
30.0,implicit,0.07142857142857142,0.12293917221560295
30.0,implicit,0.14285714285714285,0.2815270628061669
30.0,implicit,0.21428571428571427,0.4278841417796458
30.0,implicit,0.2857142857142857,0.5703110465872099
30.0,implicit,0.3571428571428571,0.7077191006573896
30.0,implicit,0.42857142857142855,0.8250422031496173
30.0,implicit,0.5,0.8803147059555475
30.0,implicit,0.5714285714285714,0.8250422031496176
30.0,implicit,0.6428571428571428,0.7077191006573901
30.0,implicit,0.7142857142857142,0.5703110465872102
30.0,implicit,0.7857142857142857,0.4278841417796452
30.0,implicit,0.8571428571428571,0.2815270628061668
30.0,implicit,0.9285714285714285,0.1229391722156032
30.0,implicit,1.0,0.064816793878959
31.0,implicit,0.0,-0.13538440006119176
31.0,implicit,0.07142857142857142,0.12106623153781557
31.0,implicit,0.14285714285714285,0.2811709999598012
31.0,implicit,0.21428571428571427,0.4277709432761672
31.0,implicit,0.2857142857142857,0.5701656529409241
31.0,implicit,0.3571428571428571,0.7071542512479518
31.0,implicit,0.42857142857142855,0.8233399677950295
31.0,implicit,0.5,0.8773397734557308
31.0,implicit,0.5714285714285714,0.8233399677950299
31.0,implicit,0.6428571428571428,0.7071542512479523
31.0,implicit,0.7142857142857142,0.5701656529409246
31.0,implicit,0.7857142857142857,0.4277709432761666
31.0,implicit,0.8571428571428571,0.2811709999598011
31.0,implicit,0.9285714285714285,0.12106623153781579
31.0,implicit,1.0,-0.13538440006119176
32.0,implicit,0.0,0.12233525776817358
32.0,implicit,0.07142857142857142,0.12321504614134217
32.0,implicit,0.14285714285714285,0.28101885566862883
32.0,implicit,0.21428571428571427,0.4277118444079166
32.0,implicit,0.2857142857142857,0.5700889503175128
32.0,implicit,0.3571428571428571,0.7068646031845689
32.0,implicit,0.42857142857142855,0.8224877849398883
32.0,implicit,0.5,0.875877603161713
32.0,implicit,0.5714285714285714,0.8224877849398887
32.0,implicit,0.6428571428571428,0.7068646031845691
32.0,implicit,0.7142857142857142,0.5700889503175133
32.0,implicit,0.7857142857142857,0.427711844407916
32.0,implicit,0.8571428571428571,0.28101885566862866
32.0,implicit,0.9285714285714285,0.1232150461413424
32.0,implicit,1.0,0.12233525776817358
33.0,implicit,0.0,0.18625602382323972
33.0,implicit,0.07142857142857142,0.12927862584368563
33.0,implicit,0.14285714285714285,0.2808466768332569
33.0,implicit,0.21428571428571427,0.42759147762743827
33.0,implicit,0.2857142857142857,0.5699275153479496
33.0,implicit,0.3571428571428571,0.7062712879873405
33.0,implicit,0.42857142857142855,0.8207821454007715
33.0,implicit,0.5,0.8730015634235707
33.0,implicit,0.5714285714285714,0.8207821454007721
33.0,implicit,0.6428571428571428,0.7062712879873408
33.0,implicit,0.7142857142857142,0.5699275153479499
33.0,implicit,0.7857142857142857,0.4275914776274377
33.0,implicit,0.8571428571428571,0.28084667683325676
33.0,implicit,0.9285714285714285,0.12927862584368588
33.0,implicit,1.0,0.18625602382323972
34.0,implicit,0.0,-0.06184247517024292
34.0,implicit,0.07142857142857142,0.12685950267743148
34.0,implicit,0.14285714285714285,0.28065996027773915
34.0,implicit,0.21428571428571427,0.4274684590549674
34.0,implicit,0.2857142857142857,0.5697553915646714
34.0,implicit,0.3571428571428571,0.7056598493043007
34.0,implicit,0.42857142857142855,0.8190758429218832
34.0,implicit,0.5,0.8701870597905084
34.0,implicit,0.5714285714285714,0.8190758429218837
34.0,implicit,0.6428571428571428,0.705659849304301
34.0,implicit,0.7142857142857142,0.5697553915646716
34.0,implicit,0.7857142857142857,0.42746845905496683
34.0,implicit,0.8571428571428571,0.28065996027773904
34.0,implicit,0.9285714285714285,0.12685950267743173
34.0,implicit,1.0,-0.06184247517024292
35.0,implicit,0.0,0.06625268628071279
35.0,implicit,0.07142857142857142,0.1281005851319398
35.0,implicit,0.14285714285714285,0.28058247773285433
35.0,implicit,0.21428571428571427,0.4274059610449333
35.0,implicit,0.2857142857142857,0.5696653283869378
35.0,implicit,0.3571428571428571,0.705347545711129
35.0,implicit,0.42857142857142855,0.8182227998003546
35.0,implicit,0.5,0.8688018666669031
35.0,implicit,0.5714285714285714,0.8182227998003553
35.0,implicit,0.6428571428571428,0.7053475457111295
35.0,implicit,0.7142857142857142,0.569665328386938
35.0,implicit,0.7857142857142857,0.4274059610449327
35.0,implicit,0.8571428571428571,0.2805824777328542
35.0,implicit,0.9285714285714285,0.12810058513194006
35.0,implicit,1.0,0.06625268628071279
36.0,implicit,0.0,-0.095834847569058
36.0,implicit,0.07142857142857142,0.12999402725047582
36.0,implicit,0.14285714285714285,0.2804943524957797
36.0,implicit,0.21428571428571427,0.4272805510537822
36.0,implicit,0.2857142857142857,0.5694772553402144
36.0,implicit,0.3571428571428571,0.7047101908604932
36.0,implicit,0.42857142857142855,0.8165175752292696
36.0,implicit,0.5,0.8660736876645935
36.0,implicit,0.5714285714285714,0.8165175752292702
36.0,implicit,0.6428571428571428,0.7047101908604937
36.0,implicit,0.7142857142857142,0.5694772553402145
36.0,implicit,0.7857142857142857,0.42728055105378165
36.0,implicit,0.8571428571428571,0.2804943524957796
36.0,implicit,0.9285714285714285,0.12999402725047607
36.0,implicit,1.0,-0.095834847569058
37.0,implicit,0.0,-0.22126699480120565
37.0,implicit,0.07142857142857142,0.12709996054185074
37.0,implicit,0.14285714285714285,0.2803526937375155
37.0,implicit,0.21428571428571427,0.4271533432494263
37.0,implicit,0.2857142857142857,0.5692786547947705
37.0,implicit,0.3571428571428571,0.7040563943269906
37.0,implicit,0.42857142857142855,0.8148142773568341
37.0,implicit,0.5,0.8633993923102086
37.0,implicit,0.5714285714285714,0.8148142773568345
37.0,implicit,0.6428571428571428,0.7040563943269912
37.0,implicit,0.7142857142857142,0.5692786547947707
37.0,implicit,0.7857142857142857,0.4271533432494258
37.0,implicit,0.8571428571428571,0.2803526937375154
37.0,implicit,0.9285714285714285,0.12709996054185096
37.0,implicit,1.0,-0.22126699480120565
38.0,implicit,0.0,-0.23924132481613417
38.0,implicit,0.07142857142857142,0.12425818438773308
38.0,implicit,0.14285714285714285,0.2802279511037422
38.0,implicit,0.21428571428571427,0.4270879902197362
38.0,implicit,0.2857142857142857,0.5691754164743189
38.0,implicit,0.3571428571428571,0.7037235360079507
38.0,implicit,0.42857142857142855,0.8139636180717021
38.0,implicit,0.5,0.8620816001478981
38.0,implicit,0.5714285714285714,0.8139636180717026
38.0,implicit,0.6428571428571428,0.7037235360079512
38.0,implicit,0.7142857142857142,0.5691754164743192
38.0,implicit,0.7857142857142857,0.42708799021973565
38.0,implicit,0.8571428571428571,0.28022795110374216
38.0,implicit,0.9285714285714285,0.1242581843877333
38.0,implicit,1.0,-0.23924132481613417
39.0,implicit,0.0,0.2712480057141646
39.0,implicit,0.07142857142857142,0.13081295350193292
39.0,implicit,0.14285714285714285,0.28010665869156515
39.0,implicit,0.21428571428571427,0.42695547844264486
39.0,implicit,0.2857142857142857,0.5689611028598811
39.0,implicit,0.3571428571428571,0.7030463034756512
39.0,implicit,0.42857142857142855,0.8122647602694761
39.0,implicit,0.5,0.8594831265776256
39.0,implicit,0.5714285714285714,0.8122647602694765
39.0,implicit,0.6428571428571428,0.7030463034756519
39.0,implicit,0.7142857142857142,0.5689611028598814
39.0,implicit,0.7857142857142857,0.4269554784426443
39.0,implicit,0.8571428571428571,0.28010665869156504
39.0,implicit,0.9285714285714285,0.13081295350193314
39.0,implicit,1.0,0.2712480057141646
40.0,implicit,0.0,0.20070657957840485
40.0,implicit,0.07142857142857142,0.13378648757223102
40.0,implicit,0.14285714285714285,0.28008005710262546
40.0,implicit,0.21428571428571427,0.42682288178577493
40.0,implicit,0.2857142857142857,0.5687364658718957
40.0,implicit,0.3571428571428571,0.7023542467571252
40.0,implicit,0.42857142857142855,0.8105697611969928
40.0,implicit,0.5,0.8569321260208059
40.0,implicit,0.5714285714285714,0.810569761196993
40.0,implicit,0.6428571428571428,0.7023542467571258
40.0,implicit,0.7142857142857142,0.568736465871896
40.0,implicit,0.7857142857142857,0.42682288178577443
40.0,implicit,0.8571428571428571,0.28008005710262535
40.0,implicit,0.9285714285714285,0.13378648757223122
40.0,implicit,1.0,0.20070657957840485
41.0,implicit,0.0,0.07232720500952683
41.0,implicit,0.07142857142857142,0.13491745560285742
41.0,implicit,0.14285714285714285,0.28010024390110594
41.0,implicit,0.21428571428571427,0.4267572373665177
41.0,implicit,0.2857142857142857,0.5686203383205559
41.0,implicit,0.3571428571428571,0.7020028554712587
41.0,implicit,0.42857142857142855,0.8097239063017955
41.0,implicit,0.5,0.8556737130010725
41.0,implicit,0.5714285714285714,0.8097239063017957
41.0,implicit,0.6428571428571428,0.7020028554712593
41.0,implicit,0.7142857142857142,0.5686203383205561
41.0,implicit,0.7857142857142857,0.4267572373665172
41.0,implicit,0.8571428571428571,0.2801002439011059
41.0,implicit,0.9285714285714285,0.13491745560285762
41.0,implicit,1.0,0.07232720500952683
42.0,implicit,0.0,0.07227912110168279
42.0,implicit,0.07142857142857142,0.13447707520582033
42.0,implicit,0.14285714285714285,0.28011002105087396
42.0,implicit,0.21428571428571427,0.426626517119938
42.0,implicit,0.2857142857142857,0.568380586919549
42.0,implicit,0.3571428571428571,0.7012897324820572
42.0,implicit,0.42857142857142855,0.80803584014778
42.0,implicit,0.5,0.8531897141254939
42.0,implicit,0.5714285714285714,0.8080358401477802
42.0,implicit,0.6428571428571428,0.7012897324820578
42.0,implicit,0.7142857142857142,0.5683805869195491
42.0,implicit,0.7857142857142857,0.42662651711993743
42.0,implicit,0.8571428571428571,0.2801100210508738
42.0,implicit,0.9285714285714285,0.13447707520582053
42.0,implicit,1.0,0.07227912110168279
43.0,implicit,0.0,-0.007165207821990308
43.0,implicit,0.07142857142857142,0.13866822228932926
43.0,implicit,0.14285714285714285,0.2802417160048605
43.0,implicit,0.21428571428571427,0.42649896160472567
43.0,implicit,0.2857142857142857,0.5681310475545999
43.0,implicit,0.3571428571428571,0.7005633269416658
43.0,implicit,0.42857142857142855,0.8063530549876488
43.0,implicit,0.5,0.8507477911962747
43.0,implicit,0.5714285714285714,0.806353054987649
43.0,implicit,0.6428571428571428,0.7005633269416665
43.0,implicit,0.7142857142857142,0.5681310475546
43.0,implicit,0.7857142857142857,0.42649896160472517
43.0,implicit,0.8571428571428571,0.2802417160048603
43.0,implicit,0.9285714285714285,0.13866822228932943
43.0,implicit,1.0,-0.007165207821990308
44.0,implicit,0.0,0.3129287311628013
44.0,implicit,0.07142857142857142,0.14287932976531173
44.0,implicit,0.14285714285714285,0.2803594460650679
44.0,implicit,0.21428571428571427,0.42643717447530777
44.0,implicit,0.2857142857142857,0.5680027012335656
44.0,implicit,0.3571428571428571,0.7001953296673302
44.0,implicit,0.42857142857142855,0.8055137866543255
44.0,implicit,0.5,0.8495420041407772
44.0,implicit,0.5714285714285714,0.8055137866543257
44.0,implicit,0.6428571428571428,0.7001953296673309
44.0,implicit,0.7142857142857142,0.5680027012335657
44.0,implicit,0.7857142857142857,0.4264371744753073
44.0,implicit,0.8571428571428571,0.28035944606506774
44.0,implicit,0.9285714285714285,0.14287932976531187
44.0,implicit,1.0,0.3129287311628013
45.0,implicit,0.0,0.16438050087504477
45.0,implicit,0.07142857142857142,0.13813220430797216
45.0,implicit,0.14285714285714285,0.2804283432163323
45.0,implicit,0.21428571428571427,0.4263144615962511
45.0,implicit,0.2857142857142857,0.5677389995492421
45.0,implicit,0.3571428571428571,0.6994501115452884
45.0,implicit,0.42857142857142855,0.8038397547224114
45.0,implicit,0.5,0.8471596387017749
45.0,implicit,0.5714285714285714,0.8038397547224114
45.0,implicit,0.6428571428571428,0.6994501115452889
45.0,implicit,0.7142857142857142,0.5677389995492423
45.0,implicit,0.7857142857142857,0.4263144615962505
45.0,implicit,0.8571428571428571,0.28042834321633203
45.0,implicit,0.9285714285714285,0.13813220430797232
45.0,implicit,1.0,0.16438050087504477
46.0,implicit,0.0,-0.05980147009317349
46.0,implicit,0.07142857142857142,0.13767237575024519
46.0,implicit,0.14285714285714285,0.28051797763476477
46.0,implicit,0.21428571428571427,0.4261935788077121
46.0,implicit,0.2857142857142857,0.5674661440934238
46.0,implicit,0.3571428571428571,0.698693071618013
46.0,implicit,0.42857142857142855,0.8021720325233045
46.0,implicit,0.5,0.8448147824670381
46.0,implicit,0.5714285714285714,0.8021720325233046
46.0,implicit,0.6428571428571428,0.6986930716180136
46.0,implicit,0.7142857142857142,0.567466144093424
46.0,implicit,0.7857142857142857,0.42619357880771147
46.0,implicit,0.8571428571428571,0.2805179776347645
46.0,implicit,0.9285714285714285,0.13767237575024535
46.0,implicit,1.0,-0.05980147009317349
47.0,implicit,0.0,0.01835215530710046
47.0,implicit,0.07142857142857142,0.13798647755997806
47.0,implicit,0.14285714285714285,0.28055908353178394
47.0,implicit,0.21428571428571427,0.4261335783788867
47.0,implicit,0.2857142857142857,0.5673263510677321
47.0,implicit,0.3571428571428571,0.6983102934159583
47.0,implicit,0.42857142857142855,0.8013406400570564
47.0,implicit,0.5,0.8436559074415427
47.0,implicit,0.5714285714285714,0.8013406400570566
47.0,implicit,0.6428571428571428,0.698310293415959
47.0,implicit,0.7142857142857142,0.5673263510677322
47.0,implicit,0.7857142857142857,0.42613357837888605
47.0,implicit,0.8571428571428571,0.2805590835317837
47.0,implicit,0.9285714285714285,0.1379864775599782
47.0,implicit,1.0,0.01835215530710046
48.0,implicit,0.0,-0.04393437756750239
48.0,implicit,0.07142857142857142,0.13236328491029345
48.0,implicit,0.14285714285714285,0.28049272759862004
48.0,implicit,0.21428571428571427,0.4260113942533628
48.0,implicit,0.2857142857142857,0.5670401149258679
48.0,implicit,0.3571428571428571,0.6975365607479764
48.0,implicit,0.42857142857142855,0.7996829731048501
48.0,implicit,0.5,0.8413642938554395
48.0,implicit,0.5714285714285714,0.7996829731048504
48.0,implicit,0.6428571428571428,0.6975365607479771
48.0,implicit,0.7142857142857142,0.567040114925868
48.0,implicit,0.7857142857142857,0.42601139425336215
48.0,implicit,0.8571428571428571,0.2804927275986199
48.0,implicit,0.9285714285714285,0.13236328491029362
48.0,implicit,1.0,-0.04393437756750239
49.0,implicit,0.0,0.29557880894830324
49.0,implicit,0.07142857142857142,0.13764402349932883
49.0,implicit,0.14285714285714285,0.28050705847466484
49.0,implicit,0.21428571428571427,0.4258874010992097
49.0,implicit,0.2857142857142857,0.5667451218363482
49.0,implicit,0.3571428571428571,0.6967523664525054
49.0,implicit,0.42857142857142855,0.7980323416329246
49.0,implicit,0.5,0.8391063056264282
49.0,implicit,0.5714285714285714,0.7980323416329249
49.0,implicit,0.6428571428571428,0.6967523664525062
49.0,implicit,0.7142857142857142,0.5667451218363483
49.0,implicit,0.7857142857142857,0.42588740109920903
49.0,implicit,0.8571428571428571,0.2805070584746647
49.0,implicit,0.9285714285714285,0.13764402349932903
49.0,implicit,1.0,0.29557880894830324
50.0,implicit,0.0,-0.10365404365472948
50.0,implicit,0.07142857142857142,0.13633225249591205
50.0,implicit,0.14285714285714285,0.28052229877385854
50.0,implicit,0.21428571428571427,0.4258253163752233
50.0,implicit,0.2857142857142857,0.5665943995346855
50.0,implicit,0.3571428571428571,0.6963565072130202
50.0,implicit,0.42857142857142855,0.797209734819029
50.0,implicit,0.5,0.8379894833759806
50.0,implicit,0.5714285714285714,0.7972097348190293
50.0,implicit,0.6428571428571428,0.6963565072130211
50.0,implicit,0.7142857142857142,0.5665943995346856
50.0,implicit,0.7857142857142857,0.42582531637522264
50.0,implicit,0.8571428571428571,0.2805222987738584
50.0,implicit,0.9285714285714285,0.13633225249591224
50.0,implicit,1.0,-0.10365404365472948
51.0,implicit,0.0,-0.10035140871690731
51.0,implicit,0.07142857142857142,0.13310293922961874
51.0,implicit,0.14285714285714285,0.28047943422912336
51.0,implicit,0.21428571428571427,0.42569923799889736
51.0,implicit,0.2857142857142857,0.5662865926304168
51.0,implicit,0.3571428571428571,0.6955575768922948
51.0,implicit,0.42857142857142855,0.7955700616181864
51.0,implicit,0.5,0.8357793536185847
51.0,implicit,0.5714285714285714,0.7955700616181868
51.0,implicit,0.6428571428571428,0.6955575768922956
51.0,implicit,0.7142857142857142,0.566286592630417
51.0,implicit,0.7857142857142857,0.42569923799889675
51.0,implicit,0.8571428571428571,0.28047943422912314
51.0,implicit,0.9285714285714285,0.13310293922961894
51.0,implicit,1.0,-0.10035140871690731
52.0,implicit,0.0,0.0657502219319369
52.0,implicit,0.07142857142857142,0.13673018294727424
52.0,implicit,0.14285714285714285,0.28050265122015816
52.0,implicit,0.21428571428571427,0.4255715272797416
52.0,implicit,0.2857142857142857,0.5659704286348716
52.0,implicit,0.3571428571428571,0.6947494341314002
52.0,implicit,0.42857142857142855,0.7939379164871111
52.0,implicit,0.5,0.8335995292526609
52.0,implicit,0.5714285714285714,0.7939379164871112
52.0,implicit,0.6428571428571428,0.6947494341314009
52.0,implicit,0.7142857142857142,0.5659704286348717
52.0,implicit,0.7857142857142857,0.425571527279741
52.0,implicit,0.8571428571428571,0.28050265122015794
52.0,implicit,0.9285714285714285,0.13673018294727443
52.0,implicit,1.0,0.0657502219319369
53.0,implicit,0.0,-0.10595204075340776
53.0,implicit,0.07142857142857142,0.13541186621688858
53.0,implicit,0.14285714285714285,0.2805015007826024
53.0,implicit,0.21428571428571427,0.42550712098661286
53.0,implicit,0.2857142857142857,0.565809266777889
53.0,implicit,0.3571428571428571,0.6943420553557189
53.0,implicit,0.42857142857142855,0.7931247130903161
53.0,implicit,0.5,0.8325206062190627
53.0,implicit,0.5714285714285714,0.7931247130903163
53.0,implicit,0.6428571428571428,0.6943420553557195
53.0,implicit,0.7142857142857142,0.5658092667778891
53.0,implicit,0.7857142857142857,0.4255071209866123
53.0,implicit,0.8571428571428571,0.28050150078260216
53.0,implicit,0.9285714285714285,0.13541186621688878
53.0,implicit,1.0,-0.10595204075340776
54.0,implicit,0.0,0.019415509869608077
54.0,implicit,0.07142857142857142,0.13725766480858465
54.0,implicit,0.14285714285714285,0.28054075500632897
54.0,implicit,0.21428571428571427,0.42537767598265097
54.0,implicit,0.2857142857142857,0.5654808967194664
54.0,implicit,0.3571428571428571,0.6935209683774657
54.0,implicit,0.42857142857142855,0.7915041226393272
54.0,implicit,0.5,0.8303840261504164
54.0,implicit,0.5714285714285714,0.7915041226393273
54.0,implicit,0.6428571428571428,0.6935209683774662
54.0,implicit,0.7142857142857142,0.5654808967194666
54.0,implicit,0.7857142857142857,0.42537767598265036
54.0,implicit,0.8571428571428571,0.2805407550063287
54.0,implicit,0.9285714285714285,0.13725766480858484
54.0,implicit,1.0,0.019415509869608077
55.0,implicit,0.0,-0.14041061877547048
55.0,implicit,0.07142857142857142,0.13805978823549855
55.0,implicit,0.14285714285714285,0.2806243012418855
55.0,implicit,0.21428571428571427,0.42524835450187776
55.0,implicit,0.2857142857142857,0.5651446411097139
55.0,implicit,0.3571428571428571,0.6926918111249645
55.0,implicit,0.42857142857142855,0.7898913740606399
55.0,implicit,0.5,0.8282748990017866
55.0,implicit,0.5714285714285714,0.78989137406064
55.0,implicit,0.6428571428571428,0.692691811124965
55.0,implicit,0.7142857142857142,0.565144641109714
55.0,implicit,0.7857142857142857,0.425248354501877
55.0,implicit,0.8571428571428571,0.2806243012418852
55.0,implicit,0.9285714285714285,0.13805978823549878
55.0,implicit,1.0,-0.14041061877547048
56.0,implicit,0.0,-0.06553242931955365
56.0,implicit,0.07142857142857142,0.1372466009820215
56.0,implicit,0.14285714285714285,0.28064004559488226
56.0,implicit,0.21428571428571427,0.42518327166337205
56.0,implicit,0.2857142857142857,0.5649736164410895
56.0,implicit,0.3571428571428571,0.6922743408145947
56.0,implicit,0.42857142857142855,0.7890879679261124
56.0,implicit,0.5,0.8272303066709904
56.0,implicit,0.5714285714285714,0.7890879679261125
56.0,implicit,0.6428571428571428,0.6922743408145953
56.0,implicit,0.7142857142857142,0.5649736164410897
56.0,implicit,0.7857142857142857,0.4251832716633713
56.0,implicit,0.8571428571428571,0.2806400455948819
56.0,implicit,0.9285714285714285,0.1372466009820217
56.0,implicit,1.0,-0.06553242931955365
57.0,implicit,0.0,-0.2927029896264237
57.0,implicit,0.07142857142857142,0.13248904133467476
57.0,implicit,0.14285714285714285,0.2805917618872612
57.0,implicit,0.21428571428571427,0.4250507633781557
57.0,implicit,0.2857142857142857,0.5646258629244024
57.0,implicit,0.3571428571428571,0.6914338770401575
57.0,implicit,0.42857142857142855,0.7874871360170027
57.0,implicit,0.5,0.8251604493490411
57.0,implicit,0.5714285714285714,0.7874871360170029
57.0,implicit,0.6428571428571428,0.6914338770401578
57.0,implicit,0.7142857142857142,0.5646258629244025
57.0,implicit,0.7857142857142857,0.4250507633781549
57.0,implicit,0.8571428571428571,0.2805917618872608
57.0,implicit,0.9285714285714285,0.13248904133467498
57.0,implicit,1.0,-0.2927029896264237
58.0,implicit,0.0,0.05221105443597787
58.0,implicit,0.07142857142857142,0.13436262660474566
58.0,implicit,0.14285714285714285,0.2805311286761111
58.0,implicit,0.21428571428571427,0.4249140049085096
58.0,implicit,0.2857142857142857,0.564270585267297
58.0,implicit,0.3571428571428571,0.6905863830496977
58.0,implicit,0.42857142857142855,0.7858943235284209
58.0,implicit,0.5,0.8231155816918149
58.0,implicit,0.5714285714285714,0.7858943235284209
58.0,implicit,0.6428571428571428,0.6905863830496981
58.0,implicit,0.7142857142857142,0.5642705852672972
58.0,implicit,0.7857142857142857,0.4249140049085086
58.0,implicit,0.8571428571428571,0.28053112867611063
58.0,implicit,0.9285714285714285,0.13436262660474588
58.0,implicit,1.0,0.05221105443597787
59.0,implicit,0.0,0.001022691328492178
59.0,implicit,0.07142857142857142,0.13453331065004742
59.0,implicit,0.14285714285714285,0.2805086752742696
59.0,implicit,0.21428571428571427,0.4248443088115148
59.0,implicit,0.2857142857142857,0.5640901631834347
59.0,implicit,0.3571428571428571,0.6901601210130425
59.0,implicit,0.42857142857142855,0.7851009378048368
59.0,implicit,0.5,0.8221022386110413
59.0,implicit,0.5714285714285714,0.7851009378048367
59.0,implicit,0.6428571428571428,0.6901601210130428
59.0,implicit,0.7142857142857142,0.5640901631834349
59.0,implicit,0.7857142857142857,0.42484430881151386
59.0,implicit,0.8571428571428571,0.28050867527426915
59.0,implicit,0.9285714285714285,0.13453331065004764
59.0,implicit,1.0,0.001022691328492178
60.0,implicit,0.0,-0.046917426675029385
60.0,implicit,0.07142857142857142,0.13406009543780306
60.0,implicit,0.14285714285714285,0.2804795715215298
60.0,implicit,0.21428571428571427,0.42477365349116686
60.0,implicit,0.2857142857142857,0.5639079059591128
60.0,implicit,0.3571428571428571,0.689732244915645
60.0,implicit,0.42857142857142855,0.7843095709148343
60.0,implicit,0.5,0.8210948126720323
60.0,implicit,0.5714285714285714,0.7843095709148342
60.0,implicit,0.6428571428571428,0.6897322449156454
60.0,implicit,0.7142857142857142,0.5639079059591128
60.0,implicit,0.7857142857142857,0.42477365349116586
60.0,implicit,0.8571428571428571,0.2804795715215293
60.0,implicit,0.9285714285714285,0.13406009543780326
60.0,implicit,1.0,-0.046917426675029385
1.0,crank_nicolson,0.0,0.1295377076201385
1.0,crank_nicolson,0.07142857142857142,0.14418593338953006
1.0,crank_nicolson,0.14285714285714285,0.28573817852795846
1.0,crank_nicolson,0.21428571428571427,0.4285718095077883
1.0,crank_nicolson,0.2857142857142857,0.5714285381802227
1.0,crank_nicolson,0.3571428571428571,0.7142824665749108
1.0,crank_nicolson,0.42857142857142855,0.8569151164104917
1.0,crank_nicolson,0.5,0.9887249020283455
1.0,crank_nicolson,0.5714285714285714,0.8569151164104916
1.0,crank_nicolson,0.6428571428571428,0.7142824665749111
1.0,crank_nicolson,0.7142857142857142,0.5714285381802228
1.0,crank_nicolson,0.7857142857142857,0.4285718095077885
1.0,crank_nicolson,0.8571428571428571,0.2857381785279585
1.0,crank_nicolson,0.9285714285714285,0.1441859333895302
1.0,crank_nicolson,1.0,0.1295377076201385
2.0,crank_nicolson,0.0,0.3046059712816051
2.0,crank_nicolson,0.07142857142857142,0.1462079307008777
2.0,crank_nicolson,0.14285714285714285,0.28576914842157763
2.0,crank_nicolson,0.21428571428571427,0.42857233027574265
2.0,crank_nicolson,0.2857142857142857,0.571428475909858
2.0,crank_nicolson,0.3571428571428571,0.7142783268388359
2.0,crank_nicolson,0.42857142857142855,0.8567448215386593
2.0,crank_nicolson,0.5,0.9851615311117812
2.0,crank_nicolson,0.5714285714285714,0.8567448215386592
2.0,crank_nicolson,0.6428571428571428,0.7142783268388362
2.0,crank_nicolson,0.7142857142857142,0.571428475909858
2.0,crank_nicolson,0.7857142857142857,0.42857233027574304
2.0,crank_nicolson,0.8571428571428571,0.28576914842157763
2.0,crank_nicolson,0.9285714285714285,0.14620793070087781
2.0,crank_nicolson,1.0,0.3046059712816051
3.0,crank_nicolson,0.0,-0.04682739138983611
3.0,crank_nicolson,0.07142857142857142,0.14540780344876636
3.0,crank_nicolson,0.14285714285714285,0.2858447704149249
3.0,crank_nicolson,0.21428571428571427,0.42857479586668695
3.0,crank_nicolson,0.2857142857142857,0.57142814025336
3.0,crank_nicolson,0.3571428571428571,0.714262107776259
3.0,crank_nicolson,0.42857142857142855,0.8562775867601008
3.0,crank_nicolson,0.5,0.9783044656226416
3.0,crank_nicolson,0.5714285714285714,0.8562775867601007
3.0,crank_nicolson,0.6428571428571428,0.7142621077762593
3.0,crank_nicolson,0.7142857142857142,0.57142814025336
3.0,crank_nicolson,0.7857142857142857,0.42857479586668756
3.0,crank_nicolson,0.8571428571428571,0.28584477041492484
3.0,crank_nicolson,0.9285714285714285,0.14540780344876647
3.0,crank_nicolson,1.0,-0.04682739138983611
4.0,crank_nicolson,0.0,0.15348694583058176
4.0,crank_nicolson,0.07142857142857142,0.1483889603216211
4.0,crank_nicolson,0.14285714285714285,0.2859536139799293
4.0,crank_nicolson,0.21428571428571427,0.42857940650531845
4.0,crank_nicolson,0.2857142857142857,0.5714273054377136
4.0,crank_nicolson,0.3571428571428571,0.7142321917902316
4.0,crank_nicolson,0.42857142857142855,0.8556564524123487
4.0,crank_nicolson,0.5,0.9717838136318592
4.0,crank_nicolson,0.5714285714285714,0.8556564524123487
4.0,crank_nicolson,0.6428571428571428,0.7142321917902319
4.0,crank_nicolson,0.7142857142857142,0.5714273054377137
4.0,crank_nicolson,0.7857142857142857,0.42857940650531917
4.0,crank_nicolson,0.8571428571428571,0.2859536139799292
4.0,crank_nicolson,0.9285714285714285,0.1483889603216212
4.0,crank_nicolson,1.0,0.15348694583058176
5.0,crank_nicolson,0.0,-0.09389487718699042
5.0,crank_nicolson,0.07142857142857142,0.14760898459697785
5.0,crank_nicolson,0.14285714285714285,0.28601673672472866
5.0,crank_nicolson,0.21428571428571427,0.42858282841218737
5.0,crank_nicolson,0.2857142857142857,0.5714266049589556
5.0,crank_nicolson,0.3571428571428571,0.7142110847069726
5.0,crank_nicolson,0.42857142857142855,0.8552933664048817
5.0,crank_nicolson,0.5,0.9686415263805542
5.0,crank_nicolson,0.5714285714285714,0.8552933664048817
5.0,crank_nicolson,0.6428571428571428,0.7142110847069729
5.0,crank_nicolson,0.7142857142857142,0.5714266049589557
5.0,crank_nicolson,0.7857142857142857,0.42858282841218814
5.0,crank_nicolson,0.8571428571428571,0.2860167367247285
5.0,crank_nicolson,0.9285714285714285,0.14760898459697794
5.0,crank_nicolson,1.0,-0.09389487718699042
6.0,crank_nicolson,0.0,-0.09268353856249245
6.0,crank_nicolson,0.07142857142857142,0.14745246362446532
6.0,crank_nicolson,0.14285714285714285,0.28613473846093446
6.0,crank_nicolson,0.21428571428571427,0.42859180257467855
6.0,crank_nicolson,0.2857142857142857,0.5714244187503426
6.0,crank_nicolson,0.3571428571428571,0.7141548698062574
6.0,crank_nicolson,0.42857142857142855,0.8544716476549931
6.0,crank_nicolson,0.5,0.9625780226680383
6.0,crank_nicolson,0.5714285714285714,0.8544716476549931
6.0,crank_nicolson,0.6428571428571428,0.7141548698062576
6.0,crank_nicolson,0.7142857142857142,0.5714244187503428
6.0,crank_nicolson,0.7857142857142857,0.4285918025746794
6.0,crank_nicolson,0.8571428571428571,0.2861347384609343
6.0,crank_nicolson,0.9285714285714285,0.14745246362446537
6.0,crank_nicolson,1.0,-0.09268353856249245
7.0,crank_nicolson,0.0,0.04839245431320682
7.0,crank_nicolson,0.07142857142857142,0.14693464829536726
7.0,crank_nicolson,0.14285714285714285,0.28622203469184776
7.0,crank_nicolson,0.21428571428571427,0.4286029688187281
7.0,crank_nicolson,0.2857142857142857,0.5714208487649812
7.0,crank_nicolson,0.3571428571428571,0.7140780986152538
7.0,crank_nicolson,0.42857142857142855,0.8535340979800687
7.0,crank_nicolson,0.5,0.9567907721190646
7.0,crank_nicolson,0.5714285714285714,0.8535340979800687
7.0,crank_nicolson,0.6428571428571428,0.7140780986152542
7.0,crank_nicolson,0.7142857142857142,0.5714208487649816
7.0,crank_nicolson,0.7857142857142857,0.42860296881872917
7.0,crank_nicolson,0.8571428571428571,0.28622203469184765
7.0,crank_nicolson,0.9285714285714285,0.14693464829536726
7.0,crank_nicolson,1.0,0.04839245431320682
8.0,crank_nicolson,0.0,-0.3826560489315596
8.0,crank_nicolson,0.07142857142857142,0.144246976570995
8.0,crank_nicolson,0.14285714285714285,0.2862457112805133
8.0,crank_nicolson,0.21428571428571427,0.4286090146504117
8.0,crank_nicolson,0.2857142857142857,0.5714184043782641
8.0,crank_nicolson,0.3571428571428571,0.7140314059723245
8.0,crank_nicolson,0.42857142857142855,0.8530259005215629
8.0,crank_nicolson,0.5,0.9539942486359415
8.0,crank_nicolson,0.5714285714285714,0.8530259005215629
8.0,crank_nicolson,0.6428571428571428,0.7140314059723248
8.0,crank_nicolson,0.7142857142857142,0.5714184043782644
8.0,crank_nicolson,0.7857142857142857,0.4286090146504128
8.0,crank_nicolson,0.8571428571428571,0.2862457112805132
8.0,crank_nicolson,0.9285714285714285,0.14424697657099497
8.0,crank_nicolson,1.0,-0.3826560489315596
9.0,crank_nicolson,0.0,-0.11245750584819454
9.0,crank_nicolson,0.07142857142857142,0.14115993377623848
9.0,crank_nicolson,0.14285714285714285,0.28620327695670716
9.0,crank_nicolson,0.21428571428571427,0.4286203871095467
9.0,crank_nicolson,0.2857142857142857,0.5714118770810422
9.0,crank_nicolson,0.3571428571428571,0.7139204387239738
9.0,crank_nicolson,0.42857142857142855,0.8519379940707831
9.0,crank_nicolson,0.5,0.9485833870530832
9.0,crank_nicolson,0.5714285714285714,0.8519379940707832
9.0,crank_nicolson,0.6428571428571428,0.7139204387239743
9.0,crank_nicolson,0.7142857142857142,0.5714118770810427
9.0,crank_nicolson,0.7857142857142857,0.428620387109548
9.0,crank_nicolson,0.8571428571428571,0.28620327695670705
9.0,crank_nicolson,0.9285714285714285,0.14115993377623842
9.0,crank_nicolson,1.0,-0.11245750584819454
10.0,crank_nicolson,0.0,0.06284946651905478
10.0,crank_nicolson,0.07142857142857142,0.1403555064305286
10.0,crank_nicolson,0.14285714285714285,0.28611043427672184
10.0,crank_nicolson,0.21428571428571427,0.4286290287298068
10.0,crank_nicolson,0.2857142857142857,0.5714026824457917
10.0,crank_nicolson,0.3571428571428571,0.7137850064082106
10.0,crank_nicolson,0.42857142857142855,0.850763672714222
10.0,crank_nicolson,0.5,0.9434006011980987
10.0,crank_nicolson,0.5714285714285714,0.8507636727142219
10.0,crank_nicolson,0.6428571428571428,0.7137850064082112
10.0,crank_nicolson,0.7142857142857142,0.5714026824457923
10.0,crank_nicolson,0.7857142857142857,0.4286290287298083
10.0,crank_nicolson,0.8571428571428571,0.28611043427672184
10.0,crank_nicolson,0.9285714285714285,0.14035550643052855
10.0,crank_nicolson,1.0,0.06284946651905478
11.0,crank_nicolson,0.0,-0.1816048151042422
11.0,crank_nicolson,0.07142857142857142,0.13920150357690403
11.0,crank_nicolson,0.14285714285714285,0.2860589430000143
11.0,crank_nicolson,0.21428571428571427,0.42863208729662905
11.0,crank_nicolson,0.2857142857142857,0.5713968954715053
11.0,crank_nicolson,0.3571428571428571,0.7137078089921884
11.0,crank_nicolson,0.42857142857142855,0.8501472064757882
11.0,crank_nicolson,0.5,0.9408895260716811
11.0,crank_nicolson,0.5714285714285714,0.8501472064757881
11.0,crank_nicolson,0.6428571428571428,0.7137078089921889
11.0,crank_nicolson,0.7142857142857142,0.571396895471506
11.0,crank_nicolson,0.7857142857142857,0.4286320872966307
11.0,crank_nicolson,0.8571428571428571,0.2860589430000144
11.0,crank_nicolson,0.9285714285714285,0.13920150357690397
11.0,crank_nicolson,1.0,-0.1816048151042422
12.0,crank_nicolson,0.0,0.29312975378431083
12.0,crank_nicolson,0.07142857142857142,0.13952729879012782
12.0,crank_nicolson,0.14285714285714285,0.28592295651136695
12.0,crank_nicolson,0.21428571428571427,0.42863515763765925
12.0,crank_nicolson,0.2857142857142857,0.5713825580951112
12.0,crank_nicolson,0.3571428571428571,0.7135339966988148
12.0,crank_nicolson,0.42857142857142855,0.848861324869599
12.0,crank_nicolson,0.5,0.9360183561953977
12.0,crank_nicolson,0.5714285714285714,0.8488613248695988
12.0,crank_nicolson,0.6428571428571428,0.7135339966988153
12.0,crank_nicolson,0.7142857142857142,0.5713825580951117
12.0,crank_nicolson,0.7857142857142857,0.4286351576376611
12.0,crank_nicolson,0.8571428571428571,0.2859229565113671
12.0,crank_nicolson,0.9285714285714285,0.1395272987901278
12.0,crank_nicolson,1.0,0.29312975378431083
13.0,crank_nicolson,0.0,0.013505640937584768
13.0,crank_nicolson,0.07142857142857142,0.1395034597142629
13.0,crank_nicolson,0.14285714285714285,0.2858217887789741
13.0,crank_nicolson,0.21428571428571427,0.4286344891471617
13.0,crank_nicolson,0.2857142857142857,0.571364030142378
13.0,crank_nicolson,0.3571428571428571,0.7133338728488271
13.0,crank_nicolson,0.42857142857142855,0.8475117391599057
13.0,crank_nicolson,0.5,0.9313365590391318
13.0,crank_nicolson,0.5714285714285714,0.8475117391599054
13.0,crank_nicolson,0.6428571428571428,0.7133338728488277
13.0,crank_nicolson,0.7142857142857142,0.5713640301423785
13.0,crank_nicolson,0.7857142857142857,0.42863448914716357
13.0,crank_nicolson,0.8571428571428571,0.28582178877897413
13.0,crank_nicolson,0.9285714285714285,0.13950345971426287
13.0,crank_nicolson,1.0,0.013505640937584768
14.0,crank_nicolson,0.0,-0.28494963724269134
14.0,crank_nicolson,0.07142857142857142,0.13767051148972292
14.0,crank_nicolson,0.14285714285714285,0.28576204256594656
14.0,crank_nicolson,0.21428571428571427,0.4286328878566242
14.0,crank_nicolson,0.2857142857142857,0.5713530138508371
14.0,crank_nicolson,0.3571428571428571,0.7132238386752652
14.0,crank_nicolson,0.42857142857142855,0.8468154488752488
14.0,crank_nicolson,0.5,0.9290624800538799
14.0,crank_nicolson,0.5714285714285714,0.8468154488752485
14.0,crank_nicolson,0.6428571428571428,0.7132238386752657
14.0,crank_nicolson,0.7142857142857142,0.5713530138508377
14.0,crank_nicolson,0.7857142857142857,0.4286328878566261
14.0,crank_nicolson,0.8571428571428571,0.2857620425659466
14.0,crank_nicolson,0.9285714285714285,0.1376705114897229
14.0,crank_nicolson,1.0,-0.28494963724269134
15.0,crank_nicolson,0.0,0.02218451794197322
15.0,crank_nicolson,0.07142857142857142,0.13738058300667816
15.0,crank_nicolson,0.14285714285714285,0.28561293555112566
15.0,crank_nicolson,0.21428571428571427,0.42862653174893
15.0,crank_nicolson,0.2857142857142857,0.5713271234898786
15.0,crank_nicolson,0.3571428571428571,0.712983723712992
15.0,crank_nicolson,0.42857142857142855,0.8453842395254447
15.0,crank_nicolson,0.5,0.9246401782164936
15.0,crank_nicolson,0.5714285714285714,0.8453842395254444
15.0,crank_nicolson,0.6428571428571428,0.7129837237129925
15.0,crank_nicolson,0.7142857142857142,0.5713271234898791
15.0,crank_nicolson,0.7857142857142857,0.42862653174893206
15.0,crank_nicolson,0.8571428571428571,0.28561293555112577
15.0,crank_nicolson,0.9285714285714285,0.13738058300667813
15.0,crank_nicolson,1.0,0.02218451794197322
16.0,crank_nicolson,0.0,0.0751396036691344
16.0,crank_nicolson,0.07142857142857142,0.13666234333159122
16.0,crank_nicolson,0.14285714285714285,0.2854500836558433
16.0,crank_nicolson,0.21428571428571427,0.4286156101949707
16.0,crank_nicolson,0.2857142857142857,0.5712956246488683
16.0,crank_nicolson,0.3571428571428571,0.7127168691301125
16.0,crank_nicolson,0.42857142857142855,0.843906839079172
16.0,crank_nicolson,0.5,0.9203760523706581
16.0,crank_nicolson,0.5714285714285714,0.8439068390791716
16.0,crank_nicolson,0.6428571428571428,0.712716869130113
16.0,crank_nicolson,0.7142857142857142,0.5712956246488688
16.0,crank_nicolson,0.7857142857142857,0.4286156101949728
16.0,crank_nicolson,0.8571428571428571,0.28545008365584335
16.0,crank_nicolson,0.9285714285714285,0.13666234333159116
16.0,crank_nicolson,1.0,0.0751396036691344
17.0,crank_nicolson,0.0,-0.120127737983761
17.0,crank_nicolson,0.07142857142857142,0.1360142298949488
17.0,crank_nicolson,0.14285714285714285,0.28536971045237813
17.0,crank_nicolson,0.21428571428571427,0.4286083871429685
17.0,crank_nicolson,0.2857142857142857,0.5712776032251748
17.0,crank_nicolson,0.3571428571428571,0.7125734457081687
17.0,crank_nicolson,0.42857142857142855,0.8431526595751112
17.0,crank_nicolson,0.5,0.9182999158961876
17.0,crank_nicolson,0.5714285714285714,0.843152659575111
17.0,crank_nicolson,0.6428571428571428,0.7125734457081693
17.0,crank_nicolson,0.7142857142857142,0.5712776032251754
17.0,crank_nicolson,0.7857142857142857,0.42860838714297067
17.0,crank_nicolson,0.8571428571428571,0.28536971045237813
17.0,crank_nicolson,0.9285714285714285,0.13601422989494874
17.0,crank_nicolson,1.0,-0.120127737983761
18.0,crank_nicolson,0.0,-0.12034132244587939
18.0,crank_nicolson,0.07142857142857142,0.13517132372396432
18.0,crank_nicolson,0.14285714285714285,0.2851979033486412
18.0,crank_nicolson,0.21428571428571427,0.42859039066040006
18.0,crank_nicolson,0.2857142857142857,0.5712366958200681
18.0,crank_nicolson,0.3571428571428571,0.7122667409659724
18.0,crank_nicolson,0.42857142857142855,0.8416167033312121
18.0,crank_nicolson,0.5,0.9142531993135729
18.0,crank_nicolson,0.5714285714285714,0.8416167033312121
18.0,crank_nicolson,0.6428571428571428,0.7122667409659729
18.0,crank_nicolson,0.7142857142857142,0.5712366958200686
18.0,crank_nicolson,0.7857142857142857,0.4285903906604023
18.0,crank_nicolson,0.8571428571428571,0.28519790334864137
18.0,crank_nicolson,0.9285714285714285,0.13517132372396423
18.0,crank_nicolson,1.0,-0.12034132244587939
19.0,crank_nicolson,0.0,-0.0026994449475867843
19.0,crank_nicolson,0.07142857142857142,0.13798176006106724
19.0,crank_nicolson,0.14285714285714285,0.28507579249103177
19.0,crank_nicolson,0.21428571428571427,0.42856809746000835
19.0,crank_nicolson,0.2857142857142857,0.5711889027329821
19.0,crank_nicolson,0.3571428571428571,0.7119338201256874
19.0,crank_nicolson,0.42857142857142855,0.8400480390315734
19.0,crank_nicolson,0.5,0.9103394218254037
19.0,crank_nicolson,0.5714285714285714,0.8400480390315734
19.0,crank_nicolson,0.6428571428571428,0.7119338201256878
19.0,crank_nicolson,0.7142857142857142,0.5711889027329828
19.0,crank_nicolson,0.7857142857142857,0.4285680974600107
19.0,crank_nicolson,0.8571428571428571,0.28507579249103193
19.0,crank_nicolson,0.9285714285714285,0.13798176006106713
19.0,crank_nicolson,1.0,-0.0026994449475867843
20.0,crank_nicolson,0.0,-0.2115421857911801
20.0,crank_nicolson,0.07142857142857142,0.13667566826175576
20.0,crank_nicolson,0.14285714285714285,0.2850182340876463
20.0,crank_nicolson,0.21428571428571427,0.4285557564082127
20.0,crank_nicolson,0.2857142857142857,0.5711622893037004
20.0,crank_nicolson,0.3571428571428571,0.7117576494342591
20.0,crank_nicolson,0.42857142857142855,0.8392528578768204
20.0,crank_nicolson,0.5,0.9084296363165846
20.0,crank_nicolson,0.5714285714285714,0.8392528578768204
20.0,crank_nicolson,0.6428571428571428,0.7117576494342596
20.0,crank_nicolson,0.7142857142857142,0.571162289303701
20.0,crank_nicolson,0.7857142857142857,0.4285557564082151
20.0,crank_nicolson,0.8571428571428571,0.28501823408764654
20.0,crank_nicolson,0.9285714285714285,0.13667566826175562
20.0,crank_nicolson,1.0,-0.2115421857911801
21.0,crank_nicolson,0.0,-0.24416872999420447
21.0,crank_nicolson,0.07142857142857142,0.13641703932547786
21.0,crank_nicolson,0.14285714285714285,0.28490496776141866
21.0,crank_nicolson,0.21428571428571427,0.4285286493873064
21.0,crank_nicolson,0.2857142857142857,0.5711033877380365
21.0,crank_nicolson,0.3571428571428571,0.7113861752110094
21.0,crank_nicolson,0.42857142857142855,0.837643379805222
21.0,crank_nicolson,0.5,0.9046991582731468
21.0,crank_nicolson,0.5714285714285714,0.837643379805222
21.0,crank_nicolson,0.6428571428571428,0.7113861752110099
21.0,crank_nicolson,0.7142857142857142,0.5711033877380371
21.0,crank_nicolson,0.7857142857142857,0.42852864938730895
21.0,crank_nicolson,0.8571428571428571,0.28490496776141894
21.0,crank_nicolson,0.9285714285714285,0.13641703932547772
21.0,crank_nicolson,1.0,-0.24416872999420447
22.0,crank_nicolson,0.0,-0.3919340247759551
22.0,crank_nicolson,0.07142857142857142,0.13436430457666418
22.0,crank_nicolson,0.14285714285714285,0.28476698524493016
22.0,crank_nicolson,0.21428571428571427,0.4284980418567354
22.0,crank_nicolson,0.2857142857142857,0.5710366197870099
22.0,crank_nicolson,0.3571428571428571,0.7109896257400314
22.0,crank_nicolson,0.42857142857142855,0.8360115519511548
22.0,crank_nicolson,0.5,0.9010811253165482
22.0,crank_nicolson,0.5714285714285714,0.8360115519511548
22.0,crank_nicolson,0.6428571428571428,0.7109896257400319
22.0,crank_nicolson,0.7142857142857142,0.5710366197870109
22.0,crank_nicolson,0.7857142857142857,0.4284980418567382
22.0,crank_nicolson,0.8571428571428571,0.28476698524493044
22.0,crank_nicolson,0.9285714285714285,0.13436430457666407
22.0,crank_nicolson,1.0,-0.3919340247759551
23.0,crank_nicolson,0.0,-0.26563720977968613
23.0,crank_nicolson,0.07142857142857142,0.1327861126461241
23.0,crank_nicolson,0.14285714285714285,0.2846660880192457
23.0,crank_nicolson,0.21428571428571427,0.42848100579027176
23.0,crank_nicolson,0.2857142857142857,0.57100017636264
23.0,crank_nicolson,0.3571428571428571,0.7107821249519348
23.0,crank_nicolson,0.42857142857142855,0.8351883431866974
23.0,crank_nicolson,0.5,0.8993120374602837
23.0,crank_nicolson,0.5714285714285714,0.8351883431866975
23.0,crank_nicolson,0.6428571428571428,0.7107821249519354
23.0,crank_nicolson,0.7142857142857142,0.571000176362641
23.0,crank_nicolson,0.7857142857142857,0.42848100579027465
23.0,crank_nicolson,0.8571428571428571,0.284666088019246
23.0,crank_nicolson,0.9285714285714285,0.132786112646124
23.0,crank_nicolson,1.0,-0.26563720977968613
24.0,crank_nicolson,0.0,0.1476933159990821
24.0,crank_nicolson,0.07142857142857142,0.13454855495538592
24.0,crank_nicolson,0.14285714285714285,0.28446951000014303
24.0,crank_nicolson,0.21428571428571427,0.42844268897890353
24.0,crank_nicolson,0.2857142857142857,0.5709209486858914
24.0,crank_nicolson,0.3571428571428571,0.7103490524737921
24.0,crank_nicolson,0.42857142857142855,0.833529314225675
24.0,crank_nicolson,0.5,0.8958495493226387
24.0,crank_nicolson,0.5714285714285714,0.8335293142256751
24.0,crank_nicolson,0.6428571428571428,0.7103490524737927
24.0,crank_nicolson,0.7142857142857142,0.5709209486858924
24.0,crank_nicolson,0.7857142857142857,0.4284426889789066
24.0,crank_nicolson,0.8571428571428571,0.2844695100001434
24.0,crank_nicolson,0.9285714285714285,0.1345485549553858
24.0,crank_nicolson,1.0,0.1476933159990821
25.0,crank_nicolson,0.0,-0.023129656477648107
25.0,crank_nicolson,0.07142857142857142,0.13502522501560713
25.0,crank_nicolson,0.14285714285714285,0.28431948497215837
25.0,crank_nicolson,0.21428571428571427,0.4283996350581557
25.0,crank_nicolson,0.2857142857142857,0.5708329978712519
25.0,crank_nicolson,0.3571428571428571,0.7098924221129652
25.0,crank_nicolson,0.42857142857142855,0.8318558711493971
25.0,crank_nicolson,0.5,0.8924827959949384
25.0,crank_nicolson,0.5714285714285714,0.8318558711493974
25.0,crank_nicolson,0.6428571428571428,0.7098924221129658
25.0,crank_nicolson,0.7142857142857142,0.570832997871253
25.0,crank_nicolson,0.7857142857142857,0.4283996350581588
25.0,crank_nicolson,0.8571428571428571,0.2843194849721587
25.0,crank_nicolson,0.9285714285714285,0.13502522501560704
25.0,crank_nicolson,1.0,-0.023129656477648107
26.0,crank_nicolson,0.0,-0.06022073911785776
26.0,crank_nicolson,0.07142857142857142,0.13481074785723796
26.0,crank_nicolson,0.14285714285714285,0.2842474465371844
26.0,crank_nicolson,0.21428571428571427,0.4283765833946329
26.0,crank_nicolson,0.2857142857142857,0.5707856654267032
26.0,crank_nicolson,0.3571428571428571,0.709655481403345
26.0,crank_nicolson,0.42857142857142855,0.831014574671256
26.0,crank_nicolson,0.5,0.8908334896764928
26.0,crank_nicolson,0.5714285714285714,0.8310145746712563
26.0,crank_nicolson,0.6428571428571428,0.7096554814033456
26.0,crank_nicolson,0.7142857142857142,0.5707856654267044
26.0,crank_nicolson,0.7857142857142857,0.42837658339463613
26.0,crank_nicolson,0.8571428571428571,0.2842474465371847
26.0,crank_nicolson,0.9285714285714285,0.13481074785723787
26.0,crank_nicolson,1.0,-0.06022073911785776
27.0,crank_nicolson,0.0,-0.14396884167894172
27.0,crank_nicolson,0.07142857142857142,0.1322825234628494
27.0,crank_nicolson,0.14285714285714285,0.2840642683740519
27.0,crank_nicolson,0.21428571428571427,0.42832703714653886
27.0,crank_nicolson,0.2857142857142857,0.5706841345270831
27.0,crank_nicolson,0.3571428571428571,0.709164780112842
27.0,crank_nicolson,0.42857142857142855,0.8293243418263617
27.0,crank_nicolson,0.5,0.8875996030278118
27.0,crank_nicolson,0.5714285714285714,0.8293243418263622
27.0,crank_nicolson,0.6428571428571428,0.7091647801128426
27.0,crank_nicolson,0.7142857142857142,0.5706841345270841
27.0,crank_nicolson,0.7857142857142857,0.4283270371465422
27.0,crank_nicolson,0.8571428571428571,0.2840642683740523
27.0,crank_nicolson,0.9285714285714285,0.13228252346284933
27.0,crank_nicolson,1.0,-0.14396884167894172
28.0,crank_nicolson,0.0,0.21142444524378315
28.0,crank_nicolson,0.07142857142857142,0.1336220575854505
28.0,crank_nicolson,0.14285714285714285,0.2838674017358015
28.0,crank_nicolson,0.21428571428571427,0.4282720576793933
28.0,crank_nicolson,0.2857142857142857,0.5705732504903802
28.0,crank_nicolson,0.3571428571428571,0.7086522405182558
28.0,crank_nicolson,0.42857142857142855,0.8276257524544757
28.0,crank_nicolson,0.5,0.8844477673823278
28.0,crank_nicolson,0.5714285714285714,0.8276257524544761
28.0,crank_nicolson,0.6428571428571428,0.7086522405182564
28.0,crank_nicolson,0.7142857142857142,0.5705732504903811
28.0,crank_nicolson,0.7857142857142857,0.42827205767939674
28.0,crank_nicolson,0.8571428571428571,0.2838674017358019
28.0,crank_nicolson,0.9285714285714285,0.1336220575854505
28.0,crank_nicolson,1.0,0.21142444524378315
29.0,crank_nicolson,0.0,0.06872365791369228
29.0,crank_nicolson,0.07142857142857142,0.13431028051818575
29.0,crank_nicolson,0.14285714285714285,0.2837929539431869
29.0,crank_nicolson,0.21428571428571427,0.4282427418716027
29.0,crank_nicolson,0.2857142857142857,0.570514232715313
29.0,crank_nicolson,0.3571428571428571,0.70838800485807
29.0,crank_nicolson,0.42857142857142855,0.8267739560143476
29.0,crank_nicolson,0.5,0.8829011154828031
29.0,crank_nicolson,0.5714285714285714,0.826773956014348
29.0,crank_nicolson,0.6428571428571428,0.7083880048580706
29.0,crank_nicolson,0.7142857142857142,0.5705142327153139
29.0,crank_nicolson,0.7857142857142857,0.4282427418716062
29.0,crank_nicolson,0.8571428571428571,0.2837929539431873
29.0,crank_nicolson,0.9285714285714285,0.13431028051818575
29.0,crank_nicolson,1.0,0.06872365791369228
30.0,crank_nicolson,0.0,0.064816793878959
30.0,crank_nicolson,0.07142857142857142,0.13283291969643146
30.0,crank_nicolson,0.14285714285714285,0.28361900337941337
30.0,crank_nicolson,0.21428571428571427,0.4281807419074388
30.0,crank_nicolson,0.2857142857142857,0.5703889374974933
30.0,crank_nicolson,0.3571428571428571,0.7078440532545172
30.0,crank_nicolson,0.42857142857142855,0.8250665067215335
30.0,crank_nicolson,0.5,0.8798635344099792
30.0,crank_nicolson,0.5714285714285714,0.8250665067215339
30.0,crank_nicolson,0.6428571428571428,0.707844053254518
30.0,crank_nicolson,0.7142857142857142,0.5703889374974943
30.0,crank_nicolson,0.7857142857142857,0.4281807419074424
30.0,crank_nicolson,0.8571428571428571,0.2836190033794138
30.0,crank_nicolson,0.9285714285714285,0.13283291969643146
30.0,crank_nicolson,1.0,0.064816793878959
31.0,crank_nicolson,0.0,-0.13538440006119176
31.0,crank_nicolson,0.07142857142857142,0.13188851961812278
31.0,crank_nicolson,0.14285714285714285,0.2834421379024015
31.0,crank_nicolson,0.21428571428571427,0.42811387653172617
31.0,crank_nicolson,0.2857142857142857,0.5702538360960367
31.0,crank_nicolson,0.3571428571428571,0.7072800659377788
31.0,crank_nicolson,0.42857142857142855,0.8233553029649897
31.0,crank_nicolson,0.5,0.8768967480488788
31.0,crank_nicolson,0.5714285714285714,0.8233553029649902
31.0,crank_nicolson,0.6428571428571428,0.7072800659377798
31.0,crank_nicolson,0.7142857142857142,0.5702538360960376
31.0,crank_nicolson,0.7857142857142857,0.42811387653173
31.0,crank_nicolson,0.8571428571428571,0.28344213790240214
31.0,crank_nicolson,0.9285714285714285,0.1318885196181228
31.0,crank_nicolson,1.0,-0.13538440006119176
32.0,crank_nicolson,0.0,0.12233525776817358
32.0,crank_nicolson,0.07142857142857142,0.13297985823772288
32.0,crank_nicolson,0.14285714285714285,0.2833563078721309
32.0,crank_nicolson,0.21428571428571427,0.42807861524153806
32.0,crank_nicolson,0.2857142857142857,0.5701825659329233
32.0,crank_nicolson,0.3571428571428571,0.7069907856463279
32.0,crank_nicolson,0.42857142857142855,0.8224987713810217
32.0,crank_nicolson,0.5,0.8754386624829074
32.0,crank_nicolson,0.5714285714285714,0.8224987713810223
32.0,crank_nicolson,0.6428571428571428,0.706990785646329
32.0,crank_nicolson,0.7142857142857142,0.5701825659329243
32.0,crank_nicolson,0.7857142857142857,0.42807861524154195
32.0,crank_nicolson,0.8571428571428571,0.28335630787213145
32.0,crank_nicolson,0.9285714285714285,0.13297985823772293
32.0,crank_nicolson,1.0,0.12233525776817358
33.0,crank_nicolson,0.0,0.18625602382323972
33.0,crank_nicolson,0.07142857142857142,0.13605498944152136
33.0,crank_nicolson,0.14285714285714285,0.2832470901031354
33.0,crank_nicolson,0.21428571428571427,0.4280052226392097
33.0,crank_nicolson,0.2857142857142857,0.5700325245262704
33.0,crank_nicolson,0.3571428571428571,0.7063981036884224
33.0,crank_nicolson,0.42857142857142855,0.8207847147918274
33.0,crank_nicolson,0.5,0.8725707846567349
33.0,crank_nicolson,0.5714285714285714,0.8207847147918279
33.0,crank_nicolson,0.6428571428571428,0.7063981036884234
33.0,crank_nicolson,0.7142857142857142,0.5700325245262714
33.0,crank_nicolson,0.7857142857142857,0.4280052226392137
33.0,crank_nicolson,0.8571428571428571,0.28324709010313603
33.0,crank_nicolson,0.9285714285714285,0.13605498944152147
33.0,crank_nicolson,1.0,0.18625602382323972
34.0,crank_nicolson,0.0,-0.06184247517024292
34.0,crank_nicolson,0.07142857142857142,0.13482997980052916
34.0,crank_nicolson,0.14285714285714285,0.2831598251557443
34.0,crank_nicolson,0.21428571428571427,0.4279291906177878
34.0,crank_nicolson,0.2857142857142857,0.5698724468029176
34.0,crank_nicolson,0.3571428571428571,0.7057871918783752
34.0,crank_nicolson,0.42857142857142855,0.8190703783302005
34.0,crank_nicolson,0.5,0.8697643981165987
34.0,crank_nicolson,0.5714285714285714,0.819070378330201
34.0,crank_nicolson,0.6428571428571428,0.7057871918783762
34.0,crank_nicolson,0.7142857142857142,0.5698724468029187
34.0,crank_nicolson,0.7857142857142857,0.4279291906177919
34.0,crank_nicolson,0.8571428571428571,0.28315982515574484
34.0,crank_nicolson,0.9285714285714285,0.13482997980052927
34.0,crank_nicolson,1.0,-0.06184247517024292
35.0,crank_nicolson,0.0,0.06625268628071279
35.0,crank_nicolson,0.07142857142857142,0.1354595259316121
35.0,crank_nicolson,0.14285714285714285,0.28311571726547335
35.0,crank_nicolson,0.21428571428571427,0.42789015053061435
35.0,crank_nicolson,0.2857142857142857,0.5697886399914984
35.0,crank_nicolson,0.3571428571428571,0.7054751226258442
35.0,crank_nicolson,0.42857142857142855,0.8182134643551919
35.0,crank_nicolson,0.5,0.8683832355298252
35.0,crank_nicolson,0.5714285714285714,0.8182134643551925
35.0,crank_nicolson,0.6428571428571428,0.7054751226258452
35.0,crank_nicolson,0.7142857142857142,0.5697886399914993
35.0,crank_nicolson,0.7857142857142857,0.4278901505306185
35.0,crank_nicolson,0.8571428571428571,0.28311571726547385
35.0,crank_nicolson,0.9285714285714285,0.1354595259316122
35.0,crank_nicolson,1.0,0.06625268628071279
36.0,crank_nicolson,0.0,-0.095834847569058
36.0,crank_nicolson,0.07142857142857142,0.13641876459048657
36.0,crank_nicolson,0.14285714285714285,0.28306407940123357
36.0,crank_nicolson,0.21428571428571427,0.42781043058954443
36.0,crank_nicolson,0.2857142857142857,0.569613494681443
36.0,crank_nicolson,0.3571428571428571,0.7048381981970792
36.0,crank_nicolson,0.42857142857142855,0.8165007933811591
36.0,crank_nicolson,0.5,0.8656630429898895
36.0,crank_nicolson,0.5714285714285714,0.8165007933811598
36.0,crank_nicolson,0.6428571428571428,0.7048381981970802
36.0,crank_nicolson,0.7142857142857142,0.5696134946814438
36.0,crank_nicolson,0.7857142857142857,0.4278104305895486
36.0,crank_nicolson,0.8571428571428571,0.2830640794012341
36.0,crank_nicolson,0.9285714285714285,0.13641876459048666
36.0,crank_nicolson,1.0,-0.095834847569058
37.0,crank_nicolson,0.0,-0.22126699480120565
37.0,crank_nicolson,0.07142857142857142,0.13495204103229413
37.0,crank_nicolson,0.14285714285714285,0.2830009663106287
37.0,crank_nicolson,0.21428571428571427,0.42772873717651544
37.0,crank_nicolson,0.2857142857142857,0.5694283376054526
37.0,crank_nicolson,0.3571428571428571,0.7041848057068133
37.0,crank_nicolson,0.42857142857142855,0.8147904446687123
37.0,crank_nicolson,0.5,0.8629966142862837
37.0,crank_nicolson,0.5714285714285714,0.8147904446687129
37.0,crank_nicolson,0.6428571428571428,0.7041848057068141
37.0,crank_nicolson,0.7142857142857142,0.5694283376054535
37.0,crank_nicolson,0.7857142857142857,0.42772873717651977
37.0,crank_nicolson,0.8571428571428571,0.28300096631062926
37.0,crank_nicolson,0.9285714285714285,0.13495204103229427
37.0,crank_nicolson,1.0,-0.22126699480120565
38.0,crank_nicolson,0.0,-0.23924132481613417
38.0,crank_nicolson,0.07142857142857142,0.1335127079134997
38.0,crank_nicolson,0.14285714285714285,0.28294609822751215
38.0,crank_nicolson,0.21428571428571427,0.4276868103771317
38.0,crank_nicolson,0.2857142857142857,0.5693320172006937
38.0,crank_nicolson,0.3571428571428571,0.7038521485044368
38.0,crank_nicolson,0.42857142857142855,0.8139364083759498
38.0,crank_nicolson,0.5,0.8616827041697578
38.0,crank_nicolson,0.5714285714285714,0.8139364083759505
38.0,crank_nicolson,0.6428571428571428,0.7038521485044374
38.0,crank_nicolson,0.7142857142857142,0.5693320172006945
38.0,crank_nicolson,0.7857142857142857,0.42768681037713613
38.0,crank_nicolson,0.8571428571428571,0.28294609822751277
38.0,crank_nicolson,0.9285714285714285,0.13351270791349984
38.0,crank_nicolson,1.0,-0.23924132481613417
39.0,crank_nicolson,0.0,0.2712480057141646
39.0,crank_nicolson,0.07142857142857142,0.1368357049252688
39.0,crank_nicolson,0.14285714285714285,0.2828598062674238
39.0,crank_nicolson,0.21428571428571427,0.4276003280229695
39.0,crank_nicolson,0.2857142857142857,0.5691319102973053
39.0,crank_nicolson,0.3571428571428571,0.7031753336084319
39.0,crank_nicolson,0.42857142857142855,0.8122310923371373
39.0,crank_nicolson,0.5,0.8590918820687259
39.0,crank_nicolson,0.5714285714285714,0.8122310923371379
39.0,crank_nicolson,0.6428571428571428,0.7031753336084327
39.0,crank_nicolson,0.7142857142857142,0.5691319102973061
39.0,crank_nicolson,0.7857142857142857,0.42760032802297404
39.0,crank_nicolson,0.8571428571428571,0.28285980626742446
39.0,crank_nicolson,0.9285714285714285,0.1368357049252689
39.0,crank_nicolson,1.0,0.2712480057141646
40.0,crank_nicolson,0.0,0.20070657957840485
40.0,crank_nicolson,0.07142857142857142,0.1383411548649384
40.0,crank_nicolson,0.14285714285714285,0.2828349330174872
40.0,crank_nicolson,0.21428571428571427,0.4275116020529815
40.0,crank_nicolson,0.2857142857142857,0.5689218944723766
40.0,crank_nicolson,0.3571428571428571,0.7024837352941037
40.0,crank_nicolson,0.42857142857142855,0.8105300266578612
40.0,crank_nicolson,0.5,0.8565483724675559
40.0,crank_nicolson,0.5714285714285714,0.8105300266578618
40.0,crank_nicolson,0.6428571428571428,0.7024837352941046
40.0,crank_nicolson,0.7142857142857142,0.5689218944723773
40.0,crank_nicolson,0.7857142857142857,0.42751160205298616
40.0,crank_nicolson,0.8571428571428571,0.282834933017488
40.0,crank_nicolson,0.9285714285714285,0.1383411548649385
40.0,crank_nicolson,1.0,0.20070657957840485
41.0,crank_nicolson,0.0,0.07232720500952683
41.0,crank_nicolson,0.07142857142857142,0.13891281878917697
41.0,crank_nicolson,0.14285714285714285,0.28284096199753744
41.0,crank_nicolson,0.21428571428571427,0.4274667852120263
41.0,crank_nicolson,0.2857142857142857,0.56881320032338
41.0,crank_nicolson,0.3571428571428571,0.7021325951248093
41.0,crank_nicolson,0.42857142857142855,0.8096812839166705
41.0,crank_nicolson,0.5,0.8552936417219934
41.0,crank_nicolson,0.5714285714285714,0.809681283916671
41.0,crank_nicolson,0.6428571428571428,0.7021325951248102
41.0,crank_nicolson,0.7142857142857142,0.5688132003233808
41.0,crank_nicolson,0.7857142857142857,0.4274667852120309
41.0,crank_nicolson,0.8571428571428571,0.28284096199753833
41.0,crank_nicolson,0.9285714285714285,0.13891281878917708
41.0,crank_nicolson,1.0,0.07232720500952683
42.0,crank_nicolson,0.0,0.07227912110168279
42.0,crank_nicolson,0.07142857142857142,0.1386868488425308
42.0,crank_nicolson,0.14285714285714285,0.2828461104341202
42.0,crank_nicolson,0.21428571428571427,0.42737646863535106
42.0,crank_nicolson,0.2857142857142857,0.5685885177880757
42.0,crank_nicolson,0.3571428571428571,0.701420029638864
42.0,crank_nicolson,0.42857142857142855,0.8079877294223912
42.0,crank_nicolson,0.5,0.8528168767540321
42.0,crank_nicolson,0.5714285714285714,0.8079877294223915
42.0,crank_nicolson,0.6428571428571428,0.7014200296388649
42.0,crank_nicolson,0.7142857142857142,0.5685885177880765
42.0,crank_nicolson,0.7857142857142857,0.4273764686353557
42.0,crank_nicolson,0.8571428571428571,0.2828461104341211
42.0,crank_nicolson,0.9285714285714285,0.1386868488425309
42.0,crank_nicolson,1.0,0.07227912110168279
43.0,crank_nicolson,0.0,-0.007165207821990308
43.0,crank_nicolson,0.07142857142857142,0.14080641419128434
43.0,crank_nicolson,0.14285714285714285,0.28289776954087836
43.0,crank_nicolson,0.21428571428571427,0.4272855074022251
43.0,crank_nicolson,0.2857142857142857,0.5683542249226846
43.0,crank_nicolson,0.3571428571428571,0.7006942679352863
43.0,crank_nicolson,0.42857142857142855,0.8062998334599909
43.0,crank_nicolson,0.5,0.8503820099589796
43.0,crank_nicolson,0.5714285714285714,0.8062998334599912
43.0,crank_nicolson,0.6428571428571428,0.7006942679352872
43.0,crank_nicolson,0.7142857142857142,0.5683542249226856
43.0,crank_nicolson,0.7857142857142857,0.4272855074022297
43.0,crank_nicolson,0.8571428571428571,0.2828977695408794
43.0,crank_nicolson,0.9285714285714285,0.14080641419128448
43.0,crank_nicolson,1.0,-0.007165207821990308
44.0,crank_nicolson,0.0,0.3129287311628013
44.0,crank_nicolson,0.07142857142857142,0.1429376547499986
44.0,crank_nicolson,0.14285714285714285,0.2829428784467966
44.0,crank_nicolson,0.21428571428571427,0.4272401622968621
44.0,crank_nicolson,0.2857142857142857,0.5682335253913336
44.0,crank_nicolson,0.3571428571428571,0.7003266286221994
44.0,crank_nicolson,0.42857142857142855,0.8054581489649195
44.0,crank_nicolson,0.5,0.8491796835387824
44.0,crank_nicolson,0.5714285714285714,0.8054581489649199
44.0,crank_nicolson,0.6428571428571428,0.7003266286222003
44.0,crank_nicolson,0.7142857142857142,0.5682335253913348
44.0,crank_nicolson,0.7857142857142857,0.42724016229686673
44.0,crank_nicolson,0.8571428571428571,0.28294287844679766
44.0,crank_nicolson,0.9285714285714285,0.14293765474999875
44.0,crank_nicolson,1.0,0.3129287311628013
45.0,crank_nicolson,0.0,0.16438050087504477
45.0,crank_nicolson,0.07142857142857142,0.14052729507778197
45.0,crank_nicolson,0.14285714285714285,0.2829920916446795
45.0,crank_nicolson,0.21428571428571427,0.4271495685288218
45.0,crank_nicolson,0.2857142857142857,0.5679851348271481
45.0,crank_nicolson,0.3571428571428571,0.6995822043199802
45.0,crank_nicolson,0.42857142857142855,0.8037795580360967
45.0,crank_nicolson,0.5,0.8468041041461887
45.0,crank_nicolson,0.5714285714285714,0.803779558036097
45.0,crank_nicolson,0.6428571428571428,0.6995822043199812
45.0,crank_nicolson,0.7142857142857142,0.5679851348271492
45.0,crank_nicolson,0.7857142857142857,0.4271495685288266
45.0,crank_nicolson,0.8571428571428571,0.28299209164468064
45.0,crank_nicolson,0.9285714285714285,0.14052729507778217
45.0,crank_nicolson,1.0,0.16438050087504477
46.0,crank_nicolson,0.0,-0.05980147009317349
46.0,crank_nicolson,0.07142857142857142,0.14029004449074373
46.0,crank_nicolson,0.14285714285714285,0.28303629556022214
46.0,crank_nicolson,0.21428571428571427,0.4270582050618038
46.0,crank_nicolson,0.2857142857142857,0.5677275618043239
46.0,crank_nicolson,0.3571428571428571,0.6988260684116862
46.0,crank_nicolson,0.42857142857142855,0.8021076338948988
46.0,crank_nicolson,0.5,0.8444658545064598
46.0,crank_nicolson,0.5714285714285714,0.8021076338948991
46.0,crank_nicolson,0.6428571428571428,0.698826068411687
46.0,crank_nicolson,0.7142857142857142,0.567727561804325
46.0,crank_nicolson,0.7857142857142857,0.42705820506180864
46.0,crank_nicolson,0.8571428571428571,0.2830362955602235
46.0,crank_nicolson,0.9285714285714285,0.140290044490744
46.0,crank_nicolson,1.0,-0.05980147009317349
47.0,crank_nicolson,0.0,0.01835215530710046
47.0,crank_nicolson,0.07142857142857142,0.14044729914260157
47.0,crank_nicolson,0.14285714285714285,0.2830542786625055
47.0,crank_nicolson,0.21428571428571427,0.4270121462364436
47.0,crank_nicolson,0.2857142857142857,0.5675953821271191
47.0,crank_nicolson,0.3571428571428571,0.698443785449749
47.0,crank_nicolson,0.42857142857142855,0.8012742714518513
47.0,crank_nicolson,0.5,0.8433102161690207
47.0,crank_nicolson,0.5714285714285714,0.8012742714518517
47.0,crank_nicolson,0.6428571428571428,0.6984437854497499
47.0,crank_nicolson,0.7142857142857142,0.5675953821271202
47.0,crank_nicolson,0.7857142857142857,0.4270121462364485
47.0,crank_nicolson,0.8571428571428571,0.28305427866250693
47.0,crank_nicolson,0.9285714285714285,0.14044729914260187
47.0,crank_nicolson,1.0,0.01835215530710046
48.0,crank_nicolson,0.0,-0.04393437756750239
48.0,crank_nicolson,0.07142857142857142,0.13759563840388697
48.0,crank_nicolson,0.14285714285714285,0.283034379509478
48.0,crank_nicolson,0.21428571428571427,0.42691844988138833
48.0,crank_nicolson,0.2857142857142857,0.5673243299204455
48.0,crank_nicolson,0.3571428571428571,0.6976711333071404
48.0,crank_nicolson,0.42857142857142855,0.7996129204949649
48.0,crank_nicolson,0.5,0.8410249448418889
48.0,crank_nicolson,0.5714285714285714,0.7996129204949656
48.0,crank_nicolson,0.6428571428571428,0.6976711333071413
48.0,crank_nicolson,0.7142857142857142,0.5673243299204467
48.0,crank_nicolson,0.7857142857142857,0.4269184498813932
48.0,crank_nicolson,0.8571428571428571,0.28303437950947963
48.0,crank_nicolson,0.9285714285714285,0.13759563840388725
48.0,crank_nicolson,1.0,-0.04393437756750239
49.0,crank_nicolson,0.0,0.29557880894830324
49.0,crank_nicolson,0.07142857142857142,0.14027008801485585
49.0,crank_nicolson,0.14285714285714285,0.28301755331179024
49.0,crank_nicolson,0.21428571428571427,0.42682166449111003
49.0,crank_nicolson,0.2857142857142857,0.5670444549949839
49.0,crank_nicolson,0.3571428571428571,0.6968881442015123
49.0,crank_nicolson,0.42857142857142855,0.7979589380261478
49.0,crank_nicolson,0.5,0.838773127663016
49.0,crank_nicolson,0.5714285714285714,0.7979589380261484
49.0,crank_nicolson,0.6428571428571428,0.6968881442015132
49.0,crank_nicolson,0.7142857142857142,0.5670444549949852
49.0,crank_nicolson,0.7857142857142857,0.4268216644911151
49.0,crank_nicolson,0.8571428571428571,0.283017553311792
49.0,crank_nicolson,0.9285714285714285,0.1402700880148561
49.0,crank_nicolson,1.0,0.29557880894830324
50.0,crank_nicolson,0.0,-0.10365404365472948
50.0,crank_nicolson,0.07142857142857142,0.1396035185437115
50.0,crank_nicolson,0.14285714285714285,0.2830269918862789
50.0,crank_nicolson,0.21428571428571427,0.426772383193044
50.0,crank_nicolson,0.2857142857142857,0.5669012480948108
50.0,crank_nicolson,0.3571428571428571,0.6964929355276674
50.0,crank_nicolson,0.42857142857142855,0.7971347774480274
50.0,crank_nicolson,0.5,0.8376593283088545
50.0,crank_nicolson,0.5714285714285714,0.7971347774480279
50.0,crank_nicolson,0.6428571428571428,0.6964929355276683
50.0,crank_nicolson,0.7142857142857142,0.5669012480948122
50.0,crank_nicolson,0.7857142857142857,0.42677238319304917
50.0,crank_nicolson,0.8571428571428571,0.28302699188628067
50.0,crank_nicolson,0.9285714285714285,0.13960351854371172
50.0,crank_nicolson,1.0,-0.10365404365472948
51.0,crank_nicolson,0.0,-0.10035140871690731
51.0,crank_nicolson,0.07142857142857142,0.1379647386185687
51.0,crank_nicolson,0.14285714285714285,0.2830092936275408
51.0,crank_nicolson,0.21428571428571427,0.42667192144141897
51.0,crank_nicolson,0.2857142857142857,0.566608385527368
51.0,crank_nicolson,0.3571428571428571,0.69569540414839
51.0,crank_nicolson,0.42857142857142855,0.7954922338277676
51.0,crank_nicolson,0.5,0.8354551226608088
51.0,crank_nicolson,0.5714285714285714,0.795492233827768
51.0,crank_nicolson,0.6428571428571428,0.6956954041483909
51.0,crank_nicolson,0.7142857142857142,0.5666083855273694
51.0,crank_nicolson,0.7857142857142857,0.4266719214414242
51.0,crank_nicolson,0.8571428571428571,0.28300929362754246
51.0,crank_nicolson,0.9285714285714285,0.13796473861856892
51.0,crank_nicolson,1.0,-0.10035140871690731
52.0,crank_nicolson,0.0,0.0657502219319369
52.0,crank_nicolson,0.07142857142857142,0.13980048074305174
52.0,crank_nicolson,0.14285714285714285,0.28300122918350007
52.0,crank_nicolson,0.21428571428571427,0.42656839534619984
52.0,crank_nicolson,0.2857142857142857,0.5663070363876107
52.0,crank_nicolson,0.3571428571428571,0.6948887928094483
52.0,crank_nicolson,0.42857142857142855,0.7938575259114603
52.0,crank_nicolson,0.5,0.8332810653785044
52.0,crank_nicolson,0.5714285714285714,0.7938575259114609
52.0,crank_nicolson,0.6428571428571428,0.6948887928094494
52.0,crank_nicolson,0.7142857142857142,0.5663070363876122
52.0,crank_nicolson,0.7857142857142857,0.42656839534620516
52.0,crank_nicolson,0.8571428571428571,0.28300122918350185
52.0,crank_nicolson,0.9285714285714285,0.13980048074305196
52.0,crank_nicolson,1.0,0.0657502219319369
53.0,crank_nicolson,0.0,-0.10595204075340776
53.0,crank_nicolson,0.07142857142857142,0.1391307936439766
53.0,crank_nicolson,0.14285714285714285,0.2830012993784089
53.0,crank_nicolson,0.21428571428571427,0.4265156398035598
53.0,crank_nicolson,0.2857142857142857,0.5661532227484716
53.0,crank_nicolson,0.3571428571428571,0.6944822298470196
53.0,crank_nicolson,0.42857142857142855,0.793043153294186
53.0,crank_nicolson,0.5,0.8322049690757235
53.0,crank_nicolson,0.5714285714285714,0.7930431532941866
53.0,crank_nicolson,0.6428571428571428,0.6944822298470207
53.0,crank_nicolson,0.7142857142857142,0.566153222748473
53.0,crank_nicolson,0.7857142857142857,0.4265156398035651
53.0,crank_nicolson,0.8571428571428571,0.28300129937841073
53.0,crank_nicolson,0.9285714285714285,0.13913079364397682
53.0,crank_nicolson,1.0,-0.10595204075340776
54.0,crank_nicolson,0.0,0.019415509869608077
54.0,crank_nicolson,0.07142857142857142,0.14006289628474639
54.0,crank_nicolson,0.14285714285714285,0.2830067572524075
54.0,crank_nicolson,0.21428571428571427,0.42640815660084014
54.0,crank_nicolson,0.2857142857142857,0.5658394113366864
54.0,crank_nicolson,0.3571428571428571,0.6936628748560512
54.0,crank_nicolson,0.42857142857142855,0.7914204423887637
54.0,crank_nicolson,0.5,0.8300739332068029
54.0,crank_nicolson,0.5714285714285714,0.7914204423887644
54.0,crank_nicolson,0.6428571428571428,0.6936628748560524
54.0,crank_nicolson,0.7142857142857142,0.5658394113366879
54.0,crank_nicolson,0.7857142857142857,0.4264081566008455
54.0,crank_nicolson,0.8571428571428571,0.2830067572524093
54.0,crank_nicolson,0.9285714285714285,0.14006289628474664
54.0,crank_nicolson,1.0,0.019415509869608077
55.0,crank_nicolson,0.0,-0.14041061877547048
55.0,crank_nicolson,0.07142857142857142,0.14046486120870985
55.0,crank_nicolson,0.14285714285714285,0.283038154341004
55.0,crank_nicolson,0.21428571428571427,0.426298450020742
55.0,crank_nicolson,0.2857142857142857,0.5655174872301687
55.0,crank_nicolson,0.3571428571428571,0.6928355823679537
55.0,crank_nicolson,0.42857142857142855,0.7898058555783871
55.0,crank_nicolson,0.5,0.8279702105933524
55.0,crank_nicolson,0.5714285714285714,0.7898058555783879
55.0,crank_nicolson,0.6428571428571428,0.692835582367955
55.0,crank_nicolson,0.7142857142857142,0.5655174872301701
55.0,crank_nicolson,0.7857142857142857,0.4262984500207475
55.0,crank_nicolson,0.8571428571428571,0.2830381543410058
55.0,crank_nicolson,0.9285714285714285,0.14046486120871016
55.0,crank_nicolson,1.0,-0.14041061877547048
56.0,crank_nicolson,0.0,-0.06553242931955365
56.0,crank_nicolson,0.07142857142857142,0.1400507658101495
56.0,crank_nicolson,0.14285714285714285,0.28304426183121945
56.0,crank_nicolson,0.21428571428571427,0.4262427931029843
56.0,crank_nicolson,0.2857142857142857,0.565353535950795
56.0,crank_nicolson,0.3571428571428571,0.6924190935585047
56.0,crank_nicolson,0.42857142857142855,0.7890016330227897
56.0,crank_nicolson,0.5,0.8269282704584249
56.0,crank_nicolson,0.5714285714285714,0.7890016330227906
56.0,crank_nicolson,0.6428571428571428,0.6924190935585058
56.0,crank_nicolson,0.7142857142857142,0.5653535359507965
56.0,crank_nicolson,0.7857142857142857,0.4262427931029898
56.0,crank_nicolson,0.8571428571428571,0.28304426183122133
56.0,crank_nicolson,0.9285714285714285,0.14005076581014977
56.0,crank_nicolson,1.0,-0.06553242931955365
57.0,crank_nicolson,0.0,-0.2927029896264237
57.0,crank_nicolson,0.07142857142857142,0.13763672086640913
57.0,crank_nicolson,0.14285714285714285,0.2830253749262213
57.0,crank_nicolson,0.21428571428571427,0.42612924100891525
57.0,crank_nicolson,0.2857142857142857,0.5650197552826985
57.0,crank_nicolson,0.3571428571428571,0.6915806897035415
57.0,crank_nicolson,0.42857142857142855,0.787399367455483
57.0,crank_nicolson,0.5,0.8248636220557238
57.0,crank_nicolson,0.5714285714285714,0.7873993674554839
57.0,crank_nicolson,0.6428571428571428,0.6915806897035426
57.0,crank_nicolson,0.7142857142857142,0.5650197552827002
57.0,crank_nicolson,0.7857142857142857,0.4261292410089208
57.0,crank_nicolson,0.8571428571428571,0.28302537492622304
57.0,crank_nicolson,0.9285714285714285,0.1376367208664094
57.0,crank_nicolson,1.0,-0.2927029896264237
58.0,crank_nicolson,0.0,0.05221105443597787
58.0,crank_nicolson,0.07142857142857142,0.1385844657032469
58.0,crank_nicolson,0.14285714285714285,0.2829760356009767
58.0,crank_nicolson,0.21428571428571427,0.4260116740261856
58.0,crank_nicolson,0.2857142857142857,0.5646782492366691
58.0,crank_nicolson,0.3571428571428571,0.690735383806919
58.0,crank_nicolson,0.42857142857142855,0.7858053787578287
58.0,crank_nicolson,0.5,0.8228238422849617
58.0,crank_nicolson,0.5714285714285714,0.7858053787578297
58.0,crank_nicolson,0.6428571428571428,0.6907353838069202
58.0,crank_nicolson,0.7142857142857142,0.5646782492366706
58.0,crank_nicolson,0.7857142857142857,0.4260116740261912
58.0,crank_nicolson,0.8571428571428571,0.2829760356009785
58.0,crank_nicolson,0.9285714285714285,0.13858446570324717
58.0,crank_nicolson,1.0,0.05221105443597787
59.0,crank_nicolson,0.0,0.001022691328492178
59.0,crank_nicolson,0.07142857142857142,0.13866969508115237
59.0,crank_nicolson,0.14285714285714285,0.28295788746034767
59.0,crank_nicolson,0.21428571428571427,0.4259513599256639
59.0,crank_nicolson,0.2857142857142857,0.5645046375425689
59.0,crank_nicolson,0.3571428571428571,0.6903102634634433
59.0,crank_nicolson,0.42857142857142855,0.7850114984796782
59.0,crank_nicolson,0.5,0.8218130001080199
59.0,crank_nicolson,0.5714285714285714,0.7850114984796791
59.0,crank_nicolson,0.6428571428571428,0.6903102634634446
59.0,crank_nicolson,0.7142857142857142,0.5645046375425707
59.0,crank_nicolson,0.7857142857142857,0.42595135992566957
59.0,crank_nicolson,0.8571428571428571,0.28295788746034956
59.0,crank_nicolson,0.9285714285714285,0.13866969508115265
59.0,crank_nicolson,1.0,0.001022691328492178
60.0,crank_nicolson,0.0,-0.046917426675029385
60.0,crank_nicolson,0.07142857142857142,0.13842857093150202
60.0,crank_nicolson,0.14285714285714285,0.2829383552970681
60.0,crank_nicolson,0.21428571428571427,0.42589006287768555
60.0,crank_nicolson,0.2857142857142857,0.5643291415146181
60.0,crank_nicolson,0.3571428571428571,0.6898835605654113
60.0,crank_nicolson,0.42857142857142855,0.7842196978366723
60.0,crank_nicolson,0.5,0.8208080476264429
60.0,crank_nicolson,0.5714285714285714,0.7842196978366733
60.0,crank_nicolson,0.6428571428571428,0.6898835605654129
60.0,crank_nicolson,0.7142857142857142,0.5643291415146198
60.0,crank_nicolson,0.7857142857142857,0.42589006287769127
60.0,crank_nicolson,0.8571428571428571,0.2829383552970701
60.0,crank_nicolson,0.9285714285714285,0.13842857093150232
60.0,crank_nicolson,1.0,-0.046917426675029385
