time,method,x,temperature
1.0,explicit,0.0,0.09715328071510387
1.0,explicit,0.07142857142857142,0.14356545811231047
1.0,explicit,0.14285714285714285,0.2857282563713015
1.0,explicit,0.21428571428571427,0.42857142857142855
1.0,explicit,0.2857142857142857,0.5714285714285714
1.0,explicit,0.3571428571428571,0.7142849806837066
1.0,explicit,0.42857142857142855,0.8569850706909713
1.0,explicit,0.5,0.9885798881077869
1.0,explicit,0.5714285714285714,0.8569850706909714
1.0,explicit,0.6428571428571428,0.7142849806837068
1.0,explicit,0.7142857142857142,0.5714285714285716
1.0,explicit,0.7857142857142857,0.4285714285714286
1.0,explicit,0.8571428571428571,0.2857282563713016
1.0,explicit,0.9285714285714285,0.14356545811231064
1.0,explicit,1.0,0.09715328071510387
2.0,explicit,0.0,0.22845447846120379
2.0,explicit,0.07142857142857142,0.14487660430198446
2.0,explicit,0.14285714285714285,0.2857375729657261
2.0,explicit,0.21428571428571427,0.428571619876441
2.0,explicit,0.2857142857142857,0.5714285613831067
2.0,explicit,0.3571428571428571,0.7142828401504717
2.0,explicit,0.42857142857142855,0.8568330023731765
2.0,explicit,0.5,0.9849759419007755
2.0,explicit,0.5714285714285714,0.8568330023731766
2.0,explicit,0.6428571428571428,0.7142828401504719
2.0,explicit,0.7142857142857142,0.5714285613831069
2.0,explicit,0.7857142857142857,0.42857161987644105
2.0,explicit,0.8571428571428571,0.2857375729657262
2.0,explicit,0.9285714285714285,0.14487660430198462
2.0,explicit,1.0,0.22845447846120379
3.0,explicit,0.0,-0.03512054354237708
3.0,explicit,0.07142857142857142,0.14733018565561895
3.0,explicit,0.14285714285714285,0.28583295740683196
3.0,explicit,0.21428571428571427,0.4285726077657931
3.0,explicit,0.2857142857142857,0.571428436726792
3.0,explicit,0.3571428571428571,0.7142719234898754
3.0,explicit,0.42857142857142855,0.8563957265975986
3.0,explicit,0.5,0.9780478286987915
3.0,explicit,0.5714285714285714,0.8563957265975987
3.0,explicit,0.6428571428571428,0.7142719234898757
3.0,explicit,0.7142857142857142,0.5714284367267922
3.0,explicit,0.7857142857142857,0.42857260776579315
3.0,explicit,0.8571428571428571,0.28583295740683207
3.0,explicit,0.9285714285714285,0.14733018565561912
3.0,explicit,1.0,-0.03512054354237708
4.0,explicit,0.0,0.11511520937293632
4.0,explicit,0.07142857142857142,0.14986849559620308
4.0,explicit,0.14285714285714285,0.2859391837901666
4.0,explicit,0.21428571428571427,0.4285765380771401
4.0,explicit,0.2857142857142857,0.5714279901815557
4.0,explicit,0.3571428571428571,0.7142486427153465
4.0,explicit,0.42857142857142855,0.8557969953606
4.0,explicit,0.5,0.971468097976118
4.0,explicit,0.5714285714285714,0.8557969953606002
4.0,explicit,0.6428571428571428,0.7142486427153467
4.0,explicit,0.7142857142857142,0.5714279901815559
4.0,explicit,0.7857142857142857,0.42857653807714013
4.0,explicit,0.8571428571428571,0.2859391837901667
4.0,explicit,0.9285714285714285,0.14986849559620324
4.0,explicit,1.0,0.11511520937293632
5.0,explicit,0.0,-0.07042115789024281
5.0,explicit,0.07142857142857142,0.1512558696345741
5.0,explicit,0.14285714285714285,0.2860291034079113
5.0,explicit,0.21428571428571427,0.42857946979220396
5.0,explicit,0.2857142857142857,0.57142756843244
5.0,explicit,0.3571428571428571,0.7142312206753015
5.0,explicit,0.42857142857142855,0.8554426492741689
5.0,explicit,0.5,0.9683002495781708
5.0,explicit,0.5714285714285714,0.855442649274169
5.0,explicit,0.6428571428571428,0.7142312206753018
5.0,explicit,0.7142857142857142,0.5714275684324402
5.0,explicit,0.7857142857142857,0.428579469792204
5.0,explicit,0.8571428571428571,0.28602910340791143
5.0,explicit,0.9285714285714285,0.15125586963457427
5.0,explicit,1.0,-0.07042115789024281
6.0,explicit,0.0,-0.06951265392186934
6.0,explicit,0.07142857142857142,0.15098863141433544
6.0,explicit,0.14285714285714285,0.28622293746744293
6.0,explicit,0.21428571428571427,0.4285889619764159
6.0,explicit,0.2857142857142857,0.5714261251338394
6.0,explicit,0.3571428571428571,0.7141828871571114
6.0,explicit,0.42857142857142855,0.8546341430601316
6.0,explicit,0.5,0.9621926713443644
6.0,explicit,0.5714285714285714,0.8546341430601317
6.0,explicit,0.6428571428571428,0.7141828871571116
6.0,explicit,0.7142857142857142,0.5714261251338396
6.0,explicit,0.7857142857142857,0.42858896197641594
6.0,explicit,0.8571428571428571,0.28622293746744304
6.0,explicit,0.9285714285714285,0.1509886314143356
6.0,explicit,1.0,-0.06951265392186934
7.0,explicit,0.0,0.03629434073490512
7.0,explicit,0.07142857142857142,0.148682015956631
7.0,explicit,0.14285714285714285,0.2863996772413826
7.0,explicit,0.21428571428571427,0.4286030103954461
7.0,explicit,0.2857142857142857,0.5714236094067517
7.0,explicit,0.3571428571428571,0.7141144288659332
7.0,explicit,0.42857142857142855,0.8537048870706779
7.0,explicit,0.5,0.9563696645512871
7.0,explicit,0.5714285714285714,0.853704887070678
7.0,explicit,0.6428571428571428,0.7141144288659335
7.0,explicit,0.7142857142857142,0.571423609406752
7.0,explicit,0.7857142857142857,0.4286030103954462
7.0,explicit,0.8571428571428571,0.2863996772413827
7.0,explicit,0.9285714285714285,0.14868201595663116
7.0,explicit,1.0,0.03629434073490512
8.0,explicit,0.0,-0.2869920366986697
8.0,explicit,0.07142857142857142,0.14902886816930722
8.0,explicit,0.14285714285714285,0.28646110108936024
8.0,explicit,0.21428571428571427,0.4286114628291688
8.0,explicit,0.2857142857142857,0.5714218322907003
8.0,explicit,0.3571428571428571,0.714071974552752
8.0,explicit,0.42857142857142855,0.8531992510220882
8.0,explicit,0.5,0.9535580163218362
8.0,explicit,0.5714285714285714,0.8531992510220883
8.0,explicit,0.6428571428571428,0.7140719745527522
8.0,explicit,0.7142857142857142,0.5714218322907005
8.0,explicit,0.7857142857142857,0.42861146282916884
8.0,explicit,0.8571428571428571,0.28646110108936035
8.0,explicit,0.9285714285714285,0.14902886816930738
8.0,explicit,1.0,-0.2869920366986697
9.0,explicit,0.0,-0.0843431293861459
9.0,explicit,0.07142857142857142,0.14135127008387394
9.0,explicit,0.14285714285714285,0.28653268173098195
9.0,explicit,0.21428571428571427,0.42863014538321365
9.0,explicit,0.2857142857142857,0.5714169674781906
9.0,explicit,0.3571428571428571,0.7139695166181095
9.0,explicit,0.42857142857142855,0.8521137520480246
9.0,explicit,0.5,0.9481217613017299
9.0,explicit,0.5714285714285714,0.8521137520480248
9.0,explicit,0.6428571428571428,0.7139695166181097
9.0,explicit,0.7142857142857142,0.5714169674781908
9.0,explicit,0.7857142857142857,0.4286301453832137
9.0,explicit,0.8571428571428571,0.28653268173098206
9.0,explicit,0.9285714285714285,0.1413512700838741
9.0,explicit,1.0,-0.0843431293861459
10.0,explicit,0.0,0.04713709988929108
10.0,explicit,0.07142857142857142,0.13825048409102883
10.0,explicit,0.14285714285714285,0.28643441159449506
10.0,explicit,0.21428571428571427,0.4286481439159361
10.0,explicit,0.2857142857142857,0.5714099420411788
10.0,explicit,0.3571428571428571,0.7138424958976267
10.0,explicit,0.42857142857142855,0.8509387510305707
10.0,explicit,0.5,0.9429192857331161
10.0,explicit,0.5714285714285714,0.8509387510305708
10.0,explicit,0.6428571428571428,0.7138424958976268
10.0,explicit,0.7142857142857142,0.571409942041179
10.0,explicit,0.7857142857142857,0.42864814391593614
10.0,explicit,0.8571428571428571,0.2864344115944952
10.0,explicit,0.9285714285714285,0.138250484091029
10.0,explicit,1.0,0.04713709988929108
11.0,explicit,0.0,-0.13620361132818162
11.0,explicit,0.07142857142857142,0.1390319706727263
11.0,explicit,0.14285714285714285,0.28635265965812046
11.0,explicit,0.21428571428571427,0.42865564876952217
11.0,explicit,0.2857142857142857,0.5714054335861461
11.0,explicit,0.3571428571428571,0.7137694241235191
11.0,explicit,0.42857142857142855,0.8503209659509094
11.0,explicit,0.5,0.9404002435271444
11.0,explicit,0.5714285714285714,0.8503209659509096
11.0,explicit,0.6428571428571428,0.7137694241235192
11.0,explicit,0.7142857142857142,0.5714054335861464
11.0,explicit,0.7857142857142857,0.4286556487695222
11.0,explicit,0.8571428571428571,0.28635265965812057
11.0,explicit,0.9285714285714285,0.13903197067272646
11.0,explicit,1.0,-0.13620361132818162
12.0,explicit,0.0,0.2198473153382331
12.0,explicit,0.07142857142857142,0.13454004343874618
12.0,explicit,0.14285714285714285,0.2861932219457035
12.0,explicit,0.21428571428571427,0.4286667042722596
12.0,explicit,0.2857142857142857,0.5713940065362685
12.0,explicit,0.3571428571428571,0.7136036339162397
12.0,explicit,0.42857142857142855,0.8490308013715755
12.0,explicit,0.5,0.9355164317964624
12.0,explicit,0.5714285714285714,0.8490308013715756
12.0,explicit,0.6428571428571428,0.7136036339162398
12.0,explicit,0.7142857142857142,0.5713940065362687
12.0,explicit,0.7857142857142857,0.42866670427225967
12.0,explicit,0.8571428571428571,0.2861932219457036
12.0,explicit,0.9285714285714285,0.13454004343874632
12.0,explicit,1.0,0.2198473153382331
13.0,explicit,0.0,0.010129230703188575
13.0,explicit,0.07142857142857142,0.13746483049625197
13.0,explicit,0.14285714285714285,0.28598974249245823
13.0,explicit,0.21428571428571427,0.42867174204187225
13.0,explicit,0.2857142857142857,0.5713787991016848
13.0,explicit,0.3571428571428571,0.7134111543473434
13.0,explicit,0.42857142857142855,0.8476751033924835
13.0,explicit,0.5,0.930825834891627
13.0,explicit,0.5714285714285714,0.8476751033924836
13.0,explicit,0.6428571428571428,0.7134111543473435
13.0,explicit,0.7142857142857142,0.571378799101685
13.0,explicit,0.7857142857142857,0.4286717420418723
13.0,explicit,0.8571428571428571,0.28598974249245834
13.0,explicit,0.9285714285714285,0.1374648304962521
13.0,explicit,1.0,0.010129230703188575
14.0,explicit,0.0,-0.21371222793201852
14.0,explicit,0.07142857142857142,0.137754983037373
14.0,explicit,0.14285714285714285,0.2859097334823624
14.0,explicit,0.21428571428571427,0.42867208516298194
14.0,explicit,0.2857142857142857,0.5713695601776462
14.0,explicit,0.3571428571428571,0.713304778888908
14.0,explicit,0.42857142857142855,0.8469751925216794
14.0,explicit,0.5,0.9285486117510882
14.0,explicit,0.5714285714285714,0.8469751925216795
14.0,explicit,0.6428571428571428,0.7133047788889081
14.0,explicit,0.7142857142857142,0.5713695601776464
14.0,explicit,0.7857142857142857,0.428672085162982
14.0,explicit,0.8571428571428571,0.28590973348236254
14.0,explicit,0.9285714285714285,0.13775498303737313
14.0,explicit,1.0,-0.21371222793201852
15.0,explicit,0.0,0.016638388456479913
15.0,explicit,0.07142857142857142,0.1340704343567139
15.0,explicit,0.14285714285714285,0.2857259409614785
15.0,explicit,0.21428571428571427,0.4286691786906871
15.0,explicit,0.2857142857142857,0.5713474084806806
15.0,explicit,0.3571428571428571,0.7130716211645947
15.0,explicit,0.42857142857142855,0.8455358245644019
15.0,explicit,0.5,0.9241222055830339
15.0,explicit,0.5714285714285714,0.845535824564402
15.0,explicit,0.6428571428571428,0.7130716211645948
15.0,explicit,0.7142857142857142,0.5713474084806808
15.0,explicit,0.7857142857142857,0.42866917869068716
15.0,explicit,0.8571428571428571,0.28572594096147863
15.0,explicit,0.9285714285714285,0.13407043435671404
15.0,explicit,1.0,0.016638388456479913
16.0,explicit,0.0,0.05635470275185079
16.0,explicit,0.07142857142857142,0.13240125583097198
16.0,explicit,0.14285714285714285,0.2854969754768359
16.0,explicit,0.21428571428571427,0.42866020788021963
16.0,explicit,0.2857142857142857,0.5713198528691136
16.0,explicit,0.3571428571428571,0.7128112114345232
16.0,explicit,0.42857142857142855,0.8440492870414517
16.0,explicit,0.5,0.9198565013739164
16.0,explicit,0.5714285714285714,0.8440492870414518
16.0,explicit,0.6428571428571428,0.7128112114345233
16.0,explicit,0.7142857142857142,0.5713198528691138
16.0,explicit,0.7857142857142857,0.4286602078802197
16.0,explicit,0.8571428571428571,0.285496975476836
16.0,explicit,0.9285714285714285,0.13240125583097212
16.0,explicit,1.0,0.05635470275185079
17.0,explicit,0.0,-0.09009580348782074
17.0,explicit,0.07142857142857142,0.13345631657368368
17.0,explicit,0.14285714285714285,0.285360966512249
17.0,explicit,0.21428571428571427,0.42865331208451896
17.0,explicit,0.2857142857142857,0.5713038551212263
17.0,explicit,0.3571428571428571,0.7126708097038433
17.0,explicit,0.42857142857142855,0.8432902531898041
17.0,explicit,0.5,0.9177803928468441
17.0,explicit,0.5714285714285714,0.8432902531898042
17.0,explicit,0.6428571428571428,0.7126708097038434
17.0,explicit,0.7142857142857142,0.5713038551212265
17.0,explicit,0.7857142857142857,0.428653312084519
17.0,explicit,0.8571428571428571,0.2853609665122491
17.0,explicit,0.9285714285714285,0.13345631657368381
17.0,explicit,1.0,-0.09009580348782074
18.0,explicit,0.0,-0.09025599183440954
18.0,explicit,0.07142857142857142,0.13215395709199726
18.0,explicit,0.14285714285714285,0.28511477897278154
18.0,explicit,0.21428571428571427,0.4286341203687115
18.0,explicit,0.2857142857142857,0.571267047666413
18.0,explicit,0.3571428571428571,0.7123697360945344
18.0,explicit,0.42857142857142855,0.841744156622334
18.0,explicit,0.5,0.9137351369592392
18.0,explicit,0.5714285714285714,0.8417441566223341
18.0,explicit,0.6428571428571428,0.7123697360945345
18.0,explicit,0.7142857142857142,0.5712670476664132
18.0,explicit,0.7857142857142857,0.42863412036871157
18.0,explicit,0.8571428571428571,0.28511477897278165
18.0,explicit,0.9285714285714285,0.1321539570919974
18.0,explicit,1.0,-0.09025599183440954
19.0,explicit,0.0,-0.002024583710690088
19.0,explicit,0.07142857142857142,0.13531673835457464
19.0,explicit,0.14285714285714285,0.2848465603390658
19.0,explicit,0.21428571428571427,0.4286081195597178
19.0,explicit,0.2857142857142857,0.5712233480053479
19.0,explicit,0.3571428571428571,0.7120418891944538
19.0,explicit,0.42857142857142855,0.8401649370576418
19.0,explicit,0.5,0.9098244236982228
19.0,explicit,0.5714285714285714,0.840164937057642
19.0,explicit,0.6428571428571428,0.7120418891944539
19.0,explicit,0.7142857142857142,0.5712233480053481
19.0,explicit,0.7857142857142857,0.42860811955971784
19.0,explicit,0.8571428571428571,0.2848465603390659
19.0,explicit,0.9285714285714285,0.13531673835457478
19.0,explicit,1.0,-0.002024583710690088
20.0,explicit,0.0,-0.15865663934338506
20.0,explicit,0.07142857142857142,0.13548363967681257
20.0,explicit,0.14285714285714285,0.28476757353275817
20.0,explicit,0.21428571428571427,0.4285924224580776
20.0,explicit,0.2857142857142857,0.5711987453486839
20.0,explicit,0.3571428571428571,0.7118680454370923
20.0,explicit,0.42857142857142855,0.8393643754023556
20.0,explicit,0.5,0.907916681071357
20.0,explicit,0.5714285714285714,0.8393643754023558
20.0,explicit,0.6428571428571428,0.7118680454370924
20.0,explicit,0.7142857142857142,0.5711987453486841
20.0,explicit,0.7857142857142857,0.42859242245807766
20.0,explicit,0.8571428571428571,0.2847675735327583
20.0,explicit,0.9285714285714285,0.1354836396768127
20.0,explicit,1.0,-0.15865663934338506
21.0,explicit,0.0,-0.18312654749565332
21.0,explicit,0.07142857142857142,0.1354318523841331
21.0,explicit,0.14285714285714285,0.2845927243588581
21.0,explicit,0.21428571428571427,0.42855812120477266
21.0,explicit,0.2857142857142857,0.5711437246069047
21.0,explicit,0.3571428571428571,0.7115008058168807
21.0,explicit,0.42857142857142855,0.837744020513652
21.0,explicit,0.5,0.9041911512763907
21.0,explicit,0.5714285714285714,0.8377440205136522
21.0,explicit,0.6428571428571428,0.7115008058168808
21.0,explicit,0.7142857142857142,0.5711437246069049
21.0,explicit,0.7857142857142857,0.4285581212047727
21.0,explicit,0.8571428571428571,0.2845927243588582
21.0,explicit,0.9285714285714285,0.13543185238413322
21.0,explicit,1.0,-0.18312654749565332
22.0,explicit,0.0,-0.2939505185819663
22.0,explicit,0.07142857142857142,0.13379178858819168
22.0,explicit,0.14285714285714285,0.28442036382776614
22.0,explicit,0.21428571428571427,0.42851945861949153
22.0,explicit,0.2857142857142857,0.5710806233148574
22.0,explicit,0.3571428571428571,0.711107936585285
22.0,explicit,0.42857142857142855,0.8361012631165191
22.0,explicit,0.5,0.9005790305369106
22.0,explicit,0.5714285714285714,0.8361012631165192
22.0,explicit,0.6428571428571428,0.7111079365852851
22.0,explicit,0.7142857142857142,0.5710806233148576
22.0,explicit,0.7857142857142857,0.4285194586194916
22.0,explicit,0.8571428571428571,0.28442036382776625
22.0,explicit,0.9285714285714285,0.1337917885881918
22.0,explicit,1.0,-0.2939505185819663
23.0,explicit,0.0,-0.19922790733476456
23.0,explicit,0.07142857142857142,0.12999717492974242
23.0,explicit,0.14285714285714285,0.28433095340585246
23.0,explicit,0.21428571428571427,0.42849839921363414
23.0,explicit,0.2857142857142857,0.5710459264156509
23.0,explicit,0.3571428571428571,0.7109020710331738
23.0,explicit,0.42857142857142855,0.835272602748262
23.0,explicit,0.5,0.8988131980376317
23.0,explicit,0.5714285714285714,0.8352726027482621
23.0,explicit,0.6428571428571428,0.7109020710331739
23.0,explicit,0.7142857142857142,0.5710459264156511
23.0,explicit,0.7857142857142857,0.4284983992136342
23.0,explicit,0.8571428571428571,0.28433095340585257
23.0,explicit,0.9285714285714285,0.12999717492974253
23.0,explicit,1.0,-0.19922790733476456
24.0,explicit,0.0,0.11076998699931156
24.0,explicit,0.07142857142857142,0.12840361157833358
24.0,explicit,0.14285714285714285,0.2840232465476382
24.0,explicit,0.21428571428571427,0.42845223158229173
24.0,explicit,0.2857142857142857,0.5709700202519197
24.0,explicit,0.3571428571428571,0.710471867991994
24.0,explicit,0.42857142857142855,0.8336027520484639
24.0,explicit,0.5,0.8953577103571719
24.0,explicit,0.5714285714285714,0.833602752048464
24.0,explicit,0.6428571428571428,0.7104718679919942
24.0,explicit,0.7142857142857142,0.5709700202519199
24.0,explicit,0.7857142857142857,0.4284522315822918
24.0,explicit,0.8571428571428571,0.28402324654763833
24.0,explicit,0.9285714285714285,0.1284036115783337
24.0,explicit,1.0,0.11076998699931156
25.0,explicit,0.0,-0.01734724235823608
25.0,explicit,0.07142857142857142,0.13096392537688462
25.0,explicit,0.14285714285714285,0.28374648344605885
25.0,explicit,0.21428571428571427,0.42839794312694013
25.0,explicit,0.2857142857142857,0.5708851265975367
25.0,explicit,0.3571428571428571,0.7100175869109592
25.0,explicit,0.42857142857142855,0.8319186568950198
25.0,explicit,0.5,0.8919984840055643
25.0,explicit,0.5714285714285714,0.8319186568950199
25.0,explicit,0.6428571428571428,0.7100175869109594
25.0,explicit,0.7142857142857142,0.5708851265975369
25.0,explicit,0.7857142857142857,0.4283979431269402
25.0,explicit,0.8571428571428571,0.28374648344605896
25.0,explicit,0.9285714285714285,0.13096392537688473
25.0,explicit,1.0,-0.01734724235823608
26.0,explicit,0.0,-0.04516555433839332
26.0,explicit,0.07142857142857142,0.13102515366288708
26.0,explicit,0.14285714285714285,0.2836351415187301
26.0,explicit,0.21428571428571427,0.4283683069482817
26.0,explicit,0.2857142857142857,0.5708391892193208
26.0,explicit,0.3571428571428571,0.7097816315555809
26.0,explicit,0.42857142857142855,0.8310721173498452
26.0,explicit,0.5,0.8903530965253939
26.0,explicit,0.5714285714285714,0.8310721173498453
26.0,explicit,0.6428571428571428,0.7097816315555812
26.0,explicit,0.7142857142857142,0.570839189219321
26.0,explicit,0.7857142857142857,0.42836830694828176
26.0,explicit,0.8571428571428571,0.2836351415187302
26.0,explicit,0.9285714285714285,0.1310251536628872
26.0,explicit,1.0,-0.04516555433839332
27.0,explicit,0.0,-0.1079766312592063
27.0,explicit,0.07142857142857142,0.12796830294326392
27.0,explicit,0.14285714285714285,0.2834175296084158
27.0,explicit,0.21428571428571427,0.42830506032196936
27.0,explicit,0.2857142857142857,0.5707401460821173
27.0,explicit,0.3571428571428571,0.7092925338160081
27.0,explicit,0.42857142857142855,0.8293715957014504
27.0,explicit,0.5,0.8871272852002666
27.0,explicit,0.5714285714285714,0.8293715957014505
27.0,explicit,0.6428571428571428,0.7092925338160083
27.0,explicit,0.7142857142857142,0.5707401460821175
27.0,explicit,0.7857142857142857,0.4283050603219694
27.0,explicit,0.8571428571428571,0.28341752960841593
27.0,explicit,0.9285714285714285,0.12796830294326403
27.0,explicit,1.0,-0.1079766312592063
28.0,explicit,0.0,0.15856833393283734
28.0,explicit,0.07142857142857142,0.12632440722493699
28.0,explicit,0.14285714285714285,0.2831166871198385
28.0,explicit,0.21428571428571427,0.4282361072470129
28.0,explicit,0.2857142857142857,0.5706313441714697
28.0,explicit,0.3571428571428571,0.7087811242392482
28.0,explicit,0.42857142857142855,0.8276630140076551
28.0,explicit,0.5,0.8839837574215815
28.0,explicit,0.5714285714285714,0.8276630140076552
28.0,explicit,0.6428571428571428,0.7087811242392484
28.0,explicit,0.7142857142857142,0.5706313441714699
28.0,explicit,0.7857142857142857,0.42823610724701294
28.0,explicit,0.8571428571428571,0.2831166871198386
28.0,explicit,0.9285714285714285,0.1263244072249371
28.0,explicit,1.0,0.15856833393283734
29.0,explicit,0.0,0.05154274343526921
29.0,explicit,0.07142857142857142,0.12891294503040424
29.0,explicit,0.14285714285714285,0.28295684663557524
29.0,explicit,0.21428571428571427,0.42819880406929905
29.0,explicit,0.2857142857142857,0.570573209670294
29.0,explicit,0.3571428571428571,0.7085172823892246
29.0,explicit,0.42857142857142855,0.8268063427095889
29.0,explicit,0.5,0.8824413187937763
29.0,explicit,0.5714285714285714,0.826806342709589
29.0,explicit,0.6428571428571428,0.7085172823892248
29.0,explicit,0.7142857142857142,0.5705732096702942
29.0,explicit,0.7857142857142857,0.4281988040692991
29.0,explicit,0.8571428571428571,0.28295684663557535
29.0,explicit,0.9285714285714285,0.12891294503040432
29.0,explicit,1.0,0.05154274343526921
30.0,explicit,0.0,0.04861259540921925
30.0,explicit,0.07142857142857142,0.12665529966813693
30.0,explicit,0.14285714285714285,0.282732930619712
30.0,explicit,0.21428571428571427,0.4281188655444194
30.0,explicit,0.2857142857142857,0.5704493158151688
30.0,explicit,0.3571428571428571,0.7079737887854419
30.0,explicit,0.42857142857142855,0.825089401660339
30.0,explicit,0.5,0.8794122350261986
30.0,explicit,0.5714285714285714,0.8250894016603391
30.0,explicit,0.6428571428571428,0.7079737887854421
30.0,explicit,0.7142857142857142,0.570449315815169
30.0,explicit,0.7857142857142857,0.42811886554441947
30.0,explicit,0.8571428571428571,0.2827329306197121
30.0,explicit,0.9285714285714285,0.12665529966813702
30.0,explicit,1.0,0.04861259540921925
31.0,explicit,0.0,-0.1015383000458938
31.0,explicit,0.07142857142857142,0.127304520177234
31.0,explicit,0.14285714285714285,0.2824581892469192
31.0,explicit,0.21428571428571427,0.4280334258605139
31.0,explicit,0.2857142857142857,0.5703150985849063
31.0,explicit,0.3571428571428571,0.7074098360518003
31.0,explicit,0.42857142857142855,0.8233690649412013
31.0,explicit,0.5,0.8764539855849478
31.0,explicit,0.5714285714285714,0.8233690649412014
31.0,explicit,0.6428571428571428,0.7074098360518005
31.0,explicit,0.7142857142857142,0.5703150985849065
31.0,explicit,0.7857142857142857,0.42803342586051396
31.0,explicit,0.8571428571428571,0.2824581892469193
31.0,explicit,0.9285714285714285,0.1273045201772341
31.0,explicit,1.0,-0.1015383000458938
32.0,explicit,0.0,0.09175144332613018
32.0,explicit,0.07142857142857142,0.12629546928142193
32.0,explicit,0.14285714285714285,0.2823270284763172
32.0,explicit,0.21428571428571427,0.4279883259571931
32.0,explicit,0.2857142857142857,0.5702440720961196
32.0,explicit,0.3571428571428571,0.7071204202622338
32.0,explicit,0.42857142857142855,0.8225081054096315
32.0,explicit,0.5,0.8750001654257727
32.0,explicit,0.5714285714285714,0.8225081054096316
32.0,explicit,0.6428571428571428,0.707120420262234
32.0,explicit,0.7142857142857142,0.5702440720961198
32.0,explicit,0.7857142857142857,0.42798832595719316
32.0,explicit,0.8571428571428571,0.2823270284763173
32.0,explicit,0.9285714285714285,0.12629546928142202
32.0,explicit,1.0,0.09175144332613018
33.0,explicit,0.0,0.13969201786742977
33.0,explicit,0.07142857142857142,0.13043639685081912
33.0,explicit,0.14285714285714285,0.2820690516387806
33.0,explicit,0.21428571428571427,0.4278933831371272
33.0,explicit,0.2857142857142857,0.5700940977028403
33.0,explicit,0.3571428571428571,0.7065271734403722
33.0,explicit,0.42857142857142855,0.8207854747549717
33.0,explicit,0.5,0.8721407819167112
33.0,explicit,0.5714285714285714,0.8207854747549718
33.0,explicit,0.6428571428571428,0.7065271734403724
33.0,explicit,0.7142857142857142,0.5700940977028405
33.0,explicit,0.7857142857142857,0.4278933831371273
33.0,explicit,0.8571428571428571,0.2820690516387807
33.0,explicit,0.9285714285714285,0.1304363968508192
33.0,explicit,1.0,0.13969201786742977
34.0,explicit,0.0,-0.04638185637768218
34.0,explicit,0.07142857142857142,0.13114456419638917
34.0,explicit,0.14285714285714285,0.28194164744112
34.0,explicit,0.21428571428571427,0.4277933326010134
34.0,explicit,0.2857142857142857,0.5699334667345409
34.0,explicit,0.3571428571428571,0.7059153194219653
34.0,explicit,0.42857142857142855,0.8190629426993197
34.0,explicit,0.5,0.8693428068361508
34.0,explicit,0.5714285714285714,0.8190629426993198
34.0,explicit,0.6428571428571428,0.7059153194219655
34.0,explicit,0.7142857142857142,0.5699334667345411
34.0,explicit,0.7857142857142857,0.4277933326010135
34.0,explicit,0.8571428571428571,0.2819416474411201
34.0,explicit,0.9285714285714285,0.13114456419638926
34.0,explicit,1.0,-0.04638185637768218
35.0,explicit,0.0,0.049689514710534594
35.0,explicit,0.07142857142857142,0.13077855018544648
35.0,explicit,0.14285714285714285,0.2818739284039274
35.0,explicit,0.21428571428571427,0.4277425090560358
35.0,explicit,0.2857142857142857,0.5698491392682506
35.0,explicit,0.3571428571428571,0.7056026424636783
35.0,explicit,0.42857142857142855,0.8182020728468994
35.0,explicit,0.5,0.8679658078843531
35.0,explicit,0.5714285714285714,0.8182020728468995
35.0,explicit,0.6428571428571428,0.7056026424636785
35.0,explicit,0.7142857142857142,0.5698491392682509
35.0,explicit,0.7857142857142857,0.4277425090560359
35.0,explicit,0.8571428571428571,0.2818739284039275
35.0,explicit,0.9285714285714285,0.13077855018544657
35.0,explicit,1.0,0.049689514710534594
36.0,explicit,0.0,-0.07187613567679349
36.0,explicit,0.07142857142857142,0.1339919141689976
36.0,explicit,0.14285714285714285,0.2817451651906484
36.0,explicit,0.21428571428571427,0.4276387211575132
36.0,explicit,0.2857142857142857,0.5696724837201015
36.0,explicit,0.3571428571428571,0.7049642387932602
36.0,explicit,0.42857142857142855,0.816481771882597
36.0,explicit,0.5,0.8652538400923504
36.0,explicit,0.5714285714285714,0.8164817718825971
36.0,explicit,0.6428571428571428,0.7049642387932604
36.0,explicit,0.7142857142857142,0.5696724837201017
36.0,explicit,0.7857142857142857,0.4276387211575134
36.0,explicit,0.8571428571428571,0.2817451651906485
36.0,explicit,0.9285714285714285,0.1339919141689977
36.0,explicit,1.0,-0.07187613567679349
37.0,explicit,0.0,-0.16595024610090423
37.0,explicit,0.07142857142857142,0.13302466835545154
37.0,explicit,0.14285714285714285,0.28168331100519883
37.0,explicit,0.21428571428571427,0.4275328487963397
37.0,explicit,0.2857142857142857,0.569485189230889
37.0,explicit,0.3571428571428571,0.7043090278572511
37.0,explicit,0.42857142857142855,0.8147641638016573
37.0,explicit,0.5,0.8625954792976323
37.0,explicit,0.5714285714285714,0.8147641638016574
37.0,explicit,0.6428571428571428,0.7043090278572514
37.0,explicit,0.7142857142857142,0.5694851892308892
37.0,explicit,0.7857142857142857,0.42753284879633985
37.0,explicit,0.8571428571428571,0.28168331100519894
37.0,explicit,0.9285714285714285,0.13302466835545163
37.0,explicit,1.0,-0.16595024610090423
38.0,explicit,0.0,-0.1794309936121006
38.0,explicit,0.07142857142857142,0.13096633593680615
38.0,explicit,0.14285714285714285,0.28164484496603787
38.0,explicit,0.21428571428571427,0.4274794831323
38.0,explicit,0.2857142857142857,0.5693875762034248
38.0,explicit,0.3571428571428571,0.7039753388285934
38.0,explicit,0.42857142857142855,0.8139066342856627
38.0,explicit,0.5,0.8612855379835144
38.0,explicit,0.5714285714285714,0.8139066342856628
38.0,explicit,0.6428571428571428,0.7039753388285936
38.0,explicit,0.7142857142857142,0.5693875762034251
38.0,explicit,0.7857142857142857,0.42747948313230016
38.0,explicit,0.8571428571428571,0.281644844966038
38.0,explicit,0.9285714285714285,0.13096633593680623
38.0,explicit,1.0,-0.1794309936121006
39.0,explicit,0.0,0.20343600428562345
39.0,explicit,0.07142857142857142,0.13077709483534866
39.0,explicit,0.14285714285714285,0.2814833191506823
39.0,explicit,0.21428571428571427,0.427371139700461
39.0,explicit,0.2857142857142857,0.5691844822996259
39.0,explicit,0.3571428571428571,0.7032962247371614
39.0,explicit,0.42857142857142855,0.8121945984629739
39.0,explicit,0.5,0.8587025130016926
39.0,explicit,0.5714285714285714,0.812194598462974
39.0,explicit,0.6428571428571428,0.7032962247371616
39.0,explicit,0.7142857142857142,0.5691844822996261
39.0,explicit,0.7857142857142857,0.42737113970046114
39.0,explicit,0.8571428571428571,0.2814833191506824
39.0,explicit,0.9285714285714285,0.13077709483534875
39.0,explicit,1.0,0.20343600428562345
40.0,explicit,0.0,0.15052993468380363
40.0,explicit,0.07142857142857142,0.13387602913105257
40.0,explicit,0.14285714285714285,0.28139428468532574
40.0,explicit,0.21428571428571427,0.42725873363903427
40.0,explicit,0.2857142857142857,0.5689709575012162
40.0,explicit,0.3571428571428571,0.7026020266761324
40.0,explicit,0.42857142857142855,0.8104871589209011
40.0,explicit,0.5,0.8561666024951836
40.0,explicit,0.5714285714285714,0.8104871589209012
40.0,explicit,0.6428571428571428,0.7026020266761326
40.0,explicit,0.7142857142857142,0.5689709575012164
40.0,explicit,0.7857142857142857,0.42725873363903444
40.0,explicit,0.8571428571428571,0.28139428468532585
40.0,explicit,0.9285714285714285,0.13387602913105265
40.0,explicit,1.0,0.15052993468380363
41.0,explicit,0.0,0.05424540375714512
41.0,explicit,0.07142857142857142,0.13612409500831446
41.0,explicit,0.14285714285714285,0.28137163854263475
41.0,explicit,0.21428571428571427,0.4272018757924906
41.0,explicit,0.2857142857142857,0.5688602994701663
41.0,explicit,0.3571428571428571,0.7022494787051455
41.0,explicit,0.42857142857142855,0.8096353550271792
41.0,explicit,0.5,0.8549155938260011
41.0,explicit,0.5714285714285714,0.8096353550271793
41.0,explicit,0.6428571428571428,0.7022494787051458
41.0,explicit,0.7142857142857142,0.5688602994701665
41.0,explicit,0.7857142857142857,0.42720187579249075
41.0,explicit,0.8571428571428571,0.28137163854263486
41.0,explicit,0.9285714285714285,0.13612409500831454
41.0,explicit,1.0,0.05424540375714512
42.0,explicit,0.0,0.05420934082626209
42.0,explicit,0.07142857142857142,0.13576802498036408
42.0,explicit,0.14285714285714285,0.2813984779733338
42.0,explicit,0.21428571428571427,0.42708774684266304
42.0,explicit,0.2857142857142857,0.5686312752803518
42.0,explicit,0.3571428571428571,0.7015338901686401
42.0,explicit,0.42857142857142855,0.8079359212731709
42.0,explicit,0.5,0.852446113282423
42.0,explicit,0.5714285714285714,0.807935921273171
42.0,explicit,0.6428571428571428,0.7015338901686403
42.0,explicit,0.7142857142857142,0.5686312752803521
42.0,explicit,0.7857142857142857,0.4270877468426632
42.0,explicit,0.8571428571428571,0.2813984779733339
42.0,explicit,0.9285714285714285,0.13576802498036414
42.0,explicit,1.0,0.05420934082626209
43.0,explicit,0.0,-0.005373905866492731
43.0,explicit,0.07142857142857142,0.13991554407185958
43.0,explicit,0.14285714285714285,0.28141130327848635
43.0,explicit,0.21428571428571427,0.42697415425005186
43.0,explicit,0.2857142857142857,0.5683921233312257
43.0,explicit,0.3571428571428571,0.700804839642069
43.0,explicit,0.42857142857142855,0.8062424581076943
43.0,explicit,0.5,0.8500183134201609
43.0,explicit,0.5714285714285714,0.8062424581076945
43.0,explicit,0.6428571428571428,0.7008048396420692
43.0,explicit,0.7142857142857142,0.5683921233312259
43.0,explicit,0.7857142857142857,0.42697415425005203
43.0,explicit,0.8571428571428571,0.28141130327848646
43.0,explicit,0.9285714285714285,0.13991554407185963
43.0,explicit,1.0,-0.005373905866492731
44.0,explicit,0.0,0.2346965483721009
44.0,explicit,0.07142857142857142,0.13986359575964044
44.0,explicit,0.14285714285714285,0.2814669953651032
44.0,explicit,0.21428571428571427,0.42691739695648734
44.0,explicit,0.2857142857142857,0.5682688113072346
44.0,explicit,0.3571428571428571,0.7004354603478408
44.0,explicit,0.42857142857142855,0.8053981023731916
44.0,explicit,0.5,0.8488194377287852
44.0,explicit,0.5714285714285714,0.8053981023731918
44.0,explicit,0.6428571428571428,0.700435460347841
44.0,explicit,0.7142857142857142,0.5682688113072348
44.0,explicit,0.7857142857142857,0.4269173969564875
44.0,explicit,0.8571428571428571,0.28146699536510333
44.0,explicit,0.9285714285714285,0.1398635957596405
44.0,explicit,1.0,0.2346965483721009
45.0,explicit,0.0,0.12328537565628357
45.0,explicit,0.07142857142857142,0.1376561172452358
45.0,explicit,0.14285714285714285,0.2816144743614082
45.0,explicit,0.21428571428571427,0.42680567558334154
45.0,explicit,0.2857142857142857,0.5680148458817025
45.0,explicit,0.3571428571428571,0.6996873729343408
45.0,explicit,0.42857142857142855,0.803714384115547
45.0,explicit,0.5,0.8464505930005647
45.0,explicit,0.5714285714285714,0.8037143841155471
45.0,explicit,0.6428571428571428,0.699687372934341
45.0,explicit,0.7142857142857142,0.5680148458817027
45.0,explicit,0.7857142857142857,0.4268056755833417
45.0,explicit,0.8571428571428571,0.2816144743614083
45.0,explicit,0.9285714285714285,0.13765611724523585
45.0,explicit,1.0,0.12328537565628357
46.0,explicit,0.0,-0.04485110256988012
46.0,explicit,0.07142857142857142,0.13964733242280372
46.0,explicit,0.14285714285714285,0.2816713275533298
46.0,explicit,0.21428571428571427,0.4266965572414832
46.0,explicit,0.2857142857142857,0.5677513147884676
46.0,explicit,0.3571428571428571,0.6989273406198208
46.0,explicit,0.42857142857142855,0.8020376065466803
46.0,explicit,0.5,0.844118855039235
46.0,explicit,0.5714285714285714,0.8020376065466804
46.0,explicit,0.6428571428571428,0.698927340619821
46.0,explicit,0.7142857142857142,0.5677513147884679
46.0,explicit,0.7857142857142857,0.42669655724148337
46.0,explicit,0.8571428571428571,0.2816713275533299
46.0,explicit,0.9285714285714285,0.13964733242280378
46.0,explicit,1.0,-0.04485110256988012
47.0,explicit,0.0,0.013764116480325344
47.0,explicit,0.07142857142857142,0.1390657153065639
47.0,explicit,0.14285714285714285,0.28171242449055206
47.0,explicit,0.21428571428571427,0.4266421882006118
47.0,explicit,0.2857142857142857,0.5676160419168018
47.0,explicit,0.3571428571428571,0.6985430265148271
47.0,explicit,0.42857142857142855,0.8012019152169704
47.0,explicit,0.5,0.842966389016119
47.0,explicit,0.5714285714285714,0.8012019152169705
47.0,explicit,0.6428571428571428,0.6985430265148274
47.0,explicit,0.7142857142857142,0.567616041916802
47.0,explicit,0.7857142857142857,0.42664218820061195
47.0,explicit,0.8571428571428571,0.28171242449055217
47.0,explicit,0.9285714285714285,0.13906571530656395
47.0,explicit,1.0,0.013764116480325344
48.0,explicit,0.0,-0.03295078317562679
48.0,explicit,0.07142857142857142,0.13526371732751516
48.0,explicit,0.14285714285714285,0.28177660418983774
48.0,explicit,0.21428571428571427,0.4265338766800004
48.0,explicit,0.2857142857142857,0.5673386169286627
48.0,explicit,0.3571428571428571,0.6977661559268938
48.0,explicit,0.42857142857142855,0.799536092411649
48.0,explicit,0.5,0.8406872960862461
48.0,explicit,0.5714285714285714,0.7995360924116491
48.0,explicit,0.6428571428571428,0.6977661559268941
48.0,explicit,0.7142857142857142,0.5673386169286629
48.0,explicit,0.7857142857142857,0.4265338766800006
48.0,explicit,0.8571428571428571,0.28177660418983785
48.0,explicit,0.9285714285714285,0.13526371732751521
48.0,explicit,1.0,-0.03295078317562679
49.0,explicit,0.0,0.2216841067112274
49.0,explicit,0.07142857142857142,0.13586190745484966
49.0,explicit,0.14285714285714285,0.28172437175998166
49.0,explicit,0.21428571428571427,0.4264248371769274
49.0,explicit,0.2857142857142857,0.567052196714974
49.0,explicit,0.3571428571428571,0.6969787538664056
49.0,explicit,0.42857142857142855,0.7978778731910036
49.0,explicit,0.5,0.8384414374451002
49.0,explicit,0.5714285714285714,0.7978778731910037
49.0,explicit,0.6428571428571428,0.6969787538664058
49.0,explicit,0.7142857142857142,0.5670521967149742
49.0,explicit,0.7857142857142857,0.4264248371769276
49.0,explicit,0.8571428571428571,0.2817243717599818
49.0,explicit,0.9285714285714285,0.13586190745484972
49.0,explicit,1.0,0.2216841067112274
50.0,explicit,0.0,-0.0777405327410471
50.0,explicit,0.07142857142857142,0.13903444525252168
50.0,explicit,0.14285714285714285,0.2817084601094781
50.0,explicit,0.21428571428571427,0.4263690627369792
50.0,explicit,0.2857142857142857,0.566905666946818
50.0,explicit,0.3571428571428571,0.6965812711748042
50.0,explicit,0.42857142857142855,0.7970516776799923
50.0,explicit,0.5,0.8373305357667054
50.0,explicit,0.5714285714285714,0.7970516776799924
50.0,explicit,0.6428571428571428,0.6965812711748044
50.0,explicit,0.7142857142857142,0.5669056669468182
50.0,explicit,0.7857142857142857,0.4263690627369794
50.0,explicit,0.8571428571428571,0.2817084601094782
50.0,explicit,0.9285714285714285,0.13903444525252173
50.0,explicit,1.0,-0.0777405327410471
51.0,explicit,0.0,-0.07526355653768048
51.0,explicit,0.07142857142857142,0.13643710749654825
51.0,explicit,0.14285714285714285,0.2817474533877775
51.0,explicit,0.21428571428571427,0.4262560026213147
51.0,explicit,0.2857142857142857,0.5666060436906378
51.0,explicit,0.3571428571428571,0.6957790670361484
51.0,explicit,0.42857142857142855,0.7954052218889758
51.0,explicit,0.5,0.8351319643531924
51.0,explicit,0.5714285714285714,0.7954052218889759
51.0,explicit,0.6428571428571428,0.6957790670361487
51.0,explicit,0.7142857142857142,0.566606043690638
51.0,explicit,0.7857142857142857,0.42625600262131486
51.0,explicit,0.8571428571428571,0.2817474533877776
51.0,explicit,0.9285714285714285,0.1364371074965483
51.0,explicit,1.0,-0.07526355653768048
52.0,explicit,0.0,0.049312666448952665
52.0,explicit,0.07142857142857142,0.13755449079677765
52.0,explicit,0.14285714285714285,0.2817125670728847
52.0,explicit,0.21428571428571427,0.4261414282404553
52.0,explicit,0.2857142857142857,0.5662978137299248
52.0,explicit,0.3571428571428571,0.6949676293204948
52.0,explicit,0.42857142857142855,0.793766800166708
52.0,explicit,0.5,0.8329633296281027
52.0,explicit,0.5714285714285714,0.7937668001667081
52.0,explicit,0.6428571428571428,0.694967629320495
52.0,explicit,0.7142857142857142,0.566297813729925
52.0,explicit,0.7857142857142857,0.4261414282404555
52.0,explicit,0.8571428571428571,0.28171256707288483
52.0,explicit,0.9285714285714285,0.1375544907967777
52.0,explicit,1.0,0.049312666448952665
53.0,explicit,0.0,-0.07946403056505581
53.0,explicit,0.07142857142857142,0.1383201712696223
53.0,explicit,0.14285714285714285,0.2817162750235535
53.0,explicit,0.21428571428571427,0.42608292376126344
53.0,explicit,0.2857142857142857,0.5661405241769192
53.0,explicit,0.3571428571428571,0.6945586003065085
53.0,explicit,0.42857142857142855,0.792950640694917
53.0,explicit,0.5,0.8318898665050607
53.0,explicit,0.5714285714285714,0.7929506406949172
53.0,explicit,0.6428571428571428,0.6945586003065087
53.0,explicit,0.7142857142857142,0.5661405241769194
53.0,explicit,0.7857142857142857,0.4260829237612636
53.0,explicit,0.8571428571428571,0.2817162750235536
53.0,explicit,0.9285714285714285,0.13832017126962234
53.0,explicit,1.0,-0.07946403056505581
54.0,explicit,0.0,0.014561632402206058
54.0,explicit,0.07142857142857142,0.13845338673407565
54.0,explicit,0.14285714285714285,0.2817277347484074
54.0,explicit,0.21428571428571427,0.42596452864306195
54.0,explicit,0.2857142857142857,0.565819683065375
54.0,explicit,0.3571428571428571,0.693734216498976
54.0,explicit,0.42857142857142855,0.7913244878098046
54.0,explicit,0.5,0.8297639435451493
54.0,explicit,0.5714285714285714,0.7913244878098047
54.0,explicit,0.6428571428571428,0.6937342164989763
54.0,explicit,0.7142857142857142,0.5658196830653752
54.0,explicit,0.7857142857142857,0.4259645286430621
54.0,explicit,0.8571428571428571,0.2817277347484075
54.0,explicit,0.9285714285714285,0.1384533867340757
54.0,explicit,1.0,0.014561632402206058
55.0,explicit,0.0,-0.10530796408160285
55.0,explicit,0.07142857142857142,0.1407673243946179
55.0,explicit,0.14285714285714285,0.2817565448154501
55.0,explicit,0.21428571428571427,0.4258441147398857
55.0,explicit,0.2857142857142857,0.5654906392971285
55.0,explicit,0.3571428571428571,0.6929017772672336
55.0,explicit,0.42857142857142855,0.7897066239246093
55.0,explicit,0.5,0.8276651330908281
55.0,explicit,0.5714285714285714,0.7897066239246094
55.0,explicit,0.6428571428571428,0.6929017772672338
55.0,explicit,0.7142857142857142,0.5654906392971287
55.0,explicit,0.7857142857142857,0.42584411473988587
55.0,explicit,0.8571428571428571,0.2817565448154502
55.0,explicit,0.9285714285714285,0.14076732439461795
55.0,explicit,1.0,-0.10530796408160285
56.0,explicit,0.0,-0.04914932198966523
56.0,explicit,0.07142857142857142,0.13932834471512806
56.0,explicit,0.14285714285714285,0.2817989715810352
56.0,explicit,0.21428571428571427,0.4257833019779531
56.0,explicit,0.2857142857142857,0.5653230959396178
56.0,explicit,0.3571428571428571,0.6924826747917242
56.0,explicit,0.42857142857142855,0.7889008207822028
56.0,explicit,0.5,0.8266255752433478
56.0,explicit,0.5714285714285714,0.7889008207822029
56.0,explicit,0.6428571428571428,0.6924826747917243
56.0,explicit,0.7142857142857142,0.565323095939618
56.0,explicit,0.7857142857142857,0.4257833019779533
56.0,explicit,0.8571428571428571,0.2817989715810353
56.0,explicit,0.9285714285714285,0.1393283447151281
56.0,explicit,1.0,-0.04914932198966523
57.0,explicit,0.0,-0.2195272422198178
57.0,explicit,0.07142857142857142,0.13795352924542226
57.0,explicit,0.14285714285714285,0.28183039918780933
57.0,explicit,0.21428571428571427,0.42566121006037166
57.0,explicit,0.2857142857142857,0.5649820879824996
57.0,explicit,0.3571428571428571,0.6916389704237882
57.0,explicit,0.42857142857142855,0.7872955024868371
57.0,explicit,0.5,0.8245655468837978
57.0,explicit,0.5714285714285714,0.7872955024868372
57.0,explicit,0.6428571428571428,0.6916389704237883
57.0,explicit,0.7142857142857142,0.5649820879824998
57.0,explicit,0.7857142857142857,0.42566121006037183
57.0,explicit,0.8571428571428571,0.28183039918780944
57.0,explicit,0.9285714285714285,0.13795352924542229
57.0,explicit,1.0,-0.2195272422198178
58.0,explicit,0.0,0.0391582908269834
58.0,explicit,0.07142857142857142,0.13579801551008788
58.0,explicit,0.14285714285714285,0.28178825703841665
58.0,explicit,0.21428571428571427,0.425537005995082
58.0,explicit,0.2857142857142857,0.5646333538315165
58.0,explicit,0.3571428571428571,0.6907882765964795
58.0,explicit,0.42857142857142855,0.7856985961523926
58.0,explicit,0.5,0.8225301985767224
58.0,explicit,0.5714285714285714,0.7856985961523927
58.0,explicit,0.6428571428571428,0.6907882765964796
58.0,explicit,0.7142857142857142,0.5646333538315167
58.0,explicit,0.7857142857142857,0.42553700599508215
58.0,explicit,0.8571428571428571,0.28178825703841676
58.0,explicit,0.9285714285714285,0.1357980155100879
58.0,explicit,1.0,0.0391582908269834
59.0,explicit,0.0,0.0007670184963691335
59.0,explicit,0.07142857142857142,0.13647378911382732
59.0,explicit,0.14285714285714285,0.28175756350955944
59.0,explicit,0.21428571428571427,0.4254732990661167
59.0,explicit,0.2857142857142857,0.5644561424461626
59.0,explicit,0.3571428571428571,0.6903604334965945
59.0,explicit,0.42857142857142855,0.7849033042996311
59.0,explicit,0.5,0.8215215029725872
59.0,explicit,0.5714285714285714,0.7849033042996312
59.0,explicit,0.6428571428571428,0.6903604334965946
59.0,explicit,0.7142857142857142,0.5644561424461628
59.0,explicit,0.7857142857142857,0.42547329906611686
59.0,explicit,0.8571428571428571,0.28175756350955955
59.0,explicit,0.9285714285714285,0.13647378911382735
59.0,explicit,1.0,0.0007670184963691335
60.0,explicit,0.0,-0.03518807000627203
60.0,explicit,0.07142857142857142,0.13660493032105253
60.0,explicit,0.14285714285714285,0.28173609181432924
60.0,explicit,0.21428571428571427,0.4254084899454288
60.0,explicit,0.2857142857142857,0.5642770533300911
60.0,explicit,0.3571428571428571,0.6899309907808183
60.0,explicit,0.42857142857142855,0.7841101218380666
60.0,explicit,0.5,0.820518651790409
60.0,explicit,0.5714285714285714,0.7841101218380667
60.0,explicit,0.6428571428571428,0.6899309907808184
60.0,explicit,0.7142857142857142,0.5642770533300914
60.0,explicit,0.7857142857142857,0.42540848994542896
60.0,explicit,0.8571428571428571,0.28173609181432935
60.0,explicit,0.9285714285714285,0.13660493032105256
60.0,explicit,1.0,-0.03518807000627203
1.0,implicit,0.0,0.09715328071510387
1.0,implicit,0.07142857142857142,0.14482488528681037
1.0,implicit,0.14285714285714285,0.2857620364606122
1.0,implicit,0.21428571428571427,0.42857251691302595
1.0,implicit,0.2857142857142857,0.5714284644983463
1.0,implicit,0.3571428571428571,0.7142792078181002
1.0,implicit,0.42857142857142855,0.8568486506627966
1.0,implicit,0.5,0.9888645392356136
1.0,implicit,0.5714285714285714,0.8568486506627967
1.0,implicit,0.6428571428571428,0.7142792078181004
1.0,implicit,0.7142857142857142,0.5714284644983463
1.0,implicit,0.7857142857142857,0.4285725169130259
1.0,implicit,0.8571428571428571,0.2857620364606122
1.0,implicit,0.9285714285714285,0.14482488528681056
1.0,implicit,1.0,0.09715328071510387
2.0,implicit,0.0,0.22845447846120379
2.0,implicit,0.07142857142857142,0.14781884881757557
2.0,implicit,0.14285714285714285,0.2858269289036655
2.0,implicit,0.21428571428571427,0.4285739860470279
2.0,implicit,0.2857142857142857,0.5714283313737496
2.0,implicit,0.3571428571428571,0.7142729548533758
2.0,implicit,0.42857142857142855,0.8566609356952128
2.0,implicit,0.5,0.9853404339645158
2.0,implicit,0.5714285714285714,0.856660935695213
2.0,implicit,0.6428571428571428,0.7142729548533762
2.0,implicit,0.7142857142857142,0.5714283313737496
2.0,implicit,0.7857142857142857,0.42857398604702784
2.0,implicit,0.8571428571428571,0.28582692890366557
2.0,implicit,0.9285714285714285,0.14781884881757573
2.0,implicit,1.0,0.22845447846120379
3.0,implicit,0.0,-0.03512054354237708
3.0,implicit,0.07142857142857142,0.1466391280199993
3.0,implicit,0.14285714285714285,0.285928179918659
3.0,implicit,0.21428571428571427,0.4285788632665659
3.0,implicit,0.2857142857142857,0.5714277623499588
3.0,implicit,0.3571428571428571,0.7142513570169094
3.0,implicit,0.42857142857142855,0.8561649255363036
3.0,implicit,0.5,0.9785523877186815
3.0,implicit,0.5714285714285714,0.8561649255363039
3.0,implicit,0.6428571428571428,0.7142513570169099
3.0,implicit,0.7142857142857142,0.571427762349959
3.0,implicit,0.7857142857142857,0.42857886326656586
3.0,implicit,0.8571428571428571,0.28592817991865904
3.0,implicit,0.9285714285714285,0.14663912801999945
3.0,implicit,1.0,-0.03512054354237708
4.0,implicit,0.0,0.11511520937293632
4.0,implicit,0.07142857142857142,0.1510567875343969
4.0,implicit,0.14285714285714285,0.2861153445440095
4.0,implicit,0.21428571428571427,0.4285876598293502
4.0,implicit,0.2857142857142857,0.5714265669546781
4.0,implicit,0.3571428571428571,0.7142148872684353
4.0,implicit,0.42857142857142855,0.8555220972005043
4.0,implicit,0.5,0.9720894490619919
4.0,implicit,0.5714285714285714,0.8555220972005046
4.0,implicit,0.6428571428571428,0.7142148872684356
4.0,implicit,0.7142857142857142,0.5714265669546781
4.0,implicit,0.7857142857142857,0.4285876598293501
4.0,implicit,0.8571428571428571,0.28611534454400944
4.0,implicit,0.9285714285714285,0.15105678753439708
4.0,implicit,1.0,0.11511520937293632
5.0,implicit,0.0,-0.07042115789024281
5.0,implicit,0.07142857142857142,0.1499060754700531
5.0,implicit,0.14285714285714285,0.2861989002633992
5.0,implicit,0.21428571428571427,0.4285936472307404
5.0,implicit,0.2857142857142857,0.5714256432287166
5.0,implicit,0.3571428571428571,0.7141901812002658
5.0,implicit,0.42857142857142855,0.8551504799611811
5.0,implicit,0.5,0.9689722478180864
5.0,implicit,0.5714285714285714,0.8551504799611814
5.0,implicit,0.6428571428571428,0.7141901812002662
5.0,implicit,0.7142857142857142,0.5714256432287166
5.0,implicit,0.7857142857142857,0.42859364723074034
5.0,implicit,0.8571428571428571,0.28619890026339917
5.0,implicit,0.9285714285714285,0.14990607547005327
5.0,implicit,1.0,-0.07042115789024281
6.0,implicit,0.0,-0.06951265392186934
6.0,implicit,0.07142857142857142,0.14968081087779234
6.0,implicit,0.14285714285714285,0.2863684114809961
6.0,implicit,0.21428571428571427,0.4286085677304629
6.0,implicit,0.2857142857142857,0.5714229265244626
6.0,implicit,0.3571428571428571,0.7141263256151874
6.0,implicit,0.42857142857142855,0.8543157289186745
6.0,implicit,0.5,0.962952212962989
6.0,implicit,0.5714285714285714,0.8543157289186748
6.0,implicit,0.6428571428571428,0.714126325615188
6.0,implicit,0.7142857142857142,0.5714229265244627
6.0,implicit,0.7857142857142857,0.4286085677304628
6.0,implicit,0.8571428571428571,0.28636841148099607
6.0,implicit,0.9285714285714285,0.1496808108777925
6.0,implicit,1.0,-0.06951265392186934
7.0,implicit,0.0,0.03629434073490512
7.0,implicit,0.07142857142857142,0.1489189207484749
7.0,implicit,0.14285714285714285,0.2864903222198716
7.0,implicit,0.21428571428571427,0.42862598479029834
7.0,implicit,0.2857142857142857,0.571418705059942
7.0,implicit,0.3571428571428571,0.7140415502727057
7.0,implicit,0.42857142857142855,0.85336981147247
7.0,implicit,0.5,0.9572004919995422
7.0,implicit,0.5714285714285714,0.8533698114724704
7.0,implicit,0.6428571428571428,0.7140415502727061
7.0,implicit,0.7142857142857142,0.5714187050599422
7.0,implicit,0.7857142857142857,0.4286259847902982
7.0,implicit,0.8571428571428571,0.28649032221987153
7.0,implicit,0.9285714285714285,0.14891892074847504
7.0,implicit,1.0,0.03629434073490512
8.0,implicit,0.0,-0.2869920366986697
8.0,implicit,0.07142857142857142,0.14494266011543905
8.0,implicit,0.14285714285714285,0.28649827691550256
8.0,implicit,0.21428571428571427,0.4286348106655102
8.0,implicit,0.2857142857142857,0.5714158820253068
8.0,implicit,0.3571428571428571,0.7139907923016536
8.0,implicit,0.42857142857142855,0.8528589402961146
8.0,implicit,0.5,0.9544190957099907
8.0,implicit,0.5714285714285714,0.852858940296115
8.0,implicit,0.6428571428571428,0.7139907923016541
8.0,implicit,0.7142857142857142,0.5714158820253071
8.0,implicit,0.7857142857142857,0.42863481066550996
8.0,implicit,0.8571428571428571,0.2864982769155025
8.0,implicit,0.9285714285714285,0.14494266011543921
8.0,implicit,1.0,-0.2869920366986697
9.0,implicit,0.0,-0.0843431293861459
9.0,implicit,0.07142857142857142,0.14037109929718736
9.0,implicit,0.14285714285714285,0.2864075995890181
9.0,implicit,0.21428571428571427,0.42864990878144066
9.0,implicit,0.2857142857142857,0.5714084437479376
9.0,implicit,0.3571428571428571,0.7138716883829809
9.0,implicit,0.42857142857142855,0.8517682851356089
9.0,implicit,0.5,0.9490338191791692
9.0,implicit,0.5714285714285714,0.8517682851356093
9.0,implicit,0.6428571428571428,0.7138716883829813
9.0,implicit,0.7142857142857142,0.5714084437479378
9.0,implicit,0.7857142857142857,0.4286499087814404
9.0,implicit,0.8571428571428571,0.28640759958901807
9.0,implicit,0.9285714285714285,0.14037109929718752
9.0,implicit,1.0,-0.0843431293861459
10.0,implicit,0.0,0.04713709988929108
10.0,implicit,0.07142857142857142,0.13917457206632156
10.0,implicit,0.14285714285714285,0.2862667720092426
10.0,implicit,0.21428571428571427,0.42866041702153174
10.0,implicit,0.2857142857142857,0.5713980903346026
10.0,implicit,0.3571428571428571,0.7137282423059707
10.0,implicit,0.42857142857142855,0.8505941847142929
10.0,implicit,0.5,0.9438711129101053
10.0,implicit,0.5714285714285714,0.8505941847142935
10.0,implicit,0.6428571428571428,0.7137282423059711
10.0,implicit,0.7142857142857142,0.5713980903346026
10.0,implicit,0.7857142857142857,0.42866041702153146
10.0,implicit,0.8571428571428571,0.2862667720092425
10.0,implicit,0.9285714285714285,0.1391745720663217
10.0,implicit,1.0,0.04713709988929108
11.0,implicit,0.0,-0.13620361132818162
11.0,implicit,0.07142857142857142,0.13746359672661473
11.0,implicit,0.14285714285714285,0.28618138850246544
11.0,implicit,0.21428571428571427,0.428663778116712
11.0,implicit,0.2857142857142857,0.5713916223971253
11.0,implicit,0.3571428571428571,0.7136471249706955
11.0,implicit,0.42857142857142855,0.8499787761259998
11.0,implicit,0.5,0.9413682576919762
11.0,implicit,0.5714285714285714,0.8499787761260005
11.0,implicit,0.6428571428571428,0.7136471249706959
11.0,implicit,0.7142857142857142,0.5713916223971253
11.0,implicit,0.7857142857142857,0.42866377811671175
11.0,implicit,0.8571428571428571,0.2861813885024653
11.0,implicit,0.9285714285714285,0.13746359672661487
11.0,implicit,1.0,-0.13620361132818162
12.0,implicit,0.0,0.2198473153382331
12.0,implicit,0.07142857142857142,0.13793740971983443
12.0,implicit,0.14285714285714285,0.28598904736465347
12.0,implicit,0.21428571428571427,0.42866582106593126
12.0,implicit,0.2857142857142857,0.5713756940809395
12.0,implicit,0.3571428571428571,0.7134657115104505
12.0,implicit,0.42857142857142855,0.8486966118261053
12.0,implicit,0.5,0.9365103234429603
12.0,implicit,0.5714285714285714,0.848696611826106
12.0,implicit,0.6428571428571428,0.7134657115104509
12.0,implicit,0.7142857142857142,0.5713756940809397
12.0,implicit,0.7857142857142857,0.42866582106593104
12.0,implicit,0.8571428571428571,0.28598904736465325
12.0,implicit,0.9285714285714285,0.13793740971983456
12.0,implicit,1.0,0.2198473153382331
13.0,implicit,0.0,0.010129230703188575
13.0,implicit,0.07142857142857142,0.13789615136274233
13.0,implicit,0.14285714285714285,0.28584296931460407
13.0,implicit,0.21428571428571427,0.4286633635463866
13.0,implicit,0.2857142857142857,0.5713552831308197
13.0,implicit,0.3571428571428571,0.71325837239717
13.0,implicit,0.42857142857142855,0.8473525374995233
13.0,implicit,0.5,0.9318380064158587
13.0,implicit,0.5714285714285714,0.847352537499524
13.0,implicit,0.6428571428571428,0.7132583723971706
13.0,implicit,0.7142857142857142,0.5713552831308197
13.0,implicit,0.7857142857142857,0.42866336354638634
13.0,implicit,0.8571428571428571,0.28584296931460385
13.0,implicit,0.9285714285714285,0.13789615136274247
13.0,implicit,1.0,0.010129230703188575
14.0,implicit,0.0,-0.21371222793201852
14.0,implicit,0.07142857142857142,0.13518029010216176
14.0,implicit,0.14285714285714285,0.28573840124635563
14.0,implicit,0.21428571428571427,0.42866009660720283
14.0,implicit,0.2857142857142857,0.5713432133430011
14.0,implicit,0.3571428571428571,0.7131448954329876
14.0,implicit,0.42857142857142855,0.8466595612775355
14.0,implicit,0.5,0.9295674343629254
14.0,implicit,0.5714285714285714,0.8466595612775362
14.0,implicit,0.6428571428571428,0.7131448954329882
14.0,implicit,0.7142857142857142,0.5713432133430011
14.0,implicit,0.7857142857142857,0.42866009660720256
14.0,implicit,0.8571428571428571,0.2857384012463554
14.0,implicit,0.9285714285714285,0.1351802901021619
14.0,implicit,1.0,-0.21371222793201852
15.0,implicit,0.0,0.016638388456479913
15.0,implicit,0.07142857142857142,0.13474278023929576
15.0,implicit,0.14285714285714285,0.2855200292256455
15.0,implicit,0.21428571428571427,0.4286488864756765
15.0,implicit,0.2857142857142857,0.5713149731974358
15.0,implicit,0.3571428571428571,0.7128982536479795
15.0,implicit,0.42857142857142855,0.8452358969035191
15.0,implicit,0.5,0.9251499912387311
15.0,implicit,0.5714285714285714,0.8452358969035197
15.0,implicit,0.6428571428571428,0.71289825364798
15.0,implicit,0.7142857142857142,0.5713149731974357
15.0,implicit,0.7857142857142857,0.4286488864756761
15.0,implicit,0.8571428571428571,0.28552002922564523
15.0,implicit,0.9285714285714285,0.1347427802392959
15.0,implicit,1.0,0.016638388456479913
16.0,implicit,0.0,0.05635470275185079
16.0,implicit,0.07142857142857142,0.13367091763706168
16.0,implicit,0.14285714285714285,0.2852771354405142
16.0,implicit,0.21428571428571427,0.4286311252082883
16.0,implicit,0.2857142857142857,0.5712807873508445
16.0,implicit,0.3571428571428571,0.7126253767644919
16.0,implicit,0.42857142857142855,0.8437670314680549
16.0,implicit,0.5,0.9208882187003815
16.0,implicit,0.5714285714285714,0.8437670314680555
16.0,implicit,0.6428571428571428,0.7126253767644923
16.0,implicit,0.7142857142857142,0.5712807873508444
16.0,implicit,0.7857142857142857,0.4286311252082877
16.0,implicit,0.8571428571428571,0.2852771354405139
16.0,implicit,0.9285714285714285,0.13367091763706185
16.0,implicit,1.0,0.05635470275185079
17.0,implicit,0.0,-0.09009580348782074
17.0,implicit,0.07142857142857142,0.1327074998625257
17.0,implicit,0.14285714285714285,0.285154155885823
17.0,implicit,0.21428571428571427,0.4286198387668958
17.0,implicit,0.2857142857142857,0.5712612933665103
17.0,implicit,0.3571428571428571,0.7124791377556308
17.0,implicit,0.42857142857142855,0.8430174133804534
17.0,implicit,0.5,0.9188124438489892
17.0,implicit,0.5714285714285714,0.8430174133804541
17.0,implicit,0.6428571428571428,0.7124791377556312
17.0,implicit,0.7142857142857142,0.5712612933665102
17.0,implicit,0.7857142857142857,0.4286198387668952
17.0,implicit,0.8571428571428571,0.28515415588582266
17.0,implicit,0.9285714285714285,0.13270749986252586
17.0,implicit,1.0,-0.09009580348782074
18.0,implicit,0.0,-0.09025599183440954
18.0,implicit,0.07142857142857142,0.1314510372415326
18.0,implicit,0.14285714285714285,0.28489648833284753
18.0,implicit,0.21428571428571427,0.42859225259987893
18.0,implicit,0.2857142857142857,0.5712171760599729
18.0,implicit,0.3571428571428571,0.712167198803443
18.0,implicit,0.42857142857142855,0.8414910335744716
18.0,implicit,0.5,0.9147650408870203
18.0,implicit,0.5714285714285714,0.8414910335744723
18.0,implicit,0.6428571428571428,0.7121671988034434
18.0,implicit,0.7142857142857142,0.5712171760599728
18.0,implicit,0.7857142857142857,0.4285922525998783
18.0,implicit,0.8571428571428571,0.28489648833284725
18.0,implicit,0.9285714285714285,0.1314510372415328
18.0,implicit,1.0,-0.09025599183440954
19.0,implicit,0.0,-0.002024583710690088
19.0,implicit,0.07142857142857142,0.13560399161430803
19.0,implicit,0.14285714285714285,0.2847466098036789
19.0,implicit,0.21428571428571427,0.42856008759181513
19.0,implicit,0.2857142857142857,0.5711658438217806
19.0,implicit,0.3571428571428571,0.7118295736157706
19.0,implicit,0.42857142857142855,0.8399323956494505
19.0,implicit,0.5,0.910848957507451
19.0,implicit,0.5714285714285714,0.8399323956494512
19.0,implicit,0.6428571428571428,0.7118295736157708
19.0,implicit,0.7142857142857142,0.5711658438217805
19.0,implicit,0.7857142857142857,0.42856008759181446
19.0,implicit,0.8571428571428571,0.2847466098036786
19.0,implicit,0.9285714285714285,0.13560399161430825
19.0,implicit,1.0,-0.002024583710690088
20.0,implicit,0.0,-0.15865663934338506
20.0,implicit,0.07142857142857142,0.13366851785755796
20.0,implicit,0.14285714285714285,0.28464954781317114
20.0,implicit,0.21428571428571427,0.42854231718702107
20.0,implicit,0.2857142857142857,0.5711373462284811
20.0,implicit,0.3571428571428571,0.7116512478770006
20.0,implicit,0.42857142857142855,0.8391423452514131
20.0,implicit,0.5,0.9089374993969551
20.0,implicit,0.5714285714285714,0.8391423452514137
20.0,implicit,0.6428571428571428,0.7116512478770008
20.0,implicit,0.7142857142857142,0.5711373462284811
20.0,implicit,0.7857142857142857,0.42854231718702046
20.0,implicit,0.8571428571428571,0.28464954781317087
20.0,implicit,0.9285714285714285,0.13366851785755818
20.0,implicit,1.0,-0.15865663934338506
21.0,implicit,0.0,-0.18312654749565332
21.0,implicit,0.07142857142857142,0.13328058164982043
21.0,implicit,0.14285714285714285,0.2844815065991569
21.0,implicit,0.21428571428571427,0.4285038071786225
21.0,implicit,0.2857142857142857,0.5710744565914273
21.0,implicit,0.3571428571428571,0.7112758508448231
21.0,implicit,0.42857142857142855,0.8375432759351422
21.0,implicit,0.5,0.9052027914655347
21.0,implicit,0.5714285714285714,0.837543275935143
21.0,implicit,0.6428571428571428,0.7112758508448233
21.0,implicit,0.7142857142857142,0.5710744565914274
21.0,implicit,0.7857142857142857,0.42850380717862174
21.0,implicit,0.8571428571428571,0.28448150659915655
21.0,implicit,0.9285714285714285,0.13328058164982065
21.0,implicit,1.0,-0.18312654749565332
22.0,implicit,0.0,-0.2939505185819663
22.0,implicit,0.07142857142857142,0.13023639528815326
22.0,implicit,0.14285714285714285,0.2842597717675614
22.0,implicit,0.21428571428571427,0.42846014546448713
22.0,implicit,0.2857142857142857,0.5710034020456441
22.0,implicit,0.3571428571428571,0.7108758811123183
22.0,implicit,0.42857142857142855,0.8359219528491146
22.0,implicit,0.5,0.9015795306669828
22.0,implicit,0.5714285714285714,0.8359219528491156
22.0,implicit,0.6428571428571428,0.7108758811123184
22.0,implicit,0.7142857142857142,0.5710034020456443
22.0,implicit,0.7857142857142857,0.42846014546448635
22.0,implicit,0.8571428571428571,0.284259771767561
22.0,implicit,0.9285714285714285,0.13023639528815348
22.0,implicit,1.0,-0.2939505185819663
23.0,implicit,0.0,-0.19922790733476456
23.0,implicit,0.07142857142857142,0.1278958963752293
23.0,implicit,0.14285714285714285,0.2840973225473494
23.0,implicit,0.21428571428571427,0.42843537771147977
23.0,implicit,0.2857142857142857,0.5709646889334853
23.0,implicit,0.3571428571428571,0.7106668520053455
23.0,implicit,0.42857142857142855,0.8351039996819294
23.0,implicit,0.5,0.8998075156623248
23.0,implicit,0.5714285714285714,0.8351039996819304
23.0,implicit,0.6428571428571428,0.7106668520053455
23.0,implicit,0.7142857142857142,0.5709646889334853
23.0,implicit,0.7857142857142857,0.42843537771147894
23.0,implicit,0.8571428571428571,0.284097322547349
23.0,implicit,0.9285714285714285,0.1278958963752295
23.0,implicit,1.0,-0.19922790733476456
24.0,implicit,0.0,0.11076998699931156
24.0,implicit,0.07142857142857142,0.13049433052485673
24.0,implicit,0.14285714285714285,0.28382883217561394
24.0,implicit,0.21428571428571427,0.4283806532260261
24.0,implicit,0.2857142857142857,0.5708806593015979
24.0,implicit,0.3571428571428571,0.7102310704227037
24.0,implicit,0.42857142857142855,0.8334554327505246
24.0,implicit,0.5,0.896338653857081
24.0,implicit,0.5714285714285714,0.8334554327505257
24.0,implicit,0.6428571428571428,0.7102310704227038
24.0,implicit,0.7142857142857142,0.5708806593015977
24.0,implicit,0.7857142857142857,0.42838065322602525
24.0,implicit,0.8571428571428571,0.2838288321756136
24.0,implicit,0.9285714285714285,0.13049433052485693
24.0,implicit,1.0,0.11076998699931156
25.0,implicit,0.0,-0.01734724235823608
25.0,implicit,0.07142857142857142,0.13119305263847647
25.0,implicit,0.14285714285714285,0.2836143415973909
25.0,implicit,0.21428571428571427,0.4283205874216109
25.0,implicit,0.2857142857142857,0.5707875826000531
25.0,implicit,0.3571428571428571,0.7097721711373405
25.0,implicit,0.42857142857142855,0.8317923236802452
25.0,implicit,0.5,0.8929649594743891
25.0,implicit,0.5714285714285714,0.8317923236802465
25.0,implicit,0.6428571428571428,0.7097721711373405
25.0,implicit,0.7142857142857142,0.5707875826000528
25.0,implicit,0.7857142857142857,0.4283205874216101
25.0,implicit,0.8571428571428571,0.2836143415973906
25.0,implicit,0.9285714285714285,0.13119305263847664
25.0,implicit,1.0,-0.01734724235823608
26.0,implicit,0.0,-0.04516555433839332
26.0,implicit,0.07142857142857142,0.13087257513785244
26.0,implicit,0.14285714285714285,0.28350681578869324
26.0,implicit,0.21428571428571427,0.4282886422521971
26.0,implicit,0.2857142857142857,0.5707375711113005
26.0,implicit,0.3571428571428571,0.709534251932779
26.0,implicit,0.42857142857142855,0.8309561260918675
26.0,implicit,0.5,0.8913120116671747
26.0,implicit,0.5714285714285714,0.8309561260918686
26.0,implicit,0.6428571428571428,0.709534251932779
26.0,implicit,0.7142857142857142,0.5707375711113003
26.0,implicit,0.7857142857142857,0.42828864225219637
26.0,implicit,0.8571428571428571,0.28350681578869286
26.0,implicit,0.9285714285714285,0.13087257513785258
26.0,implicit,1.0,-0.04516555433839332
27.0,implicit,0.0,-0.1079766312592063
27.0,implicit,0.07142857142857142,0.12712292784998
27.0,implicit,0.14285714285714285,0.28321434218400626
27.0,implicit,0.21428571428571427,0.42821945342759715
27.0,implicit,0.2857142857142857,0.5706304323082232
27.0,implicit,0.3571428571428571,0.7090418861301175
27.0,implicit,0.42857142857142855,0.829275921448752
27.0,implicit,0.5,0.8880705730283074
27.0,implicit,0.5714285714285714,0.8292759214487531
27.0,implicit,0.6428571428571428,0.7090418861301176
27.0,implicit,0.7142857142857142,0.570630432308223
27.0,implicit,0.7857142857142857,0.42821945342759643
27.0,implicit,0.8571428571428571,0.28321434218400593
27.0,implicit,0.9285714285714285,0.12712292784998014
27.0,implicit,1.0,-0.1079766312592063
28.0,implicit,0.0,0.15856833393283734
28.0,implicit,0.07142857142857142,0.12909624143041631
28.0,implicit,0.14285714285714285,0.2829405921932369
28.0,implicit,0.21428571428571427,0.4281432600741932
28.0,implicit,0.2857142857142857,0.5705135910945179
28.0,implicit,0.3571428571428571,0.7085280445213573
28.0,implicit,0.42857142857142855,0.8275870976370997
28.0,implicit,0.5,0.8849109112731768
28.0,implicit,0.5714285714285714,0.8275870976371008
28.0,implicit,0.6428571428571428,0.7085280445213573
28.0,implicit,0.7142857142857142,0.5705135910945176
28.0,implicit,0.7857142857142857,0.42814326007419234
28.0,implicit,0.8571428571428571,0.28294059219323664
28.0,implicit,0.9285714285714285,0.12909624143041648
28.0,implicit,1.0,0.15856833393283734
29.0,implicit,0.0,0.05154274343526921
29.0,implicit,0.07142857142857142,0.13011170888602805
29.0,implicit,0.14285714285714285,0.2828384151787408
29.0,implicit,0.21428571428571427,0.42810331999358736
29.0,implicit,0.2857142857142857,0.5704514733848293
29.0,implicit,0.3571428571428571,0.7082632834483475
29.0,implicit,0.42857142857142855,0.8267400740301567
29.0,implicit,0.5,0.8833602715881574
29.0,implicit,0.5714285714285714,0.8267400740301578
29.0,implicit,0.6428571428571428,0.7082632834483475
29.0,implicit,0.7142857142857142,0.5704514733848289
29.0,implicit,0.7857142857142857,0.4281033199935864
29.0,implicit,0.8571428571428571,0.28283841517874053
29.0,implicit,0.9285714285714285,0.1301117088860282
29.0,implicit,1.0,0.05154274343526921
30.0,implicit,0.0,0.04861259540921925
30.0,implicit,0.07142857142857142,0.12791820045012875
30.0,implicit,0.14285714285714285,0.2825694128683989
30.0,implicit,0.21428571428571427,0.4280185708614912
30.0,implicit,0.2857142857142857,0.5703197296096968
30.0,implicit,0.3571428571428571,0.7077185114522285
30.0,implicit,0.42857142857142855,0.8250419322100471
30.0,implicit,0.5,0.8803146139789947
30.0,implicit,0.5714285714285714,0.8250419322100481
30.0,implicit,0.6428571428571428,0.7077185114522284
30.0,implicit,0.7142857142857142,0.5703197296096965
30.0,implicit,0.7857142857142857,0.4280185708614902
30.0,implicit,0.8571428571428571,0.28256941286839854
30.0,implicit,0.9285714285714285,0.1279182004501289
30.0,implicit,1.0,0.04861259540921925
31.0,implicit,0.0,-0.1015383000458938
31.0,implicit,0.07142857142857142,0.12651338493798936
31.0,implicit,0.14285714285714285,0.2823014856687641
31.0,implicit,0.21428571428571427,0.4279277377109008
31.0,implicit,0.2857142857142857,0.5701778465725713
31.0,implicit,0.3571428571428571,0.7071539831787411
31.0,implicit,0.42857142857142855,0.8233396992378068
31.0,implicit,0.5,0.8773396721309644
31.0,implicit,0.5714285714285714,0.8233396992378079
31.0,implicit,0.6428571428571428,0.7071539831787409
31.0,implicit,0.7142857142857142,0.570177846572571
31.0,implicit,0.7857142857142857,0.4279277377108997
31.0,implicit,0.8571428571428571,0.2823014856687637
31.0,implicit,0.9285714285714285,0.12651338493798947
31.0,implicit,1.0,-0.1015383000458938
32.0,implicit,0.0,0.09175144332613018
32.0,implicit,0.07142857142857142,0.12812493360434798
32.0,implicit,0.14285714285714285,0.2821868910939813
32.0,implicit,0.21428571428571427,0.4278802152692941
32.0,implicit,0.2857142857142857,0.5701030619917141
32.0,implicit,0.3571428571428571,0.7068645268298339
32.0,implicit,0.42857142857142855,0.8224875211155973
32.0,implicit,0.5,0.8758774975052536
32.0,implicit,0.5714285714285714,0.8224875211155983
32.0,implicit,0.6428571428571428,0.7068645268298337
32.0,implicit,0.7142857142857142,0.5701030619917139
32.0,implicit,0.7857142857142857,0.42788021526929304
32.0,implicit,0.8571428571428571,0.28218689109398076
32.0,implicit,0.9285714285714285,0.1281249336043481
32.0,implicit,1.0,0.09175144332613018
33.0,implicit,0.0,0.13969201786742977
33.0,implicit,0.07142857142857142,0.13267247772190022
33.0,implicit,0.14285714285714285,0.2820566848251638
33.0,implicit,0.21428571428571427,0.42778306233261804
33.0,implicit,0.2857142857142857,0.5699457802848558
33.0,implicit,0.3571428571428571,0.7062716618238944
33.0,implicit,0.42857142857142855,0.8207818992855597
33.0,implicit,0.5,0.8730014501111533
33.0,implicit,0.5714285714285714,0.8207818992855606
33.0,implicit,0.6428571428571428,0.7062716618238941
33.0,implicit,0.7142857142857142,0.5699457802848555
33.0,implicit,0.7857142857142857,0.427783062332617
33.0,implicit,0.8571428571428571,0.2820566848251633
33.0,implicit,0.9285714285714285,0.1326724777219003
33.0,implicit,1.0,0.13969201786742977
34.0,implicit,0.0,-0.04638185637768218
34.0,implicit,0.07142857142857142,0.130857971096304
34.0,implicit,0.14285714285714285,0.28191543344806147
34.0,implicit,0.21428571428571427,0.4276832542015443
34.0,implicit,0.2857142857142857,0.5697782148173081
34.0,implicit,0.3571428571428571,0.705660767652653
34.0,implicit,0.42857142857142855,0.8190756271177813
34.0,implicit,0.5,0.8701869406494547
34.0,implicit,0.5714285714285714,0.819075627117782
34.0,implicit,0.6428571428571428,0.7056607676526526
34.0,implicit,0.7142857142857142,0.569778214817308
34.0,implicit,0.7857142857142857,0.42768325420154324
34.0,implicit,0.8571428571428571,0.28191543344806097
34.0,implicit,0.9285714285714285,0.1308579710963041
34.0,implicit,1.0,-0.04638185637768218
35.0,implicit,0.0,0.049689514710534594
35.0,implicit,0.07142857142857142,0.13178869112335342
35.0,implicit,0.14285714285714285,0.2818566578513376
35.0,implicit,0.21428571428571427,0.4276323496811048
35.0,implicit,0.2857142857142857,0.5696905769938355
35.0,implicit,0.3571428571428571,0.705348773497986
35.0,implicit,0.42857142857142855,0.8182226044982001
35.0,implicit,0.5,0.8688017454956496
35.0,implicit,0.5714285714285714,0.8182226044982008
35.0,implicit,0.6428571428571428,0.7053487734979855
35.0,implicit,0.7142857142857142,0.5696905769938355
35.0,implicit,0.7857142857142857,0.42763234968110364
35.0,implicit,0.8571428571428571,0.2818566578513371
35.0,implicit,0.9285714285714285,0.1317886911233535
35.0,implicit,1.0,0.049689514710534594
36.0,implicit,0.0,-0.07187613567679349
36.0,implicit,0.07142857142857142,0.13320856793747088
36.0,implicit,0.14285714285714285,0.28178911595730993
36.0,implicit,0.21428571428571427,0.4275296948080239
36.0,implicit,0.2857142857142857,0.5695076276570379
36.0,implicit,0.3571428571428571,0.7047121149716994
36.0,implicit,0.42857142857142855,0.8165174328918362
36.0,implicit,0.5,0.8660735646388947
36.0,implicit,0.5714285714285714,0.8165174328918369
36.0,implicit,0.6428571428571428,0.7047121149716989
36.0,implicit,0.7142857142857142,0.5695076276570377
36.0,implicit,0.7857142857142857,0.42752969480802266
36.0,implicit,0.8571428571428571,0.2817891159573094
36.0,implicit,0.9285714285714285,0.13320856793747093
36.0,implicit,1.0,-0.07187613567679349
37.0,implicit,0.0,-0.16595024610090423
37.0,implicit,0.07142857142857142,0.13103778246013964
37.0,implicit,0.14285714285714285,0.2816812534289785
37.0,implicit,0.21428571428571427,0.42742495514297335
37.0,implicit,0.2857142857142857,0.5693144936731671
37.0,implicit,0.3571428571428571,0.7040591214598011
37.0,implicit,0.42857142857142855,0.8148142056410694
37.0,implicit,0.5,0.8633992710067713
37.0,implicit,0.5714285714285714,0.8148142056410701
37.0,implicit,0.6428571428571428,0.7040591214598007
37.0,implicit,0.7142857142857142,0.569314493673167
37.0,implicit,0.7857142857142857,0.427424955142972
37.0,implicit,0.8571428571428571,0.2816812534289779
37.0,implicit,0.9285714285714285,0.13103778246013972
37.0,implicit,1.0,-0.16595024610090423
38.0,implicit,0.0,-0.1794309936121006
38.0,implicit,0.07142857142857142,0.1289063201557979
38.0,implicit,0.14285714285714285,0.28158681960998616
38.0,implicit,0.21428571428571427,0.42737098906674886
38.0,implicit,0.2857142857142857,0.5692141141573905
38.0,implicit,0.3571428571428571,0.7037267058314607
38.0,implicit,0.42857142857142855,0.8139635889320516
38.0,implicit,0.5,0.8620814813012389
38.0,implicit,0.5714285714285714,0.8139635889320522
38.0,implicit,0.6428571428571428,0.7037267058314602
38.0,implicit,0.7142857142857142,0.5692141141573904
38.0,implicit,0.7857142857142857,0.42737098906674753
38.0,implicit,0.8571428571428571,0.28158681960998555
38.0,implicit,0.9285714285714285,0.12890632015579798
38.0,implicit,1.0,-0.1794309936121006
39.0,implicit,0.0,0.20343600428562345
39.0,implicit,0.07142857142857142,0.13382210967168873
39.0,implicit,0.14285714285714285,0.2814939539522747
39.0,implicit,0.21428571428571427,0.42726111795705984
39.0,implicit,0.2857142857142857,0.5690057602907782
39.0,implicit,0.3571428571428571,0.703050443143891
39.0,implicit,0.42857142857142855,0.8122648321034408
39.0,implicit,0.5,0.8594830163807052
39.0,implicit,0.5714285714285714,0.8122648321034415
39.0,implicit,0.6428571428571428,0.7030504431438903
39.0,implicit,0.7142857142857142,0.569005760290778
39.0,implicit,0.7857142857142857,0.4272611179570585
39.0,implicit,0.8571428571428571,0.28149395395227417
39.0,implicit,0.9285714285714285,0.1338221096716888
39.0,implicit,1.0,0.20343600428562345
40.0,implicit,0.0,0.15052993468380363
40.0,implicit,0.07142857142857142,0.13605193419435171
40.0,implicit,0.14285714285714285,0.2814719062059788
40.0,implicit,0.21428571428571427,0.4271503832867503
40.0,implicit,0.2857142857142857,0.5687873781772906
40.0,implicit,0.3571428571428571,0.7023594710156401
40.0,implicit,0.42857142857142855,0.8105699568114675
40.0,implicit,0.5,0.8569320302273123
40.0,implicit,0.5714285714285714,0.810569956811468
40.0,implicit,0.6428571428571428,0.7023594710156396
40.0,implicit,0.7142857142857142,0.5687873781772904
40.0,implicit,0.7857142857142857,0.427150383286749
40.0,implicit,0.8571428571428571,0.2814719062059782
40.0,implicit,0.9285714285714285,0.13605193419435177
40.0,implicit,1.0,0.15052993468380363
41.0,implicit,0.0,0.05424540375714512
41.0,implicit,0.07142857142857142,0.13689998160747216
41.0,implicit,0.14285714285714285,0.28148591918413407
41.0,implicit,0.21428571428571427,0.4270951990616502
41.0,implicit,0.2857142857142857,0.5686744753768406
41.0,implicit,0.3571428571428571,0.7020086655793828
41.0,implicit,0.42857142857142855,0.8097241729928745
41.0,implicit,0.5,0.8556736268702037
41.0,implicit,0.5714285714285714,0.809724172992875
41.0,implicit,0.6428571428571428,0.7020086655793822
41.0,implicit,0.7142857142857142,0.5686744753768402
41.0,implicit,0.7857142857142857,0.4270951990616489
41.0,implicit,0.8571428571428571,0.2814859191841335
41.0,implicit,0.9285714285714285,0.13689998160747222
41.0,implicit,1.0,0.05424540375714512
42.0,implicit,0.0,0.05420934082626209
42.0,implicit,0.07142857142857142,0.13656930566849212
42.0,implicit,0.14285714285714285,0.2814908325541402
42.0,implicit,0.21428571428571427,0.42698462833141376
42.0,implicit,0.2857142857142857,0.5684413437545054
42.0,implicit,0.3571428571428571,0.7012968018403485
42.0,implicit,0.42857142857142855,0.8080362686014956
42.0,implicit,0.5,0.8531896528777244
42.0,implicit,0.5714285714285714,0.8080362686014961
42.0,implicit,0.6428571428571428,0.7012968018403478
42.0,implicit,0.7142857142857142,0.5684413437545052
42.0,implicit,0.7857142857142857,0.4269846283314123
42.0,implicit,0.8571428571428571,0.28149083255413965
42.0,implicit,0.9285714285714285,0.13656930566849215
42.0,implicit,1.0,0.05420934082626209
43.0,implicit,0.0,-0.005373905866492731
43.0,implicit,0.07142857142857142,0.13971222770626968
43.0,implicit,0.14285714285714285,0.28158695383502785
43.0,implicit,0.21428571428571427,0.42687557493791345
43.0,implicit,0.2857142857142857,0.5681986096935804
43.0,implicit,0.3571428571428571,0.7005717719867042
43.0,implicit,0.42857142857142855,0.8063536729405062
43.0,implicit,0.5,0.8507477631249575
43.0,implicit,0.5714285714285714,0.8063536729405066
43.0,implicit,0.6428571428571428,0.7005717719867035
43.0,implicit,0.7142857142857142,0.5681986096935802
43.0,implicit,0.7857142857142857,0.42687557493791206
43.0,implicit,0.8571428571428571,0.2815869538350273
43.0,implicit,0.9285714285714285,0.13971222770626968
43.0,implicit,1.0,-0.005373905866492731
44.0,implicit,0.0,0.2346965483721009
44.0,implicit,0.07142857142857142,0.1428703201317872
44.0,implicit,0.14285714285714285,0.28167383620502623
44.0,implicit,0.21428571428571427,0.42682221369402573
44.0,implicit,0.2857142857142857,0.5680737166220897
44.0,implicit,0.3571428571428571,0.7002045057573318
44.0,implicit,0.42857142857142855,0.8055145103294853
44.0,implicit,0.5,0.849541996108503
44.0,implicit,0.5714285714285714,0.8055145103294857
44.0,implicit,0.6428571428571428,0.7002045057573313
44.0,implicit,0.7142857142857142,0.5680737166220895
44.0,implicit,0.7857142857142857,0.42682221369402434
44.0,implicit,0.8571428571428571,0.2816738362050257
44.0,implicit,0.9285714285714285,0.1428703201317872
44.0,implicit,1.0,0.2346965483721009
45.0,implicit,0.0,0.12328537565628357
45.0,implicit,0.07142857142857142,0.13930945915901008
45.0,implicit,0.14285714285714285,0.28172249072725136
45.0,implicit,0.21428571428571427,0.4267154699791524
45.0,implicit,0.2857142857142857,0.5678169969358753
45.0,implicit,0.3571428571428571,0.6994608345841589
45.0,implicit,0.42857142857142855,0.8038407128610566
45.0,implicit,0.5,0.8471596783496954
45.0,implicit,0.5714285714285714,0.8038407128610572
45.0,implicit,0.6428571428571428,0.6994608345841584
45.0,implicit,0.7142857142857142,0.5678169969358751
45.0,implicit,0.7857142857142857,0.426715469979151
45.0,implicit,0.8571428571428571,0.28172249072725086
45.0,implicit,0.9285714285714285,0.13930945915901008
45.0,implicit,1.0,0.12328537565628357
46.0,implicit,0.0,-0.04485110256988012
46.0,implicit,0.07142857142857142,0.13896401351707968
46.0,implicit,0.14285714285714285,0.28178643747488824
46.0,implicit,0.21428571428571427,0.4266091937193967
46.0,implicit,0.2857142857142857,0.567551191759529
46.0,implicit,0.3571428571428571,0.6987054520783536
46.0,implicit,0.42857142857142855,0.8021732571454598
46.0,implicit,0.5,0.8448148808844183
46.0,implicit,0.5714285714285714,0.8021732571454604
46.0,implicit,0.6428571428571428,0.6987054520783531
46.0,implicit,0.7142857142857142,0.5675511917595287
46.0,implicit,0.7857142857142857,0.4266091937193954
46.0,implicit,0.8571428571428571,0.2817864374748878
46.0,implicit,0.9285714285714285,0.1389640135170797
46.0,implicit,1.0,-0.04485110256988012
47.0,implicit,0.0,0.013764116480325344
47.0,implicit,0.07142857142857142,0.13919927998779316
47.0,implicit,0.14285714285714285,0.28181552583084707
47.0,implicit,0.21428571428571427,0.4265560413890892
47.0,implicit,0.2857142857142857,0.5674149389650787
47.0,implicit,0.3571428571428571,0.6983235428472676
47.0,implicit,0.42857142857142855,0.8013420103912539
47.0,implicit,0.5,0.8436560397639651
47.0,implicit,0.5714285714285714,0.8013420103912544
47.0,implicit,0.6428571428571428,0.6983235428472673
47.0,implicit,0.7142857142857142,0.5674149389650784
47.0,implicit,0.7857142857142857,0.42655604138908787
47.0,implicit,0.8571428571428571,0.2818155258308466
47.0,implicit,0.9285714285714285,0.1391992799877932
47.0,implicit,1.0,0.013764116480325344
48.0,implicit,0.0,-0.03295078317562679
48.0,implicit,0.07142857142857142,0.13498121758058249
48.0,implicit,0.14285714285714285,0.28176206620129257
48.0,implicit,0.21428571428571427,0.42644739906214774
48.0,implicit,0.2857142857142857,0.5671358070919126
48.0,implicit,0.3571428571428571,0.6975516261963437
48.0,implicit,0.42857142857142855,0.7996846606469352
48.0,implicit,0.5,0.8413645037586247
48.0,implicit,0.5714285714285714,0.7996846606469358
48.0,implicit,0.6428571428571428,0.6975516261963434
48.0,implicit,0.7142857142857142,0.5671358070919122
48.0,implicit,0.7857142857142857,0.4264473990621464
48.0,implicit,0.8571428571428571,0.2817620662012922
48.0,implicit,0.9285714285714285,0.1349812175805825
48.0,implicit,1.0,-0.03295078317562679
49.0,implicit,0.0,0.2216841067112274
49.0,implicit,0.07142857142857142,0.13894103587483775
49.0,implicit,0.14285714285714285,0.2817688310549598
49.0,implicit,0.21428571428571427,0.42633645337832
49.0,implicit,0.2857142857142857,0.5668479422157274
49.0,implicit,0.3571428571428571,0.69676934878897
49.0,implicit,0.42857142857142855,0.798034381781858
49.0,implicit,0.5,0.8391066071144645
49.0,implicit,0.5714285714285714,0.7980343817818586
49.0,implicit,0.6428571428571428,0.6967693487889696
49.0,implicit,0.7142857142857142,0.5668479422157271
49.0,implicit,0.7857142857142857,0.42633645337831866
49.0,implicit,0.8571428571428571,0.2817688310549594
49.0,implicit,0.9285714285714285,0.13894103587483778
49.0,implicit,1.0,0.2216841067112274
50.0,implicit,0.0,-0.0777405327410471
50.0,implicit,0.07142857142857142,0.13795681305560523
50.0,implicit,0.14285714285714285,0.2817781569616644
50.0,implicit,0.21428571428571427,0.4262805548677278
50.0,implicit,0.2857142857142857,0.5667007862414811
50.0,implicit,0.3571428571428571,0.6963744845370979
50.0,implicit,0.42857142857142855,0.7972119648955847
50.0,implicit,0.5,0.8379898362737273
50.0,implicit,0.5714285714285714,0.7972119648955853
50.0,implicit,0.6428571428571428,0.6963744845370975
50.0,implicit,0.7142857142857142,0.5667007862414807
50.0,implicit,0.7857142857142857,0.4262805548677265
50.0,implicit,0.8571428571428571,0.28177815696166403
50.0,implicit,0.9285714285714285,0.13795681305560525
50.0,implicit,1.0,-0.0777405327410471
51.0,implicit,0.0,-0.07526355653768048
51.0,implicit,0.07142857142857142,0.13553398275210304
51.0,implicit,0.14285714285714285,0.2817415672980229
51.0,implicit,0.21428571428571427,0.42616659848466604
51.0,implicit,0.2857142857142857,0.5664001105005683
51.0,implicit,0.3571428571428571,0.6955776146551838
51.0,implicit,0.42857142857142855,0.7955726994214715
51.0,implicit,0.5,0.8357798212976018
51.0,implicit,0.5714285714285714,0.7955726994214721
51.0,implicit,0.6428571428571428,0.6955776146551833
51.0,implicit,0.7142857142857142,0.5664001105005676
51.0,implicit,0.7857142857142857,0.42616659848466476
51.0,implicit,0.8571428571428571,0.2817415672980226
51.0,implicit,0.9285714285714285,0.13553398275210313
51.0,implicit,1.0,-0.07526355653768048
52.0,implicit,0.0,0.049312666448952665
52.0,implicit,0.07142857142857142,0.13825349152598407
52.0,implicit,0.14285714285714285,0.2817542190252795
52.0,implicit,0.21428571428571427,0.42605043705188184
52.0,implicit,0.2857142857142857,0.5660910670187731
52.0,implicit,0.3571428571428571,0.694771622797022
52.0,implicit,0.42857142857142855,0.7939409999134636
52.0,implicit,0.5,0.8336001286217986
52.0,implicit,0.5714285714285714,0.793940999913464
52.0,implicit,0.6428571428571428,0.6947716227970215
52.0,implicit,0.7142857142857142,0.5660910670187724
52.0,implicit,0.7857142857142857,0.4260504370518805
52.0,implicit,0.8571428571428571,0.2817542190252791
52.0,implicit,0.9285714285714285,0.13825349152598418
52.0,implicit,1.0,0.049312666448952665
53.0,implicit,0.0,-0.07946403056505581
53.0,implicit,0.07142857142857142,0.13726426107008213
53.0,implicit,0.14285714285714285,0.2817508522190623
53.0,implicit,0.21428571428571427,0.42599157163524404
53.0,implicit,0.2857142857142857,0.5659334567682981
53.0,implicit,0.3571428571428571,0.6943653520497145
53.0,implicit,0.42857142857142855,0.7931280337842082
53.0,implicit,0.5,0.8325212781296034
53.0,implicit,0.5714285714285714,0.7931280337842087
53.0,implicit,0.6428571428571428,0.6943653520497142
53.0,implicit,0.7142857142857142,0.5659334567682975
53.0,implicit,0.7857142857142857,0.4259915716352427
53.0,implicit,0.8571428571428571,0.281750852219062
53.0,implicit,0.9285714285714285,0.13726426107008224
53.0,implicit,1.0,-0.07946403056505581
54.0,implicit,0.0,0.014561632402206058
54.0,implicit,0.07142857142857142,0.1386475595563579
54.0,implicit,0.14285714285714285,0.28177503097448015
54.0,implicit,0.21428571428571427,0.42587261668275816
54.0,implicit,0.2857142857142857,0.5656121626078648
54.0,implicit,0.3571428571428571,0.6935465435032356
54.0,implicit,0.42857142857142855,0.791507947199927
54.0,implicit,0.5,0.8303848572347606
54.0,implicit,0.5714285714285714,0.7915079471999275
54.0,implicit,0.6428571428571428,0.6935465435032354
54.0,implicit,0.7142857142857142,0.5656121626078643
54.0,implicit,0.7857142857142857,0.4258726166827568
54.0,implicit,0.8571428571428571,0.28177503097447976
54.0,implicit,0.9285714285714285,0.13864755955635802
54.0,implicit,1.0,0.014561632402206058
55.0,implicit,0.0,-0.10530796408160285
55.0,implicit,0.07142857142857142,0.13924801165640552
55.0,implicit,0.14285714285714285,0.2818320809242652
55.0,implicit,0.21428571428571427,0.4257527463402878
55.0,implicit,0.2857142857142857,0.5652829275837298
55.0,implicit,0.3571428571428571,0.6927197439140305
55.0,implicit,0.42857142857142855,0.7898957420619434
55.0,implicit,0.5,0.8282759089583747
55.0,implicit,0.5714285714285714,0.7898957420619437
55.0,implicit,0.6428571428571428,0.6927197439140302
55.0,implicit,0.7142857142857142,0.5652829275837293
55.0,implicit,0.7857142857142857,0.4257527463402863
55.0,implicit,0.8571428571428571,0.28183208092426487
55.0,implicit,0.9285714285714285,0.13924801165640566
55.0,implicit,1.0,-0.10530796408160285
56.0,implicit,0.0,-0.04914932198966523
56.0,implicit,0.07142857142857142,0.13863751578162428
56.0,implicit,0.14285714285714285,0.281840950493642
56.0,implicit,0.21428571428571427,0.4256921137208307
56.0,implicit,0.2857142857142857,0.5651153870580741
56.0,implicit,0.3571428571428571,0.6923034806133963
56.0,implicit,0.42857142857142855,0.7890926226318166
56.0,implicit,0.5,0.8272314137843821
56.0,implicit,0.5714285714285714,0.7890926226318168
56.0,implicit,0.6428571428571428,0.6923034806133962
56.0,implicit,0.7142857142857142,0.5651153870580737
56.0,implicit,0.7857142857142857,0.42569211372082927
56.0,implicit,0.8571428571428571,0.28184095049364166
56.0,implicit,0.9285714285714285,0.13863751578162442
56.0,implicit,1.0,-0.04914932198966523
57.0,implicit,0.0,-0.2195272422198178
57.0,implicit,0.07142857142857142,0.1350680618664078
57.0,implicit,0.14285714285714285,0.28179858598037444
57.0,implicit,0.21428571428571427,0.4255683246146995
57.0,implicit,0.2857142857142857,0.5647745468652312
57.0,implicit,0.3571428571428571,0.6914654841852441
57.0,implicit,0.42857142857142855,0.7874923943185214
57.0,implicit,0.5,0.8251617668649115
57.0,implicit,0.5714285714285714,0.7874923943185215
57.0,implicit,0.6428571428571428,0.691465484185244
57.0,implicit,0.7142857142857142,0.5647745468652309
57.0,implicit,0.7857142857142857,0.42556832461469796
57.0,implicit,0.8571428571428571,0.2817985859803741
57.0,implicit,0.9285714285714285,0.13506806186640796
57.0,implicit,1.0,-0.2195272422198178
58.0,implicit,0.0,0.0391582908269834
58.0,implicit,0.07142857142857142,0.13647186498749167
58.0,implicit,0.14285714285714285,0.2817465848221253
58.0,implicit,0.21428571428571427,0.42544031917131786
58.0,implicit,0.2857142857142857,0.5644261156858312
58.0,implicit,0.3571428571428571,0.6906205249276441
58.0,implicit,0.42857142857142855,0.7859002258856712
58.0,implicit,0.5,0.8231171318959248
58.0,implicit,0.5714285714285714,0.7859002258856714
58.0,implicit,0.6428571428571428,0.6906205249276439
58.0,implicit,0.7142857142857142,0.5644261156858309
58.0,implicit,0.7857142857142857,0.42544031917131625
58.0,implicit,0.8571428571428571,0.281746584822125
58.0,implicit,0.9285714285714285,0.13647186498749186
58.0,implicit,1.0,0.0391582908269834
59.0,implicit,0.0,0.0007670184963691335
59.0,implicit,0.07142857142857142,0.13659914551622102
59.0,implicit,0.14285714285714285,0.2817263379875343
59.0,implicit,0.21428571428571427,0.42537494096376427
59.0,implicit,0.2857142857142857,0.5642490923850174
59.0,implicit,0.3571428571428571,0.6901955542065693
59.0,implicit,0.42857142857142855,0.78510717741786
59.0,implicit,0.5,0.8221039138190862
59.0,implicit,0.5714285714285714,0.7851071774178602
59.0,implicit,0.6428571428571428,0.6901955542065691
59.0,implicit,0.7142857142857142,0.564249092385017
59.0,implicit,0.7857142857142857,0.42537494096376266
59.0,implicit,0.8571428571428571,0.28172633798753405
59.0,implicit,0.9285714285714285,0.1365991455162212
59.0,implicit,1.0,0.0007670184963691335
60.0,implicit,0.0,-0.03518807000627203
60.0,implicit,0.07142857142857142,0.1362434744223129
60.0,implicit,0.14285714285714285,0.2817010059357103
60.0,implicit,0.21428571428571427,0.42530858379103503
60.0,implicit,0.2857142857142857,0.564070218045634
60.0,implicit,0.3571428571428571,0.6897689847213985
60.0,implicit,0.42857142857142855,0.7843161579535909
60.0,implicit,0.5,0.8210966188130325
60.0,implicit,0.5714285714285714,0.784316157953591
60.0,implicit,0.6428571428571428,0.6897689847213981
60.0,implicit,0.7142857142857142,0.5640702180456335
60.0,implicit,0.7857142857142857,0.4253085837910334
60.0,implicit,0.8571428571428571,0.28170100593571
60.0,implicit,0.9285714285714285,0.1362434744223131
60.0,implicit,1.0,-0.03518807000627203
1.0,crank_nicolson,0.0,0.09715328071510387
1.0,crank_nicolson,0.07142857142857142,0.1438537357564244
1.0,crank_nicolson,0.14285714285714285,0.285732205323578
1.0,crank_nicolson,0.21428571428571427,0.42857171417419854
1.0,crank_nicolson,0.2857142857142857,0.5714285369636116
1.0,crank_nicolson,0.3571428571428571,0.7142824665614659
1.0,crank_nicolson,0.42857142857142855,0.8569151164103564
1.0,crank_nicolson,0.5,0.9887249020283431
1.0,crank_nicolson,0.5714285714285714,0.8569151164103564
1.0,crank_nicolson,0.6428571428571428,0.7142824665614661
1.0,crank_nicolson,0.7142857142857142,0.5714285369636118
1.0,crank_nicolson,0.7857142857142857,0.42857171417419887
1.0,crank_nicolson,0.8571428571428571,0.285732205323578
1.0,crank_nicolson,0.9285714285714285,0.14385373575642454
1.0,crank_nicolson,1.0,0.09715328071510387
2.0,crank_nicolson,0.0,0.22845447846120379
2.0,crank_nicolson,0.07142857142857142,0.14537023373990224
2.0,crank_nicolson,0.14285714285714285,0.28575543274081494
2.0,crank_nicolson,0.21428571428571427,0.42857210450452676
2.0,crank_nicolson,0.2857142857142857,0.571428472556927
2.0,crank_nicolson,0.3571428571428571,0.7142783267948861
2.0,crank_nicolson,0.42857142857142855,0.85674482153814
2.0,crank_nicolson,0.5,0.98516153111177
2.0,crank_nicolson,0.5714285714285714,0.85674482153814
2.0,crank_nicolson,0.6428571428571428,0.7142783267948863
2.0,crank_nicolson,0.7142857142857142,0.5714284725569272
2.0,crank_nicolson,0.7857142857142857,0.4285721045045272
2.0,crank_nicolson,0.8571428571428571,0.2857554327408149
2.0,crank_nicolson,0.9285714285714285,0.14537023373990238
2.0,crank_nicolson,1.0,0.22845447846120379
3.0,crank_nicolson,0.0,-0.03512054354237708
3.0,crank_nicolson,0.07142857142857142,0.1447701383004031
3.0,crank_nicolson,0.14285714285714285,0.28581214920646275
3.0,crank_nicolson,0.21428571428571427,0.42857395186136865
3.0,crank_nicolson,0.2857142857142857,0.5714281235698804
3.0,crank_nicolson,0.3571428571428571,0.7142621074933768
3.0,crank_nicolson,0.42857142857142855,0.856277586755817
3.0,crank_nicolson,0.5,0.9783044656225235
3.0,crank_nicolson,0.5714285714285714,0.856277586755817
3.0,crank_nicolson,0.6428571428571428,0.714262107493377
3.0,crank_nicolson,0.7142857142857142,0.5714281235698806
3.0,crank_nicolson,0.7857142857142857,0.4285739518613694
3.0,crank_nicolson,0.8571428571428571,0.2858121492064627
3.0,crank_nicolson,0.9285714285714285,0.14477013830040325
3.0,crank_nicolson,1.0,-0.03512054354237708
4.0,crank_nicolson,0.0,0.11511520937293632
4.0,crank_nicolson,0.07142857142857142,0.14700600595272595
4.0,crank_nicolson,0.14285714285714285,0.28589378175166213
4.0,crank_nicolson,0.21428571428571427,0.42857740367224256
4.0,crank_nicolson,0.2857142857142857,0.5714272527208217
4.0,crank_nicolson,0.3571428571428571,0.7142321906436258
4.0,crank_nicolson,0.42857142857142855,0.8556564523907213
4.0,crank_nicolson,0.5,0.9717838136311291
4.0,crank_nicolson,0.5714285714285714,0.8556564523907213
4.0,crank_nicolson,0.6428571428571428,0.7142321906436259
4.0,crank_nicolson,0.7142857142857142,0.5714272527208221
4.0,crank_nicolson,0.7857142857142857,0.4285774036722435
4.0,crank_nicolson,0.8571428571428571,0.2858937817516622
4.0,crank_nicolson,0.9285714285714285,0.14700600595272603
4.0,crank_nicolson,1.0,0.11511520937293632
5.0,crank_nicolson,0.0,-0.07042115789024281
5.0,crank_nicolson,0.07142857142857142,0.1464210241561184
5.0,crank_nicolson,0.14285714285714285,0.2859411236601773
5.0,crank_nicolson,0.21428571428571427,0.4285799639419278
5.0,crank_nicolson,0.2857142857142857,0.571426520770109
5.0,crank_nicolson,0.3571428571428571,0.7142110826662241
5.0,crank_nicolson,0.42857142857142855,0.8552933663622952
5.0,crank_nicolson,0.5,0.9686415263789766
5.0,crank_nicolson,0.5714285714285714,0.8552933663622952
5.0,crank_nicolson,0.6428571428571428,0.7142110826662241
5.0,crank_nicolson,0.7142857142857142,0.5714265207701094
5.0,crank_nicolson,0.7857142857142857,0.4285799639419289
5.0,crank_nicolson,0.8571428571428571,0.2859411236601775
5.0,crank_nicolson,0.9285714285714285,0.1464210241561185
5.0,crank_nicolson,1.0,-0.07042115789024281
6.0,crank_nicolson,0.0,-0.06951265392186934
6.0,crank_nicolson,0.07142857142857142,0.1463036334110249
6.0,crank_nicolson,0.14285714285714285,0.2860296243148831
6.0,crank_nicolson,0.21428571428571427,0.42858667186698723
6.0,crank_nicolson,0.2857142857142857,0.571424233347359
6.0,crank_nicolson,0.3571428571428571,0.7141548643645627
6.0,crank_nicolson,0.42857142857142855,0.8544716475188744
6.0,crank_nicolson,0.5,0.9625780226620586
6.0,crank_nicolson,0.5714285714285714,0.8544716475188744
6.0,crank_nicolson,0.6428571428571428,0.7141548643645628
6.0,crank_nicolson,0.7142857142857142,0.5714242333473594
6.0,crank_nicolson,0.7857142857142857,0.4285866718669884
6.0,crank_nicolson,0.8571428571428571,0.2860296243148833
6.0,crank_nicolson,0.9285714285714285,0.14630363341102498
6.0,crank_nicolson,1.0,-0.06951265392186934
7.0,crank_nicolson,0.0,0.03629434073490512
7.0,crank_nicolson,0.07142857142857142,0.14591527187168754
7.0,crank_nicolson,0.14285714285714285,0.2860950949994665
7.0,crank_nicolson,0.21428571428571427,0.42859500248028587
7.0,crank_nicolson,0.2857142857142857,0.5714204989718421
7.0,crank_nicolson,0.3571428571428571,0.714078086425009
7.0,crank_nicolson,0.42857142857142855,0.853534097622217
7.0,crank_nicolson,0.5,0.9567907721007747
7.0,crank_nicolson,0.5714285714285714,0.8535340976222171
7.0,crank_nicolson,0.6428571428571428,0.7140780864250094
7.0,crank_nicolson,0.7142857142857142,0.5714204989718425
7.0,crank_nicolson,0.7857142857142857,0.4285950024802873
7.0,crank_nicolson,0.8571428571428571,0.28609509499946684
7.0,crank_nicolson,0.9285714285714285,0.14591527187168762
7.0,crank_nicolson,1.0,0.03629434073490512
8.0,crank_nicolson,0.0,-0.2869920366986697
8.0,crank_nicolson,0.07142857142857142,0.14389951803856704
8.0,crank_nicolson,0.14285714285714285,0.2861128511816974
8.0,crank_nicolson,0.21428571428571427,0.4285995033407307
8.0,crank_nicolson,0.2857142857142857,0.5714179457887676
8.0,crank_nicolson,0.3571428571428571,0.7140313886453373
8.0,crank_nicolson,0.42857142857142855,0.8530258999736878
8.0,crank_nicolson,0.5,0.953994248605911
8.0,crank_nicolson,0.5714285714285714,0.8530258999736879
8.0,crank_nicolson,0.6428571428571428,0.7140313886453377
8.0,crank_nicolson,0.7142857142857142,0.571417945788768
8.0,crank_nicolson,0.7857142857142857,0.4285995033407323
8.0,crank_nicolson,0.8571428571428571,0.28611285118169766
8.0,crank_nicolson,0.9285714285714285,0.14389951803856713
8.0,crank_nicolson,1.0,-0.2869920366986697
9.0,crank_nicolson,0.0,-0.0843431293861459
9.0,crank_nicolson,0.07142857142857142,0.14158423579822982
9.0,crank_nicolson,0.14285714285714285,0.2860810213300884
9.0,crank_nicolson,0.21428571428571427,0.42860793427069377
9.0,crank_nicolson,0.2857142857142857,0.5714111485860837
9.0,crank_nicolson,0.3571428571428571,0.7139204065649067
9.0,crank_nicolson,0.42857142857142855,0.8519379929009753
9.0,crank_nicolson,0.5,0.9485833869800041
9.0,crank_nicolson,0.5714285714285714,0.8519379929009754
9.0,crank_nicolson,0.6428571428571428,0.7139204065649071
9.0,crank_nicolson,0.7142857142857142,0.5714111485860843
9.0,crank_nicolson,0.7857142857142857,0.4286079342706955
9.0,crank_nicolson,0.8571428571428571,0.2860810213300886
9.0,crank_nicolson,0.9285714285714285,0.14158423579822993
9.0,crank_nicolson,1.0,-0.0843431293861459
10.0,crank_nicolson,0.0,0.04713709988929108
10.0,crank_nicolson,0.07142857142857142,0.14098091500322973
10.0,crank_nicolson,0.14285714285714285,0.28601138209095034
10.0,crank_nicolson,0.21428571428571427,0.4286142619932237
10.0,crank_nicolson,0.2857142857142857,0.5714016274511929
10.0,crank_nicolson,0.3571428571428571,0.7137849521989651
10.0,crank_nicolson,0.42857142857142855,0.8507636704637486
10.0,crank_nicolson,0.5,0.9434006010393837
10.0,crank_nicolson,0.5714285714285714,0.8507636704637487
10.0,crank_nicolson,0.6428571428571428,0.7137849521989652
10.0,crank_nicolson,0.7142857142857142,0.5714016274511937
10.0,crank_nicolson,0.7857142857142857,0.4286142619932256
10.0,crank_nicolson,0.8571428571428571,0.2860113820909506
10.0,crank_nicolson,0.9285714285714285,0.14098091500322982
10.0,crank_nicolson,1.0,0.04713709988929108
11.0,crank_nicolson,0.0,-0.13620361132818162
11.0,crank_nicolson,0.07142857142857142,0.14011541263873306
11.0,crank_nicolson,0.14285714285714285,0.28597275838211195
11.0,crank_nicolson,0.21428571428571427,0.4286164529343362
11.0,crank_nicolson,0.2857142857142857,0.571395662817798
11.0,crank_nicolson,0.3571428571428571,0.713707740760708
11.0,crank_nicolson,0.42857142857142855,0.8501472034565323
11.0,crank_nicolson,0.5,0.9408895258460687
11.0,crank_nicolson,0.5714285714285714,0.8501472034565324
11.0,crank_nicolson,0.6428571428571428,0.7137077407607081
11.0,crank_nicolson,0.7142857142857142,0.5713956628177986
11.0,crank_nicolson,0.7857142857142857,0.42861645293433825
11.0,crank_nicolson,0.8571428571428571,0.2859727583821123
11.0,crank_nicolson,0.9285714285714285,0.14011541263873317
11.0,crank_nicolson,1.0,-0.13620361132818162
12.0,crank_nicolson,0.0,0.2198473153382331
12.0,crank_nicolson,0.07142857142857142,0.1403597583586468
12.0,crank_nicolson,0.14285714285714285,0.285870753570977
12.0,crank_nicolson,0.21428571428571427,0.42861848468332714
12.0,crank_nicolson,0.2857142857142857,0.5713809566351837
12.0,crank_nicolson,0.3571428571428571,0.7135338942114389
12.0,crank_nicolson,0.42857142857142855,0.8488613197384085
12.0,crank_nicolson,0.5,0.9360183557669604
12.0,crank_nicolson,0.5714285714285714,0.8488613197384086
12.0,crank_nicolson,0.6428571428571428,0.713533894211439
12.0,crank_nicolson,0.7142857142857142,0.5713809566351847
12.0,crank_nicolson,0.7857142857142857,0.4286184846833294
12.0,crank_nicolson,0.8571428571428571,0.28587075357097724
12.0,crank_nicolson,0.9285714285714285,0.14035975835864692
12.0,crank_nicolson,1.0,0.2198473153382331
13.0,crank_nicolson,0.0,0.010129230703188575
13.0,crank_nicolson,0.07142857142857142,0.14034187789935576
13.0,crank_nicolson,0.14285714285714285,0.2857948550031672
13.0,crank_nicolson,0.21428571428571427,0.42861760708445995
13.0,crank_nicolson,0.2857142857142857,0.5713620624347674
13.0,crank_nicolson,0.3571428571428571,0.7133337280309685
13.0,crank_nicolson,0.42857142857142855,0.8475117310002032
13.0,crank_nicolson,0.5,0.9313365582820926
13.0,crank_nicolson,0.5714285714285714,0.8475117310002034
13.0,crank_nicolson,0.6428571428571428,0.7133337280309685
13.0,crank_nicolson,0.7142857142857142,0.5713620624347685
13.0,crank_nicolson,0.7857142857142857,0.4286176070844623
13.0,crank_nicolson,0.8571428571428571,0.28579485500316754
13.0,crank_nicolson,0.9285714285714285,0.14034187789935587
13.0,crank_nicolson,1.0,0.010129230703188575
14.0,crank_nicolson,0.0,-0.21371222793201852
14.0,crank_nicolson,0.07142857142857142,0.13896716591527875
14.0,crank_nicolson,0.14285714285714285,0.2857500301947177
14.0,crank_nicolson,0.21428571428571427,0.428616171074214
14.0,crank_nicolson,0.2857142857142857,0.5713508702532529
14.0,crank_nicolson,0.3571428571428571,0.713223669878277
14.0,crank_nicolson,0.42857142857142855,0.8468154388060309
14.0,crank_nicolson,0.5,0.9290624790710506
14.0,crank_nicolson,0.5714285714285714,0.8468154388060312
14.0,crank_nicolson,0.6428571428571428,0.7132236698782769
14.0,crank_nicolson,0.7142857142857142,0.5713508702532539
14.0,crank_nicolson,0.7857142857142857,0.4286161710742164
14.0,crank_nicolson,0.8571428571428571,0.28575003019471806
14.0,crank_nicolson,0.9285714285714285,0.13896716591527883
14.0,crank_nicolson,1.0,-0.21371222793201852
15.0,crank_nicolson,0.0,0.016638388456479913
15.0,crank_nicolson,0.07142857142857142,0.1387497172745546
15.0,crank_nicolson,0.14285714285714285,0.2856381601578631
15.0,crank_nicolson,0.21428571428571427,0.4286108239798614
15.0,crank_nicolson,0.2857142857142857,0.5713246553696253
15.0,crank_nicolson,0.3571428571428571,0.7129835020260422
15.0,crank_nicolson,0.42857142857142855,0.8453842247608161
15.0,crank_nicolson,0.5,0.9246401766273531
15.0,crank_nicolson,0.5714285714285714,0.8453842247608163
15.0,crank_nicolson,0.6428571428571428,0.7129835020260422
15.0,crank_nicolson,0.7142857142857142,0.5713246553696262
15.0,crank_nicolson,0.7857142857142857,0.42861082397986383
15.0,crank_nicolson,0.8571428571428571,0.2856381601578635
15.0,crank_nicolson,0.9285714285714285,0.13874971727455468
15.0,crank_nicolson,1.0,0.016638388456479913
16.0,crank_nicolson,0.0,0.05635470275185079
16.0,crank_nicolson,0.07142857142857142,0.13821103409766777
16.0,crank_nicolson,0.14285714285714285,0.28551596582113986
16.0,crank_nicolson,0.21428571428571427,0.4286018834235193
16.0,crank_nicolson,0.2857142857142857,0.5712928876843123
16.0,crank_nicolson,0.3571428571428571,0.7127165892895326
16.0,crank_nicolson,0.42857142857142855,0.8439068183667772
16.0,crank_nicolson,0.5,0.9203760499239115
16.0,crank_nicolson,0.5714285714285714,0.8439068183667773
16.0,crank_nicolson,0.6428571428571428,0.7127165892895326
16.0,crank_nicolson,0.7142857142857142,0.5712928876843132
16.0,crank_nicolson,0.7857142857142857,0.42860188342352185
16.0,crank_nicolson,0.8571428571428571,0.2855159658211403
16.0,crank_nicolson,0.9285714285714285,0.13821103409766786
16.0,crank_nicolson,1.0,0.05635470275185079
17.0,crank_nicolson,0.0,-0.09009580348782074
17.0,crank_nicolson,0.07142857142857142,0.13772494675707053
17.0,crank_nicolson,0.14285714285714285,0.2854556510872876
17.0,crank_nicolson,0.21428571428571427,0.4285960189734919
17.0,crank_nicolson,0.2857142857142857,0.571274759968688
17.0,crank_nicolson,0.3571428571428571,0.7125731354349462
17.0,crank_nicolson,0.42857142857142855,0.8431526353998597
17.0,crank_nicolson,0.5,0.9182999129091854
17.0,crank_nicolson,0.5714285714285714,0.8431526353998597
17.0,crank_nicolson,0.6428571428571428,0.7125731354349462
17.0,crank_nicolson,0.7142857142857142,0.5712747599686889
17.0,crank_nicolson,0.7857142857142857,0.4285960189734945
17.0,crank_nicolson,0.8571428571428571,0.28545565108728804
17.0,crank_nicolson,0.9285714285714285,0.13772494675707062
17.0,crank_nicolson,1.0,-0.09009580348782074
18.0,crank_nicolson,0.0,-0.09025599183440954
18.0,crank_nicolson,0.07142857142857142,0.13709276119697553
18.0,crank_nicolson,0.14285714285714285,0.28532670901498924
18.0,crank_nicolson,0.21428571428571427,0.42858146363792027
18.0,crank_nicolson,0.2857142857142857,0.571233709919919
18.0,crank_nicolson,0.3571428571428571,0.712266368624261
18.0,crank_nicolson,0.42857142857142855,0.8416166712467241
18.0,crank_nicolson,0.5,0.9142531949892646
18.0,crank_nicolson,0.5714285714285714,0.8416166712467241
18.0,crank_nicolson,0.6428571428571428,0.712266368624261
18.0,crank_nicolson,0.7142857142857142,0.5712337099199198
18.0,crank_nicolson,0.7857142857142857,0.42858146363792293
18.0,crank_nicolson,0.8571428571428571,0.28532670901498974
18.0,crank_nicolson,0.9285714285714285,0.1370927611969756
18.0,crank_nicolson,1.0,-0.09025599183440954
19.0,crank_nicolson,0.0,-0.002024583710690088
19.0,crank_nicolson,0.07142857142857142,0.13920058016896789
19.0,crank_nicolson,0.14285714285714285,0.28523501214294295
19.0,crank_nicolson,0.21428571428571427,0.42856344166192395
19.0,crank_nicolson,0.2857142857142857,0.571185883631852
19.0,crank_nicolson,0.3571428571428571,0.7119333864347959
19.0,crank_nicolson,0.42857142857142855,0.8400479977692642
19.0,crank_nicolson,0.5,0.9103394157791785
19.0,crank_nicolson,0.5714285714285714,0.8400479977692642
19.0,crank_nicolson,0.6428571428571428,0.7119333864347959
19.0,crank_nicolson,0.7142857142857142,0.5711858836318529
19.0,crank_nicolson,0.7857142857142857,0.42856344166192684
19.0,crank_nicolson,0.8571428571428571,0.28523501214294356
19.0,crank_nicolson,0.9285714285714285,0.13920058016896797
19.0,crank_nicolson,1.0,-0.002024583710690088
20.0,crank_nicolson,0.0,-0.15865663934338506
20.0,crank_nicolson,0.07142857142857142,0.13822100609415353
20.0,crank_nicolson,0.14285714285714285,0.28519177464028284
20.0,crank_nicolson,0.21428571428571427,0.4285534333269634
20.0,crank_nicolson,0.2857142857142857,0.5711592985747213
20.0,crank_nicolson,0.3571428571428571,0.7117571862774105
20.0,crank_nicolson,0.42857142857142855,0.8392528115832492
20.0,crank_nicolson,0.5,0.9084296292509715
20.0,crank_nicolson,0.5714285714285714,0.8392528115832492
20.0,crank_nicolson,0.6428571428571428,0.7117571862774105
20.0,crank_nicolson,0.7142857142857142,0.571159298574722
20.0,crank_nicolson,0.7857142857142857,0.4285534333269663
20.0,crank_nicolson,0.8571428571428571,0.2851917746402835
20.0,crank_nicolson,0.9285714285714285,0.13822100609415364
20.0,crank_nicolson,1.0,-0.15865663934338506
21.0,crank_nicolson,0.0,-0.18312654749565332
21.0,crank_nicolson,0.07142857142857142,0.13802702129840067
21.0,crank_nicolson,0.14285714285714285,0.28510666006856034
21.0,crank_nicolson,0.21428571428571427,0.4285313745132968
21.0,crank_nicolson,0.2857142857142857,0.571100548325545
21.0,crank_nicolson,0.3571428571428571,0.7113856574724081
21.0,crank_nicolson,0.42857142857142855,0.8376433226721334
21.0,crank_nicolson,0.5,0.904699148828892
21.0,crank_nicolson,0.5714285714285714,0.8376433226721334
21.0,crank_nicolson,0.6428571428571428,0.7113856574724082
21.0,crank_nicolson,0.7142857142857142,0.5711005483255457
21.0,crank_nicolson,0.7857142857142857,0.4285313745132998
21.0,crank_nicolson,0.8571428571428571,0.28510666006856095
21.0,crank_nicolson,0.9285714285714285,0.1380270212984008
21.0,crank_nicolson,1.0,-0.18312654749565332
22.0,crank_nicolson,0.0,-0.2939505185819663
22.0,crank_nicolson,0.07142857142857142,0.13648745289592157
22.0,crank_nicolson,0.14285714285714285,0.28500296635246886
22.0,crank_nicolson,0.21428571428571427,0.42850636460642416
22.0,crank_nicolson,0.2857142857142857,0.5710340639575717
22.0,crank_nicolson,0.3571428571428571,0.7109890618226038
22.0,crank_nicolson,0.42857142857142855,0.8360114831394202
22.0,crank_nicolson,0.5,0.9010811130192625
22.0,crank_nicolson,0.5714285714285714,0.8360114831394201
22.0,crank_nicolson,0.6428571428571428,0.7109890618226037
22.0,crank_nicolson,0.7142857142857142,0.5710340639575723
22.0,crank_nicolson,0.7857142857142857,0.4285063646064272
22.0,crank_nicolson,0.8571428571428571,0.2850029663524695
22.0,crank_nicolson,0.9285714285714285,0.1364874528959217
22.0,crank_nicolson,1.0,-0.2939505185819663
23.0,crank_nicolson,0.0,-0.19922790733476456
23.0,crank_nicolson,0.07142857142857142,0.1353037983820873
23.0,crank_nicolson,0.14285714285714285,0.28492717209632623
23.0,crank_nicolson,0.21428571428571427,0.42849242774614565
23.0,crank_nicolson,0.2857142857142857,0.5709978151971973
23.0,crank_nicolson,0.3571428571428571,0.7107815420889375
23.0,crank_nicolson,0.42857142857142855,0.8351882683114829
23.0,crank_nicolson,0.5,0.8993120235542541
23.0,crank_nicolson,0.5714285714285714,0.8351882683114826
23.0,crank_nicolson,0.6428571428571428,0.7107815420889374
23.0,crank_nicolson,0.7142857142857142,0.5709978151971979
23.0,crank_nicolson,0.7857142857142857,0.4284924277461488
23.0,crank_nicolson,0.8571428571428571,0.2849271720963269
23.0,crank_nicolson,0.9285714285714285,0.13530379838208748
23.0,crank_nicolson,1.0,-0.19922790733476456
24.0,crank_nicolson,0.0,0.11076998699931156
24.0,crank_nicolson,0.07142857142857142,0.13662560450880737
24.0,crank_nicolson,0.14285714285714285,0.2847794554118017
24.0,crank_nicolson,0.21428571428571427,0.42846108387400567
24.0,crank_nicolson,0.2857142857142857,0.5709190938071228
24.0,crank_nicolson,0.3571428571428571,0.7103484421114233
24.0,crank_nicolson,0.42857142857142855,0.833529226995368
24.0,crank_nicolson,0.5,0.8958495318357749
24.0,crank_nicolson,0.5714285714285714,0.8335292269953678
24.0,crank_nicolson,0.6428571428571428,0.7103484421114235
24.0,crank_nicolson,0.7142857142857142,0.5709190938071234
24.0,crank_nicolson,0.7857142857142857,0.42846108387400894
24.0,crank_nicolson,0.8571428571428571,0.2847794554118024
24.0,crank_nicolson,0.9285714285714285,0.13662560450880754
24.0,crank_nicolson,1.0,0.11076998699931156
25.0,crank_nicolson,0.0,-0.01734724235823608
25.0,crank_nicolson,0.07142857142857142,0.13698307446712035
25.0,crank_nicolson,0.14285714285714285,0.2846665928756219
25.0,crank_nicolson,0.21428571428571427,0.4284257764651796
25.0,crank_nicolson,0.2857142857142857,0.5708318185966277
25.0,crank_nicolson,0.3571428571428571,0.7098918011321907
25.0,crank_nicolson,0.42857142857142855,0.8318557716082076
25.0,crank_nicolson,0.5,0.892482774459238
25.0,crank_nicolson,0.5714285714285714,0.8318557716082073
25.0,crank_nicolson,0.6428571428571428,0.7098918011321909
25.0,crank_nicolson,0.7142857142857142,0.5708318185966285
25.0,crank_nicolson,0.7857142857142857,0.42842577646518293
25.0,crank_nicolson,0.8571428571428571,0.2846665928756225
25.0,crank_nicolson,0.9285714285714285,0.1369830744671205
25.0,crank_nicolson,1.0,-0.01734724235823608
26.0,crank_nicolson,0.0,-0.04516555433839332
26.0,crank_nicolson,0.07142857142857142,0.13682219726967024
26.0,crank_nicolson,0.14285714285714285,0.2846123668450182
26.0,crank_nicolson,0.21428571428571427,0.42840681451631163
26.0,crank_nicolson,0.2857142857142857,0.5707848903890674
26.0,crank_nicolson,0.3571428571428571,0.7096548626145629
26.0,crank_nicolson,0.42857142857142855,0.8310144691400193
26.0,crank_nicolson,0.5,0.8908334659524227
26.0,crank_nicolson,0.5714285714285714,0.8310144691400192
26.0,crank_nicolson,0.6428571428571428,0.709654862614563
26.0,crank_nicolson,0.7142857142857142,0.5707848903890683
26.0,crank_nicolson,0.7857142857142857,0.42840681451631496
26.0,crank_nicolson,0.8571428571428571,0.28461236684501884
26.0,crank_nicolson,0.9285714285714285,0.1368221972696704
26.0,crank_nicolson,1.0,-0.04516555433839332
27.0,crank_nicolson,0.0,-0.1079766312592063
27.0,crank_nicolson,0.07142857142857142,0.13492598332594646
27.0,crank_nicolson,0.14285714285714285,0.28447453269522466
27.0,crank_nicolson,0.21428571428571427,0.4283659576412078
27.0,crank_nicolson,0.2857142857142857,0.5706843055419247
27.0,crank_nicolson,0.3571428571428571,0.7091641830676562
27.0,crank_nicolson,0.42857142857142855,0.8293242249852586
27.0,crank_nicolson,0.5,0.8875995746360137
27.0,crank_nicolson,0.5714285714285714,0.8293242249852585
27.0,crank_nicolson,0.6428571428571428,0.7091641830676563
27.0,crank_nicolson,0.7142857142857142,0.5706843055419255
27.0,crank_nicolson,0.7857142857142857,0.4283659576412111
27.0,crank_nicolson,0.8571428571428571,0.28447453269522527
27.0,crank_nicolson,0.9285714285714285,0.13492598332594666
27.0,crank_nicolson,1.0,-0.1079766312592063
28.0,crank_nicolson,0.0,0.15856833393283734
28.0,crank_nicolson,0.07142857142857142,0.13593057760477875
28.0,crank_nicolson,0.14285714285714285,0.2843263497115727
28.0,crank_nicolson,0.21428571428571427,0.4283205298447743
28.0,crank_nicolson,0.2857142857142857,0.5705745611305867
28.0,crank_nicolson,0.3571428571428571,0.7086516915622615
28.0,crank_nicolson,0.42857142857142855,0.8276256257040251
28.0,crank_nicolson,0.5,0.8844477340042145
28.0,crank_nicolson,0.5714285714285714,0.827625625704025
28.0,crank_nicolson,0.6428571428571428,0.7086516915622616
28.0,crank_nicolson,0.7142857142857142,0.5705745611305874
28.0,crank_nicolson,0.7857142857142857,0.4283205298447776
28.0,crank_nicolson,0.8571428571428571,0.28432634971157333
28.0,crank_nicolson,0.9285714285714285,0.1359305776047789
28.0,crank_nicolson,1.0,0.15856833393283734
29.0,crank_nicolson,0.0,0.05154274343526921
29.0,crank_nicolson,0.07142857142857142,0.13644671210561835
29.0,crank_nicolson,0.14285714285714285,0.2842702134581348
29.0,crank_nicolson,0.21428571428571427,0.42829624986461134
29.0,crank_nicolson,0.2857142857142857,0.5705161895610873
29.0,crank_nicolson,0.3571428571428571,0.7083874910615718
29.0,crank_nicolson,0.42857142857142855,0.826773825041947
29.0,crank_nicolson,0.5,0.8829010795250422
29.0,crank_nicolson,0.5714285714285714,0.8267738250419469
29.0,crank_nicolson,0.6428571428571428,0.7083874910615721
29.0,crank_nicolson,0.7142857142857142,0.570516189561088
29.0,crank_nicolson,0.7857142857142857,0.42829624986461473
29.0,crank_nicolson,0.8571428571428571,0.28427021345813536
29.0,crank_nicolson,0.9285714285714285,0.13644671210561848
29.0,crank_nicolson,1.0,0.05154274343526921
30.0,crank_nicolson,0.0,0.04861259540921925
30.0,crank_nicolson,0.07142857142857142,0.13533861583081977
30.0,crank_nicolson,0.14285714285714285,0.2841390757119976
30.0,crank_nicolson,0.21428571428571427,0.42824474980411215
30.0,crank_nicolson,0.2857142857142857,0.57039234346195
30.0,crank_nicolson,0.3571428571428571,0.7078436345076854
30.0,crank_nicolson,0.42857142857142855,0.8250663692263419
30.0,crank_nicolson,0.5,0.8798634932031807
30.0,crank_nicolson,0.5714285714285714,0.825066369226342
30.0,crank_nicolson,0.6428571428571428,0.7078436345076855
30.0,crank_nicolson,0.7142857142857142,0.5703923434619506
30.0,crank_nicolson,0.7857142857142857,0.42824474980411553
30.0,crank_nicolson,0.8571428571428571,0.2841390757119982
30.0,crank_nicolson,0.9285714285714285,0.13533861583081996
30.0,crank_nicolson,1.0,0.04861259540921925
31.0,crank_nicolson,0.0,-0.1015383000458938
31.0,crank_nicolson,0.07142857142857142,0.13463022473990538
31.0,crank_nicolson,0.14285714285714285,0.28400564455564625
31.0,crank_nicolson,0.21428571428571427,0.4281890216172868
31.0,crank_nicolson,0.2857142857142857,0.570258905361209
31.0,crank_nicolson,0.3571428571428571,0.7072797785262637
31.0,crank_nicolson,0.42857142857142855,0.8233551621682046
31.0,crank_nicolson,0.5,0.8768967016088615
31.0,crank_nicolson,0.5714285714285714,0.8233551621682046
31.0,crank_nicolson,0.6428571428571428,0.7072797785262638
31.0,crank_nicolson,0.7142857142857142,0.5702589053612096
31.0,crank_nicolson,0.7857142857142857,0.4281890216172902
31.0,crank_nicolson,0.8571428571428571,0.2840056445556469
31.0,crank_nicolson,0.9285714285714285,0.13463022473990555
31.0,crank_nicolson,1.0,-0.1015383000458938
32.0,crank_nicolson,0.0,0.09175144332613018
32.0,crank_nicolson,0.07142857142857142,0.13544867674887404
32.0,crank_nicolson,0.14285714285714285,0.2839408375039638
32.0,crank_nicolson,0.21428571428571427,0.4281595588515476
32.0,crank_nicolson,0.2857142857142857,0.5701885491562861
32.0,crank_nicolson,0.3571428571428571,0.7069905787471363
32.0,crank_nicolson,0.42857142857142855,0.8224986304048777
32.0,crank_nicolson,0.5,0.8754386134912552
32.0,crank_nicolson,0.5714285714285714,0.8224986304048777
32.0,crank_nicolson,0.6428571428571428,0.7069905787471364
32.0,crank_nicolson,0.7142857142857142,0.5701885491562867
32.0,crank_nicolson,0.7857142857142857,0.42815955885155105
32.0,crank_nicolson,0.8571428571428571,0.28394083750396454
32.0,crank_nicolson,0.9285714285714285,0.1354486767488742
32.0,crank_nicolson,1.0,0.09175144332613018
33.0,crank_nicolson,0.0,0.13969201786742977
33.0,crank_nicolson,0.07142857142857142,0.1377549069186308
33.0,crank_nicolson,0.14285714285714285,0.2838579613286318
33.0,crank_nicolson,0.21428571428571427,0.4280980066434392
33.0,crank_nicolson,0.2857142857142857,0.5700405017699086
33.0,crank_nicolson,0.3571428571428571,0.7063980899449468
33.0,crank_nicolson,0.42857142857142855,0.8207845769627733
33.0,crank_nicolson,0.5,0.8725707308298231
33.0,crank_nicolson,0.5714285714285714,0.8207845769627733
33.0,crank_nicolson,0.6428571428571428,0.7063980899449469
33.0,crank_nicolson,0.7142857142857142,0.5700405017699094
33.0,crank_nicolson,0.7857142857142857,0.42809800664344266
33.0,crank_nicolson,0.8571428571428571,0.2838579613286325
33.0,crank_nicolson,0.9285714285714285,0.1377549069186309
33.0,crank_nicolson,1.0,0.13969201786742977
34.0,crank_nicolson,0.0,-0.04638185637768218
34.0,crank_nicolson,0.07142857142857142,0.13683601031184622
34.0,crank_nicolson,0.14285714285714285,0.28379141544269965
34.0,crank_nicolson,0.21428571428571427,0.4280338169895545
34.0,crank_nicolson,0.2857142857142857,0.5698826333774589
34.0,crank_nicolson,0.3571428571428571,0.7057874172008666
34.0,crank_nicolson,0.42857142857142855,0.8190702491168504
34.0,crank_nicolson,0.5,0.8697643400234175
34.0,crank_nicolson,0.5714285714285714,0.8190702491168506
34.0,crank_nicolson,0.6428571428571428,0.7057874172008668
34.0,crank_nicolson,0.7142857142857142,0.5698826333774595
34.0,crank_nicolson,0.7857142857142857,0.42803381698955817
34.0,crank_nicolson,0.8571428571428571,0.2837914154427003
34.0,crank_nicolson,0.9285714285714285,0.13683601031184633
34.0,crank_nicolson,1.0,-0.04638185637768218
35.0,crank_nicolson,0.0,0.049689514710534594
35.0,crank_nicolson,0.07142857142857142,0.1373080914859771
35.0,crank_nicolson,0.14285714285714285,0.28375773202007837
35.0,crank_nicolson,0.21428571428571427,0.4280006979907121
35.0,crank_nicolson,0.2857142857142857,0.5698000086562733
35.0,crank_nicolson,0.3571428571428571,0.7054754857484999
35.0,crank_nicolson,0.42857142857142855,0.818213341810119
35.0,crank_nicolson,0.5,0.8683831756052867
35.0,crank_nicolson,0.5714285714285714,0.8182133418101191
35.0,crank_nicolson,0.6428571428571428,0.7054754857485
35.0,crank_nicolson,0.7142857142857142,0.5698000086562739
35.0,crank_nicolson,0.7857142857142857,0.4280006979907158
35.0,crank_nicolson,0.8571428571428571,0.2837577320200791
35.0,crank_nicolson,0.9285714285714285,0.13730809148597722
35.0,crank_nicolson,1.0,0.049689514710534594
36.0,crank_nicolson,0.0,-0.07187613567679349
36.0,crank_nicolson,0.07142857142857142,0.13802734445233605
36.0,crank_nicolson,0.14285714285714285,0.28371768354687293
36.0,crank_nicolson,0.21428571428571427,0.4279326996585857
36.0,crank_nicolson,0.2857142857142857,0.5696273751435661
36.0,crank_nicolson,0.3571428571428571,0.7048388753128085
36.0,crank_nicolson,0.42857142857142855,0.8165006895346887
36.0,crank_nicolson,0.5,0.8656629802042409
36.0,crank_nicolson,0.5714285714285714,0.8165006895346887
36.0,crank_nicolson,0.6428571428571428,0.7048388753128088
36.0,crank_nicolson,0.7142857142857142,0.5696273751435665
36.0,crank_nicolson,0.7857142857142857,0.42793269965858943
36.0,crank_nicolson,0.8571428571428571,0.2837176835468738
36.0,crank_nicolson,0.9285714285714285,0.13802734445233622
36.0,crank_nicolson,1.0,-0.07187613567679349
37.0,crank_nicolson,0.0,-0.16595024610090423
37.0,crank_nicolson,0.07142857142857142,0.13692709778615406
37.0,crank_nicolson,0.14285714285714285,0.2836688654280292
37.0,crank_nicolson,0.21428571428571427,0.427862490262683
37.0,crank_nicolson,0.2857142857142857,0.5694449141174762
37.0,crank_nicolson,0.3571428571428571,0.7041858501241635
37.0,crank_nicolson,0.42857142857142855,0.8147903675453577
37.0,crank_nicolson,0.5,0.862996550000543
37.0,crank_nicolson,0.5714285714285714,0.8147903675453577
37.0,crank_nicolson,0.6428571428571428,0.7041858501241637
37.0,crank_nicolson,0.7142857142857142,0.5694449141174768
37.0,crank_nicolson,0.7857142857142857,0.42786249026268675
37.0,crank_nicolson,0.8571428571428571,0.2836688654280301
37.0,crank_nicolson,0.9285714285714285,0.13692709778615422
37.0,crank_nicolson,1.0,-0.16595024610090423
38.0,crank_nicolson,0.0,-0.1794309936121006
38.0,crank_nicolson,0.07142857142857142,0.13584748452240814
38.0,crank_nicolson,0.14285714285714285,0.2836269077823223
38.0,crank_nicolson,0.21428571428571427,0.42782629278469864
38.0,crank_nicolson,0.2857142857142857,0.569350006840791
38.0,crank_nicolson,0.3571428571428571,0.7038533972422127
38.0,crank_nicolson,0.42857142857142855,0.8139363479553956
38.0,crank_nicolson,0.5,0.8616826397628139
38.0,crank_nicolson,0.5714285714285714,0.8139363479553957
38.0,crank_nicolson,0.6428571428571428,0.703853397242213
38.0,crank_nicolson,0.7142857142857142,0.5693500068407916
38.0,crank_nicolson,0.7857142857142857,0.4278262927847024
38.0,crank_nicolson,0.8571428571428571,0.28362690778232313
38.0,crank_nicolson,0.9285714285714285,0.1358474845224083
38.0,crank_nicolson,1.0,-0.1794309936121006
39.0,crank_nicolson,0.0,0.20343600428562345
39.0,crank_nicolson,0.07142857142857142,0.13833948061806378
39.0,crank_nicolson,0.14285714285714285,0.28356043824128785
39.0,crank_nicolson,0.21428571428571427,0.42775134425593697
39.0,crank_nicolson,0.2857142857142857,0.5691528524837015
39.0,crank_nicolson,0.3571428571428571,0.7031770334970093
39.0,crank_nicolson,0.42857142857142855,0.8122310726729756
39.0,crank_nicolson,0.5,0.8590918189340975
39.0,crank_nicolson,0.5714285714285714,0.8122310726729757
39.0,crank_nicolson,0.6428571428571428,0.7031770334970094
39.0,crank_nicolson,0.7142857142857142,0.5691528524837023
39.0,crank_nicolson,0.7857142857142857,0.4277513442559408
39.0,crank_nicolson,0.8571428571428571,0.2835604382412886
39.0,crank_nicolson,0.9285714285714285,0.13833948061806398
39.0,crank_nicolson,1.0,0.20343600428562345
40.0,crank_nicolson,0.0,0.15052993468380363
40.0,crank_nicolson,0.07142857142857142,0.13946828059442523
40.0,crank_nicolson,0.14285714285714285,0.2835398393766633
40.0,crank_nicolson,0.21428571428571427,0.4276739157397855
40.0,crank_nicolson,0.2857142857142857,0.5689459495300931
40.0,crank_nicolson,0.3571428571428571,0.7024859443779494
40.0,crank_nicolson,0.42857142857142855,0.8105300584430818
40.0,crank_nicolson,0.5,0.8565483129932611
40.0,crank_nicolson,0.5714285714285714,0.8105300584430819
40.0,crank_nicolson,0.6428571428571428,0.7024859443779495
40.0,crank_nicolson,0.7142857142857142,0.568945949530094
40.0,crank_nicolson,0.7857142857142857,0.42767391573978936
40.0,crank_nicolson,0.8571428571428571,0.283539839376664
40.0,crank_nicolson,0.9285714285714285,0.13946828059442545
40.0,crank_nicolson,1.0,0.15052993468380363
41.0,crank_nicolson,0.0,0.05424540375714512
41.0,crank_nicolson,0.07142857142857142,0.13989687030826745
41.0,crank_nicolson,0.14285714285714285,0.2835433128076289
41.0,crank_nicolson,0.21428571428571427,0.4276345544144998
41.0,crank_nicolson,0.2857142857142857,0.5688388666431959
41.0,crank_nicolson,0.3571428571428571,0.7021350809862281
41.0,crank_nicolson,0.42857142857142855,0.8096813457696805
41.0,crank_nicolson,0.5,0.8552935851193999
41.0,crank_nicolson,0.5714285714285714,0.8096813457696805
41.0,crank_nicolson,0.6428571428571428,0.7021350809862282
41.0,crank_nicolson,0.7142857142857142,0.5688388666431968
41.0,crank_nicolson,0.7857142857142857,0.4276345544145037
41.0,crank_nicolson,0.8571428571428571,0.2835433128076296
41.0,crank_nicolson,0.9285714285714285,0.13989687030826764
41.0,crank_nicolson,1.0,0.05424540375714512
42.0,crank_nicolson,0.0,0.05420934082626209
42.0,crank_nicolson,0.07142857142857142,0.13972704520970633
42.0,crank_nicolson,0.14285714285714285,0.28354491713757707
42.0,crank_nicolson,0.21428571428571427,0.42755469150903813
42.0,crank_nicolson,0.2857142857142857,0.5686175027545668
42.0,crank_nicolson,0.3571428571428571,0.7014231139329631
42.0,crank_nicolson,0.42857142857142855,0.8079878607553518
42.0,crank_nicolson,0.5,0.8528168282873247
42.0,crank_nicolson,0.5714285714285714,0.8079878607553517
42.0,crank_nicolson,0.6428571428571428,0.7014231139329632
42.0,crank_nicolson,0.7142857142857142,0.5686175027545678
42.0,crank_nicolson,0.7857142857142857,0.4275546915090421
42.0,crank_nicolson,0.8571428571428571,0.2835449171375778
42.0,crank_nicolson,0.9285714285714285,0.1397270452097066
42.0,crank_nicolson,1.0,0.05420934082626209
43.0,crank_nicolson,0.0,-0.005373905866492731
43.0,crank_nicolson,0.07142857142857142,0.14131632697300742
43.0,crank_nicolson,0.14285714285714285,0.2835811803021174
43.0,crank_nicolson,0.21428571428571427,0.42747348891490305
43.0,crank_nicolson,0.2857142857142857,0.5683866381514339
43.0,crank_nicolson,0.3571428571428571,0.7006980107497632
43.0,crank_nicolson,0.42857142857142855,0.8063000475893244
43.0,crank_nicolson,0.5,0.8503819732519702
43.0,crank_nicolson,0.5714285714285714,0.8063000475893242
43.0,crank_nicolson,0.6428571428571428,0.7006980107497632
43.0,crank_nicolson,0.7142857142857142,0.5683866381514351
43.0,crank_nicolson,0.7857142857142857,0.42747348891490705
43.0,crank_nicolson,0.8571428571428571,0.2835811803021181
43.0,crank_nicolson,0.9285714285714285,0.14131632697300767
43.0,crank_nicolson,1.0,-0.005373905866492731
44.0,crank_nicolson,0.0,0.2346965483721009
44.0,crank_nicolson,0.07142857142857142,0.14291454336851037
44.0,crank_nicolson,0.14285714285714285,0.2836136834613062
44.0,crank_nicolson,0.21428571428571427,0.4274326614354502
44.0,crank_nicolson,0.2857142857142857,0.5682676856919551
44.0,crank_nicolson,0.3571428571428571,0.7003307231759315
44.0,crank_nicolson,0.42857142857142855,0.8054584097983896
44.0,crank_nicolson,0.5,0.8491796542394496
44.0,crank_nicolson,0.5714285714285714,0.8054584097983893
44.0,crank_nicolson,0.6428571428571428,0.7003307231759316
44.0,crank_nicolson,0.7142857142857142,0.5682676856919562
44.0,crank_nicolson,0.7857142857142857,0.4274326614354543
44.0,crank_nicolson,0.8571428571428571,0.28361368346130694
44.0,crank_nicolson,0.9285714285714285,0.14291454336851064
44.0,crank_nicolson,1.0,0.2346965483721009
45.0,crank_nicolson,0.0,0.12328537565628357
45.0,crank_nicolson,0.07142857142857142,0.14110630735513022
45.0,crank_nicolson,0.14285714285714285,0.28364775269455905
45.0,crank_nicolson,0.21428571428571427,0.42735041037160953
45.0,crank_nicolson,0.2857142857142857,0.5680228369974866
45.0,crank_nicolson,0.3571428571428571,0.6995870468125098
45.0,crank_nicolson,0.42857142857142855,0.8037799234861865
45.0,crank_nicolson,0.5,0.8468040930684677
45.0,crank_nicolson,0.5714285714285714,0.8037799234861863
45.0,crank_nicolson,0.6428571428571428,0.6995870468125098
45.0,crank_nicolson,0.7142857142857142,0.5680228369974876
45.0,crank_nicolson,0.7857142857142857,0.42735041037161364
45.0,crank_nicolson,0.8571428571428571,0.2836477526945599
45.0,crank_nicolson,0.9285714285714285,0.14110630735513052
45.0,crank_nicolson,1.0,0.12328537565628357
46.0,crank_nicolson,0.0,-0.04485110256988012
46.0,crank_nicolson,0.07142857142857142,0.1409278488973631
46.0,crank_nicolson,0.14285714285714285,0.28367780981886465
46.0,crank_nicolson,0.21428571428571427,0.42726667461730283
46.0,crank_nicolson,0.2857142857142857,0.5677688504089317
46.0,crank_nicolson,0.3571428571428571,0.6988317170016329
46.0,crank_nicolson,0.42857142857142855,0.8021081196540174
46.0,crank_nicolson,0.5,0.8444658666737064
46.0,crank_nicolson,0.5714285714285714,0.802108119654017
46.0,crank_nicolson,0.6428571428571428,0.698831717001633
46.0,crank_nicolson,0.7142857142857142,0.5677688504089328
46.0,crank_nicolson,0.7857142857142857,0.427266674617307
46.0,crank_nicolson,0.8571428571428571,0.2836778098188655
46.0,crank_nicolson,0.9285714285714285,0.14092784889736337
46.0,crank_nicolson,1.0,-0.04485110256988012
47.0,crank_nicolson,0.0,0.013764116480325344
47.0,crank_nicolson,0.07142857142857142,0.1410455080120951
47.0,crank_nicolson,0.14285714285714285,0.28368964970269944
47.0,crank_nicolson,0.21428571428571427,0.42722417786863787
47.0,crank_nicolson,0.2857142857142857,0.5676384745601805
47.0,crank_nicolson,0.3571428571428571,0.6984498583679581
47.0,crank_nicolson,0.42857142857142855,0.8012748235134012
47.0,crank_nicolson,0.5,0.8433102420268128
47.0,crank_nicolson,0.5714285714285714,0.8012748235134007
47.0,crank_nicolson,0.6428571428571428,0.6984498583679583
47.0,crank_nicolson,0.7142857142857142,0.5676384745601815
47.0,crank_nicolson,0.7857142857142857,0.42722417786864214
47.0,crank_nicolson,0.8571428571428571,0.2836896497027003
47.0,crank_nicolson,0.9285714285714285,0.1410455080120954
47.0,crank_nicolson,1.0,0.013764116480325344
48.0,crank_nicolson,0.0,-0.03295078317562679
48.0,crank_nicolson,0.07142857142857142,0.13890615288040828
48.0,crank_nicolson,0.14285714285714285,0.2836712237043029
48.0,crank_nicolson,0.21428571428571427,0.4271372973710716
48.0,crank_nicolson,0.2857142857142857,0.5673710419377126
48.0,crank_nicolson,0.3571428571428571,0.6976780961858571
48.0,crank_nicolson,0.42857142857142855,0.7996136179406458
48.0,crank_nicolson,0.5,0.8410250025919184
48.0,crank_nicolson,0.5714285714285714,0.7996136179406453
48.0,crank_nicolson,0.6428571428571428,0.6976780961858573
48.0,crank_nicolson,0.7142857142857142,0.5673710419377138
48.0,crank_nicolson,0.7857142857142857,0.42713729737107603
48.0,crank_nicolson,0.8571428571428571,0.28367122370430375
48.0,crank_nicolson,0.9285714285714285,0.13890615288040867
48.0,crank_nicolson,1.0,-0.03295078317562679
49.0,crank_nicolson,0.0,0.2216841067112274
49.0,crank_nicolson,0.07142857142857142,0.14091131586411934
49.0,crank_nicolson,0.14285714285714285,0.283654816594588
49.0,crank_nicolson,0.21428571428571427,0.4270471492070873
49.0,crank_nicolson,0.2857142857142857,0.5670947973866692
49.0,crank_nicolson,0.3571428571428571,0.696896050332621
49.0,crank_nicolson,0.42857142857142855,0.7979597984805482
49.0,crank_nicolson,0.5,0.8387732238255079
49.0,crank_nicolson,0.5714285714285714,0.797959798480548
49.0,crank_nicolson,0.6428571428571428,0.6968960503326213
49.0,crank_nicolson,0.7142857142857142,0.5670947973866706
49.0,crank_nicolson,0.7857142857142857,0.42704714920709175
49.0,crank_nicolson,0.8571428571428571,0.28365481659458897
49.0,crank_nicolson,0.9285714285714285,0.14091131586411976
49.0,crank_nicolson,1.0,0.2216841067112274
50.0,crank_nicolson,0.0,-0.0777405327410471
50.0,crank_nicolson,0.07142857142857142,0.1404110260550264
50.0,crank_nicolson,0.14285714285714285,0.2836598908245451
50.0,crank_nicolson,0.21428571428571427,0.4270010472764495
50.0,crank_nicolson,0.2857142857142857,0.5669534079189467
50.0,crank_nicolson,0.3571428571428571,0.6965013325996191
50.0,crank_nicolson,0.42857142857142855,0.7971357262171206
50.0,crank_nicolson,0.5,0.8376594463130083
50.0,crank_nicolson,0.5714285714285714,0.7971357262171204
50.0,crank_nicolson,0.6428571428571428,0.6965013325996193
50.0,crank_nicolson,0.7142857142857142,0.566953407918948
50.0,crank_nicolson,0.7857142857142857,0.42700104727645405
50.0,crank_nicolson,0.8571428571428571,0.28365989082454607
50.0,crank_nicolson,0.9285714285714285,0.14041102605502684
50.0,crank_nicolson,1.0,-0.0777405327410471
51.0,crank_nicolson,0.0,-0.07526355653768048
51.0,crank_nicolson,0.07142857142857142,0.13918116176104445
51.0,crank_nicolson,0.14285714285714285,0.28364237829159367
51.0,crank_nicolson,0.21428571428571427,0.4269066872879104
51.0,crank_nicolson,0.2857142857142857,0.5666641789927698
51.0,crank_nicolson,0.3571428571428571,0.6957048203511048
51.0,crank_nicolson,0.42857142857142855,0.7954933732074473
51.0,crank_nicolson,0.5,0.8354552899998934
51.0,crank_nicolson,0.5714285714285714,0.7954933732074472
51.0,crank_nicolson,0.6428571428571428,0.6957048203511051
51.0,crank_nicolson,0.7142857142857142,0.5666641789927711
51.0,crank_nicolson,0.7857142857142857,0.42690668728791503
51.0,crank_nicolson,0.8571428571428571,0.28364237829159467
51.0,crank_nicolson,0.9285714285714285,0.1391811617610449
51.0,crank_nicolson,1.0,-0.07526355653768048
52.0,crank_nicolson,0.0,0.049312666448952665
52.0,crank_nicolson,0.07142857142857142,0.1405571133563237
52.0,crank_nicolson,0.14285714285714285,0.28363177531973993
52.0,crank_nicolson,0.21428571428571427,0.42680904226762584
52.0,crank_nicolson,0.2857142857142857,0.5663664573810193
52.0,crank_nicolson,0.3571428571428571,0.6948992759230981
52.0,crank_nicolson,0.42857142857142855,0.7938588749697373
52.0,crank_nicolson,0.5,0.8332812900930797
52.0,crank_nicolson,0.5714285714285714,0.7938588749697372
52.0,crank_nicolson,0.6428571428571428,0.6948992759230985
52.0,crank_nicolson,0.7142857142857142,0.5663664573810208
52.0,crank_nicolson,0.7857142857142857,0.4268090422676305
52.0,crank_nicolson,0.8571428571428571,0.283631775319741
52.0,crank_nicolson,0.9285714285714285,0.14055711335632412
52.0,crank_nicolson,1.0,0.049312666448952665
53.0,crank_nicolson,0.0,-0.07946403056505581
53.0,crank_nicolson,0.07142857142857142,0.1400543907484384
53.0,crank_nicolson,0.14285714285714285,0.28362942855500894
53.0,crank_nicolson,0.21428571428571427,0.42675910145943124
53.0,crank_nicolson,0.2857142857142857,0.5662144534682152
53.0,crank_nicolson,0.3571428571428571,0.6944932636260184
53.0,crank_nicolson,0.42857142857142855,0.7930446144852977
53.0,crank_nicolson,0.5,0.8322052256811302
53.0,crank_nicolson,0.5714285714285714,0.7930446144852976
53.0,crank_nicolson,0.6428571428571428,0.6944932636260189
53.0,crank_nicolson,0.7142857142857142,0.5662144534682167
53.0,crank_nicolson,0.7857142857142857,0.4267591014594359
53.0,crank_nicolson,0.8571428571428571,0.28362942855500994
53.0,crank_nicolson,0.9285714285714285,0.14005439074843884
53.0,crank_nicolson,1.0,-0.07946403056505581
54.0,crank_nicolson,0.0,0.014561632402206058
54.0,crank_nicolson,0.07142857142857142,0.14075249072179952
54.0,crank_nicolson,0.14285714285714285,0.2836284717244355
54.0,crank_nicolson,0.21428571428571427,0.4266569857555858
54.0,crank_nicolson,0.2857142857142857,0.5659042487797769
54.0,crank_nicolson,0.3571428571428571,0.6936750429458672
54.0,crank_nicolson,0.42857142857142855,0.7914221426806444
54.0,crank_nicolson,0.5,0.8300742603707246
54.0,crank_nicolson,0.5714285714285714,0.7914221426806443
54.0,crank_nicolson,0.6428571428571428,0.6936750429458677
54.0,crank_nicolson,0.7142857142857142,0.5659042487797784
54.0,crank_nicolson,0.7857142857142857,0.4266569857555906
54.0,crank_nicolson,0.8571428571428571,0.28362847172443645
54.0,crank_nicolson,0.9285714285714285,0.14075249072179996
54.0,crank_nicolson,1.0,0.014561632402206058
55.0,crank_nicolson,0.0,-0.10530796408160285
55.0,crank_nicolson,0.07142857142857142,0.14105290028150688
55.0,crank_nicolson,0.14285714285714285,0.28364662459213547
55.0,crank_nicolson,0.21428571428571427,0.4265521871438773
55.0,crank_nicolson,0.2857142857142857,0.5655859071028391
55.0,crank_nicolson,0.3571428571428571,0.6928489267633741
55.0,crank_nicolson,0.42857142857142855,0.7898078150322915
55.0,crank_nicolson,0.5,0.827970617836983
55.0,crank_nicolson,0.5714285714285714,0.7898078150322915
55.0,crank_nicolson,0.6428571428571428,0.6928489267633746
55.0,crank_nicolson,0.7142857142857142,0.5655859071028406
55.0,crank_nicolson,0.7857142857142857,0.42655218714388204
55.0,crank_nicolson,0.8571428571428571,0.28364662459213635
55.0,crank_nicolson,0.9285714285714285,0.14105290028150735
55.0,crank_nicolson,1.0,-0.10530796408160285
56.0,crank_nicolson,0.0,-0.04914932198966523
56.0,crank_nicolson,0.07142857142857142,0.14074176252876208
56.0,crank_nicolson,0.14285714285714285,0.2836483749588662
56.0,crank_nicolson,0.21428571428571427,0.426498801343656
56.0,crank_nicolson,0.2857142857142857,0.5654237345906195
56.0,crank_nicolson,0.3571428571428571,0.6924330410825671
56.0,crank_nicolson,0.42857142857142855,0.7890037296702591
56.0,crank_nicolson,0.5,0.826928721490976
56.0,crank_nicolson,0.5714285714285714,0.7890037296702591
56.0,crank_nicolson,0.6428571428571428,0.6924330410825676
56.0,crank_nicolson,0.7142857142857142,0.5654237345906212
56.0,crank_nicolson,0.7857142857142857,0.42649880134366064
56.0,crank_nicolson,0.8571428571428571,0.28364837495886713
56.0,crank_nicolson,0.9285714285714285,0.14074176252876258
56.0,crank_nicolson,1.0,-0.04914932198966523
57.0,crank_nicolson,0.0,-0.2195272422198178
57.0,crank_nicolson,0.07142857142857142,0.1389300251833679
57.0,crank_nicolson,0.14285714285714285,0.2836282768321963
57.0,crank_nicolson,0.21428571428571427,0.42638957807464917
57.0,crank_nicolson,0.2857142857142857,0.5650934817605695
57.0,crank_nicolson,0.3571428571428571,0.6915958718282703
57.0,crank_nicolson,0.42857142857142855,0.7874017538572805
57.0,crank_nicolson,0.5,0.8248641685122976
57.0,crank_nicolson,0.5714285714285714,0.7874017538572804
57.0,crank_nicolson,0.6428571428571428,0.6915958718282711
57.0,crank_nicolson,0.7142857142857142,0.5650934817605715
57.0,crank_nicolson,0.7857142857142857,0.4263895780746539
57.0,crank_nicolson,0.8571428571428571,0.2836282768321974
57.0,crank_nicolson,0.9285714285714285,0.1389300251833684
57.0,crank_nicolson,1.0,-0.2195272422198178
58.0,crank_nicolson,0.0,0.0391582908269834
58.0,crank_nicolson,0.07142857142857142,0.13963953123093242
58.0,crank_nicolson,0.14285714285714285,0.283584967115701
58.0,crank_nicolson,0.21428571428571427,0.4262763065339772
58.0,crank_nicolson,0.2857142857142857,0.5647554634847676
58.0,crank_nicolson,0.3571428571428571,0.6907518362045535
58.0,crank_nicolson,0.42857142857142855,0.7858080755448238
58.0,crank_nicolson,0.5,0.8228244950771862
58.0,crank_nicolson,0.5714285714285714,0.7858080755448237
58.0,crank_nicolson,0.6428571428571428,0.6907518362045543
58.0,crank_nicolson,0.7142857142857142,0.5647554634847697
58.0,crank_nicolson,0.7857142857142857,0.42627630653398196
58.0,crank_nicolson,0.8571428571428571,0.2835849671157022
58.0,crank_nicolson,0.9285714285714285,0.1396395312309329
58.0,crank_nicolson,1.0,0.0391582908269834
59.0,crank_nicolson,0.0,0.0007670184963691335
59.0,crank_nicolson,0.07142857142857142,0.1397027633749321
59.0,crank_nicolson,0.14285714285714285,0.2835680604755913
59.0,crank_nicolson,0.21428571428571427,0.4262181317048632
59.0,crank_nicolson,0.2857142857142857,0.5645835815363457
59.0,crank_nicolson,0.3571428571428571,0.6903273636224587
59.0,crank_nicolson,0.42857142857142855,0.7850143582344538
59.0,crank_nicolson,0.5,0.8218137103237454
59.0,crank_nicolson,0.5714285714285714,0.7850143582344536
59.0,crank_nicolson,0.6428571428571428,0.6903273636224596
59.0,crank_nicolson,0.7142857142857142,0.5645835815363479
59.0,crank_nicolson,0.7857142857142857,0.4262181317048681
59.0,crank_nicolson,0.8571428571428571,0.2835680604755926
59.0,crank_nicolson,0.9285714285714285,0.13970276337493254
59.0,crank_nicolson,1.0,0.0007670184963691335
60.0,crank_nicolson,0.0,-0.03518807000627203
60.0,crank_nicolson,0.07142857142857142,0.13952120383923605
60.0,crank_nicolson,0.14285714285714285,0.28355001879829156
60.0,crank_nicolson,0.21428571428571427,0.42615895788882235
60.0,crank_nicolson,0.2857142857142857,0.5644098061162275
60.0,crank_nicolson,0.3571428571428571,0.6899013165262635
60.0,crank_nicolson,0.42857142857142855,0.7842227257563085
60.0,crank_nicolson,0.5,0.8208088181873358
60.0,crank_nicolson,0.5714285714285714,0.7842227257563084
60.0,crank_nicolson,0.6428571428571428,0.6899013165262645
60.0,crank_nicolson,0.7142857142857142,0.5644098061162296
60.0,crank_nicolson,0.7857142857142857,0.42615895788882724
60.0,crank_nicolson,0.8571428571428571,0.28355001879829284
60.0,crank_nicolson,0.9285714285714285,0.13952120383923652
60.0,crank_nicolson,1.0,-0.03518807000627203
