time,method,x,temperature
1.0,explicit,0.0,0.06476885381006925
1.0,explicit,0.07142857142857142,0.1433293530272546
1.0,explicit,0.14285714285714285,0.2857235994856296
1.0,explicit,0.21428571428571427,0.42857142857142855
1.0,explicit,0.2857142857142857,0.5714285714285714
1.0,explicit,0.3571428571428571,0.7142849806837066
1.0,explicit,0.42857142857142855,0.8569850706909713
1.0,explicit,0.5,0.9885798881077869
1.0,explicit,0.5714285714285714,0.8569850706909714
1.0,explicit,0.6428571428571428,0.7142849806837068
1.0,explicit,0.7142857142857142,0.5714285714285716
1.0,explicit,0.7857142857142857,0.4285714285714286
1.0,explicit,0.8571428571428571,0.2857235994856297
1.0,explicit,0.9285714285714285,0.14332935302725477
1.0,explicit,1.0,0.06476885381006925
2.0,explicit,0.0,0.15230298564080255
2.0,explicit,0.07142857142857142,0.14420345048703725
2.0,explicit,0.14285714285714285,0.2857298105485793
2.0,explicit,0.21428571428571427,0.4285715561081035
2.0,explicit,0.2857142857142857,0.5714285613831067
2.0,explicit,0.3571428571428571,0.7142828401504717
2.0,explicit,0.42857142857142855,0.8568330023731765
2.0,explicit,0.5,0.9849759419007755
2.0,explicit,0.5714285714285714,0.8568330023731766
2.0,explicit,0.6428571428571428,0.7142828401504719
2.0,explicit,0.7142857142857142,0.5714285613831069
2.0,explicit,0.7857142857142857,0.42857155610810355
2.0,explicit,0.8571428571428571,0.28572981054857943
2.0,explicit,0.9285714285714285,0.14420345048703742
2.0,explicit,1.0,0.15230298564080255
3.0,explicit,0.0,-0.023413695694918055
3.0,explicit,0.07142857142857142,0.14583917138946023
3.0,explicit,0.14285714285714285,0.2857934001753553
3.0,explicit,0.21428571428571427,0.4285722144321716
3.0,explicit,0.2857142857142857,0.5714284335727039
3.0,explicit,0.3571428571428571,0.7142719234779185
3.0,explicit,0.42857142857142855,0.8563957265975986
3.0,explicit,0.5,0.9780478286987915
3.0,explicit,0.5714285714285714,0.8563957265975987
3.0,explicit,0.6428571428571428,0.7142719234779187
3.0,explicit,0.7142857142857142,0.5714284335727041
3.0,explicit,0.7857142857142857,0.42857221443217164
3.0,explicit,0.8571428571428571,0.2857934001753554
3.0,explicit,0.9285714285714285,0.1458391713894604
3.0,explicit,1.0,-0.023413695694918055
4.0,explicit,0.0,0.07674347291529088
4.0,explicit,0.07142857142857142,0.1475313780164492
4.0,explicit,0.14285714285714285,0.2858642177481073
4.0,explicit,0.21428571428571427,0.42857483251216366
4.0,explicit,0.2857142857142857,0.5714279693019835
4.0,explicit,0.3571428571428571,0.7142486425462635
4.0,explicit,0.42857142857142855,0.8557969953596901
4.0,explicit,0.5,0.9714680979761136
4.0,explicit,0.5714285714285714,0.8557969953596902
4.0,explicit,0.6428571428571428,0.7142486425462637
4.0,explicit,0.7142857142857142,0.5714279693019837
4.0,explicit,0.7857142857142857,0.4285748325121637
4.0,explicit,0.8571428571428571,0.2858642177481074
4.0,explicit,0.9285714285714285,0.14753137801644933
4.0,explicit,1.0,0.07674347291529088
5.0,explicit,0.0,-0.04694743859349521
5.0,explicit,0.07142857142857142,0.14845629404180213
5.0,explicit,0.14285714285714285,0.28592416412758054
5.0,explicit,0.21428571428571427,0.42857678411529004
5.0,explicit,0.2857142857142857,0.5714275247674869
5.0,explicit,0.3571428571428571,0.7142312202249256
5.0,explicit,0.42857142857142855,0.8554426492709685
5.0,explicit,0.5,0.9683002495781415
5.0,explicit,0.5714285714285714,0.8554426492709686
5.0,explicit,0.6428571428571428,0.7142312202249258
5.0,explicit,0.7142857142857142,0.5714275247674871
5.0,explicit,0.7857142857142857,0.4285767841152901
5.0,explicit,0.8571428571428571,0.28592416412758065
5.0,explicit,0.9285714285714285,0.14845629404180227
5.0,explicit,1.0,-0.04694743859349521
6.0,explicit,0.0,-0.046341769281246226
6.0,explicit,0.07142857142857142,0.14827813522602895
6.0,explicit,0.14285714285714285,0.28605338662531016
6.0,explicit,0.21428571428571427,0.4285830990448647
6.0,explicit,0.2857142857142857,0.5714259925850653
6.0,explicit,0.3571428571428571,0.7141828850641386
6.0,explicit,0.42857142857142855,0.8546341430369175
6.0,explicit,0.5,0.9621926713439972
6.0,explicit,0.5714285714285714,0.8546341430369176
6.0,explicit,0.6428571428571428,0.7141828850641389
6.0,explicit,0.7142857142857142,0.5714259925850655
6.0,explicit,0.7857142857142857,0.42858309904486475
6.0,explicit,0.8571428571428571,0.28605338662531027
6.0,explicit,0.9285714285714285,0.1482781352260291
6.0,explicit,1.0,-0.046341769281246226
7.0,explicit,0.0,0.02419622715660341
7.0,explicit,0.07142857142857142,0.14674039157737048
7.0,explicit,0.14285714285714285,0.28617121248547694
7.0,explicit,0.21428571428571427,0.4285924339628279
7.0,explicit,0.2857142857142857,0.571423295952262
7.0,explicit,0.3571428571428571,0.7141144222546256
7.0,explicit,0.42857142857142855,0.8537048869680914
7.0,explicit,0.5,0.9563696645489181
7.0,explicit,0.5714285714285714,0.8537048869680915
7.0,explicit,0.6428571428571428,0.7141144222546258
7.0,explicit,0.7142857142857142,0.5714232959522623
7.0,explicit,0.7857142857142857,0.428592433962828
7.0,explicit,0.8571428571428571,0.28617121248547706
7.0,explicit,0.9285714285714285,0.14674039157737062
7.0,explicit,1.0,0.02419622715660341
8.0,explicit,0.0,-0.1913280244657798
8.0,explicit,0.07142857142857142,0.14697162637366146
8.0,explicit,0.14285714285714285,0.2862121610691694
8.0,explicit,0.21428571428571427,0.4285980433112762
8.0,explicit,0.2857142857142857,0.5714213825034299
8.0,explicit,0.3571428571428571,0.7140719638288613
8.0,explicit,0.42857142857142855,0.8531992508317479
8.0,explicit,0.5,0.9535580163167227
8.0,explicit,0.5714285714285714,0.853199250831748
8.0,explicit,0.6428571428571428,0.7140719638288615
8.0,explicit,0.7142857142857142,0.5714213825034301
8.0,explicit,0.7857142857142857,0.42859804331127627
8.0,explicit,0.8571428571428571,0.2862121610691695
8.0,explicit,0.9285714285714285,0.1469716263736616
8.0,explicit,1.0,-0.1913280244657798
9.0,explicit,0.0,-0.05622875292409727
9.0,explicit,0.07142857142857142,0.14185322759576002
9.0,explicit,0.14285714285714285,0.2862598790829931
9.0,explicit,0.21428571428571427,0.4286104171385782
9.0,explicit,0.2857142857142857,0.5714161374063091
9.0,explicit,0.3571428571428571,0.7139694919673747
9.0,explicit,0.42857142857142855,0.8521137514977368
9.0,explicit,0.5,0.948121761282729
9.0,explicit,0.5714285714285714,0.8521137514977369
9.0,explicit,0.6428571428571428,0.7139694919673749
9.0,explicit,0.7142857142857142,0.5714161374063094
9.0,explicit,0.7857142857142857,0.4286104171385783
9.0,explicit,0.8571428571428571,0.2862598790829932
9.0,explicit,0.9285714285714285,0.14185322759576016
9.0,explicit,1.0,-0.05622875292409727
10.0,explicit,0.0,0.03142473325952739
10.0,explicit,0.07142857142857142,0.13978603680298007
10.0,explicit,0.14285714285714285,0.28619436083430305
10.0,explicit,0.21428571428571427,0.4286222795139492
10.0,explicit,0.2857142857142857,0.5714085791974705
10.0,explicit,0.3571428571428571,0.7138424467451638
10.0,explicit,0.42857142857142855,0.8509387496969376
10.0,explicit,0.5,0.9429192856765745
10.0,explicit,0.5714285714285714,0.8509387496969377
10.0,explicit,0.6428571428571428,0.7138424467451641
10.0,explicit,0.7142857142857142,0.5714085791974707
10.0,explicit,0.7857142857142857,0.42862227951394927
10.0,explicit,0.8571428571428571,0.28619436083430316
10.0,explicit,0.9285714285714285,0.1397860368029802
10.0,explicit,1.0,0.03142473325952739
11.0,explicit,0.0,-0.0908024075521211
11.0,explicit,0.07142857142857142,0.14030702774269552
11.0,explicit,0.14285714285714285,0.2861398557745631
11.0,explicit,0.21428571428571427,0.42862718694831836
11.0,explicit,0.2857142857142857,0.5714037532229979
11.0,explicit,0.3571428571428571,0.7137693576370296
11.0,explicit,0.42857142857142855,0.8503209639799643
11.0,explicit,0.5,0.9404002434356273
11.0,explicit,0.5714285714285714,0.8503209639799644
11.0,explicit,0.6428571428571428,0.7137693576370299
11.0,explicit,0.7142857142857142,0.5714037532229981
11.0,explicit,0.7857142857142857,0.4286271869483184
11.0,explicit,0.8571428571428571,0.2861398557745632
11.0,explicit,0.9285714285714285,0.14030702774269566
11.0,explicit,1.0,-0.0908024075521211
12.0,explicit,0.0,0.14656487689215542
12.0,explicit,0.07142857142857142,0.13731240919656984
12.0,explicit,0.14285714285714285,0.2860335525244208
12.0,explicit,0.21428571428571427,0.4286342953073649
12.0,explicit,0.2857142857142857,0.5713916165203109
12.0,explicit,0.3571428571428571,0.7136035208480557
12.0,explicit,0.42857142857142855,0.8490307974175021
12.0,explicit,0.5,0.9355164315799229
12.0,explicit,0.5714285714285714,0.8490307974175022
12.0,explicit,0.6428571428571428,0.7136035208480559
12.0,explicit,0.7142857142857142,0.5713916165203111
12.0,explicit,0.7857142857142857,0.42863429530736497
12.0,explicit,0.8571428571428571,0.2860335525244209
12.0,explicit,0.9285714285714285,0.13731240919656995
12.0,explicit,1.0,0.14656487689215542
13.0,explicit,0.0,0.006752820468792384
13.0,explicit,0.07142857142857142,0.139262266511876
13.0,explicit,0.14285714285714285,0.28589788089171814
13.0,explicit,0.21428571428571427,0.4286372748607674
13.0,explicit,0.2857142857142857,0.5713756410878589
13.0,explicit,0.3571428571428571,0.7134109775007491
13.0,explicit,0.42857142857142855,0.8476750961841254
13.0,explicit,0.5,0.9308258344336556
13.0,explicit,0.5714285714285714,0.8476750961841255
13.0,explicit,0.6428571428571428,0.7134109775007493
13.0,explicit,0.7142857142857142,0.5713756410878591
13.0,explicit,0.7857142857142857,0.42863727486076747
13.0,explicit,0.8571428571428571,0.28589788089171825
13.0,explicit,0.9285714285714285,0.13926226651187612
13.0,explicit,1.0,0.006752820468792384
14.0,explicit,0.0,-0.14247481862134567
14.0,explicit,0.07142857142857142,0.13945570099431315
14.0,explicit,0.14285714285714285,0.2858445286053333
14.0,explicit,0.21428571428571427,0.4286372607875432
14.0,explicit,0.2857142857142857,0.5713660142587708
14.0,explicit,0.3571428571428571,0.71330456354308
14.0,explicit,0.42857142857142855,0.8469751830828419
14.0,explicit,0.5,0.928548611108246
14.0,explicit,0.5714285714285714,0.846975183082842
14.0,explicit,0.6428571428571428,0.7133045635430803
14.0,explicit,0.7142857142857142,0.571366014258771
14.0,explicit,0.7857142857142857,0.42863726078754333
14.0,explicit,0.8571428571428571,0.28584452860533344
14.0,explicit,0.9285714285714285,0.13945570099431326
14.0,explicit,1.0,-0.14247481862134567
15.0,explicit,0.0,0.01109225897098661
15.0,explicit,0.07142857142857142,0.13699933359386185
15.0,explicit,0.14285714285714285,0.28572196494941404
15.0,explicit,0.21428571428571427,0.4286347101507245
15.0,explicit,0.2857142857142857,0.5713431072251987
15.0,explicit,0.3571428571428571,0.7130713161389076
15.0,explicit,0.42857142857142855,0.8455358092120693
15.0,explicit,0.5,0.9241222043910831
15.0,explicit,0.5714285714285714,0.8455358092120694
15.0,explicit,0.6428571428571428,0.7130713161389078
15.0,explicit,0.7142857142857142,0.5713431072251989
15.0,explicit,0.7857142857142857,0.42863471015072463
15.0,explicit,0.8571428571428571,0.28572196494941415
15.0,explicit,0.9285714285714285,0.13699933359386196
15.0,explicit,1.0,0.01109225897098661
16.0,explicit,0.0,0.0375698018345672
16.0,explicit,0.07142857142857142,0.13588654532809963
16.0,explicit,0.14285714285714285,0.285569269981462
16.0,explicit,0.21428571428571427,0.42862791717500043
16.0,explicit,0.2857142857142857,0.5713148553688416
16.0,explicit,0.3571428571428571,0.7128108013296127
16.0,explicit,0.42857142857142855,0.8440492635467346
16.0,explicit,0.5,0.9198564993136527
16.0,explicit,0.5714285714285714,0.8440492635467347
16.0,explicit,0.6428571428571428,0.7128108013296129
16.0,explicit,0.7142857142857142,0.5713148553688419
16.0,explicit,0.7857142857142857,0.42862791717500054
16.0,explicit,0.8571428571428571,0.2855692699814621
16.0,explicit,0.9285714285714285,0.13588654532809974
16.0,explicit,1.0,0.0375698018345672
17.0,explicit,0.0,-0.0600638689918805
17.0,explicit,0.07142857142857142,0.1365899173780187
17.0,explicit,0.14285714285714285,0.28547856421012197
17.0,explicit,0.21428571428571427,0.4286228272357997
17.0,explicit,0.2857142857142857,0.5712985467024929
17.0,explicit,0.3571428571428571,0.7126703420761366
17.0,explicit,0.42857142857142855,0.84329022469461
17.0,explicit,0.5,0.9177803901995616
17.0,explicit,0.5714285714285714,0.8432902246946101
17.0,explicit,0.6428571428571428,0.7126703420761368
17.0,explicit,0.7142857142857142,0.5712985467024931
17.0,explicit,0.7857142857142857,0.4286228272357998
17.0,explicit,0.8571428571428571,0.2854785642101221
17.0,explicit,0.9285714285714285,0.13658991737801882
17.0,explicit,1.0,-0.0600638689918805
18.0,explicit,0.0,-0.060170661222939695
18.0,explicit,0.07142857142857142,0.1357216728824525
18.0,explicit,0.14285714285714285,0.28531435460958
18.0,explicit,0.21428571428571427,0.4286088494787664
18.0,explicit,0.2857142857142857,0.571261221610099
18.0,explicit,0.3571428571428571,0.7123691456800862
18.0,explicit,0.42857142857142855,0.8417441161285936
18.0,explicit,0.5,0.9137351327605782
18.0,explicit,0.5714285714285714,0.8417441161285937
18.0,explicit,0.6428571428571428,0.7123691456800865
18.0,explicit,0.7142857142857142,0.5712612216100992
18.0,explicit,0.7857142857142857,0.4286088494787665
18.0,explicit,0.8571428571428571,0.2853143546095801
18.0,explicit,0.9285714285714285,0.1357216728824526
18.0,explicit,1.0,-0.060170661222939695
19.0,explicit,0.0,-0.0013497224737933921
19.0,explicit,0.07142857142857142,0.13783018666903843
19.0,explicit,0.14285714285714285,0.2851354281049474
19.0,explicit,0.21428571428571427,0.42859003411536417
19.0,explicit,0.2857142857142857,0.5712171830628922
19.0,explicit,0.3571428571428571,0.7120411694501985
19.0,explicit,0.42857142857142855,0.8401648817977941
19.0,explicit,0.5,0.9098244173461626
19.0,explicit,0.5714285714285714,0.8401648817977942
19.0,explicit,0.6428571428571428,0.7120411694501987
19.0,explicit,0.7142857142857142,0.5712171830628924
19.0,explicit,0.7857142857142857,0.42859003411536434
19.0,explicit,0.8571428571428571,0.2851354281049475
19.0,explicit,0.9285714285714285,0.13783018666903854
19.0,explicit,1.0,-0.0013497224737933921
20.0,explicit,0.0,-0.10577109289559004
20.0,explicit,0.07142857142857142,0.13794144963924185
20.0,explicit,0.14285714285714285,0.2850827000294476
20.0,explicit,0.21428571428571427,0.4285787034611568
20.0,explicit,0.2857142857142857,0.5711924917376671
20.0,explicit,0.3571428571428571,0.7118672602288785
20.0,explicit,0.42857142857142855,0.8393643117132055
20.0,explicit,0.5,0.9079166733798745
20.0,explicit,0.5714285714285714,0.8393643117132056
20.0,explicit,0.6428571428571428,0.7118672602288787
20.0,explicit,0.7142857142857142,0.5711924917376673
20.0,explicit,0.7857142857142857,0.42857870346115695
20.0,explicit,0.8571428571428571,0.2850827000294477
20.0,explicit,0.9285714285714285,0.13794144963924196
20.0,explicit,1.0,-0.10577109289559004
21.0,explicit,0.0,-0.12208436499710223
21.0,explicit,0.07142857142857142,0.13790691299965885
21.0,explicit,0.14285714285714285,0.2849659625317615
21.0,explicit,0.21428571428571427,0.42855382626132343
21.0,explicit,0.2857142857142857,0.5711374792248262
21.0,explicit,0.3571428571428571,0.7114998918881571
21.0,explicit,0.42857142857142855,0.8377439379365788
21.0,explicit,0.5,0.904191140310146
21.0,explicit,0.5714285714285714,0.8377439379365789
21.0,explicit,0.6428571428571428,0.7114998918881573
21.0,explicit,0.7142857142857142,0.5711374792248264
21.0,explicit,0.7857142857142857,0.4285538262613236
21.0,explicit,0.8571428571428571,0.2849659625317616
21.0,explicit,0.9285714285714285,0.13790691299965896
21.0,explicit,1.0,-0.12208436499710223
22.0,explicit,0.0,-0.19596701238797756
22.0,explicit,0.07142857142857142,0.13681352105009803
22.0,explicit,0.14285714285714285,0.2848508360408834
22.0,explicit,0.21428571428571427,0.42852563347527417
22.0,explicit,0.2857142857142857,0.5710746442096906
22.0,explicit,0.3571428571428571,0.7111069023242406
22.0,explicit,0.42857142857142855,0.8361011591469167
22.0,explicit,0.5,0.900579015417095
22.0,explicit,0.5714285714285714,0.8361011591469169
22.0,explicit,0.6428571428571428,0.7111069023242408
22.0,explicit,0.7142857142857142,0.5710746442096908
22.0,explicit,0.7857142857142857,0.42852563347527434
22.0,explicit,0.8571428571428571,0.2848508360408835
22.0,explicit,0.9285714285714285,0.13681352105009814
22.0,explicit,1.0,-0.19596701238797756
23.0,explicit,0.0,-0.13281860488984307
23.0,explicit,0.07142857142857142,0.13428376860823213
23.0,explicit,0.14285714285714285,0.28479109858727764
23.0,explicit,0.21428571428571427,0.4285102176907208
23.0,explicit,0.2857142857142857,0.5710401814503039
23.0,explicit,0.3571428571428571,0.7109009817994785
23.0,explicit,0.42857142857142855,0.8352724872565096
23.0,explicit,0.5,0.8988131804845148
23.0,explicit,0.5714285714285714,0.8352724872565097
23.0,explicit,0.6428571428571428,0.7109009817994787
23.0,explicit,0.7142857142857142,0.571040181450304
23.0,explicit,0.7857142857142857,0.42851021769072095
23.0,explicit,0.8571428571428571,0.28479109858727775
23.0,explicit,0.9285714285714285,0.13428376860823224
23.0,explicit,1.0,-0.13281860488984307
24.0,explicit,0.0,0.07384665799954104
24.0,explicit,0.07142857142857142,0.1332213683259496
24.0,explicit,0.14285714285714285,0.2845856522164774
24.0,explicit,0.21428571428571427,0.4284763232856145
24.0,explicit,0.2857142857142857,0.5709649555446441
24.0,explicit,0.3571428571428571,0.7104706833036436
24.0,explicit,0.42857142857142855,0.8336026121726694
24.0,explicit,0.5,0.8953576871846426
24.0,explicit,0.5714285714285714,0.8336026121726695
24.0,explicit,0.6428571428571428,0.7104706833036438
24.0,explicit,0.7142857142857142,0.5709649555446442
24.0,explicit,0.7857142857142857,0.4284763232856147
24.0,explicit,0.8571428571428571,0.2845856522164775
24.0,explicit,0.9285714285714285,0.13322136832594972
24.0,explicit,1.0,0.07384665799954104
25.0,explicit,0.0,-0.011564828238824054
25.0,explicit,0.07142857142857142,0.1349282120067529
25.0,explicit,0.14285714285714285,0.2844007632909209
25.0,explicit,0.21428571428571427,0.42843649119502075
25.0,explicit,0.2857142857142857,0.570881049198805
25.0,explicit,0.3571428571428571,0.7100163316594987
25.0,explicit,0.42857142857142855,0.8319184913740525
25.0,explicit,0.5,0.8919984541802788
25.0,explicit,0.5714285714285714,0.8319184913740526
25.0,explicit,0.6428571428571428,0.710016331659499
25.0,explicit,0.7142857142857142,0.5708810491988051
25.0,explicit,0.7857142857142857,0.4284364911950209
25.0,explicit,0.8571428571428571,0.284400763290921
25.0,explicit,0.9285714285714285,0.134928212006753
25.0,explicit,1.0,-0.011564828238824054
26.0,explicit,0.0,-0.03011036955892888
26.0,explicit,0.07142857142857142,0.13496901147635612
26.0,explicit,0.14285714285714285,0.2843263149981104
26.0,explicit,0.21428571428571427,0.4284147027582133
26.0,explicit,0.2857142857142857,0.5708357341504027
26.0,explicit,0.3571428571428571,0.7097803525815416
26.0,explicit,0.42857142857142855,0.831071938764951
26.0,explicit,0.5,0.8903530629838531
26.0,explicit,0.5714285714285714,0.8310719387649511
26.0,explicit,0.6428571428571428,0.7097803525815418
26.0,explicit,0.7142857142857142,0.5708357341504028
26.0,explicit,0.7857142857142857,0.4284147027582135
26.0,explicit,0.8571428571428571,0.2843263149981105
26.0,explicit,0.9285714285714285,0.13496901147635623
26.0,explicit,1.0,-0.03011036955892888
27.0,explicit,0.0,-0.07198442083947086
27.0,explicit,0.07142857142857142,0.13293106452867598
27.0,explicit,0.14285714285714285,0.2841807321180545
27.0,explicit,0.21428571428571427,0.428368024857584
27.0,explicit,0.2857142857142857,0.5707382077004162
27.0,explicit,0.3571428571428571,0.7092912353616796
27.0,explicit,0.42857142857142855,0.8293713910549718
27.0,explicit,0.5,0.8871272434647294
27.0,explicit,0.5714285714285714,0.8293713910549719
27.0,explicit,0.6428571428571428,0.7092912353616797
27.0,explicit,0.7142857142857142,0.5707382077004163
27.0,explicit,0.7857142857142857,0.4283680248575842
27.0,explicit,0.8571428571428571,0.2841807321180546
27.0,explicit,0.9285714285714285,0.1329310645286761
27.0,explicit,1.0,-0.07198442083947086
28.0,explicit,0.0,0.10571222262189157
28.0,explicit,0.07142857142857142,0.13183507569848882
28.0,explicit,0.14285714285714285,0.28397956208591896
28.0,explicit,0.21428571428571427,0.42831690168454095
28.0,explicit,0.2857142857142857,0.5706312954269367
28.0,explicit,0.3571428571428571,0.7087798501602264
28.0,explicit,0.42857142857142855,0.827662784240106
28.0,explicit,0.5,0.8839837065359496
28.0,explicit,0.5714285714285714,0.8276627842401061
28.0,explicit,0.6428571428571428,0.7087798501602265
28.0,explicit,0.7142857142857142,0.5706312954269368
28.0,explicit,0.7857142857142857,0.4283169016845411
28.0,explicit,0.8571428571428571,0.28397956208591907
28.0,explicit,0.9285714285714285,0.13183507569848893
28.0,explicit,1.0,0.10571222262189157
29.0,explicit,0.0,0.03436182895684614
29.0,explicit,0.07142857142857142,0.1335607332748559
29.0,explicit,0.14285714285714285,0.2838726561392813
29.0,explicit,0.21428571428571427,0.42828920079103827
29.0,explicit,0.2857142857142857,0.5705742511603363
29.0,explicit,0.3571428571428571,0.7085160393892457
29.0,explicit,0.42857142857142855,0.8268061010914152
29.0,explicit,0.5,0.882441263009161
29.0,explicit,0.5714285714285714,0.8268061010914153
29.0,explicit,0.6428571428571428,0.7085160393892458
29.0,explicit,0.7142857142857142,0.5705742511603364
29.0,explicit,0.7857142857142857,0.42828920079103844
29.0,explicit,0.8571428571428571,0.2838726561392814
29.0,explicit,0.9285714285714285,0.133560733274856
29.0,explicit,1.0,0.03436182895684614
30.0,explicit,0.0,0.0324083969394795
30.0,explicit,0.07142857142857142,0.13205555609417954
30.0,explicit,0.14285714285714285,0.28372259652427567
30.0,explicit,0.21428571428571427,0.42822970574160785
30.0,explicit,0.2857142857142857,0.5704528478641459
30.0,explicit,0.3571428571428571,0.7079726507158673
30.0,explicit,0.42857142857142855,0.8250891385592788
30.0,explicit,0.5,0.8794121688963897
30.0,explicit,0.5714285714285714,0.8250891385592789
30.0,explicit,0.6428571428571428,0.7079726507158675
30.0,explicit,0.7142857142857142,0.570452847864146
30.0,explicit,0.7857142857142857,0.428229705741608
30.0,explicit,0.8571428571428571,0.2837225965242758
30.0,explicit,0.9285714285714285,0.13205555609417965
30.0,explicit,1.0,0.0324083969394795
31.0,explicit,0.0,-0.06769220003059588
31.0,explicit,0.07142857142857142,0.13248827181580905
31.0,explicit,0.14285714285714285,0.28353852067146545
31.0,explicit,0.21428571428571427,0.4281657875158708
31.0,explicit,0.2857142857142857,0.5703215487639491
31.0,explicit,0.3571428571428571,0.7074088668825905
31.0,explicit,0.42857142857142855,0.8233687844921801
31.0,explicit,0.5,0.8764539085598337
31.0,explicit,0.5714285714285714,0.8233687844921802
31.0,explicit,0.6428571428571428,0.7074088668825906
31.0,explicit,0.7142857142857142,0.5703215487639492
31.0,explicit,0.7857142857142857,0.428165787515871
31.0,explicit,0.8571428571428571,0.28353852067146557
31.0,explicit,0.9285714285714285,0.13248827181580916
31.0,explicit,1.0,-0.06769220003059588
32.0,explicit,0.0,0.06116762888408679
32.0,explicit,0.07142857142857142,0.13181551477160003
32.0,explicit,0.14285714285714285,0.2834505685692796
32.0,explicit,0.21428571428571427,0.4281319443395424
32.0,explicit,0.2857142857142857,0.5702521448286333
32.0,explicit,0.3571428571428571,0.7071195621195943
32.0,explicit,0.42857142857142855,0.8225078183152814
32.0,explicit,0.5,0.8750000828295517
32.0,explicit,0.5714285714285714,0.8225078183152815
32.0,explicit,0.6428571428571428,0.7071195621195944
32.0,explicit,0.7142857142857142,0.5702521448286334
32.0,explicit,0.7857142857142857,0.42813194433954255
32.0,explicit,0.8571428571428571,0.2834505685692797
32.0,explicit,0.9285714285714285,0.13181551477160014
32.0,explicit,1.0,0.06116762888408679
33.0,explicit,0.0,0.09312801191161986
33.0,explicit,0.07142857142857142,0.13457600350146467
33.0,explicit,0.14285714285714285,0.28327744356975626
33.0,explicit,0.21428571428571427,0.42806047390611984
33.0,explicit,0.2857142857142857,0.5701057506208729
33.0,explicit,0.3571428571428571,0.7065265956330887
33.0,explicit,0.42857142857142855,0.8207851794644823
33.0,explicit,0.5,0.8721406881353552
33.0,explicit,0.5714285714285714,0.8207851794644824
33.0,explicit,0.6428571428571428,0.7065265956330888
33.0,explicit,0.7142857142857142,0.570105750620873
33.0,explicit,0.7857142857142857,0.42806047390612
33.0,explicit,0.8571428571428571,0.28327744356975637
33.0,explicit,0.9285714285714285,0.13457600350146479
33.0,explicit,1.0,0.09312801191161986
34.0,explicit,0.0,-0.03092123758512146
34.0,explicit,0.07142857142857142,0.1350479604847896
34.0,explicit,0.14285714285714285,0.28319119826313977
34.0,explicit,0.21428571428571427,0.427984733245507
34.0,explicit,0.2857142857142857,0.5699491563690682
34.0,explicit,0.3571428571428571,0.7059151064555265
34.0,explicit,0.42857142857142855,0.8190626474914378
34.0,explicit,0.5,0.8693427021382183
34.0,explicit,0.5714285714285714,0.8190626474914379
34.0,explicit,0.6428571428571428,0.7059151064555266
34.0,explicit,0.7142857142857142,0.5699491563690683
34.0,explicit,0.7857142857142857,0.4279847332455072
34.0,explicit,0.8571428571428571,0.2831911982631399
34.0,explicit,0.9285714285714285,0.1350479604847897
34.0,explicit,1.0,-0.03092123758512146
35.0,explicit,0.0,0.033126343140356396
35.0,explicit,0.07142857142857142,0.1348038634783869
35.0,explicit,0.14285714285714285,0.28314532963045663
35.0,explicit,0.21428571428571427,0.4279459932436099
35.0,explicit,0.2857142857142857,0.5698670172142964
35.0,explicit,0.3571428571428571,0.7056026461308647
35.0,explicit,0.42857142857142855,0.8182017813738961
35.0,explicit,0.5,0.8679656979689839
35.0,explicit,0.5714285714285714,0.8182017813738962
35.0,explicit,0.6428571428571428,0.7056026461308648
35.0,explicit,0.7142857142857142,0.5698670172142966
35.0,explicit,0.7857142857142857,0.42794599324361005
35.0,explicit,0.8571428571428571,0.28314532963045674
35.0,explicit,0.9285714285714285,0.13480386347838702
35.0,explicit,1.0,0.033126343140356396
36.0,explicit,0.0,-0.047917423784529
36.0,explicit,0.07142857142857142,0.13694590786935323
36.0,explicit,0.14285714285714285,0.28305789652454955
36.0,explicit,0.21428571428571427,0.42786638562356055
36.0,explicit,0.2857142857142857,0.5696950611232827
36.0,explicit,0.3571428571428571,0.7049647488427999
36.0,explicit,0.42857142857142855,0.8164814965141357
36.0,explicit,0.5,0.8652537205473994
36.0,explicit,0.5714285714285714,0.8164814965141358
36.0,explicit,0.6428571428571428,0.7049647488428
36.0,explicit,0.7142857142857142,0.5696950611232828
36.0,explicit,0.7857142857142857,0.4278663856235607
36.0,explicit,0.8571428571428571,0.28305789652454966
36.0,explicit,0.9285714285714285,0.13694590786935334
36.0,explicit,1.0,-0.047917423784529
37.0,explicit,0.0,-0.11063349740060283
37.0,explicit,0.07142857142857142,0.13630084540502604
37.0,explicit,0.14285714285714285,0.2830148619092891
37.0,explicit,0.21428571428571427,0.4277844215973481
37.0,explicit,0.2857142857142857,0.5695128792960351
37.0,explicit,0.3571428571428571,0.704310147261559
37.0,explicit,0.42857142857142855,0.8147639177897936
37.0,explicit,0.5,0.862595351687554
37.0,explicit,0.5714285714285714,0.8147639177897937
37.0,explicit,0.6428571428571428,0.7043101472615592
37.0,explicit,0.7142857142857142,0.5695128792960352
37.0,explicit,0.7857142857142857,0.42778442159734825
37.0,explicit,0.8571428571428571,0.2830148619092892
37.0,explicit,0.9285714285714285,0.13630084540502616
37.0,explicit,1.0,-0.11063349740060283
38.0,explicit,0.0,-0.11962066240806708
38.0,explicit,0.07142857142857142,0.1349284940011892
38.0,explicit,0.14285714285714285,0.2829882357932117
38.0,explicit,0.21428571428571427,0.42774277874166855
38.0,explicit,0.2857142857142857,0.5694179681306897
38.0,explicit,0.3571428571428571,0.7039768033769871
38.0,explicit,0.42857142857142855,0.8139064085922287
38.0,explicit,0.5,0.8612854071308034
38.0,explicit,0.5714285714285714,0.8139064085922288
38.0,explicit,0.6428571428571428,0.7039768033769872
38.0,explicit,0.7142857142857142,0.5694179681306898
38.0,explicit,0.7857142857142857,0.4277427787416687
38.0,explicit,0.8571428571428571,0.2829882357932118
38.0,explicit,0.9285714285714285,0.1349284940011893
38.0,explicit,1.0,-0.11962066240806708
39.0,explicit,0.0,0.1356240028570823
39.0,explicit,0.07142857142857142,0.13480204348099312
39.0,explicit,0.14285714285714285,0.2828784118595576
39.0,explicit,0.21428571428571427,0.42765764613019885
39.0,explicit,0.2857142857142857,0.5692205479301071
39.0,explicit,0.3571428571428571,0.7032984635880231
39.0,explicit,0.42857142857142855,0.8121944260592108
39.0,explicit,0.5,0.8587023776948018
39.0,explicit,0.5714285714285714,0.8121944260592109
39.0,explicit,0.6428571428571428,0.7032984635880232
39.0,explicit,0.7142857142857142,0.5692205479301072
39.0,explicit,0.7857142857142857,0.42765764613019897
39.0,explicit,0.8571428571428571,0.2828784118595577
39.0,explicit,0.9285714285714285,0.13480204348099323
39.0,explicit,1.0,0.1356240028570823
40.0,explicit,0.0,0.10035328978920242
40.0,explicit,0.07142857142857142,0.1368676660696112
40.0,explicit,0.14285714285714285,0.2828166672438
40.0,explicit,0.21428571428571427,0.4275687458800884
40.0,explicit,0.2857142857142857,0.5690130410382007
40.0,explicit,0.3571428571428571,0.7026051551887464
40.0,explicit,0.42857142857142855,0.810487058527947
40.0,explicit,0.5,0.856166466102365
40.0,explicit,0.5714285714285714,0.8104870585279471
40.0,explicit,0.6428571428571428,0.7026051551887466
40.0,explicit,0.7142857142857142,0.5690130410382008
40.0,explicit,0.7857142857142857,0.42756874588008853
40.0,explicit,0.8571428571428571,0.2828166672438001
40.0,explicit,0.9285714285714285,0.13686766606961132
40.0,explicit,1.0,0.10035328978920242
41.0,explicit,0.0,0.036163602504763415
41.0,explicit,0.07142857142857142,0.1383661920337927
41.0,explicit,0.14285714285714285,0.2828002773717472
41.0,explicit,0.21428571428571427,0.42752345126304425
41.0,explicit,0.2857142857142857,0.5689055184225138
41.0,explicit,0.3571428571428571,0.7022530964277942
41.0,explicit,0.42857142857142855,0.8096352983557813
41.0,explicit,0.5,0.8549154584190995
41.0,explicit,0.5714285714285714,0.8096352983557814
41.0,explicit,0.6428571428571428,0.7022530964277943
41.0,explicit,0.7142857142857142,0.5689055184225139
41.0,explicit,0.7857142857142857,0.42752345126304436
41.0,explicit,0.8571428571428571,0.2828002773717473
41.0,explicit,0.9285714285714285,0.1383661920337928
41.0,explicit,1.0,0.036163602504763415
42.0,explicit,0.0,0.036139560550841394
42.0,explicit,0.07142857142857142,0.13812840425937747
42.0,explicit,0.14285714285714285,0.2828153783833573
42.0,explicit,0.21428571428571427,0.4274317500596622
42.0,explicit,0.2857142857142857,0.5686829982411844
42.0,explicit,0.3571428571428571,0.7015385770511892
42.0,explicit,0.42857142857142855,0.8079359688676242
42.0,explicit,0.5,0.8524459834775039
42.0,explicit,0.5714285714285714,0.8079359688676243
42.0,explicit,0.6428571428571428,0.7015385770511893
42.0,explicit,0.7142857142857142,0.5686829982411845
42.0,explicit,0.7857142857142857,0.42743175005966233
42.0,explicit,0.8571428571428571,0.2828153783833574
42.0,explicit,0.9285714285714285,0.13812840425937759
42.0,explicit,1.0,0.036139560550841394
43.0,explicit,0.0,-0.003582603910995154
43.0,explicit,0.07142857142857142,0.14089295388714956
43.0,explicit,0.14285714285714285,0.28282084653362966
43.0,explicit,0.21428571428571427,0.42733926495445845
43.0,explicit,0.2857142857142857,0.5684506250688993
43.0,explicit,0.3571428571428571,0.7008107185546392
43.0,explicit,0.42857142857142855,0.8062426342414761
43.0,explicit,0.5,0.8500181948722261
43.0,explicit,0.5714285714285714,0.8062426342414762
43.0,explicit,0.6428571428571428,0.7008107185546393
43.0,explicit,0.7142857142857142,0.5684506250688994
43.0,explicit,0.7857142857142857,0.42733926495445856
43.0,explicit,0.8571428571428571,0.28282084653362977
43.0,explicit,0.9285714285714285,0.14089295388714967
43.0,explicit,1.0,-0.003582603910995154
44.0,explicit,0.0,0.15646436558140064
44.0,explicit,0.07142857142857142,0.140858067831831
44.0,explicit,0.14285714285714285,0.2828563194941987
44.0,explicit,0.21428571428571427,0.42729261093304105
44.0,explicit,0.2857142857142857,0.5683307909645168
44.0,explicit,0.3571428571428571,0.7004419817527456
44.0,explicit,0.42857142857142855,0.805398352561907
44.0,explicit,0.5,0.8488193272512067
44.0,explicit,0.5714285714285714,0.8053983525619071
44.0,explicit,0.6428571428571428,0.7004419817527457
44.0,explicit,0.7142857142857142,0.5683307909645169
44.0,explicit,0.7857142857142857,0.42729261093304116
44.0,explicit,0.8571428571428571,0.2828563194941988
44.0,explicit,0.9285714285714285,0.1408580678318311
44.0,explicit,1.0,0.15646436558140064
45.0,explicit,0.0,0.08219025043752239
45.0,explicit,0.07142857142857142,0.1393858600095519
45.0,explicit,0.14285714285714285,0.2829510899164476
45.0,explicit,0.21428571428571427,0.42719960553224773
45.0,explicit,0.2857142857142857,0.5680839291442642
45.0,explicit,0.3571428571428571,0.6996952724066293
45.0,explicit,0.42857142857142855,0.8037148033163031
45.0,explicit,0.5,0.8464505042239328
45.0,explicit,0.5714285714285714,0.8037148033163032
45.0,explicit,0.6428571428571428,0.6996952724066294
45.0,explicit,0.7142857142857142,0.5680839291442643
45.0,explicit,0.7857142857142857,0.42719960553224784
45.0,explicit,0.8571428571428571,0.2829510899164477
45.0,explicit,0.9285714285714285,0.139385860009552
45.0,explicit,1.0,0.08219025043752239
46.0,explicit,0.0,-0.029900735046586746
46.0,explicit,0.07142857142857142,0.14071271321540435
46.0,explicit,0.14285714285714285,0.2829851107608055
46.0,explicit,0.21428571428571427,0.4271071224454482
46.0,explicit,0.2857142857142857,0.5678276459462287
46.0,explicit,0.3571428571428571,0.6989367414601522
46.0,explicit,0.42857142857142855,0.8020382243410845
46.0,explicit,0.5,0.8441187963199582
46.0,explicit,0.5714285714285714,0.8020382243410846
46.0,explicit,0.6428571428571428,0.6989367414601523
46.0,explicit,0.7142857142857142,0.5678276459462288
46.0,explicit,0.7857142857142857,0.4271071224454483
46.0,explicit,0.8571428571428571,0.2829851107608056
46.0,explicit,0.9285714285714285,0.14071271321540443
46.0,explicit,1.0,-0.029900735046586746
47.0,explicit,0.0,0.00917607765355023
47.0,explicit,0.07142857142857142,0.14032462945862065
47.0,explicit,0.14285714285714285,0.2830104381634814
47.0,explicit,0.21428571428571427,0.4270605446976346
47.0,explicit,0.2857142857142857,0.5676960333564735
47.0,explicit,0.3571428571428571,0.6985532235857499
47.0,explicit,0.42857142857142855,0.8012026440169093
47.0,explicit,0.5,0.8429663488243113
47.0,explicit,0.5714285714285714,0.8012026440169094
47.0,explicit,0.6428571428571428,0.69855322358575
47.0,explicit,0.7142857142857142,0.5676960333564736
47.0,explicit,0.7857142857142857,0.4270605446976347
47.0,explicit,0.8571428571428571,0.28301043816348154
47.0,explicit,0.9285714285714285,0.14032462945862073
47.0,explicit,1.0,0.00917607765355023
48.0,explicit,0.0,-0.021967188783751194
48.0,explicit,0.07142857142857142,0.13778922820668696
48.0,explicit,0.14285714285714285,0.2830488131869742
48.0,explicit,0.21428571428571427,0.42696673246767985
48.0,explicit,0.2857142857142857,0.5674259757198911
48.0,explicit,0.3571428571428571,0.6977780344968679
48.0,explicit,0.42857142857142855,0.7995370677936608
48.0,explicit,0.5,0.8406873007003083
48.0,explicit,0.5714285714285714,0.799537067793661
48.0,explicit,0.6428571428571428,0.697778034496868
48.0,explicit,0.7142857142857142,0.5674259757198912
48.0,explicit,0.7857142857142857,0.42696673246767997
48.0,explicit,0.8571428571428571,0.28304881318697434
48.0,explicit,0.9285714285714285,0.13778922820668704
48.0,explicit,1.0,-0.021967188783751194
49.0,explicit,0.0,0.14778940447415162
49.0,explicit,0.07142857142857142,0.13818720375478216
49.0,explicit,0.14285714285714285,0.2830092057568035
49.0,explicit,0.21428571428571427,0.4268711610957412
49.0,explicit,0.2857142857142857,0.5671469538214635
49.0,explicit,0.3571428571428571,0.6969924292626857
49.0,explicit,0.42857142857142855,0.7978791293370353
49.0,explicit,0.5,0.8384414982281044
49.0,explicit,0.5714285714285714,0.7978791293370354
49.0,explicit,0.6428571428571428,0.6969924292626858
49.0,explicit,0.7142857142857142,0.5671469538214636
49.0,explicit,0.7857142857142857,0.4268711610957413
49.0,explicit,0.8571428571428571,0.2830092057568036
49.0,explicit,0.9285714285714285,0.13818720375478225
49.0,explicit,1.0,0.14778940447415162
50.0,explicit,0.0,-0.05182702182736474
50.0,explicit,0.07142857142857142,0.1403017874845719
50.0,explicit,0.14285714285714285,0.2829960595075898
50.0,explicit,0.21428571428571427,0.4268220545374385
50.0,explicit,0.2857142857142857,0.5670041278988577
50.0,explicit,0.3571428571428571,0.6965958867897684
50.0,explicit,0.42857142857142855,0.7970530875185727
50.0,explicit,0.5,0.8373306292867438
50.0,explicit,0.5714285714285714,0.7970530875185728
50.0,explicit,0.6428571428571428,0.6965958867897685
50.0,explicit,0.7142857142857142,0.5670041278988578
50.0,explicit,0.7857142857142857,0.4268220545374386
50.0,explicit,0.8571428571428571,0.28299605950758994
50.0,explicit,0.9285714285714285,0.14030178748457198
50.0,explicit,1.0,-0.05182702182736474
51.0,explicit,0.0,-0.05017570435845366
51.0,explicit,0.07142857142857142,0.13856927728771543
51.0,explicit,0.14285714285714285,0.28301667662083124
51.0,explicit,0.21428571428571427,0.4267218525596856
51.0,explicit,0.2857142857142857,0.5667119195746358
51.0,explicit,0.3571428571428571,0.695795643728777
51.0,explicit,0.42857142857142855,0.7954069666207986
51.0,explicit,0.5,0.835132133443891
51.0,explicit,0.5714285714285714,0.7954069666207987
51.0,explicit,0.6428571428571428,0.6957956437287771
51.0,explicit,0.7142857142857142,0.566711919574636
51.0,explicit,0.7857142857142857,0.4267218525596857
51.0,explicit,0.8571428571428571,0.28301667662083135
51.0,explicit,0.9285714285714285,0.1385692772877155
51.0,explicit,1.0,-0.05017570435845366
52.0,explicit,0.0,0.03287511096596845
52.0,explicit,0.07142857142857142,0.1393131511118829
52.0,explicit,0.14285714285714285,0.2829876251776052
52.0,explicit,0.21428571428571427,0.42661931705802
52.0,explicit,0.2857142857142857,0.566411098098655
52.0,explicit,0.3571428571428571,0.6949862707368538
52.0,explicit,0.42857142857142855,0.7937689175279652
52.0,explicit,0.5,0.8329635888115292
52.0,explicit,0.5714285714285714,0.7937689175279653
52.0,explicit,0.6428571428571428,0.6949862707368539
52.0,explicit,0.7142857142857142,0.5664110980986551
52.0,explicit,0.7857142857142857,0.4266193170580201
52.0,explicit,0.8571428571428571,0.2829876251776053
52.0,explicit,0.9285714285714285,0.13931315111188297
52.0,explicit,1.0,0.03287511096596845
53.0,explicit,0.0,-0.05297602037670388
53.0,explicit,0.07142857142857142,0.1398230424108801
53.0,explicit,0.14285714285714285,0.28298703934642466
53.0,explicit,0.21428571428571427,0.42656673583796156
53.0,explicit,0.2857142857142857,0.5662575052212871
53.0,explicit,0.3571428571428571,0.6945783114318007
53.0,explicit,0.42857142857142855,0.7929529588810768
53.0,explicit,0.5,0.8318901765778237
53.0,explicit,0.5714285714285714,0.7929529588810769
53.0,explicit,0.6428571428571428,0.6945783114318008
53.0,explicit,0.7142857142857142,0.5662575052212873
53.0,explicit,0.7857142857142857,0.4265667358379617
53.0,explicit,0.8571428571428571,0.2829870393464248
53.0,explicit,0.9285714285714285,0.13982304241088017
53.0,explicit,1.0,-0.05297602037670388
54.0,explicit,0.0,0.009707754934804039
54.0,explicit,0.07142857142857142,0.1399106478298037
54.0,explicit,0.14285714285714285,0.2829882319275523
54.0,explicit,0.21428571428571427,0.42645963540346893
54.0,explicit,0.2857142857142857,0.5659440391597923
54.0,explicit,0.3571428571428571,0.6937561386646527
54.0,explicit,0.42857142857142855,0.7913272372964606
54.0,explicit,0.5,0.8297643678724613
54.0,explicit,0.5714285714285714,0.7913272372964607
54.0,explicit,0.6428571428571428,0.6937561386646528
54.0,explicit,0.7142857142857142,0.5659440391597924
54.0,explicit,0.7857142857142857,0.42645963540346904
54.0,explicit,0.8571428571428571,0.2829882319275524
54.0,explicit,0.9285714285714285,0.13991064782980378
54.0,explicit,1.0,0.009707754934804039
55.0,explicit,0.0,-0.07020530938773524
55.0,explicit,0.07142857142857142,0.1414519558974618
55.0,explicit,0.14285714285714285,0.2830005361580034
55.0,explicit,0.21428571428571427,0.42634982506972835
55.0,explicit,0.2857142857142857,0.565622332685525
55.0,explicit,0.3571428571428571,0.6929260019290182
55.0,explicit,0.42857142857142855,0.7897098449750454
55.0,explicit,0.5,0.8276656893491046
55.0,explicit,0.5714285714285714,0.7897098449750455
55.0,explicit,0.6428571428571428,0.6929260019290183
55.0,explicit,0.7142857142857142,0.5656223326855251
55.0,explicit,0.7857142857142857,0.42634982506972846
55.0,explicit,0.8571428571428571,0.2830005361580035
55.0,explicit,0.9285714285714285,0.14145195589746187
55.0,explicit,1.0,-0.07020530938773524
56.0,explicit,0.0,-0.032766214659776825
56.0,explicit,0.07142857142857142,0.14049193355603154
56.0,explicit,0.14285714285714285,0.28302519388100783
56.0,explicit,0.21428571428571427,0.42629400030103043
56.0,explicit,0.2857142857142857,0.5654584392644126
56.0,explicit,0.3571428571428571,0.6925080834500761
56.0,explicit,0.42857142857142855,0.7889042929523986
56.0,explicit,0.5,0.8266262044814556
56.0,explicit,0.5714285714285714,0.7889042929523987
56.0,explicit,0.6428571428571428,0.6925080834500762
56.0,explicit,0.7142857142857142,0.5654584392644127
56.0,explicit,0.7857142857142857,0.42629400030103054
56.0,explicit,0.8571428571428571,0.28302519388100794
56.0,explicit,0.9285714285714285,0.14049193355603162
56.0,explicit,1.0,-0.032766214659776825
57.0,explicit,0.0,-0.14635149481321186
57.0,explicit,0.07142857142857142,0.13957389272864743
57.0,explicit,0.14285714285714285,0.28303853145883906
57.0,explicit,0.21428571428571427,0.4261810007744088
57.0,explicit,0.2857142857142857,0.5651246810390412
57.0,explicit,0.3571428571428571,0.6916668094086628
57.0,explicit,0.42857142857142855,0.7872995079723959
57.0,explicit,0.5,0.8245663368669839
57.0,explicit,0.5714285714285714,0.787299507972396
57.0,explicit,0.6428571428571428,0.6916668094086629
57.0,explicit,0.7142857142857142,0.5651246810390413
57.0,explicit,0.7857142857142857,0.4261810007744089
57.0,explicit,0.8571428571428571,0.28303853145883917
57.0,explicit,0.9285714285714285,0.1395738927286475
57.0,explicit,1.0,-0.14635149481321186
58.0,explicit,0.0,0.026105527217988936
58.0,explicit,0.07142857142857142,0.13813525825089767
58.0,explicit,0.14285714285714285,0.2830023293358566
58.0,explicit,0.21428571428571427,0.4260651986636604
58.0,explicit,0.2857142857142857,0.5647831113184625
58.0,explicit,0.3571428571428571,0.6908186245743103
58.0,explicit,0.42857142857142855,0.785703176818703
58.0,explicit,0.5,0.8225311700041686
58.0,explicit,0.5714285714285714,0.7857031768187032
58.0,explicit,0.6428571428571428,0.6908186245743104
58.0,explicit,0.7142857142857142,0.5647831113184626
58.0,explicit,0.7857142857142857,0.4260651986636605
58.0,explicit,0.8571428571428571,0.28300232933585673
58.0,explicit,0.9285714285714285,0.13813525825089776
58.0,explicit,1.0,0.026105527217988936
59.0,explicit,0.0,0.000511345664246089
59.0,explicit,0.07142857142857142,0.13858491124427538
59.0,explicit,0.14285714285714285,0.28297762378055047
59.0,explicit,0.21428571428571427,0.42600570167727186
59.0,explicit,0.2857142857142857,0.5646094468607472
59.0,explicit,0.3571428571428571,0.6903920637492499
59.0,explicit,0.42857142857142855,0.7849081883840529
59.0,explicit,0.5,0.8215225732451322
59.0,explicit,0.5714285714285714,0.784908188384053
59.0,explicit,0.6428571428571428,0.69039206374925
59.0,explicit,0.7142857142857142,0.5646094468607473
59.0,explicit,0.7857142857142857,0.426005701677272
59.0,explicit,0.8571428571428571,0.2829776237805506
59.0,explicit,0.9285714285714285,0.13858491124427547
59.0,explicit,1.0,0.000511345664246089
60.0,explicit,0.0,-0.023458713337514692
60.0,explicit,0.07142857142857142,0.13867144149733382
60.0,explicit,0.14285714285714285,0.28295893736899674
60.0,explicit,0.21428571428571427,0.4259451177674589
60.0,explicit,0.2857142857142857,0.564433882740536
60.0,explicit,0.3571428571428571,0.6899639209151467
60.0,explicit,0.42857142857142855,0.7841153199431328
60.0,explicit,0.5,0.8205198265106299
60.0,explicit,0.5714285714285714,0.7841153199431329
60.0,explicit,0.6428571428571428,0.6899639209151468
60.0,explicit,0.7142857142857142,0.5644338827405361
60.0,explicit,0.7857142857142857,0.425945117767459
60.0,explicit,0.8571428571428571,0.28295893736899685
60.0,explicit,0.9285714285714285,0.1386714414973339
60.0,explicit,1.0,-0.023458713337514692
1.0,implicit,0.0,0.06476885381006925
1.0,implicit,0.07142857142857142,0.14416897114334304
1.0,implicit,0.14285714285714285,0.2857461195308674
1.0,implicit,0.21428571428571427,0.42857215332675513
1.0,implicit,0.2857142857142857,0.5714284568896066
1.0,implicit,0.3571428571428571,0.7142792076699402
1.0,implicit,0.42857142857142855,0.8568486506600653
1.0,implicit,0.5,0.9888645392355166
1.0,implicit,0.5714285714285714,0.8568486506600655
1.0,implicit,0.6428571428571428,0.7142792076699402
1.0,implicit,0.7142857142857142,0.571428456889607
1.0,implicit,0.7857142857142857,0.42857215332675513
1.0,implicit,0.8571428571428571,0.2857461195308674
1.0,implicit,0.9285714285714285,0.14416897114334323
1.0,implicit,1.0,0.06476885381006925
2.0,implicit,0.0,0.15230298564080255
2.0,implicit,0.07142857142857142,0.14616494682996728
2.0,implicit,0.14285714285714285,0.2857893811319252
2.0,implicit,0.21428571428571427,0.4285731314532404
2.0,implicit,0.2857142857142857,0.5714283125722661
2.0,implicit,0.3571428571428571,0.7142729544584675
2.0,implicit,0.42857142857142855,0.856660935687287
2.0,implicit,0.5,0.9853404339642101
2.0,implicit,0.5714285714285714,0.8566609356872872
2.0,implicit,0.6428571428571428,0.7142729544584675
2.0,implicit,0.7142857142857142,0.5714283125722663
2.0,implicit,0.7857142857142857,0.4285731314532404
2.0,implicit,0.8571428571428571,0.2857893811319252
2.0,implicit,0.9285714285714285,0.14616494682996747
2.0,implicit,1.0,0.15230298564080255
3.0,implicit,0.0,-0.023413695694918055
3.0,implicit,0.07142857142857142,0.14537846629402237
3.0,implicit,0.14285714285714285,0.2858568816300067
3.0,implicit,0.21428571428571427,0.42857637598128157
3.0,implicit,0.2857142857142857,0.5714276908769269
3.0,implicit,0.3571428571428571,0.7142513551788797
3.0,implicit,0.42857142857142855,0.8561649254924666
3.0,implicit,0.5,0.9785523877167085
3.0,implicit,0.5714285714285714,0.8561649254924668
3.0,implicit,0.6428571428571428,0.7142513551788797
3.0,implicit,0.7142857142857142,0.571427690876927
3.0,implicit,0.7857142857142857,0.4285763759812814
3.0,implicit,0.8571428571428571,0.2858568816300068
3.0,implicit,0.9285714285714285,0.14537846629402257
3.0,implicit,1.0,-0.023413695694918055
4.0,implicit,0.0,0.07674347291529088
4.0,implicit,0.07142857142857142,0.14832357262118603
4.0,implicit,0.14285714285714285,0.285981657484307
4.0,implicit,0.21428571428571427,0.42858222216753594
4.0,implicit,0.2857142857142857,0.5714263779523581
4.0,implicit,0.3571428571428571,0.7142148814526109
4.0,implicit,0.42857142857142855,0.8555220970373784
4.0,implicit,0.5,0.9720894490534956
4.0,implicit,0.5714285714285714,0.8555220970373787
4.0,implicit,0.6428571428571428,0.7142148814526109
4.0,implicit,0.7142857142857142,0.5714263779523582
4.0,implicit,0.7857142857142857,0.4285822221675357
4.0,implicit,0.8571428571428571,0.28598165748430704
4.0,implicit,0.9285714285714285,0.14832357262118626
4.0,implicit,1.0,0.07674347291529088
5.0,implicit,0.0,-0.04694743859349521
5.0,implicit,0.07142857142857142,0.14755643122764917
5.0,implicit,0.14285714285714285,0.2860373607402117
5.0,implicit,0.21428571428571427,0.42858619769048206
5.0,implicit,0.2857142857142857,0.5714253598488293
5.0,implicit,0.3571428571428571,0.7141901717586963
5.0,implicit,0.42857142857142855,0.8551504796763518
5.0,implicit,0.5,0.9689722478022241
5.0,implicit,0.5714285714285714,0.8551504796763522
5.0,implicit,0.6428571428571428,0.7141901717586961
5.0,implicit,0.7142857142857142,0.5714253598488293
5.0,implicit,0.7857142857142857,0.4285861976904818
5.0,implicit,0.8571428571428571,0.2860373607402117
5.0,implicit,0.9285714285714285,0.1475564312276494
5.0,implicit,1.0,-0.04694743859349521
6.0,implicit,0.0,-0.046341769281246226
6.0,implicit,0.07142857142857142,0.14740625476092134
6.0,implicit,0.14285714285714285,0.2861503661408678
6.0,implicit,0.21428571428571427,0.428596091196602
6.0,implicit,0.2857142857142857,0.5714223638235524
6.0,implicit,0.3571428571428571,0.7141263038746658
6.0,implicit,0.42857142857142855,0.8543157281683984
6.0,implicit,0.5,0.9629522129157023
6.0,implicit,0.5714285714285714,0.8543157281683988
6.0,implicit,0.6428571428571428,0.7141263038746657
6.0,implicit,0.7142857142857142,0.5714223638235523
6.0,implicit,0.7857142857142857,0.42859609119660164
6.0,implicit,0.8571428571428571,0.2861503661408679
6.0,implicit,0.9285714285714285,0.1474062547609216
6.0,implicit,1.0,-0.046341769281246226
7.0,implicit,0.0,0.02419622715660341
7.0,implicit,0.07142857142857142,0.1468983278457868
7.0,implicit,0.14285714285714285,0.28623163580524646
7.0,implicit,0.21428571428571427,0.42860760826089683
7.0,implicit,0.2857142857142857,0.5714177272461411
7.0,implicit,0.3571428571428571,0.7140415068452524
7.0,implicit,0.42857142857142855,0.853369809775444
7.0,implicit,0.5,0.9572004918797407
7.0,implicit,0.5714285714285714,0.8533698097754444
7.0,implicit,0.6428571428571428,0.7140415068452522
7.0,implicit,0.7142857142857142,0.5714177272461413
7.0,implicit,0.7857142857142857,0.42860760826089633
7.0,implicit,0.8571428571428571,0.28623163580524663
7.0,implicit,0.9285714285714285,0.14689832784578705
7.0,implicit,1.0,0.02419622715660341
8.0,implicit,0.0,-0.1913280244657798
8.0,implicit,0.07142857142857142,0.14424748728660144
8.0,implicit,0.14285714285714285,0.2862369356796323
8.0,implicit,0.21428571428571427,0.4286134242569912
8.0,implicit,0.2857142857142857,0.5714146444480694
8.0,implicit,0.3571428571428571,0.7139907335045059
8.0,implicit,0.42857142857142855,0.8528589378582377
8.0,implicit,0.5,0.9544190955283972
8.0,implicit,0.5714285714285714,0.8528589378582383
8.0,implicit,0.6428571428571428,0.7139907335045057
8.0,implicit,0.7142857142857142,0.5714146444480694
8.0,implicit,0.7857142857142857,0.42861342425699067
8.0,implicit,0.8571428571428571,0.28623693567963243
8.0,implicit,0.9285714285714285,0.1442474872866017
8.0,implicit,1.0,-0.1913280244657798
9.0,implicit,0.0,-0.05622875292409727
9.0,implicit,0.07142857142857142,0.1411997796231442
9.0,implicit,0.14285714285714285,0.2861764742269314
9.0,implicit,0.21428571428571427,0.42862329946819505
9.0,implicit,0.2857142857142857,0.5714066009984365
9.0,implicit,0.3571428571428571,0.7138715881956101
9.0,implicit,0.42857142857142855,0.8517682804748917
9.0,implicit,0.5,0.9490338187943821
9.0,implicit,0.5714285714285714,0.8517682804748922
9.0,implicit,0.6428571428571428,0.7138715881956099
9.0,implicit,0.7142857142857142,0.5714066009984367
9.0,implicit,0.7857142857142857,0.42862329946819444
9.0,implicit,0.8571428571428571,0.2861764742269315
9.0,implicit,0.9285714285714285,0.14119977962314445
9.0,implicit,1.0,-0.05622875292409727
10.0,implicit,0.0,0.03142473325952739
10.0,implicit,0.07142857142857142,0.14040209399383943
10.0,implicit,0.14285714285714285,0.28608257298791034
10.0,implicit,0.21428571428571427,0.4286300227156625
10.0,implicit,0.2857142857142857,0.5713955637434731
10.0,implicit,0.3571428571428571,0.7137280852758345
10.0,implicit,0.42857142857142855,0.8505941765462008
10.0,implicit,0.5,0.9438711121661462
10.0,implicit,0.5714285714285714,0.8505941765462013
10.0,implicit,0.6428571428571428,0.7137280852758345
10.0,implicit,0.7142857142857142,0.5713955637434732
10.0,implicit,0.7857142857142857,0.42863002271566175
10.0,implicit,0.8571428571428571,0.28608257298791046
10.0,implicit,0.9285714285714285,0.14040209399383968
10.0,implicit,1.0,0.03142473325952739
11.0,implicit,0.0,-0.0908024075521211
11.0,implicit,0.07142857142857142,0.1392614431698776
11.0,implicit,0.14285714285714285,0.2860256394055927
11.0,implicit,0.21428571428571427,0.42863207970399847
11.0,implicit,0.2857142857142857,0.571388738118295
11.0,implicit,0.3571428571428571,0.7136469335437009
11.0,implicit,0.42857142857142855,0.8499787656108533
11.0,implicit,0.5,0.94136825668755
11.0,implicit,0.5714285714285714,0.8499787656108537
11.0,implicit,0.6428571428571428,0.7136469335437009
11.0,implicit,0.7142857142857142,0.5713887381182949
11.0,implicit,0.7857142857142857,0.42863207970399775
11.0,implicit,0.8571428571428571,0.28602563940559284
11.0,implicit,0.9285714285714285,0.13926144316987785
11.0,implicit,1.0,-0.0908024075521211
12.0,implicit,0.0,0.14656487689215542
12.0,implicit,0.07142857142857142,0.13957731676204788
12.0,implicit,0.14285714285714285,0.2858973812637116
12.0,implicit,0.21428571428571427,0.428632971056106
12.0,implicit,0.2857142857142857,0.5713720961723686
12.0,implicit,0.3571428571428571,0.7134654397346945
12.0,implicit,0.42857142857142855,0.8486965952210758
12.0,implicit,0.5,0.9365103217032774
12.0,implicit,0.5714285714285714,0.8486965952210762
12.0,implicit,0.6428571428571428,0.7134654397346946
12.0,implicit,0.7142857142857142,0.5713720961723683
12.0,implicit,0.7857142857142857,0.4286329710561053
12.0,implicit,0.8571428571428571,0.2858973812637117
12.0,implicit,0.9285714285714285,0.1395773167620481
12.0,implicit,1.0,0.14656487689215542
13.0,implicit,0.0,0.006752820468792384
13.0,implicit,0.07142857142857142,0.13954980846613027
13.0,implicit,0.14285714285714285,0.2857999511668634
13.0,implicit,0.21428571428571427,0.4286306986346702
13.0,implicit,0.2857142857142857,0.571351003147604
13.0,implicit,0.3571428571428571,0.7132580060998908
13.0,implicit,0.42857142857142855,0.8473525127015546
13.0,implicit,0.5,0.931838003576776
13.0,implicit,0.5714285714285714,0.847352512701555
13.0,implicit,0.6428571428571428,0.7132580060998909
13.0,implicit,0.7142857142857142,0.5713510031476037
13.0,implicit,0.7857142857142857,0.42863069863466935
13.0,implicit,0.8571428571428571,0.2857999511668635
13.0,implicit,0.9285714285714285,0.13954980846613052
13.0,implicit,1.0,0.006752820468792384
14.0,implicit,0.0,-0.14247481862134567
14.0,implicit,0.07142857142857142,0.13773923243870437
14.0,implicit,0.14285714285714285,0.2857302101993547
14.0,implicit,0.21428571428571427,0.428628131982683
14.0,implicit,0.2857142857142857,0.5713386158408942
14.0,implicit,0.3571428571428571,0.7131444772263345
14.0,implicit,0.42857142857142855,0.8466595315191989
14.0,implicit,0.5,0.9295674308062657
14.0,implicit,0.5714285714285714,0.8466595315191993
14.0,implicit,0.6428571428571428,0.7131444772263346
14.0,implicit,0.7142857142857142,0.571338615840894
14.0,implicit,0.7857142857142857,0.4286281319826821
14.0,implicit,0.8571428571428571,0.2857302101993548
14.0,implicit,0.9285714285714285,0.13773923243870462
14.0,implicit,1.0,-0.14247481862134567
15.0,implicit,0.0,0.01109225897098661
15.0,implicit,0.07142857142857142,0.1374475542085973
15.0,implicit,0.14285714285714285,0.2855845549016545
15.0,implicit,0.21428571428571427,0.42861971581833835
15.0,implicit,0.2857142857142857,0.5713098162090864
15.0,implicit,0.3571428571428571,0.7128977242366109
15.0,implicit,0.42857142857142855,0.8452358553927004
15.0,implicit,0.5,0.9251499858460922
15.0,implicit,0.5714285714285714,0.8452358553927006
15.0,implicit,0.6428571428571428,0.7128977242366109
15.0,implicit,0.7142857142857142,0.5713098162090863
15.0,implicit,0.7857142857142857,0.42861971581833735
15.0,implicit,0.8571428571428571,0.2855845549016546
15.0,implicit,0.9285714285714285,0.13744755420859756
15.0,implicit,1.0,0.01109225897098661
16.0,implicit,0.0,0.0375698018345672
16.0,implicit,0.07142857142857142,0.13673297196370507
16.0,implicit,0.14285714285714285,0.2854225257608553
16.0,implicit,0.21428571428571427,0.4286066807676459
16.0,implicit,0.2857142857142857,0.5712752089397302
16.0,implicit,0.3571428571428571,0.7126247295870197
16.0,implicit,0.42857142857142855,0.8437669757006891
16.0,implicit,0.5,0.9208882108509914
16.0,implicit,0.5714285714285714,0.8437669757006891
16.0,implicit,0.6428571428571428,0.7126247295870197
16.0,implicit,0.7142857142857142,0.57127520893973
16.0,implicit,0.7857142857142857,0.4286066807676449
16.0,implicit,0.8571428571428571,0.2854225257608553
16.0,implicit,0.9285714285714285,0.13673297196370535
16.0,implicit,1.0,0.0375698018345672
17.0,implicit,0.0,-0.0600638689918805
17.0,implicit,0.07142857142857142,0.13609068882853173
17.0,implicit,0.14285714285714285,0.2853404777938476
17.0,implicit,0.21428571428571427,0.4285984529985719
17.0,implicit,0.2857142857142857,0.5712555691966128
17.0,implicit,0.3571428571428571,0.7124784306854052
17.0,implicit,0.42857142857142855,0.8430173495510888
17.0,implicit,0.5,0.9188124345073604
17.0,implicit,0.5714285714285714,0.8430173495510888
17.0,implicit,0.6428571428571428,0.7124784306854053
17.0,implicit,0.7142857142857142,0.5712555691966127
17.0,implicit,0.7857142857142857,0.42859845299857097
17.0,implicit,0.8571428571428571,0.2853404777938476
17.0,implicit,0.9285714285714285,0.136090688828532
17.0,implicit,1.0,-0.0600638689918805
18.0,implicit,0.0,-0.060170661222939695
18.0,implicit,0.07142857142857142,0.13525303528869237
18.0,implicit,0.14285714285714285,0.28516854883070814
18.0,implicit,0.21428571428571427,0.4285784174512207
18.0,implicit,0.2857142857142857,0.5712113159594435
18.0,implicit,0.3571428571428571,0.7121663732908807
18.0,implicit,0.42857142857142855,0.8414909518377414
18.0,implicit,0.5,0.9147650279770135
18.0,implicit,0.5714285714285714,0.8414909518377413
18.0,implicit,0.6428571428571428,0.7121663732908808
18.0,implicit,0.7142857142857142,0.5712113159594435
18.0,implicit,0.7857142857142857,0.4285784174512198
18.0,implicit,0.8571428571428571,0.28516854883070814
18.0,implicit,0.9285714285714285,0.13525303528869265
18.0,implicit,1.0,-0.060170661222939695
19.0,implicit,0.0,-0.0013497224737933921
19.0,implicit,0.07142857142857142,0.13802165557183485
19.0,implicit,0.14285714285714285,0.2850684365890671
19.0,implicit,0.21428571428571427,0.42855497777233065
19.0,implicit,0.2857142857142857,0.5711600756788405
19.0,implicit,0.3571428571428571,0.7118286362980742
19.0,implicit,0.42857142857142855,0.8399322938438022
19.0,implicit,0.5,0.910848940188122
19.0,implicit,0.5714285714285714,0.8399322938438021
19.0,implicit,0.6428571428571428,0.7118286362980742
19.0,implicit,0.7142857142857142,0.5711600756788405
19.0,implicit,0.7857142857142857,0.4285549777723298
19.0,implicit,0.8571428571428571,0.28506843658906716
19.0,implicit,0.9285714285714285,0.13802165557183516
19.0,implicit,1.0,-0.0013497224737933921
20.0,implicit,0.0,-0.10577109289559004
20.0,implicit,0.07142857142857142,0.13673132986219727
20.0,implicit,0.14285714285714285,0.2850036135365307
20.0,implicit,0.21428571428571427,0.4285419876168039
20.0,implicit,0.2857142857142857,0.57113171427196
20.0,implicit,0.3571428571428571,0.7116502589805782
20.0,implicit,0.42857142857142855,0.8391422327145619
20.0,implicit,0.5,0.908937479539446
20.0,implicit,0.5714285714285714,0.8391422327145617
20.0,implicit,0.6428571428571428,0.7116502589805782
20.0,implicit,0.7142857142857142,0.5711317142719601
20.0,implicit,0.7857142857142857,0.428541987616803
20.0,implicit,0.8571428571428571,0.2850036135365308
20.0,implicit,0.9285714285714285,0.13673132986219758
20.0,implicit,1.0,-0.10577109289559004
21.0,implicit,0.0,-0.12208436499710223
21.0,implicit,0.07142857142857142,0.13647268146213457
21.0,implicit,0.14285714285714285,0.28489131371337245
21.0,implicit,0.21428571428571427,0.42851371079191863
21.0,implicit,0.2857142857142857,0.5710692851685262
21.0,implicit,0.3571428571428571,0.7112747711420049
21.0,implicit,0.42857142857142855,0.8375431408444365
21.0,implicit,0.5,0.9052027658431626
21.0,implicit,0.5714285714285714,0.8375431408444363
21.0,implicit,0.6428571428571428,0.7112747711420049
21.0,implicit,0.7142857142857142,0.5710692851685262
21.0,implicit,0.7857142857142857,0.4285137107919178
21.0,implicit,0.8571428571428571,0.2848913137133725
21.0,implicit,0.9285714285714285,0.13647268146213487
21.0,implicit,1.0,-0.12208436499710223
22.0,implicit,0.0,-0.19596701238797756
22.0,implicit,0.07142857142857142,0.1344431924873314
22.0,implicit,0.14285714285714285,0.2847431541913488
22.0,implicit,0.21428571428571427,0.42848154030523644
22.0,implicit,0.2857142857142857,0.5709989580773795
22.0,implicit,0.3571428571428571,0.7108747321290471
22.0,implicit,0.42857142857142855,0.8359217942491852
22.0,implicit,0.5,0.9015794983566313
22.0,implicit,0.5714285714285714,0.835921794249185
22.0,implicit,0.6428571428571428,0.7108747321290472
22.0,implicit,0.7142857142857142,0.5709989580773797
22.0,implicit,0.7857142857142857,0.42848154030523555
22.0,implicit,0.8571428571428571,0.28474315419134894
22.0,implicit,0.9285714285714285,0.13444319248733172
22.0,implicit,1.0,-0.19596701238797756
23.0,implicit,0.0,-0.13281860488984307
23.0,implicit,0.07142857142857142,0.13288284104027445
23.0,implicit,0.14285714285714285,0.2846346595414059
23.0,implicit,0.21428571428571427,0.428463311141673
23.0,implicit,0.2857142857142857,0.5709607200912433
23.0,implicit,0.3571428571428571,0.7106656784797125
23.0,implicit,0.42857142857142855,0.8351038291888738
23.0,implicit,0.5,0.8998074796684852
23.0,implicit,0.5714285714285714,0.8351038291888737
23.0,implicit,0.6428571428571428,0.7106656784797126
23.0,implicit,0.7142857142857142,0.5709607200912435
23.0,implicit,0.7857142857142857,0.42846331114167213
23.0,implicit,0.8571428571428571,0.284634659541406
23.0,implicit,0.9285714285714285,0.13288284104027479
23.0,implicit,1.0,-0.13281860488984307
24.0,implicit,0.0,0.07384665799954104
24.0,implicit,0.07142857142857142,0.13461508549295226
24.0,implicit,0.14285714285714285,0.28445521512560706
24.0,implicit,0.21428571428571427,0.4284229937594896
24.0,implicit,0.2857142857142857,0.5708778857002323
24.0,implicit,0.3571428571428571,0.7102298724323419
24.0,implicit,0.42857142857142855,0.8334552387145837
24.0,implicit,0.5,0.8963386098531851
24.0,implicit,0.5714285714285714,0.8334552387145836
24.0,implicit,0.6428571428571428,0.710229872432342
24.0,implicit,0.7142857142857142,0.5708778857002326
24.0,implicit,0.7857142857142857,0.42842299375948867
24.0,implicit,0.8571428571428571,0.2844552151256072
24.0,implicit,0.9285714285714285,0.13461508549295262
24.0,implicit,1.0,0.07384665799954104
25.0,implicit,0.0,-0.011564828238824054
25.0,implicit,0.07142857142857142,0.13508084400299472
25.0,implicit,0.14285714285714285,0.2843116808111003
25.0,implicit,0.21428571428571427,0.4283785454375129
25.0,implicit,0.2857142857142857,0.570786344913292
25.0,implicit,0.3571428571428571,0.7097709875360569
25.0,implicit,0.42857142857142855,0.8317921072283044
25.0,implicit,0.5,0.892964906684726
25.0,implicit,0.5714285714285714,0.8317921072283043
25.0,implicit,0.6428571428571428,0.709770987536057
25.0,implicit,0.7142857142857142,0.5707863449132923
25.0,implicit,0.7857142857142857,0.42837854543751186
25.0,implicit,0.8571428571428571,0.2843116808111005
25.0,implicit,0.9285714285714285,0.13508084400299508
25.0,implicit,1.0,-0.011564828238824054
26.0,implicit,0.0,-0.03011036955892888
26.0,implicit,0.07142857142857142,0.13486715938475533
26.0,implicit,0.14285714285714285,0.2842396894151449
26.0,implicit,0.21428571428571427,0.4283548187729549
26.0,implicit,0.2857142857142857,0.5707372329840426
26.0,implicit,0.3571428571428571,0.7095330923514369
26.0,implicit,0.42857142857142855,0.8309558991890749
26.0,implicit,0.5,0.8913119542362384
26.0,implicit,0.5714285714285714,0.8309558991890748
26.0,implicit,0.6428571428571428,0.709533092351437
26.0,implicit,0.7142857142857142,0.5707372329840427
26.0,implicit,0.7857142857142857,0.42835481877295384
26.0,implicit,0.8571428571428571,0.284239689415145
26.0,implicit,0.9285714285714285,0.1348671593847557
26.0,implicit,1.0,-0.03011036955892888
27.0,implicit,0.0,-0.07198442083947086
27.0,implicit,0.07142857142857142,0.1323673176089674
27.0,implicit,0.14285714285714285,0.2840440100428844
27.0,implicit,0.21428571428571427,0.4283033501658483
27.0,implicit,0.2857142857142857,0.5706321718034779
27.0,implicit,0.3571428571428571,0.7090408128591271
27.0,implicit,0.42857142857142855,0.8292756759051604
27.0,implicit,0.5,0.8880705059328146
27.0,implicit,0.5714285714285714,0.8292756759051603
27.0,implicit,0.6428571428571428,0.7090408128591272
27.0,implicit,0.7142857142857142,0.570632171803478
27.0,implicit,0.7857142857142857,0.4283033501658473
27.0,implicit,0.8571428571428571,0.28404401004288454
27.0,implicit,0.9285714285714285,0.13236731760896772
27.0,implicit,1.0,-0.07198442083947086
28.0,implicit,0.0,0.10571222262189157
28.0,implicit,0.07142857142857142,0.13368276644384922
28.0,implicit,0.14285714285714285,0.2838606934599353
28.0,implicit,0.21428571428571427,0.4282465313936752
28.0,implicit,0.2857142857142857,0.5705178022772287
28.0,implicit,0.3571428571428571,0.708527115029189
28.0,implicit,0.42857142857142855,0.8275868375686053
28.0,implicit,0.5,0.8849108341996009
28.0,implicit,0.5714285714285714,0.8275868375686052
28.0,implicit,0.6428571428571428,0.7085271150291891
28.0,implicit,0.7142857142857142,0.5705178022772288
28.0,implicit,0.7857142857142857,0.4282465313936742
28.0,implicit,0.8571428571428571,0.2838606934599356
28.0,implicit,0.9285714285714285,0.13368276644384955
28.0,implicit,1.0,0.10571222262189157
29.0,implicit,0.0,0.03436182895684614
29.0,implicit,0.07142857142857142,0.13435969095231443
29.0,implicit,0.14285714285714285,0.2837921182712876
29.0,implicit,0.21428571428571427,0.4282166243222558
29.0,implicit,0.2857142857142857,0.570457071357441
29.0,implicit,0.3571428571428571,0.7082624498083747
29.0,implicit,0.42857142857142855,0.8267398086890416
29.0,implicit,0.5,0.8833601894959996
29.0,implicit,0.5714285714285714,0.8267398086890415
29.0,implicit,0.6428571428571428,0.7082624498083748
29.0,implicit,0.7142857142857142,0.5704570713574412
29.0,implicit,0.7857142857142857,0.4282166243222548
29.0,implicit,0.8571428571428571,0.28379211827128786
29.0,implicit,0.9285714285714285,0.13435969095231476
29.0,implicit,1.0,0.03436182895684614
30.0,implicit,0.0,0.0324083969394795
30.0,implicit,0.07142857142857142,0.13289722868465437
30.0,implicit,0.14285714285714285,0.28361176293063034
30.0,implicit,0.21428571428571427,0.42815299994333644
30.0,implicit,0.2857142857142857,0.5703284126321833
30.0,implicit,0.3571428571428571,0.7077179222470673
30.0,implicit,0.42857142857142855,0.8250416612704778
30.0,implicit,0.5,0.880314522002441
30.0,implicit,0.5714285714285714,0.8250416612704777
30.0,implicit,0.6428571428571428,0.7077179222470674
30.0,implicit,0.7142857142857142,0.5703284126321835
30.0,implicit,0.7857142857142857,0.42815299994333544
30.0,implicit,0.8571428571428571,0.28361176293063056
30.0,implicit,0.9285714285714285,0.13289722868465473
30.0,implicit,1.0,0.0324083969394795
31.0,implicit,0.0,-0.06769220003059588
31.0,implicit,0.07142857142857142,0.13196053833816296
31.0,implicit,0.14285714285714285,0.2834319713777264
31.0,implicit,0.21428571428571427,0.4280845321456341
31.0,implicit,0.2857142857142857,0.570190040204218
31.0,implicit,0.3571428571428571,0.7071537151095301
31.0,implicit,0.42857142857142855,0.8233394306805852
31.0,implicit,0.5,0.8773395708061972
31.0,implicit,0.5714285714285714,0.8233394306805852
31.0,implicit,0.6428571428571428,0.7071537151095303
31.0,implicit,0.7142857142857142,0.5701900402042184
31.0,implicit,0.7857142857142857,0.4280845321456331
31.0,implicit,0.8571428571428571,0.2834319713777266
31.0,implicit,0.9285714285714285,0.1319605383381633
31.0,implicit,1.0,-0.06769220003059588
32.0,implicit,0.0,0.06116762888408679
32.0,implicit,0.07142857142857142,0.1330348210673536
32.0,implicit,0.14285714285714285,0.28335492651933314
32.0,implicit,0.21428571428571427,0.42804858613067137
32.0,implicit,0.2857142857142857,0.5701171736659152
32.0,implicit,0.3571428571428571,0.7068644504750985
32.0,implicit,0.42857142857142855,0.8224872572913073
32.0,implicit,0.5,0.8758773918487932
32.0,implicit,0.5714285714285714,0.8224872572913073
32.0,implicit,0.6428571428571428,0.7068644504750987
32.0,implicit,0.7142857142857142,0.5701171736659155
32.0,implicit,0.7857142857142857,0.42804858613067037
32.0,implicit,0.8571428571428571,0.28335492651933325
32.0,implicit,0.9285714285714285,0.13303482106735393
32.0,implicit,1.0,0.06116762888408679
33.0,implicit,0.0,0.09312801191161986
33.0,implicit,0.07142857142857142,0.1360663296001146
33.0,implicit,0.14285714285714285,0.28326669281707006
33.0,implicit,0.21428571428571427,0.4279746470377977
33.0,implicit,0.2857142857142857,0.5699640452217617
33.0,implicit,0.3571428571428571,0.7062720356604478
33.0,implicit,0.42857142857142855,0.8207816531703487
33.0,implicit,0.5,0.8730013367987348
33.0,implicit,0.5714285714285714,0.8207816531703486
33.0,implicit,0.6428571428571428,0.7062720356604482
33.0,implicit,0.7142857142857142,0.569964045221762
33.0,implicit,0.7857142857142857,0.42797464703779664
33.0,implicit,0.8571428571428571,0.2832666928170702
33.0,implicit,0.9285714285714285,0.13606632960011497
33.0,implicit,1.0,0.09312801191161986
34.0,implicit,0.0,-0.03092123758512146
34.0,implicit,0.07142857142857142,0.13485643951517637
34.0,implicit,0.14285714285714285,0.28317090661838323
34.0,implicit,0.21428571428571427,0.4278980493481211
34.0,implicit,0.2857142857142857,0.5698010380699446
34.0,implicit,0.3571428571428571,0.7056616860010044
34.0,implicit,0.42857142857142855,0.8190754113136797
34.0,implicit,0.5,0.8701868215083997
34.0,implicit,0.5714285714285714,0.8190754113136797
34.0,implicit,0.6428571428571428,0.7056616860010048
34.0,implicit,0.7142857142857142,0.569801038069945
34.0,implicit,0.7857142857142857,0.4278980493481199
34.0,implicit,0.8571428571428571,0.28317090661838323
34.0,implicit,0.9285714285714285,0.1348564395151767
34.0,implicit,1.0,-0.03092123758512146
35.0,implicit,0.0,0.033126343140356396
35.0,implicit,0.07142857142857142,0.1354767971147669
35.0,implicit,0.14285714285714285,0.2831308379698203
35.0,implicit,0.21428571428571427,0.42785873831727617
35.0,implicit,0.2857142857142857,0.5697158256007332
35.0,implicit,0.3571428571428571,0.7053500012848419
35.0,implicit,0.42857142857142855,0.8182224091960457
35.0,implicit,0.5,0.8688016243243947
35.0,implicit,0.5714285714285714,0.8182224091960457
35.0,implicit,0.6428571428571428,0.7053500012848422
35.0,implicit,0.7142857142857142,0.5697158256007336
35.0,implicit,0.7857142857142857,0.4278587383172749
35.0,implicit,0.8571428571428571,0.28313083796982036
35.0,implicit,0.9285714285714285,0.13547679711476723
35.0,implicit,1.0,0.033126343140356396
36.0,implicit,0.0,-0.047917423784529
36.0,implicit,0.07142857142857142,0.13642310862446572
36.0,implicit,0.14285714285714285,0.28308387941883956
36.0,implicit,0.21428571428571427,0.42777883856226523
36.0,implicit,0.2857142857142857,0.5695379999738611
36.0,implicit,0.3571428571428571,0.7047140390829044
36.0,implicit,0.42857142857142855,0.8165172905544028
36.0,implicit,0.5,0.8660734416131944
36.0,implicit,0.5714285714285714,0.8165172905544028
36.0,implicit,0.6428571428571428,0.7047140390829046
36.0,implicit,0.7142857142857142,0.5695379999738616
36.0,implicit,0.7857142857142857,0.42777883856226406
36.0,implicit,0.8571428571428571,0.28308387941883956
36.0,implicit,0.9285714285714285,0.13642310862446608
36.0,implicit,1.0,-0.047917423784529
37.0,implicit,0.0,-0.11063349740060283
37.0,implicit,0.07142857142857142,0.13497560437842837
37.0,implicit,0.14285714285714285,0.2830098131204409
37.0,implicit,0.21428571428571427,0.4276965670365199
37.0,implicit,0.2857142857142857,0.5693503325515638
37.0,implicit,0.3571428571428571,0.7040618485926102
37.0,implicit,0.42857142857142855,0.8148141339253047
37.0,implicit,0.5,0.8633991497033325
37.0,implicit,0.5714285714285714,0.8148141339253047
37.0,implicit,0.6428571428571428,0.7040618485926105
37.0,implicit,0.7142857142857142,0.5693503325515642
37.0,implicit,0.7857142857142857,0.42769656703651876
37.0,implicit,0.8571428571428571,0.2830098131204408
37.0,implicit,0.9285714285714285,0.13497560437842868
37.0,implicit,1.0,-0.11063349740060283
38.0,implicit,0.0,-0.11962066240806708
38.0,implicit,0.07142857142857142,0.1335544559238625
38.0,implicit,0.14285714285714285,0.28294568811622967
38.0,implicit,0.21428571428571427,0.427653987913761
38.0,implicit,0.2857142857142857,0.5692528118404621
38.0,implicit,0.3571428571428571,0.7037298756549695
38.0,implicit,0.42857142857142855,0.8139635597924009
38.0,implicit,0.5,0.8620813624545779
38.0,implicit,0.5714285714285714,0.8139635597924008
38.0,implicit,0.6428571428571428,0.7037298756549697
38.0,implicit,0.7142857142857142,0.5692528118404624
38.0,implicit,0.7857142857142857,0.4276539879137598
38.0,implicit,0.8571428571428571,0.2829456881162296
38.0,implicit,0.9285714285714285,0.1335544559238628
38.0,implicit,1.0,-0.11962066240806708
39.0,implicit,0.0,0.1356240028570823
39.0,implicit,0.07142857142857142,0.1368312658414443
39.0,implicit,0.14285714285714285,0.28288124921298397
39.0,implicit,0.21428571428571427,0.4275667574714744
39.0,implicit,0.2857142857142857,0.5690504177216749
39.0,implicit,0.3571428571428571,0.7030545828121291
39.0,implicit,0.42857142857142855,0.8122649039374055
39.0,implicit,0.5,0.8594829061837832
39.0,implicit,0.5714285714285714,0.8122649039374054
39.0,implicit,0.6428571428571428,0.7030545828121293
39.0,implicit,0.7142857142857142,0.5690504177216752
39.0,implicit,0.7857142857142857,0.4275667574714732
39.0,implicit,0.8571428571428571,0.28288124921298385
39.0,implicit,0.9285714285714285,0.13683126584144462
39.0,implicit,1.0,0.1356240028570823
40.0,implicit,0.0,0.10035328978920242
40.0,implicit,0.07142857142857142,0.13831738081647216
40.0,implicit,0.14285714285714285,0.28286375530933183
40.0,implicit,0.21428571428571427,0.4274778847877251
40.0,implicit,0.2857142857142857,0.5688382904826852
40.0,implicit,0.3571428571428571,0.7023646952741534
40.0,implicit,0.42857142857142855,0.8105701524259422
40.0,implicit,0.5,0.8569319344338175
40.0,implicit,0.5714285714285714,0.8105701524259421
40.0,implicit,0.6428571428571428,0.7023646952741536
40.0,implicit,0.7142857142857142,0.5688382904826855
40.0,implicit,0.7857142857142857,0.42747788478772397
40.0,implicit,0.8571428571428571,0.28286375530933167
40.0,implicit,0.9285714285714285,0.13831738081647243
40.0,implicit,1.0,0.10035328978920242
41.0,implicit,0.0,0.036163602504763415
41.0,implicit,0.07142857142857142,0.13888250761208665
41.0,implicit,0.14285714285714285,0.282871594467162
41.0,implicit,0.21428571428571427,0.42743316075678206
41.0,implicit,0.2857142857142857,0.5687286124331249
41.0,implicit,0.3571428571428571,0.7020144756875052
41.0,implicit,0.42857142857142855,0.8097244396839534
41.0,implicit,0.5,0.8556735407393334
41.0,implicit,0.5714285714285714,0.8097244396839531
41.0,implicit,0.6428571428571428,0.7020144756875053
41.0,implicit,0.7142857142857142,0.5687286124331251
41.0,implicit,0.7857142857142857,0.427433160756781
41.0,implicit,0.8571428571428571,0.2828715944671618
41.0,implicit,0.9285714285714285,0.13888250761208693
41.0,implicit,1.0,0.036163602504763415
42.0,implicit,0.0,0.036139560550841394
42.0,implicit,0.07142857142857142,0.13866153613116364
42.0,implicit,0.14285714285714285,0.2828716440574061
42.0,implicit,0.21428571428571427,0.4273427395428887
42.0,implicit,0.2857142857142857,0.5685021005894616
42.0,implicit,0.3571428571428571,0.701303871198638
42.0,implicit,0.42857142857142855,0.808036697055211
42.0,implicit,0.5,0.8531895916299533
42.0,implicit,0.5714285714285714,0.808036697055211
42.0,implicit,0.6428571428571428,0.701303871198638
42.0,implicit,0.7142857142857142,0.5685021005894619
42.0,implicit,0.7857142857142857,0.4273427395428877
42.0,implicit,0.8571428571428571,0.282871644057406
42.0,implicit,0.9285714285714285,0.1386615361311639
42.0,implicit,1.0,0.036139560550841394
43.0,implicit,0.0,-0.003582603910995154
43.0,implicit,0.07142857142857142,0.14075623312320973
43.0,implicit,0.14285714285714285,0.28293219166519484
43.0,implicit,0.21428571428571427,0.4272521882711004
43.0,implicit,0.2857142857142857,0.5682661718325608
43.0,implicit,0.3571428571428571,0.7005802170317409
43.0,implicit,0.42857142857142855,0.8063542908933634
43.0,implicit,0.5,0.8507477350536388
43.0,implicit,0.5714285714285714,0.8063542908933634
43.0,implicit,0.6428571428571428,0.7005802170317409
43.0,implicit,0.7142857142857142,0.5682661718325611
43.0,implicit,0.7857142857142857,0.4272521882710995
43.0,implicit,0.8571428571428571,0.2829321916651947
43.0,implicit,0.9285714285714285,0.14075623312320998
43.0,implicit,1.0,-0.003582603910995154
44.0,implicit,0.0,0.15646436558140064
44.0,implicit,0.07142857142857142,0.1428613104982623
44.0,implicit,0.14285714285714285,0.2829882263449841
44.0,implicit,0.21428571428571427,0.427207252912743
44.0,implicit,0.2857142857142857,0.5681447320106139
44.0,implicit,0.3571428571428571,0.700213681847332
44.0,implicit,0.42857142857142855,0.805515234004645
44.0,implicit,0.5,0.8495419880762276
44.0,implicit,0.5714285714285714,0.805515234004645
44.0,implicit,0.6428571428571428,0.700213681847332
44.0,implicit,0.7142857142857142,0.5681447320106141
44.0,implicit,0.7857142857142857,0.4272072529127421
44.0,implicit,0.8571428571428571,0.2829882263449839
44.0,implicit,0.9285714285714285,0.14286131049826256
44.0,implicit,1.0,0.15646436558140064
45.0,implicit,0.0,0.08219025043752239
45.0,implicit,0.07142857142857142,0.14048671401004773
45.0,implicit,0.14285714285714285,0.2830166382381702
45.0,implicit,0.21428571428571427,0.4271164783620529
45.0,implicit,0.2857142857142857,0.5678949943225081
45.0,implicit,0.3571428571428571,0.6994715576230282
45.0,implicit,0.42857142857142855,0.8038416709997019
45.0,implicit,0.5,0.8471597179976149
45.0,implicit,0.5714285714285714,0.8038416709997019
45.0,implicit,0.6428571428571428,0.6994715576230283
45.0,implicit,0.7142857142857142,0.5678949943225085
45.0,implicit,0.7857142857142857,0.4271164783620521
45.0,implicit,0.8571428571428571,0.2830166382381699
45.0,implicit,0.9285714285714285,0.14048671401004797
45.0,implicit,1.0,0.08219025043752239
46.0,implicit,0.0,-0.029900735046586746
46.0,implicit,0.07142857142857142,0.14025565128391393
46.0,implicit,0.14285714285714285,0.28305489731501154
46.0,implicit,0.21428571428571427,0.42702480863108055
46.0,implicit,0.2857142857142857,0.5676362394256339
46.0,implicit,0.3571428571428571,0.6987178325386928
46.0,implicit,0.42857142857142855,0.8021744817676151
46.0,implicit,0.5,0.8448149793017969
46.0,implicit,0.5714285714285714,0.8021744817676152
46.0,implicit,0.6428571428571428,0.6987178325386931
46.0,implicit,0.7142857142857142,0.5676362394256341
46.0,implicit,0.7857142857142857,0.42702480863107967
46.0,implicit,0.8571428571428571,0.28305489731501116
46.0,implicit,0.9285714285714285,0.14025565128391415
46.0,implicit,1.0,-0.029900735046586746
47.0,implicit,0.0,0.00917607765355023
47.0,implicit,0.07142857142857142,0.14041208241560804
47.0,implicit,0.14285714285714285,0.28307196812991003
47.0,implicit,0.21428571428571427,0.42697850439929086
47.0,implicit,0.2857142857142857,0.5675035268624251
47.0,implicit,0.3571428571428571,0.6983367922785757
47.0,implicit,0.42857142857142855,0.8013433807254511
47.0,implicit,0.5,0.843656172086386
47.0,implicit,0.5714285714285714,0.8013433807254513
47.0,implicit,0.6428571428571428,0.698336792278576
47.0,implicit,0.7142857142857142,0.5675035268624253
47.0,implicit,0.7857142857142857,0.42697850439928997
47.0,implicit,0.8571428571428571,0.28307196812990965
47.0,implicit,0.9285714285714285,0.14041208241560826
47.0,implicit,1.0,0.00917607765355023
48.0,implicit,0.0,-0.021967188783751194
48.0,implicit,0.07142857142857142,0.13759915025087133
48.0,implicit,0.14285714285714285,0.28303140480396505
48.0,implicit,0.21428571428571427,0.42688340387093177
48.0,implicit,0.2857142857142857,0.5672314992579568
48.0,implicit,0.3571428571428571,0.6975666916447095
48.0,implicit,0.42857142857142855,0.7996863481890198
48.0,implicit,0.5,0.8413647136618084
48.0,implicit,0.5714285714285714,0.7996863481890202
48.0,implicit,0.6428571428571428,0.6975666916447097
48.0,implicit,0.7142857142857142,0.567231499257957
48.0,implicit,0.7857142857142857,0.4268834038709308
48.0,implicit,0.8571428571428571,0.2830314048039646
48.0,implicit,0.9285714285714285,0.13759915025087155
48.0,implicit,1.0,-0.021967188783751194
49.0,implicit,0.0,0.14778940447415162
49.0,implicit,0.07142857142857142,0.14023804825034644
49.0,implicit,0.14285714285714285,0.2830306036352547
49.0,implicit,0.21428571428571427,0.4267855056574294
49.0,implicit,0.2857142857142857,0.5669507625951061
49.0,implicit,0.3571428571428571,0.6967863311254333
49.0,implicit,0.42857142857142855,0.798036421930791
49.0,implicit,0.5,0.8391069086024993
49.0,implicit,0.5714285714285714,0.7980364219307914
49.0,implicit,0.6428571428571428,0.6967863311254333
49.0,implicit,0.7142857142857142,0.5669507625951062
49.0,implicit,0.7857142857142857,0.42678550565742834
49.0,implicit,0.8571428571428571,0.28303060363525423
49.0,implicit,0.9285714285714285,0.14023804825034664
49.0,implicit,1.0,0.14778940447415162
50.0,implicit,0.0,-0.05182702182736474
50.0,implicit,0.07142857142857142,0.13958137361529813
50.0,implicit,0.14285714285714285,0.28303401514947024
50.0,implicit,0.21428571428571427,0.42673579336023143
50.0,implicit,0.2857142857142857,0.5668071729482762
50.0,implicit,0.3571428571428571,0.6963924618611742
50.0,implicit,0.42857142857142855,0.7972141949721399
50.0,implicit,0.5,0.8379901891714724
50.0,implicit,0.5714285714285714,0.7972141949721402
50.0,implicit,0.6428571428571428,0.6963924618611742
50.0,implicit,0.7142857142857142,0.5668071729482763
50.0,implicit,0.7857142857142857,0.4267357933602304
50.0,implicit,0.8571428571428571,0.2830340151494698
50.0,implicit,0.9285714285714285,0.13958137361529832
50.0,implicit,1.0,-0.05182702182736474
51.0,implicit,0.0,-0.05017570435845366
51.0,implicit,0.07142857142857142,0.13796502627458718
51.0,implicit,0.14285714285714285,0.2830037003669226
51.0,implicit,0.21428571428571427,0.4266339589704339
51.0,implicit,0.2857142857142857,0.5665136283707191
51.0,implicit,0.3571428571428571,0.6955976524180711
51.0,implicit,0.42857142857142855,0.795575337224756
51.0,implicit,0.5,0.8357802889766174
51.0,implicit,0.5714285714285714,0.7955753372247563
51.0,implicit,0.6428571428571428,0.6955976524180713
51.0,implicit,0.7142857142857142,0.5665136283707191
51.0,implicit,0.7857142857142857,0.42663395897043277
51.0,implicit,0.8571428571428571,0.2830037003669221
51.0,implicit,0.9285714285714285,0.13796502627458732
51.0,implicit,1.0,-0.05017570435845366
52.0,implicit,0.0,0.03287511096596845
52.0,implicit,0.07142857142857142,0.13977680010469382
52.0,implicit,0.14285714285714285,0.28300578683040073
52.0,implicit,0.21428571428571427,0.42652934682402127
52.0,implicit,0.2857142857142857,0.566211705402674
52.0,implicit,0.3571428571428571,0.6947938114626422
52.0,implicit,0.42857142857142855,0.7939440833398155
52.0,implicit,0.5,0.833600727990935
52.0,implicit,0.5714285714285714,0.7939440833398157
52.0,implicit,0.6428571428571428,0.6947938114626424
52.0,implicit,0.7142857142857142,0.566211705402674
52.0,implicit,0.7857142857142857,0.4265293468240201
52.0,implicit,0.8571428571428571,0.28300578683040023
52.0,implicit,0.9285714285714285,0.13977680010469393
52.0,implicit,1.0,0.03287511096596845
53.0,implicit,0.0,-0.05297602037670388
53.0,implicit,0.07142857142857142,0.1391166559232756
53.0,implicit,0.14285714285714285,0.2830002036555223
53.0,implicit,0.21428571428571427,0.4264760222838744
53.0,implicit,0.2857142857142857,0.5660576467587066
53.0,implicit,0.3571428571428571,0.6943886487437086
53.0,implicit,0.42857142857142855,0.7931313544780997
53.0,implicit,0.5,0.8325219500401432
53.0,implicit,0.5714285714285714,0.7931313544780999
53.0,implicit,0.6428571428571428,0.6943886487437089
53.0,implicit,0.7142857142857142,0.5660576467587065
53.0,implicit,0.7857142857142857,0.4264760222838732
53.0,implicit,0.8571428571428571,0.28300020365552175
53.0,implicit,0.9285714285714285,0.13911665592327574
53.0,implicit,1.0,-0.05297602037670388
54.0,implicit,0.0,0.009707754934804039
54.0,implicit,0.07142857142857142,0.1400374543041311
54.0,implicit,0.14285714285714285,0.2830093069426314
54.0,implicit,0.21428571428571427,0.42636755738286447
54.0,implicit,0.2857142857142857,0.5657434284962627
54.0,implicit,0.3571428571428571,0.6935721186290039
54.0,implicit,0.42857142857142855,0.7915117717605261
54.0,implicit,0.5,0.830385688319104
54.0,implicit,0.5714285714285714,0.7915117717605263
54.0,implicit,0.6428571428571428,0.693572118629004
54.0,implicit,0.7142857142857142,0.5657434284962625
54.0,implicit,0.7857142857142857,0.4263675573828633
54.0,implicit,0.8571428571428571,0.28300930694263077
54.0,implicit,0.9285714285714285,0.14003745430413123
54.0,implicit,1.0,0.009707754934804039
55.0,implicit,0.0,-0.07020530938773524
55.0,implicit,0.07142857142857142,0.14043623507731245
55.0,implicit,0.14285714285714285,0.283039860606645
55.0,implicit,0.21428571428571427,0.4262571381786969
55.0,implicit,0.2857142857142857,0.5654212140577454
55.0,implicit,0.3571428571428571,0.692747676703095
55.0,implicit,0.42857142857142855,0.7899001100632462
55.0,implicit,0.5,0.8282769189149619
55.0,implicit,0.5714285714285714,0.7899001100632465
55.0,implicit,0.6428571428571428,0.6927476767030951
55.0,implicit,0.7142857142857142,0.5654212140577451
55.0,implicit,0.7857142857142857,0.4262571381786959
55.0,implicit,0.8571428571428571,0.28303986060664427
55.0,implicit,0.9285714285714285,0.14043623507731257
55.0,implicit,1.0,-0.07020530938773524
56.0,implicit,0.0,-0.032766214659776825
56.0,implicit,0.07142857142857142,0.140028430581227
56.0,implicit,0.14285714285714285,0.2830418553924019
56.0,implicit,0.21428571428571427,0.4262009557782884
56.0,implicit,0.2857142857142857,0.5652571576750582
56.0,implicit,0.3571428571428571,0.6923326204121966
56.0,implicit,0.42857142857142855,0.7890972773375202
56.0,implicit,0.5,0.8272325208977732
56.0,implicit,0.5714285714285714,0.7890972773375203
56.0,implicit,0.6428571428571428,0.6923326204121968
56.0,implicit,0.7142857142857142,0.5652571576750581
56.0,implicit,0.7857142857142857,0.4262009557782874
56.0,implicit,0.8571428571428571,0.28304185539240123
56.0,implicit,0.9285714285714285,0.14002843058122708
56.0,implicit,1.0,-0.032766214659776825
57.0,implicit,0.0,-0.14635149481321186
57.0,implicit,0.07142857142857142,0.1376470823981408
57.0,implicit,0.14285714285714285,0.28300541007348773
57.0,implicit,0.21428571428571427,0.4260858858512423
57.0,implicit,0.2857142857142857,0.5649232308060596
57.0,implicit,0.3571428571428571,0.6914970913303295
57.0,implicit,0.42857142857142855,0.7874976526200395
57.0,implicit,0.5,0.8251630843807813
57.0,implicit,0.5714285714285714,0.7874976526200395
57.0,implicit,0.6428571428571428,0.6914970913303298
57.0,implicit,0.7142857142857142,0.5649232308060593
57.0,implicit,0.7857142857142857,0.4260858858512413
57.0,implicit,0.8571428571428571,0.2830054100734871
57.0,implicit,0.9285714285714285,0.13764708239814086
57.0,implicit,1.0,-0.14635149481321186
58.0,implicit,0.0,0.026105527217988936
58.0,implicit,0.07142857142857142,0.13858110337023768
58.0,implicit,0.14285714285714285,0.28296204096813954
58.0,implicit,0.21428571428571427,0.42596663343412516
58.0,implicit,0.2857142857142857,0.5645816461043652
58.0,implicit,0.3571428571428571,0.6906546668055893
58.0,implicit,0.42857142857142855,0.7859061282429212
58.0,implicit,0.5,0.823118682100034
58.0,implicit,0.5714285714285714,0.7859061282429212
58.0,implicit,0.6428571428571428,0.6906546668055895
58.0,implicit,0.7142857142857142,0.564581646104365
58.0,implicit,0.7857142857142857,0.4259666334341242
58.0,implicit,0.8571428571428571,0.28296204096813893
58.0,implicit,0.9285714285714285,0.13858110337023774
58.0,implicit,1.0,0.026105527217988936
59.0,implicit,0.0,0.000511345664246089
59.0,implicit,0.07142857142857142,0.1386649803823946
59.0,implicit,0.14285714285714285,0.28294400070079906
59.0,implicit,0.21428571428571427,0.4259055731160128
59.0,implicit,0.2857142857142857,0.5644080215865996
59.0,implicit,0.3571428571428571,0.690230987400095
59.0,implicit,0.42857142857142855,0.7851134170308828
59.0,implicit,0.5,0.8221055890271305
59.0,implicit,0.5714285714285714,0.7851134170308828
59.0,implicit,0.6428571428571428,0.6902309874000953
59.0,implicit,0.7142857142857142,0.5644080215865995
59.0,implicit,0.7857142857142857,0.4259055731160119
59.0,implicit,0.8571428571428571,0.28294400070079845
59.0,implicit,0.9285714285714285,0.13866498038239466
59.0,implicit,1.0,0.000511345664246089
60.0,implicit,0.0,-0.023458713337514692
60.0,implicit,0.07142857142857142,0.13842685340682276
60.0,implicit,0.14285714285714285,0.2829224403498908
60.0,implicit,0.21428571428571427,0.4258435140909022
60.0,implicit,0.2857142857142857,0.5642325301321548
60.0,implicit,0.3571428571428571,0.6898057245271505
60.0,implicit,0.42857142857142855,0.784322744992347
60.0,implicit,0.5,0.821098424954032
60.0,implicit,0.5714285714285714,0.784322744992347
60.0,implicit,0.6428571428571428,0.6898057245271507
60.0,implicit,0.7142857142857142,0.5642325301321547
60.0,implicit,0.7857142857142857,0.42584351409090127
60.0,implicit,0.8571428571428571,0.28292244034989017
60.0,implicit,0.9285714285714285,0.13842685340682284
60.0,implicit,1.0,-0.023458713337514692
1.0,crank_nicolson,0.0,0.06476885381006925
1.0,crank_nicolson,0.07142857142857142,0.14352153812331883
1.0,crank_nicolson,0.14285714285714285,0.2857262321191978
1.0,crank_nicolson,0.21428571428571427,0.42857161884060874
1.0,crank_nicolson,0.2857142857142857,0.5714285357470007
1.0,crank_nicolson,0.3571428571428571,0.7142824665480206
1.0,crank_nicolson,0.42857142857142855,0.8569151164102211
1.0,crank_nicolson,0.5,0.9887249020283407
1.0,crank_nicolson,0.5714285714285714,0.856915116410221
1.0,crank_nicolson,0.6428571428571428,0.714282466548021
1.0,crank_nicolson,0.7142857142857142,0.5714285357470009
1.0,crank_nicolson,0.7857142857142857,0.4285716188406091
1.0,crank_nicolson,0.8571428571428571,0.2857262321191978
1.0,crank_nicolson,0.9285714285714285,0.14352153812331897
1.0,crank_nicolson,1.0,0.06476885381006925
2.0,crank_nicolson,0.0,0.15230298564080255
2.0,crank_nicolson,0.07142857142857142,0.1445325367789269
2.0,crank_nicolson,0.14285714285714285,0.28574171706005236
2.0,crank_nicolson,0.21428571428571427,0.42857187873331065
2.0,crank_nicolson,0.2857142857142857,0.5714284692039964
2.0,crank_nicolson,0.3571428571428571,0.7142783267509363
2.0,crank_nicolson,0.42857142857142855,0.8567448215376207
2.0,crank_nicolson,0.5,0.9851615311117587
2.0,crank_nicolson,0.5714285714285714,0.8567448215376205
2.0,crank_nicolson,0.6428571428571428,0.7142783267509366
2.0,crank_nicolson,0.7142857142857142,0.5714284692039965
2.0,crank_nicolson,0.7857142857142857,0.4285718787333112
2.0,crank_nicolson,0.8571428571428571,0.28574171706005236
2.0,crank_nicolson,0.9285714285714285,0.14453253677892705
2.0,crank_nicolson,1.0,0.15230298564080255
3.0,crank_nicolson,0.0,-0.023413695694918055
3.0,crank_nicolson,0.07142857142857142,0.14413247315203997
3.0,crank_nicolson,0.14285714285714285,0.28577952799800055
3.0,crank_nicolson,0.21428571428571427,0.42857310785605013
3.0,crank_nicolson,0.2857142857142857,0.5714281068864012
3.0,crank_nicolson,0.3571428571428571,0.7142621072104945
3.0,crank_nicolson,0.42857142857142855,0.8562775867515335
3.0,crank_nicolson,0.5,0.9783044656224053
3.0,crank_nicolson,0.5714285714285714,0.8562775867515334
3.0,crank_nicolson,0.6428571428571428,0.7142621072104949
3.0,crank_nicolson,0.7142857142857142,0.5714281068864012
3.0,crank_nicolson,0.7857142857142857,0.4285731078560508
3.0,crank_nicolson,0.8571428571428571,0.2857795279980006
3.0,crank_nicolson,0.9285714285714285,0.14413247315204006
3.0,crank_nicolson,1.0,-0.023413695694918055
4.0,crank_nicolson,0.0,0.07674347291529088
4.0,crank_nicolson,0.07142857142857142,0.14562305158383085
4.0,crank_nicolson,0.14285714285714285,0.2858339495233951
4.0,crank_nicolson,0.21428571428571427,0.4285754008391667
4.0,crank_nicolson,0.2857142857142857,0.5714272000039303
4.0,crank_nicolson,0.3571428571428571,0.7142321894970197
4.0,crank_nicolson,0.42857142857142855,0.8556564523690943
4.0,crank_nicolson,0.5,0.971783813630399
4.0,crank_nicolson,0.5714285714285714,0.8556564523690942
4.0,crank_nicolson,0.6428571428571428,0.7142321894970202
4.0,crank_nicolson,0.7142857142857142,0.5714272000039304
4.0,crank_nicolson,0.7857142857142857,0.4285754008391675
4.0,crank_nicolson,0.8571428571428571,0.2858339495233951
4.0,crank_nicolson,0.9285714285714285,0.14562305158383093
4.0,crank_nicolson,1.0,0.07674347291529088
5.0,crank_nicolson,0.0,-0.04694743859349521
5.0,crank_nicolson,0.07142857142857142,0.145233063715259
5.0,crank_nicolson,0.14285714285714285,0.28586551059562637
5.0,crank_nicolson,0.21428571428571427,0.4285770994716683
5.0,crank_nicolson,0.2857142857142857,0.5714264365812626
5.0,crank_nicolson,0.3571428571428571,0.7142110806254753
5.0,crank_nicolson,0.42857142857142855,0.8552933663197089
5.0,crank_nicolson,0.5,0.9686415263773986
5.0,crank_nicolson,0.5714285714285714,0.8552933663197086
5.0,crank_nicolson,0.6428571428571428,0.7142110806254757
5.0,crank_nicolson,0.7142857142857142,0.5714264365812627
5.0,crank_nicolson,0.7857142857142857,0.4285770994716692
5.0,crank_nicolson,0.8571428571428571,0.2858655105956263
5.0,crank_nicolson,0.9285714285714285,0.14523306371525904
5.0,crank_nicolson,1.0,-0.04694743859349521
6.0,crank_nicolson,0.0,-0.046341769281246226
6.0,crank_nicolson,0.07142857142857142,0.1451548031975845
6.0,crank_nicolson,0.14285714285714285,0.28592451016883214
6.0,crank_nicolson,0.21428571428571427,0.4285815411592959
6.0,crank_nicolson,0.2857142857142857,0.5714240479443754
6.0,crank_nicolson,0.3571428571428571,0.7141548589228673
6.0,crank_nicolson,0.42857142857142855,0.8544716473827556
6.0,crank_nicolson,0.5,0.9625780226560782
6.0,crank_nicolson,0.5714285714285714,0.8544716473827555
6.0,crank_nicolson,0.6428571428571428,0.7141548589228678
6.0,crank_nicolson,0.7142857142857142,0.5714240479443754
6.0,crank_nicolson,0.7857142857142857,0.42858154115929714
6.0,crank_nicolson,0.8571428571428571,0.2859245101688321
6.0,crank_nicolson,0.9285714285714285,0.14515480319758456
6.0,crank_nicolson,1.0,-0.046341769281246226
7.0,crank_nicolson,0.0,0.02419622715660341
7.0,crank_nicolson,0.07142857142857142,0.14489589544800788
7.0,crank_nicolson,0.14285714285714285,0.28596815530708575
7.0,crank_nicolson,0.21428571428571427,0.42858703614184374
7.0,crank_nicolson,0.2857142857142857,0.571420149178703
7.0,crank_nicolson,0.3571428571428571,0.7140780742347642
7.0,crank_nicolson,0.42857142857142855,0.853534097264365
7.0,crank_nicolson,0.5,0.9567907720824834
7.0,crank_nicolson,0.5714285714285714,0.8535340972643649
7.0,crank_nicolson,0.6428571428571428,0.7140780742347644
7.0,crank_nicolson,0.7142857142857142,0.5714201491787029
7.0,crank_nicolson,0.7857142857142857,0.4285870361418452
7.0,crank_nicolson,0.8571428571428571,0.2859681553070857
7.0,crank_nicolson,0.9285714285714285,0.1448958954480079
7.0,crank_nicolson,1.0,0.02419622715660341
8.0,crank_nicolson,0.0,-0.1913280244657798
8.0,crank_nicolson,0.07142857142857142,0.14355205950613917
8.0,crank_nicolson,0.14285714285714285,0.28597999108288197
8.0,crank_nicolson,0.21428571428571427,0.4285899920310499
8.0,crank_nicolson,0.2857142857142857,0.571417487199271
8.0,crank_nicolson,0.3571428571428571,0.7140313713183503
8.0,crank_nicolson,0.42857142857142855,0.8530258994258128
8.0,crank_nicolson,0.5,0.9539942485758789
8.0,crank_nicolson,0.5714285714285714,0.8530258994258125
8.0,crank_nicolson,0.6428571428571428,0.7140313713183505
8.0,crank_nicolson,0.7142857142857142,0.571417487199271
8.0,crank_nicolson,0.7857142857142857,0.4285899920310514
8.0,crank_nicolson,0.8571428571428571,0.2859799910828819
8.0,crank_nicolson,0.9285714285714285,0.14355205950613922
8.0,crank_nicolson,1.0,-0.1913280244657798
9.0,crank_nicolson,0.0,-0.05622875292409727
9.0,crank_nicolson,0.07142857142857142,0.14200853782022133
9.0,crank_nicolson,0.14285714285714285,0.28595876570347023
9.0,crank_nicolson,0.21428571428571427,0.42859548143184095
9.0,crank_nicolson,0.2857142857142857,0.5714104200911255
9.0,crank_nicolson,0.3571428571428571,0.7139203744058398
9.0,crank_nicolson,0.42857142857142855,0.8519379917311675
9.0,crank_nicolson,0.5,0.9485833869069239
9.0,crank_nicolson,0.5714285714285714,0.8519379917311674
9.0,crank_nicolson,0.6428571428571428,0.7139203744058398
9.0,crank_nicolson,0.7142857142857142,0.5714104200911256
9.0,crank_nicolson,0.7857142857142857,0.4285954814318427
9.0,crank_nicolson,0.8571428571428571,0.28595876570347006
9.0,crank_nicolson,0.9285714285714285,0.14200853782022138
9.0,crank_nicolson,1.0,-0.05622875292409727
10.0,crank_nicolson,0.0,0.03142473325952739
10.0,crank_nicolson,0.07142857142857142,0.141606323575931
10.0,crank_nicolson,0.14285714285714285,0.28591232990517956
10.0,crank_nicolson,0.21428571428571427,0.42859949525664065
10.0,crank_nicolson,0.2857142857142857,0.5714005724565944
10.0,crank_nicolson,0.3571428571428571,0.7137848979897194
10.0,crank_nicolson,0.42857142857142855,0.850763668213275
10.0,crank_nicolson,0.5,0.9434006008806675
10.0,crank_nicolson,0.5714285714285714,0.8507636682132748
10.0,crank_nicolson,0.6428571428571428,0.7137848979897196
10.0,crank_nicolson,0.7142857142857142,0.5714005724565945
10.0,crank_nicolson,0.7857142857142857,0.4285994952566425
10.0,crank_nicolson,0.8571428571428571,0.2859123299051793
10.0,crank_nicolson,0.9285714285714285,0.14160632357593106
10.0,crank_nicolson,1.0,0.03142473325952739
11.0,crank_nicolson,0.0,-0.0908024075521211
11.0,crank_nicolson,0.07142857142857142,0.14102932170056223
11.0,crank_nicolson,0.14285714285714285,0.2858865737642103
11.0,crank_nicolson,0.21428571428571427,0.4286008185720434
11.0,crank_nicolson,0.2857142857142857,0.5713944301640905
11.0,crank_nicolson,0.3571428571428571,0.7137076725292276
11.0,crank_nicolson,0.42857142857142855,0.850147200437276
11.0,crank_nicolson,0.5,0.9408895256204549
11.0,crank_nicolson,0.5714285714285714,0.8501472004372758
11.0,crank_nicolson,0.6428571428571428,0.7137076725292278
11.0,crank_nicolson,0.7142857142857142,0.5713944301640907
11.0,crank_nicolson,0.7857142857142857,0.42860081857204524
11.0,crank_nicolson,0.8571428571428571,0.2858865737642101
11.0,crank_nicolson,0.9285714285714285,0.14102932170056226
11.0,crank_nicolson,1.0,-0.0908024075521211
12.0,crank_nicolson,0.0,0.14656487689215542
12.0,crank_nicolson,0.07142857142857142,0.14119221792716596
12.0,crank_nicolson,0.14285714285714285,0.2858185506305876
12.0,crank_nicolson,0.21428571428571427,0.4286018117289951
12.0,crank_nicolson,0.2857142857142857,0.5713793551752568
12.0,crank_nicolson,0.3571428571428571,0.7135337917240633
12.0,crank_nicolson,0.42857142857142855,0.8488613146072183
12.0,crank_nicolson,0.5,0.9360183553385217
12.0,crank_nicolson,0.5714285714285714,0.848861314607218
12.0,crank_nicolson,0.6428571428571428,0.7135337917240635
12.0,crank_nicolson,0.7142857142857142,0.571379355175257
12.0,crank_nicolson,0.7857142857142857,0.428601811728997
12.0,crank_nicolson,0.8571428571428571,0.2858185506305874
12.0,crank_nicolson,0.9285714285714285,0.141192217927166
12.0,crank_nicolson,1.0,0.14656487689215542
13.0,crank_nicolson,0.0,0.006752820468792384
13.0,crank_nicolson,0.07142857142857142,0.14118029608444882
13.0,crank_nicolson,0.14285714285714285,0.2857679212273611
13.0,crank_nicolson,0.21428571428571427,0.42860072502175817
13.0,crank_nicolson,0.2857142857142857,0.5713600947271578
13.0,crank_nicolson,0.3571428571428571,0.7133335832131101
13.0,crank_nicolson,0.42857142857142855,0.8475117228405014
13.0,crank_nicolson,0.5,0.9313365575250521
13.0,crank_nicolson,0.5714285714285714,0.8475117228405011
13.0,crank_nicolson,0.6428571428571428,0.7133335832131102
13.0,crank_nicolson,0.7142857142857142,0.5713600947271579
13.0,crank_nicolson,0.7857142857142857,0.42860072502176016
13.0,crank_nicolson,0.8571428571428571,0.28576792122736083
13.0,crank_nicolson,0.9285714285714285,0.1411802960844488
13.0,crank_nicolson,1.0,0.006752820468792384
14.0,crank_nicolson,0.0,-0.14247481862134567
14.0,crank_nicolson,0.07142857142857142,0.1402638203408347
14.0,crank_nicolson,0.14285714285714285,0.2857380178234897
14.0,crank_nicolson,0.21428571428571427,0.4285994542918038
14.0,crank_nicolson,0.2857142857142857,0.5713487266556694
14.0,crank_nicolson,0.3571428571428571,0.713223501081289
14.0,crank_nicolson,0.42857142857142855,0.8468154287368136
14.0,crank_nicolson,0.5,0.9290624780882195
14.0,crank_nicolson,0.5714285714285714,0.8468154287368134
14.0,crank_nicolson,0.6428571428571428,0.7132235010812891
14.0,crank_nicolson,0.7142857142857142,0.5713487266556695
14.0,crank_nicolson,0.7857142857142857,0.4285994542918059
14.0,crank_nicolson,0.8571428571428571,0.2857380178234895
14.0,crank_nicolson,0.9285714285714285,0.14026382034083462
14.0,crank_nicolson,1.0,-0.14247481862134567
15.0,crank_nicolson,0.0,0.01109225897098661
15.0,crank_nicolson,0.07142857142857142,0.1401188515424312
15.0,crank_nicolson,0.14285714285714285,0.2856633847646015
15.0,crank_nicolson,0.21428571428571427,0.4285951162107927
15.0,crank_nicolson,0.2857142857142857,0.5713221872493724
15.0,crank_nicolson,0.3571428571428571,0.7129832803390925
15.0,crank_nicolson,0.42857142857142855,0.8453842099961881
15.0,crank_nicolson,0.5,0.9246401750382114
15.0,crank_nicolson,0.5714285714285714,0.845384209996188
15.0,crank_nicolson,0.6428571428571428,0.7129832803390926
15.0,crank_nicolson,0.7142857142857142,0.5713221872493726
15.0,crank_nicolson,0.7857142857142857,0.428595116210795
15.0,crank_nicolson,0.8571428571428571,0.2856633847646014
15.0,crank_nicolson,0.9285714285714285,0.14011885154243112
15.0,crank_nicolson,1.0,0.01109225897098661
16.0,crank_nicolson,0.0,0.0375698018345672
16.0,crank_nicolson,0.07142857142857142,0.13975972486374455
16.0,crank_nicolson,0.14285714285714285,0.2855818479864374
16.0,crank_nicolson,0.21428571428571427,0.4285881566520679
16.0,crank_nicolson,0.2857142857142857,0.5712901507197568
16.0,crank_nicolson,0.3571428571428571,0.7127163094489529
16.0,crank_nicolson,0.42857142857142855,0.8439067976543827
16.0,crank_nicolson,0.5,0.9203760474771643
16.0,crank_nicolson,0.5714285714285714,0.8439067976543827
16.0,crank_nicolson,0.6428571428571428,0.712716309448953
16.0,crank_nicolson,0.7142857142857142,0.5712901507197569
16.0,crank_nicolson,0.7857142857142857,0.42858815665207023
16.0,crank_nicolson,0.8571428571428571,0.28558184798643726
16.0,crank_nicolson,0.9285714285714285,0.13975972486374447
16.0,crank_nicolson,1.0,0.0375698018345672
17.0,crank_nicolson,0.0,-0.0600638689918805
17.0,crank_nicolson,0.07142857142857142,0.13943566361919246
17.0,crank_nicolson,0.14285714285714285,0.28554159172219795
17.0,crank_nicolson,0.21428571428571427,0.4285836508040153
17.0,crank_nicolson,0.2857142857142857,0.5712719167122019
17.0,crank_nicolson,0.3571428571428571,0.7125728251617235
17.0,crank_nicolson,0.42857142857142855,0.8431526112246086
17.0,crank_nicolson,0.5,0.9182999099221824
17.0,crank_nicolson,0.5714285714285714,0.8431526112246086
17.0,crank_nicolson,0.6428571428571428,0.7125728251617236
17.0,crank_nicolson,0.7142857142857142,0.571271916712202
17.0,crank_nicolson,0.7857142857142857,0.4285836508040176
17.0,crank_nicolson,0.8571428571428571,0.2855415917221979
17.0,crank_nicolson,0.9285714285714285,0.13943566361919238
17.0,crank_nicolson,1.0,-0.0600638689918805
18.0,crank_nicolson,0.0,-0.060170661222939695
18.0,crank_nicolson,0.07142857142857142,0.1390141986699869
18.0,crank_nicolson,0.14285714285714285,0.2854555146813382
18.0,crank_nicolson,0.21428571428571427,0.42857253661544054
18.0,crank_nicolson,0.2857142857142857,0.5712307240197703
18.0,crank_nicolson,0.3571428571428571,0.7122659962825496
18.0,crank_nicolson,0.42857142857142855,0.8416166391622364
18.0,crank_nicolson,0.5,0.9142531906649555
18.0,crank_nicolson,0.5714285714285714,0.8416166391622365
18.0,crank_nicolson,0.6428571428571428,0.7122659962825497
18.0,crank_nicolson,0.7142857142857142,0.5712307240197703
18.0,crank_nicolson,0.7857142857142857,0.428572536615443
18.0,crank_nicolson,0.8571428571428571,0.2854555146813382
18.0,crank_nicolson,0.9285714285714285,0.13901419866998685
18.0,crank_nicolson,1.0,-0.060170661222939695
19.0,crank_nicolson,0.0,-0.0013497224737933921
19.0,crank_nicolson,0.07142857142857142,0.14041940027686864
19.0,crank_nicolson,0.14285714285714285,0.2853942317948552
19.0,crank_nicolson,0.21428571428571427,0.4285587858638399
19.0,crank_nicolson,0.2857142857142857,0.5711828645307219
19.0,crank_nicolson,0.3571428571428571,0.7119329527439047
19.0,crank_nicolson,0.42857142857142855,0.8400479565069549
19.0,crank_nicolson,0.5,0.9103394097329525
19.0,crank_nicolson,0.5714285714285714,0.840047956506955
19.0,crank_nicolson,0.6428571428571428,0.7119329527439046
19.0,crank_nicolson,0.7142857142857142,0.5711828645307219
19.0,crank_nicolson,0.7857142857142857,0.42855878586384255
19.0,crank_nicolson,0.8571428571428571,0.28539423179485535
19.0,crank_nicolson,0.9285714285714285,0.1404194002768686
19.0,crank_nicolson,1.0,-0.0013497224737933921
20.0,crank_nicolson,0.0,-0.10577109289559004
20.0,crank_nicolson,0.07142857142857142,0.13976634392655146
20.0,crank_nicolson,0.14285714285714285,0.28536531519292035
20.0,crank_nicolson,0.21428571428571427,0.4285511102457144
20.0,crank_nicolson,0.2857142857142857,0.5711563078457422
20.0,crank_nicolson,0.3571428571428571,0.711756723120562
20.0,crank_nicolson,0.42857142857142855,0.8392527652896778
20.0,crank_nicolson,0.5,0.9084296221853578
20.0,crank_nicolson,0.5714285714285714,0.8392527652896781
20.0,crank_nicolson,0.6428571428571428,0.7117567231205619
20.0,crank_nicolson,0.7142857142857142,0.5711563078457423
20.0,crank_nicolson,0.7857142857142857,0.4285511102457171
20.0,crank_nicolson,0.8571428571428571,0.2853653151929205
20.0,crank_nicolson,0.9285714285714285,0.13976634392655143
20.0,crank_nicolson,1.0,-0.10577109289559004
21.0,crank_nicolson,0.0,-0.12208436499710223
21.0,crank_nicolson,0.07142857142857142,0.13963700327132367
21.0,crank_nicolson,0.14285714285714285,0.28530835237570273
21.0,crank_nicolson,0.21428571428571427,0.4285340996392873
21.0,crank_nicolson,0.2857142857142857,0.5710977089130534
21.0,crank_nicolson,0.3571428571428571,0.7113851397338073
21.0,crank_nicolson,0.42857142857142855,0.8376432655390447
21.0,crank_nicolson,0.5,0.9046991393846368
21.0,crank_nicolson,0.5714285714285714,0.8376432655390448
21.0,crank_nicolson,0.6428571428571428,0.7113851397338072
21.0,crank_nicolson,0.7142857142857142,0.5710977089130539
21.0,crank_nicolson,0.7857142857142857,0.4285340996392901
21.0,crank_nicolson,0.8571428571428571,0.28530835237570296
21.0,crank_nicolson,0.9285714285714285,0.13963700327132367
21.0,crank_nicolson,1.0,-0.12208436499710223
22.0,crank_nicolson,0.0,-0.19596701238797756
22.0,crank_nicolson,0.07142857142857142,0.13861060121517912
22.0,crank_nicolson,0.14285714285714285,0.2852389474600082
22.0,crank_nicolson,0.21428571428571427,0.4285146873561128
22.0,crank_nicolson,0.2857142857142857,0.5710315081281332
22.0,crank_nicolson,0.3571428571428571,0.7109884979051763
22.0,crank_nicolson,0.42857142857142855,0.8360114143276856
22.0,crank_nicolson,0.5,0.9010811007219768
22.0,crank_nicolson,0.5714285714285714,0.8360114143276854
22.0,crank_nicolson,0.6428571428571428,0.7109884979051762
22.0,crank_nicolson,0.7142857142857142,0.5710315081281337
22.0,crank_nicolson,0.7857142857142857,0.4285146873561157
22.0,crank_nicolson,0.8571428571428571,0.2852389474600086
22.0,crank_nicolson,0.9285714285714285,0.13861060121517915
22.0,crank_nicolson,1.0,-0.19596701238797756
23.0,crank_nicolson,0.0,-0.13281860488984307
23.0,crank_nicolson,0.07142857142857142,0.1378214841180507
23.0,crank_nicolson,0.14285714285714285,0.2851882561734074
23.0,crank_nicolson,0.21428571428571427,0.4285038497020194
23.0,crank_nicolson,0.2857142857142857,0.5709954540317543
23.0,crank_nicolson,0.3571428571428571,0.7107809592259402
23.0,crank_nicolson,0.42857142857142855,0.835188193436268
23.0,crank_nicolson,0.5,0.8993120096482244
23.0,crank_nicolson,0.5714285714285714,0.8351881934362679
23.0,crank_nicolson,0.6428571428571428,0.7107809592259401
23.0,crank_nicolson,0.7142857142857142,0.5709954540317551
23.0,crank_nicolson,0.7857142857142857,0.4285038497020224
23.0,crank_nicolson,0.8571428571428571,0.28518825617340776
23.0,crank_nicolson,0.9285714285714285,0.13782148411805076
23.0,crank_nicolson,1.0,-0.13281860488984307
24.0,crank_nicolson,0.0,0.07384665799954104
24.0,crank_nicolson,0.07142857142857142,0.138702654062229
24.0,crank_nicolson,0.14285714285714285,0.28508940082346107
24.0,crank_nicolson,0.21428571428571427,0.4284794787691077
24.0,crank_nicolson,0.2857142857142857,0.570917238928354
24.0,crank_nicolson,0.3571428571428571,0.7103478317490549
24.0,crank_nicolson,0.42857142857142855,0.8335291397650607
24.0,crank_nicolson,0.5,0.8958495143489114
24.0,crank_nicolson,0.5714285714285714,0.8335291397650605
24.0,crank_nicolson,0.6428571428571428,0.7103478317490549
24.0,crank_nicolson,0.7142857142857142,0.5709172389283547
24.0,crank_nicolson,0.7857142857142857,0.4284794787691108
24.0,crank_nicolson,0.8571428571428571,0.28508940082346146
24.0,crank_nicolson,0.9285714285714285,0.13870265406222906
24.0,crank_nicolson,1.0,0.07384665799954104
25.0,crank_nicolson,0.0,-0.011564828238824054
25.0,crank_nicolson,0.07142857142857142,0.13894092391863372
25.0,crank_nicolson,0.14285714285714285,0.2850137007790861
25.0,crank_nicolson,0.21428571428571427,0.4284519178722035
25.0,crank_nicolson,0.2857142857142857,0.5708306393220036
25.0,crank_nicolson,0.3571428571428571,0.7098911801514165
25.0,crank_nicolson,0.42857142857142855,0.8318556720670178
25.0,crank_nicolson,0.5,0.8924827529235381
25.0,crank_nicolson,0.5714285714285714,0.8318556720670176
25.0,crank_nicolson,0.6428571428571428,0.7098911801514165
25.0,crank_nicolson,0.7142857142857142,0.5708306393220042
25.0,crank_nicolson,0.7857142857142857,0.42845191787220677
25.0,crank_nicolson,0.8571428571428571,0.2850137007790865
25.0,crank_nicolson,0.9285714285714285,0.13894092391863375
25.0,crank_nicolson,1.0,-0.011564828238824054
26.0,crank_nicolson,0.0,-0.03011036955892888
26.0,crank_nicolson,0.07142857142857142,0.13883364668210268
26.0,crank_nicolson,0.14285714285714285,0.2849772871528526
26.0,crank_nicolson,0.21428571428571427,0.4284370456379903
26.0,crank_nicolson,0.2857142857142857,0.5707841153514318
26.0,crank_nicolson,0.3571428571428571,0.709654243825781
26.0,crank_nicolson,0.42857142857142855,0.8310143636087828
26.0,crank_nicolson,0.5,0.8908334422283531
26.0,crank_nicolson,0.5714285714285714,0.8310143636087826
26.0,crank_nicolson,0.6428571428571428,0.7096542438257809
26.0,crank_nicolson,0.7142857142857142,0.5707841153514325
26.0,crank_nicolson,0.7857142857142857,0.4284370456379936
26.0,crank_nicolson,0.8571428571428571,0.2849772871528529
26.0,crank_nicolson,0.9285714285714285,0.13883364668210274
26.0,crank_nicolson,1.0,-0.03011036955892888
27.0,crank_nicolson,0.0,-0.07198442083947086
27.0,crank_nicolson,0.07142857142857142,0.13756944318904366
27.0,crank_nicolson,0.14285714285714285,0.28488479701639785
27.0,crank_nicolson,0.21428571428571427,0.4284048781358767
27.0,crank_nicolson,0.2857142857142857,0.5706844765567666
27.0,crank_nicolson,0.3571428571428571,0.7091635860224703
27.0,crank_nicolson,0.42857142857142855,0.8293241081441559
27.0,crank_nicolson,0.5,0.8875995462442162
27.0,crank_nicolson,0.5714285714285714,0.8293241081441557
27.0,crank_nicolson,0.6428571428571428,0.7091635860224703
27.0,crank_nicolson,0.7142857142857142,0.5706844765567674
27.0,crank_nicolson,0.7857142857142857,0.42840487813588013
27.0,crank_nicolson,0.8571428571428571,0.2848847970163981
27.0,crank_nicolson,0.9285714285714285,0.13756944318904377
27.0,crank_nicolson,1.0,-0.07198442083947086
28.0,crank_nicolson,0.0,0.10571222262189157
28.0,crank_nicolson,0.07142857142857142,0.13823909762410702
28.0,crank_nicolson,0.14285714285714285,0.2847852976873444
28.0,crank_nicolson,0.21428571428571427,0.4283690020101554
28.0,crank_nicolson,0.2857142857142857,0.5705758717707934
28.0,crank_nicolson,0.3571428571428571,0.7086511426062673
28.0,crank_nicolson,0.42857142857142855,0.8276254989535751
28.0,crank_nicolson,0.5,0.8844477006261022
28.0,crank_nicolson,0.5714285714285714,0.8276254989535748
28.0,crank_nicolson,0.6428571428571428,0.7086511426062673
28.0,crank_nicolson,0.7142857142857142,0.5705758717707943
28.0,crank_nicolson,0.7857142857142857,0.4283690020101588
28.0,crank_nicolson,0.8571428571428571,0.2847852976873447
28.0,crank_nicolson,0.9285714285714285,0.13823909762410716
28.0,crank_nicolson,1.0,0.10571222262189157
29.0,crank_nicolson,0.0,0.03436182895684614
29.0,crank_nicolson,0.07142857142857142,0.13858314369305097
29.0,crank_nicolson,0.14285714285714285,0.28474747297308295
29.0,crank_nicolson,0.21428571428571427,0.4283497578576201
29.0,crank_nicolson,0.2857142857142857,0.5705181464068617
29.0,crank_nicolson,0.3571428571428571,0.7083869772650744
29.0,crank_nicolson,0.42857142857142855,0.8267736940695469
29.0,crank_nicolson,0.5,0.8829010435672823
29.0,crank_nicolson,0.5714285714285714,0.8267736940695467
29.0,crank_nicolson,0.6428571428571428,0.7083869772650744
29.0,crank_nicolson,0.7142857142857142,0.5705181464068627
29.0,crank_nicolson,0.7857142857142857,0.4283497578576236
29.0,crank_nicolson,0.8571428571428571,0.2847474729730832
29.0,crank_nicolson,0.9285714285714285,0.1385831436930511
29.0,crank_nicolson,1.0,0.03436182895684614
30.0,crank_nicolson,0.0,0.0324083969394795
30.0,crank_nicolson,0.07142857142857142,0.1378443119652082
30.0,crank_nicolson,0.14285714285714285,0.28465914804458187
30.0,crank_nicolson,0.21428571428571427,0.42830875770078514
30.0,crank_nicolson,0.2857142857142857,0.5703957494264065
30.0,crank_nicolson,0.3571428571428571,0.7078432157608544
30.0,crank_nicolson,0.42857142857142855,0.8250662317311513
30.0,crank_nicolson,0.5,0.8798634519963837
30.0,crank_nicolson,0.5714285714285714,0.8250662317311511
30.0,crank_nicolson,0.6428571428571428,0.7078432157608544
30.0,crank_nicolson,0.7142857142857142,0.5703957494264076
30.0,crank_nicolson,0.7857142857142857,0.4283087577007887
30.0,crank_nicolson,0.8571428571428571,0.2846591480445823
30.0,crank_nicolson,0.9285714285714285,0.13784431196520835
30.0,crank_nicolson,1.0,0.0324083969394795
31.0,crank_nicolson,0.0,-0.06769220003059588
31.0,crank_nicolson,0.07142857142857142,0.137371929861688
31.0,crank_nicolson,0.14285714285714285,0.28456915120889104
31.0,crank_nicolson,0.21428571428571427,0.4282641667028469
31.0,crank_nicolson,0.2857142857142857,0.570263974626381
31.0,crank_nicolson,0.3571428571428571,0.7072794911147493
31.0,crank_nicolson,0.42857142857142855,0.8233550213714205
31.0,crank_nicolson,0.5,0.8768966551688455
31.0,crank_nicolson,0.5714285714285714,0.8233550213714201
31.0,crank_nicolson,0.6428571428571428,0.7072794911147494
31.0,crank_nicolson,0.7142857142857142,0.5702639746263822
31.0,crank_nicolson,0.7857142857142857,0.42826416670285067
31.0,crank_nicolson,0.8571428571428571,0.2845691512088915
31.0,crank_nicolson,0.9285714285714285,0.13737192986168814
31.0,crank_nicolson,1.0,-0.06769220003059588
32.0,crank_nicolson,0.0,0.06116762888408679
32.0,crank_nicolson,0.07142857142857142,0.13791749526002528
32.0,crank_nicolson,0.14285714285714285,0.28452536713579707
32.0,crank_nicolson,0.21428571428571427,0.42824050246155654
32.0,crank_nicolson,0.2857142857142857,0.5701945323796488
32.0,crank_nicolson,0.3571428571428571,0.7069903718479454
32.0,crank_nicolson,0.42857142857142855,0.8224984894287345
32.0,crank_nicolson,0.5,0.8754385644996041
32.0,crank_nicolson,0.5714285714285714,0.8224984894287343
32.0,crank_nicolson,0.6428571428571428,0.7069903718479457
32.0,crank_nicolson,0.7142857142857142,0.5701945323796499
32.0,crank_nicolson,0.7857142857142857,0.42824050246156037
32.0,crank_nicolson,0.8571428571428571,0.2845253671357975
32.0,crank_nicolson,0.9285714285714285,0.13791749526002542
32.0,crank_nicolson,1.0,0.06116762888408679
33.0,crank_nicolson,0.0,0.09312801191161986
33.0,crank_nicolson,0.07142857142857142,0.1394548243957402
33.0,crank_nicolson,0.14285714285714285,0.2844688325541284
33.0,crank_nicolson,0.21428571428571427,0.428190790647668
33.0,crank_nicolson,0.2857142857142857,0.5700484790135469
33.0,crank_nicolson,0.3571428571428571,0.7063980762014714
33.0,crank_nicolson,0.42857142857142855,0.8207844391337206
33.0,crank_nicolson,0.5,0.8725706770029118
33.0,crank_nicolson,0.5714285714285714,0.8207844391337203
33.0,crank_nicolson,0.6428571428571428,0.7063980762014719
33.0,crank_nicolson,0.7142857142857142,0.5700484790135479
33.0,crank_nicolson,0.7857142857142857,0.42819079064767196
33.0,crank_nicolson,0.8571428571428571,0.2844688325541288
33.0,crank_nicolson,0.9285714285714285,0.1394548243957403
33.0,crank_nicolson,1.0,0.09312801191161986
34.0,crank_nicolson,0.0,-0.03092123758512146
34.0,crank_nicolson,0.07142857142857142,0.13884204082316323
34.0,crank_nicolson,0.14285714285714285,0.28442300572965523
34.0,crank_nicolson,0.21428571428571427,0.4281384433613207
34.0,crank_nicolson,0.2857142857142857,0.5698928199519997
34.0,crank_nicolson,0.3571428571428571,0.7057876425233582
34.0,crank_nicolson,0.42857142857142855,0.8190701199035014
34.0,crank_nicolson,0.5,0.8697642819302377
34.0,crank_nicolson,0.5714285714285714,0.8190701199035013
34.0,crank_nicolson,0.6428571428571428,0.7057876425233589
34.0,crank_nicolson,0.7142857142857142,0.5698928199520008
34.0,crank_nicolson,0.7857142857142857,0.4281384433613247
34.0,crank_nicolson,0.8571428571428571,0.2844230057296556
34.0,crank_nicolson,0.9285714285714285,0.1388420408231633
34.0,crank_nicolson,1.0,-0.03092123758512146
35.0,crank_nicolson,0.0,0.033126343140356396
35.0,crank_nicolson,0.07142857142857142,0.13915665704034202
35.0,crank_nicolson,0.14285714285714285,0.2843997467746837
35.0,crank_nicolson,0.21428571428571427,0.4281112454508094
35.0,crank_nicolson,0.2857142857142857,0.5698113773210479
35.0,crank_nicolson,0.3571428571428571,0.7054758488711558
35.0,crank_nicolson,0.42857142857142855,0.818213219265047
35.0,crank_nicolson,0.5,0.8683831156807493
35.0,crank_nicolson,0.5714285714285714,0.8182132192650469
35.0,crank_nicolson,0.6428571428571428,0.7054758488711564
35.0,crank_nicolson,0.7142857142857142,0.569811377321049
35.0,crank_nicolson,0.7857142857142857,0.4281112454508135
35.0,crank_nicolson,0.8571428571428571,0.28439974677468416
35.0,crank_nicolson,0.9285714285714285,0.13915665704034208
35.0,crank_nicolson,1.0,0.033126343140356396
36.0,crank_nicolson,0.0,-0.047917423784529
36.0,crank_nicolson,0.07142857142857142,0.13963592431418556
36.0,crank_nicolson,0.14285714285714285,0.2843712876925125
36.0,crank_nicolson,0.21428571428571427,0.42805496872762666
36.0,crank_nicolson,0.2857142857142857,0.5696412556056886
36.0,crank_nicolson,0.3571428571428571,0.7048395524285377
36.0,crank_nicolson,0.42857142857142855,0.816500585688219
36.0,crank_nicolson,0.5,0.8656629174185935
36.0,crank_nicolson,0.5714285714285714,0.8165005856882189
36.0,crank_nicolson,0.6428571428571428,0.7048395524285385
36.0,crank_nicolson,0.7142857142857142,0.5696412556056898
36.0,crank_nicolson,0.7857142857142857,0.42805496872763077
36.0,crank_nicolson,0.8571428571428571,0.2843712876925131
36.0,crank_nicolson,0.9285714285714285,0.1396359243141856
36.0,crank_nicolson,1.0,-0.047917423784529
37.0,crank_nicolson,0.0,-0.11063349740060283
37.0,crank_nicolson,0.07142857142857142,0.13890215454001406
37.0,crank_nicolson,0.14285714285714285,0.2843367645454299
37.0,crank_nicolson,0.21428571428571427,0.4279962433488504
37.0,crank_nicolson,0.2857142857142857,0.5694614906294991
37.0,crank_nicolson,0.3571428571428571,0.7041868945415135
37.0,crank_nicolson,0.42857142857142855,0.8147902904220039
37.0,crank_nicolson,0.5,0.8629964857148035
37.0,crank_nicolson,0.5714285714285714,0.8147902904220038
37.0,crank_nicolson,0.6428571428571428,0.7041868945415141
37.0,crank_nicolson,0.7142857142857142,0.5694614906295006
37.0,crank_nicolson,0.7857142857142857,0.42799624334885455
37.0,crank_nicolson,0.8571428571428571,0.2843367645454305
37.0,crank_nicolson,0.9285714285714285,0.1389021545400141
37.0,crank_nicolson,1.0,-0.11063349740060283
38.0,crank_nicolson,0.0,-0.11962066240806708
38.0,crank_nicolson,0.07142857142857142,0.13818226113131662
38.0,crank_nicolson,0.14285714285714285,0.28430771733713245
38.0,crank_nicolson,0.21428571428571427,0.4279657751922654
38.0,crank_nicolson,0.2857142857142857,0.5693679964808873
38.0,crank_nicolson,0.3571428571428571,0.7038546459799887
38.0,crank_nicolson,0.42857142857142855,0.8139362875348425
38.0,crank_nicolson,0.5,0.8616825753558717
38.0,crank_nicolson,0.5714285714285714,0.8139362875348424
38.0,crank_nicolson,0.6428571428571428,0.7038546459799891
38.0,crank_nicolson,0.7142857142857142,0.5693679964808889
38.0,crank_nicolson,0.7857142857142857,0.42796577519226964
38.0,crank_nicolson,0.8571428571428571,0.28430771733713306
38.0,crank_nicolson,0.9285714285714285,0.13818226113131665
38.0,crank_nicolson,1.0,-0.11962066240806708
39.0,crank_nicolson,0.0,0.1356240028570823
39.0,crank_nicolson,0.07142857142857142,0.13984325631085892
39.0,crank_nicolson,0.14285714285714285,0.2842610702151517
39.0,crank_nicolson,0.21428571428571427,0.4279023604889041
39.0,crank_nicolson,0.2857142857142857,0.5691737946700967
39.0,crank_nicolson,0.3571428571428571,0.7031787333855862
39.0,crank_nicolson,0.42857142857142855,0.8122310530088147
39.0,crank_nicolson,0.5,0.8590917557994705
39.0,crank_nicolson,0.5714285714285714,0.8122310530088147
39.0,crank_nicolson,0.6428571428571428,0.7031787333855868
39.0,crank_nicolson,0.7142857142857142,0.5691737946700982
39.0,crank_nicolson,0.7857142857142857,0.42790236048890823
39.0,crank_nicolson,0.8571428571428571,0.2842610702151524
39.0,crank_nicolson,0.9285714285714285,0.13984325631085898
39.0,crank_nicolson,1.0,0.1356240028570823
40.0,crank_nicolson,0.0,0.10035328978920242
40.0,crank_nicolson,0.07142857142857142,0.14059540632391224
40.0,crank_nicolson,0.14285714285714285,0.284244745735839
40.0,crank_nicolson,0.21428571428571427,0.42783622942658905
40.0,crank_nicolson,0.2857142857142857,0.5689700045878087
40.0,crank_nicolson,0.3571428571428571,0.7024881534617947
40.0,crank_nicolson,0.42857142857142855,0.810530090228303
40.0,crank_nicolson,0.5,0.8565482535189677
40.0,crank_nicolson,0.5714285714285714,0.810530090228303
40.0,crank_nicolson,0.6428571428571428,0.7024881534617954
40.0,crank_nicolson,0.7142857142857142,0.5689700045878102
40.0,crank_nicolson,0.7857142857142857,0.42783622942659316
40.0,crank_nicolson,0.8571428571428571,0.28424474573583985
40.0,crank_nicolson,0.9285714285714285,0.14059540632391232
40.0,crank_nicolson,1.0,0.10035328978920242
41.0,crank_nicolson,0.0,0.036163602504763415
41.0,crank_nicolson,0.07142857142857142,0.14088092182735806
41.0,crank_nicolson,0.14285714285714285,0.2842456636177199
41.0,crank_nicolson,0.21428571428571427,0.4278023236169729
41.0,crank_nicolson,0.2857142857142857,0.5688645329630108
41.0,crank_nicolson,0.3571428571428571,0.7021375668476464
41.0,crank_nicolson,0.42857142857142855,0.8096814076226911
41.0,crank_nicolson,0.5,0.8552935285168078
41.0,crank_nicolson,0.5714285714285714,0.8096814076226911
41.0,crank_nicolson,0.6428571428571428,0.7021375668476469
41.0,crank_nicolson,0.7142857142857142,0.5688645329630123
41.0,crank_nicolson,0.7857142857142857,0.42780232361697706
41.0,crank_nicolson,0.8571428571428571,0.2842456636177207
41.0,crank_nicolson,0.9285714285714285,0.14088092182735815
41.0,crank_nicolson,1.0,0.036163602504763415
42.0,crank_nicolson,0.0,0.036139560550841394
42.0,crank_nicolson,0.07142857142857142,0.14076724157688203
42.0,crank_nicolson,0.14285714285714285,0.28424372384103347
42.0,crank_nicolson,0.21428571428571427,0.42773291438272476
42.0,crank_nicolson,0.2857142857142857,0.5686464877210572
42.0,crank_nicolson,0.3571428571428571,0.701426198227062
42.0,crank_nicolson,0.42857142857142855,0.8079879920883135
42.0,crank_nicolson,0.5,0.8528167798206193
42.0,crank_nicolson,0.5714285714285714,0.8079879920883135
42.0,crank_nicolson,0.6428571428571428,0.7014261982270626
42.0,crank_nicolson,0.7142857142857142,0.568646487721059
42.0,crank_nicolson,0.7857142857142857,0.4277329143827289
42.0,crank_nicolson,0.8571428571428571,0.28424372384103425
42.0,crank_nicolson,0.9285714285714285,0.14076724157688214
42.0,crank_nicolson,1.0,0.036139560550841394
43.0,crank_nicolson,0.0,-0.003582603910995154
43.0,crank_nicolson,0.07142857142857142,0.14182623975473066
43.0,crank_nicolson,0.14285714285714285,0.2842645910633559
43.0,crank_nicolson,0.21428571428571427,0.42766147042758046
43.0,crank_nicolson,0.2857142857142857,0.5684190513801828
43.0,crank_nicolson,0.3571428571428571,0.7007017535642398
43.0,crank_nicolson,0.42857142857142855,0.8063002617186589
43.0,crank_nicolson,0.5,0.850381936544962
43.0,crank_nicolson,0.5714285714285714,0.8063002617186588
43.0,crank_nicolson,0.6428571428571428,0.7007017535642406
43.0,crank_nicolson,0.7142857142857142,0.5684190513801848
43.0,crank_nicolson,0.7857142857142857,0.4276614704275848
43.0,crank_nicolson,0.8571428571428571,0.2842645910633567
43.0,crank_nicolson,0.9285714285714285,0.14182623975473074
43.0,crank_nicolson,1.0,-0.003582603910995154
44.0,crank_nicolson,0.0,0.15646436558140064
44.0,crank_nicolson,0.07142857142857142,0.14289143198702228
44.0,crank_nicolson,0.14285714285714285,0.2842844884758153
44.0,crank_nicolson,0.21428571428571427,0.42762516057403777
44.0,crank_nicolson,0.2857142857142857,0.5683018459925762
44.0,crank_nicolson,0.3571428571428571,0.700334817729663
44.0,crank_nicolson,0.42857142857142855,0.8054586706318606
44.0,crank_nicolson,0.5,0.8491796249401179
44.0,crank_nicolson,0.5714285714285714,0.8054586706318606
44.0,crank_nicolson,0.6428571428571428,0.7003348177296637
44.0,crank_nicolson,0.7142857142857142,0.5683018459925779
44.0,crank_nicolson,0.7857142857142857,0.42762516057404215
44.0,crank_nicolson,0.8571428571428571,0.2842844884758161
44.0,crank_nicolson,0.9285714285714285,0.14289143198702242
44.0,crank_nicolson,1.0,0.15646436558140064
45.0,crank_nicolson,0.0,0.08219025043752239
45.0,crank_nicolson,0.07142857142857142,0.14168531963247863
45.0,crank_nicolson,0.14285714285714285,0.28430341374443807
45.0,crank_nicolson,0.21428571428571427,0.4275512522143966
45.0,crank_nicolson,0.2857142857142857,0.5680605391678245
45.0,crank_nicolson,0.3571428571428571,0.6995918893050388
45.0,crank_nicolson,0.42857142857142855,0.8037802889362773
45.0,crank_nicolson,0.5,0.846804081990748
45.0,crank_nicolson,0.5714285714285714,0.8037802889362773
45.0,crank_nicolson,0.6428571428571428,0.6995918893050395
45.0,crank_nicolson,0.7142857142857142,0.5680605391678264
45.0,crank_nicolson,0.7857142857142857,0.427551252214401
45.0,crank_nicolson,0.8571428571428571,0.28430341374443885
45.0,crank_nicolson,0.9285714285714285,0.14168531963247877
45.0,crank_nicolson,1.0,0.08219025043752239
46.0,crank_nicolson,0.0,-0.029900735046586746
46.0,crank_nicolson,0.07142857142857142,0.14156565330398257
46.0,crank_nicolson,0.14285714285714285,0.2843193240775065
46.0,crank_nicolson,0.21428571428571427,0.42747514417280125
46.0,crank_nicolson,0.2857142857142857,0.567810139013539
46.0,crank_nicolson,0.3571428571428571,0.6988373655915795
46.0,crank_nicolson,0.42857142857142855,0.8021086054131366
46.0,crank_nicolson,0.5,0.8444658788409541
46.0,crank_nicolson,0.5714285714285714,0.8021086054131367
46.0,crank_nicolson,0.6428571428571428,0.6988373655915803
46.0,crank_nicolson,0.7142857142857142,0.5678101390135407
46.0,crank_nicolson,0.7857142857142857,0.4274751441728056
46.0,crank_nicolson,0.8571428571428571,0.28431932407750726
46.0,crank_nicolson,0.9285714285714285,0.14156565330398269
46.0,crank_nicolson,1.0,-0.029900735046586746
47.0,crank_nicolson,0.0,0.00917607765355023
47.0,crank_nicolson,0.07142857142857142,0.14164371688158878
47.0,crank_nicolson,0.14285714285714285,0.28432502074289273
47.0,crank_nicolson,0.21428571428571427,0.4274362095008315
47.0,crank_nicolson,0.2857142857142857,0.5676815669932413
47.0,crank_nicolson,0.3571428571428571,0.6984559312861669
47.0,crank_nicolson,0.42857142857142855,0.8012753755749515
47.0,crank_nicolson,0.5,0.8433102678846061
47.0,crank_nicolson,0.5714285714285714,0.8012753755749518
47.0,crank_nicolson,0.6428571428571428,0.6984559312861678
47.0,crank_nicolson,0.7142857142857142,0.5676815669932431
47.0,crank_nicolson,0.7857142857142857,0.42743620950083583
47.0,crank_nicolson,0.8571428571428571,0.28432502074289345
47.0,crank_nicolson,0.9285714285714285,0.14164371688158886
47.0,crank_nicolson,1.0,0.00917607765355023
48.0,crank_nicolson,0.0,-0.021967188783751194
48.0,crank_nicolson,0.07142857142857142,0.14021666735692986
48.0,crank_nicolson,0.14285714285714285,0.28430806789912694
48.0,crank_nicolson,0.21428571428571427,0.42735614486075446
48.0,crank_nicolson,0.2857142857142857,0.5674177539549795
48.0,crank_nicolson,0.3571428571428571,0.6976850590645736
48.0,crank_nicolson,0.42857142857142855,0.7996143153863271
48.0,crank_nicolson,0.5,0.8410250603419493
48.0,crank_nicolson,0.5714285714285714,0.7996143153863273
48.0,crank_nicolson,0.6428571428571428,0.6976850590645745
48.0,crank_nicolson,0.7142857142857142,0.5674177539549814
48.0,crank_nicolson,0.7857142857142857,0.4273561448607589
48.0,crank_nicolson,0.8571428571428571,0.2843080678991277
48.0,crank_nicolson,0.9285714285714285,0.14021666735692995
48.0,crank_nicolson,1.0,-0.021967188783751194
49.0,crank_nicolson,0.0,0.14778940447415162
49.0,crank_nicolson,0.07142857142857142,0.1415525437133831
49.0,crank_nicolson,0.14285714285714285,0.2842920798773849
49.0,crank_nicolson,0.21428571428571427,0.4272726339230643
49.0,crank_nicolson,0.2857142857142857,0.5671451397783546
49.0,crank_nicolson,0.3571428571428571,0.696903956463729
49.0,crank_nicolson,0.42857142857142855,0.797960658934949
49.0,crank_nicolson,0.5,0.8387733199880012
49.0,crank_nicolson,0.5714285714285714,0.7979606589349495
49.0,crank_nicolson,0.6428571428571428,0.6969039564637302
49.0,crank_nicolson,0.7142857142857142,0.5671451397783565
49.0,crank_nicolson,0.7857142857142857,0.4272726339230686
49.0,crank_nicolson,0.8571428571428571,0.2842920798773856
49.0,crank_nicolson,0.9285714285714285,0.14155254371338316
49.0,crank_nicolson,1.0,0.14778940447415162
50.0,crank_nicolson,0.0,-0.05182702182736474
50.0,crank_nicolson,0.07142857142857142,0.14121853356634162
50.0,crank_nicolson,0.14285714285714285,0.2842927897628104
50.0,crank_nicolson,0.21428571428571427,0.4272297113598549
50.0,crank_nicolson,0.2857142857142857,0.5670055677430824
50.0,crank_nicolson,0.3571428571428571,0.6965097296715703
50.0,crank_nicolson,0.42857142857142855,0.7971366749862145
50.0,crank_nicolson,0.5,0.8376595643171637
50.0,crank_nicolson,0.5714285714285714,0.797136674986215
50.0,crank_nicolson,0.6428571428571428,0.6965097296715714
50.0,crank_nicolson,0.7142857142857142,0.5670055677430843
50.0,crank_nicolson,0.7857142857142857,0.4272297113598592
50.0,crank_nicolson,0.8571428571428571,0.2842927897628111
50.0,crank_nicolson,0.9285714285714285,0.1412185335663417
50.0,crank_nicolson,1.0,-0.05182702182736474
51.0,crank_nicolson,0.0,-0.05017570435845366
51.0,crank_nicolson,0.07142857142857142,0.14039758490352053
51.0,crank_nicolson,0.14285714285714285,0.28427546295564565
51.0,crank_nicolson,0.21428571428571427,0.4271414531344018
51.0,crank_nicolson,0.2857142857142857,0.5667199724581716
51.0,crank_nicolson,0.3571428571428571,0.6957142365538195
51.0,crank_nicolson,0.42857142857142855,0.7954945125871288
51.0,crank_nicolson,0.5,0.8354554573389803
51.0,crank_nicolson,0.5714285714285714,0.7954945125871291
51.0,crank_nicolson,0.6428571428571428,0.6957142365538205
51.0,crank_nicolson,0.7142857142857142,0.5667199724581735
51.0,crank_nicolson,0.7857142857142857,0.4271414531344063
51.0,crank_nicolson,0.8571428571428571,0.2842754629556464
51.0,crank_nicolson,0.9285714285714285,0.14039758490352064
51.0,crank_nicolson,1.0,-0.05017570435845366
52.0,crank_nicolson,0.0,0.03287511096596845
52.0,crank_nicolson,0.07142857142857142,0.14131374596959595
52.0,crank_nicolson,0.14285714285714285,0.2842623214559791
52.0,crank_nicolson,0.21428571428571427,0.4270496891890519
52.0,crank_nicolson,0.2857142857142857,0.5664258783744279
52.0,crank_nicolson,0.3571428571428571,0.6949097590367477
52.0,crank_nicolson,0.42857142857142855,0.7938602240280163
52.0,crank_nicolson,0.5,0.8332815148076576
52.0,crank_nicolson,0.5714285714285714,0.7938602240280166
52.0,crank_nicolson,0.6428571428571428,0.6949097590367489
52.0,crank_nicolson,0.7142857142857142,0.5664258783744301
52.0,crank_nicolson,0.7857142857142857,0.4270496891890564
52.0,crank_nicolson,0.8571428571428571,0.2842623214559798
52.0,crank_nicolson,0.9285714285714285,0.14131374596959612
52.0,crank_nicolson,1.0,0.03287511096596845
53.0,crank_nicolson,0.0,-0.05297602037670388
53.0,crank_nicolson,0.07142857142857142,0.1409779878529005
53.0,crank_nicolson,0.14285714285714285,0.2842575577316081
53.0,crank_nicolson,0.21428571428571427,0.4270025631153027
53.0,crank_nicolson,0.2857142857142857,0.5662756841879591
53.0,crank_nicolson,0.3571428571428571,0.6945042974050173
53.0,crank_nicolson,0.42857142857142855,0.7930460756764116
53.0,crank_nicolson,0.5,0.8322054822865395
53.0,crank_nicolson,0.5714285714285714,0.7930460756764119
53.0,crank_nicolson,0.6428571428571428,0.6945042974050184
53.0,crank_nicolson,0.7142857142857142,0.5662756841879613
53.0,crank_nicolson,0.7857142857142857,0.4270025631153072
53.0,crank_nicolson,0.8571428571428571,0.2842575577316089
53.0,crank_nicolson,0.9285714285714285,0.14097798785290067
53.0,crank_nicolson,1.0,-0.05297602037670388
54.0,crank_nicolson,0.0,0.009707754934804039
54.0,crank_nicolson,0.07142857142857142,0.1414420851588529
54.0,crank_nicolson,0.14285714285714285,0.2842501861964624
54.0,crank_nicolson,0.21428571428571427,0.42690581491033147
54.0,crank_nicolson,0.2857142857142857,0.5659690862228675
54.0,crank_nicolson,0.3571428571428571,0.6936872110356834
54.0,crank_nicolson,0.42857142857142855,0.7914238429725273
54.0,crank_nicolson,0.5,0.830074587534649
54.0,crank_nicolson,0.5714285714285714,0.7914238429725278
54.0,crank_nicolson,0.6428571428571428,0.6936872110356846
54.0,crank_nicolson,0.7142857142857142,0.5659690862228697
54.0,crank_nicolson,0.7857142857142857,0.426905814910336
54.0,crank_nicolson,0.8571428571428571,0.2842501861964633
54.0,crank_nicolson,0.9285714285714285,0.14144208515885306
54.0,crank_nicolson,1.0,0.009707754934804039
55.0,crank_nicolson,0.0,-0.07020530938773524
55.0,crank_nicolson,0.07142857142857142,0.14164093935430414
55.0,crank_nicolson,0.14285714285714285,0.2842550948432658
55.0,crank_nicolson,0.21428571428571427,0.4268059242670127
55.0,crank_nicolson,0.2857142857142857,0.5656543269755095
55.0,crank_nicolson,0.3571428571428571,0.6928622711587943
55.0,crank_nicolson,0.42857142857142855,0.7898097744861977
55.0,crank_nicolson,0.5,0.827971025080616
55.0,crank_nicolson,0.5714285714285714,0.7898097744861984
55.0,crank_nicolson,0.6428571428571428,0.6928622711587954
55.0,crank_nicolson,0.7142857142857142,0.5656543269755117
55.0,crank_nicolson,0.7857142857142857,0.42680592426701736
55.0,crank_nicolson,0.8571428571428571,0.2842550948432667
55.0,crank_nicolson,0.9285714285714285,0.14164093935430438
55.0,crank_nicolson,1.0,-0.07020530938773524
56.0,crank_nicolson,0.0,-0.032766214659776825
56.0,crank_nicolson,0.07142857142857142,0.14143275924737495
56.0,crank_nicolson,0.14285714285714285,0.28425248808651177
56.0,crank_nicolson,0.21428571428571427,0.4267548095843276
56.0,crank_nicolson,0.2857142857142857,0.5654939332304442
56.0,crank_nicolson,0.3571428571428571,0.6924469886066291
56.0,crank_nicolson,0.42857142857142855,0.7890058263177303
56.0,crank_nicolson,0.5,0.8269291725235293
56.0,crank_nicolson,0.5714285714285714,0.789005826317731
56.0,crank_nicolson,0.6428571428571428,0.6924469886066303
56.0,crank_nicolson,0.7142857142857142,0.5654939332304462
56.0,crank_nicolson,0.7857142857142857,0.4267548095843323
56.0,crank_nicolson,0.8571428571428571,0.28425248808651277
56.0,crank_nicolson,0.9285714285714285,0.1414327592473752
56.0,crank_nicolson,1.0,-0.032766214659776825
57.0,crank_nicolson,0.0,-0.14635149481321186
57.0,crank_nicolson,0.07142857142857142,0.14022332950032693
57.0,crank_nicolson,0.14285714285714285,0.28423117873817033
57.0,crank_nicolson,0.21428571428571427,0.4266499151403831
57.0,crank_nicolson,0.2857142857142857,0.5651672082384414
57.0,crank_nicolson,0.3571428571428571,0.6916110539529994
57.0,crank_nicolson,0.42857142857142855,0.7874041402590793
57.0,crank_nicolson,0.5,0.824864714968874
57.0,crank_nicolson,0.5714285714285714,0.7874041402590798
57.0,crank_nicolson,0.6428571428571428,0.6916110539530007
57.0,crank_nicolson,0.7142857142857142,0.5651672082384432
57.0,crank_nicolson,0.7857142857142857,0.42664991514038775
57.0,crank_nicolson,0.8571428571428571,0.2842311787381715
57.0,crank_nicolson,0.9285714285714285,0.14022332950032718
57.0,crank_nicolson,1.0,-0.14635149481321186
58.0,crank_nicolson,0.0,0.026105527217988936
58.0,crank_nicolson,0.07142857142857142,0.14069459675861815
58.0,crank_nicolson,0.14285714285714285,0.28419389863042455
58.0,crank_nicolson,0.21428571428571427,0.4265409390417688
58.0,crank_nicolson,0.2857142857142857,0.5648326777328668
58.0,crank_nicolson,0.3571428571428571,0.6907682886021884
58.0,crank_nicolson,0.42857142857142855,0.7858107723318197
58.0,crank_nicolson,0.5,0.8228251478694139
58.0,crank_nicolson,0.5714285714285714,0.7858107723318205
58.0,crank_nicolson,0.6428571428571428,0.6907682886021899
58.0,crank_nicolson,0.7142857142857142,0.5648326777328689
58.0,crank_nicolson,0.7857142857142857,0.42654093904177337
58.0,crank_nicolson,0.8571428571428571,0.2841938986304258
58.0,crank_nicolson,0.9285714285714285,0.14069459675861848
58.0,crank_nicolson,1.0,0.026105527217988936
59.0,crank_nicolson,0.0,0.000511345664246089
59.0,crank_nicolson,0.07142857142857142,0.14073583166871198
59.0,crank_nicolson,0.14285714285714285,0.28417823349083415
59.0,crank_nicolson,0.21428571428571427,0.42648490348406265
59.0,crank_nicolson,0.2857142857142857,0.5646625255301231
59.0,crank_nicolson,0.3571428571428571,0.6903444637814746
59.0,crank_nicolson,0.42857142857142855,0.7850172179892304
59.0,crank_nicolson,0.5,0.8218144205394744
59.0,crank_nicolson,0.5714285714285714,0.7850172179892312
59.0,crank_nicolson,0.6428571428571428,0.6903444637814761
59.0,crank_nicolson,0.7142857142857142,0.5646625255301252
59.0,crank_nicolson,0.7857142857142857,0.42648490348406726
59.0,crank_nicolson,0.8571428571428571,0.28417823349083554
59.0,crank_nicolson,0.9285714285714285,0.1407358316687123
59.0,crank_nicolson,1.0,0.000511345664246089
60.0,crank_nicolson,0.0,-0.023458713337514692
60.0,crank_nicolson,0.07142857142857142,0.14061383674697026
60.0,crank_nicolson,0.14285714285714285,0.28416168229951416
60.0,crank_nicolson,0.21428571428571427,0.4264278528999591
60.0,crank_nicolson,0.2857142857142857,0.5644904707178375
60.0,crank_nicolson,0.3571428571428571,0.6899190724871161
60.0,crank_nicolson,0.42857142857142855,0.7842257536759459
60.0,crank_nicolson,0.5,0.8208095887482323
60.0,crank_nicolson,0.5714285714285714,0.7842257536759467
60.0,crank_nicolson,0.6428571428571428,0.6899190724871176
60.0,crank_nicolson,0.7142857142857142,0.5644904707178398
60.0,crank_nicolson,0.7857142857142857,0.42642785289996377
60.0,crank_nicolson,0.8571428571428571,0.28416168229951555
60.0,crank_nicolson,0.9285714285714285,0.14061383674697062
60.0,crank_nicolson,1.0,-0.023458713337514692
