time,method,x,temperature
1.0,explicit,0.0,0.032384426905034625
1.0,explicit,0.07142857142857142,0.14309324794219874
1.0,explicit,0.14285714285714285,0.2857189425999576
1.0,explicit,0.21428571428571427,0.42857142857142855
1.0,explicit,0.2857142857142857,0.5714285714285714
1.0,explicit,0.3571428571428571,0.7142849806837066
1.0,explicit,0.42857142857142855,0.8569850706909713
1.0,explicit,0.5,0.9885798881077869
1.0,explicit,0.5714285714285714,0.8569850706909714
1.0,explicit,0.6428571428571428,0.7142849806837068
1.0,explicit,0.7142857142857142,0.5714285714285716
1.0,explicit,0.7857142857142857,0.4285714285714286
1.0,explicit,0.8571428571428571,0.2857189425999577
1.0,explicit,0.9285714285714285,0.14309324794219888
1.0,explicit,1.0,0.032384426905034625
2.0,explicit,0.0,0.07615149282040128
2.0,explicit,0.07142857142857142,0.14353029667209008
2.0,explicit,0.14285714285714285,0.2857220481314325
2.0,explicit,0.21428571428571427,0.42857149233976605
2.0,explicit,0.2857142857142857,0.5714285613831067
2.0,explicit,0.3571428571428571,0.7142828401504717
2.0,explicit,0.42857142857142855,0.8568330023731765
2.0,explicit,0.5,0.9849759419007755
2.0,explicit,0.5714285714285714,0.8568330023731766
2.0,explicit,0.6428571428571428,0.7142828401504719
2.0,explicit,0.7142857142857142,0.5714285613831069
2.0,explicit,0.7857142857142857,0.4285714923397661
2.0,explicit,0.8571428571428571,0.2857220481314326
2.0,explicit,0.9285714285714285,0.14353029667209022
2.0,explicit,1.0,0.07615149282040128
3.0,explicit,0.0,-0.011706847847459028
3.0,explicit,0.07142857142857142,0.1443481571233016
3.0,explicit,0.14285714285714285,0.28575384294387873
3.0,explicit,0.21428571428571427,0.4285718210985501
3.0,explicit,0.2857142857142857,0.5714284304186158
3.0,explicit,0.3571428571428571,0.7142719234659614
3.0,explicit,0.42857142857142855,0.8563957265975986
3.0,explicit,0.5,0.9780478286987915
3.0,explicit,0.5714285714285714,0.8563957265975987
3.0,explicit,0.6428571428571428,0.7142719234659616
3.0,explicit,0.7142857142857142,0.571428430418616
3.0,explicit,0.7857142857142857,0.42857182109855013
3.0,explicit,0.8571428571428571,0.28575384294387884
3.0,explicit,0.9285714285714285,0.14434815712330173
3.0,explicit,1.0,-0.011706847847459028
4.0,explicit,0.0,0.03837173645764544
4.0,explicit,0.07142857142857142,0.14519426043669537
4.0,explicit,0.14285714285714285,0.2857892517060481
4.0,explicit,0.21428571428571427,0.42857312694718724
4.0,explicit,0.2857142857142857,0.5714279484224112
4.0,explicit,0.3571428571428571,0.7142486423771806
4.0,explicit,0.42857142857142855,0.8557969953587802
4.0,explicit,0.5,0.971468097976109
4.0,explicit,0.5714285714285714,0.8557969953587803
4.0,explicit,0.6428571428571428,0.7142486423771808
4.0,explicit,0.7142857142857142,0.5714279484224114
4.0,explicit,0.7857142857142857,0.4285731269471873
4.0,explicit,0.8571428571428571,0.2857892517060482
4.0,explicit,0.9285714285714285,0.1451942604366955
4.0,explicit,1.0,0.03837173645764544
5.0,explicit,0.0,-0.023473719296747606
5.0,explicit,0.07142857142857142,0.14565671844903022
5.0,explicit,0.14285714285714285,0.2858192248472498
5.0,explicit,0.21428571428571427,0.42857409843837607
5.0,explicit,0.2857142857142857,0.5714274811025337
5.0,explicit,0.3571428571428571,0.7142312197745496
5.0,explicit,0.42857142857142855,0.8554426492677681
5.0,explicit,0.5,0.9683002495781122
5.0,explicit,0.5714285714285714,0.8554426492677683
5.0,explicit,0.6428571428571428,0.7142312197745498
5.0,explicit,0.7142857142857142,0.5714274811025339
5.0,explicit,0.7857142857142857,0.4285740984383761
5.0,explicit,0.8571428571428571,0.2858192248472499
5.0,explicit,0.9285714285714285,0.14565671844903036
5.0,explicit,1.0,-0.023473719296747606
6.0,explicit,0.0,-0.023170884640623113
6.0,explicit,0.07142857142857142,0.14556763903772255
6.0,explicit,0.14285714285714285,0.2858838357831775
6.0,explicit,0.21428571428571427,0.42857723611331344
6.0,explicit,0.2857142857142857,0.5714258600362914
6.0,explicit,0.3571428571428571,0.7141828829711659
6.0,explicit,0.42857142857142855,0.8546341430137034
6.0,explicit,0.5,0.9621926713436301
6.0,explicit,0.5714285714285714,0.8546341430137036
6.0,explicit,0.6428571428571428,0.7141828829711662
6.0,explicit,0.7142857142857142,0.5714258600362915
6.0,explicit,0.7857142857142857,0.4285772361133135
6.0,explicit,0.8571428571428571,0.2858838357831776
6.0,explicit,0.9285714285714285,0.14556763903772266
6.0,explicit,1.0,-0.023170884640623113
7.0,explicit,0.0,0.012098113578301706
7.0,explicit,0.07142857142857142,0.14479876719811002
7.0,explicit,0.14285714285714285,0.28594274772957134
7.0,explicit,0.21428571428571427,0.4285818575302096
7.0,explicit,0.2857142857142857,0.5714229824977723
7.0,explicit,0.3571428571428571,0.714114415643318
7.0,explicit,0.42857142857142855,0.8537048868655049
7.0,explicit,0.5,0.9563696645465491
7.0,explicit,0.5714285714285714,0.853704886865505
7.0,explicit,0.6428571428571428,0.7141144156433182
7.0,explicit,0.7142857142857142,0.5714229824977725
7.0,explicit,0.7857142857142857,0.42858185753020966
7.0,explicit,0.8571428571428571,0.28594274772957146
7.0,explicit,0.9285714285714285,0.14479876719811013
7.0,explicit,1.0,0.012098113578301706
8.0,explicit,0.0,-0.0956640122328899
8.0,explicit,0.07142857142857142,0.14491438457801575
8.0,explicit,0.14285714285714285,0.28596322104897864
8.0,explicit,0.21428571428571427,0.4285846237933835
8.0,explicit,0.2857142857142857,0.5714209327161595
8.0,explicit,0.3571428571428571,0.7140719531049705
8.0,explicit,0.42857142857142855,0.8531992506414074
8.0,explicit,0.5,0.9535580163116091
8.0,explicit,0.5714285714285714,0.8531992506414076
8.0,explicit,0.6428571428571428,0.7140719531049707
8.0,explicit,0.7142857142857142,0.5714209327161596
8.0,explicit,0.7857142857142857,0.4285846237933836
8.0,explicit,0.8571428571428571,0.28596322104897876
8.0,explicit,0.9285714285714285,0.14491438457801586
8.0,explicit,1.0,-0.0956640122328899
9.0,explicit,0.0,-0.028114376462048635
9.0,explicit,0.07142857142857142,0.14235518510764616
9.0,explicit,0.14285714285714285,0.2859870764350043
9.0,explicit,0.21428571428571427,0.42859068889394275
9.0,explicit,0.2857142857142857,0.5714153073344277
9.0,explicit,0.3571428571428571,0.7139694673166399
9.0,explicit,0.42857142857142855,0.8521137509474487
9.0,explicit,0.5,0.948121761263728
9.0,explicit,0.5714285714285714,0.8521137509474488
9.0,explicit,0.6428571428571428,0.7139694673166401
9.0,explicit,0.7142857142857142,0.5714153073344278
9.0,explicit,0.7857142857142857,0.42859068889394286
9.0,explicit,0.8571428571428571,0.28598707643500443
9.0,explicit,0.9285714285714285,0.14235518510764628
9.0,explicit,1.0,-0.028114376462048635
10.0,explicit,0.0,0.015712366629763694
10.0,explicit,0.07142857142857142,0.14132158951493137
10.0,explicit,0.14285714285714285,0.28595431007411104
10.0,explicit,0.21428571428571427,0.4285964151119623
10.0,explicit,0.2857142857142857,0.571407216353762
10.0,explicit,0.3571428571428571,0.713842397592701
10.0,explicit,0.42857142857142855,0.8509387483633042
10.0,explicit,0.5,0.9429192856200329
10.0,explicit,0.5714285714285714,0.8509387483633043
10.0,explicit,0.6428571428571428,0.7138423975927012
10.0,explicit,0.7142857142857142,0.5714072163537621
10.0,explicit,0.7857142857142857,0.4285964151119624
10.0,explicit,0.8571428571428571,0.28595431007411115
10.0,explicit,0.9285714285714285,0.14132158951493148
10.0,explicit,1.0,0.015712366629763694
11.0,explicit,0.0,-0.04540120377606055
11.0,explicit,0.07142857142857142,0.14158208481266482
11.0,explicit,0.14285714285714285,0.28592705189100576
11.0,explicit,0.21428571428571427,0.42859872512711444
11.0,explicit,0.2857142857142857,0.5714020728598496
11.0,explicit,0.3571428571428571,0.7137692911505403
11.0,explicit,0.42857142857142855,0.8503209620090189
11.0,explicit,0.5,0.9404002433441105
11.0,explicit,0.5714285714285714,0.850320962009019
11.0,explicit,0.6428571428571428,0.7137692911505406
11.0,explicit,0.7142857142857142,0.5714020728598497
11.0,explicit,0.7857142857142857,0.42859872512711455
11.0,explicit,0.8571428571428571,0.28592705189100587
11.0,explicit,0.9285714285714285,0.14158208481266493
11.0,explicit,1.0,-0.04540120377606055
12.0,explicit,0.0,0.07328243844607771
12.0,explicit,0.07142857142857142,0.14008477495439356
12.0,explicit,0.14285714285714285,0.2858738831031381
12.0,explicit,0.21428571428571427,0.42860188634247015
12.0,explicit,0.2857142857142857,0.5713892265043534
12.0,explicit,0.3571428571428571,0.7136034077798719
12.0,explicit,0.42857142857142855,0.8490307934634286
12.0,explicit,0.5,0.9355164313633837
12.0,explicit,0.5714285714285714,0.8490307934634287
12.0,explicit,0.6428571428571428,0.7136034077798721
12.0,explicit,0.7142857142857142,0.5713892265043535
12.0,explicit,0.7857142857142857,0.42860188634247026
12.0,explicit,0.8571428571428571,0.2858738831031382
12.0,explicit,0.9285714285714285,0.14008477495439367
12.0,explicit,1.0,0.07328243844607771
13.0,explicit,0.0,0.003376410234396192
13.0,explicit,0.07142857142857142,0.14105970252750008
13.0,explicit,0.14285714285714285,0.28580601929097804
13.0,explicit,0.21428571428571427,0.42860280767966263
13.0,explicit,0.2857142857142857,0.5713724830740331
13.0,explicit,0.3571428571428571,0.7134108006541551
13.0,explicit,0.42857142857142855,0.8476750889757673
13.0,explicit,0.5,0.9308258339756845
13.0,explicit,0.5714285714285714,0.8476750889757674
13.0,explicit,0.6428571428571428,0.7134108006541553
13.0,explicit,0.7142857142857142,0.5713724830740332
13.0,explicit,0.7857142857142857,0.42860280767966275
13.0,explicit,0.8571428571428571,0.28580601929097815
13.0,explicit,0.9285714285714285,0.1410597025275002
13.0,explicit,1.0,0.003376410234396192
14.0,explicit,0.0,-0.07123740931067284
14.0,explicit,0.07142857142857142,0.14115641895125333
14.0,explicit,0.14285714285714285,0.2857793237283042
14.0,explicit,0.21428571428571427,0.4286024364121046
14.0,explicit,0.2857142857142857,0.5713624683398955
14.0,explicit,0.3571428571428571,0.7133043481972522
14.0,explicit,0.42857142857142855,0.8469751736440044
14.0,explicit,0.5,0.9285486104654043
14.0,explicit,0.5714285714285714,0.8469751736440045
14.0,explicit,0.6428571428571428,0.7133043481972524
14.0,explicit,0.7142857142857142,0.5713624683398956
14.0,explicit,0.7857142857142857,0.4286024364121047
14.0,explicit,0.8571428571428571,0.28577932372830434
14.0,explicit,0.9285714285714285,0.14115641895125344
14.0,explicit,1.0,-0.07123740931067284
15.0,explicit,0.0,0.005546129485493305
15.0,explicit,0.07142857142857142,0.13992823283100983
15.0,explicit,0.14285714285714285,0.28571798893734957
15.0,explicit,0.21428571428571427,0.42860024161076204
15.0,explicit,0.2857142857142857,0.571338805969717
15.0,explicit,0.3571428571428571,0.7130710111132208
15.0,explicit,0.42857142857142855,0.8455357938597367
15.0,explicit,0.5,0.9241222031991324
15.0,explicit,0.5714285714285714,0.8455357938597368
15.0,explicit,0.6428571428571428,0.713071011113221
15.0,explicit,0.7142857142857142,0.5713388059697171
15.0,explicit,0.7857142857142857,0.42860024161076216
15.0,explicit,0.8571428571428571,0.2857179889373497
15.0,explicit,0.9285714285714285,0.13992823283100994
15.0,explicit,1.0,0.005546129485493305
16.0,explicit,0.0,0.0187849009172836
16.0,explicit,0.07142857142857142,0.1393718348252273
16.0,explicit,0.14285714285714285,0.2856415644860882
16.0,explicit,0.21428571428571427,0.4285956264697813
16.0,explicit,0.2857142857142857,0.5713098578685699
16.0,explicit,0.3571428571428571,0.7128103912247024
16.0,explicit,0.42857142857142855,0.8440492400520176
16.0,explicit,0.5,0.9198564972533894
16.0,explicit,0.5714285714285714,0.8440492400520178
16.0,explicit,0.6428571428571428,0.7128103912247026
16.0,explicit,0.7142857142857142,0.57130985786857
16.0,explicit,0.7857142857142857,0.4285956264697814
16.0,explicit,0.8571428571428571,0.2856415644860883
16.0,explicit,0.9285714285714285,0.13937183482522741
16.0,explicit,1.0,0.0187849009172836
17.0,explicit,0.0,-0.03003193449594025
17.0,explicit,0.07142857142857142,0.13972351818235373
17.0,explicit,0.14285714285714285,0.285596161907995
17.0,explicit,0.21428571428571427,0.42859234238708044
17.0,explicit,0.2857142857142857,0.5712932382837597
17.0,explicit,0.3571428571428571,0.7126698744484298
17.0,explicit,0.42857142857142855,0.843290196199416
17.0,explicit,0.5,0.9177803875522796
17.0,explicit,0.5714285714285714,0.8432901961994161
17.0,explicit,0.6428571428571428,0.71266987444843
17.0,explicit,0.7142857142857142,0.5712932382837598
17.0,explicit,0.7857142857142857,0.42859234238708055
17.0,explicit,0.8571428571428571,0.28559616190799514
17.0,explicit,0.9285714285714285,0.13972351818235385
17.0,explicit,1.0,-0.03003193449594025
18.0,explicit,0.0,-0.030085330611469847
18.0,explicit,0.07142857142857142,0.1392893886729077
18.0,explicit,0.14285714285714285,0.2855139302463785
18.0,explicit,0.21428571428571427,0.42858357858882123
18.0,explicit,0.2857142857142857,0.5712553955537851
18.0,explicit,0.3571428571428571,0.7123685552656382
18.0,explicit,0.42857142857142855,0.8417440756348531
18.0,explicit,0.5,0.9137351285619174
18.0,explicit,0.5714285714285714,0.8417440756348532
18.0,explicit,0.6428571428571428,0.7123685552656385
18.0,explicit,0.7142857142857142,0.5712553955537852
18.0,explicit,0.7857142857142857,0.42858357858882135
18.0,explicit,0.8571428571428571,0.2855139302463786
18.0,explicit,0.9285714285714285,0.13928938867290777
18.0,explicit,1.0,-0.030085330611469847
19.0,explicit,0.0,-0.0006748612368966961
19.0,explicit,0.07142857142857142,0.1403436349835022
19.0,explicit,0.14285714285714285,0.28542429587082907
19.0,explicit,0.21428571428571427,0.42857194867101056
19.0,explicit,0.2857142857142857,0.5712110181204367
19.0,explicit,0.3571428571428571,0.712040449705943
19.0,explicit,0.42857142857142855,0.8401648265379464
19.0,explicit,0.5,0.9098244109941028
19.0,explicit,0.5714285714285714,0.8401648265379466
19.0,explicit,0.6428571428571428,0.7120404497059433
19.0,explicit,0.7142857142857142,0.5712110181204368
19.0,explicit,0.7857142857142857,0.42857194867101067
19.0,explicit,0.8571428571428571,0.2854242958708292
19.0,explicit,0.9285714285714285,0.14034363498350227
19.0,explicit,1.0,-0.0006748612368966961
20.0,explicit,0.0,-0.05288554644779502
20.0,explicit,0.07142857142857142,0.14039925960167107
20.0,explicit,0.14285714285714285,0.285397826526137
20.0,explicit,0.21428571428571427,0.428564984464236
20.0,explicit,0.2857142857142857,0.5711862381266507
20.0,explicit,0.3571428571428571,0.7118664750206645
20.0,explicit,0.42857142857142855,0.8393642480240554
20.0,explicit,0.5,0.9079166656883925
20.0,explicit,0.5714285714285714,0.8393642480240555
20.0,explicit,0.6428571428571428,0.7118664750206647
20.0,explicit,0.7142857142857142,0.5711862381266508
20.0,explicit,0.7857142857142857,0.42856498446423613
20.0,explicit,0.8571428571428571,0.2853978265261371
20.0,explicit,0.9285714285714285,0.14039925960167116
20.0,explicit,1.0,-0.05288554644779502
21.0,explicit,0.0,-0.06104218249855112
21.0,explicit,0.07142857142857142,0.14038197361518456
21.0,explicit,0.14285714285714285,0.2853392007046649
21.0,explicit,0.21428571428571427,0.42854953131787427
21.0,explicit,0.2857142857142857,0.5711312338427483
21.0,explicit,0.3571428571428571,0.7114989779594334
21.0,explicit,0.42857142857142855,0.8377438553595055
21.0,explicit,0.5,0.904191129343902
21.0,explicit,0.5714285714285714,0.8377438553595056
21.0,explicit,0.6428571428571428,0.7114989779594336
21.0,explicit,0.7142857142857142,0.5711312338427484
21.0,explicit,0.7857142857142857,0.4285495313178744
21.0,explicit,0.8571428571428571,0.285339200704665
21.0,explicit,0.9285714285714285,0.14038197361518465
21.0,explicit,1.0,-0.06104218249855112
22.0,explicit,0.0,-0.09798350619398878
22.0,explicit,0.07142857142857142,0.13983525351200435
22.0,explicit,0.14285714285714285,0.28528130825400067
22.0,explicit,0.21428571428571427,0.4285318083310569
22.0,explicit,0.2857142857142857,0.5710686651045246
22.0,explicit,0.3571428571428571,0.7111058680631961
22.0,explicit,0.42857142857142855,0.8361010551773144
22.0,explicit,0.5,0.9005790002972799
22.0,explicit,0.5714285714285714,0.8361010551773145
22.0,explicit,0.6428571428571428,0.7111058680631963
22.0,explicit,0.7142857142857142,0.5710686651045247
22.0,explicit,0.7857142857142857,0.42853180833105703
22.0,explicit,0.8571428571428571,0.2852813082540008
22.0,explicit,0.9285714285714285,0.13983525351200443
22.0,explicit,1.0,-0.09798350619398878
23.0,explicit,0.0,-0.06640930244492153
23.0,explicit,0.07142857142857142,0.13857036228672184
23.0,explicit,0.14285714285714285,0.2852512437687028
23.0,explicit,0.21428571428571427,0.4285220361678076
23.0,explicit,0.2857142857142857,0.5710344364849577
23.0,explicit,0.3571428571428571,0.7108998925657831
23.0,explicit,0.42857142857142855,0.8352723717647572
23.0,explicit,0.5,0.8988131629313982
23.0,explicit,0.5714285714285714,0.8352723717647573
23.0,explicit,0.6428571428571428,0.7108998925657833
23.0,explicit,0.7142857142857142,0.5710344364849578
23.0,explicit,0.7857142857142857,0.4285220361678077
23.0,explicit,0.8571428571428571,0.2852512437687029
23.0,explicit,0.9285714285714285,0.13857036228672193
23.0,explicit,1.0,-0.06640930244492153
24.0,explicit,0.0,0.03692332899977052
24.0,explicit,0.07142857142857142,0.1380391250735656
24.0,explicit,0.14285714285714285,0.2851480578853166
24.0,explicit,0.21428571428571427,0.42850041498893754
24.0,explicit,0.2857142857142857,0.5709598908373692
24.0,explicit,0.3571428571428571,0.7104694986152933
24.0,explicit,0.42857142857142855,0.833602472296875
24.0,explicit,0.5,0.8953576640121136
24.0,explicit,0.5714285714285714,0.8336024722968751
24.0,explicit,0.6428571428571428,0.7104694986152935
24.0,explicit,0.7142857142857142,0.5709598908373693
24.0,explicit,0.7857142857142857,0.42850041498893765
24.0,explicit,0.8571428571428571,0.2851480578853167
24.0,explicit,0.9285714285714285,0.13803912507356567
24.0,explicit,1.0,0.03692332899977052
25.0,explicit,0.0,-0.005782414119412027
25.0,explicit,0.07142857142857142,0.13889249863662115
25.0,explicit,0.14285714285714285,0.2850550431357829
25.0,explicit,0.21428571428571427,0.42847503926310165
25.0,explicit,0.2857142857142857,0.570876971800074
25.0,explicit,0.3571428571428571,0.7100150764080384
25.0,explicit,0.42857142857142855,0.8319183258530852
25.0,explicit,0.5,0.8919984243549938
25.0,explicit,0.5714285714285714,0.8319183258530853
25.0,explicit,0.6428571428571428,0.7100150764080386
25.0,explicit,0.7142857142857142,0.5708769718000741
25.0,explicit,0.7857142857142857,0.42847503926310176
25.0,explicit,0.8571428571428571,0.285055043135783
25.0,explicit,0.9285714285714285,0.1388924986366212
25.0,explicit,1.0,-0.005782414119412027
26.0,explicit,0.0,-0.01505518477946444
26.0,explicit,0.07142857142857142,0.13891286928982513
26.0,explicit,0.14285714285714285,0.2850174884774906
26.0,explicit,0.21428571428571427,0.4284610985681452
26.0,explicit,0.2857142857142857,0.5708322790814853
26.0,explicit,0.3571428571428571,0.7097790736075024
26.0,explicit,0.42857142857142855,0.8310717601800569
26.0,explicit,0.5,0.8903530294423128
26.0,explicit,0.5714285714285714,0.831071760180057
26.0,explicit,0.6428571428571428,0.7097790736075026
26.0,explicit,0.7142857142857142,0.5708322790814854
26.0,explicit,0.7857142857142857,0.4284610985681453
26.0,explicit,0.8571428571428571,0.2850174884774907
26.0,explicit,0.9285714285714285,0.13891286928982519
26.0,explicit,1.0,-0.01505518477946444
27.0,explicit,0.0,-0.03599221041973543
27.0,explicit,0.07142857142857142,0.13789382611408804
27.0,explicit,0.14285714285714285,0.2849439346276931
27.0,explicit,0.21428571428571427,0.42843098939319896
27.0,explicit,0.2857142857142857,0.5707362693187158
27.0,explicit,0.3571428571428571,0.7092899369073511
27.0,explicit,0.42857142857142855,0.8293711864084934
27.0,explicit,0.5,0.8871272017291925
27.0,explicit,0.5714285714285714,0.8293711864084935
27.0,explicit,0.6428571428571428,0.7092899369073513
27.0,explicit,0.7142857142857142,0.5707362693187159
27.0,explicit,0.7857142857142857,0.42843098939319907
27.0,explicit,0.8571428571428571,0.2849439346276932
27.0,explicit,0.9285714285714285,0.1378938261140881
27.0,explicit,1.0,-0.03599221041973543
28.0,explicit,0.0,0.05285611131094579
28.0,explicit,0.07142857142857142,0.13734574417204062
28.0,explicit,0.14285714285714285,0.2848424370519994
28.0,explicit,0.21428571428571427,0.4283976961220694
28.0,explicit,0.2857142857142857,0.5706312466824044
28.0,explicit,0.3571428571428571,0.7087785760812045
28.0,explicit,0.42857142857142855,0.8276625544725569
28.0,explicit,0.5,0.883983655650318
28.0,explicit,0.5714285714285714,0.827662554472557
28.0,explicit,0.6428571428571428,0.7087785760812048
28.0,explicit,0.7142857142857142,0.5706312466824045
28.0,explicit,0.7857142857142857,0.4283976961220695
28.0,explicit,0.8571428571428571,0.2848424370519995
28.0,explicit,0.9285714285714285,0.13734574417204068
28.0,explicit,1.0,0.05285611131094579
29.0,explicit,0.0,0.01718091447842307
29.0,explicit,0.07142857142857142,0.13820852151930757
29.0,explicit,0.14285714285714285,0.2847884656429874
29.0,explicit,0.21428571428571427,0.4283795975127779
29.0,explicit,0.2857142857142857,0.5705752926503794
29.0,explicit,0.3571428571428571,0.7085147963892668
29.0,explicit,0.42857142857142855,0.8268058594732414
29.0,explicit,0.5,0.8824412072245462
29.0,explicit,0.5714285714285714,0.8268058594732415
29.0,explicit,0.6428571428571428,0.7085147963892671
29.0,explicit,0.7142857142857142,0.5705752926503795
29.0,explicit,0.7857142857142857,0.428379597512778
29.0,explicit,0.8571428571428571,0.2847884656429875
29.0,explicit,0.9285714285714285,0.13820852151930763
29.0,explicit,1.0,0.01718091447842307
30.0,explicit,0.0,0.01620419846973975
30.0,explicit,0.07142857142857142,0.1374558125202221
30.0,explicit,0.14285714285714285,0.28471226242883935
30.0,explicit,0.21428571428571427,0.4283405459387966
30.0,explicit,0.2857142857142857,0.5704563799131237
30.0,explicit,0.3571428571428571,0.7079715126462931
30.0,explicit,0.42857142857142855,0.8250888754582184
30.0,explicit,0.5,0.8794121027665812
30.0,explicit,0.5714285714285714,0.8250888754582185
30.0,explicit,0.6428571428571428,0.7079715126462933
30.0,explicit,0.7142857142857142,0.5704563799131238
30.0,explicit,0.7857142857142857,0.4283405459387967
30.0,explicit,0.8571428571428571,0.28471226242883946
30.0,explicit,0.9285714285714285,0.13745581252022215
30.0,explicit,1.0,0.01620419846973975
31.0,explicit,0.0,-0.03384610001529794
31.0,explicit,0.07142857142857142,0.13767202345438403
31.0,explicit,0.14285714285714285,0.2846188520960117
31.0,explicit,0.21428571428571427,0.428298149171228
31.0,explicit,0.2857142857142857,0.5703279989429928
31.0,explicit,0.3571428571428571,0.707407897713381
31.0,explicit,0.42857142857142855,0.8233685040431588
31.0,explicit,0.5,0.8764538315347198
31.0,explicit,0.5714285714285714,0.8233685040431589
31.0,explicit,0.6428571428571428,0.7074078977133812
31.0,explicit,0.7142857142857142,0.5703279989429929
31.0,explicit,0.7857142857142857,0.4282981491712281
31.0,explicit,0.8571428571428571,0.2846188520960118
31.0,explicit,0.9285714285714285,0.1376720234543841
31.0,explicit,1.0,-0.03384610001529794
32.0,explicit,0.0,0.030583814442043396
32.0,explicit,0.07142857142857142,0.13733556026177807
32.0,explicit,0.14285714285714285,0.2845741086622419
32.0,explicit,0.21428571428571427,0.42827556272189193
32.0,explicit,0.2857142857142857,0.5702602175611478
32.0,explicit,0.3571428571428571,0.7071187039769551
32.0,explicit,0.42857142857142855,0.8225075312209311
32.0,explicit,0.5,0.8750000002333306
32.0,explicit,0.5714285714285714,0.8225075312209312
32.0,explicit,0.6428571428571428,0.7071187039769553
32.0,explicit,0.7142857142857142,0.5702602175611479
32.0,explicit,0.7857142857142857,0.42827556272189204
32.0,explicit,0.8571428571428571,0.28457410866224203
32.0,explicit,0.9285714285714285,0.13733556026177812
32.0,explicit,1.0,0.030583814442043396
33.0,explicit,0.0,0.04656400595580993
33.0,explicit,0.07142857142857142,0.13871561015211017
33.0,explicit,0.14285714285714285,0.2844858355007318
33.0,explicit,0.21428571428571427,0.4282275646751127
33.0,explicit,0.2857142857142857,0.570117403538906
33.0,explicit,0.3571428571428571,0.7065260178258057
33.0,explicit,0.42857142857142855,0.8207848841739926
33.0,explicit,0.5,0.8721405943539992
33.0,explicit,0.5714285714285714,0.8207848841739928
33.0,explicit,0.6428571428571428,0.7065260178258059
33.0,explicit,0.7142857142857142,0.5701174035389062
33.0,explicit,0.7857142857142857,0.4282275646751128
33.0,explicit,0.8571428571428571,0.2844858355007319
33.0,explicit,0.9285714285714285,0.13871561015211023
33.0,explicit,1.0,0.04656400595580993
34.0,explicit,0.0,-0.01546061879256073
34.0,explicit,0.07142857142857142,0.13895135677318993
34.0,explicit,0.14285714285714285,0.2844407490851594
34.0,explicit,0.21428571428571427,0.4281761338900008
34.0,explicit,0.2857142857142857,0.569964846003596
34.0,explicit,0.3571428571428571,0.7059148934890881
34.0,explicit,0.42857142857142855,0.8190623522835556
34.0,explicit,0.5,0.8693425974402855
34.0,explicit,0.5714285714285714,0.8190623522835557
34.0,explicit,0.6428571428571428,0.7059148934890883
34.0,explicit,0.7142857142857142,0.5699648460035961
34.0,explicit,0.7857142857142857,0.4281761338900009
34.0,explicit,0.8571428571428571,0.2844407490851595
34.0,explicit,0.9285714285714285,0.13895135677318998
34.0,explicit,1.0,-0.01546061879256073
35.0,explicit,0.0,0.016563171570178198
35.0,explicit,0.07142857142857142,0.13882917677132725
35.0,explicit,0.14285714285714285,0.2844167308569857
35.0,explicit,0.21428571428571427,0.42814947743118414
35.0,explicit,0.2857142857142857,0.5698848951603427
35.0,explicit,0.3571428571428571,0.7056026497980514
35.0,explicit,0.42857142857142855,0.8182014899008926
35.0,explicit,0.5,0.8679655880536147
35.0,explicit,0.5714285714285714,0.8182014899008927
35.0,explicit,0.6428571428571428,0.7056026497980517
35.0,explicit,0.7142857142857142,0.5698848951603428
35.0,explicit,0.7857142857142857,0.42814947743118426
35.0,explicit,0.8571428571428571,0.2844167308569858
35.0,explicit,0.9285714285714285,0.1388291767713273
35.0,explicit,1.0,0.016563171570178198
36.0,explicit,0.0,-0.0239587118922645
36.0,explicit,0.07142857142857142,0.13989990156970883
36.0,explicit,0.14285714285714285,0.2843706278584506
36.0,explicit,0.21428571428571427,0.428094050089608
36.0,explicit,0.2857142857142857,0.5697176385264642
36.0,explicit,0.3571428571428571,0.70496525889234
36.0,explicit,0.42857142857142855,0.8164812211456742
36.0,explicit,0.5,0.8652536010024484
36.0,explicit,0.5714285714285714,0.8164812211456743
36.0,explicit,0.6428571428571428,0.7049652588923402
36.0,explicit,0.7142857142857142,0.5697176385264643
36.0,explicit,0.7857142857142857,0.4280940500896081
36.0,explicit,0.8571428571428571,0.2843706278584507
36.0,explicit,0.9285714285714285,0.13989990156970888
36.0,explicit,1.0,-0.0239587118922645
37.0,explicit,0.0,-0.05531674870030141
37.0,explicit,0.07142857142857142,0.13957702245460055
37.0,explicit,0.14285714285714285,0.28434641281337936
37.0,explicit,0.21428571428571427,0.4280359943983566
37.0,explicit,0.2857142857142857,0.5695405693611815
37.0,explicit,0.3571428571428571,0.7043112666658675
37.0,explicit,0.42857142857142855,0.8147636717779296
37.0,explicit,0.5,0.8625952240774756
37.0,explicit,0.5714285714285714,0.8147636717779297
37.0,explicit,0.6428571428571428,0.7043112666658677
37.0,explicit,0.7142857142857142,0.5695405693611816
37.0,explicit,0.7857142857142857,0.4280359943983567
37.0,explicit,0.8571428571428571,0.28434641281337947
37.0,explicit,0.9285714285714285,0.1395770224546006
37.0,explicit,1.0,-0.05531674870030141
38.0,explicit,0.0,-0.05981033120403354
38.0,explicit,0.07142857142857142,0.13889065206557225
38.0,explicit,0.14285714285714285,0.28433162662038547
38.0,explicit,0.21428571428571427,0.4280060743510372
38.0,explicit,0.2857142857142857,0.5694483600579546
38.0,explicit,0.3571428571428571,0.7039782679253814
38.0,explicit,0.42857142857142855,0.8139061828987945
38.0,explicit,0.5,0.8612852762780923
38.0,explicit,0.5714285714285714,0.8139061828987946
38.0,explicit,0.6428571428571428,0.7039782679253817
38.0,explicit,0.7142857142857142,0.5694483600579547
38.0,explicit,0.7857142857142857,0.4280060743510373
38.0,explicit,0.8571428571428571,0.2843316266203856
38.0,explicit,0.9285714285714285,0.1388906520655723
38.0,explicit,1.0,-0.05981033120403354
39.0,explicit,0.0,0.06781200142854114
39.0,explicit,0.07142857142857142,0.1388269921266376
39.0,explicit,0.14285714285714285,0.28427350456843276
39.0,explicit,0.21428571428571427,0.4279441525599368
39.0,explicit,0.2857142857142857,0.5692566135605883
39.0,explicit,0.3571428571428571,0.7033007024388854
39.0,explicit,0.42857142857142855,0.8121942536554475
39.0,explicit,0.5,0.8587022423879109
39.0,explicit,0.5714285714285714,0.8121942536554476
39.0,explicit,0.6428571428571428,0.7033007024388856
39.0,explicit,0.7142857142857142,0.5692566135605884
39.0,explicit,0.7857142857142857,0.4279441525599369
39.0,explicit,0.8571428571428571,0.28427350456843287
39.0,explicit,0.9285714285714285,0.13882699212663763
39.0,explicit,1.0,0.06781200142854114
40.0,explicit,0.0,0.05017664489460121
40.0,explicit,0.07142857142857142,0.1398593030081699
40.0,explicit,0.14285714285714285,0.2842390498022742
40.0,explicit,0.21428571428571427,0.42787875812114257
40.0,explicit,0.2857142857142857,0.5690551245751851
40.0,explicit,0.3571428571428571,0.7026082837013612
40.0,explicit,0.42857142857142855,0.8104869581349929
40.0,explicit,0.5,0.8561663297095463
40.0,explicit,0.5714285714285714,0.810486958134993
40.0,explicit,0.6428571428571428,0.7026082837013614
40.0,explicit,0.7142857142857142,0.5690551245751853
40.0,explicit,0.7857142857142857,0.4278787581211427
40.0,explicit,0.8571428571428571,0.2842390498022743
40.0,explicit,0.9285714285714285,0.13985930300816993
40.0,explicit,1.0,0.05017664489460121
41.0,explicit,0.0,0.018081801252381707
41.0,explicit,0.07142857142857142,0.14060828905927097
41.0,explicit,0.14285714285714285,0.28422891620085955
41.0,explicit,0.21428571428571427,0.4278450267335979
41.0,explicit,0.2857142857142857,0.5689507373748613
41.0,explicit,0.3571428571428571,0.7022567141504434
41.0,explicit,0.42857142857142855,0.8096352416843834
41.0,explicit,0.5,0.854915323012198
41.0,explicit,0.5714285714285714,0.8096352416843835
41.0,explicit,0.6428571428571428,0.7022567141504437
41.0,explicit,0.7142857142857142,0.5689507373748615
41.0,explicit,0.7857142857142857,0.42784502673359803
41.0,explicit,0.8571428571428571,0.28422891620085966
41.0,explicit,0.9285714285714285,0.140608289059271
41.0,explicit,1.0,0.018081801252381707
42.0,explicit,0.0,0.018069780275420697
42.0,explicit,0.07142857142857142,0.14048878353839095
42.0,explicit,0.14285714285714285,0.2842322787933808
42.0,explicit,0.21428571428571427,0.4277757532766614
42.0,explicit,0.2857142857142857,0.568734721202017
42.0,explicit,0.3571428571428571,0.7015432639337387
42.0,explicit,0.42857142857142855,0.8079360164620775
42.0,explicit,0.5,0.8524458536725847
42.0,explicit,0.5714285714285714,0.8079360164620776
42.0,explicit,0.6428571428571428,0.7015432639337389
42.0,explicit,0.7142857142857142,0.5687347212020171
42.0,explicit,0.7857142857142857,0.4277757532766615
42.0,explicit,0.8571428571428571,0.2842322787933809
42.0,explicit,0.9285714285714285,0.14048878353839098
42.0,explicit,1.0,0.018069780275420697
43.0,explicit,0.0,-0.001791301955497577
43.0,explicit,0.07142857142857142,0.1418703637024396
43.0,explicit,0.14285714285714285,0.2842303897887729
43.0,explicit,0.21428571428571427,0.42770437565886504
43.0,explicit,0.2857142857142857,0.568509126806573
43.0,explicit,0.3571428571428571,0.7008165974672097
43.0,explicit,0.42857142857142855,0.8062428103752578
43.0,explicit,0.5,0.8500180763242912
43.0,explicit,0.5714285714285714,0.8062428103752579
43.0,explicit,0.6428571428571428,0.7008165974672099
43.0,explicit,0.7142857142857142,0.5685091268065731
43.0,explicit,0.7857142857142857,0.42770437565886515
43.0,explicit,0.8571428571428571,0.284230389788773
43.0,explicit,0.9285714285714285,0.14187036370243963
43.0,explicit,1.0,-0.001791301955497577
44.0,explicit,0.0,0.07823218279070032
44.0,explicit,0.07142857142857142,0.14185253990402164
44.0,explicit,0.14285714285714285,0.2842456436232941
44.0,explicit,0.21428571428571427,0.4276678249095947
44.0,explicit,0.2857142857142857,0.568392770621799
44.0,explicit,0.3571428571428571,0.7004485031576508
44.0,explicit,0.42857142857142855,0.8053986027506223
44.0,explicit,0.5,0.8488192167736279
44.0,explicit,0.5714285714285714,0.8053986027506224
44.0,explicit,0.6428571428571428,0.7004485031576511
44.0,explicit,0.7142857142857142,0.5683927706217992
44.0,explicit,0.7857142857142857,0.4276678249095948
44.0,explicit,0.8571428571428571,0.2842456436232942
44.0,explicit,0.9285714285714285,0.14185253990402166
44.0,explicit,1.0,0.07823218279070032
45.0,explicit,0.0,0.04109512521876119
45.0,explicit,0.07142857142857142,0.1411156027738681
45.0,explicit,0.14285714285714285,0.2842877054714868
45.0,explicit,0.21428571428571427,0.427593535481154
45.0,explicit,0.2857142857142857,0.5681530124068259
45.0,explicit,0.3571428571428571,0.6997031718789182
45.0,explicit,0.42857142857142855,0.8037152225170594
45.0,explicit,0.5,0.8464504154473007
45.0,explicit,0.5714285714285714,0.8037152225170595
45.0,explicit,0.6428571428571428,0.6997031718789184
45.0,explicit,0.7142857142857142,0.5681530124068261
45.0,explicit,0.7857142857142857,0.4275935354811541
45.0,explicit,0.8571428571428571,0.2842877054714869
45.0,explicit,0.9285714285714285,0.14111560277386812
45.0,explicit,1.0,0.04109512521876119
46.0,explicit,0.0,-0.014950367523293373
46.0,explicit,0.07142857142857142,0.14177809400800503
46.0,explicit,0.14285714285714285,0.28429889396828106
46.0,explicit,0.21428571428571427,0.42751768764941334
46.0,explicit,0.2857142857142857,0.5679039771039895
46.0,explicit,0.3571428571428571,0.6989461423004838
46.0,explicit,0.42857142857142855,0.8020388421354889
46.0,explicit,0.5,0.8441187376006812
46.0,explicit,0.5714285714285714,0.802038842135489
46.0,explicit,0.6428571428571428,0.698946142300484
46.0,explicit,0.7142857142857142,0.5679039771039898
46.0,explicit,0.7857142857142857,0.42751768764941345
46.0,explicit,0.8571428571428571,0.2842988939682812
46.0,explicit,0.9285714285714285,0.14177809400800506
46.0,explicit,1.0,-0.014950367523293373
47.0,explicit,0.0,0.004588038826775115
47.0,explicit,0.07142857142857142,0.14158354361067743
47.0,explicit,0.14285714285714285,0.28430845183641057
47.0,explicit,0.21428571428571427,0.42747890119465765
47.0,explicit,0.2857142857142857,0.5677760247961449
47.0,explicit,0.3571428571428571,0.6985634206566729
47.0,explicit,0.42857142857142855,0.8012033728168484
47.0,explicit,0.5,0.8429663086325034
47.0,explicit,0.5714285714285714,0.8012033728168485
47.0,explicit,0.6428571428571428,0.6985634206566731
47.0,explicit,0.7142857142857142,0.5677760247961451
47.0,explicit,0.7857142857142857,0.42747890119465776
47.0,explicit,0.8571428571428571,0.2843084518364107
47.0,explicit,0.9285714285714285,0.1415835436106775
47.0,explicit,1.0,0.004588038826775115
48.0,explicit,0.0,-0.010983594391875597
48.0,explicit,0.07142857142857142,0.14031473908585873
48.0,explicit,0.14285714285714285,0.28432102218411043
48.0,explicit,0.21428571428571427,0.42739958825535945
48.0,explicit,0.2857142857142857,0.567513334511119
48.0,explicit,0.3571428571428571,0.6977899130668422
48.0,explicit,0.42857142857142855,0.7995380431756727
48.0,explicit,0.5,0.8406873053143703
48.0,explicit,0.5714285714285714,0.7995380431756728
48.0,explicit,0.6428571428571428,0.6977899130668425
48.0,explicit,0.7142857142857142,0.5675133345111192
48.0,explicit,0.7857142857142857,0.42739958825535956
48.0,explicit,0.8571428571428571,0.28432102218411054
48.0,explicit,0.9285714285714285,0.1403147390858588
48.0,explicit,1.0,-0.010983594391875597
49.0,explicit,0.0,0.07389470223707581
49.0,explicit,0.07142857142857142,0.1405125000547146
49.0,explicit,0.14285714285714285,0.284294039753625
49.0,explicit,0.21428571428571427,0.427317485014555
49.0,explicit,0.2857142857142857,0.5672417109279526
49.0,explicit,0.3571428571428571,0.6970061046589658
49.0,explicit,0.42857142857142855,0.7978803854830672
49.0,explicit,0.5,0.8384415590111085
49.0,explicit,0.5714285714285714,0.7978803854830673
49.0,explicit,0.6428571428571428,0.6970061046589661
49.0,explicit,0.7142857142857142,0.5672417109279528
49.0,explicit,0.7857142857142857,0.42731748501455513
49.0,explicit,0.8571428571428571,0.2842940397536251
49.0,explicit,0.9285714285714285,0.14051250005471466
49.0,explicit,1.0,0.07389470223707581
50.0,explicit,0.0,-0.02591351091368237
50.0,explicit,0.07142857142857142,0.14156912971662206
50.0,explicit,0.14285714285714285,0.28428365890570123
50.0,explicit,0.21428571428571427,0.4272750463378978
50.0,explicit,0.2857142857142857,0.5671025888508969
50.0,explicit,0.3571428571428571,0.6966105024047327
50.0,explicit,0.42857142857142855,0.7970544973571533
50.0,explicit,0.5,0.8373307228067822
50.0,explicit,0.5714285714285714,0.7970544973571534
50.0,explicit,0.6428571428571428,0.6966105024047329
50.0,explicit,0.7142857142857142,0.5671025888508971
50.0,explicit,0.7857142857142857,0.4272750463378979
50.0,explicit,0.8571428571428571,0.28428365890570134
50.0,explicit,0.9285714285714285,0.1415691297166221
50.0,explicit,1.0,-0.02591351091368237
51.0,explicit,0.0,-0.02508785217922683
51.0,explicit,0.07142857142857142,0.14070144707888252
51.0,explicit,0.14285714285714285,0.28428589985388464
51.0,explicit,0.21428571428571427,0.4271877024980565
51.0,explicit,0.2857142857142857,0.5668177954586334
51.0,explicit,0.3571428571428571,0.6958122204214056
51.0,explicit,0.42857142857142855,0.7954087113526216
51.0,explicit,0.5,0.8351323025345897
51.0,explicit,0.5714285714285714,0.7954087113526217
51.0,explicit,0.6428571428571428,0.6958122204214058
51.0,explicit,0.7142857142857142,0.5668177954586336
51.0,explicit,0.7857142857142857,0.4271877024980566
51.0,explicit,0.8571428571428571,0.28428589985388475
51.0,explicit,0.9285714285714285,0.14070144707888257
51.0,explicit,1.0,-0.02508785217922683
52.0,explicit,0.0,0.016437555482984225
52.0,explicit,0.07142857142857142,0.141071811426988
52.0,explicit,0.14285714285714285,0.2842626832823253
52.0,explicit,0.21428571428571427,0.42709720587558453
52.0,explicit,0.2857142857142857,0.5665243824673846
52.0,explicit,0.3571428571428571,0.6950049121532127
52.0,explicit,0.42857142857142855,0.7937710348892226
52.0,explicit,0.5,0.8329638479949556
52.0,explicit,0.5714285714285714,0.7937710348892227
52.0,explicit,0.6428571428571428,0.6950049121532129
52.0,explicit,0.7142857142857142,0.5665243824673848
52.0,explicit,0.7857142857142857,0.42709720587558464
52.0,explicit,0.8571428571428571,0.2842626832823254
52.0,explicit,0.9285714285714285,0.14107181142698805
52.0,explicit,1.0,0.016437555482984225
53.0,explicit,0.0,-0.02648801018835194
53.0,explicit,0.07142857142857142,0.14132591355213775
53.0,explicit,0.14285714285714285,0.2842578036692955
53.0,explicit,0.21428571428571427,0.4270505479146595
53.0,explicit,0.2857142857142857,0.5663744862656546
53.0,explicit,0.3571428571428571,0.6945980225570928
53.0,explicit,0.42857142857142855,0.7929552770672368
53.0,explicit,0.5,0.8318904866505866
53.0,explicit,0.5714285714285714,0.7929552770672369
53.0,explicit,0.6428571428571428,0.694598022557093
53.0,explicit,0.7142857142857142,0.5663744862656548
53.0,explicit,0.7857142857142857,0.42705054791465963
53.0,explicit,0.8571428571428571,0.2842578036692956
53.0,explicit,0.9285714285714285,0.1413259135521378
53.0,explicit,1.0,-0.02648801018835194
54.0,explicit,0.0,0.004853877467402019
54.0,explicit,0.07142857142857142,0.14136790892553167
54.0,explicit,0.14285714285714285,0.2842487291066968
54.0,explicit,0.21428571428571427,0.4269547421638757
54.0,explicit,0.2857142857142857,0.5660683952542093
54.0,explicit,0.3571428571428571,0.6937780608303291
54.0,explicit,0.42857142857142855,0.7913299867831171
54.0,explicit,0.5,0.8297647921997734
54.0,explicit,0.5714285714285714,0.7913299867831172
54.0,explicit,0.6428571428571428,0.6937780608303293
54.0,explicit,0.7142857142857142,0.5660683952542095
54.0,explicit,0.7857142857142857,0.4269547421638758
54.0,explicit,0.8571428571428571,0.2842487291066969
54.0,explicit,0.9285714285714285,0.14136790892553172
54.0,explicit,1.0,0.004853877467402019
55.0,explicit,0.0,-0.03510265469386762
55.0,explicit,0.07142857142857142,0.14213658740030563
55.0,explicit,0.14285714285714285,0.2842445275005564
55.0,explicit,0.21428571428571427,0.4268555353995708
55.0,explicit,0.2857142857142857,0.5657540260739212
55.0,explicit,0.3571428571428571,0.6929502265908029
55.0,explicit,0.42857142857142855,0.7897130660254819
55.0,explicit,0.5,0.8276662456073812
55.0,explicit,0.5714285714285714,0.789713066025482
55.0,explicit,0.6428571428571428,0.6929502265908031
55.0,explicit,0.7142857142857142,0.5657540260739214
55.0,explicit,0.7857142857142857,0.4268555353995709
55.0,explicit,0.8571428571428571,0.2842445275005565
55.0,explicit,0.9285714285714285,0.1421365874003057
55.0,explicit,1.0,-0.03510265469386762
56.0,explicit,0.0,-0.016383107329888413
56.0,explicit,0.07142857142857142,0.14165552239693496
56.0,explicit,0.14285714285714285,0.2842514161809802
56.0,explicit,0.21428571428571427,0.4268046986241075
56.0,explicit,0.2857142857142857,0.5655937825892072
56.0,explicit,0.3571428571428571,0.6925334921084281
56.0,explicit,0.42857142857142855,0.7889077651225948
56.0,explicit,0.5,0.8266268337195638
56.0,explicit,0.5714285714285714,0.7889077651225949
56.0,explicit,0.6428571428571428,0.6925334921084283
56.0,explicit,0.7142857142857142,0.5655937825892074
56.0,explicit,0.7857142857142857,0.42680469862410764
56.0,explicit,0.8571428571428571,0.2842514161809803
56.0,explicit,0.9285714285714285,0.14165552239693502
56.0,explicit,1.0,-0.016383107329888413
57.0,explicit,0.0,-0.07317574740660593
57.0,explicit,0.07142857142857142,0.14119425621187248
57.0,explicit,0.14285714285714285,0.2842466637298685
57.0,explicit,0.21428571428571427,0.42670079148844564
57.0,explicit,0.2857142857142857,0.5652672740955828
57.0,explicit,0.3571428571428571,0.6916946483935376
57.0,explicit,0.42857142857142855,0.787303513457955
57.0,explicit,0.5,0.8245671268501704
57.0,explicit,0.5714285714285714,0.7873035134579551
57.0,explicit,0.6428571428571428,0.6916946483935378
57.0,explicit,0.7142857142857142,0.565267274095583
57.0,explicit,0.7857142857142857,0.42670079148844575
57.0,explicit,0.8571428571428571,0.2842466637298686
57.0,explicit,0.9285714285714285,0.14119425621187254
57.0,explicit,1.0,-0.07317574740660593
58.0,explicit,0.0,0.013052763608994468
58.0,explicit,0.07142857142857142,0.14047250099170738
58.0,explicit,0.14285714285714285,0.2842164016332963
58.0,explicit,0.21428571428571427,0.42659339133223856
58.0,explicit,0.2857142857142857,0.5649328688054085
58.0,explicit,0.3571428571428571,0.6908489725521413
58.0,explicit,0.42857142857142855,0.7857077574850139
58.0,explicit,0.5,0.8225321414316153
58.0,explicit,0.5714285714285714,0.785707757485014
58.0,explicit,0.6428571428571428,0.6908489725521415
58.0,explicit,0.7142857142857142,0.5649328688054087
58.0,explicit,0.7857142857142857,0.42659339133223867
58.0,explicit,0.8571428571428571,0.2842164016332964
58.0,explicit,0.9285714285714285,0.14047250099170744
58.0,explicit,1.0,0.013052763608994468
59.0,explicit,0.0,0.0002556728321230445
59.0,explicit,0.07142857142857142,0.14069603337472333
59.0,explicit,0.14285714285714285,0.2841976840515413
59.0,explicit,0.21428571428571427,0.42653810428842687
59.0,explicit,0.2857142857142857,0.5647627512753318
59.0,explicit,0.3571428571428571,0.6904236940019054
59.0,explicit,0.42857142857142855,0.784913072468475
59.0,explicit,0.5,0.8215236435176776
59.0,explicit,0.5714285714285714,0.7849130724684751
59.0,explicit,0.6428571428571428,0.6904236940019056
59.0,explicit,0.7142857142857142,0.564762751275332
59.0,explicit,0.7857142857142857,0.426538104288427
59.0,explicit,0.8571428571428571,0.2841976840515414
59.0,explicit,0.9285714285714285,0.1406960333747234
59.0,explicit,1.0,0.0002556728321230445
60.0,explicit,0.0,-0.011729356668757346
60.0,explicit,0.07142857142857142,0.14073795267361497
60.0,explicit,0.14285714285714285,0.28418178292366403
60.0,explicit,0.21428571428571427,0.42648174558948887
60.0,explicit,0.2857142857142857,0.5645907121509809
60.0,explicit,0.3571428571428571,0.6899968510494751
60.0,explicit,0.42857142857142855,0.7841205180481993
60.0,explicit,0.5,0.8205210012308513
60.0,explicit,0.5714285714285714,0.7841205180481994
60.0,explicit,0.6428571428571428,0.6899968510494753
60.0,explicit,0.7142857142857142,0.5645907121509811
60.0,explicit,0.7857142857142857,0.426481745589489
60.0,explicit,0.8571428571428571,0.28418178292366414
60.0,explicit,0.9285714285714285,0.14073795267361502
60.0,explicit,1.0,-0.011729356668757346
1.0,implicit,0.0,0.032384426905034625
1.0,implicit,0.07142857142857142,0.14351305699987565
1.0,implicit,0.14285714285714285,0.2857302026011224
1.0,implicit,0.21428571428571427,0.4285717897404843
1.0,implicit,0.2857142857142857,0.571428449280867
1.0,implicit,0.3571428571428571,0.7142792075217801
1.0,implicit,0.42857142857142855,0.8568486506573346
1.0,implicit,0.5,0.988864539235421
1.0,implicit,0.5714285714285714,0.8568486506573346
1.0,implicit,0.6428571428571428,0.7142792075217804
1.0,implicit,0.7142857142857142,0.5714284492808673
1.0,implicit,0.7857142857142857,0.42857178974048427
1.0,implicit,0.8571428571428571,0.2857302026011225
1.0,implicit,0.9285714285714285,0.14351305699987588
1.0,implicit,1.0,0.032384426905034625
2.0,implicit,0.0,0.07615149282040128
2.0,implicit,0.07142857142857142,0.14451104484235894
2.0,implicit,0.14285714285714285,0.2857518333601846
2.0,implicit,0.21428571428571427,0.428572276859453
2.0,implicit,0.2857142857142857,0.5714282937707824
2.0,implicit,0.3571428571428571,0.7142729540635588
2.0,implicit,0.42857142857142855,0.8566609356793615
2.0,implicit,0.5,0.9853404339639056
2.0,implicit,0.5714285714285714,0.8566609356793614
2.0,implicit,0.6428571428571428,0.7142729540635592
2.0,implicit,0.7142857142857142,0.5714282937707827
2.0,implicit,0.7857142857142857,0.42857227685945287
2.0,implicit,0.8571428571428571,0.28575183336018467
2.0,implicit,0.9285714285714285,0.14451104484235916
2.0,implicit,1.0,0.07615149282040128
3.0,implicit,0.0,-0.011706847847459028
3.0,implicit,0.07142857142857142,0.1441178045680454
3.0,implicit,0.14285714285714285,0.2857855833413541
3.0,implicit,0.21428571428571427,0.4285738886959973
3.0,implicit,0.2857142857142857,0.5714276194038945
3.0,implicit,0.3571428571428571,0.7142513533408494
3.0,implicit,0.42857142857142855,0.8561649254486301
3.0,implicit,0.5,0.9785523877147365
3.0,implicit,0.5714285714285714,0.8561649254486298
3.0,implicit,0.6428571428571428,0.7142513533408497
3.0,implicit,0.7142857142857142,0.571427619403895
3.0,implicit,0.7857142857142857,0.42857388869599716
3.0,implicit,0.8571428571428571,0.2857855833413542
3.0,implicit,0.9285714285714285,0.1441178045680456
3.0,implicit,1.0,-0.011706847847459028
4.0,implicit,0.0,0.03837173645764544
4.0,implicit,0.07142857142857142,0.14559035770797513
4.0,implicit,0.14285714285714285,0.28584797042460425
4.0,implicit,0.21428571428571427,0.42857678450572173
4.0,implicit,0.2857142857142857,0.5714261889500378
4.0,implicit,0.3571428571428571,0.714214875636786
4.0,implicit,0.42857142857142855,0.8555220968742531
4.0,implicit,0.5,0.9720894490449997
4.0,implicit,0.5714285714285714,0.8555220968742528
4.0,implicit,0.6428571428571428,0.7142148756367863
4.0,implicit,0.7142857142857142,0.5714261889500382
4.0,implicit,0.7857142857142857,0.4285767845057215
4.0,implicit,0.8571428571428571,0.2858479704246043
4.0,implicit,0.9285714285714285,0.14559035770797532
4.0,implicit,1.0,0.03837173645764544
5.0,implicit,0.0,-0.023473719296747606
5.0,implicit,0.07142857142857142,0.14520678698524517
5.0,implicit,0.14285714285714285,0.2858758212170239
5.0,implicit,0.21428571428571427,0.4285787481502238
5.0,implicit,0.2857142857142857,0.5714250764689415
5.0,implicit,0.3571428571428571,0.7141901623171261
5.0,implicit,0.42857142857142855,0.8551504793915231
5.0,implicit,0.5,0.9689722477863619
5.0,implicit,0.5714285714285714,0.8551504793915229
5.0,implicit,0.6428571428571428,0.7141901623171264
5.0,implicit,0.7142857142857142,0.5714250764689417
5.0,implicit,0.7857142857142857,0.4285787481502235
5.0,implicit,0.8571428571428571,0.28587582121702393
5.0,implicit,0.9285714285714285,0.14520678698524536
5.0,implicit,1.0,-0.023473719296747606
6.0,implicit,0.0,-0.023170884640623113
6.0,implicit,0.07142857142857142,0.14513169864405023
6.0,implicit,0.14285714285714285,0.28593232080073944
6.0,implicit,0.21428571428571427,0.4285836146627411
6.0,implicit,0.2857142857142857,0.5714218011226415
6.0,implicit,0.3571428571428571,0.7141262821341436
6.0,implicit,0.42857142857142855,0.854315727418123
6.0,implicit,0.5,0.9629522128684157
6.0,implicit,0.5714285714285714,0.8543157274181228
6.0,implicit,0.6428571428571428,0.714126282134144
6.0,implicit,0.7142857142857142,0.5714218011226418
6.0,implicit,0.7857142857142857,0.42858361466274075
6.0,implicit,0.8571428571428571,0.2859323208007394
6.0,implicit,0.9285714285714285,0.14513169864405046
6.0,implicit,1.0,-0.023170884640623113
7.0,implicit,0.0,0.012098113578301706
7.0,implicit,0.07142857142857142,0.14487773494309855
7.0,implicit,0.14285714285714285,0.2859729493906214
7.0,implicit,0.21428571428571427,0.42858923173149527
7.0,implicit,0.2857142857142857,0.5714167494323399
7.0,implicit,0.3571428571428571,0.7140414634177984
7.0,implicit,0.42857142857142855,0.8533698080784184
7.0,implicit,0.5,0.9572004917599392
7.0,implicit,0.5714285714285714,0.8533698080784183
7.0,implicit,0.6428571428571428,0.7140414634177987
7.0,implicit,0.7142857142857142,0.5714167494323401
7.0,implicit,0.7857142857142857,0.4285892317314949
7.0,implicit,0.8571428571428571,0.2859729493906213
7.0,implicit,0.9285714285714285,0.14487773494309877
7.0,implicit,1.0,0.012098113578301706
8.0,implicit,0.0,-0.0956640122328899
8.0,implicit,0.07142857142857142,0.14355231445776362
8.0,implicit,0.14285714285714285,0.2859755944437621
8.0,implicit,0.21428571428571427,0.4285920378484722
8.0,implicit,0.2857142857142857,0.5714134068708314
8.0,implicit,0.3571428571428571,0.7139906747073576
8.0,implicit,0.42857142857142855,0.8528589354203614
8.0,implicit,0.5,0.9544190953468036
8.0,implicit,0.5714285714285714,0.8528589354203613
8.0,implicit,0.6428571428571428,0.7139906747073579
8.0,implicit,0.7142857142857142,0.5714134068708316
8.0,implicit,0.7857142857142857,0.42859203784847183
8.0,implicit,0.8571428571428571,0.28597559444376197
8.0,implicit,0.9285714285714285,0.14355231445776387
8.0,implicit,1.0,-0.0956640122328899
9.0,implicit,0.0,-0.028114376462048635
9.0,implicit,0.07142857142857142,0.1420284599491009
9.0,implicit,0.14285714285714285,0.28594534886484474
9.0,implicit,0.21428571428571427,0.42859669015494933
9.0,implicit,0.2857142857142857,0.5714047582489349
9.0,implicit,0.3571428571428571,0.7138714880082386
9.0,implicit,0.42857142857142855,0.8517682758141752
9.0,implicit,0.5,0.9490338184095947
9.0,implicit,0.5714285714285714,0.8517682758141751
9.0,implicit,0.6428571428571428,0.713871488008239
9.0,implicit,0.7142857142857142,0.5714047582489352
9.0,implicit,0.7857142857142857,0.4285966901549488
9.0,implicit,0.8571428571428571,0.2859453488648445
9.0,implicit,0.9285714285714285,0.14202845994910115
9.0,implicit,1.0,-0.028114376462048635
10.0,implicit,0.0,0.015712366629763694
10.0,implicit,0.07142857142857142,0.1416296159213572
10.0,implicit,0.14285714285714285,0.28589837396657825
10.0,implicit,0.21428571428571427,0.428599628409793
10.0,implicit,0.2857142857142857,0.5713930371523431
10.0,implicit,0.3571428571428571,0.7137279282456976
10.0,implicit,0.42857142857142855,0.8505941683781091
10.0,implicit,0.5,0.9438711114221872
10.0,implicit,0.5714285714285714,0.8505941683781092
10.0,implicit,0.6428571428571428,0.713727928245698
10.0,implicit,0.7142857142857142,0.5713930371523435
10.0,implicit,0.7857142857142857,0.4285996284097925
10.0,implicit,0.8571428571428571,0.285898373966578
10.0,implicit,0.9285714285714285,0.14162961592135748
10.0,implicit,1.0,0.015712366629763694
11.0,implicit,0.0,-0.04540120377606055
11.0,implicit,0.07142857142857142,0.14105928961314038
11.0,implicit,0.14285714285714285,0.2858698903087202
11.0,implicit,0.21428571428571427,0.4286003812912847
11.0,implicit,0.2857142857142857,0.5713858538394642
11.0,implicit,0.3571428571428571,0.7136467421167058
11.0,implicit,0.42857142857142855,0.8499787550957069
11.0,implicit,0.5,0.9413682556831238
11.0,implicit,0.5714285714285714,0.849978755095707
11.0,implicit,0.6428571428571428,0.7136467421167061
11.0,implicit,0.7142857142857142,0.5713858538394646
11.0,implicit,0.7857142857142857,0.42860038129128414
11.0,implicit,0.8571428571428571,0.2858698903087199
11.0,implicit,0.9285714285714285,0.14105928961314063
11.0,implicit,1.0,-0.04540120377606055
12.0,implicit,0.0,0.07328243844607771
12.0,implicit,0.07142857142857142,0.1412172238042612
12.0,implicit,0.14285714285714285,0.28580571516277004
12.0,implicit,0.21428571428571427,0.42860012104628054
12.0,implicit,0.2857142857142857,0.5713684982637969
12.0,implicit,0.3571428571428571,0.7134651679589378
12.0,implicit,0.42857142857142855,0.8486965786160464
12.0,implicit,0.5,0.9365103199635947
12.0,implicit,0.5714285714285714,0.8486965786160464
12.0,implicit,0.6428571428571428,0.7134651679589381
12.0,implicit,0.7142857142857142,0.5713684982637974
12.0,implicit,0.7857142857142857,0.42860012104627987
12.0,implicit,0.8571428571428571,0.28580571516276976
12.0,implicit,0.9285714285714285,0.1412172238042614
12.0,implicit,1.0,0.07328243844607771
13.0,implicit,0.0,0.003376410234396192
13.0,implicit,0.07142857142857142,0.14120346556951804
13.0,implicit,0.14285714285714285,0.2857569330191231
13.0,implicit,0.21428571428571427,0.4285980337229535
13.0,implicit,0.2857142857142857,0.5713467231643877
13.0,implicit,0.3571428571428571,0.7132576398026107
13.0,implicit,0.42857142857142855,0.8473524879035861
13.0,implicit,0.5,0.9318380007376939
13.0,implicit,0.5714285714285714,0.8473524879035861
13.0,implicit,0.6428571428571428,0.7132576398026109
13.0,implicit,0.7142857142857142,0.5713467231643881
13.0,implicit,0.7857142857142857,0.4285980337229528
13.0,implicit,0.8571428571428571,0.2857569330191227
13.0,implicit,0.9285714285714285,0.14120346556951832
13.0,implicit,1.0,0.003376410234396192
14.0,implicit,0.0,-0.07123740931067284
14.0,implicit,0.07142857142857142,0.14029817477524678
14.0,implicit,0.14285714285714285,0.285722019152354
14.0,implicit,0.21428571428571427,0.42859616735816286
14.0,implicit,0.2857142857142857,0.5713340183387868
14.0,implicit,0.3571428571428571,0.7131440590196806
14.0,implicit,0.42857142857142855,0.8466595017608626
14.0,implicit,0.5,0.9295674272496063
14.0,implicit,0.5714285714285714,0.8466595017608626
14.0,implicit,0.6428571428571428,0.7131440590196808
14.0,implicit,0.7142857142857142,0.5713340183387872
14.0,implicit,0.7857142857142857,0.42859616735816214
14.0,implicit,0.8571428571428571,0.2857220191523536
14.0,implicit,0.9285714285714285,0.14029817477524706
14.0,implicit,1.0,-0.07123740931067284
15.0,implicit,0.0,0.005546129485493305
15.0,implicit,0.07142857142857142,0.14015232817789866
15.0,implicit,0.14285714285714285,0.28564908057766375
15.0,implicit,0.21428571428571427,0.42859054516099976
15.0,implicit,0.2857142857142857,0.5713046592207367
15.0,implicit,0.3571428571428571,0.7128971948252415
15.0,implicit,0.42857142857142855,0.8452358138818818
15.0,implicit,0.5,0.9251499804534536
15.0,implicit,0.5714285714285714,0.845235813881882
15.0,implicit,0.6428571428571428,0.7128971948252418
15.0,implicit,0.7142857142857142,0.5713046592207369
15.0,implicit,0.7857142857142857,0.4285905451609991
15.0,implicit,0.8571428571428571,0.2856490805776635
15.0,implicit,0.9285714285714285,0.14015232817789894
15.0,implicit,1.0,0.005546129485493305
16.0,implicit,0.0,0.0187849009172836
16.0,implicit,0.07142857142857142,0.1397950262903483
16.0,implicit,0.14285714285714285,0.2855679160811965
16.0,implicit,0.21428571428571427,0.42858223632700315
16.0,implicit,0.2857142857142857,0.5712696305286157
16.0,implicit,0.3571428571428571,0.712624082409547
16.0,implicit,0.42857142857142855,0.8437669199333233
16.0,implicit,0.5,0.9208882030016013
16.0,implicit,0.5714285714285714,0.8437669199333234
16.0,implicit,0.6428571428571428,0.712624082409547
16.0,implicit,0.7142857142857142,0.571269630528616
16.0,implicit,0.7857142857142857,0.4285822363270026
16.0,implicit,0.8571428571428571,0.28556791608119625
16.0,implicit,0.9285714285714285,0.13979502629034857
16.0,implicit,1.0,0.0187849009172836
17.0,implicit,0.0,-0.03003193449594025
17.0,implicit,0.07142857142857142,0.1394738777945376
17.0,implicit,0.14285714285714285,0.2855267997018723
17.0,implicit,0.21428571428571427,0.4285770672302477
17.0,implicit,0.2857142857142857,0.5712498450267152
17.0,implicit,0.3571428571428571,0.7124777236151792
17.0,implicit,0.42857142857142855,0.8430172857217239
17.0,implicit,0.5,0.9188124251657318
17.0,implicit,0.5714285714285714,0.8430172857217239
17.0,implicit,0.6428571428571428,0.7124777236151791
17.0,implicit,0.7142857142857142,0.5712498450267155
17.0,implicit,0.7857142857142857,0.4285770672302472
17.0,implicit,0.8571428571428571,0.28552679970187206
17.0,implicit,0.9285714285714285,0.13947387779453788
17.0,implicit,1.0,-0.03003193449594025
18.0,implicit,0.0,-0.030085330611469847
18.0,implicit,0.07142857142857142,0.139055033335852
18.0,implicit,0.14285714285714285,0.2854406093285689
18.0,implicit,0.21428571428571427,0.42856458230256217
18.0,implicit,0.2857142857142857,0.5712054558589141
18.0,implicit,0.3571428571428571,0.7121655477783181
18.0,implicit,0.42857142857142855,0.8414908701010108
18.0,implicit,0.5,0.9147650150670069
18.0,implicit,0.5714285714285714,0.8414908701010108
18.0,implicit,0.6428571428571428,0.7121655477783179
18.0,implicit,0.7142857142857142,0.5712054558589146
18.0,implicit,0.7857142857142857,0.42856458230256156
18.0,implicit,0.8571428571428571,0.2854406093285687
18.0,implicit,0.9285714285714285,0.13905503333585226
18.0,implicit,1.0,-0.030085330611469847
19.0,implicit,0.0,-0.0006748612368966961
19.0,implicit,0.07142857142857142,0.14043931952936153
19.0,implicit,0.14285714285714285,0.28539026337445556
19.0,implicit,0.21428571428571427,0.42854986795284594
19.0,implicit,0.2857142857142857,0.5711543075359006
19.0,implicit,0.3571428571428571,0.7118276989803776
19.0,implicit,0.42857142857142855,0.8399321920381538
19.0,implicit,0.5,0.9108489228687934
19.0,implicit,0.5714285714285714,0.8399321920381538
19.0,implicit,0.6428571428571428,0.7118276989803772
19.0,implicit,0.7142857142857142,0.571154307535901
19.0,implicit,0.7857142857142857,0.4285498679528453
19.0,implicit,0.8571428571428571,0.2853902633744553
19.0,implicit,0.9285714285714285,0.14043931952936178
19.0,implicit,1.0,-0.0006748612368966961
20.0,implicit,0.0,-0.05288554644779502
20.0,implicit,0.07142857142857142,0.13979414186683647
20.0,implicit,0.14285714285714285,0.28535767925989053
20.0,implicit,0.21428571428571427,0.42854165804658645
20.0,implicit,0.2857142857142857,0.5711260823154389
20.0,implicit,0.3571428571428571,0.7116492700841555
20.0,implicit,0.42857142857142855,0.8391421201777105
20.0,implicit,0.5,0.9089374596819371
20.0,implicit,0.5714285714285714,0.8391421201777106
20.0,implicit,0.6428571428571428,0.7116492700841551
20.0,implicit,0.7142857142857142,0.5711260823154393
20.0,implicit,0.7857142857142857,0.4285416580465857
20.0,implicit,0.8571428571428571,0.2853576792598902
20.0,implicit,0.9285714285714285,0.1397941418668367
20.0,implicit,1.0,-0.05288554644779502
21.0,implicit,0.0,-0.06104218249855112
21.0,implicit,0.07142857142857142,0.1396647812744486
21.0,implicit,0.14285714285714285,0.28530112082758813
21.0,implicit,0.21428571428571427,0.4285236144052146
21.0,implicit,0.2857142857142857,0.5710641137456249
21.0,implicit,0.3571428571428571,0.7112736914391863
21.0,implicit,0.42857142857142855,0.8375430057537304
21.0,implicit,0.5,0.9052027402207904
21.0,implicit,0.5714285714285714,0.8375430057537304
21.0,implicit,0.6428571428571428,0.7112736914391861
21.0,implicit,0.7142857142857142,0.5710641137456255
21.0,implicit,0.7857142857142857,0.42852361440521386
21.0,implicit,0.8571428571428571,0.28530112082758785
21.0,implicit,0.9285714285714285,0.13966478127444884
21.0,implicit,1.0,-0.06104218249855112
22.0,implicit,0.0,-0.09798350619398878
22.0,implicit,0.07142857142857142,0.1386499896865095
22.0,implicit,0.14285714285714285,0.28522653661513664
22.0,implicit,0.21428571428571427,0.4285029351459857
22.0,implicit,0.2857142857142857,0.5709945141091148
22.0,implicit,0.3571428571428571,0.7108735831457754
22.0,implicit,0.42857142857142855,0.8359216356492555
22.0,implicit,0.5,0.9015794660462799
22.0,implicit,0.5714285714285714,0.8359216356492555
22.0,implicit,0.6428571428571428,0.7108735831457753
22.0,implicit,0.7142857142857142,0.5709945141091155
22.0,implicit,0.7857142857142857,0.428502935145985
22.0,implicit,0.8571428571428571,0.2852265366151363
22.0,implicit,0.9285714285714285,0.1386499896865097
22.0,implicit,1.0,-0.09798350619398878
23.0,implicit,0.0,-0.06640930244492153
23.0,implicit,0.07142857142857142,0.1378697857053196
23.0,implicit,0.14285714285714285,0.28517199653546277
23.0,implicit,0.21428571428571427,0.42849124457186627
23.0,implicit,0.2857142857142857,0.5709567512490015
23.0,implicit,0.3571428571428571,0.7106645049540791
23.0,implicit,0.42857142857142855,0.835103658695818
23.0,implicit,0.5,0.8998074436746458
23.0,implicit,0.5714285714285714,0.835103658695818
23.0,implicit,0.6428571428571428,0.710664504954079
23.0,implicit,0.7142857142857142,0.570956751249002
23.0,implicit,0.7857142857142857,0.4284912445718655
23.0,implicit,0.8571428571428571,0.28517199653546244
23.0,implicit,0.9285714285714285,0.13786978570531983
23.0,implicit,1.0,-0.06640930244492153
24.0,implicit,0.0,0.03692332899977052
24.0,implicit,0.07142857142857142,0.13873584046104775
24.0,implicit,0.14285714285714285,0.28508159807560046
24.0,implicit,0.21428571428571427,0.4284653342929532
24.0,implicit,0.2857142857142857,0.5708751120988669
24.0,implicit,0.3571428571428571,0.7102286744419795
24.0,implicit,0.42857142857142855,0.8334550446786427
24.0,implicit,0.5,0.8963385658492894
24.0,implicit,0.5714285714285714,0.8334550446786425
24.0,implicit,0.6428571428571428,0.7102286744419796
24.0,implicit,0.7142857142857142,0.5708751120988674
24.0,implicit,0.7857142857142857,0.42846533429295247
24.0,implicit,0.8571428571428571,0.28508159807560013
24.0,implicit,0.9285714285714285,0.13873584046104795
24.0,implicit,1.0,0.03692332899977052
25.0,implicit,0.0,-0.005782414119412027
25.0,implicit,0.07142857142857142,0.13896863536751303
25.0,implicit,0.14285714285714285,0.2850090200248101
25.0,implicit,0.21428571428571427,0.42843650345341483
25.0,implicit,0.2857142857142857,0.570785107226531
25.0,implicit,0.3571428571428571,0.7097698039347731
25.0,implicit,0.42857142857142855,0.8317918907763633
25.0,implicit,0.5,0.8929648538950629
25.0,implicit,0.5714285714285714,0.8317918907763631
25.0,implicit,0.6428571428571428,0.7097698039347732
25.0,implicit,0.7142857142857142,0.5707851072265315
25.0,implicit,0.7857142857142857,0.42843650345341405
25.0,implicit,0.8571428571428571,0.2850090200248097
25.0,implicit,0.9285714285714285,0.13896863536751317
25.0,implicit,1.0,-0.005782414119412027
26.0,implicit,0.0,-0.01505518477946444
26.0,implicit,0.07142857142857142,0.13886174363165832
26.0,implicit,0.14285714285714285,0.28497256304159685
26.0,implicit,0.21428571428571427,0.4284209952937125
26.0,implicit,0.2857142857142857,0.5707368948567844
26.0,implicit,0.3571428571428571,0.7095319327700946
26.0,implicit,0.42857142857142855,0.830955672286282
26.0,implicit,0.5,0.8913118968053025
26.0,implicit,0.5714285714285714,0.8309556722862818
26.0,implicit,0.6428571428571428,0.7095319327700947
26.0,implicit,0.7142857142857142,0.5707368948567849
26.0,implicit,0.7857142857142857,0.42842099529371175
26.0,implicit,0.8571428571428571,0.28497256304159646
26.0,implicit,0.9285714285714285,0.13886174363165843
26.0,implicit,1.0,-0.01505518477946444
27.0,implicit,0.0,-0.03599221041973543
27.0,implicit,0.07142857142857142,0.1376117073679548
27.0,implicit,0.14285714285714285,0.28487367790176293
27.0,implicit,0.21428571428571427,0.4283872469040993
27.0,implicit,0.2857142857142857,0.5706339112987325
27.0,implicit,0.3571428571428571,0.7090397395881363
27.0,implicit,0.42857142857142855,0.8292754303615685
27.0,implicit,0.5,0.888070438837322
27.0,implicit,0.5714285714285714,0.8292754303615683
27.0,implicit,0.6428571428571428,0.7090397395881364
27.0,implicit,0.7142857142857142,0.5706339112987331
27.0,implicit,0.7857142857142857,0.42838724690409863
27.0,implicit,0.8571428571428571,0.2848736779017625
27.0,implicit,0.9285714285714285,0.13761170736795492
27.0,implicit,1.0,-0.03599221041973543
28.0,implicit,0.0,0.05285611131094579
28.0,implicit,0.07142857142857142,0.1382692914572821
28.0,implicit,0.14285714285714285,0.2847807947266343
28.0,implicit,0.21428571428571427,0.42834980271315704
28.0,implicit,0.2857142857142857,0.5705220134599394
28.0,implicit,0.3571428571428571,0.7085261855370203
28.0,implicit,0.42857142857142855,0.8275865775001104
28.0,implicit,0.5,0.8849107571260252
28.0,implicit,0.5714285714285714,0.8275865775001101
28.0,implicit,0.6428571428571428,0.7085261855370202
28.0,implicit,0.7142857142857142,0.57052201345994
28.0,implicit,0.7857142857142857,0.42834980271315637
28.0,implicit,0.8571428571428571,0.2847807947266338
28.0,implicit,0.9285714285714285,0.1382692914572822
28.0,implicit,1.0,0.05285611131094579
29.0,implicit,0.0,0.01718091447842307
29.0,implicit,0.07142857142857142,0.1386076730186008
29.0,implicit,0.14285714285714285,0.28474582136383497
29.0,implicit,0.21428571428571427,0.4283299286509242
29.0,implicit,0.2857142857142857,0.5704626693300526
29.0,implicit,0.3571428571428571,0.7082616161684012
29.0,implicit,0.42857142857142855,0.8267395433479259
29.0,implicit,0.5,0.8833601074038419
29.0,implicit,0.5714285714285714,0.8267395433479257
29.0,implicit,0.6428571428571428,0.7082616161684011
29.0,implicit,0.7142857142857142,0.5704626693300532
29.0,implicit,0.7857142857142857,0.4283299286509235
29.0,implicit,0.8571428571428571,0.28474582136383453
29.0,implicit,0.9285714285714285,0.13860767301860094
29.0,implicit,1.0,0.01718091447842307
30.0,implicit,0.0,0.01620419846973975
30.0,implicit,0.07142857142857142,0.13787625691918007
30.0,implicit,0.14285714285714285,0.28465411299286236
30.0,implicit,0.21428571428571427,0.4282874290251817
30.0,implicit,0.2857142857142857,0.5703370956546698
30.0,implicit,0.3571428571428571,0.7077173330419055
30.0,implicit,0.42857142857142855,0.8250413903309083
30.0,implicit,0.5,0.8803144300258876
30.0,implicit,0.5714285714285714,0.8250413903309081
30.0,implicit,0.6428571428571428,0.7077173330419054
30.0,implicit,0.7142857142857142,0.5703370956546704
30.0,implicit,0.7857142857142857,0.428287429025181
30.0,implicit,0.8571428571428571,0.2846541129928619
30.0,implicit,0.9285714285714285,0.1378762569191802
30.0,implicit,1.0,0.01620419846973975
31.0,implicit,0.0,-0.03384610001529794
31.0,implicit,0.07142857142857142,0.13740769173833667
31.0,implicit,0.14285714285714285,0.28456245708668926
31.0,implicit,0.21428571428571427,0.42824132658036745
31.0,implicit,0.2857142857142857,0.570202233835865
31.0,implicit,0.3571428571428571,0.7071534470403186
31.0,implicit,0.42857142857142855,0.8233391621233632
31.0,implicit,0.5,0.8773394694814307
31.0,implicit,0.5714285714285714,0.8233391621233631
31.0,implicit,0.6428571428571428,0.7071534470403185
31.0,implicit,0.7142857142857142,0.5702022338358654
31.0,implicit,0.7857142857142857,0.42824132658036673
31.0,implicit,0.8571428571428571,0.28456245708668876
31.0,implicit,0.9285714285714285,0.1374076917383368
31.0,implicit,1.0,-0.03384610001529794
32.0,implicit,0.0,0.030583814442043396
32.0,implicit,0.07142857142857142,0.13794470853035934
32.0,implicit,0.14285714285714285,0.2845229619446855
32.0,implicit,0.21428571428571427,0.42821695699204876
32.0,implicit,0.2857142857142857,0.5701312853401165
32.0,implicit,0.3571428571428571,0.7068643741203628
32.0,implicit,0.42857142857142855,0.8224869934670169
32.0,implicit,0.5,0.8758772861923337
32.0,implicit,0.5714285714285714,0.8224869934670168
32.0,implicit,0.6428571428571428,0.7068643741203628
32.0,implicit,0.7142857142857142,0.5701312853401168
32.0,implicit,0.7857142857142857,0.428216956992048
32.0,implicit,0.8571428571428571,0.284522961944685
32.0,implicit,0.9285714285714285,0.13794470853035948
32.0,implicit,1.0,0.030583814442043396
33.0,implicit,0.0,0.04656400595580993
33.0,implicit,0.07142857142857142,0.13946018147832914
33.0,implicit,0.14285714285714285,0.28447670080897686
33.0,implicit,0.21428571428571427,0.4281662317429773
33.0,implicit,0.2857142857142857,0.5699823101586678
33.0,implicit,0.3571428571428571,0.706272409497001
33.0,implicit,0.42857142857142855,0.8207814070551371
33.0,implicit,0.5,0.8730012234863174
33.0,implicit,0.5714285714285714,0.8207814070551371
33.0,implicit,0.6428571428571428,0.706272409497001
33.0,implicit,0.7142857142857142,0.5699823101586685
33.0,implicit,0.7857142857142857,0.42816623174297647
33.0,implicit,0.8571428571428571,0.28447670080897636
33.0,implicit,0.9285714285714285,0.13946018147832925
33.0,implicit,1.0,0.04656400595580993
34.0,implicit,0.0,-0.01546061879256073
34.0,implicit,0.07142857142857142,0.1388549079340488
34.0,implicit,0.14285714285714285,0.28442637978870544
34.0,implicit,0.21428571428571427,0.4281128444946978
34.0,implicit,0.2857142857142857,0.5698238613225814
34.0,implicit,0.3571428571428571,0.7056626043493558
34.0,implicit,0.42857142857142855,0.8190751955095777
34.0,implicit,0.5,0.8701867023673457
34.0,implicit,0.5714285714285714,0.819075195509578
34.0,implicit,0.6428571428571428,0.7056626043493559
34.0,implicit,0.7142857142857142,0.569823861322582
34.0,implicit,0.7857142857142857,0.42811284449469694
34.0,implicit,0.8571428571428571,0.28442637978870494
34.0,implicit,0.9285714285714285,0.13885490793404892
34.0,implicit,1.0,-0.01546061879256073
35.0,implicit,0.0,0.016563171570178198
35.0,implicit,0.07142857142857142,0.13916490310618043
35.0,implicit,0.14285714285714285,0.28440501808830354
35.0,implicit,0.21428571428571427,0.42808512695344736
35.0,implicit,0.2857142857142857,0.569741074207631
35.0,implicit,0.3571428571428571,0.705351229071698
35.0,implicit,0.42857142857142855,0.818222213893891
35.0,implicit,0.5,0.868801503153141
35.0,implicit,0.5714285714285714,0.8182222138938913
35.0,implicit,0.6428571428571428,0.705351229071698
35.0,implicit,0.7142857142857142,0.5697410742076315
35.0,implicit,0.7857142857142857,0.42808512695344647
35.0,implicit,0.8571428571428571,0.284405018088303
35.0,implicit,0.9285714285714285,0.13916490310618054
35.0,implicit,1.0,0.016563171570178198
36.0,implicit,0.0,-0.0239587118922645
36.0,implicit,0.07142857142857142,0.13963764931146064
36.0,implicit,0.14285714285714285,0.2843786428803698
36.0,implicit,0.21428571428571427,0.4280279823165065
36.0,implicit,0.2857142857142857,0.5695683722906847
36.0,implicit,0.3571428571428571,0.7047159631941096
36.0,implicit,0.42857142857142855,0.8165171482169694
36.0,implicit,0.5,0.8660733185874953
36.0,implicit,0.5714285714285714,0.8165171482169696
36.0,implicit,0.6428571428571428,0.7047159631941096
36.0,implicit,0.7142857142857142,0.569568372290685
36.0,implicit,0.7857142857142857,0.42802798231650563
36.0,implicit,0.8571428571428571,0.28437864288036924
36.0,implicit,0.9285714285714285,0.13963764931146078
36.0,implicit,1.0,-0.0239587118922645
37.0,implicit,0.0,-0.05531674870030141
37.0,implicit,0.07142857142857142,0.13891342629671713
37.0,implicit,0.14285714285714285,0.28433837281190383
37.0,implicit,0.21428571428571427,0.42796817893006667
37.0,implicit,0.2857142857142857,0.5693861714299606
37.0,implicit,0.3571428571428571,0.7040645757254198
37.0,implicit,0.42857142857142855,0.81481406220954
37.0,implicit,0.5,0.863399028399895
37.0,implicit,0.5714285714285714,0.8148140622095403
37.0,implicit,0.6428571428571428,0.7040645757254199
37.0,implicit,0.7142857142857142,0.5693861714299608
37.0,implicit,0.7857142857142857,0.4279681789300657
37.0,implicit,0.8571428571428571,0.28433837281190316
37.0,implicit,0.9285714285714285,0.13891342629671724
37.0,implicit,1.0,-0.05531674870030141
38.0,implicit,0.0,-0.05981033120403354
38.0,implicit,0.07142857142857142,0.13820259169192717
38.0,implicit,0.14285714285714285,0.2843045566224736
38.0,implicit,0.21428571428571427,0.42793698676077335
38.0,implicit,0.2857142857142857,0.5692915095235338
38.0,implicit,0.3571428571428571,0.7037330454784786
38.0,implicit,0.42857142857142855,0.8139635306527503
38.0,implicit,0.5,0.8620812436079183
38.0,implicit,0.5714285714285714,0.8139635306527506
38.0,implicit,0.6428571428571428,0.7037330454784787
38.0,implicit,0.7142857142857142,0.569291509523534
38.0,implicit,0.7857142857142857,0.42793698676077235
38.0,implicit,0.8571428571428571,0.28430455662247295
38.0,implicit,0.9285714285714285,0.13820259169192728
38.0,implicit,1.0,-0.05981033120403354
39.0,implicit,0.0,0.06781200142854114
39.0,implicit,0.07142857142857142,0.1398404220112
39.0,implicit,0.14285714285714285,0.2842685444736936
39.0,implicit,0.21428571428571427,0.42787239698588914
39.0,implicit,0.2857142857142857,0.569095075152572
39.0,implicit,0.3571428571428571,0.7030587224803677
39.0,implicit,0.42857142857142855,0.8122649757713702
39.0,implicit,0.5,0.8594827959868627
39.0,implicit,0.5714285714285714,0.8122649757713706
39.0,implicit,0.6428571428571428,0.7030587224803678
39.0,implicit,0.7142857142857142,0.5690950751525722
39.0,implicit,0.7857142857142857,0.427872396985888
39.0,implicit,0.8571428571428571,0.28426854447369293
39.0,implicit,0.9285714285714285,0.13984042201120012
39.0,implicit,1.0,0.06781200142854114
40.0,implicit,0.0,0.05017664489460121
40.0,implicit,0.07142857142857142,0.1405828274385927
40.0,implicit,0.14285714285714285,0.28425560441268516
40.0,implicit,0.21428571428571427,0.42780538628870013
40.0,implicit,0.2857142857142857,0.56888920278808
40.0,implicit,0.3571428571428571,0.7023699195326675
40.0,implicit,0.42857142857142855,0.810570348040417
40.0,implicit,0.5,0.856931838640324
40.0,implicit,0.5714285714285714,0.8105703480404173
40.0,implicit,0.6428571428571428,0.7023699195326675
40.0,implicit,0.7142857142857142,0.5688892027880803
40.0,implicit,0.7857142857142857,0.427805386288699
40.0,implicit,0.8571428571428571,0.2842556044126844
40.0,implicit,0.9285714285714285,0.14058282743859282
40.0,implicit,1.0,0.05017664489460121
41.0,implicit,0.0,0.018081801252381707
41.0,implicit,0.07142857142857142,0.14086503361670122
41.0,implicit,0.14285714285714285,0.2842572697501901
41.0,implicit,0.21428571428571427,0.4277711224519143
41.0,implicit,0.2857142857142857,0.5687827494894094
41.0,implicit,0.3571428571428571,0.7020202857956285
41.0,implicit,0.42857142857142855,0.8097247063750324
41.0,implicit,0.5,0.8556734546084644
41.0,implicit,0.5714285714285714,0.8097247063750326
41.0,implicit,0.6428571428571428,0.7020202857956285
41.0,implicit,0.7142857142857142,0.5687827494894097
41.0,implicit,0.7857142857142857,0.4277711224519131
41.0,implicit,0.8571428571428571,0.2842572697501893
41.0,implicit,0.9285714285714285,0.14086503361670133
41.0,implicit,1.0,0.018081801252381707
42.0,implicit,0.0,0.018069780275420697
42.0,implicit,0.07142857142857142,0.14075376659383526
42.0,implicit,0.14285714285714285,0.2842524555606724
42.0,implicit,0.21428571428571427,0.4277008507543642
42.0,implicit,0.2857142857142857,0.5685628574244179
42.0,implicit,0.3571428571428571,0.7013109405569284
42.0,implicit,0.42857142857142855,0.8080371255089267
42.0,implicit,0.5,0.8531895303821836
42.0,implicit,0.5714285714285714,0.8080371255089269
42.0,implicit,0.6428571428571428,0.7013109405569284
42.0,implicit,0.7142857142857142,0.5685628574244184
42.0,implicit,0.7857142857142857,0.427700850754363
42.0,implicit,0.8571428571428571,0.2842524555606716
42.0,implicit,0.9285714285714285,0.14075376659383534
42.0,implicit,1.0,0.018069780275420697
43.0,implicit,0.0,-0.001791301955497577
43.0,implicit,0.07142857142857142,0.14180023854015
43.0,implicit,0.14285714285714285,0.28427742949536233
43.0,implicit,0.21428571428571427,0.427628801604288
43.0,implicit,0.2857142857142857,0.5683337339715413
43.0,implicit,0.3571428571428571,0.7005886620767785
43.0,implicit,0.42857142857142855,0.8063549088462211
43.0,implicit,0.5,0.8507477069823213
43.0,implicit,0.5714285714285714,0.8063549088462213
43.0,implicit,0.6428571428571428,0.7005886620767784
43.0,implicit,0.7142857142857142,0.5683337339715417
43.0,implicit,0.7857142857142857,0.4276288016042868
43.0,implicit,0.8571428571428571,0.2842774294953615
43.0,implicit,0.9285714285714285,0.1418002385401501
43.0,implicit,1.0,-0.001791301955497577
44.0,implicit,0.0,0.07823218279070032
44.0,implicit,0.07142857142857142,0.14285230086473763
44.0,implicit,0.14285714285714285,0.2843026164849425
44.0,implicit,0.21428571428571427,0.42759229213146077
44.0,implicit,0.2857142857142857,0.5682157473991378
44.0,implicit,0.3571428571428571,0.700222857937333
44.0,implicit,0.42857142857142855,0.8055159576798051
44.0,implicit,0.5,0.8495419800439533
44.0,implicit,0.5714285714285714,0.8055159576798053
44.0,implicit,0.6428571428571428,0.7002228579373327
44.0,implicit,0.7142857142857142,0.5682157473991383
44.0,implicit,0.7857142857142857,0.42759229213145955
44.0,implicit,0.8571428571428571,0.28430261648494165
44.0,implicit,0.9285714285714285,0.1428523008647377
44.0,implicit,1.0,0.07823218279070032
45.0,implicit,0.0,0.04109512521876119
45.0,implicit,0.07142857142857142,0.1416639688610855
45.0,implicit,0.14285714285714285,0.2843107857490894
45.0,implicit,0.21428571428571427,0.42751748674495405
45.0,implicit,0.2857142857142857,0.5679729917091411
45.0,implicit,0.3571428571428571,0.6994822806618982
45.0,implicit,0.42857142857142855,0.8038426291383476
45.0,implicit,0.5,0.8471597576455353
45.0,implicit,0.5714285714285714,0.8038426291383478
45.0,implicit,0.6428571428571428,0.6994822806618981
45.0,implicit,0.7142857142857142,0.5679729917091416
45.0,implicit,0.7857142857142857,0.42751748674495277
45.0,implicit,0.8571428571428571,0.2843107857490885
45.0,implicit,0.9285714285714285,0.1416639688610856
45.0,implicit,1.0,0.04109512521876119
46.0,implicit,0.0,-0.014950367523293373
46.0,implicit,0.07142857142857142,0.14154728905074826
46.0,implicit,0.14285714285714285,0.28432335715513507
46.0,implicit,0.21428571428571427,0.427440423542765
46.0,implicit,0.2857142857142857,0.567721287091739
46.0,implicit,0.3571428571428571,0.698730212999033
46.0,implicit,0.42857142857142855,0.8021757063897709
46.0,implicit,0.5,0.8448150777191769
46.0,implicit,0.5714285714285714,0.802175706389771
46.0,implicit,0.6428571428571428,0.698730212999033
46.0,implicit,0.7142857142857142,0.5677212870917394
46.0,implicit,0.7857142857142857,0.42744042354276374
46.0,implicit,0.8571428571428571,0.28432335715513424
46.0,implicit,0.9285714285714285,0.14154728905074832
46.0,implicit,1.0,-0.014950367523293373
47.0,implicit,0.0,0.004588038826775115
47.0,implicit,0.07142857142857142,0.141624884843423
47.0,implicit,0.14285714285714285,0.28432841042897317
47.0,implicit,0.21428571428571427,0.4274009674094933
47.0,implicit,0.2857142857142857,0.5675921147597717
47.0,implicit,0.3571428571428571,0.6983500417098846
47.0,implicit,0.42857142857142855,0.8013447510596489
47.0,implicit,0.5,0.8436563044088081
47.0,implicit,0.5714285714285714,0.801344751059649
47.0,implicit,0.6428571428571428,0.6983500417098846
47.0,implicit,0.7142857142857142,0.5675921147597721
47.0,implicit,0.7857142857142857,0.42740096740949196
47.0,implicit,0.8571428571428571,0.2843284104289724
47.0,implicit,0.9285714285714285,0.14162488484342303
47.0,implicit,1.0,0.004588038826775115
48.0,implicit,0.0,-0.010983594391875597
48.0,implicit,0.07142857142857142,0.14021708292116025
48.0,implicit,0.14285714285714285,0.2843007434066375
48.0,implicit,0.21428571428571427,0.4273194086797165
48.0,implicit,0.2857142857142857,0.5673271914240012
48.0,implicit,0.3571428571428571,0.6975817570930761
48.0,implicit,0.42857142857142855,0.7996880357311053
48.0,implicit,0.5,0.8413649235649934
48.0,implicit,0.5714285714285714,0.7996880357311055
48.0,implicit,0.6428571428571428,0.697581757093076
48.0,implicit,0.7142857142857142,0.5673271914240017
48.0,implicit,0.7857142857142857,0.4273194086797153
48.0,implicit,0.8571428571428571,0.28430074340663675
48.0,implicit,0.9285714285714285,0.14021708292116028
48.0,implicit,1.0,-0.010983594391875597
49.0,implicit,0.0,0.07389470223707581
49.0,implicit,0.07142857142857142,0.1415350606258552
49.0,implicit,0.14285714285714285,0.28429237621554954
49.0,implicit,0.21428571428571427,0.42723455793653947
49.0,implicit,0.2857142857142857,0.5670535829744852
49.0,implicit,0.3571428571428571,0.6968033134618972
49.0,implicit,0.42857142857142855,0.7980384620797248
49.0,implicit,0.5,0.8391072100905352
49.0,implicit,0.5714285714285714,0.7980384620797248
49.0,implicit,0.6428571428571428,0.6968033134618971
49.0,implicit,0.7142857142857142,0.5670535829744856
49.0,implicit,0.7857142857142857,0.4272345579365382
49.0,implicit,0.8571428571428571,0.2842923762155488
49.0,implicit,0.9285714285714285,0.14153506062585525
49.0,implicit,1.0,0.07389470223707581
50.0,implicit,0.0,-0.02591351091368237
50.0,implicit,0.07142857142857142,0.1412059341749911
50.0,implicit,0.14285714285714285,0.284289873337276
50.0,implicit,0.21428571428571427,0.4271910318527357
50.0,implicit,0.2857142857142857,0.5669135596550715
50.0,implicit,0.3571428571428571,0.6964104391852511
50.0,implicit,0.42857142857142855,0.7972164250486958
50.0,implicit,0.5,0.8379905420692187
50.0,implicit,0.5714285714285714,0.7972164250486958
50.0,implicit,0.6428571428571428,0.6964104391852511
50.0,implicit,0.7142857142857142,0.566913559655072
50.0,implicit,0.7857142857142857,0.4271910318527345
50.0,implicit,0.8571428571428571,0.2842898733372753
50.0,implicit,0.9285714285714285,0.14120593417499117
50.0,implicit,1.0,-0.02591351091368237
51.0,implicit,0.0,-0.02508785217922683
51.0,implicit,0.07142857142857142,0.14039606979707128
51.0,implicit,0.14285714285714285,0.284265833435822
51.0,implicit,0.21428571428571427,0.4271013194562023
51.0,implicit,0.2857142857142857,0.5666271462408702
51.0,implicit,0.3571428571428571,0.6956176901809593
51.0,implicit,0.42857142857142855,0.7955779750280413
51.0,implicit,0.5,0.8357807566556341
51.0,implicit,0.5714285714285714,0.7955779750280414
51.0,implicit,0.6428571428571428,0.6956176901809592
51.0,implicit,0.7142857142857142,0.5666271462408706
51.0,implicit,0.7857142857142857,0.42710131945620106
51.0,implicit,0.8571428571428571,0.28426583343582135
51.0,implicit,0.9285714285714285,0.14039606979707134
51.0,implicit,1.0,-0.02508785217922683
52.0,implicit,0.0,0.016437555482984225
52.0,implicit,0.07142857142857142,0.14130010868340348
52.0,implicit,0.14285714285714285,0.28425735463552193
52.0,implicit,0.21428571428571427,0.4270082565961611
52.0,implicit,0.2857142857142857,0.566332343786575
52.0,implicit,0.3571428571428571,0.6948160001282635
52.0,implicit,0.42857142857142855,0.793947166766168
52.0,implicit,0.5,0.8336013273600724
52.0,implicit,0.5714285714285714,0.793947166766168
52.0,implicit,0.6428571428571428,0.6948160001282633
52.0,implicit,0.7142857142857142,0.5663323437865755
52.0,implicit,0.7857142857142857,0.42700825659615993
52.0,implicit,0.8571428571428571,0.28425735463552115
52.0,implicit,0.9285714285714285,0.14130010868340354
52.0,implicit,1.0,0.016437555482984225
53.0,implicit,0.0,-0.02648801018835194
53.0,implicit,0.07142857142857142,0.140969050776469
53.0,implicit,0.14285714285714285,0.28424955509198213
53.0,implicit,0.21428571428571427,0.42696047293250516
53.0,implicit,0.2857142857142857,0.5661818367491153
53.0,implicit,0.3571428571428571,0.6944119454377039
53.0,implicit,0.42857142857142855,0.7931346751719917
53.0,implicit,0.5,0.8325226219506837
53.0,implicit,0.5714285714285714,0.7931346751719918
53.0,implicit,0.6428571428571428,0.6944119454377037
53.0,implicit,0.7142857142857142,0.5661818367491157
53.0,implicit,0.7857142857142857,0.42696047293250394
53.0,implicit,0.8571428571428571,0.28424955509198135
53.0,implicit,0.9285714285714285,0.14096905077646907
53.0,implicit,1.0,-0.02648801018835194
54.0,implicit,0.0,0.004853877467402019
54.0,implicit,0.07142857142857142,0.14142734905190427
54.0,implicit,0.14285714285714285,0.28424358291078244
54.0,implicit,0.21428571428571427,0.4268624980829712
54.0,implicit,0.2857142857142857,0.5658746943846604
54.0,implicit,0.3571428571428571,0.6935976937547734
54.0,implicit,0.42857142857142855,0.7915155963211257
54.0,implicit,0.5,0.8303865194034478
54.0,implicit,0.5714285714285714,0.7915155963211257
54.0,implicit,0.6428571428571428,0.6935976937547731
54.0,implicit,0.7142857142857142,0.5658746943846609
54.0,implicit,0.7857142857142857,0.42686249808297
54.0,implicit,0.8571428571428571,0.2842435829107816
54.0,implicit,0.9285714285714285,0.1414273490519043
54.0,implicit,1.0,0.004853877467402019
55.0,implicit,0.0,-0.03510265469386762
55.0,implicit,0.07142857142857142,0.14162445849821936
55.0,implicit,0.14285714285714285,0.28424764028902455
55.0,implicit,0.21428571428571427,0.42676153001710665
55.0,implicit,0.2857142857142857,0.5655595005317607
55.0,implicit,0.3571428571428571,0.6927756094921605
55.0,implicit,0.42857142857142855,0.7899044780645494
55.0,implicit,0.5,0.8282779288715494
55.0,implicit,0.5714285714285714,0.7899044780645496
55.0,implicit,0.6428571428571428,0.6927756094921603
55.0,implicit,0.7142857142857142,0.5655595005317613
55.0,implicit,0.7857142857142857,0.42676153001710543
55.0,implicit,0.8571428571428571,0.28424764028902366
55.0,implicit,0.9285714285714285,0.1416244584982194
55.0,implicit,1.0,-0.03510265469386762
56.0,implicit,0.0,-0.016383107329888413
56.0,implicit,0.07142857142857142,0.14141934538082968
56.0,implicit,0.14285714285714285,0.2842427602911615
56.0,implicit,0.21428571428571427,0.4267097978357467
56.0,implicit,0.2857142857142857,0.5653989282920422
56.0,implicit,0.3571428571428571,0.6923617602109979
56.0,implicit,0.42857142857142855,0.7891019320432242
56.0,implicit,0.5,0.8272336280111645
56.0,implicit,0.5714285714285714,0.7891019320432242
56.0,implicit,0.6428571428571428,0.6923617602109977
56.0,implicit,0.7142857142857142,0.5653989282920426
56.0,implicit,0.7857142857142857,0.4267097978357455
56.0,implicit,0.8571428571428571,0.2842427602911607
56.0,implicit,0.9285714285714285,0.1414193453808297
56.0,implicit,1.0,-0.016383107329888413
57.0,implicit,0.0,-0.07317574740660593
57.0,implicit,0.07142857142857142,0.14022610292987375
57.0,implicit,0.14285714285714285,0.2842122341666009
57.0,implicit,0.21428571428571427,0.42660344708778575
57.0,implicit,0.2857142857142857,0.5650719147468878
57.0,implicit,0.3571428571428571,0.6915286984754161
57.0,implicit,0.42857142857142855,0.7875029109215578
57.0,implicit,0.5,0.8251644018966514
57.0,implicit,0.5714285714285714,0.7875029109215578
57.0,implicit,0.6428571428571428,0.6915286984754159
57.0,implicit,0.7142857142857142,0.565071914746888
57.0,implicit,0.7857142857142857,0.42660344708778447
57.0,implicit,0.8571428571428571,0.28421223416659996
57.0,implicit,0.9285714285714285,0.14022610292987375
57.0,implicit,1.0,-0.07317574740660593
58.0,implicit,0.0,0.013052763608994468
58.0,implicit,0.07142857142857142,0.14069034175298362
58.0,implicit,0.14285714285714285,0.2841774971141537
58.0,implicit,0.21428571428571427,0.42649294769693324
58.0,implicit,0.2857142857142857,0.564737176522899
58.0,implicit,0.3571428571428571,0.6906888086835355
58.0,implicit,0.42857142857142855,0.7859120306001712
58.0,implicit,0.5,0.8231202323041438
58.0,implicit,0.5714285714285714,0.7859120306001712
58.0,implicit,0.6428571428571428,0.6906888086835352
58.0,implicit,0.7142857142857142,0.5647371765228992
58.0,implicit,0.7857142857142857,0.4264929476969319
58.0,implicit,0.8571428571428571,0.28417749711415285
58.0,implicit,0.9285714285714285,0.14069034175298362
58.0,implicit,1.0,0.013052763608994468
59.0,implicit,0.0,0.0002556728321230445
59.0,implicit,0.07142857142857142,0.14073081524856812
59.0,implicit,0.14285714285714285,0.28416166341406374
59.0,implicit,0.21428571428571427,0.42643620526826204
59.0,implicit,0.2857142857142857,0.5645669507881818
59.0,implicit,0.3571428571428571,0.6902664205936219
59.0,implicit,0.42857142857142855,0.7851196566439058
59.0,implicit,0.5,0.8221072642351753
59.0,implicit,0.5714285714285714,0.7851196566439058
59.0,implicit,0.6428571428571428,0.6902664205936215
59.0,implicit,0.7142857142857142,0.564566950788182
59.0,implicit,0.7857142857142857,0.42643620526826076
59.0,implicit,0.8571428571428571,0.2841616634140629
59.0,implicit,0.9285714285714285,0.14073081524856812
59.0,implicit,1.0,0.0002556728321230445
60.0,implicit,0.0,-0.011729356668757346
60.0,implicit,0.07142857142857142,0.14061023239133255
60.0,implicit,0.14285714285714285,0.28414387476407116
60.0,implicit,0.21428571428571427,0.4263784443907701
60.0,implicit,0.2857142857142857,0.5643948422186755
60.0,implicit,0.3571428571428571,0.6898424643329036
60.0,implicit,0.42857142857142855,0.7843293320311036
60.0,implicit,0.5,0.8211002310950319
60.0,implicit,0.5714285714285714,0.7843293320311036
60.0,implicit,0.6428571428571428,0.6898424643329033
60.0,implicit,0.7142857142857142,0.5643948422186758
60.0,implicit,0.7857142857142857,0.42637844439076883
60.0,implicit,0.8571428571428571,0.2841438747640703
60.0,implicit,0.9285714285714285,0.14061023239133255
60.0,implicit,1.0,-0.011729356668757346
1.0,crank_nicolson,0.0,0.032384426905034625
1.0,crank_nicolson,0.07142857142857142,0.14318934049021317
1.0,crank_nicolson,0.14285714285714285,0.2857202589148172
1.0,crank_nicolson,0.21428571428571427,0.428571523507019
1.0,crank_nicolson,0.2857142857142857,0.5714285345303896
1.0,crank_nicolson,0.3571428571428571,0.7142824665345752
1.0,crank_nicolson,0.42857142857142855,0.8569151164100858
1.0,crank_nicolson,0.5,0.9887249020283378
1.0,crank_nicolson,0.5714285714285714,0.8569151164100858
1.0,crank_nicolson,0.6428571428571428,0.7142824665345754
1.0,crank_nicolson,0.7142857142857142,0.5714285345303898
1.0,crank_nicolson,0.7857142857142857,0.4285715235070193
1.0,crank_nicolson,0.8571428571428571,0.2857202589148174
1.0,crank_nicolson,0.9285714285714285,0.14318934049021334
1.0,crank_nicolson,1.0,0.032384426905034625
2.0,crank_nicolson,0.0,0.07615149282040128
2.0,crank_nicolson,0.07142857142857142,0.1436948398179515
2.0,crank_nicolson,0.14285714285714285,0.28572800137928944
2.0,crank_nicolson,0.21428571428571427,0.42857165296209476
2.0,crank_nicolson,0.2857142857142857,0.5714284658510652
2.0,crank_nicolson,0.3571428571428571,0.714278326706986
2.0,crank_nicolson,0.42857142857142855,0.8567448215371013
2.0,crank_nicolson,0.5,0.9851615311117472
2.0,crank_nicolson,0.5714285714285714,0.8567448215371013
2.0,crank_nicolson,0.6428571428571428,0.7142783267069863
2.0,crank_nicolson,0.7142857142857142,0.5714284658510654
2.0,crank_nicolson,0.7857142857142857,0.42857165296209515
2.0,crank_nicolson,0.8571428571428571,0.28572800137928966
2.0,crank_nicolson,0.9285714285714285,0.14369483981795164
2.0,crank_nicolson,1.0,0.07615149282040128
3.0,crank_nicolson,0.0,-0.011706847847459028
3.0,crank_nicolson,0.07142857142857142,0.14349480800367678
3.0,crank_nicolson,0.14285714285714285,0.28574690678953824
3.0,crank_nicolson,0.21428571428571427,0.4285722638507317
3.0,crank_nicolson,0.2857142857142857,0.5714280902029212
3.0,crank_nicolson,0.3571428571428571,0.7142621069276118
3.0,crank_nicolson,0.42857142857142855,0.8562775867472494
3.0,crank_nicolson,0.5,0.978304465622287
3.0,crank_nicolson,0.5714285714285714,0.8562775867472495
3.0,crank_nicolson,0.6428571428571428,0.714262106927612
3.0,crank_nicolson,0.7142857142857142,0.5714280902029216
3.0,crank_nicolson,0.7857142857142857,0.4285722638507323
3.0,crank_nicolson,0.8571428571428571,0.28574690678953857
3.0,crank_nicolson,0.9285714285714285,0.14349480800367692
3.0,crank_nicolson,1.0,-0.011706847847459028
4.0,crank_nicolson,0.0,0.03837173645764544
4.0,crank_nicolson,0.07142857142857142,0.14424009721493575
4.0,crank_nicolson,0.14285714285714285,0.2857741172951277
4.0,crank_nicolson,0.21428571428571427,0.4285733980060908
4.0,crank_nicolson,0.2857142857142857,0.571427147287038
4.0,crank_nicolson,0.3571428571428571,0.7142321883504136
4.0,crank_nicolson,0.42857142857142855,0.8556564523474662
4.0,crank_nicolson,0.5,0.9717838136296689
4.0,crank_nicolson,0.5714285714285714,0.8556564523474663
4.0,crank_nicolson,0.6428571428571428,0.7142321883504139
4.0,crank_nicolson,0.7142857142857142,0.5714271472870384
4.0,crank_nicolson,0.7857142857142857,0.42857339800609157
4.0,crank_nicolson,0.8571428571428571,0.28577411729512797
4.0,crank_nicolson,0.9285714285714285,0.14424009721493586
4.0,crank_nicolson,1.0,0.03837173645764544
5.0,crank_nicolson,0.0,-0.023473719296747606
5.0,crank_nicolson,0.07142857142857142,0.14404510327439957
5.0,crank_nicolson,0.14285714285714285,0.28578989753107487
5.0,crank_nicolson,0.21428571428571427,0.4285742350014088
5.0,crank_nicolson,0.2857142857142857,0.5714263523924156
5.0,crank_nicolson,0.3571428571428571,0.7142110785847263
5.0,crank_nicolson,0.42857142857142855,0.8552933662771216
5.0,crank_nicolson,0.5,0.9686415263758208
5.0,crank_nicolson,0.5714285714285714,0.8552933662771218
5.0,crank_nicolson,0.6428571428571428,0.7142110785847267
5.0,crank_nicolson,0.7142857142857142,0.5714263523924159
5.0,crank_nicolson,0.7857142857142857,0.4285742350014096
5.0,crank_nicolson,0.8571428571428571,0.28578989753107514
5.0,crank_nicolson,0.9285714285714285,0.14404510327439968
5.0,crank_nicolson,1.0,-0.023473719296747606
6.0,crank_nicolson,0.0,-0.023170884640623113
6.0,crank_nicolson,0.07142857142857142,0.14400597298414414
6.0,crank_nicolson,0.14285714285714285,0.2858193960227807
6.0,crank_nicolson,0.21428571428571427,0.42857641045160466
6.0,crank_nicolson,0.2857142857142857,0.5714238625413913
6.0,crank_nicolson,0.3571428571428571,0.7141548534811724
6.0,crank_nicolson,0.42857142857142855,0.854471647246636
6.0,crank_nicolson,0.5,0.9625780226500986
6.0,crank_nicolson,0.5714285714285714,0.8544716472466364
6.0,crank_nicolson,0.6428571428571428,0.7141548534811727
6.0,crank_nicolson,0.7142857142857142,0.5714238625413917
6.0,crank_nicolson,0.7857142857142857,0.42857641045160577
6.0,crank_nicolson,0.8571428571428571,0.2858193960227809
6.0,crank_nicolson,0.9285714285714285,0.14400597298414425
6.0,crank_nicolson,1.0,-0.023170884640623113
7.0,crank_nicolson,0.0,0.012098113578301706
7.0,crank_nicolson,0.07142857142857142,0.14387651902432833
7.0,crank_nicolson,0.14285714285714285,0.2858412156147046
7.0,crank_nicolson,0.21428571428571427,0.42857906980340155
7.0,crank_nicolson,0.2857142857142857,0.5714197993855633
7.0,crank_nicolson,0.3571428571428571,0.7140780620445188
7.0,crank_nicolson,0.42857142857142855,0.8535340969065122
7.0,crank_nicolson,0.5,0.9567907720641934
7.0,crank_nicolson,0.5714285714285714,0.8535340969065127
7.0,crank_nicolson,0.6428571428571428,0.7140780620445191
7.0,crank_nicolson,0.7142857142857142,0.5714197993855635
7.0,crank_nicolson,0.7857142857142857,0.4285790698034029
7.0,crank_nicolson,0.8571428571428571,0.2858412156147047
7.0,crank_nicolson,0.9285714285714285,0.14387651902432844
7.0,crank_nicolson,1.0,0.012098113578301706
8.0,crank_nicolson,0.0,-0.0956640122328899
8.0,crank_nicolson,0.07142857142857142,0.14320460097371143
8.0,crank_nicolson,0.14285714285714285,0.2858471309840662
8.0,crank_nicolson,0.21428571428571427,0.42858048072136906
8.0,crank_nicolson,0.2857142857142857,0.5714170286097743
8.0,crank_nicolson,0.3571428571428571,0.7140313539913624
8.0,crank_nicolson,0.42857142857142855,0.8530258988779367
8.0,crank_nicolson,0.5,0.9539942485458481
8.0,crank_nicolson,0.5714285714285714,0.8530258988779372
8.0,crank_nicolson,0.6428571428571428,0.7140313539913627
8.0,crank_nicolson,0.7142857142857142,0.5714170286097744
8.0,crank_nicolson,0.7857142857142857,0.42858048072137045
8.0,crank_nicolson,0.8571428571428571,0.2858471309840664
8.0,crank_nicolson,0.9285714285714285,0.1432046009737115
8.0,crank_nicolson,1.0,-0.0956640122328899
9.0,crank_nicolson,0.0,-0.028114376462048635
9.0,crank_nicolson,0.07142857142857142,0.14243283984221292
9.0,crank_nicolson,0.14285714285714285,0.28583651007685146
9.0,crank_nicolson,0.21428571428571427,0.42858302859298814
9.0,crank_nicolson,0.2857142857142857,0.5714096915961672
9.0,crank_nicolson,0.3571428571428571,0.7139203422467719
9.0,crank_nicolson,0.42857142857142855,0.8519379905613592
9.0,crank_nicolson,0.5,0.9485833868338449
9.0,crank_nicolson,0.5714285714285714,0.8519379905613599
9.0,crank_nicolson,0.6428571428571428,0.7139203422467724
9.0,crank_nicolson,0.7142857142857142,0.5714096915961673
9.0,crank_nicolson,0.7857142857142857,0.4285830285929897
9.0,crank_nicolson,0.8571428571428571,0.28583651007685185
9.0,crank_nicolson,0.9285714285714285,0.14243283984221297
9.0,crank_nicolson,1.0,-0.028114376462048635
10.0,crank_nicolson,0.0,0.015712366629763694
10.0,crank_nicolson,0.07142857142857142,0.14223173214863233
10.0,crank_nicolson,0.14285714285714285,0.28581327771940823
10.0,crank_nicolson,0.21428571428571427,0.4285847285200575
10.0,crank_nicolson,0.2857142857142857,0.5713995174619958
10.0,crank_nicolson,0.3571428571428571,0.713784843780473
10.0,crank_nicolson,0.42857142857142855,0.8507636659628014
10.0,crank_nicolson,0.5,0.9434006007219526
10.0,crank_nicolson,0.5714285714285714,0.8507636659628021
10.0,crank_nicolson,0.6428571428571428,0.7137848437804736
10.0,crank_nicolson,0.7142857142857142,0.5713995174619959
10.0,crank_nicolson,0.7857142857142857,0.42858472852005924
10.0,crank_nicolson,0.8571428571428571,0.2858132777194086
10.0,crank_nicolson,0.9285714285714285,0.14223173214863238
10.0,crank_nicolson,1.0,0.015712366629763694
11.0,crank_nicolson,0.0,-0.04540120377606055
11.0,crank_nicolson,0.07142857142857142,0.14194323076239146
11.0,crank_nicolson,0.14285714285714285,0.28580038914630823
11.0,crank_nicolson,0.21428571428571427,0.42858518420975045
11.0,crank_nicolson,0.2857142857142857,0.5713931975103833
11.0,crank_nicolson,0.3571428571428571,0.7137076042977465
11.0,crank_nicolson,0.42857142857142855,0.8501471974180197
11.0,crank_nicolson,0.5,0.9408895253948425
11.0,crank_nicolson,0.5714285714285714,0.8501471974180204
11.0,crank_nicolson,0.6428571428571428,0.7137076042977469
11.0,crank_nicolson,0.7142857142857142,0.5713931975103834
11.0,crank_nicolson,0.7857142857142857,0.4285851842097523
11.0,crank_nicolson,0.8571428571428571,0.28580038914630856
11.0,crank_nicolson,0.9285714285714285,0.1419432307623915
11.0,crank_nicolson,1.0,-0.04540120377606055
12.0,crank_nicolson,0.0,0.07328243844607771
12.0,crank_nicolson,0.07142857142857142,0.14202467749568518
12.0,crank_nicolson,0.14285714285714285,0.2857663476901978
12.0,crank_nicolson,0.21428571428571427,0.42858513877466275
12.0,crank_nicolson,0.2857142857142857,0.5713777537153295
12.0,crank_nicolson,0.3571428571428571,0.7135336892366868
12.0,crank_nicolson,0.42857142857142855,0.8488613094760277
12.0,crank_nicolson,0.5,0.936018354910085
12.0,crank_nicolson,0.5714285714285714,0.8488613094760283
12.0,crank_nicolson,0.6428571428571428,0.7135336892366871
12.0,crank_nicolson,0.7142857142857142,0.5713777537153297
12.0,crank_nicolson,0.7857142857142857,0.42858513877466475
12.0,crank_nicolson,0.8571428571428571,0.28576634769019815
12.0,crank_nicolson,0.9285714285714285,0.1420246774956852
12.0,crank_nicolson,1.0,0.07328243844607771
13.0,crank_nicolson,0.0,0.003376410234396192
13.0,crank_nicolson,0.07142857142857142,0.14201871426954185
13.0,crank_nicolson,0.14285714285714285,0.28574098745155446
13.0,crank_nicolson,0.21428571428571427,0.4285838429590562
13.0,crank_nicolson,0.2857142857142857,0.5713581270195475
13.0,crank_nicolson,0.3571428571428571,0.713333438395251
13.0,crank_nicolson,0.42857142857142855,0.8475117146807989
13.0,crank_nicolson,0.5,0.9313365567680135
13.0,crank_nicolson,0.5714285714285714,0.8475117146807994
13.0,crank_nicolson,0.6428571428571428,0.7133334383952513
13.0,crank_nicolson,0.7142857142857142,0.5713581270195479
13.0,crank_nicolson,0.7857142857142857,0.4285838429590583
13.0,crank_nicolson,0.8571428571428571,0.2857409874515548
13.0,crank_nicolson,0.9285714285714285,0.14201871426954188
13.0,crank_nicolson,1.0,0.003376410234396192
14.0,crank_nicolson,0.0,-0.07123740931067284
14.0,crank_nicolson,0.07142857142857142,0.1415604747663906
14.0,crank_nicolson,0.14285714285714285,0.2857260054522611
14.0,crank_nicolson,0.21428571428571427,0.42858273750939346
14.0,crank_nicolson,0.2857142857142857,0.5713465830580853
14.0,crank_nicolson,0.3571428571428571,0.7132233322843001
14.0,crank_nicolson,0.42857142857142855,0.8468154186675957
14.0,crank_nicolson,0.5,0.929062477105391
14.0,crank_nicolson,0.5714285714285714,0.8468154186675962
14.0,crank_nicolson,0.6428571428571428,0.7132233322843003
14.0,crank_nicolson,0.7142857142857142,0.5713465830580858
14.0,crank_nicolson,0.7857142857142857,0.42858273750939563
14.0,crank_nicolson,0.8571428571428571,0.28572600545226146
14.0,crank_nicolson,0.9285714285714285,0.14156047476639064
14.0,crank_nicolson,1.0,-0.07123740931067284
15.0,crank_nicolson,0.0,0.005546129485493305
15.0,crank_nicolson,0.07142857142857142,0.1414879858103077
15.0,crank_nicolson,0.14285714285714285,0.2856886093713395
15.0,crank_nicolson,0.21428571428571427,0.42857940844172393
15.0,crank_nicolson,0.2857142857142857,0.571319719129119
15.0,crank_nicolson,0.3571428571428571,0.7129830586521425
15.0,crank_nicolson,0.42857142857142855,0.8453841952315597
15.0,crank_nicolson,0.5,0.9246401734490721
15.0,crank_nicolson,0.5714285714285714,0.8453841952315602
15.0,crank_nicolson,0.6428571428571428,0.7129830586521428
15.0,crank_nicolson,0.7142857142857142,0.5713197191291196
15.0,crank_nicolson,0.7857142857142857,0.4285794084417263
15.0,crank_nicolson,0.8571428571428571,0.28568860937133983
15.0,crank_nicolson,0.9285714285714285,0.1414879858103077
15.0,crank_nicolson,1.0,0.005546129485493305
16.0,crank_nicolson,0.0,0.0187849009172836
16.0,crank_nicolson,0.07142857142857142,0.14130841562982124
16.0,crank_nicolson,0.14285714285714285,0.28564773015173445
16.0,crank_nicolson,0.21428571428571427,0.4285744298806164
16.0,crank_nicolson,0.2857142857142857,0.5712874137552003
16.0,crank_nicolson,0.3571428571428571,0.7127160296083727
16.0,crank_nicolson,0.42857142857142855,0.8439067769419879
16.0,crank_nicolson,0.5,0.9203760450304189
16.0,crank_nicolson,0.5714285714285714,0.8439067769419882
16.0,crank_nicolson,0.6428571428571428,0.7127160296083731
16.0,crank_nicolson,0.7142857142857142,0.5712874137552011
16.0,crank_nicolson,0.7857142857142857,0.42857442988061895
16.0,crank_nicolson,0.8571428571428571,0.2856477301517348
16.0,crank_nicolson,0.9285714285714285,0.14130841562982124
16.0,crank_nicolson,1.0,0.0187849009172836
17.0,crank_nicolson,0.0,-0.03003193449594025
17.0,crank_nicolson,0.07142857142857142,0.1411463804813144
17.0,crank_nicolson,0.14285714285714285,0.285627532357108
17.0,crank_nicolson,0.21428571428571427,0.42857128263453853
17.0,crank_nicolson,0.2857142857142857,0.5712690734557146
17.0,crank_nicolson,0.3571428571428571,0.7125725148885003
17.0,crank_nicolson,0.42857142857142855,0.8431525870493569
17.0,crank_nicolson,0.5,0.9182999069351813
17.0,crank_nicolson,0.5714285714285714,0.8431525870493572
17.0,crank_nicolson,0.6428571428571428,0.7125725148885007
17.0,crank_nicolson,0.7142857142857142,0.5712690734557154
17.0,crank_nicolson,0.7857142857142857,0.4285712826345411
17.0,crank_nicolson,0.8571428571428571,0.2856275323571083
17.0,crank_nicolson,0.9285714285714285,0.14114638048131437
17.0,crank_nicolson,1.0,-0.03003193449594025
18.0,crank_nicolson,0.0,-0.030085330611469847
18.0,crank_nicolson,0.07142857142857142,0.1409356361429984
18.0,crank_nicolson,0.14285714285714285,0.2855843203476868
18.0,crank_nicolson,0.21428571428571427,0.42856360959296064
18.0,crank_nicolson,0.2857142857142857,0.5712277381196206
18.0,crank_nicolson,0.3571428571428571,0.7122656239408378
18.0,crank_nicolson,0.42857142857142855,0.8416166070777483
18.0,crank_nicolson,0.5,0.9142531863406483
18.0,crank_nicolson,0.5714285714285714,0.8416166070777488
18.0,crank_nicolson,0.6428571428571428,0.7122656239408381
18.0,crank_nicolson,0.7142857142857142,0.5712277381196215
18.0,crank_nicolson,0.7857142857142857,0.4285636095929633
18.0,crank_nicolson,0.8571428571428571,0.28558432034768716
18.0,crank_nicolson,0.9285714285714285,0.14093563614299837
18.0,crank_nicolson,1.0,-0.030085330611469847
19.0,crank_nicolson,0.0,-0.0006748612368966961
19.0,crank_nicolson,0.07142857142857142,0.1416382203847695
19.0,crank_nicolson,0.14285714285714285,0.28555345144676714
19.0,crank_nicolson,0.21428571428571427,0.42855413006575566
19.0,crank_nicolson,0.2857142857142857,0.5711798454295908
19.0,crank_nicolson,0.3571428571428571,0.7119325190530126
19.0,crank_nicolson,0.42857142857142855,0.8400479152446453
19.0,crank_nicolson,0.5,0.9103394036867277
19.0,crank_nicolson,0.5714285714285714,0.8400479152446457
19.0,crank_nicolson,0.6428571428571428,0.7119325190530129
19.0,crank_nicolson,0.7142857142857142,0.5711798454295918
19.0,crank_nicolson,0.7857142857142857,0.4285541300657585
19.0,crank_nicolson,0.8571428571428571,0.2855534514467676
19.0,crank_nicolson,0.9285714285714285,0.14163822038476948
19.0,crank_nicolson,1.0,-0.0006748612368966961
20.0,crank_nicolson,0.0,-0.05288554644779502
20.0,crank_nicolson,0.07142857142857142,0.14131168175894948
20.0,crank_nicolson,0.14285714285714285,0.2855388557455576
20.0,crank_nicolson,0.21428571428571427,0.4285487871644653
20.0,crank_nicolson,0.2857142857142857,0.5711533171167621
20.0,crank_nicolson,0.3571428571428571,0.7117562599637125
20.0,crank_nicolson,0.42857142857142855,0.8392527189961063
20.0,crank_nicolson,0.5,0.9084296151197451
20.0,crank_nicolson,0.5714285714285714,0.8392527189961067
20.0,crank_nicolson,0.6428571428571428,0.7117562599637128
20.0,crank_nicolson,0.7142857142857142,0.5711533171167632
20.0,crank_nicolson,0.7857142857142857,0.42854878716446826
20.0,crank_nicolson,0.8571428571428571,0.28553885574555804
20.0,crank_nicolson,0.9285714285714285,0.14131168175894945
20.0,crank_nicolson,1.0,-0.05288554644779502
21.0,crank_nicolson,0.0,-0.06104218249855112
21.0,crank_nicolson,0.07142857142857142,0.14124698524424673
21.0,crank_nicolson,0.14285714285714285,0.285510044682845
21.0,crank_nicolson,0.21428571428571427,0.42853682476527777
21.0,crank_nicolson,0.2857142857142857,0.5710948695005611
21.0,crank_nicolson,0.3571428571428571,0.7113846219952056
21.0,crank_nicolson,0.42857142857142855,0.8376432084059556
21.0,crank_nicolson,0.5,0.9046991299403823
21.0,crank_nicolson,0.5714285714285714,0.837643208405956
21.0,crank_nicolson,0.6428571428571428,0.7113846219952057
21.0,crank_nicolson,0.7142857142857142,0.5710948695005624
21.0,crank_nicolson,0.7857142857142857,0.4285368247652808
21.0,crank_nicolson,0.8571428571428571,0.2855100446828454
21.0,crank_nicolson,0.9285714285714285,0.14124698524424673
21.0,crank_nicolson,1.0,-0.06104218249855112
22.0,crank_nicolson,0.0,-0.09798350619398878
22.0,crank_nicolson,0.07142857142857142,0.1407337495344368
22.0,crank_nicolson,0.14285714285714285,0.2854749285675476
22.0,crank_nicolson,0.21428571428571427,0.42852301010580135
22.0,crank_nicolson,0.2857142857142857,0.5710289522986941
22.0,crank_nicolson,0.3571428571428571,0.7109879339877483
22.0,crank_nicolson,0.42857142857142855,0.8360113455159505
22.0,crank_nicolson,0.5,0.9010810884246918
22.0,crank_nicolson,0.5714285714285714,0.8360113455159507
22.0,crank_nicolson,0.6428571428571428,0.7109879339877483
22.0,crank_nicolson,0.7142857142857142,0.5710289522986957
22.0,crank_nicolson,0.7857142857142857,0.4285230101058045
22.0,crank_nicolson,0.8571428571428571,0.2854749285675481
22.0,crank_nicolson,0.9285714285714285,0.14073374953443676
22.0,crank_nicolson,1.0,-0.09798350619398878
23.0,crank_nicolson,0.0,-0.06640930244492153
23.0,crank_nicolson,0.07142857142857142,0.1403391698540142
23.0,crank_nicolson,0.14285714285714285,0.28544934025048857
23.0,crank_nicolson,0.21428571428571427,0.428515271657893
23.0,crank_nicolson,0.2857142857142857,0.5709930928663111
23.0,crank_nicolson,0.3571428571428571,0.7107803763629426
23.0,crank_nicolson,0.42857142857142855,0.8351881185610529
23.0,crank_nicolson,0.5,0.8993119957421957
23.0,crank_nicolson,0.5714285714285714,0.8351881185610531
23.0,crank_nicolson,0.6428571428571428,0.7107803763629426
23.0,crank_nicolson,0.7142857142857142,0.5709930928663126
23.0,crank_nicolson,0.7857142857142857,0.4285152716578962
23.0,crank_nicolson,0.8571428571428571,0.285449340250489
23.0,crank_nicolson,0.9285714285714285,0.1403391698540142
23.0,crank_nicolson,1.0,-0.06640930244492153
24.0,crank_nicolson,0.0,0.03692332899977052
24.0,crank_nicolson,0.07142857142857142,0.14077970361565076
24.0,crank_nicolson,0.14285714285714285,0.28539934623512025
24.0,crank_nicolson,0.21428571428571427,0.4284978736642096
24.0,crank_nicolson,0.2857142857142857,0.5709153840495849
24.0,crank_nicolson,0.3571428571428571,0.710347221386686
24.0,crank_nicolson,0.42857142857142855,0.8335290525347532
24.0,crank_nicolson,0.5,0.8958494968620484
24.0,crank_nicolson,0.5714285714285714,0.8335290525347534
24.0,crank_nicolson,0.6428571428571428,0.710347221386686
24.0,crank_nicolson,0.7142857142857142,0.5709153840495865
24.0,crank_nicolson,0.7857142857142857,0.4284978736642129
24.0,crank_nicolson,0.8571428571428571,0.2853993462351207
24.0,crank_nicolson,0.9285714285714285,0.14077970361565081
24.0,crank_nicolson,1.0,0.03692332899977052
25.0,crank_nicolson,0.0,-0.005782414119412027
25.0,crank_nicolson,0.07142857142857142,0.14089877337014714
25.0,crank_nicolson,0.14285714285714285,0.28536080868255026
25.0,crank_nicolson,0.21428571428571427,0.4284780592792274
25.0,crank_nicolson,0.2857142857142857,0.5708294600473791
25.0,crank_nicolson,0.3571428571428571,0.709890559170642
25.0,crank_nicolson,0.42857142857142855,0.8318555725258274
25.0,crank_nicolson,0.5,0.892482731387839
25.0,crank_nicolson,0.5714285714285714,0.8318555725258278
25.0,crank_nicolson,0.6428571428571428,0.709890559170642
25.0,crank_nicolson,0.7142857142857142,0.5708294600473807
25.0,crank_nicolson,0.7857142857142857,0.4284780592792307
25.0,crank_nicolson,0.8571428571428571,0.2853608086825506
25.0,crank_nicolson,0.9285714285714285,0.14089877337014725
25.0,crank_nicolson,1.0,-0.005782414119412027
26.0,crank_nicolson,0.0,-0.01505518477946444
26.0,crank_nicolson,0.07142857142857142,0.14084509609453522
26.0,crank_nicolson,0.14285714285714285,0.285342207460687
26.0,crank_nicolson,0.21428571428571427,0.428467276759669
26.0,crank_nicolson,0.2857142857142857,0.5707833403137956
26.0,crank_nicolson,0.3571428571428571,0.7096536250369988
26.0,crank_nicolson,0.42857142857142855,0.8310142580775453
26.0,crank_nicolson,0.5,0.8908334185042844
26.0,crank_nicolson,0.5714285714285714,0.8310142580775456
26.0,crank_nicolson,0.6428571428571428,0.7096536250369989
26.0,crank_nicolson,0.7142857142857142,0.5707833403137973
26.0,crank_nicolson,0.7857142857142857,0.42846727675967244
26.0,crank_nicolson,0.8571428571428571,0.2853422074606873
26.0,crank_nicolson,0.9285714285714285,0.14084509609453535
26.0,crank_nicolson,1.0,-0.01505518477946444
27.0,crank_nicolson,0.0,-0.03599221041973543
27.0,crank_nicolson,0.07142857142857142,0.14021290305214104
27.0,crank_nicolson,0.14285714285714285,0.2852950613375711
27.0,crank_nicolson,0.21428571428571427,0.4284437986305456
27.0,crank_nicolson,0.2857142857142857,0.5706846475716081
27.0,crank_nicolson,0.3571428571428571,0.7091629889772846
27.0,crank_nicolson,0.42857142857142855,0.8293239913030521
27.0,crank_nicolson,0.5,0.8875995178524194
27.0,crank_nicolson,0.5714285714285714,0.8293239913030525
27.0,crank_nicolson,0.6428571428571428,0.7091629889772846
27.0,crank_nicolson,0.7142857142857142,0.5706846475716097
27.0,crank_nicolson,0.7857142857142857,0.4284437986305491
27.0,crank_nicolson,0.8571428571428571,0.2852950613375714
27.0,crank_nicolson,0.9285714285714285,0.14021290305214118
27.0,crank_nicolson,1.0,-0.03599221041973543
28.0,crank_nicolson,0.0,0.05285611131094579
28.0,crank_nicolson,0.07142857142857142,0.14054761764343554
28.0,crank_nicolson,0.14285714285714285,0.2852442456631161
28.0,crank_nicolson,0.21428571428571427,0.4284174741755362
28.0,crank_nicolson,0.2857142857142857,0.5705771824109999
28.0,crank_nicolson,0.3571428571428571,0.7086505936502734
28.0,crank_nicolson,0.42857142857142855,0.8276253722031236
28.0,crank_nicolson,0.5,0.8844476672479908
28.0,crank_nicolson,0.5714285714285714,0.8276253722031239
28.0,crank_nicolson,0.6428571428571428,0.7086505936502735
28.0,crank_nicolson,0.7142857142857142,0.5705771824110015
28.0,crank_nicolson,0.7857142857142857,0.4284174741755399
28.0,crank_nicolson,0.8571428571428571,0.28524424566311646
28.0,crank_nicolson,0.9285714285714285,0.14054761764343568
28.0,crank_nicolson,1.0,0.05285611131094579
29.0,crank_nicolson,0.0,0.01718091447842307
29.0,crank_nicolson,0.07142857142857142,0.14071957528048382
29.0,crank_nicolson,0.14285714285714285,0.28522473248803126
29.0,crank_nicolson,0.21428571428571427,0.4284032658506286
29.0,crank_nicolson,0.2857142857142857,0.5705201032526358
29.0,crank_nicolson,0.3571428571428571,0.7083864634685767
29.0,crank_nicolson,0.42857142857142855,0.8267735630971453
29.0,crank_nicolson,0.5,0.8829010076095231
29.0,crank_nicolson,0.5714285714285714,0.8267735630971457
29.0,crank_nicolson,0.6428571428571428,0.7083864634685768
29.0,crank_nicolson,0.7142857142857142,0.5705201032526375
29.0,crank_nicolson,0.7857142857142857,0.4284032658506323
29.0,crank_nicolson,0.8571428571428571,0.2852247324880316
29.0,crank_nicolson,0.9285714285714285,0.14071957528048396
29.0,crank_nicolson,1.0,0.01718091447842307
30.0,crank_nicolson,0.0,0.01620419846973975
30.0,crank_nicolson,0.07142857142857142,0.1403500080995968
30.0,crank_nicolson,0.14285714285714285,0.28517922037716653
30.0,crank_nicolson,0.21428571428571427,0.4283727655974582
30.0,crank_nicolson,0.2857142857142857,0.5703991553908629
30.0,crank_nicolson,0.3571428571428571,0.7078427970140231
30.0,crank_nicolson,0.42857142857142855,0.825066094235959
30.0,crank_nicolson,0.5,0.8798634107895865
30.0,crank_nicolson,0.5714285714285714,0.8250660942359593
30.0,crank_nicolson,0.6428571428571428,0.7078427970140232
30.0,crank_nicolson,0.7142857142857142,0.5703991553908644
30.0,crank_nicolson,0.7857142857142857,0.428372765597462
30.0,crank_nicolson,0.8571428571428571,0.28517922037716703
30.0,crank_nicolson,0.9285714285714285,0.1403500080995969
30.0,crank_nicolson,1.0,0.01620419846973975
31.0,crank_nicolson,0.0,-0.03384610001529794
31.0,crank_nicolson,0.07142857142857142,0.14011363498347082
31.0,crank_nicolson,0.14285714285714285,0.28513265786213615
31.0,crank_nicolson,0.21428571428571427,0.4283393117884072
31.0,crank_nicolson,0.2857142857142857,0.5702690438915532
31.0,crank_nicolson,0.3571428571428571,0.7072792037032344
31.0,crank_nicolson,0.42857142857142855,0.8233548805746346
31.0,crank_nicolson,0.5,0.8768966087288291
31.0,crank_nicolson,0.5714285714285714,0.8233548805746348
31.0,crank_nicolson,0.6428571428571428,0.7072792037032345
31.0,crank_nicolson,0.7142857142857142,0.5702690438915549
31.0,crank_nicolson,0.7857142857142857,0.42833931178841106
31.0,crank_nicolson,0.8571428571428571,0.28513265786213665
31.0,crank_nicolson,0.9285714285714285,0.14011363498347096
31.0,crank_nicolson,1.0,-0.03384610001529794
32.0,crank_nicolson,0.0,0.030583814442043396
32.0,crank_nicolson,0.07142857142857142,0.1403863137711767
32.0,crank_nicolson,0.14285714285714285,0.28510989676763054
32.0,crank_nicolson,0.21428571428571427,0.42832144607156564
32.0,crank_nicolson,0.2857142857142857,0.5702005156030115
32.0,crank_nicolson,0.3571428571428571,0.7069901649487541
32.0,crank_nicolson,0.42857142857142855,0.8224983484525898
32.0,crank_nicolson,0.5,0.8754385155079527
32.0,crank_nicolson,0.5714285714285714,0.82249834845259
32.0,crank_nicolson,0.6428571428571428,0.7069901649487541
32.0,crank_nicolson,0.7142857142857142,0.5702005156030133
32.0,crank_nicolson,0.7857142857142857,0.42832144607156963
32.0,crank_nicolson,0.8571428571428571,0.28510989676763104
32.0,crank_nicolson,0.9285714285714285,0.14038631377117683
32.0,crank_nicolson,1.0,0.030583814442043396
33.0,crank_nicolson,0.0,0.04656400595580993
33.0,crank_nicolson,0.07142857142857142,0.14115474187284988
33.0,crank_nicolson,0.14285714285714285,0.2850797037796252
33.0,crank_nicolson,0.21428571428571427,0.42828357465189704
33.0,crank_nicolson,0.2857142857142857,0.5700564562571853
33.0,crank_nicolson,0.3571428571428571,0.7063980624579961
33.0,crank_nicolson,0.42857142857142855,0.8207843013046666
33.0,crank_nicolson,0.5,0.8725706231760004
33.0,crank_nicolson,0.5714285714285714,0.8207843013046667
33.0,crank_nicolson,0.6428571428571428,0.7063980624579961
33.0,crank_nicolson,0.7142857142857142,0.5700564562571871
33.0,crank_nicolson,0.7857142857142857,0.4282835746519011
33.0,crank_nicolson,0.8571428571428571,0.2850797037796258
33.0,crank_nicolson,0.9285714285714285,0.14115474187285
33.0,crank_nicolson,1.0,0.04656400595580993
34.0,crank_nicolson,0.0,-0.01546061879256073
34.0,crank_nicolson,0.07142857142857142,0.1408480713344806
34.0,crank_nicolson,0.14285714285714285,0.285054596016611
34.0,crank_nicolson,0.21428571428571427,0.428243069733087
34.0,crank_nicolson,0.2857142857142857,0.5699030065265406
34.0,crank_nicolson,0.3571428571428571,0.7057878678458496
34.0,crank_nicolson,0.42857142857142855,0.8190699906901516
34.0,crank_nicolson,0.5,0.8697642238370575
34.0,crank_nicolson,0.5714285714285714,0.8190699906901516
34.0,crank_nicolson,0.6428571428571428,0.7057878678458497
34.0,crank_nicolson,0.7142857142857142,0.5699030065265425
34.0,crank_nicolson,0.7857142857142857,0.4282430697330911
34.0,crank_nicolson,0.8571428571428571,0.2850545960166117
34.0,crank_nicolson,0.9285714285714285,0.14084807133448068
34.0,crank_nicolson,1.0,-0.01546061879256073
35.0,crank_nicolson,0.0,0.016563171570178198
35.0,crank_nicolson,0.07142857142857142,0.14100522259470738
35.0,crank_nicolson,0.14285714285714285,0.2850417615292892
35.0,crank_nicolson,0.21428571428571427,0.42822179291090684
35.0,crank_nicolson,0.2857142857142857,0.5698227459858224
35.0,crank_nicolson,0.3571428571428571,0.7054762119938114
35.0,crank_nicolson,0.42857142857142855,0.8182130967199741
35.0,crank_nicolson,0.5,0.8683830557562117
35.0,crank_nicolson,0.5714285714285714,0.8182130967199741
35.0,crank_nicolson,0.6428571428571428,0.7054762119938116
35.0,crank_nicolson,0.7142857142857142,0.5698227459858244
35.0,crank_nicolson,0.7857142857142857,0.42822179291091095
35.0,crank_nicolson,0.8571428571428571,0.28504176152928995
35.0,crank_nicolson,0.9285714285714285,0.14100522259470746
35.0,crank_nicolson,1.0,0.016563171570178198
36.0,crank_nicolson,0.0,-0.0239587118922645
36.0,crank_nicolson,0.07142857142857142,0.1412445041760354
36.0,crank_nicolson,0.14285714285714285,0.28502489183815233
36.0,crank_nicolson,0.21428571428571427,0.4281772377966676
36.0,crank_nicolson,0.2857142857142857,0.5696551360678113
36.0,crank_nicolson,0.3571428571428571,0.7048402295442668
36.0,crank_nicolson,0.42857142857142855,0.8165004818417485
36.0,crank_nicolson,0.5,0.865662854632946
36.0,crank_nicolson,0.5714285714285714,0.8165004818417485
36.0,crank_nicolson,0.6428571428571428,0.704840229544267
36.0,crank_nicolson,0.7142857142857142,0.5696551360678133
36.0,crank_nicolson,0.7857142857142857,0.4281772377966718
36.0,crank_nicolson,0.8571428571428571,0.2850248918381532
36.0,crank_nicolson,0.9285714285714285,0.1412445041760355
36.0,crank_nicolson,1.0,-0.0239587118922645
37.0,crank_nicolson,0.0,-0.05531674870030141
37.0,crank_nicolson,0.07142857142857142,0.14087721129387434
37.0,crank_nicolson,0.14285714285714285,0.2850046636628308
37.0,crank_nicolson,0.21428571428571427,0.42812999643501753
37.0,crank_nicolson,0.2857142857142857,0.5694780671415223
37.0,crank_nicolson,0.3571428571428571,0.7041879389588633
37.0,crank_nicolson,0.42857142857142855,0.8147902132986488
37.0,crank_nicolson,0.5,0.8629964214290637
37.0,crank_nicolson,0.5714285714285714,0.8147902132986489
37.0,crank_nicolson,0.6428571428571428,0.7041879389588636
37.0,crank_nicolson,0.7142857142857142,0.5694780671415244
37.0,crank_nicolson,0.7857142857142857,0.42812999643502186
37.0,crank_nicolson,0.8571428571428571,0.2850046636628317
37.0,crank_nicolson,0.9285714285714285,0.14087721129387445
37.0,crank_nicolson,1.0,-0.05531674870030141
38.0,crank_nicolson,0.0,-0.05981033120403354
38.0,crank_nicolson,0.07142857142857142,0.14051703774022542
38.0,crank_nicolson,0.14285714285714285,0.2849885268919429
38.0,crank_nicolson,0.21428571428571427,0.4281052575998318
38.0,crank_nicolson,0.2857142857142857,0.5693859861209842
38.0,crank_nicolson,0.3571428571428571,0.7038558947177643
38.0,crank_nicolson,0.42857142857142855,0.8139362271142877
38.0,crank_nicolson,0.5,0.861682510948929
38.0,crank_nicolson,0.5714285714285714,0.8139362271142878
38.0,crank_nicolson,0.6428571428571428,0.7038558947177647
38.0,crank_nicolson,0.7142857142857142,0.5693859861209862
38.0,crank_nicolson,0.7857142857142857,0.42810525759983625
38.0,crank_nicolson,0.8571428571428571,0.2849885268919438
38.0,crank_nicolson,0.9285714285714285,0.14051703774022553
38.0,crank_nicolson,1.0,-0.05981033120403354
39.0,crank_nicolson,0.0,0.06781200142854114
39.0,crank_nicolson,0.07142857142857142,0.14134703200365434
39.0,crank_nicolson,0.14285714285714285,0.2849617021890159
39.0,crank_nicolson,0.21428571428571427,0.428053376721871
39.0,crank_nicolson,0.2857142857142857,0.5691947368564922
39.0,crank_nicolson,0.3571428571428571,0.7031804332741634
39.0,crank_nicolson,0.42857142857142855,0.8122310333446521
39.0,crank_nicolson,0.5,0.8590916926648432
39.0,crank_nicolson,0.5714285714285714,0.8122310333446521
39.0,crank_nicolson,0.6428571428571428,0.7031804332741637
39.0,crank_nicolson,0.7142857142857142,0.5691947368564941
39.0,crank_nicolson,0.7857142857142857,0.4280533767218754
39.0,crank_nicolson,0.8571428571428571,0.28496170218901684
39.0,crank_nicolson,0.9285714285714285,0.14134703200365445
39.0,crank_nicolson,1.0,0.06781200142854114
40.0,crank_nicolson,0.0,0.05017664489460121
40.0,crank_nicolson,0.07142857142857142,0.1417225320533995
40.0,crank_nicolson,0.14285714285714285,0.2849496520950153
40.0,crank_nicolson,0.21428571428571427,0.42799854311339247
40.0,crank_nicolson,0.2857142857142857,0.5689940596455243
40.0,crank_nicolson,0.3571428571428571,0.7024903625456401
40.0,crank_nicolson,0.42857142857142855,0.8105301220135227
40.0,crank_nicolson,0.5,0.8565481940446742
40.0,crank_nicolson,0.5714285714285714,0.8105301220135227
40.0,crank_nicolson,0.6428571428571428,0.7024903625456407
40.0,crank_nicolson,0.7142857142857142,0.5689940596455263
40.0,crank_nicolson,0.7857142857142857,0.4279985431133969
40.0,crank_nicolson,0.8571428571428571,0.2849496520950162
40.0,crank_nicolson,0.9285714285714285,0.14172253205339963
40.0,crank_nicolson,1.0,0.05017664489460121
41.0,crank_nicolson,0.0,0.018081801252381707
41.0,crank_nicolson,0.07142857142857142,0.14186497334644899
41.0,crank_nicolson,0.14285714285714285,0.2849480144278116
41.0,crank_nicolson,0.21428571428571427,0.427970092819446
41.0,crank_nicolson,0.2857142857142857,0.5688901992828256
41.0,crank_nicolson,0.3571428571428571,0.7021400527090649
41.0,crank_nicolson,0.42857142857142855,0.8096814694757002
41.0,crank_nicolson,0.5,0.8552934719142156
41.0,crank_nicolson,0.5714285714285714,0.8096814694757001
41.0,crank_nicolson,0.6428571428571428,0.7021400527090654
41.0,crank_nicolson,0.7142857142857142,0.5688901992828276
41.0,crank_nicolson,0.7857142857142857,0.4279700928194504
41.0,crank_nicolson,0.8571428571428571,0.2849480144278125
41.0,crank_nicolson,0.9285714285714285,0.14186497334644907
41.0,crank_nicolson,1.0,0.018081801252381707
42.0,crank_nicolson,0.0,0.018069780275420697
42.0,crank_nicolson,0.07142857142857142,0.141807437944058
42.0,crank_nicolson,0.14285714285714285,0.2849425305444904
42.0,crank_nicolson,0.21428571428571427,0.4279111372564112
42.0,crank_nicolson,0.2857142857142857,0.5686754726875474
42.0,crank_nicolson,0.3571428571428571,0.7014292825211611
42.0,crank_nicolson,0.42857142857142855,0.8079881234212737
42.0,crank_nicolson,0.5,0.8528167313539131
42.0,crank_nicolson,0.5714285714285714,0.8079881234212736
42.0,crank_nicolson,0.6428571428571428,0.7014292825211618
42.0,crank_nicolson,0.7142857142857142,0.5686754726875494
42.0,crank_nicolson,0.7857142857142857,0.4279111372564158
42.0,crank_nicolson,0.8571428571428571,0.2849425305444914
42.0,crank_nicolson,0.9285714285714285,0.1418074379440581
42.0,crank_nicolson,1.0,0.018069780275420697
43.0,crank_nicolson,0.0,-0.001791301955497577
43.0,crank_nicolson,0.07142857142857142,0.14233615253645412
43.0,crank_nicolson,0.14285714285714285,0.2849480018245949
43.0,crank_nicolson,0.21428571428571427,0.4278494519402578
43.0,crank_nicolson,0.2857142857142857,0.5684514646089315
43.0,crank_nicolson,0.3571428571428571,0.7007054963787166
43.0,crank_nicolson,0.42857142857142855,0.8063004758479919
43.0,crank_nicolson,0.5,0.8503818998379536
43.0,crank_nicolson,0.5714285714285714,0.8063004758479916
43.0,crank_nicolson,0.6428571428571428,0.7007054963787174
43.0,crank_nicolson,0.7142857142857142,0.5684514646089336
43.0,crank_nicolson,0.7857142857142857,0.4278494519402625
43.0,crank_nicolson,0.8571428571428571,0.28494800182459606
43.0,crank_nicolson,0.9285714285714285,0.14233615253645424
43.0,crank_nicolson,1.0,-0.001791301955497577
44.0,crank_nicolson,0.0,0.07823218279070032
44.0,crank_nicolson,0.07142857142857142,0.14286832060553448
44.0,crank_nicolson,0.14285714285714285,0.2849552934903249
44.0,crank_nicolson,0.21428571428571427,0.4278176597126253
44.0,crank_nicolson,0.2857142857142857,0.5683360062931967
44.0,crank_nicolson,0.3571428571428571,0.7003389122833948
44.0,crank_nicolson,0.42857142857142855,0.8054589314653303
44.0,crank_nicolson,0.5,0.8491795956407864
44.0,crank_nicolson,0.5714285714285714,0.80545893146533
44.0,crank_nicolson,0.6428571428571428,0.7003389122833956
44.0,crank_nicolson,0.7142857142857142,0.5683360062931988
44.0,crank_nicolson,0.7857142857142857,0.4278176597126301
44.0,crank_nicolson,0.8571428571428571,0.28495529349032606
44.0,crank_nicolson,0.9285714285714285,0.14286832060553462
44.0,crank_nicolson,1.0,0.07823218279070032
45.0,crank_nicolson,0.0,0.04109512521876119
45.0,crank_nicolson,0.07142857142857142,0.1422643319098273
45.0,crank_nicolson,0.14285714285714285,0.2849590747943175
45.0,crank_nicolson,0.21428571428571427,0.4277520940571836
45.0,crank_nicolson,0.2857142857142857,0.568098241338162
45.0,crank_nicolson,0.3571428571428571,0.6995967317975682
45.0,crank_nicolson,0.42857142857142855,0.8037806543863667
45.0,crank_nicolson,0.5,0.8468040709130282
45.0,crank_nicolson,0.5714285714285714,0.8037806543863664
45.0,crank_nicolson,0.6428571428571428,0.6995967317975689
45.0,crank_nicolson,0.7142857142857142,0.568098241338164
45.0,crank_nicolson,0.7857142857142857,0.42775209405718845
45.0,crank_nicolson,0.8571428571428571,0.28495907479431876
45.0,crank_nicolson,0.9285714285714285,0.14226433190982749
45.0,crank_nicolson,1.0,0.04109512521876119
46.0,crank_nicolson,0.0,-0.014950367523293373
46.0,crank_nicolson,0.07142857142857142,0.14220345771060228
46.0,crank_nicolson,0.14285714285714285,0.2849608383361489
46.0,crank_nicolson,0.21428571428571427,0.4276836137282995
46.0,crank_nicolson,0.2857142857142857,0.5678514276181456
46.0,crank_nicolson,0.3571428571428571,0.6988430141815261
46.0,crank_nicolson,0.42857142857142855,0.8021090911722546
46.0,crank_nicolson,0.5,0.8444658910082018
46.0,crank_nicolson,0.5714285714285714,0.8021090911722543
46.0,crank_nicolson,0.6428571428571428,0.6988430141815267
46.0,crank_nicolson,0.7142857142857142,0.5678514276181478
46.0,crank_nicolson,0.7857142857142857,0.42768361372830443
46.0,crank_nicolson,0.8571428571428571,0.28496083833615016
46.0,crank_nicolson,0.9285714285714285,0.14220345771060253
46.0,crank_nicolson,1.0,-0.014950367523293373
47.0,crank_nicolson,0.0,0.004588038826775115
47.0,crank_nicolson,0.07142857142857142,0.14224192575108266
47.0,crank_nicolson,0.14285714285714285,0.2849603917830865
47.0,crank_nicolson,0.21428571428571427,0.42764824113302496
47.0,crank_nicolson,0.2857142857142857,0.5677246594263013
47.0,crank_nicolson,0.3571428571428571,0.6984620042043758
47.0,crank_nicolson,0.42857142857142855,0.8012759276365009
47.0,crank_nicolson,0.5,0.8433102937423991
47.0,crank_nicolson,0.5714285714285714,0.8012759276365006
47.0,crank_nicolson,0.6428571428571428,0.6984620042043764
47.0,crank_nicolson,0.7142857142857142,0.5677246594263037
47.0,crank_nicolson,0.7857142857142857,0.42764824113303
47.0,crank_nicolson,0.8571428571428571,0.28496039178308785
47.0,crank_nicolson,0.9285714285714285,0.1422419257510829
47.0,crank_nicolson,1.0,0.004588038826775115
48.0,crank_nicolson,0.0,-0.010983594391875597
48.0,crank_nicolson,0.07142857142857142,0.1415271818334516
48.0,crank_nicolson,0.14285714285714285,0.28494491209395156
48.0,crank_nicolson,0.21428571428571427,0.427574992350437
48.0,crank_nicolson,0.2857142857142857,0.5674644659722455
48.0,crank_nicolson,0.3571428571428571,0.6976920219432899
48.0,crank_nicolson,0.42857142857142855,0.7996150128320076
48.0,crank_nicolson,0.5,0.8410251180919797
48.0,crank_nicolson,0.5714285714285714,0.7996150128320072
48.0,crank_nicolson,0.6428571428571428,0.6976920219432906
48.0,crank_nicolson,0.7142857142857142,0.5674644659722479
48.0,crank_nicolson,0.7857142857142857,0.4275749923504421
48.0,crank_nicolson,0.8571428571428571,0.2849449120939529
48.0,crank_nicolson,0.9285714285714285,0.1415271818334519
48.0,crank_nicolson,1.0,-0.010983594391875597
49.0,crank_nicolson,0.0,0.07389470223707581
49.0,crank_nicolson,0.07142857142857142,0.14219377156264695
49.0,crank_nicolson,0.14285714285714285,0.28492934316018237
49.0,crank_nicolson,0.21428571428571427,0.42749811863904075
49.0,crank_nicolson,0.2857142857142857,0.5671954821700389
49.0,crank_nicolson,0.3571428571428571,0.6969118625948372
49.0,crank_nicolson,0.42857142857142855,0.7979615193893494
49.0,crank_nicolson,0.5,0.8387734161504941
49.0,crank_nicolson,0.5714285714285714,0.797961519389349
49.0,crank_nicolson,0.6428571428571428,0.6969118625948381
49.0,crank_nicolson,0.7142857142857142,0.567195482170041
49.0,crank_nicolson,0.7857142857142857,0.4274981186390459
49.0,crank_nicolson,0.8571428571428571,0.28492934316018365
49.0,crank_nicolson,0.9285714285714285,0.14219377156264731
49.0,crank_nicolson,1.0,0.07389470223707581
50.0,crank_nicolson,0.0,-0.02591351091368237
50.0,crank_nicolson,0.07142857142857142,0.14202604107765693
50.0,crank_nicolson,0.14285714285714285,0.2849256887010764
50.0,crank_nicolson,0.21428571428571427,0.4274583754432596
50.0,crank_nicolson,0.2857142857142857,0.5670577275672173
50.0,crank_nicolson,0.3571428571428571,0.6965181267435214
50.0,crank_nicolson,0.42857142857142855,0.797137623755308
50.0,crank_nicolson,0.5,0.8376596823213186
50.0,crank_nicolson,0.5714285714285714,0.7971376237553075
50.0,crank_nicolson,0.6428571428571428,0.6965181267435222
50.0,crank_nicolson,0.7142857142857142,0.5670577275672194
50.0,crank_nicolson,0.7857142857142857,0.42745837544326476
50.0,crank_nicolson,0.8571428571428571,0.28492568870107754
50.0,crank_nicolson,0.9285714285714285,0.14202604107765726
50.0,crank_nicolson,1.0,-0.02591351091368237
51.0,crank_nicolson,0.0,-0.02508785217922683
51.0,crank_nicolson,0.07142857142857142,0.1416140080459967
51.0,crank_nicolson,0.14285714285714285,0.2849085476196983
51.0,crank_nicolson,0.21428571428571427,0.4273762189808927
51.0,crank_nicolson,0.2857142857142857,0.5667757659235723
51.0,crank_nicolson,0.3571428571428571,0.6957236527565338
51.0,crank_nicolson,0.42857142857142855,0.7954956519668088
51.0,crank_nicolson,0.5,0.8354556246780661
51.0,crank_nicolson,0.5714285714285714,0.7954956519668085
51.0,crank_nicolson,0.6428571428571428,0.6957236527565345
51.0,crank_nicolson,0.7142857142857142,0.5667757659235744
51.0,crank_nicolson,0.7857142857142857,0.4273762189808979
51.0,crank_nicolson,0.8571428571428571,0.28490854761969947
51.0,crank_nicolson,0.9285714285714285,0.14161400804599708
51.0,crank_nicolson,1.0,-0.02508785217922683
52.0,crank_nicolson,0.0,0.016437555482984225
52.0,crank_nicolson,0.07142857142857142,0.1420703785828683
52.0,crank_nicolson,0.14285714285714285,0.2848928675922188
52.0,crank_nicolson,0.21428571428571427,0.4272903361104774
52.0,crank_nicolson,0.2857142857142857,0.5664852993678355
52.0,crank_nicolson,0.3571428571428571,0.6949202421503972
52.0,crank_nicolson,0.42857142857142855,0.7938615730862938
52.0,crank_nicolson,0.5,0.8332817395222343
52.0,crank_nicolson,0.5714285714285714,0.7938615730862937
52.0,crank_nicolson,0.6428571428571428,0.6949202421503978
52.0,crank_nicolson,0.7142857142857142,0.5664852993678376
52.0,crank_nicolson,0.7857142857142857,0.42729033611048267
52.0,crank_nicolson,0.8571428571428571,0.2848928675922198
52.0,crank_nicolson,0.9285714285714285,0.14207037858286872
52.0,crank_nicolson,1.0,0.016437555482984225
53.0,crank_nicolson,0.0,-0.02648801018835194
53.0,crank_nicolson,0.07142857142857142,0.14190158495736271
53.0,crank_nicolson,0.14285714285714285,0.284885686908208
53.0,crank_nicolson,0.21428571428571427,0.4272460247711737
53.0,crank_nicolson,0.2857142857142857,0.5663369149077019
53.0,crank_nicolson,0.3571428571428571,0.6945153311840158
53.0,crank_nicolson,0.42857142857142855,0.7930475368675239
53.0,crank_nicolson,0.5,0.8322057388919476
53.0,crank_nicolson,0.5714285714285714,0.7930475368675238
53.0,crank_nicolson,0.6428571428571428,0.6945153311840164
53.0,crank_nicolson,0.7142857142857142,0.566336914907704
53.0,crank_nicolson,0.7857142857142857,0.4272460247711789
53.0,crank_nicolson,0.8571428571428571,0.28488568690820903
53.0,crank_nicolson,0.9285714285714285,0.14190158495736313
53.0,crank_nicolson,1.0,-0.02648801018835194
54.0,crank_nicolson,0.0,0.004853877467402019
54.0,crank_nicolson,0.07142857142857142,0.14213167959590634
54.0,crank_nicolson,0.14285714285714285,0.28487190066849005
54.0,crank_nicolson,0.21428571428571427,0.4271546440650767
54.0,crank_nicolson,0.2857142857142857,0.5660339236659571
54.0,crank_nicolson,0.3571428571428571,0.6936993791254993
54.0,crank_nicolson,0.42857142857142855,0.7914255432644088
54.0,crank_nicolson,0.5,0.8300749146985721
54.0,crank_nicolson,0.5714285714285714,0.7914255432644088
54.0,crank_nicolson,0.6428571428571428,0.6936993791254997
54.0,crank_nicolson,0.7142857142857142,0.5660339236659593
54.0,crank_nicolson,0.7857142857142857,0.42715464406508186
54.0,crank_nicolson,0.8571428571428571,0.2848719006684912
54.0,crank_nicolson,0.9285714285714285,0.14213167959590678
54.0,crank_nicolson,1.0,0.004853877467402019
55.0,crank_nicolson,0.0,-0.03510265469386762
55.0,crank_nicolson,0.07142857142857142,0.14222897842710144
55.0,crank_nicolson,0.14285714285714285,0.2848635650943968
55.0,crank_nicolson,0.21428571428571427,0.4270596613901475
55.0,crank_nicolson,0.2857142857142857,0.5657227468481794
55.0,crank_nicolson,0.3571428571428571,0.6928756155542141
55.0,crank_nicolson,0.42857142857142855,0.7898117339401027
55.0,crank_nicolson,0.5,0.8279714323242476
55.0,crank_nicolson,0.5714285714285714,0.7898117339401028
55.0,crank_nicolson,0.6428571428571428,0.6928756155542146
55.0,crank_nicolson,0.7142857142857142,0.5657227468481816
55.0,crank_nicolson,0.7857142857142857,0.42705966139015267
55.0,crank_nicolson,0.8571428571428571,0.2848635650943979
55.0,crank_nicolson,0.9285714285714285,0.14222897842710192
55.0,crank_nicolson,1.0,-0.03510265469386762
56.0,crank_nicolson,0.0,-0.016383107329888413
56.0,crank_nicolson,0.07142857142857142,0.14212375596598784
56.0,crank_nicolson,0.14285714285714285,0.2848566012141581
56.0,crank_nicolson,0.21428571428571427,0.42701081782499867
56.0,crank_nicolson,0.2857142857142857,0.565564131870268
56.0,crank_nicolson,0.3571428571428571,0.6924609361306912
56.0,crank_nicolson,0.42857142857142855,0.7890079229652004
56.0,crank_nicolson,0.5,0.8269296235560814
56.0,crank_nicolson,0.5714285714285714,0.7890079229652005
56.0,crank_nicolson,0.6428571428571428,0.6924609361306917
56.0,crank_nicolson,0.7142857142857142,0.5655641318702701
56.0,crank_nicolson,0.7857142857142857,0.42701081782500394
56.0,crank_nicolson,0.8571428571428571,0.2848566012141592
56.0,crank_nicolson,0.9285714285714285,0.1421237559659883
56.0,crank_nicolson,1.0,-0.016383107329888413
57.0,crank_nicolson,0.0,-0.07317574740660593
57.0,crank_nicolson,0.07142857142857142,0.14151663381728605
57.0,crank_nicolson,0.14285714285714285,0.2848340806441452
57.0,crank_nicolson,0.21428571428571427,0.4269102522061164
57.0,crank_nicolson,0.2857142857142857,0.5652409347163119
57.0,crank_nicolson,0.3571428571428571,0.6916262360777282
57.0,crank_nicolson,0.42857142857142855,0.7874065266608773
57.0,crank_nicolson,0.5,0.8248652614254487
57.0,crank_nicolson,0.5714285714285714,0.7874065266608775
57.0,crank_nicolson,0.6428571428571428,0.6916262360777287
57.0,crank_nicolson,0.7142857142857142,0.5652409347163139
57.0,crank_nicolson,0.7857142857142857,0.4269102522061216
57.0,crank_nicolson,0.8571428571428571,0.28483408064414617
57.0,crank_nicolson,0.9285714285714285,0.1415166338172865
57.0,crank_nicolson,1.0,-0.07317574740660593
58.0,crank_nicolson,0.0,0.013052763608994468
58.0,crank_nicolson,0.07142857142857142,0.14174966228630406
58.0,crank_nicolson,0.14285714285714285,0.28480283014514884
58.0,crank_nicolson,0.21428571428571427,0.4268055715495598
58.0,crank_nicolson,0.2857142857142857,0.5649098919809651
58.0,crank_nicolson,0.3571428571428571,0.6907847409998231
58.0,crank_nicolson,0.42857142857142855,0.785813469118815
58.0,crank_nicolson,0.5,0.8228258006616397
58.0,crank_nicolson,0.5714285714285714,0.7858134691188152
58.0,crank_nicolson,0.6428571428571428,0.6907847409998236
58.0,crank_nicolson,0.7142857142857142,0.5649098919809671
58.0,crank_nicolson,0.7857142857142857,0.42680557154956505
58.0,crank_nicolson,0.8571428571428571,0.2848028301451499
58.0,crank_nicolson,0.9285714285714285,0.14174966228630448
58.0,crank_nicolson,1.0,0.013052763608994468
59.0,crank_nicolson,0.0,0.0002556728321230445
59.0,crank_nicolson,0.07142857142857142,0.1417688999624921
59.0,crank_nicolson,0.14285714285714285,0.28478840650607773
59.0,crank_nicolson,0.21428571428571427,0.42675167526326147
59.0,crank_nicolson,0.2857142857142857,0.5647414695238995
59.0,crank_nicolson,0.3571428571428571,0.6903615639404901
59.0,crank_nicolson,0.42857142857142855,0.7850200777440063
59.0,crank_nicolson,0.5,0.8218151307552013
59.0,crank_nicolson,0.5714285714285714,0.7850200777440066
59.0,crank_nicolson,0.6428571428571428,0.6903615639404906
59.0,crank_nicolson,0.7142857142857142,0.5647414695239016
59.0,crank_nicolson,0.7857142857142857,0.42675167526326674
59.0,crank_nicolson,0.8571428571428571,0.28478840650607884
59.0,crank_nicolson,0.9285714285714285,0.1417688999624925
59.0,crank_nicolson,1.0,0.0002556728321230445
60.0,crank_nicolson,0.0,-0.011729356668757346
60.0,crank_nicolson,0.07142857142857142,0.1417064696547047
60.0,crank_nicolson,0.14285714285714285,0.2847733458007375
60.0,crank_nicolson,0.21428571428571427,0.4266967479110954
60.0,crank_nicolson,0.2857142857142857,0.5645711353194466
60.0,crank_nicolson,0.3571428571428571,0.6899368284479683
60.0,crank_nicolson,0.42857142857142855,0.7842287815955825
60.0,crank_nicolson,0.5,0.8208103593091264
60.0,crank_nicolson,0.5714285714285714,0.7842287815955828
60.0,crank_nicolson,0.6428571428571428,0.6899368284479689
60.0,crank_nicolson,0.7142857142857142,0.5645711353194487
60.0,crank_nicolson,0.7857142857142857,0.42669674791110074
60.0,crank_nicolson,0.8571428571428571,0.2847733458007386
60.0,crank_nicolson,0.9285714285714285,0.1417064696547051
60.0,crank_nicolson,1.0,-0.011729356668757346
