time,x,y,temperature
1.0,0.0,0.0,-0.011489959
1.0,0.07142857142857142,0.0,-0.005006371
1.0,0.14285714285714285,0.0,-0.0037870575
1.0,0.21428571428571427,0.0,-0.005962612
1.0,0.2857142857142857,0.0,-0.007866329
1.0,0.3571428571428571,0.0,-0.0050914306
1.0,0.42857142857142855,0.0,0.0013749097
1.0,0.5,0.0,0.0019365828
1.0,0.5714285714285714,0.0,-0.0066076983
1.0,0.6428571428571428,0.0,-0.013979347
1.0,0.7142857142857142,0.0,-0.013866456
1.0,0.7857142857142857,0.0,-0.010764064
1.0,0.8571428571428571,0.0,-0.01121019
1.0,0.9285714285714285,0.0,-0.018502692
1.0,1.0,0.0,-0.03331779
1.0,0.0,0.07142857142857142,-0.0019691903
1.0,0.07142857142857142,0.07142857142857142,0.022283254
1.0,0.14285714285714285,0.07142857142857142,0.042267777
1.0,0.21428571428571427,0.07142857142857142,0.059239037
1.0,0.2857142857142857,0.07142857142857142,0.07658272
1.0,0.3571428571428571,0.07142857142857142,0.09923764
1.0,0.42857142857142855,0.07142857142857142,0.12480811
1.0,0.5,0.07142857142857142,0.13434389
1.0,0.5714285714285714,0.07142857142857142,0.118145
1.0,0.6428571428571428,0.07142857142857142,0.09472149
1.0,0.7142857142857142,0.07142857142857142,0.077268355
1.0,0.7857142857142857,0.07142857142857142,0.061574616
1.0,0.8571428571428571,0.07142857142857142,0.041717395
1.0,0.9285714285714285,0.07142857142857142,0.015860451
1.0,1.0,0.07142857142857142,-0.015991794
1.0,0.0,0.14285714285714285,-0.00078570284
1.0,0.07142857142857142,0.14285714285714285,0.043157272
1.0,0.14285714285714285,0.14285714285714285,0.084145315
1.0,0.21428571428571427,0.14285714285714285,0.12251892
1.0,0.2857142857142857,0.14285714285714285,0.16098054
1.0,0.3571428571428571,0.14285714285714285,0.2052638
1.0,0.42857142857142855,0.14285714285714285,0.25315896
1.0,0.5,0.14285714285714285,0.2743704
1.0,0.5714285714285714,0.14285714285714285,0.2481817
1.0,0.6428571428571428,0.14285714285714285,0.20438266
1.0,0.7142857142857142,0.14285714285714285,0.16532975
1.0,0.7857142857142857,0.14285714285714285,0.12751125
1.0,0.8571428571428571,0.14285714285714285,0.08637333
1.0,0.9285714285714285,0.14285714285714285,0.041199632
1.0,1.0,0.14285714285714285,-0.008141676
1.0,0.0,0.21428571428571427,-0.005974288
1.0,0.07142857142857142,0.21428571428571427,0.05925233
1.0,0.14285714285714285,0.21428571428571427,0.1226752
1.0,0.21428571428571427,0.21428571428571427,0.18325303
1.0,0.2857142857142857,0.21428571428571427,0.2425316
1.0,0.3571428571428571,0.21428571428571427,0.30720955
1.0,0.42857142857142855,0.21428571428571427,0.37758893
1.0,0.5,0.21428571428571427,0.412039
1.0,0.5714285714285714,0.21428571428571427,0.3743777
1.0,0.6428571428571428,0.21428571428571427,0.30819
1.0,0.7142857142857142,0.21428571428571427,0.24637175
1.0,0.7857142857142857,0.21428571428571427,0.18622139
1.0,0.8571428571428571,0.21428571428571427,0.124346025
1.0,0.9285714285714285,0.21428571428571427,0.060106486
1.0,1.0,0.21428571428571427,-0.007038193
1.0,0.0,0.2857142857142857,-0.012972765
1.0,0.07142857142857142,0.2857142857142857,0.07473212
1.0,0.14285714285714285,0.2857142857142857,0.16136873
1.0,0.21428571428571427,0.2857142857142857,0.24388006
1.0,0.2857142857142857,0.2857142857142857,0.3222766
1.0,0.3571428571428571,0.2857142857142857,0.40443197
1.0,0.42857142857142855,0.2857142857142857,0.49541172
1.0,0.5,0.2857142857142857,0.54369986
1.0,0.5714285714285714,0.2857142857142857,0.49391028
1.0,0.6428571428571428,0.2857142857142857,0.4054265
1.0,0.7142857142857142,0.2857142857142857,0.32249728
1.0,0.7857142857142857,0.2857142857142857,0.24233463
1.0,0.8571428571428571,0.2857142857142857,0.16110355
1.0,0.9285714285714285,0.2857142857142857,0.07757676
1.0,1.0,0.2857142857142857,-0.008096607
1.0,0.0,0.3571428571428571,-0.015033377
1.0,0.07142857142857142,0.3571428571428571,0.09537169
1.0,0.14285714285714285,0.3571428571428571,0.20548429
1.0,0.21428571428571427,0.3571428571428571,0.3097478
1.0,0.2857142857142857,0.3571428571428571,0.40650547
1.0,0.3571428571428571,0.3571428571428571,0.50492376
1.0,0.42857142857142855,0.3571428571428571,0.61574936
1.0,0.5,0.3571428571428571,0.67876214
1.0,0.5714285714285714,0.3571428571428571,0.61631906
1.0,0.6428571428571428,0.3571428571428571,0.5058182
1.0,0.7142857142857142,0.3571428571428571,0.40377444
1.0,0.7857142857142857,0.3571428571428571,0.305062
1.0,0.8571428571428571,0.3571428571428571,0.20377102
1.0,0.9285714285714285,0.3571428571428571,0.099113435
1.0,1.0,0.3571428571428571,-0.0060638655
1.0,0.0,0.42857142857142855,-0.009118421
1.0,0.07142857142857142,0.42857142857142855,0.12087912
1.0,0.14285714285714285,0.42857142857142855,0.25262988
1.0,0.21428571428571427,0.42857142857142855,0.37867126
1.0,0.2857142857142857,0.42857142857142855,0.49613073
1.0,0.3571428571428571,0.42857142857142855,0.6149185
1.0,0.42857142857142855,0.42857142857142855,0.74897027
1.0,0.5,0.42857142857142855,0.8283994
1.0,0.5714285714285714,0.42857142857142855,0.75239104
1.0,0.6428571428571428,0.42857142857142855,0.61798674
1.0,0.7142857142857142,0.42857142857142855,0.4950225
1.0,0.7857142857142857,0.42857142857142855,0.37516108
1.0,0.8571428571428571,0.42857142857142855,0.25104374
1.0,0.9285714285714285,0.42857142857142855,0.12407795
1.0,1.0,0.42857142857142855,0.00055885874
1.0,0.0,0.5,-0.0034243595
1.0,0.07142857142857142,0.5,0.13383946
1.0,0.14285714285714285,0.5,0.27480716
1.0,0.21428571428571427,0.5,0.4122178
1.0,0.2857142857142857,0.5,0.5433768
1.0,0.3571428571428571,0.5,0.6779542
1.0,0.42857142857142855,0.5,0.82841676
1.0,0.5,0.5,0.91775393
1.0,0.5714285714285714,0.5,0.8321964
1.0,0.6428571428571428,0.5,0.681759
1.0,0.7142857142857142,0.5,0.54541767
1.0,0.7857142857142857,0.5,0.4125233
1.0,0.8571428571428571,0.5,0.27493727
1.0,0.9285714285714285,0.5,0.1359199
1.0,1.0,0.5,0.0038862806
1.0,0.0,0.5714285714285714,-0.0053960253
1.0,0.07142857142857142,0.5714285714285714,0.12149779
1.0,0.14285714285714285,0.5714285714285714,0.24996588
1.0,0.21428571428571427,0.5714285714285714,0.3742369
1.0,0.2857142857142857,0.5714285714285714,0.49309775
1.0,0.3571428571428571,0.5714285714285714,0.61585337
1.0,0.42857142857142855,0.5714285714285714,0.75161994
1.0,0.5,0.5714285714285714,0.8300815
1.0,0.5714285714285714,0.5714285714285714,0.7507554
1.0,0.6428571428571428,0.5714285714285714,0.6149038
1.0,0.7142857142857142,0.5714285714285714,0.49413338
1.0,0.7857142857142857,0.5714285714285714,0.37538925
1.0,0.8571428571428571,0.5714285714285714,0.24968296
1.0,0.9285714285714285,0.5714285714285714,0.12071549
1.0,1.0,0.5714285714285714,-0.002691174
1.0,0.0,0.6428571428571428,-0.009586537
1.0,0.07142857142857142,0.6428571428571428,0.09852853
1.0,0.14285714285714285,0.6428571428571428,0.20501709
1.0,0.21428571428571427,0.6428571428571428,0.30662864
1.0,0.2857142857142857,0.6428571428571428,0.4047214
1.0,0.3571428571428571,0.6428571428571428,0.50793064
1.0,0.42857142857142855,0.6428571428571428,0.6195693
1.0,0.5,0.6428571428571428,0.68053573
1.0,0.5714285714285714,0.6428571428571428,0.6158914
1.0,0.6428571428571428,0.6428571428571428,0.5040908
1.0,0.7142857142857142,0.6428571428571428,0.40448603
1.0,0.7857142857142857,0.6428571428571428,0.3074825
1.0,0.8571428571428571,0.6428571428571428,0.20436242
1.0,0.9285714285714285,0.6428571428571428,0.096915804
1.0,1.0,0.6428571428571428,-0.008325884
1.0,0.0,0.7142857142857142,-0.011146234
1.0,0.07142857142857142,0.7142857142857142,0.077277586
1.0,0.14285714285714285,0.7142857142857142,0.16199213
1.0,0.21428571428571427,0.7142857142857142,0.24223486
1.0,0.2857142857142857,0.7142857142857142,0.32123193
1.0,0.3571428571428571,0.7142857142857142,0.40620723
1.0,0.42857142857142855,0.7142857142857142,0.49597916
1.0,0.5,0.7142857142857142,0.54333705
1.0,0.5714285714285714,0.7142857142857142,0.4950929
1.0,0.6428571428571428,0.7142857142857142,0.40530604
1.0,0.7142857142857142,0.7142857142857142,0.3227998
1.0,0.7857142857142857,0.7142857142857142,0.24469751
1.0,0.8571428571428571,0.7142857142857142,0.16356874
1.0,0.9285714285714285,0.7142857142857142,0.07865946
1.0,1.0,0.7142857142857142,-0.0067823697
1.0,0.0,0.7857142857142857,-0.010219367
1.0,0.07142857142857142,0.7857142857142857,0.059309676
1.0,0.14285714285714285,0.7857142857142857,0.12363336
1.0,0.21428571428571427,0.7857142857142857,0.18358417
1.0,0.2857142857142857,0.7857142857142857,0.24306843
1.0,0.3571428571428571,0.7857142857142857,0.30783692
1.0,0.42857142857142855,0.7857142857142857,0.37506142
1.0,0.5,0.7857142857142857,0.41005734
1.0,0.5714285714285714,0.7857142857142857,0.37654674
1.0,0.6428571428571428,0.7857142857142857,0.3086588
1.0,0.7142857142857142,0.7857142857142857,0.2444028
1.0,0.7857142857142857,0.7857142857142857,0.18539172
1.0,0.8571428571428571,0.7857142857142857,0.1253275
1.0,0.9285714285714285,0.7857142857142857,0.061654046
1.0,1.0,0.7857142857142857,-0.00478282
1.0,0.0,0.8571428571428571,-0.008864326
1.0,0.07142857142857142,0.8571428571428571,0.0423913
1.0,0.14285714285714285,0.8571428571428571,0.0868278
1.0,0.21428571428571427,0.8571428571428571,0.12600924
1.0,0.2857142857142857,0.8571428571428571,0.16395788
1.0,0.3571428571428571,0.8571428571428571,0.20569344
1.0,0.42857142857142855,0.8571428571428571,0.24934128
1.0,0.5,0.8571428571428571,0.27249652
1.0,0.5714285714285714,0.8571428571428571,0.25189203
1.0,0.6428571428571428,0.8571428571428571,0.20667844
1.0,0.7142857142857142,0.8571428571428571,0.16335377
1.0,0.7857142857142857,0.8571428571428571,0.12479878
1.0,0.8571428571428571,0.8571428571428571,0.08539558
1.0,0.9285714285714285,0.8571428571428571,0.04153402
1.0,1.0,0.8571428571428571,-0.007299481
1.0,0.0,0.9285714285714285,-0.010358894
1.0,0.07142857142857142,0.9285714285714285,0.022430664
1.0,0.14285714285714285,0.9285714285714285,0.04647346
1.0,0.21428571428571427,0.9285714285714285,0.06381103
1.0,0.2857142857142857,0.9285714285714285,0.078835376
1.0,0.3571428571428571,0.9285714285714285,0.09689417
1.0,0.42857142857142855,0.9285714285714285,0.11858023
1.0,0.5,0.9285714285714285,0.13186273
1.0,0.5714285714285714,0.9285714285714285,0.122794844
1.0,0.6428571428571428,0.9285714285714285,0.0998834
1.0,0.7142857142857142,0.9285714285714285,0.07868389
1.0,0.7857142857142857,0.9285714285714285,0.061079256
1.0,0.8571428571428571,0.9285714285714285,0.04180573
1.0,0.9285714285714285,0.9285714285714285,0.01665357
1.0,1.0,0.9285714285714285,-0.015683701
1.0,0.0,1.0,-0.019285433
1.0,0.07142857142857142,1.0,-0.0058807186
1.0,0.14285714285714285,1.0,-0.0028658155
1.0,0.21428571428571427,1.0,-0.007289609
1.0,0.2857142857142857,1.0,-0.013788423
1.0,0.3571428571428571,1.0,-0.016124735
1.0,0.42857142857142855,1.0,-0.011360014
1.0,0.5,1.0,-0.0044928137
1.0,0.5714285714285714,1.0,-0.003584342
1.0,0.6428571428571428,1.0,-0.0068365205
1.0,0.7142857142857142,1.0,-0.007424617
1.0,0.7857142857142857,1.0,-0.005431561
1.0,0.8571428571428571,1.0,-0.0059820767
1.0,0.9285714285714285,1.0,-0.013647078
1.0,1.0,1.0,-0.030350763
2.0,0.0,0.0,-0.013031164
2.0,0.07142857142857142,0.0,-0.0063529033
2.0,0.14285714285714285,0.0,-0.0050416905
2.0,0.21428571428571427,0.0,-0.0073125903
2.0,0.2857142857142857,0.0,-0.009529145
2.0,0.3571428571428571,0.0,-0.0071756598
2.0,0.42857142857142855,0.0,-0.0010338556
2.0,0.5,0.0,-0.00055848993
2.0,0.5714285714285714,0.0,-0.008987369
2.0,0.6428571428571428,0.0,-0.01614405
2.0,0.7142857142857142,0.0,-0.015768604
2.0,0.7857142857142857,0.0,-0.0124490205
2.0,0.8571428571428571,0.0,-0.012814732
2.0,0.9285714285714285,0.0,-0.02017005
2.0,1.0,0.0,-0.03513956
2.0,0.0,0.07142857142857142,-0.003634084
2.0,0.07142857142857142,0.07142857142857142,0.020953072
2.0,0.14285714285714285,0.07142857142857142,0.041238375
2.0,0.21428571428571427,0.07142857142857142,0.05837985
2.0,0.2857142857142857,0.07142857142857142,0.075673394
2.0,0.3571428571428571,0.07142857142857142,0.09808073
2.0,0.42857142857142855,0.07142857142857142,0.12337721
2.0,0.5,0.07142857142857142,0.13283375
2.0,0.5714285714285714,0.07142857142857142,0.11677522
2.0,0.6428571428571428,0.07142857142857142,0.09351202
2.0,0.7142857142857142,0.07142857142857142,0.07616704
2.0,0.7857142857142857,0.07142857142857142,0.06047003
2.0,0.8571428571428571,0.07142857142857142,0.040447824
2.0,0.9285714285714285,0.07142857142857142,0.014305381
2.0,1.0,0.07142857142857142,-0.017883139
2.0,0.0,0.14285714285714285,-0.0025007967
2.0,0.07142857142857142,0.14285714285714285,0.04189451
2.0,0.14285714285714285,0.14285714285714285,0.08335472
2.0,0.21428571428571427,0.14285714285714285,0.12211899
2.0,0.2857142857142857,0.14285714285714285,0.16074565
2.0,0.3571428571428571,0.14285714285714285,0.20487802
2.0,0.42857142857142855,0.14285714285714285,0.252392
2.0,0.5,0.14285714285714285,0.27340177
2.0,0.5714285714285714,0.14285714285714285,0.2474606
2.0,0.6428571428571428,0.14285714285714285,0.20390487
2.0,0.7142857142857142,0.14285714285714285,0.1648945
2.0,0.7857142857142857,0.14285714285714285,0.12690604
2.0,0.8571428571428571,0.14285714285714285,0.0853981
2.0,0.9285714285714285,0.14285714285714285,0.039747164
2.0,1.0,0.14285714285714285,-0.010094473
2.0,0.0,0.21428571428571427,-0.007646122
2.0,0.07142857142857142,0.21428571428571427,0.05814591
2.0,0.14285714285714285,0.21428571428571427,0.12217281
2.0,0.21428571428571427,0.21428571428571427,0.18328972
2.0,0.2857142857142857,0.21428571428571427,0.24285626
2.0,0.3571428571428571,0.21428571428571427,0.30736306
2.0,0.42857142857142855,0.21428571428571427,0.37705818
2.0,0.5,0.21428571428571427,0.4110328
2.0,0.5714285714285714,0.21428571428571427,0.37389344
2.0,0.6428571428571428,0.21428571428571427,0.30823967
2.0,0.7142857142857142,0.21428571428571427,0.24651524
2.0,0.7857142857142857,0.21428571428571427,0.18609732
2.0,0.8571428571428571,0.21428571428571427,0.12369511
2.0,0.9285714285714285,0.21428571428571427,0.058816306
2.0,1.0,0.21428571428571427,-0.008980857
2.0,0.0,0.2857142857142857,-0.014607733
2.0,0.07142857142857142,0.2857142857142857,0.07379834
2.0,0.14285714285714285,0.2857142857142857,0.16114672
2.0,0.21428571428571427,0.2857142857142857,0.24426836
2.0,0.2857142857142857,0.2857142857142857,0.32297483
2.0,0.3571428571428571,0.2857142857142857,0.40486345
2.0,0.42857142857142855,0.2857142857142857,0.4947475
2.0,0.5,0.2857142857142857,0.5422127
2.0,0.5714285714285714,0.2857142857142857,0.49343082
2.0,0.6428571428571428,0.2857142857142857,0.40590852
2.0,0.7142857142857142,0.2857142857142857,0.3231605
2.0,0.7857142857142857,0.2857142857142857,0.24266136
2.0,0.8571428571428571,0.2857142857142857,0.16078761
2.0,0.9285714285714285,0.2857142857142857,0.07649953
2.0,1.0,0.2857142857142857,-0.009952346
2.0,0.0,0.3571428571428571,-0.016899232
2.0,0.07142857142857142,0.3571428571428571,0.09436668
2.0,0.14285714285714285,0.3571428571428571,0.20528123
2.0,0.21428571428571427,0.3571428571428571,0.31014758
2.0,0.2857142857142857,0.3571428571428571,0.40713856
2.0,0.3571428571428571,0.3571428571428571,0.50515985
2.0,0.42857142857142855,0.3571428571428571,0.6144825
2.0,0.5,0.3571428571428571,0.6763288
2.0,0.5714285714285714,0.3571428571428571,0.6155166
2.0,0.6428571428571428,0.3571428571428571,0.50638217
2.0,0.7142857142857142,0.3571428571428571,0.404549
2.0,0.7857142857142857,0.3571428571428571,0.30547792
2.0,0.8571428571428571,0.3571428571428571,0.20355399
2.0,0.9285714285714285,0.3571428571428571,0.09813906
2.0,1.0,0.3571428571428571,-0.007858628
2.0,0.0,0.42857142857142855,-0.011617338
2.0,0.07142857142857142,0.42857142857142855,0.11932462
2.0,0.14285714285714285,0.42857142857142855,0.25188163
2.0,0.21428571428571427,0.42857142857142855,0.37838694
2.0,0.2857142857142857,0.42857142857142855,0.4958143
2.0,0.3571428571428571,0.42857142857142855,0.6138808
2.0,0.42857142857142855,0.42857142857142855,0.7459011
2.0,0.5,0.42857142857142855,0.8237421
2.0,0.5714285714285714,0.42857142857142855,0.7499458
2.0,0.6428571428571428,0.42857142857142855,0.6172803
2.0,0.7142857142857142,0.42857142857142855,0.49470422
2.0,0.7857142857142857,0.42857142857142855,0.37478894
2.0,0.8571428571428571,0.42857142857142855,0.250391
2.0,0.9285714285714285,0.42857142857142855,0.122915365
2.0,1.0,0.42857142857142855,-0.0013241265
2.0,0.0,0.5,-0.006384043
2.0,0.07142857142857142,0.5,0.13182029
2.0,0.14285714285714285,0.5,0.27354166
2.0,0.21428571428571427,0.5,0.41125476
2.0,0.2857142857142857,0.5,0.5420698
2.0,0.3571428571428571,0.5,0.6754623
2.0,0.42857142857142855,0.5,0.82328516
2.0,0.5,0.5,0.910614
2.0,0.5714285714285714,0.5,0.82761514
2.0,0.6428571428571428,0.5,0.67933846
2.0,0.7142857142857142,0.5,0.543837
2.0,0.7857142857142857,0.5,0.41141388
2.0,0.8571428571428571,0.5,0.27396578
2.0,0.9285714285714285,0.5,0.13464914
2.0,1.0,0.5,0.0019466486
2.0,0.0,0.5714285714285714,-0.008097576
2.0,0.07142857142857142,0.5714285714285714,0.119785495
2.0,0.14285714285714285,0.5714285714285714,0.24911481
2.0,0.21428571428571427,0.5714285714285714,0.37390545
2.0,0.2857142857142857,0.5714285714285714,0.49277875
2.0,0.3571428571428571,0.5714285714285714,0.61478084
2.0,0.42857142857142855,0.5714285714285714,0.748328
2.0,0.5,0.5714285714285714,0.8249095
2.0,0.5714285714285714,0.5714285714285714,0.7477422
2.0,0.6428571428571428,0.5714285714285714,0.61371714
2.0,0.7142857142857142,0.5714285714285714,0.49358085
2.0,0.7857142857142857,0.5714285714285714,0.3751214
2.0,0.8571428571428571,0.5714285714285714,0.2493268
2.0,0.9285714285714285,0.5714285714285714,0.119821794
2.0,1.0,0.5714285714285714,-0.0044397805
2.0,0.0,0.6428571428571428,-0.011745932
2.0,0.07142857142857142,0.6428571428571428,0.09731887
2.0,0.14285714285714285,0.6428571428571428,0.20469645
2.0,0.21428571428571427,0.6428571428571428,0.3070143
2.0,0.2857142857142857,0.6428571428571428,0.40550256
2.0,0.3571428571428571,0.6428571428571428,0.5084586
2.0,0.42857142857142855,0.6428571428571428,0.6184847
2.0,0.5,0.6428571428571428,0.6779224
2.0,0.5714285714285714,0.6428571428571428,0.61486155
2.0,0.6428571428571428,0.6428571428571428,0.5044818
2.0,0.7142857142857142,0.6428571428571428,0.4051979
2.0,0.7857142857142857,0.6428571428571428,0.30808705
2.0,0.8571428571428571,0.6428571428571428,0.20450394
2.0,0.9285714285714285,0.6428571428571428,0.09626145
2.0,1.0,0.6428571428571428,-0.009955997
2.0,0.0,0.7142857142857142,-0.012900861
2.0,0.07142857142857142,0.7142857142857142,0.07628617
2.0,0.14285714285714285,0.7142857142857142,0.16173097
2.0,0.21428571428571427,0.7142857142857142,0.24261379
2.0,0.2857142857142857,0.7142857142857142,0.32205716
2.0,0.3571428571428571,0.7142857142857142,0.4069351
2.0,0.42857142857142855,0.7142857142857142,0.4954712
2.0,0.5,0.7142857142857142,0.5416498
2.0,0.5714285714285714,0.7142857142857142,0.49457696
2.0,0.6428571428571428,0.7142857142857142,0.40598857
2.0,0.7142857142857142,0.7142857142857142,0.3237001
2.0,0.7857142857142857,0.7142857142857142,0.24532783
2.0,0.8571428571428571,0.7142857142857142,0.16361271
2.0,0.9285714285714285,0.7142857142857142,0.07789075
2.0,1.0,0.7142857142857142,-0.008455543
2.0,0.0,0.7857142857142857,-0.011728944
2.0,0.07142857142857142,0.7857142857142857,0.058324806
2.0,0.14285714285714285,0.7857142857142857,0.12315167
2.0,0.21428571428571427,0.7857142857142857,0.18357411
2.0,0.2857142857142857,0.7857142857142857,0.2434273
2.0,0.3571428571428571,0.7857142857142857,0.30816293
2.0,0.42857142857142855,0.7857142857142857,0.37450922
2.0,0.5,0.7857142857142857,0.4087093
2.0,0.5714285714285714,0.7857142857142857,0.37605318
2.0,0.6428571428571428,0.7857142857142857,0.30908456
2.0,0.7142857142857142,0.7857142857142857,0.2449385
2.0,0.7857142857142857,0.7857142857142857,0.18561356
2.0,0.8571428571428571,0.7857142857142857,0.12500915
2.0,0.9285714285714285,0.7857142857142857,0.06065157
2.0,1.0,0.7857142857142857,-0.006524319
2.0,0.0,0.8571428571428571,-0.010191115
2.0,0.07142857142857142,0.8571428571428571,0.041360036
2.0,0.14285714285714285,0.8571428571428571,0.086074024
2.0,0.21428571428571427,0.8571428571428571,0.12553772
2.0,0.2857142857142857,0.8571428571428571,0.16373815
2.0,0.3571428571428571,0.8571428571428571,0.2054584
2.0,0.42857142857142855,0.8571428571428571,0.24851796
2.0,0.5,0.8571428571428571,0.27118176
2.0,0.5714285714285714,0.8571428571428571,0.25117633
2.0,0.6428571428571428,0.8571428571428571,0.20662142
2.0,0.7142857142857142,0.8571428571428571,0.16333938
2.0,0.7857142857142857,0.8571428571428571,0.12450694
2.0,0.8571428571428571,0.8571428571428571,0.08469038
2.0,0.9285714285714285,0.8571428571428571,0.040321656
2.0,1.0,0.8571428571428571,-0.009071277
2.0,0.0,0.9285714285714285,-0.011523413
2.0,0.07142857142857142,0.9285714285714285,0.02135299
2.0,0.14285714285714285,0.9285714285714285,0.045463182
2.0,0.21428571428571427,0.9285714285714285,0.062892705
2.0,0.2857142857142857,0.9285714285714285,0.078017555
2.0,0.3571428571428571,0.9285714285714285,0.09599971
2.0,0.42857142857142855,0.9285714285714285,0.117248245
2.0,0.5,0.9285714285714285,0.13020629
2.0,0.5714285714285714,0.9285714285714285,0.12154894
2.0,0.6428571428571428,0.9285714285714285,0.0991455
2.0,0.7142857142857142,0.9285714285714285,0.0780259
2.0,0.7857142857142857,0.9285714285714285,0.06026081
2.0,0.8571428571428571,0.9285714285714285,0.040743634
2.0,0.9285714285714285,0.9285714285714285,0.015276492
2.0,1.0,0.9285714285714285,-0.017444199
2.0,0.0,1.0,-0.02034279
2.0,0.07142857142857142,1.0,-0.007046583
2.0,0.14285714285714285,1.0,-0.0041558845
2.0,0.21428571428571427,1.0,-0.008669082
2.0,0.2857142857142857,1.0,-0.015242701
2.0,0.3571428571428571,1.0,-0.01777471
2.0,0.42857142857142855,1.0,-0.013410652
2.0,0.5,1.0,-0.0068065766
2.0,0.5714285714285714,1.0,-0.0056153107
2.0,0.6428571428571428,1.0,-0.008413615
2.0,0.7142857142857142,1.0,-0.008800758
2.0,0.7857142857142857,1.0,-0.006792264
2.0,0.8571428571428571,1.0,-0.007395087
2.0,0.9285714285714285,1.0,-0.015179886
2.0,1.0,1.0,-0.03209265
3.0,0.0,0.0,-0.014498716
3.0,0.07142857142857142,0.0,-0.0076242443
3.0,0.14285714285714285,0.0,-0.006213581
3.0,0.21428571428571427,0.0,-0.008564463
3.0,0.2857142857142857,0.0,-0.01107032
3.0,0.3571428571428571,0.0,-0.009109767
3.0,0.42857142857142855,0.0,-0.0032702368
3.0,0.5,0.0,-0.0028666127
3.0,0.5714285714285714,0.0,-0.011169674
3.0,0.6428571428571428,0.0,-0.018117653
3.0,0.7142857142857142,0.0,-0.017502015
3.0,0.7857142857142857,0.0,-0.013985494
3.0,0.8571428571428571,0.0,-0.014283659
3.0,0.9285714285714285,0.0,-0.021709876
3.0,1.0,0.0,-0.036840215
3.0,0.0,0.07142857142857142,-0.005225783
3.0,0.07142857142857142,0.07142857142857142,0.019692717
3.0,0.14285714285714285,0.07142857142857142,0.04027886
3.0,0.21428571428571427,0.07142857142857142,0.057598166
3.0,0.2857142857142857,0.07142857142857142,0.074857876
3.0,0.3571428571428571,0.07142857142857142,0.097036414
3.0,0.42857142857142855,0.07142857142857142,0.1220625
3.0,0.5,0.07142857142857142,0.13143551
3.0,0.5714285714285714,0.07142857142857142,0.11552528
3.0,0.6428571428571428,0.07142857142857142,0.09242107
3.0,0.7142857142857142,0.07142857142857142,0.075168185
3.0,0.7857142857142857,0.07142857142857142,0.05945795
3.0,0.8571428571428571,0.07142857142857142,0.03927029
3.0,0.9285714285714285,0.07142857142857142,0.0128450375
3.0,1.0,0.07142857142857142,-0.01967653
3.0,0.0,0.14285714285714285,-0.004139317
3.0,0.07142857142857142,0.14285714285714285,0.040697202
3.0,0.14285714285714285,0.14285714285714285,0.082619786
3.0,0.21428571428571427,0.14285714285714285,0.12177227
3.0,0.2857142857142857,0.14285714285714285,0.16057065
3.0,0.3571428571428571,0.14285714285714285,0.2045591
3.0,0.42857142857142855,0.14285714285714285,0.25167426
3.0,0.5,0.14285714285714285,0.2724535
3.0,0.5714285714285714,0.14285714285714285,0.24677029
3.0,0.6428571428571428,0.14285714285714285,0.2034684
3.0,0.7142857142857142,0.14285714285714285,0.16449627
3.0,0.7857142857142857,0.14285714285714285,0.12634295
3.0,0.8571428571428571,0.14285714285714285,0.08447814
3.0,0.9285714285714285,0.14285714285714285,0.03836458
3.0,1.0,0.14285714285714285,-0.01196328
3.0,0.0,0.21428571428571427,-0.009231323
3.0,0.07142857142857142,0.21428571428571427,0.057104796
3.0,0.14285714285714285,0.21428571428571427,0.121713646
3.0,0.21428571428571427,0.21428571428571427,0.18335238
3.0,0.2857142857142857,0.21428571428571427,0.24320167
3.0,0.3571428571428571,0.21428571428571427,0.30754134
3.0,0.42857142857142855,0.21428571428571427,0.37652454
3.0,0.5,0.21428571428571427,0.4099783
3.0,0.5714285714285714,0.21428571428571427,0.373377
3.0,0.6428571428571428,0.21428571428571427,0.3082741
3.0,0.7142857142857142,0.21428571428571427,0.24664739
3.0,0.7857142857142857,0.21428571428571427,0.18597838
3.0,0.8571428571428571,0.21428571428571427,0.12307272
3.0,0.9285714285714285,0.21428571428571427,0.057579517
3.0,1.0,0.21428571428571427,-0.010845678
3.0,0.0,0.2857142857142857,-0.016136192
3.0,0.07142857142857142,0.2857142857142857,0.07293659
3.0,0.14285714285714285,0.2857142857142857,0.1609566
3.0,0.21428571428571427,0.2857142857142857,0.24465248
3.0,0.2857142857142857,0.2857142857142857,0.32365337
3.0,0.3571428571428571,0.2857142857142857,0.4052858
3.0,0.42857142857142855,0.2857142857142857,0.4940602
3.0,0.5,0.2857142857142857,0.5406562
3.0,0.5714285714285714,0.2857142857142857,0.49289528
3.0,0.6428571428571428,0.2857142857142857,0.40634784
3.0,0.7142857142857142,0.2857142857142857,0.3237807
3.0,0.7857142857142857,0.2857142857142857,0.24296394
3.0,0.8571428571428571,0.2857142857142857,0.16047959
3.0,0.9285714285714285,0.2857142857142857,0.07546698
3.0,1.0,0.2857142857142857,-0.011727536
3.0,0.0,0.3571428571428571,-0.01862996
3.0,0.07142857142857142,0.3571428571428571,0.09344698
3.0,0.14285714285714285,0.3571428571428571,0.2051024
3.0,0.21428571428571427,0.3571428571428571,0.31051415
3.0,0.2857142857142857,0.3571428571428571,0.40771013
3.0,0.3571428571428571,0.3571428571428571,0.50535715
3.0,0.42857142857142855,0.3571428571428571,0.61319375
3.0,0.5,0.3571428571428571,0.67383367
3.0,0.5714285714285714,0.3571428571428571,0.6146499
3.0,0.6428571428571428,0.3571428571428571,0.50688434
3.0,0.7142857142857142,0.3571428571428571,0.40525368
3.0,0.7857142857142857,0.3571428571428571,0.30584478
3.0,0.8571428571428571,0.3571428571428571,0.20332992
3.0,0.9285714285714285,0.3571428571428571,0.09720891
3.0,1.0,0.3571428571428571,-0.009558732
3.0,0.0,0.42857142857142855,-0.013958601
3.0,0.07142857142857142,0.42857142857142855,0.11786812
3.0,0.14285714285714285,0.42857142857142855,0.25115392
3.0,0.21428571428571427,0.42857142857142855,0.3780475
3.0,0.2857142857142857,0.42857142857142855,0.4954038
3.0,0.3571428571428571,0.42857142857142855,0.6127789
3.0,0.42857142857142855,0.42857142857142855,0.74280083
3.0,0.5,0.42857142857142855,0.8190128
3.0,0.5714285714285714,0.42857142857142855,0.74741143
3.0,0.6428571428571428,0.42857142857142855,0.61649567
3.0,0.7142857142857142,0.42857142857142855,0.49430117
3.0,0.7857142857142857,0.42857142857142855,0.37435827
3.0,0.8571428571428571,0.42857142857142855,0.24973539
3.0,0.9285714285714285,0.42857142857142855,0.1218136
3.0,1.0,0.42857142857142855,-0.0030893032
3.0,0.0,0.5,-0.00917826
3.0,0.07142857142857142,0.5,0.12990558
3.0,0.14285714285714285,0.5,0.2723022
3.0,0.21428571428571427,0.5,0.41024098
3.0,0.2857142857142857,0.5,0.5406791
3.0,0.3571428571428571,0.5,0.67292446
3.0,0.42857142857142855,0.5,0.8181579
3.0,0.5,0.5,0.9034366
3.0,0.5714285714285714,0.5,0.8229625
3.0,0.6428571428571428,0.5,0.67685914
3.0,0.7142857142857142,0.5,0.54218364
3.0,0.7857142857142857,0.5,0.41025415
3.0,0.8571428571428571,0.5,0.27300164
3.0,0.9285714285714285,0.5,0.1334553
3.0,1.0,0.5,0.00014378689
3.0,0.0,0.5714285714285714,-0.010637449
3.0,0.07142857142857142,0.5714285714285714,0.11817787
3.0,0.14285714285714285,0.5714285714285714,0.2483001
3.0,0.21428571428571427,0.5714285714285714,0.37354955
3.0,0.2857142857142857,0.5714285714285714,0.4924142
3.0,0.3571428571428571,0.5714285714285714,0.6137035
3.0,0.42857142857142855,0.5714285714285714,0.7450919
3.0,0.5,0.5714285714285714,0.8197703
3.0,0.5714285714285714,0.5714285714285714,0.744714
3.0,0.6428571428571428,0.5714285714285714,0.6125052
3.0,0.7142857142857142,0.5714285714285714,0.4929684
3.0,0.7857142857142857,0.5714285714285714,0.37480208
3.0,0.8571428571428571,0.5714285714285714,0.24897274
3.0,0.9285714285714285,0.5714285714285714,0.11899788
3.0,1.0,0.5714285714285714,-0.0060590375
3.0,0.0,0.6428571428571428,-0.013761925
3.0,0.07142857142857142,0.6428571428571428,0.09619736
3.0,0.14285714285714285,0.6428571428571428,0.20440358
3.0,0.21428571428571427,0.6428571428571428,0.30737755
3.0,0.2857142857142857,0.6428571428571428,0.4062422
3.0,0.3571428571428571,0.6428571428571428,0.508967
3.0,0.42857142857142855,0.6428571428571428,0.61742204
3.0,0.5,0.6428571428571428,0.6753172
3.0,0.5714285714285714,0.6428571428571428,0.6137886
3.0,0.6428571428571428,0.6428571428571428,0.5048229
3.0,0.7142857142857142,0.6428571428571428,0.40584373
3.0,0.7857142857142857,0.6428571428571428,0.3086378
3.0,0.8571428571428571,0.6428571428571428,0.20463763
3.0,0.9285714285714285,0.6428571428571428,0.095656626
3.0,1.0,0.6428571428571428,-0.011484066
3.0,0.0,0.7142857142857142,-0.014537277
3.0,0.07142857142857142,0.7142857142857142,0.07536059
3.0,0.14285714285714285,0.7142857142857142,0.16148205
3.0,0.21428571428571427,0.7142857142857142,0.24296486
3.0,0.2857142857142857,0.7142857142857142,0.32283798
3.0,0.3571428571428571,0.7142857142857142,0.40763053
3.0,0.42857142857142855,0.7142857142857142,0.49495974
3.0,0.5,0.7142857142857142,0.5399422
3.0,0.5714285714285714,0.7142857142857142,0.4939842
3.0,0.6428571428571428,0.7142857142857142,0.4065941
3.0,0.7142857142857142,0.7142857142857142,0.32452923
3.0,0.7857142857142857,0.7142857142857142,0.24590734
3.0,0.8571428571428571,0.7142857142857142,0.16364521
3.0,0.9285714285714285,0.7142857142857142,0.07715628
3.0,1.0,0.7142857142857142,-0.010051815
3.0,0.0,0.7857142857142857,-0.013141507
3.0,0.07142857142857142,0.7857142857142857,0.057388745
3.0,0.14285714285714285,0.7857142857142857,0.12267428
3.0,0.21428571428571427,0.7857142857142857,0.18353727
3.0,0.2857142857142857,0.7857142857142857,0.24374995
3.0,0.3571428571428571,0.7857142857142857,0.30846694
3.0,0.42857142857142855,0.7857142857142857,0.37396133
3.0,0.5,0.7857142857142857,0.40734875
3.0,0.5714285714285714,0.7857142857142857,0.37549123
3.0,0.6428571428571428,0.7857142857142857,0.30943885
3.0,0.7142857142857142,0.7857142857142857,0.24541327
3.0,0.7857142857142857,0.7857142857142857,0.18579242
3.0,0.8571428571428571,0.7857142857142857,0.12467966
3.0,0.9285714285714285,0.7857142857142857,0.059674755
3.0,1.0,0.7857142857142857,-0.008204563
3.0,0.0,0.8571428571428571,-0.011436457
3.0,0.07142857142857142,0.8571428571428571,0.040368475
3.0,0.14285714285714285,0.8571428571428571,0.08532543
3.0,0.21428571428571427,0.8571428571428571,0.12505156
3.0,0.2857142857142857,0.8571428571428571,0.16350521
3.0,0.3571428571428571,0.8571428571428571,0.20523351
3.0,0.42857142857142855,0.8571428571428571,0.24773821
3.0,0.5,0.8571428571428571,0.2699007
3.0,0.5714285714285714,0.8571428571428571,0.2504412
3.0,0.6428571428571428,0.8571428571428571,0.20653003
3.0,0.7142857142857142,0.8571428571428571,0.16329223
3.0,0.7857142857142857,0.8571428571428571,0.12418846
3.0,0.8571428571428571,0.8571428571428571,0.083978616
3.0,0.9285714285714285,0.8571428571428571,0.03913238
3.0,1.0,0.8571428571428571,-0.010789791
3.0,0.0,0.9285714285714285,-0.012614118
3.0,0.07142857142857142,0.9285714285714285,0.020314587
3.0,0.14285714285714285,0.9285714285714285,0.044468112
3.0,0.21428571428571427,0.9285714285714285,0.061982602
3.0,0.2857142857142857,0.9285714285714285,0.07722248
3.0,0.3571428571428571,0.9285714285714285,0.0951644
3.0,0.42857142857142855,0.9285714285714285,0.11601771
3.0,0.5,0.9285714285714285,0.1286515
3.0,0.5714285714285714,0.9285714285714285,0.12035812
3.0,0.6428571428571428,0.9285714285714285,0.0984331
3.0,0.7142857142857142,0.9285714285714285,0.07737872
3.0,0.7857142857142857,0.9285714285714285,0.059444375
3.0,0.8571428571428571,0.9285714285714285,0.03968761
3.0,0.9285714285714285,0.9285714285714285,0.013923606
3.0,1.0,0.9285714285714285,-0.019156944
3.0,0.0,1.0,-0.021330744
3.0,0.07142857142857142,1.0,-0.008166842
3.0,0.14285714285714285,1.0,-0.005411749
3.0,0.21428571428571427,1.0,-0.010007769
3.0,0.2857142857142857,1.0,-0.016628178
3.0,0.3571428571428571,1.0,-0.01931026
3.0,0.42857142857142855,1.0,-0.015299136
3.0,0.5,1.0,-0.008947985
3.0,0.5714285714285714,1.0,-0.007511573
3.0,0.6428571428571428,1.0,-0.009894626
3.0,0.7142857142857142,1.0,-0.010110868
3.0,0.7857142857142857,1.0,-0.0081120115
3.0,0.8571428571428571,1.0,-0.008780291
3.0,0.9285714285714285,1.0,-0.016682014
3.0,1.0,1.0,-0.033789374
4.0,0.0,0.0,-0.015888529
4.0,0.07142857142857142,0.0,-0.008817675
4.0,0.14285714285714285,0.0,-0.0073024426
4.0,0.21428571428571427,0.0,-0.009720126
4.0,0.2857142857142857,0.0,-0.012490625
4.0,0.3571428571428571,0.0,-0.010894528
4.0,0.42857142857142855,0.0,-0.005333325
4.0,0.5,0.0,-0.0049861204
4.0,0.5714285714285714,0.0,-0.013154393
4.0,0.6428571428571428,0.0,-0.019901594
4.0,0.7142857142857142,0.0,-0.019068075
4.0,0.7857142857142857,0.0,-0.015374811
4.0,0.8571428571428571,0.0,-0.015616948
4.0,0.9285714285714285,0.0,-0.023120092
4.0,1.0,0.0,-0.03841549
4.0,0.0,0.07142857142857142,-0.0067397635
4.0,0.07142857142857142,0.07142857142857142,0.018503329
4.0,0.14285714285714285,0.07142857142857142,0.039388888
4.0,0.21428571428571427,0.07142857142857142,0.056891486
4.0,0.2857142857142857,0.07142857142857142,0.07413215
4.0,0.3571428571428571,0.07142857142857142,0.096099965
4.0,0.42857142857142855,0.07142857142857142,0.12085991
4.0,0.5,0.07142857142857142,0.13014612
4.0,0.5714285714285714,0.07142857142857142,0.11439278
4.0,0.6428571428571428,0.07142857142857142,0.091444224
4.0,0.7142857142857142,0.07142857142857142,0.074266665
4.0,0.7857142857142857,0.07142857142857142,0.058535554
4.0,0.8571428571428571,0.07142857142857142,0.03818486
4.0,0.9285714285714285,0.07142857142857142,0.011482215
4.0,1.0,0.07142857142857142,-0.021365391
4.0,0.0,0.14285714285714285,-0.0056974404
4.0,0.07142857142857142,0.14285714285714285,0.039567366
4.0,0.14285714285714285,0.14285714285714285,0.08194092
4.0,0.21428571428571427,0.14285714285714285,0.121474914
4.0,0.2857142857142857,0.14285714285714285,0.16044922
4.0,0.3571428571428571,0.14285714285714285,0.20430055
4.0,0.42857142857142855,0.14285714285714285,0.2509993
4.0,0.5,0.14285714285714285,0.2715216
4.0,0.5714285714285714,0.14285714285714285,0.2461082
4.0,0.6428571428571428,0.14285714285714285,0.20306851
4.0,0.7142857142857142,0.14285714285714285,0.16412894
4.0,0.7857142857142857,0.14285714285714285,0.12581983
4.0,0.8571428571428571,0.14285714285714285,0.0836152
4.0,0.9285714285714285,0.14285714285714285,0.03705632
4.0,1.0,0.14285714285714285,-0.013741696
4.0,0.0,0.21428571428571427,-0.010725713
4.0,0.07142857142857142,0.21428571428571427,0.056130923
4.0,0.14285714285714285,0.21428571428571427,0.12129622
4.0,0.21428571428571427,0.21428571428571427,0.18343641
4.0,0.2857142857142857,0.21428571428571427,0.24356124
4.0,0.3571428571428571,0.21428571428571427,0.3077368
4.0,0.42857142857142855,0.21428571428571427,0.3759836
4.0,0.5,0.21428571428571427,0.4088768
4.0,0.5714285714285714,0.21428571428571427,0.37282732
4.0,0.6428571428571428,0.21428571428571427,0.30829027
4.0,0.7142857142857142,0.21428571428571427,0.24676296
4.0,0.7857142857142857,0.21428571428571427,0.18586253
4.0,0.8571428571428571,0.21428571428571427,0.12248073
4.0,0.9285714285714285,0.21428571428571427,0.056400627
4.0,1.0,0.21428571428571427,-0.012625853
4.0,0.0,0.2857142857142857,-0.01755485
4.0,0.07142857142857142,0.2857142857142857,0.072147295
4.0,0.14285714285714285,0.2857142857142857,0.16079691
4.0,0.21428571428571427,0.2857142857142857,0.24502802
4.0,0.2857142857142857,0.2857142857142857,0.32430607
4.0,0.3571428571428571,0.2857142857142857,0.4056934
4.0,0.42857142857142855,0.2857142857142857,0.49335197
4.0,0.5,0.2857142857142857,0.5390404
4.0,0.5714285714285714,0.2857142857142857,0.4923074
4.0,0.6428571428571428,0.2857142857142857,0.40674126
4.0,0.7142857142857142,0.2857142857142857,0.32435313
4.0,0.7857142857142857,0.2857142857142857,0.24324015
4.0,0.8571428571428571,0.2857142857142857,0.1601795
4.0,0.9285714285714285,0.2857142857142857,0.07448131
4.0,1.0,0.2857142857142857,-0.013414914
4.0,0.0,0.3571428571428571,-0.020222519
4.0,0.07142857142857142,0.3571428571428571,0.09261243
4.0,0.14285714285714285,0.3571428571428571,0.20494501
4.0,0.21428571428571427,0.3571428571428571,0.31084237
4.0,0.2857142857142857,0.3571428571428571,0.40821707
4.0,0.3571428571428571,0.3571428571428571,0.50551593
4.0,0.42857142857142855,0.3571428571428571,0.61188865
4.0,0.5,0.3571428571428571,0.67129165
4.0,0.5714285714285714,0.3571428571428571,0.6137238
4.0,0.6428571428571428,0.3571428571428571,0.5073235
4.0,0.7142857142857142,0.3571428571428571,0.4058852
4.0,0.7857142857142857,0.3571428571428571,0.30615816
4.0,0.8571428571428571,0.3571428571428571,0.20309925
4.0,0.9285714285714285,0.3571428571428571,0.09632593
4.0,1.0,0.3571428571428571,-0.011159608
4.0,0.0,0.42857142857142855,-0.01613689
4.0,0.07142857142857142,0.42857142857142855,0.11651117
4.0,0.14285714285714285,0.42857142857142855,0.25044537
4.0,0.21428571428571427,0.42857142857142855,0.37764907
4.0,0.2857142857142857,0.42857142857142855,0.49490026
4.0,0.3571428571428571,0.42857142857142855,0.61161745
4.0,0.42857142857142855,0.42857142857142855,0.7396819
4.0,0.5,0.42857142857142855,0.8142337
4.0,0.5714285714285714,0.42857142857142855,0.7447982
4.0,0.6428571428571428,0.42857142857142855,0.615635
4.0,0.7142857142857142,0.42857142857142855,0.49381217
4.0,0.7857142857142857,0.42857142857142855,0.3738666
4.0,0.8571428571428571,0.42857142857142855,0.2490752
4.0,0.9285714285714285,0.42857142857142855,0.12077389
4.0,1.0,0.42857142857142855,-0.0047317687
4.0,0.0,0.5,-0.011800049
4.0,0.07142857142857142,0.5,0.1280989
4.0,0.14285714285714285,0.5,0.27108952
4.0,0.21428571428571427,0.5,0.4091774
4.0,0.2857142857142857,0.5,0.53920907
4.0,0.3571428571428571,0.5,0.67035276
4.0,0.42857142857142855,0.5,0.8130547
4.0,0.5,0.5,0.8962529
4.0,0.5714285714285714,0.5,0.81825686
4.0,0.6428571428571428,0.5,0.6743293
4.0,0.7142857142857142,0.5,0.5404615
4.0,0.7857142857142857,0.5,0.40904352
4.0,0.8571428571428571,0.5,0.27204463
4.0,0.9285714285714285,0.5,0.1323394
4.0,1.0,0.5,-0.0015174691
4.0,0.0,0.5714285714285714,-0.013009945
4.0,0.07142857142857142,0.5714285714285714,0.116677426
4.0,0.14285714285714285,0.5714285714285714,0.24752146
4.0,0.21428571428571427,0.5714285714285714,0.37316653
4.0,0.2857142857142857,0.5714285714285714,0.4920033
4.0,0.3571428571428571,0.5714285714285714,0.6126227
4.0,0.42857142857142855,0.5714285714285714,0.74191606
4.0,0.5,0.5714285714285714,0.81468153
4.0,0.5714285714285714,0.5714285714285714,0.7416813
4.0,0.6428571428571428,0.5714285714285714,0.6112731
4.0,0.7142857142857142,0.5714285714285714,0.4922972
4.0,0.7857142857142857,0.5714285714285714,0.37442887
4.0,0.8571428571428571,0.5714285714285714,0.24861893
4.0,0.9285714285714285,0.5714285714285714,0.11824501
4.0,1.0,0.5714285714285714,-0.0075441394
4.0,0.0,0.6428571428571428,-0.015629793
4.0,0.07142857142857142,0.6428571428571428,0.09516608
4.0,0.14285714285714285,0.6428571428571428,0.20413783
4.0,0.21428571428571427,0.6428571428571428,0.30771545
4.0,0.2857142857142857,0.6428571428571428,0.40693623
4.0,0.3571428571428571,0.6428571428571428,0.5094516
4.0,0.42857142857142855,0.6428571428571428,0.61638117
4.0,0.5,0.6428571428571428,0.67273045
4.0,0.5714285714285714,0.6428571428571428,0.6126788
4.0,0.6428571428571428,0.6428571428571428,0.505116
4.0,0.7142857142857142,0.6428571428571428,0.4064219
4.0,0.7857142857142857,0.6428571428571428,0.3091317
4.0,0.8571428571428571,0.6428571428571428,0.20476285
4.0,0.9285714285714285,0.6428571428571428,0.09510507
4.0,1.0,0.6428571428571428,-0.012902694
4.0,0.0,0.7142857142857142,-0.016050706
4.0,0.07142857142857142,0.7142857142857142,0.07450257
4.0,0.14285714285714285,0.7142857142857142,0.16124618
4.0,0.21428571428571427,0.7142857142857142,0.24328655
4.0,0.2857142857142857,0.7142857142857142,0.32357165
4.0,0.3571428571428571,0.7142857142857142,0.40829012
4.0,0.42857142857142855,0.7142857142857142,0.49444333
4.0,0.5,0.7142857142857142,0.5382221
4.0,0.5714285714285714,0.7142857142857142,0.4933214
4.0,0.6428571428571428,0.7142857142857142,0.40712386
4.0,0.7142857142857142,0.7142857142857142,0.32528597
4.0,0.7857142857142857,0.7142857142857142,0.2464343
4.0,0.8571428571428571,0.7142857142857142,0.16366668
4.0,0.9285714285714285,0.7142857142857142,0.07646088
4.0,1.0,0.7142857142857142,-0.011562442
4.0,0.0,0.7857142857142857,-0.014452608
4.0,0.07142857142857142,0.7857142857142857,0.056504227
4.0,0.14285714285714285,0.7857142857142857,0.12220337
4.0,0.21428571428571427,0.7857142857142857,0.18347484
4.0,0.2857142857142857,0.7857142857142857,0.24403608
4.0,0.3571428571428571,0.7857142857142857,0.30874628
4.0,0.42857142857142855,0.7857142857142857,0.37341648
4.0,0.5,0.7857142857142857,0.40598124
4.0,0.5714285714285714,0.7857142857142857,0.37486574
4.0,0.6428571428571428,0.7857142857142857,0.30972183
4.0,0.7142857142857142,0.7857142857142857,0.24582717
4.0,0.7857142857142857,0.7857142857142857,0.1859288
4.0,0.8571428571428571,0.7857142857142857,0.12434145
4.0,0.9285714285714285,0.7857142857142857,0.058730595
4.0,1.0,0.7857142857142857,-0.0098130945
4.0,0.0,0.8571428571428571,-0.0125942025
4.0,0.07142857142857142,0.8571428571428571,0.03942193
4.0,0.14285714285714285,0.8571428571428571,0.08458608
4.0,0.21428571428571427,0.8571428571428571,0.124553286
4.0,0.2857142857142857,0.8571428571428571,0.16325967
4.0,0.3571428571428571,0.8571428571428571,0.20501824
4.0,0.42857142857142855,0.8571428571428571,0.24700087
4.0,0.5,0.8571428571428571,0.26865542
4.0,0.5714285714285714,0.8571428571428571,0.2496902
4.0,0.6428571428571428,0.8571428571428571,0.20640454
4.0,0.7142857142857142,0.8571428571428571,0.163213
4.0,0.7857142857142857,0.8571428571428571,0.123846374
4.0,0.8571428571428571,0.8571428571428571,0.08326522
4.0,0.9285714285714285,0.8571428571428571,0.037972324
4.0,1.0,0.8571428571428571,-0.0124451425
4.0,0.0,0.9285714285714285,-0.013626283
4.0,0.07142857142857142,0.9285714285714285,0.019320758
4.0,0.14285714285714285,0.9285714285714285,0.043492563
4.0,0.21428571428571427,0.9285714285714285,0.061084308
4.0,0.2857142857142857,0.9285714285714285,0.07645247
4.0,0.3571428571428571,0.9285714285714285,0.09438886
4.0,0.42857142857142855,0.9285714285714285,0.11488839
4.0,0.5,0.9285714285714285,0.12720041
4.0,0.5714285714285714,0.9285714285714285,0.11922591
4.0,0.6428571428571428,0.9285714285714285,0.09774894
4.0,0.7142857142857142,0.9285714285714285,0.076746635
4.0,0.7857142857142857,0.9285714285714285,0.05863435
4.0,0.8571428571428571,0.9285714285714285,0.038643777
4.0,0.9285714285714285,0.9285714285714285,0.012601439
4.0,1.0,0.9285714285714285,-0.020812608
4.0,0.0,1.0,-0.022243684
4.0,0.07142857142857142,1.0,-0.009236257
4.0,0.14285714285714285,1.0,-0.0066276575
4.0,0.21428571428571427,1.0,-0.011300433
4.0,0.2857142857142857,1.0,-0.01794056
4.0,0.3571428571428571,1.0,-0.02072771
4.0,0.42857142857142855,1.0,-0.017021807
4.0,0.5,1.0,-0.01091213
4.0,0.5714285714285714,1.0,-0.009266475
4.0,0.6428571428571428,1.0,-0.011273334
4.0,0.7142857142857142,1.0,-0.01134775
4.0,0.7857142857142857,1.0,-0.009384276
4.0,0.8571428571428571,1.0,-0.010130873
4.0,0.9285714285714285,1.0,-0.018145807
4.0,1.0,1.0,-0.03543225
5.0,0.0,0.0,-0.017197201
5.0,0.07142857142857142,0.0,-0.00993179
5.0,0.14285714285714285,0.0,-0.008308267
5.0,0.21428571428571427,0.0,-0.010779569
5.0,0.2857142857142857,0.0,-0.013792245
5.0,0.3571428571428571,0.0,-0.012529941
5.0,0.42857142857142855,0.0,-0.007222643
5.0,0.5,0.0,-0.006916562
5.0,0.5714285714285714,0.0,-0.0149414595
5.0,0.6428571428571428,0.0,-0.02149904
5.0,0.7142857142857142,0.0,-0.020471053
5.0,0.7857142857142857,0.0,-0.016620668
5.0,0.8571428571428571,0.0,-0.016816335
5.0,0.9285714285714285,0.0,-0.024399536
5.0,1.0,0.0,-0.039860442
5.0,0.0,0.07142857142857142,-0.008173132
5.0,0.07142857142857142,0.07142857142857142,0.017388212
5.0,0.14285714285714285,0.07142857142857142,0.03856802
5.0,0.21428571428571427,0.07142857142857142,0.056256726
5.0,0.2857142857142857,0.07142857142857142,0.07349245
5.0,0.3571428571428571,0.07142857142857142,0.095267594
5.0,0.42857142857142855,0.07142857142857142,0.119766615
5.0,0.5,0.07142857142857142,0.12896234
5.0,0.5714285714285714,0.07142857142857142,0.11337302
5.0,0.6428571428571428,0.07142857142857142,0.09057625
5.0,0.7142857142857142,0.07142857142857142,0.07345731
5.0,0.7857142857142857,0.07142857142857142,0.057699263
5.0,0.8571428571428571,0.07142857142857142,0.03719139
5.0,0.9285714285714285,0.07142857142857142,0.0102212485
5.0,1.0,0.07142857142857142,-0.022944296
5.0,0.0,0.14285714285714285,-0.0071709473
5.0,0.07142857142857142,0.14285714285714285,0.038506716
5.0,0.14285714285714285,0.14285714285714285,0.08131615
5.0,0.21428571428571427,0.14285714285714285,0.12122337
5.0,0.2857142857142857,0.14285714285714285,0.1603749
5.0,0.3571428571428571,0.14285714285714285,0.20409606
5.0,0.42857142857142855,0.14285714285714285,0.25036293
5.0,0.5,0.14285714285714285,0.2706041
5.0,0.5714285714285714,0.14285714285714285,0.24546954
5.0,0.6428571428571428,0.14285714285714285,0.20269907
5.0,0.7142857142857142,0.14285714285714285,0.16378888
5.0,0.7857142857142857,0.14285714285714285,0.12533341
5.0,0.8571428571428571,0.14285714285714285,0.08280993
5.0,0.9285714285714285,0.14285714285714285,0.035826504
5.0,1.0,0.14285714285714285,-0.015423136
5.0,0.0,0.21428571428571427,-0.012126439
5.0,0.07142857142857142,0.21428571428571427,0.055225357
5.0,0.14285714285714285,0.21428571428571427,0.1209194
5.0,0.21428571428571427,0.21428571428571427,0.18353683
5.0,0.2857142857142857,0.21428571428571427,0.2439281
5.0,0.3571428571428571,0.21428571428571427,0.3079433
5.0,0.42857142857142855,0.21428571428571427,0.37543392
5.0,0.5,0.21428571428571427,0.40773085
5.0,0.5714285714285714,0.21428571428571427,0.3722444
5.0,0.6428571428571428,0.21428571428571427,0.30828455
5.0,0.7142857142857142,0.21428571428571427,0.24685916
5.0,0.7857142857142857,0.21428571428571427,0.18574741
5.0,0.8571428571428571,0.21428571428571427,0.121919684
5.0,0.9285714285714285,0.21428571428571427,0.055284113
5.0,1.0,0.21428571428571427,-0.014314124
5.0,0.0,0.2857142857142857,-0.018859997
5.0,0.07142857142857142,0.2857142857142857,0.07143124
5.0,0.14285714285714285,0.2857142857142857,0.16066392
5.0,0.21428571428571427,0.2857142857142857,0.24538925
5.0,0.2857142857142857,0.2857142857142857,0.32492608
5.0,0.3571428571428571,0.2857142857142857,0.40608245
5.0,0.42857142857142855,0.2857142857142857,0.49262384
5.0,0.5,0.2857142857142857,0.5373735
5.0,0.5714285714285714,0.2857142857142857,0.4916701
5.0,0.6428571428571428,0.2857142857142857,0.40708897
5.0,0.7142857142857142,0.2857142857142857,0.3248766
5.0,0.7857142857142857,0.2857142857142857,0.24348763
5.0,0.8571428571428571,0.2857142857142857,0.15988842
5.0,0.9285714285714285,0.2857142857142857,0.07354801
5.0,1.0,0.2857142857142857,-0.015008794
5.0,0.0,0.3571428571428571,-0.021673726
5.0,0.07142857142857142,0.3571428571428571,0.091862895
5.0,0.14285714285714285,0.3571428571428571,0.20480561
5.0,0.21428571428571427,0.3571428571428571,0.31112722
5.0,0.2857142857142857,0.3571428571428571,0.40865514
5.0,0.3571428571428571,0.3571428571428571,0.505636
5.0,0.42857142857142855,0.3571428571428571,0.61057305
5.0,0.5,0.3571428571428571,0.6687166
5.0,0.5714285714285714,0.3571428571428571,0.61274403
5.0,0.6428571428571428,0.3571428571428571,0.5076999
5.0,0.7142857142857142,0.3571428571428571,0.40644085
5.0,0.7857142857142857,0.3571428571428571,0.30641702
5.0,0.8571428571428571,0.3571428571428571,0.20286116
5.0,0.9285714285714285,0.3571428571428571,0.095493674
5.0,1.0,0.3571428571428571,-0.012654947
5.0,0.0,0.42857142857142855,-0.018147437
5.0,0.07142857142857142,0.42857142857142855,0.115254276
5.0,0.14285714285714285,0.42857142857142855,0.24975342
5.0,0.21428571428571427,0.42857142857142855,0.37719026
5.0,0.2857142857142857,0.42857142857142855,0.49430606
5.0,0.3571428571428571,0.42857142857142855,0.61040384
5.0,0.42857142857142855,0.42857142857142855,0.7365573
5.0,0.5,0.42857142857142855,0.8094257
5.0,0.5714285714285714,0.42857142857142855,0.74211603
5.0,0.6428571428571428,0.42857142857142855,0.6147017
5.0,0.7142857142857142,0.42857142857142855,0.49323955
5.0,0.7857142857142857,0.42857142857142855,0.3733143
5.0,0.8571428571428571,0.42857142857142855,0.24841058
5.0,0.9285714285714285,0.42857142857142855,0.11979874
5.0,1.0,0.42857142857142855,-0.0062462706
5.0,0.0,0.5,-0.014243523
5.0,0.07142857142857142,0.5,0.12640277
5.0,0.14285714285714285,0.5,0.26990372
5.0,0.21428571428571427,0.5,0.40806475
5.0,0.2857142857142857,0.5,0.53766567
5.0,0.3571428571428571,0.5,0.6677579
5.0,0.42857142857142855,0.5,0.80799246
5.0,0.5,0.5,0.88909143
5.0,0.5714285714285714,0.5,0.8135158
5.0,0.6428571428571428,0.5,0.6717589
5.0,0.7142857142857142,0.5,0.5386753
5.0,0.7857142857142857,0.5,0.40778205
5.0,0.8571428571428571,0.5,0.27109343
5.0,0.9285714285714285,0.5,0.13130215
5.0,1.0,0.5,-0.0030334536
5.0,0.0,0.5714285714285714,-0.015209647
5.0,0.07142857142857142,0.5714285714285714,0.11528585
5.0,0.14285714285714285,0.5714285714285714,0.24677694
5.0,0.21428571428571427,0.5714285714285714,0.3727547
5.0,0.2857142857142857,0.5714285714285714,0.49154642
5.0,0.3571428571428571,0.5714285714285714,0.61153984
5.0,0.42857142857142855,0.5714285714285714,0.73880404
5.0,0.5,0.5714285714285714,0.8096578
5.0,0.5714285714285714,0.5714285714285714,0.7386534
5.0,0.6428571428571428,0.5714285714285714,0.61002517
5.0,0.7142857142857142,0.5714285714285714,0.4915702
5.0,0.7857142857142857,0.5714285714285714,0.3740012
5.0,0.8571428571428571,0.5714285714285714,0.24826336
5.0,0.9285714285714285,0.5714285714285714,0.11756424
5.0,1.0,0.5714285714285714,-0.008888992
5.0,0.0,0.6428571428571428,-0.017345445
5.0,0.07142857142857142,0.6428571428571428,0.09422534
5.0,0.14285714285714285,0.6428571428571428,0.20389666
5.0,0.21428571428571427,0.6428571428571428,0.30802518
5.0,0.2857142857142857,0.6428571428571428,0.4075818
5.0,0.3571428571428571,0.6428571428571428,0.5099092
5.0,0.42857142857142855,0.6428571428571428,0.61536014
5.0,0.5,0.6428571428571428,0.67017084
5.0,0.5714285714285714,0.6428571428571428,0.6115404
5.0,0.6428571428571428,0.6428571428571428,0.50536376
5.0,0.7142857142857142,0.6428571428571428,0.40693274
5.0,0.7857142857142857,0.6428571428571428,0.30956712
5.0,0.8571428571428571,0.6428571428571428,0.20487875
5.0,0.9285714285714285,0.6428571428571428,0.09460941
5.0,1.0,0.6428571428571428,-0.014204206
5.0,0.0,0.7142857142857142,-0.017437102
5.0,0.07142857142857142,0.7142857142857142,0.07371357
5.0,0.14285714285714285,0.7142857142857142,0.16102281
5.0,0.21428571428571427,0.7142857142857142,0.24357763
5.0,0.2857142857142857,0.7142857142857142,0.32425633
5.0,0.3571428571428571,0.7142857142857142,0.40891075
5.0,0.42857142857142855,0.7142857142857142,0.49392065
5.0,0.5,0.7142857142857142,0.5364965
5.0,0.5714285714285714,0.7142857142857142,0.49259648
5.0,0.6428571428571428,0.7142857142857142,0.40757945
5.0,0.7142857142857142,0.7142857142857142,0.32597008
5.0,0.7857142857142857,0.7142857142857142,0.24690795
5.0,0.8571428571428571,0.7142857142857142,0.16367857
5.0,0.9285714285714285,0.7142857142857142,0.0758092
5.0,1.0,0.7142857142857142,-0.012978299
5.0,0.0,0.7857142857142857,-0.015657136
5.0,0.07142857142857142,0.7857142857142857,0.055675164
5.0,0.14285714285714285,0.7857142857142857,0.1217412
5.0,0.21428571428571427,0.7857142857142857,0.18338814
5.0,0.2857142857142857,0.7857142857142857,0.24428481
5.0,0.3571428571428571,0.7857142857142857,0.30899847
5.0,0.42857142857142855,0.7857142857142857,0.3728717
5.0,0.5,0.7857142857142857,0.40460974
5.0,0.5714285714285714,0.7857142857142857,0.37418276
5.0,0.6428571428571428,0.7857142857142857,0.30993524
5.0,0.7142857142857142,0.7857142857142857,0.24618009
5.0,0.7857142857142857,0.7857142857142857,0.18602368
5.0,0.8571428571428571,0.7857142857142857,0.12399759
5.0,0.9285714285714285,0.7857142857142857,0.057824217
5.0,1.0,0.7857142857142857,-0.0113405045
5.0,0.0,0.8571428571428571,-0.013659472
5.0,0.07142857142857142,0.8571428571428571,0.038524784
5.0,0.14285714285714285,0.8571428571428571,0.08385975
5.0,0.21428571428571427,0.8571428571428571,0.124045424
5.0,0.2857142857142857,0.8571428571428571,0.16300294
5.0,0.3571428571428571,0.8571428571428571,0.20481044
5.0,0.42857142857142855,0.8571428571428571,0.24630225
5.0,0.5,0.8571428571428571,0.26744694
5.0,0.5714285714285714,0.8571428571428571,0.2489267
5.0,0.6428571428571428,0.8571428571428571,0.20624721
5.0,0.7142857142857142,0.8571428571428571,0.16310346
5.0,0.7857142857142857,0.8571428571428571,0.12348286
5.0,0.8571428571428571,0.8571428571428571,0.08255354
5.0,0.9285714285714285,0.8571428571428571,0.03684879
5.0,1.0,0.8571428571428571,-0.014028052
5.0,0.0,0.9285714285714285,-0.01455397
5.0,0.07142857142857142,0.9285714285714285,0.01837649
5.0,0.14285714285714285,0.9285714285714285,0.04254148
5.0,0.21428571428571427,0.9285714285714285,0.060201265
5.0,0.2857142857142857,0.9285714285714285,0.07571033
5.0,0.3571428571428571,0.9285714285714285,0.093673505
5.0,0.42857142857142855,0.9285714285714285,0.113859214
5.0,0.5,0.9285714285714285,0.12585463
5.0,0.5714285714285714,0.9285714285714285,0.118155785
5.0,0.6428571428571428,0.9285714285714285,0.097095765
5.0,0.7142857142857142,0.9285714285714285,0.07613248
5.0,0.7857142857142857,0.9285714285714285,0.05783499
5.0,0.8571428571428571,0.9285714285714285,0.037616633
5.0,0.9285714285714285,0.9285714285714285,0.011317933
5.0,1.0,0.9285714285714285,-0.022402057
5.0,0.0,1.0,-0.02307591
5.0,0.07142857142857142,1.0,-0.010249602
5.0,0.14285714285714285,1.0,-0.0078000007
5.0,0.21428571428571427,1.0,-0.012542548
5.0,0.2857142857142857,1.0,-0.019175867
5.0,0.3571428571428571,1.0,-0.022024399
5.0,0.42857142857142855,1.0,-0.018577056
5.0,0.5,1.0,-0.012693817
5.0,0.5714285714285714,1.0,-0.010873275
5.0,0.6428571428571428,1.0,-0.01254406
5.0,0.7142857142857142,1.0,-0.012505969
5.0,0.7857142857142857,1.0,-0.010601522
5.0,0.8571428571428571,1.0,-0.011439731
5.0,0.9285714285714285,1.0,-0.019563567
5.0,1.0,1.0,-0.037012406
6.0,0.0,0.0,-0.018422404
6.0,0.07142857142857142,0.0,-0.010964779
6.0,0.14285714285714285,0.0,-0.009231294
6.0,0.21428571428571427,0.0,-0.011745775
6.0,0.2857142857142857,0.0,-0.014977602
6.0,0.3571428571428571,0.0,-0.014018586
6.0,0.42857142857142855,0.0,-0.008939842
6.0,0.5,0.0,-0.00865821
6.0,0.5714285714285714,0.0,-0.016533123
6.0,0.6428571428571428,0.0,-0.022911714
6.0,0.7142857142857142,0.0,-0.02171574
6.0,0.7857142857142857,0.0,-0.017726885
6.0,0.8571428571428571,0.0,-0.017882155
6.0,0.9285714285714285,0.0,-0.025545241
6.0,1.0,0.0,-0.041170634
6.0,0.0,0.07142857142857142,-0.009522617
6.0,0.07142857142857142,0.07142857142857142,0.016347378
6.0,0.14285714285714285,0.07142857142857142,0.037815362
6.0,0.21428571428571427,0.07142857142857142,0.05569084
6.0,0.2857142857142857,0.07142857142857142,0.072933674
6.0,0.3571428571428571,0.07142857142857142,0.09453396
6.0,0.42857142857142855,0.07142857142857142,0.118776895
6.0,0.5,0.07142857142857142,0.12788019
6.0,0.5714285714285714,0.07142857142857142,0.112461425
6.0,0.6428571428571428,0.07142857142857142,0.08981169
6.0,0.7142857142857142,0.07142857142857142,0.0727349
6.0,0.7857142857142857,0.07142857142857142,0.056944825
6.0,0.8571428571428571,0.07142857142857142,0.03628906
6.0,0.9285714285714285,0.07142857142857142,0.0090643745
6.0,1.0,0.07142857142857142,-0.024407329
6.0,0.0,0.14285714285714285,-0.008556429
6.0,0.07142857142857142,0.14285714285714285,0.03751661
6.0,0.14285714285714285,0.14285714285714285,0.080744915
6.0,0.21428571428571427,0.14285714285714285,0.12101277
6.0,0.2857142857142857,0.14285714285714285,0.1603413
6.0,0.3571428571428571,0.14285714285714285,0.20393845
6.0,0.42857142857142855,0.14285714285714285,0.24975955
6.0,0.5,0.14285714285714285,0.26969716
6.0,0.5714285714285714,0.14285714285714285,0.24485129
6.0,0.6428571428571428,0.14285714285714285,0.20235631
6.0,0.7142857142857142,0.14285714285714285,0.16347077
6.0,0.7857142857142857,0.14285714285714285,0.12488154
6.0,0.8571428571428571,0.14285714285714285,0.08206252
6.0,0.9285714285714285,0.14285714285714285,0.03467878
6.0,1.0,0.14285714285714285,-0.017000632
6.0,0.0,0.21428571428571427,-0.013429373
6.0,0.07142857142857142,0.21428571428571427,0.054388933
6.0,0.14285714285714285,0.21428571428571427,0.12058095
6.0,0.21428571428571427,0.21428571428571427,0.18364926
6.0,0.2857142857142857,0.21428571428571427,0.244295
6.0,0.3571428571428571,0.21428571428571427,0.3081538
6.0,0.42857142857142855,0.21428571428571427,0.37487155
6.0,0.5,0.21428571428571427,0.4065424
6.0,0.5714285714285714,0.21428571428571427,0.3716289
6.0,0.6428571428571428,0.21428571428571427,0.30825508
6.0,0.7142857142857142,0.21428571428571427,0.2469329
6.0,0.7857142857142857,0.21428571428571427,0.18563166
6.0,0.8571428571428571,0.21428571428571427,0.12139123
6.0,0.9285714285714285,0.21428571428571427,0.05423376
6.0,1.0,0.21428571428571427,-0.015903713
6.0,0.0,0.2857142857142857,-0.020050138
6.0,0.07142857142857142,0.2857142857142857,0.070787914
6.0,0.14285714285714285,0.2857142857142857,0.16055596
6.0,0.21428571428571427,0.2857142857142857,0.24573135
6.0,0.2857142857142857,0.2857142857142857,0.32550785
6.0,0.3571428571428571,0.2857142857142857,0.40644863
6.0,0.42857142857142855,0.2857142857142857,0.49187723
6.0,0.5,0.2857142857142857,0.5356648
6.0,0.5714285714285714,0.2857142857142857,0.49098822
6.0,0.6428571428571428,0.2857142857142857,0.4073893
6.0,0.7142857142857142,0.2857142857142857,0.3253483
6.0,0.7857142857142857,0.2857142857142857,0.2437051
6.0,0.8571428571428571,0.2857142857142857,0.15960711
6.0,0.9285714285714285,0.2857142857142857,0.072670355
6.0,1.0,0.2857142857142857,-0.016502002
6.0,0.0,0.3571428571428571,-0.02298147
6.0,0.07142857142857142,0.3571428571428571,0.091196924
6.0,0.14285714285714285,0.3571428571428571,0.20468016
6.0,0.21428571428571427,0.3571428571428571,0.31136325
6.0,0.2857142857142857,0.3571428571428571,0.40902147
6.0,0.3571428571428571,0.3571428571428571,0.5057167
6.0,0.42857142857142855,0.3571428571428571,0.60925245
6.0,0.5,0.3571428571428571,0.66612095
6.0,0.5714285714285714,0.3571428571428571,0.61171603
6.0,0.6428571428571428,0.3571428571428571,0.508013
6.0,0.7142857142857142,0.3571428571428571,0.4069201
6.0,0.7857142857142857,0.3571428571428571,0.30661982
6.0,0.8571428571428571,0.3571428571428571,0.202616
6.0,0.9285714285714285,0.3571428571428571,0.09471447
6.0,1.0,0.3571428571428571,-0.014038967
6.0,0.0,0.42857142857142855,-0.019987134
6.0,0.07142857142857142,0.42857142857142855,0.11409756
6.0,0.14285714285714285,0.42857142857142855,0.24907532
6.0,0.21428571428571427,0.42857142857142855,0.3766685
6.0,0.2857142857142857,0.42857142857142855,0.49362388
6.0,0.3571428571428571,0.42857142857142855,0.6091462
6.0,0.42857142857142855,0.42857142857142855,0.73343796
6.0,0.5,0.42857142857142855,0.80460894
6.0,0.5714285714285714,0.42857142857142855,0.7393759
6.0,0.6428571428571428,0.42857142857142855,0.6137004
6.0,0.7142857142857142,0.42857142857142855,0.49258372
6.0,0.7857142857142857,0.42857142857142855,0.37269965
6.0,0.8571428571428571,0.42857142857142855,0.24774125
6.0,0.9285714285714285,0.42857142857142855,0.11888846
6.0,1.0,0.42857142857142855,-0.00762886
6.0,0.0,0.5,-0.016502785
6.0,0.07142857142857142,0.5,0.1248193
6.0,0.14285714285714285,0.5,0.2687428
6.0,0.21428571428571427,0.5,0.40690345
6.0,0.2857142857142857,0.5,0.53605604
6.0,0.3571428571428571,0.5,0.6651514
6.0,0.42857142857142855,0.5,0.8029866
6.0,0.5,0.5,0.88197845
6.0,0.5714285714285714,0.5,0.8087561
6.0,0.6428571428571428,0.5,0.6691567
6.0,0.7142857142857142,0.5,0.53683007
6.0,0.7857142857142857,0.5,0.4064699
6.0,0.8571428571428571,0.5,0.27014646
6.0,0.9285714285714285,0.5,0.13034424
6.0,1.0,0.5,-0.0043999944
6.0,0.0,0.5714285714285714,-0.017231258
6.0,0.07142857142857142,0.5714285714285714,0.11400432
6.0,0.14285714285714285,0.5714285714285714,0.2460649
6.0,0.21428571428571427,0.5714285714285714,0.37231207
6.0,0.2857142857142857,0.5714285714285714,0.49104258
6.0,0.3571428571428571,0.5714285714285714,0.6104557
6.0,0.42857142857142855,0.5714285714285714,0.7357596
6.0,0.5,0.5714285714285714,0.80471194
6.0,0.5714285714285714,0.5714285714285714,0.73564
6.0,0.6428571428571428,0.5714285714285714,0.6087668
6.0,0.7142857142857142,0.5714285714285714,0.49078986
6.0,0.7857142857142857,0.5714285714285714,0.3735179
6.0,0.8571428571428571,0.5714285714285714,0.24790445
6.0,0.9285714285714285,0.5714285714285714,0.11695639
6.0,1.0,0.5714285714285714,-0.0100895185
6.0,0.0,0.6428571428571428,-0.018905217
6.0,0.07142857142857142,0.6428571428571428,0.09337554
6.0,0.14285714285714285,0.6428571428571428,0.20367794
6.0,0.21428571428571427,0.6428571428571428,0.30830333
6.0,0.2857142857142857,0.6428571428571428,0.40817583
6.0,0.3571428571428571,0.6428571428571428,0.51033634
6.0,0.42857142857142855,0.6428571428571428,0.61435765
6.0,0.5,0.6428571428571428,0.66764575
6.0,0.5714285714285714,0.6428571428571428,0.61038005
6.0,0.6428571428571428,0.6428571428571428,0.5055684
6.0,0.7142857142857142,0.6428571428571428,0.40737674
6.0,0.7857142857142857,0.6428571428571428,0.3099424
6.0,0.8571428571428571,0.6428571428571428,0.20498374
6.0,0.9285714285714285,0.6428571428571428,0.09417193
6.0,1.0,0.6428571428571428,-0.015382113
6.0,0.0,0.7142857142857142,-0.018693583
6.0,0.07142857142857142,0.7142857142857142,0.07299531
6.0,0.14285714285714285,0.7142857142857142,0.16081223
6.0,0.21428571428571427,0.7142857142857142,0.24383745
6.0,0.2857142857142857,0.7142857142857142,0.32489
6.0,0.3571428571428571,0.7142857142857142,0.40948862
6.0,0.42857142857142855,0.7142857142857142,0.49338987
6.0,0.5,0.7142857142857142,0.5347716
6.0,0.5714285714285714,0.7142857142857142,0.49181762
6.0,0.6428571428571428,0.7142857142857142,0.40796462
6.0,0.7142857142857142,0.7142857142857142,0.3265824
6.0,0.7857142857142857,0.7142857142857142,0.24732795
6.0,0.8571428571428571,0.7142857142857142,0.16368118
6.0,0.9285714285714285,0.7142857142857142,0.07520538
6.0,1.0,0.7142857142857142,-0.014291069
6.0,0.0,0.7857142857142857,-0.016751157
6.0,0.07142857142857142,0.7857142857142857,0.05490437
6.0,0.14285714285714285,0.7857142857142857,0.12129017
6.0,0.21428571428571427,0.7857142857142857,0.18327774
6.0,0.2857142857142857,0.7857142857142857,0.2444962
6.0,0.3571428571428571,0.7857142857142857,0.3092211
6.0,0.42857142857142855,0.7857142857142857,0.37232527
6.0,0.5,0.7857142857142857,0.40323734
6.0,0.5714285714285714,0.7857142857142857,0.37344727
6.0,0.6428571428571428,0.7857142857142857,0.31008098
6.0,0.7142857142857142,0.7857142857142857,0.24647355
6.0,0.7857142857142857,0.7857142857142857,0.1860781
6.0,0.8571428571428571,0.7857142857142857,0.123650305
6.0,0.9285714285714285,0.7857142857142857,0.056962483
6.0,1.0,0.7857142857142857,-0.01277733
6.0,0.0,0.8571428571428571,-0.014626818
6.0,0.07142857142857142,0.8571428571428571,0.037681647
6.0,0.14285714285714285,0.8571428571428571,0.08314968
6.0,0.21428571428571427,0.8571428571428571,0.12353086
6.0,0.2857142857142857,0.8571428571428571,0.16273555
6.0,0.3571428571428571,0.8571428571428571,0.20460866
6.0,0.42857142857142855,0.8571428571428571,0.24564034
6.0,0.5,0.8571428571428571,0.26627594
6.0,0.5714285714285714,0.8571428571428571,0.24815384
6.0,0.6428571428571428,0.8571428571428571,0.20605898
6.0,0.7142857142857142,0.8571428571428571,0.16296595
6.0,0.7857142857142857,0.8571428571428571,0.12310139
6.0,0.8571428571428571,0.8571428571428571,0.08184837
6.0,0.9285714285714285,0.8571428571428571,0.03576854
6.0,1.0,0.8571428571428571,-0.015528386
6.0,0.0,0.9285714285714285,-0.015391668
6.0,0.07142857142857142,0.9285714285714285,0.017487435
6.0,0.14285714285714285,0.9285714285714285,0.041619472
6.0,0.21428571428571427,0.9285714285714285,0.05933781
6.0,0.2857142857142857,0.9285714285714285,0.074998334
6.0,0.3571428571428571,0.9285714285714285,0.093018375
6.0,0.42857142857142855,0.9285714285714285,0.112928905
6.0,0.5,0.9285714285714285,0.12461486
6.0,0.5714285714285714,0.9285714285714285,0.117151596
6.0,0.6428571428571428,0.9285714285714285,0.09647658
6.0,0.7142857142857142,0.9285714285714285,0.07554027
6.0,0.7857142857142857,0.9285714285714285,0.05705232
6.0,0.8571428571428571,0.9285714285714285,0.03661325
6.0,0.9285714285714285,0.9285714285714285,0.010079719
6.0,1.0,0.9285714285714285,-0.023915758
6.0,0.0,1.0,-0.02382318
6.0,0.07142857142857142,1.0,-0.011202262
6.0,0.14285714285714285,1.0,-0.008922673
6.0,0.21428571428571427,1.0,-0.013728917
6.0,0.2857142857142857,1.0,-0.020330006
6.0,0.3571428571428571,1.0,-0.023197403
6.0,0.42857142857142855,1.0,-0.019962357
6.0,0.5,1.0,-0.014291236
6.0,0.5714285714285714,1.0,-0.012327196
6.0,0.6428571428571428,1.0,-0.01370118
6.0,0.7142857142857142,1.0,-0.013578491
6.0,0.7857142857142857,1.0,-0.011756903
6.0,0.8571428571428571,1.0,-0.012698999
6.0,0.9285714285714285,1.0,-0.02092732
6.0,1.0,1.0,-0.038521167
7.0,0.0,0.0,-0.019560909
7.0,0.07142857142857142,0.0,-0.011916181
7.0,0.14285714285714285,0.0,-0.010072356
7.0,0.21428571428571427,0.0,-0.0126213115
7.0,0.2857142857142857,0.0,-0.016049052
7.0,0.3571428571428571,0.0,-0.015362406
7.0,0.42857142857142855,0.0,-0.010486191
7.0,0.5,0.0,-0.010213593
7.0,0.5714285714285714,0.0,-0.01793181
7.0,0.6428571428571428,0.0,-0.024144506
7.0,0.7142857142857142,0.0,-0.02280548
7.0,0.7857142857142857,0.0,-0.018696884
7.0,0.8571428571428571,0.0,-0.018816503
7.0,0.9285714285714285,0.0,-0.026556412
7.0,1.0,0.0,-0.042342015
7.0,0.0,0.07142857142857142,-0.010784715
7.0,0.07142857142857142,0.07142857142857142,0.015383109
7.0,0.14285714285714285,0.07142857142857142,0.03712985
7.0,0.21428571428571427,0.07142857142857142,0.055190235
7.0,0.2857142857142857,0.07142857142857142,0.07245083
7.0,0.3571428571428571,0.07142857142857142,0.093893506
7.0,0.42857142857142855,0.07142857142857142,0.117886774
7.0,0.5,0.07142857142857142,0.1268945
7.0,0.5714285714285714,0.07142857142857142,0.11165326
7.0,0.6428571428571428,0.07142857142857142,0.08914516
7.0,0.7142857142857142,0.07142857142857142,0.07209418
7.0,0.7857142857142857,0.07142857142857142,0.056269772
7.0,0.8571428571428571,0.07142857142857142,0.035478197
7.0,0.9285714285714285,0.07142857142857142,0.008014245
7.0,1.0,0.07142857142857142,-0.02574909
7.0,0.0,0.14285714285714285,-0.009851186
7.0,0.07142857142857142,0.14285714285714285,0.03659878
7.0,0.14285714285714285,0.14285714285714285,0.080226086
7.0,0.21428571428571427,0.14285714285714285,0.12083902
7.0,0.2857142857142857,0.14285714285714285,0.16034171
7.0,0.3571428571428571,0.14285714285714285,0.20382042
7.0,0.42857142857142855,0.14285714285714285,0.24918327
7.0,0.5,0.14285714285714285,0.26879823
7.0,0.5714285714285714,0.14285714285714285,0.24424967
7.0,0.6428571428571428,0.14285714285714285,0.20203538
7.0,0.7142857142857142,0.14285714285714285,0.16317134
7.0,0.7857142857142857,0.14285714285714285,0.12446187
7.0,0.8571428571428571,0.14285714285714285,0.081374094
7.0,0.9285714285714285,0.14285714285714285,0.03361752
7.0,1.0,0.14285714285714285,-0.018468091
7.0,0.0,0.21428571428571427,-0.014633064
7.0,0.07142857142857142,0.21428571428571427,0.0536227
7.0,0.14285714285714285,0.21428571428571427,0.12027889
7.0,0.21428571428571427,0.21428571428571427,0.18376747
7.0,0.2857142857142857,0.21428571428571427,0.24465448
7.0,0.3571428571428571,0.21428571428571427,0.3083622
7.0,0.42857142857142855,0.21428571428571427,0.37429532
7.0,0.5,0.21428571428571427,0.4053156
7.0,0.5714285714285714,0.21428571428571427,0.37098148
7.0,0.6428571428571428,0.21428571428571427,0.30820048
7.0,0.7142857142857142,0.21428571428571427,0.24698237
7.0,0.7857142857142857,0.21428571428571427,0.18551356
7.0,0.8571428571428571,0.21428571428571427,0.120896645
7.0,0.9285714285714285,0.21428571428571427,0.053253867
7.0,1.0,0.21428571428571427,-0.017388346
7.0,0.0,0.2857142857142857,-0.021122698
7.0,0.07142857142857142,0.2857142857142857,0.0702172
7.0,0.14285714285714285,0.2857142857142857,0.16046862
7.0,0.21428571428571427,0.2857142857142857,0.24604854
7.0,0.2857142857142857,0.2857142857142857,0.32604554
7.0,0.3571428571428571,0.2857142857142857,0.40678865
7.0,0.42857142857142855,0.2857142857142857,0.49111423
7.0,0.5,0.2857142857142857,0.53392357
7.0,0.5714285714285714,0.2857142857142857,0.49026588
7.0,0.6428571428571428,0.2857142857142857,0.40764335
7.0,0.7142857142857142,0.2857142857142857,0.3257665
7.0,0.7857142857142857,0.2857142857142857,0.24389175
7.0,0.8571428571428571,0.2857142857142857,0.1593369
7.0,0.9285714285714285,0.2857142857142857,0.07185123
7.0,1.0,0.2857142857142857,-0.017889353
7.0,0.0,0.3571428571428571,-0.024144804
7.0,0.07142857142857142,0.3571428571428571,0.09061353
7.0,0.14285714285714285,0.3571428571428571,0.20456429
7.0,0.21428571428571427,0.3571428571428571,0.31154636
7.0,0.2857142857142857,0.3571428571428571,0.40931427
7.0,0.3571428571428571,0.3571428571428571,0.50575966
7.0,0.42857142857142855,0.3571428571428571,0.6079317
7.0,0.5,0.3571428571428571,0.66351753
7.0,0.5714285714285714,0.3571428571428571,0.6106464
7.0,0.6428571428571428,0.3571428571428571,0.5082645
7.0,0.7142857142857142,0.3571428571428571,0.4073223
7.0,0.7857142857142857,0.3571428571428571,0.30676535
7.0,0.8571428571428571,0.3571428571428571,0.20236373
7.0,0.9285714285714285,0.3571428571428571,0.093990795
7.0,1.0,0.3571428571428571,-0.015306877
7.0,0.0,0.42857142857142855,-0.021652604
7.0,0.07142857142857142,0.42857142857142855,0.11304044
7.0,0.14285714285714285,0.42857142857142855,0.24840757
7.0,0.21428571428571427,0.42857142857142855,0.376083
7.0,0.2857142857142857,0.42857142857142855,0.49285743
7.0,0.3571428571428571,0.42857142857142855,0.6078518
7.0,0.42857142857142855,0.42857142857142855,0.730334
7.0,0.5,0.42857142857142855,0.79980147
7.0,0.5714285714285714,0.42857142857142855,0.73658806
7.0,0.6428571428571428,0.42857142857142855,0.61263543
7.0,0.7142857142857142,0.42857142857142855,0.49184796
7.0,0.7857142857142857,0.42857142857142855,0.37202254
7.0,0.8571428571428571,0.42857142857142855,0.24706584
7.0,0.9285714285714285,0.42857142857142855,0.118045755
7.0,1.0,0.42857142857142855,-0.008876147
7.0,0.0,0.5,-0.018573614
7.0,0.07142857142857142,0.5,0.12334923
7.0,0.14285714285714285,0.5,0.26760724
7.0,0.21428571428571427,0.5,0.4056947
7.0,0.2857142857142857,0.5,0.5343865
7.0,0.3571428571428571,0.5,0.66254413
7.0,0.42857142857142855,0.5,0.79805076
7.0,0.5,0.5,0.87493765
7.0,0.5714285714285714,0.5,0.80399466
7.0,0.6428571428571428,0.5,0.6665325
7.0,0.7142857142857142,0.5,0.53493166
7.0,0.7857142857142857,0.5,0.4051077
7.0,0.8571428571428571,0.5,0.26920316
7.0,0.9285714285714285,0.5,0.12946549
7.0,1.0,0.5,-0.0056143124
7.0,0.0,0.5714285714285714,-0.019071879
7.0,0.07142857142857142,0.5714285714285714,0.112833306
7.0,0.14285714285714285,0.5714285714285714,0.24538326
7.0,0.21428571428571427,0.5714285714285714,0.37183678
7.0,0.2857142857142857,0.5714285714285714,0.49049386
7.0,0.3571428571428571,0.5714285714285714,0.6093711
7.0,0.42857142857142855,0.5714285714285714,0.73278236
7.0,0.5,0.5714285714285714,0.7998536
7.0,0.5714285714285714,0.5714285714285714,0.7326482
7.0,0.6428571428571428,0.5714285714285714,0.60750276
7.0,0.7142857142857142,0.5714285714285714,0.48996052
7.0,0.7857142857142857,0.5714285714285714,0.37297845
7.0,0.8571428571428571,0.5714285714285714,0.24753988
7.0,0.9285714285714285,0.5714285714285714,0.11642135
7.0,1.0,0.5714285714285714,-0.011141704
7.0,0.0,0.6428571428571428,-0.020306448
7.0,0.07142857142857142,0.6428571428571428,0.092616454
7.0,0.14285714285714285,0.6428571428571428,0.20347941
7.0,0.21428571428571427,0.6428571428571428,0.30854723
7.0,0.2857142857142857,0.6428571428571428,0.408717
7.0,0.3571428571428571,0.6428571428571428,0.5107293
7.0,0.42857142857142855,0.6428571428571428,0.6133708
7.0,0.5,0.6428571428571428,0.66516054
7.0,0.5714285714285714,0.6428571428571428,0.60920453
7.0,0.6428571428571428,0.6428571428571428,0.5057332
7.0,0.7142857142857142,0.6428571428571428,0.40775573
7.0,0.7857142857142857,0.6428571428571428,0.31025657
7.0,0.8571428571428571,0.6428571428571428,0.20507713
7.0,0.9285714285714285,0.6428571428571428,0.093794204
7.0,1.0,0.6428571428571428,-0.016430253
7.0,0.0,0.7142857142857142,-0.019816363
7.0,0.07142857142857142,0.7142857142857142,0.07234868
7.0,0.14285714285714285,0.7142857142857142,0.16061443
7.0,0.21428571428571427,0.7142857142857142,0.2440651
7.0,0.2857142857142857,0.7142857142857142,0.3254711
7.0,0.3571428571428571,0.7142857142857142,0.41002175
7.0,0.42857142857142855,0.7142857142857142,0.49284866
7.0,0.5,0.7142857142857142,0.5330528
7.0,0.5714285714285714,0.7142857142857142,0.49099204
7.0,0.6428571428571428,0.7142857142857142,0.4082825
7.0,0.7142857142857142,0.7142857142857142,0.32712418
7.0,0.7857142857142857,0.7142857142857142,0.2476933
7.0,0.8571428571428571,0.7142857142857142,0.16367483
7.0,0.9285714285714285,0.7142857142857142,0.07465355
7.0,1.0,0.7142857142857142,-0.0154924225
7.0,0.0,0.7857142857142857,-0.01773105
7.0,0.07142857142857142,0.7857142857142857,0.054194912
7.0,0.14285714285714285,0.7857142857142857,0.12085206
7.0,0.21428571428571427,0.7857142857142857,0.18314609
7.0,0.2857142857142857,0.7857142857142857,0.24466985
7.0,0.3571428571428571,0.7857142857142857,0.30941194
7.0,0.42857142857142855,0.7857142857142857,0.3717737
7.0,0.5,0.7857142857142857,0.40186736
7.0,0.5714285714285714,0.7857142857142857,0.37266555
7.0,0.6428571428571428,0.7857142857142857,0.31016257
7.0,0.7142857142857142,0.7857142857142857,0.24670938
7.0,0.7857142857142857,0.7857142857142857,0.18609379
7.0,0.8571428571428571,0.7857142857142857,0.123302616
7.0,0.9285714285714285,0.7857142857142857,0.056149863
7.0,1.0,0.7857142857142857,-0.014114613
7.0,0.0,0.8571428571428571,-0.015491562
7.0,0.07142857142857142,0.8571428571428571,0.036896355
7.0,0.14285714285714285,0.8571428571428571,0.08246016
7.0,0.21428571428571427,0.8571428571428571,0.123013265
7.0,0.2857142857142857,0.8571428571428571,0.16245896
7.0,0.3571428571428571,0.8571428571428571,0.2044117
7.0,0.42857142857142855,0.8571428571428571,0.24501187
7.0,0.5,0.8571428571428571,0.26514265
7.0,0.5714285714285714,0.8571428571428571,0.24737546
7.0,0.6428571428571428,0.8571428571428571,0.20584272
7.0,0.7142857142857142,0.8571428571428571,0.1628029
7.0,0.7857142857142857,0.8571428571428571,0.122705095
7.0,0.8571428571428571,0.8571428571428571,0.08115468
7.0,0.9285714285714285,0.8571428571428571,0.034737922
7.0,1.0,0.8571428571428571,-0.016937448
7.0,0.0,0.9285714285714285,-0.016134275
7.0,0.07142857142857142,0.9285714285714285,0.016657552
7.0,0.14285714285714285,0.9285714285714285,0.04073061
7.0,0.21428571428571427,0.9285714285714285,0.05849739
7.0,0.2857142857142857,0.9285714285714285,0.07431851
7.0,0.3571428571428571,0.9285714285714285,0.09242312
7.0,0.42857142857142855,0.9285714285714285,0.112095706
7.0,0.5,0.9285714285714285,0.12348143
7.0,0.5714285714285714,0.9285714285714285,0.11621527
7.0,0.6428571428571428,0.9285714285714285,0.095894106
7.0,0.7142857142857142,0.9285714285714285,0.074973546
7.0,0.7857142857142857,0.9285714285714285,0.05629071
7.0,0.8571428571428571,0.9285714285714285,0.03563942
7.0,0.9285714285714285,0.9285714285714285,0.008894883
7.0,1.0,0.9285714285714285,-0.025344446
7.0,0.0,1.0,-0.024480285
7.0,0.07142857142857142,1.0,-0.012089656
7.0,0.14285714285714285,1.0,-0.009991772
7.0,0.21428571428571427,1.0,-0.014855135
7.0,0.2857142857142857,1.0,-0.021398881
7.0,0.3571428571428571,1.0,-0.024244605
7.0,0.42857142857142855,1.0,-0.021177085
7.0,0.5,1.0,-0.015701229
7.0,0.5714285714285714,1.0,-0.013623649
7.0,0.6428571428571428,1.0,-0.014739798
7.0,0.7142857142857142,1.0,-0.014560452
7.0,0.7857142857142857,1.0,-0.0128434915
7.0,0.8571428571428571,1.0,-0.013900777
7.0,0.9285714285714285,1.0,-0.022228656
7.0,1.0,1.0,-0.03994869
8.0,0.0,0.0,-0.020610614
8.0,0.07142857142857142,0.0,-0.012784632
8.0,0.14285714285714285,0.0,-0.010832669
8.0,0.21428571428571427,0.0,-0.013407579
8.0,0.2857142857142857,0.0,-0.017010422
8.0,0.3571428571428571,0.0,-0.016564379
8.0,0.42857142857142855,0.0,-0.011864157
8.0,0.5,0.0,-0.011584902
8.0,0.5714285714285714,0.0,-0.019141065
8.0,0.6428571428571428,0.0,-0.02520263
8.0,0.7142857142857142,0.0,-0.023747208
8.0,0.7857142857142857,0.0,-0.019535111
8.0,0.8571428571428571,0.0,-0.019621337
8.0,0.9285714285714285,0.0,-0.027432503
8.0,1.0,0.0,-0.04337112
8.0,0.0,0.07142857142857142,-0.011956995
8.0,0.07142857142857142,0.07142857142857142,0.014495239
8.0,0.14285714285714285,0.07142857142857142,0.03650999
8.0,0.21428571428571427,0.07142857142857142,0.054750927
8.0,0.2857142857142857,0.07142857142857142,0.0720379
8.0,0.3571428571428571,0.07142857142857142,0.093341134
8.0,0.42857142857142855,0.07142857142857142,0.11709029
8.0,0.5,0.07142857142857142,0.1260005
8.0,0.5714285714285714,0.07142857142857142,0.11094194
8.0,0.6428571428571428,0.07142857142857142,0.088570036
8.0,0.7142857142857142,0.07142857142857142,0.07152929
8.0,0.7857142857142857,0.07142857142857142,0.0556702
8.0,0.8571428571428571,0.07142857142857142,0.03475689
8.0,0.9285714285714285,0.07142857142857142,0.007073639
8.0,1.0,0.07142857142857142,-0.026965069
8.0,0.0,0.14285714285714285,-0.011052236
8.0,0.07142857142857142,0.14285714285714285,0.03575313
8.0,0.14285714285714285,0.14285714285714285,0.07975676
8.0,0.21428571428571427,0.14285714285714285,0.1206973
8.0,0.2857142857142857,0.14285714285714285,0.16036929
8.0,0.3571428571428571,0.14285714285714285,0.20373547
8.0,0.42857142857142855,0.14285714285714285,0.24862942
8.0,0.5,0.14285714285714285,0.26790473
8.0,0.5714285714285714,0.14285714285714285,0.24366158
8.0,0.6428571428571428,0.14285714285714285,0.20173231
8.0,0.7142857142857142,0.14285714285714285,0.1628862
8.0,0.7857142857142857,0.14285714285714285,0.12407238
8.0,0.8571428571428571,0.14285714285714285,0.08074567
8.0,0.9285714285714285,0.14285714285714285,0.03264539
8.0,1.0,0.14285714285714285,-0.019820029
8.0,0.0,0.21428571428571427,-0.015734375
8.0,0.07142857142857142,0.21428571428571427,0.05292601
8.0,0.14285714285714285,0.21428571428571427,0.12001052
8.0,0.21428571428571427,0.21428571428571427,0.18388721
8.0,0.2857142857142857,0.21428571428571427,0.24500069
8.0,0.3571428571428571,0.21428571428571427,0.30856246
8.0,0.42857142857142855,0.21428571428571427,0.37370238
8.0,0.5,0.21428571428571427,0.40405393
8.0,0.5714285714285714,0.21428571428571427,0.37030444
8.0,0.6428571428571428,0.21428571428571427,0.30811986
8.0,0.7142857142857142,0.21428571428571427,0.24700534
8.0,0.7857142857142857,0.21428571428571427,0.18539327
8.0,0.8571428571428571,0.21428571428571427,0.12043635
8.0,0.9285714285714285,0.21428571428571427,0.052348457
8.0,1.0,0.21428571428571427,-0.018762657
8.0,0.0,0.2857142857142857,-0.022076882
8.0,0.07142857142857142,0.2857142857142857,0.06971704
8.0,0.14285714285714285,0.2857142857142857,0.16039838
8.0,0.21428571428571427,0.2857142857142857,0.24633563
8.0,0.2857142857142857,0.2857142857142857,0.3265345
8.0,0.3571428571428571,0.2857142857142857,0.40709844
8.0,0.42857142857142855,0.2857142857142857,0.49033585
8.0,0.5,0.2857142857142857,0.53215885
8.0,0.5714285714285714,0.2857142857142857,0.48950788
8.0,0.6428571428571428,0.2857142857142857,0.4078515
8.0,0.7142857142857142,0.2857142857142857,0.32613173
8.0,0.7857142857142857,0.2857142857142857,0.24404624
8.0,0.8571428571428571,0.2857142857142857,0.15907738
8.0,0.9285714285714285,0.2857142857142857,0.071094476
8.0,1.0,0.2857142857142857,-0.019164959
8.0,0.0,0.3571428571428571,-0.025163641
8.0,0.07142857142857142,0.3571428571428571,0.09010952
8.0,0.14285714285714285,0.3571428571428571,0.20445365
8.0,0.21428571428571427,0.3571428571428571,0.3116726
8.0,0.2857142857142857,0.3571428571428571,0.40953276
8.0,0.3571428571428571,0.3571428571428571,0.5057664
8.0,0.42857142857142855,0.3571428571428571,0.6066137
8.0,0.5,0.3571428571428571,0.660918
8.0,0.5714285714285714,0.3571428571428571,0.6095398
8.0,0.6428571428571428,0.3571428571428571,0.50845635
8.0,0.7142857142857142,0.3571428571428571,0.40764827
8.0,0.7857142857142857,0.3571428571428571,0.30685285
8.0,0.8571428571428571,0.3571428571428571,0.2021048
8.0,0.9285714285714285,0.3571428571428571,0.093324915
8.0,1.0,0.3571428571428571,-0.016454848
8.0,0.0,0.42857142857142855,-0.023143286
8.0,0.07142857142857142,0.42857142857142855,0.11208097
8.0,0.14285714285714285,0.42857142857142855,0.24774754
8.0,0.21428571428571427,0.42857142857142855,0.37543195
8.0,0.2857142857142857,0.42857142857142855,0.4920126
8.0,0.3571428571428571,0.42857142857142855,0.60652894
8.0,0.42857142857142855,0.42857142857142855,0.7272543
8.0,0.5,0.42857142857142855,0.7950203
8.0,0.5714285714285714,0.42857142857142855,0.73376244
8.0,0.6428571428571428,0.42857142857142855,0.61151266
8.0,0.7142857142857142,0.42857142857142855,0.49103585
8.0,0.7857142857142857,0.42857142857142855,0.37128428
8.0,0.8571428571428571,0.42857142857142855,0.24638459
8.0,0.9285714285714285,0.42857142857142855,0.11727015
8.0,1.0,0.42857142857142855,-0.009984413
8.0,0.0,0.5,-0.020452784
8.0,0.07142857142857142,0.5,0.12199276
8.0,0.14285714285714285,0.5,0.26649556
8.0,0.21428571428571427,0.5,0.40443993
8.0,0.2857142857142857,0.5,0.5326655
8.0,0.3571428571428571,0.5,0.65994656
8.0,0.42857142857142855,0.5,0.7931956
8.0,0.5,0.5,0.8679895
8.0,0.5714285714285714,0.5,0.79924643
8.0,0.6428571428571428,0.5,0.66389626
8.0,0.7142857142857142,0.5,0.53298646
8.0,0.7857142857142857,0.5,0.40369752
8.0,0.8571428571428571,0.5,0.26826087
8.0,0.9285714285714285,0.5,0.12866545
8.0,1.0,0.5,-0.006673539
8.0,0.0,0.5714285714285714,-0.020728508
8.0,0.07142857142857142,0.5714285714285714,0.111771196
8.0,0.14285714285714285,0.5714285714285714,0.24472916
8.0,0.21428571428571427,0.5714285714285714,0.37132725
8.0,0.2857142857142857,0.5714285714285714,0.48990074
8.0,0.3571428571428571,0.5714285714285714,0.6082866
8.0,0.42857142857142855,0.5714285714285714,0.7298729
8.0,0.5,0.5714285714285714,0.7950902
8.0,0.5714285714285714,0.5714285714285714,0.7296851
8.0,0.6428571428571428,0.5714285714285714,0.60623807
8.0,0.7142857142857142,0.5714285714285714,0.48908684
8.0,0.7857142857142857,0.5714285714285714,0.3723828
8.0,0.8571428571428571,0.5714285714285714,0.24716794
8.0,0.9285714285714285,0.5714285714285714,0.11595837
8.0,1.0,0.5714285714285714,-0.012042323
8.0,0.0,0.6428571428571428,-0.021547617
8.0,0.07142857142857142,0.6428571428571428,0.091947004
8.0,0.14285714285714285,0.6428571428571428,0.20329893
8.0,0.21428571428571427,0.6428571428571428,0.3087546
8.0,0.2857142857142857,0.6428571428571428,0.409202
8.0,0.3571428571428571,0.6428571428571428,0.51108503
8.0,0.42857142857142855,0.6428571428571428,0.6123956
8.0,0.5,0.6428571428571428,0.66272014
8.0,0.5714285714285714,0.6428571428571428,0.60801923
8.0,0.6428571428571428,0.6428571428571428,0.5058611
8.0,0.7142857142857142,0.6428571428571428,0.40807208
8.0,0.7857142857142857,0.6428571428571428,0.31050918
8.0,0.8571428571428571,0.6428571428571428,0.20515715
8.0,0.9285714285714285,0.6428571428571428,0.09347758
8.0,1.0,0.6428571428571428,-0.017343296
8.0,0.0,0.7142857142857142,-0.020804072
8.0,0.07142857142857142,0.7142857142857142,0.071774386
8.0,0.14285714285714285,0.7142857142857142,0.16042848
8.0,0.21428571428571427,0.7142857142857142,0.24425963
8.0,0.2857142857142857,0.7142857142857142,0.3259986
8.0,0.3571428571428571,0.7142857142857142,0.41050622
8.0,0.42857142857142855,0.7142857142857142,0.49229422
8.0,0.5,0.7142857142857142,0.53134435
8.0,0.5714285714285714,0.7142857142857142,0.4901279
8.0,0.6428571428571428,0.7142857142857142,0.4085367
8.0,0.7142857142857142,0.7142857142857142,0.32759702
8.0,0.7857142857142857,0.7142857142857142,0.24800518
8.0,0.8571428571428571,0.7142857142857142,0.16366053
8.0,0.9285714285714285,0.7142857142857142,0.07415679
8.0,1.0,0.7142857142857142,-0.0165759
8.0,0.0,0.7857142857142857,-0.018593254
8.0,0.07142857142857142,0.7857142857142857,0.053549044
8.0,0.14285714285714285,0.7857142857142857,0.120429285
8.0,0.21428571428571427,0.7857142857142857,0.18299353
8.0,0.2857142857142857,0.7857142857142857,0.24480599
8.0,0.3571428571428571,0.7857142857142857,0.30956814
8.0,0.42857142857142855,0.7857142857142857,0.3712142
8.0,0.5,0.7857142857142857,0.40050107
8.0,0.5714285714285714,0.7857142857142857,0.37184352
8.0,0.6428571428571428,0.7857142857142857,0.3101832
8.0,0.7142857142857142,0.7857142857142857,0.24688971
8.0,0.7857142857142857,0.7857142857142857,0.18607277
8.0,0.8571428571428571,0.7857142857142857,0.12295706
8.0,0.9285714285714285,0.7857142857142857,0.055392317
8.0,1.0,0.7857142857142857,-0.015344119
8.0,0.0,0.8571428571428571,-0.016249822
8.0,0.07142857142857142,0.8571428571428571,0.036173172
8.0,0.14285714285714285,0.8571428571428571,0.081794985
8.0,0.21428571428571427,0.8571428571428571,0.12249466
8.0,0.2857142857142857,0.8571428571428571,0.1621747
8.0,0.3571428571428571,0.8571428571428571,0.20421806
8.0,0.42857142857142855,0.8571428571428571,0.24441352
8.0,0.5,0.8571428571428571,0.26404673
8.0,0.5714285714285714,0.8571428571428571,0.24659398
8.0,0.6428571428571428,0.8571428571428571,0.20560086
8.0,0.7142857142857142,0.8571428571428571,0.16261713
8.0,0.7857142857142857,0.8571428571428571,0.12229849
8.0,0.8571428571428571,0.8571428571428571,0.08047692
8.0,0.9285714285714285,0.8571428571428571,0.033764012
8.0,1.0,0.8571428571428571,-0.018245662
8.0,0.0,0.9285714285714285,-0.016778031
8.0,0.07142857142857142,0.9285714285714285,0.015891183
8.0,0.14285714285714285,0.9285714285714285,0.039879546
8.0,0.21428571428571427,0.9285714285714285,0.057683982
8.0,0.2857142857142857,0.9285714285714285,0.07367336
8.0,0.3571428571428571,0.9285714285714285,0.0918878
8.0,0.42857142857142855,0.9285714285714285,0.111356504
8.0,0.5,0.9285714285714285,0.122452445
8.0,0.5714285714285714,0.9285714285714285,0.115349434
8.0,0.6428571428571428,0.9285714285714285,0.09535126
8.0,0.7142857142857142,0.9285714285714285,0.074435994
8.0,0.7857142857142857,0.9285714285714285,0.055555947
8.0,0.8571428571428571,0.9285714285714285,0.03470157
8.0,0.9285714285714285,0.9285714285714285,0.0077705234
8.0,1.0,0.9285714285714285,-0.026679384
8.0,0.0,1.0,-0.025044378
8.0,0.07142857142857142,1.0,-0.012907312
8.0,0.14285714285714285,1.0,-0.01100215
8.0,0.21428571428571427,1.0,-0.015916668
8.0,0.2857142857142857,1.0,-0.022378927
8.0,0.3571428571428571,1.0,-0.025163943
8.0,0.42857142857142855,1.0,-0.02222147
8.0,0.5,1.0,-0.016923847
8.0,0.5714285714285714,1.0,-0.014759453
8.0,0.6428571428571428,1.0,-0.015655877
8.0,0.7142857142857142,1.0,-0.01544624
8.0,0.7857142857142857,1.0,-0.013854334
8.0,0.8571428571428571,1.0,-0.015037721
8.0,0.9285714285714285,1.0,-0.02346014
8.0,1.0,1.0,-0.041287407
9.0,0.0,0.0,-0.02156918
9.0,0.07142857142857142,0.0,-0.013570065
9.0,0.14285714285714285,0.0,-0.011513503
9.0,0.21428571428571427,0.0,-0.014108261
9.0,0.2857142857142857,0.0,-0.01786465
9.0,0.3571428571428571,0.0,-0.017627994
9.0,0.42857142857142855,0.0,-0.013077969
9.0,0.5,0.0,-0.012777595
9.0,0.5714285714285714,0.0,-0.020166581
9.0,0.6428571428571428,0.0,-0.026090799
9.0,0.7142857142857142,0.0,-0.024545839
9.0,0.7857142857142857,0.0,-0.020246929
9.0,0.8571428571428571,0.0,-0.020298453
9.0,0.9285714285714285,0.0,-0.028172256
9.0,1.0,0.0,-0.04425451
9.0,0.0,0.07142857142857142,-0.013036953
9.0,0.07142857142857142,0.07142857142857142,0.013685223
9.0,0.14285714285714285,0.07142857142857142,0.035954006
9.0,0.21428571428571427,0.07142857142857142,0.054369204
9.0,0.2857142857142857,0.07142857142857142,0.071689904
9.0,0.3571428571428571,0.07142857142857142,0.0928696
9.0,0.42857142857142855,0.07142857142857142,0.116381146
9.0,0.5,0.07142857142857142,0.12519284
9.0,0.5714285714285714,0.07142857142857142,0.11032205
9.0,0.6428571428571428,0.07142857142857142,0.088080615
9.0,0.7142857142857142,0.07142857142857142,0.07103521
9.0,0.7857142857142857,0.07142857142857142,0.055142045
9.0,0.8571428571428571,0.07142857142857142,0.03412518
9.0,0.9285714285714285,0.07142857142857142,0.006244166
9.0,1.0,0.07142857142857142,-0.028050402
9.0,0.0,0.14285714285714285,-0.012157921
9.0,0.07142857142857142,0.14285714285714285,0.03498047
9.0,0.14285714285714285,0.14285714285714285,0.07933517
9.0,0.21428571428571427,0.14285714285714285,0.12058241
9.0,0.2857142857142857,0.14285714285714285,0.16041717
9.0,0.3571428571428571,0.14285714285714285,0.20367555
9.0,0.42857142857142855,0.14285714285714285,0.24809259
9.0,0.5,0.14285714285714285,0.2670139
9.0,0.5714285714285714,0.14285714285714285,0.24308404
9.0,0.6428571428571428,0.14285714285714285,0.20144394
9.0,0.7142857142857142,0.14285714285714285,0.16261256
9.0,0.7857142857142857,0.14285714285714285,0.12371155
9.0,0.8571428571428571,0.14285714285714285,0.08017652
9.0,0.9285714285714285,0.14285714285714285,0.03176547
9.0,1.0,0.14285714285714285,-0.021051468
9.0,0.0,0.21428571428571427,-0.016732454
9.0,0.07142857142857142,0.21428571428571427,0.05229848
9.0,0.14285714285714285,0.21428571428571427,0.11977283
9.0,0.21428571428571427,0.21428571428571427,0.18400322
9.0,0.2857142857142857,0.21428571428571427,0.24532688
9.0,0.3571428571428571,0.21428571428571427,0.30874816
9.0,0.42857142857142855,0.21428571428571427,0.373091
9.0,0.5,0.21428571428571427,0.40276083
9.0,0.5714285714285714,0.21428571428571427,0.36959934
9.0,0.6428571428571428,0.21428571428571427,0.30801335
9.0,0.7142857142857142,0.21428571428571427,0.24700138
9.0,0.7857142857142857,0.21428571428571427,0.18526824
9.0,0.8571428571428571,0.21428571428571427,0.120011605
9.0,0.9285714285714285,0.21428571428571427,0.051519126
9.0,1.0,0.21428571428571427,-0.020021344
9.0,0.0,0.2857142857142857,-0.022913044
9.0,0.07142857142857142,0.2857142857142857,0.06928591
9.0,0.14285714285714285,0.2857142857142857,0.16034159
9.0,0.21428571428571427,0.2857142857142857,0.24658775
9.0,0.2857142857142857,0.2857142857142857,0.326971
9.0,0.3571428571428571,0.2857142857142857,0.4073768
9.0,0.42857142857142855,0.2857142857142857,0.48954418
9.0,0.5,0.2857142857142857,0.5303789
9.0,0.5714285714285714,0.2857142857142857,0.48871905
9.0,0.6428571428571428,0.2857142857142857,0.40801594
9.0,0.7142857142857142,0.2857142857142857,0.32644376
9.0,0.7857142857142857,0.2857142857142857,0.2441693
9.0,0.8571428571428571,0.2857142857142857,0.15882964
9.0,0.9285714285714285,0.2857142857142857,0.070401646
9.0,1.0,0.2857142857142857,-0.020325402
9.0,0.0,0.3571428571428571,-0.026037827
9.0,0.07142857142857142,0.3571428571428571,0.08968119
9.0,0.14285714285714285,0.3571428571428571,0.20434326
9.0,0.21428571428571427,0.3571428571428571,0.31173807
9.0,0.2857142857142857,0.3571428571428571,0.4096772
9.0,0.3571428571428571,0.3571428571428571,0.5057387
9.0,0.42857142857142855,0.3571428571428571,0.60530376
9.0,0.5,0.3571428571428571,0.6583322
9.0,0.5714285714285714,0.3571428571428571,0.60840267
9.0,0.6428571428571428,0.3571428571428571,0.5085918
9.0,0.7142857142857142,0.3571428571428571,0.40789977
9.0,0.7857142857142857,0.3571428571428571,0.306883
9.0,0.8571428571428571,0.3571428571428571,0.201839
9.0,0.9285714285714285,0.3571428571428571,0.092717536
9.0,1.0,0.3571428571428571,-0.017478758
9.0,0.0,0.42857142857142855,-0.024457632
9.0,0.07142857142857142,0.42857142857142855,0.11121593
9.0,0.14285714285714285,0.42857142857142855,0.24709126
9.0,0.21428571428571427,0.42857142857142855,0.37471586
9.0,0.2857142857142857,0.42857142857142855,0.4910958
9.0,0.3571428571428571,0.42857142857142855,0.6051847
9.0,0.42857142857142855,0.42857142857142855,0.72420686
9.0,0.5,0.42857142857142855,0.7902805
9.0,0.5714285714285714,0.42857142857142855,0.7309094
9.0,0.6428571428571428,0.42857142857142855,0.6103383
9.0,0.7142857142857142,0.42857142857142855,0.49015257
9.0,0.7857142857142857,0.42857142857142855,0.37048572
9.0,0.8571428571428571,0.42857142857142855,0.24569619
9.0,0.9285714285714285,0.42857142857142855,0.11656251
9.0,1.0,0.42857142857142855,-0.0109514985
9.0,0.0,0.5,-0.022138352
9.0,0.07142857142857142,0.5,0.120748825
9.0,0.14285714285714285,0.5,0.26540586
9.0,0.21428571428571427,0.5,0.40314174
9.0,0.2857142857142857,0.5,0.530901
9.0,0.3571428571428571,0.5,0.6573678
9.0,0.42857142857142855,0.5,0.78843033
9.0,0.5,0.5,0.8611516
9.0,0.5714285714285714,0.5,0.79452544
9.0,0.6428571428571428,0.5,0.66125685
9.0,0.7142857142857142,0.5,0.53100294
9.0,0.7857142857142857,0.5,0.4022411
9.0,0.8571428571428571,0.5,0.26731896
9.0,0.9285714285714285,0.5,0.12794292
9.0,1.0,0.5,-0.007576579
9.0,0.0,0.5714285714285714,-0.022199208
9.0,0.07142857142857142,0.5714285714285714,0.1108174
9.0,0.14285714285714285,0.5714285714285714,0.2441006
9.0,0.21428571428571427,0.5714285714285714,0.3707823
9.0,0.2857142857142857,0.5714285714285714,0.48926505
9.0,0.3571428571428571,0.5714285714285714,0.6072023
9.0,0.42857142857142855,0.5714285714285714,0.7270288
9.0,0.5,0.5714285714285714,0.79042816
9.0,0.5714285714285714,0.5714285714285714,0.7267555
9.0,0.6428571428571428,0.5714285714285714,0.60497695
9.0,0.7142857142857142,0.5714285714285714,0.48817343
9.0,0.7857142857142857,0.5714285714285714,0.37173298
9.0,0.8571428571428571,0.5714285714285714,0.24678585
9.0,0.9285714285714285,0.5714285714285714,0.11556668
9.0,1.0,0.5714285714285714,-0.012788879
9.0,0.0,0.6428571428571428,-0.022628034
9.0,0.07142857142857142,0.6428571428571428,0.09136593
9.0,0.14285714285714285,0.6428571428571428,0.20313354
9.0,0.21428571428571427,0.6428571428571428,0.3089234
9.0,0.2857142857142857,0.6428571428571428,0.40963015
9.0,0.3571428571428571,0.6428571428571428,0.5114005
9.0,0.42857142857142855,0.6428571428571428,0.6114291
9.0,0.5,0.6428571428571428,0.6603265
9.0,0.5714285714285714,0.6428571428571428,0.60683006
9.0,0.6428571428571428,0.6428571428571428,0.5059556
9.0,0.7142857142857142,0.6428571428571428,0.40832874
9.0,0.7857142857142857,0.6428571428571428,0.3107001
9.0,0.8571428571428571,0.6428571428571428,0.2052222
9.0,0.9285714285714285,0.6428571428571428,0.09322277
9.0,1.0,0.6428571428571428,-0.018116878
9.0,0.0,0.7142857142857142,-0.02165516
9.0,0.07142857142857142,0.7142857142857142,0.0712719
9.0,0.14285714285714285,0.7142857142857142,0.1602542
9.0,0.21428571428571427,0.7142857142857142,0.24442121
9.0,0.2857142857142857,0.7142857142857142,0.3264719
9.0,0.3571428571428571,0.7142857142857142,0.41093993
9.0,0.42857142857142855,0.7142857142857142,0.49172357
9.0,0.5,0.7142857142857142,0.5296495
9.0,0.5714285714285714,0.7142857142857142,0.4892318
9.0,0.6428571428571428,0.7142857142857142,0.4087322
9.0,0.7142857142857142,0.7142857142857142,0.3280042
9.0,0.7857142857142857,0.7142857142857142,0.24826363
9.0,0.8571428571428571,0.7142857142857142,0.16363855
9.0,0.9285714285714285,0.7142857142857142,0.07371811
9.0,1.0,0.7142857142857142,-0.017534627
9.0,0.0,0.7857142857142857,-0.019335138
9.0,0.07142857142857142,0.7857142857142857,0.05296935
9.0,0.14285714285714285,0.7857142857142857,0.120023586
9.0,0.21428571428571427,0.7857142857142857,0.18282227
9.0,0.2857142857142857,0.7857142857142857,0.24490535
9.0,0.3571428571428571,0.7857142857142857,0.3096882
9.0,0.42857142857142855,0.7857142857142857,0.37064353
9.0,0.5,0.7857142857142857,0.39914045
9.0,0.5714285714285714,0.7857142857142857,0.37098703
9.0,0.6428571428571428,0.7857142857142857,0.31014693
9.0,0.7142857142857142,0.7857142857142857,0.24701771
9.0,0.7857142857142857,0.7857142857142857,0.18601729
9.0,0.8571428571428571,0.7857142857142857,0.12261651
9.0,0.9285714285714285,0.7857142857142857,0.054694094
9.0,1.0,0.7857142857142857,-0.016457966
9.0,0.0,0.8571428571428571,-0.016897576
9.0,0.07142857142857142,0.8571428571428571,0.03551569
9.0,0.14285714285714285,0.8571428571428571,0.08115708
9.0,0.21428571428571427,0.8571428571428571,0.1219781
9.0,0.2857142857142857,0.8571428571428571,0.16188388
9.0,0.3571428571428571,0.8571428571428571,0.20402572
9.0,0.42857142857142855,0.8571428571428571,0.24384093
9.0,0.5,0.8571428571428571,0.26298717
9.0,0.5714285714285714,0.8571428571428571,0.2458131
9.0,0.6428571428571428,0.8571428571428571,0.20533656
9.0,0.7142857142857142,0.8571428571428571,0.16241167
9.0,0.7857142857142857,0.8571428571428571,0.121884756
9.0,0.8571428571428571,0.8571428571428571,0.07981987
9.0,0.9285714285714285,0.8571428571428571,0.032852426
9.0,1.0,0.8571428571428571,-0.019445067
9.0,0.0,0.9285714285714285,-0.017318996
9.0,0.07142857142857142,0.9285714285714285,0.015192384
9.0,0.14285714285714285,0.9285714285714285,0.039070264
9.0,0.21428571428571427,0.9285714285714285,0.05690135
9.0,0.2857142857142857,0.9285714285714285,0.07306575
9.0,0.3571428571428571,0.9285714285714285,0.09141173
9.0,0.42857142857142855,0.9285714285714285,0.11070875
9.0,0.5,0.9285714285714285,0.12152707
9.0,0.5714285714285714,0.9285714285714285,0.114555426
9.0,0.6428571428571428,0.9285714285714285,0.094850086
9.0,0.7142857142857142,0.9285714285714285,0.07393132
9.0,0.7857142857142857,0.9285714285714285,0.054853603
9.0,0.8571428571428571,0.9285714285714285,0.033806488
9.0,0.9285714285714285,0.9285714285714285,0.006713668
9.0,1.0,0.9285714285714285,-0.027912792
9.0,0.0,1.0,-0.025511462
9.0,0.07142857142857142,1.0,-0.013651575
9.0,0.14285714285714285,1.0,-0.011949968
9.0,0.21428571428571427,1.0,-0.016909353
9.0,0.2857142857142857,1.0,-0.023266314
9.0,0.3571428571428571,1.0,-0.025954226
9.0,0.42857142857142855,1.0,-0.02309657
9.0,0.5,1.0,-0.017958896
9.0,0.5714285714285714,1.0,-0.01573241
9.0,0.6428571428571428,1.0,-0.016446406
9.0,0.7142857142857142,1.0,-0.01623159
9.0,0.7857142857142857,1.0,-0.014783168
9.0,0.8571428571428571,1.0,-0.01610223
9.0,0.9285714285714285,1.0,-0.024613684
9.0,1.0,1.0,-0.042529173
10.0,0.0,0.0,-0.022435399
10.0,0.07142857142857142,0.0,-0.014271678
10.0,0.14285714285714285,0.0,-0.012115812
10.0,0.21428571428571427,0.0,-0.014726045
10.0,0.2857142857142857,0.0,-0.018615883
10.0,0.3571428571428571,0.0,-0.0185572
10.0,0.42857142857142855,0.0,-0.014131056
10.0,0.5,0.0,-0.0137948
10.0,0.5714285714285714,0.0,-0.02101429
10.0,0.6428571428571428,0.0,-0.026816512
10.0,0.7142857142857142,0.0,-0.025207719
10.0,0.7857142857142857,0.0,-0.020836612
10.0,0.8571428571428571,0.0,-0.020850921
10.0,0.9285714285714285,0.0,-0.028775493
10.0,1.0,0.0,-0.044989586
10.0,0.0,0.07142857142857142,-0.014023364
10.0,0.07142857142857142,0.07142857142857142,0.01295276
10.0,0.14285714285714285,0.07142857142857142,0.0354599
10.0,0.21428571428571427,0.07142857142857142,0.054040723
10.0,0.2857142857142857,0.07142857142857142,0.07140084
10.0,0.3571428571428571,0.07142857142857142,0.092473455
10.0,0.42857142857142855,0.07142857142857142,0.115752734
10.0,0.5,0.07142857142857142,0.12446473
10.0,0.5714285714285714,0.07142857142857142,0.109786786
10.0,0.6428571428571428,0.07142857142857142,0.087670736
10.0,0.7142857142857142,0.07142857142857142,0.07060715
10.0,0.7857142857142857,0.07142857142857142,0.054682456
10.0,0.8571428571428571,0.07142857142857142,0.033581726
10.0,0.9285714285714285,0.07142857142857142,0.0055273157
10.0,1.0,0.07142857142857142,-0.029001499
10.0,0.0,0.14285714285714285,-0.013165865
10.0,0.07142857142857142,0.14285714285714285,0.034279972
10.0,0.14285714285714285,0.14285714285714285,0.07895886
10.0,0.21428571428571427,0.14285714285714285,0.12049044
10.0,0.2857142857142857,0.14285714285714285,0.16047947
10.0,0.3571428571428571,0.14285714285714285,0.20363474
10.0,0.42857142857142855,0.14285714285714285,0.24756783
10.0,0.5,0.14285714285714285,0.26612434
10.0,0.5714285714285714,0.14285714285714285,0.24251384
10.0,0.6428571428571428,0.14285714285714285,0.20116672
10.0,0.7142857142857142,0.14285714285714285,0.16234826
10.0,0.7857142857142857,0.14285714285714285,0.123376824
10.0,0.8571428571428571,0.14285714285714285,0.07966742
10.0,0.9285714285714285,0.14285714285714285,0.030980712
10.0,1.0,0.14285714285714285,-0.022157574
10.0,0.0,0.21428571428571427,-0.01762641
10.0,0.07142857142857142,0.21428571428571427,0.05173953
10.0,0.14285714285714285,0.21428571428571427,0.119562425
10.0,0.21428571428571427,0.21428571428571427,0.18410975
10.0,0.2857142857142857,0.21428571428571427,0.24562714
10.0,0.3571428571428571,0.21428571428571427,0.30891475
10.0,0.42857142857142855,0.21428571428571427,0.37245995
10.0,0.5,0.21428571428571427,0.40144074
10.0,0.5714285714285714,0.21428571428571427,0.36886835
10.0,0.6428571428571428,0.21428571428571427,0.30788046
10.0,0.7142857142857142,0.21428571428571427,0.24697065
10.0,0.7857142857142857,0.21428571428571427,0.18513957
10.0,0.8571428571428571,0.21428571428571427,0.119622506
10.0,0.9285714285714285,0.21428571428571427,0.050769657
10.0,1.0,0.21428571428571427,-0.02115968
10.0,0.0,0.2857142857142857,-0.023630902
10.0,0.07142857142857142,0.2857142857142857,0.06892137
10.0,0.14285714285714285,0.2857142857142857,0.16029431
10.0,0.21428571428571427,0.2857142857142857,0.24680069
10.0,0.2857142857142857,0.2857142857142857,0.3273514
10.0,0.3571428571428571,0.2857142857142857,0.40762088
10.0,0.42857142857142855,0.2857142857142857,0.48874086
10.0,0.5,0.2857142857142857,0.5285915
10.0,0.5714285714285714,0.2857142857142857,0.4879043
10.0,0.6428571428571428,0.2857142857142857,0.40813866
10.0,0.7142857142857142,0.2857142857142857,0.32670438
10.0,0.7857142857142857,0.2857142857142857,0.24425939
10.0,0.8571428571428571,0.2857142857142857,0.15859441
10.0,0.9285714285714285,0.2857142857142857,0.06977504
10.0,1.0,0.2857142857142857,-0.02136563
10.0,0.0,0.3571428571428571,-0.026768956
10.0,0.07142857142857142,0.3571428571428571,0.089325674
10.0,0.14285714285714285,0.3571428571428571,0.20422852
10.0,0.21428571428571427,0.3571428571428571,0.31174016
10.0,0.2857142857142857,0.3571428571428571,0.4097487
10.0,0.3571428571428571,0.3571428571428571,0.5056787
10.0,0.42857142857142855,0.3571428571428571,0.60400397
10.0,0.5,0.3571428571428571,0.6557695
10.0,0.5714285714285714,0.3571428571428571,0.60724044
10.0,0.6428571428571428,0.3571428571428571,0.50867295
10.0,0.7142857142857142,0.3571428571428571,0.40807965
10.0,0.7857142857142857,0.3571428571428571,0.306856
10.0,0.8571428571428571,0.3571428571428571,0.20156628
10.0,0.9285714285714285,0.3571428571428571,0.09217063
10.0,1.0,0.3571428571428571,-0.01837639
10.0,0.0,0.42857142857142855,-0.025597172
10.0,0.07142857142857142,0.42857142857142855,0.110442705
10.0,0.14285714285714285,0.42857142857142855,0.24643564
10.0,0.21428571428571427,0.42857142857142855,0.3739356
10.0,0.2857142857142857,0.42857142857142855,0.4901136
10.0,0.3571428571428571,0.42857142857142855,0.6038277
10.0,0.42857142857142855,0.42857142857142855,0.721198
10.0,0.5,0.42857142857142855,0.7855952
10.0,0.5714285714285714,0.42857142857142855,0.72803754
10.0,0.6428571428571428,0.42857142857142855,0.6091179
10.0,0.7142857142857142,0.42857142857142855,0.48920384
10.0,0.7857142857142857,0.42857142857142855,0.36962923
10.0,0.8571428571428571,0.42857142857142855,0.24500078
10.0,0.9285714285714285,0.42857142857142855,0.11592185
10.0,1.0,0.42857142857142855,-0.011775883
10.0,0.0,0.5,-0.023628773
10.0,0.07142857142857142,0.5,0.11961565
10.0,0.14285714285714285,0.5,0.26433626
10.0,0.21428571428571427,0.5,0.40180245
10.0,0.2857142857142857,0.5,0.52910215
10.0,0.3571428571428571,0.5,0.6548162
10.0,0.42857142857142855,0.5,0.78376245
10.0,0.5,0.5,0.85443866
10.0,0.5714285714285714,0.5,0.78984374
10.0,0.6428571428571428,0.5,0.65862375
10.0,0.7142857142857142,0.5,0.5289882
10.0,0.7857142857142857,0.5,0.40074053
10.0,0.8571428571428571,0.5,0.26637578
10.0,0.9285714285714285,0.5,0.1272961
10.0,1.0,0.5,-0.0083229635
10.0,0.0,0.5714285714285714,-0.023484485
10.0,0.07142857142857142,0.5714285714285714,0.109969504
10.0,0.14285714285714285,0.5714285714285714,0.2434937
10.0,0.21428571428571427,0.5714285714285714,0.3702012
10.0,0.2857142857142857,0.5714285714285714,0.4885889
10.0,0.3571428571428571,0.5714285714285714,0.60611844
10.0,0.42857142857142855,0.5714285714285714,0.7242472
10.0,0.5,0.5714285714285714,0.7858696
10.0,0.5714285714285714,0.5714285714285714,0.72386384
10.0,0.6428571428571428,0.5714285714285714,0.60372317
10.0,0.7142857142857142,0.5714285714285714,0.48722696
10.0,0.7857142857142857,0.5714285714285714,0.37102997
10.0,0.8571428571428571,0.5714285714285714,0.24639222
10.0,0.9285714285714285,0.5714285714285714,0.11524428
10.0,1.0,0.5714285714285714,-0.013380172
10.0,0.0,0.6428571428571428,-0.02354745
10.0,0.07142857142857142,0.6428571428571428,0.09087019
10.0,0.14285714285714285,0.6428571428571428,0.20298049
10.0,0.21428571428571427,0.6428571428571428,0.30905172
10.0,0.2857142857142857,0.6428571428571428,0.4100002
10.0,0.3571428571428571,0.6428571428571428,0.51167256
10.0,0.42857142857142855,0.6428571428571428,0.61046505
10.0,0.5,0.6428571428571428,0.6579813
10.0,0.5714285714285714,0.6428571428571428,0.6056411
10.0,0.6428571428571428,0.6428571428571428,0.5060204
10.0,0.7142857142857142,0.6428571428571428,0.4085296
10.0,0.7857142857142857,0.6428571428571428,0.31083056
10.0,0.8571428571428571,0.6428571428571428,0.20527117
10.0,0.9285714285714285,0.6428571428571428,0.09302922
10.0,1.0,0.6428571428571428,-0.018747913
10.0,0.0,0.7142857142857142,-0.022368776
10.0,0.07142857142857142,0.7142857142857142,0.0708415
10.0,0.14285714285714285,0.7142857142857142,0.16009109
10.0,0.21428571428571427,0.7142857142857142,0.24454924
10.0,0.2857142857142857,0.7142857142857142,0.32688972
10.0,0.3571428571428571,0.7142857142857142,0.41132042
10.0,0.42857142857142855,0.7142857142857142,0.49113354
10.0,0.5,0.7142857142857142,0.5279705
10.0,0.5714285714285714,0.7142857142857142,0.48831123
10.0,0.6428571428571428,0.7142857142857142,0.40887347
10.0,0.7142857142857142,0.7142857142857142,0.32834834
10.0,0.7857142857142857,0.7142857142857142,0.24847001
10.0,0.8571428571428571,0.7142857142857142,0.163609
10.0,0.9285714285714285,0.7142857142857142,0.07333905
10.0,1.0,0.7142857142857142,-0.018363437
10.0,0.0,0.7857142857142857,-0.019954832
10.0,0.07142857142857142,0.7857142857142857,0.05245713
10.0,0.14285714285714285,0.7857142857142857,0.119636856
10.0,0.21428571428571427,0.7857142857142857,0.18263371
10.0,0.2857142857142857,0.7857142857142857,0.24496803
10.0,0.3571428571428571,0.7857142857142857,0.30977038
10.0,0.42857142857142855,0.7857142857142857,0.3700583
10.0,0.5,0.7857142857142857,0.39778635
10.0,0.5714285714285714,0.7857142857142857,0.37010124
10.0,0.6428571428571428,0.7857142857142857,0.31005794
10.0,0.7142857142857142,0.7857142857142857,0.24709636
10.0,0.7857142857142857,0.7857142857142857,0.1859299
10.0,0.8571428571428571,0.7857142857142857,0.12228332
10.0,0.9285714285714285,0.7857142857142857,0.0540592
10.0,1.0,0.7857142857142857,-0.01744978
10.0,0.0,0.8571428571428571,-0.01743223
10.0,0.07142857142857142,0.8571428571428571,0.03492654
10.0,0.14285714285714285,0.8571428571428571,0.08054976
10.0,0.21428571428571427,0.8571428571428571,0.121467166
10.0,0.2857142857142857,0.8571428571428571,0.16158849
10.0,0.3571428571428571,0.8571428571428571,0.20383365
10.0,0.42857142857142855,0.8571428571428571,0.24329087
10.0,0.5,0.8571428571428571,0.26196218
10.0,0.5714285714285714,0.8571428571428571,0.24503565
10.0,0.6428571428571428,0.8571428571428571,0.20505258
10.0,0.7142857142857142,0.8571428571428571,0.16219044
10.0,0.7857142857142857,0.8571428571428571,0.12146855
10.0,0.8571428571428571,0.8571428571428571,0.079188064
10.0,0.9285714285714285,0.8571428571428571,0.03200855
10.0,1.0,0.8571428571428571,-0.020529011
10.0,0.0,0.9285714285714285,-0.017753826
10.0,0.07142857142857142,0.9285714285714285,0.014564814
10.0,0.14285714285714285,0.9285714285714285,0.038306385
10.0,0.21428571428571427,0.9285714285714285,0.056153387
10.0,0.2857142857142857,0.9285714285714285,0.07249748
10.0,0.3571428571428571,0.9285714285714285,0.09099465
10.0,0.42857142857142855,0.9285714285714285,0.11014912
10.0,0.5,0.9285714285714285,0.12070181
10.0,0.5714285714285714,0.9285714285714285,0.11383427
10.0,0.6428571428571428,0.9285714285714285,0.09439296
10.0,0.7142857142857142,0.9285714285714285,0.07346306
10.0,0.7857142857142857,0.9285714285714285,0.05418823
10.0,0.8571428571428571,0.9285714285714285,0.032959364
10.0,0.9285714285714285,0.9285714285714285,0.0057306793
10.0,1.0,0.9285714285714285,-0.029036293
10.0,0.0,1.0,-0.025878884
10.0,0.07142857142857142,1.0,-0.014319868
10.0,0.14285714285714285,1.0,-0.012831314
10.0,0.21428571428571427,1.0,-0.017828526
10.0,0.2857142857142857,1.0,-0.024058176
10.0,0.3571428571428571,1.0,-0.02661465
10.0,0.42857142857142855,1.0,-0.023803333
10.0,0.5,1.0,-0.0188085
10.0,0.5714285714285714,1.0,-0.016542377
10.0,0.6428571428571428,1.0,-0.017108986
10.0,0.7142857142857142,1.0,-0.016913174
10.0,0.7857142857142857,1.0,-0.01562438
10.0,0.8571428571428571,1.0,-0.01708736
10.0,0.9285714285714285,1.0,-0.0256817
10.0,1.0,1.0,-0.04366547
11.0,0.0,0.0,-0.023208084
11.0,0.07142857142857142,0.0,-0.014890486
11.0,0.14285714285714285,0.0,-0.0126423
11.0,0.21428571428571427,0.0,-0.015264947
11.0,0.2857142857142857,0.0,-0.01926843
11.0,0.3571428571428571,0.0,-0.019356681
11.0,0.42857142857142855,0.0,-0.015028859
11.0,0.5,0.0,-0.014643589
11.0,0.5714285714285714,0.0,-0.021691175
11.0,0.6428571428571428,0.0,-0.02738656
11.0,0.7142857142857142,0.0,-0.025739359
11.0,0.7857142857142857,0.0,-0.021309642
11.0,0.8571428571428571,0.0,-0.021282101
11.0,0.9285714285714285,0.0,-0.02924318
11.0,1.0,0.0,-0.045574576
11.0,0.0,0.07142857142857142,-0.014914488
11.0,0.07142857142857142,0.07142857142857142,0.012297278
11.0,0.14285714285714285,0.07142857142857142,0.03502532
11.0,0.21428571428571427,0.07142857142857142,0.05376094
11.0,0.2857142857142857,0.07142857142857142,0.07116469
11.0,0.3571428571428571,0.07142857142857142,0.092145294
11.0,0.42857142857142855,0.07142857142857142,0.11519968
11.0,0.5,0.07142857142857142,0.123810716
11.0,0.5714285714285714,0.07142857142857142,0.10932932
11.0,0.6428571428571428,0.07142857142857142,0.087334014
11.0,0.7142857142857142,0.07142857142857142,0.07023955
11.0,0.7857142857142857,0.07142857142857142,0.05428724
11.0,0.8571428571428571,0.07142857142857142,0.0331249
11.0,0.9285714285714285,0.07142857142857142,0.0049247947
11.0,1.0,0.07142857142857142,-0.029814834
11.0,0.0,0.14285714285714285,-0.014075708
11.0,0.07142857142857142,0.14285714285714285,0.03365147
11.0,0.14285714285714285,0.14285714285714285,0.07862519
11.0,0.21428571428571427,0.14285714285714285,0.12041546
11.0,0.2857142857142857,0.14285714285714285,0.16054915
11.0,0.3571428571428571,0.14285714285714285,0.20360598
11.0,0.42857142857142855,0.14285714285714285,0.24705032
11.0,0.5,0.14285714285714285,0.26523355
11.0,0.5714285714285714,0.14285714285714285,0.24194938
11.0,0.6428571428571428,0.14285714285714285,0.20089808
11.0,0.7142857142857142,0.14285714285714285,0.16209067
11.0,0.7857142857142857,0.14285714285714285,0.1230667
11.0,0.8571428571428571,0.14285714285714285,0.07921764
11.0,0.9285714285714285,0.14285714285714285,0.030292196
11.0,1.0,0.14285714285714285,-0.023134785
11.0,0.0,0.21428571428571427,-0.018415704
11.0,0.07142857142857142,0.21428571428571427,0.051247038
11.0,0.14285714285714285,0.21428571428571427,0.11937667
11.0,0.21428571428571427,0.21428571428571427,0.18420294
11.0,0.2857142857142857,0.21428571428571427,0.24589661
11.0,0.3571428571428571,0.21428571428571427,0.30905795
11.0,0.42857142857142855,0.21428571428571427,0.37180832
11.0,0.5,0.21428571428571427,0.40009803
11.0,0.5714285714285714,0.21428571428571427,0.36811376
11.0,0.6428571428571428,0.21428571428571427,0.30772287
11.0,0.7142857142857142,0.21428571428571427,0.24691308
11.0,0.7857142857142857,0.21428571428571427,0.18500611
11.0,0.8571428571428571,0.21428571428571427,0.11926965
11.0,0.9285714285714285,0.21428571428571427,0.050101295
11.0,1.0,0.21428571428571427,-0.022174591
11.0,0.0,0.2857142857142857,-0.0242319
11.0,0.07142857142857142,0.2857142857142857,0.06862002
11.0,0.14285714285714285,0.2857142857142857,0.16025162
11.0,0.21428571428571427,0.2857142857142857,0.24697009
11.0,0.2857142857142857,0.2857142857142857,0.32767454
11.0,0.3571428571428571,0.2857142857142857,0.4078306
11.0,0.42857142857142855,0.2857142857142857,0.48792687
11.0,0.5,0.2857142857142857,0.5268049
11.0,0.5714285714285714,0.2857142857142857,0.48706806
11.0,0.6428571428571428,0.2857142857142857,0.40822268
11.0,0.7142857142857142,0.2857142857142857,0.3269149
11.0,0.7857142857142857,0.2857142857142857,0.24431834
11.0,0.8571428571428571,0.2857142857142857,0.15837139
11.0,0.9285714285714285,0.2857142857142857,0.06921653
11.0,1.0,0.2857142857142857,-0.022283355
11.0,0.0,0.3571428571428571,-0.027359856
11.0,0.07142857142857142,0.3571428571428571,0.08903769
11.0,0.14285714285714285,0.3571428571428571,0.20410451
11.0,0.21428571428571427,0.3571428571428571,0.31167734
11.0,0.2857142857142857,0.3571428571428571,0.4097505
11.0,0.3571428571428571,0.3571428571428571,0.50558996
11.0,0.42857142857142855,0.3571428571428571,0.6027165
11.0,0.5,0.3571428571428571,0.6532372
11.0,0.5714285714285714,0.3571428571428571,0.60605747
11.0,0.6428571428571428,0.3571428571428571,0.5087039
11.0,0.7142857142857142,0.3571428571428571,0.40819106
11.0,0.7857142857142857,0.3571428571428571,0.30677372
11.0,0.8571428571428571,0.3571428571428571,0.20128664
11.0,0.9285714285714285,0.3571428571428571,0.09168401
11.0,1.0,0.3571428571428571,-0.019144857
11.0,0.0,0.42857142857142855,-0.026563244
11.0,0.07142857142857142,0.42857142857142855,0.10975718
11.0,0.14285714285714285,0.42857142857142855,0.24577707
11.0,0.21428571428571427,0.42857142857142855,0.3730929
11.0,0.2857142857142857,0.42857142857142855,0.4890745
11.0,0.3571428571428571,0.42857142857142855,0.60246503
11.0,0.42857142857142855,0.42857142857142855,0.71823263
11.0,0.5,0.42857142857142855,0.78097516
11.0,0.5714285714285714,0.42857142857142855,0.7251561
11.0,0.6428571428571428,0.42857142857142855,0.607859
11.0,0.7142857142857142,0.42857142857142855,0.48819625
11.0,0.7857142857142857,0.42857142857142855,0.36871737
11.0,0.8571428571428571,0.42857142857142855,0.24429744
11.0,0.9285714285714285,0.42857142857142855,0.11534775
11.0,1.0,0.42857142857142855,-0.012456702
11.0,0.0,0.5,-0.024924481
11.0,0.07142857142857142,0.5,0.118591346
11.0,0.14285714285714285,0.5,0.26328525
11.0,0.21428571428571427,0.5,0.40042531
11.0,0.2857142857142857,0.5,0.52727807
11.0,0.3571428571428571,0.5,0.6522998
11.0,0.42857142857142855,0.5,0.779196
11.0,0.5,0.5,0.84786254
11.0,0.5714285714285714,0.5,0.78521216
11.0,0.6428571428571428,0.5,0.65600497
11.0,0.7142857142857142,0.5,0.5269522
11.0,0.7857142857142857,0.5,0.39920005
11.0,0.8571428571428571,0.5,0.26543
11.0,0.9285714285714285,0.5,0.12672286
11.0,1.0,0.5,-0.008911775
11.0,0.0,0.5714285714285714,-0.02458396
11.0,0.07142857142857142,0.5714285714285714,0.109223925
11.0,0.14285714285714285,0.5714285714285714,0.24290547
11.0,0.21428571428571427,0.5714285714285714,0.36958393
11.0,0.2857142857142857,0.5714285714285714,0.4878746
11.0,0.3571428571428571,0.5714285714285714,0.60503465
11.0,0.42857142857142855,0.5714285714285714,0.721524
11.0,0.5,0.5714285714285714,0.78141594
11.0,0.5714285714285714,0.5714285714285714,0.72101367
11.0,0.6428571428571428,0.5714285714285714,0.6024802
11.0,0.7142857142857142,0.5714285714285714,0.48625302
11.0,0.7857142857142857,0.5714285714285714,0.37027588
11.0,0.8571428571428571,0.5714285714285714,0.24598446
11.0,0.9285714285714285,0.5714285714285714,0.11498893
11.0,1.0,0.5714285714285714,-0.013816373
11.0,0.0,0.6428571428571428,-0.024307856
11.0,0.07142857142857142,0.6428571428571428,0.090457805
11.0,0.14285714285714285,0.6428571428571428,0.2028369
11.0,0.21428571428571427,0.6428571428571428,0.3091378
11.0,0.2857142857142857,0.6428571428571428,0.41031125
11.0,0.3571428571428571,0.6428571428571428,0.51189846
11.0,0.42857142857142855,0.6428571428571428,0.60949963
11.0,0.5,0.6428571428571428,0.65568364
11.0,0.5714285714285714,0.6428571428571428,0.6044558
11.0,0.6428571428571428,0.6428571428571428,0.50605816
11.0,0.7142857142857142,0.6428571428571428,0.40867892
11.0,0.7857142857142857,0.6428571428571428,0.31090164
11.0,0.8571428571428571,0.6428571428571428,0.20530248
11.0,0.9285714285714285,0.6428571428571428,0.09289627
11.0,1.0,0.6428571428571428,-0.01923442
11.0,0.0,0.7142857142857142,-0.022945749
11.0,0.07142857142857142,0.7142857142857142,0.07048211
11.0,0.14285714285714285,0.7142857142857142,0.15993842
11.0,0.21428571428571427,0.7142857142857142,0.24464354
11.0,0.2857142857142857,0.7142857142857142,0.327252
11.0,0.3571428571428571,0.7142857142857142,0.411645
11.0,0.42857142857142855,0.7142857142857142,0.49052045
11.0,0.5,0.7142857142857142,0.5263081
11.0,0.5714285714285714,0.7142857142857142,0.4873719
11.0,0.6428571428571428,0.7142857142857142,0.4089653
11.0,0.7142857142857142,0.7142857142857142,0.3286334
11.0,0.7857142857142857,0.7142857142857142,0.24862638
11.0,0.8571428571428571,0.7142857142857142,0.16357183
11.0,0.9285714285714285,0.7142857142857142,0.073021136
11.0,1.0,0.7142857142857142,-0.0190583
11.0,0.0,0.7857142857142857,-0.02045113
11.0,0.07142857142857142,0.7857142857142857,0.052013732
11.0,0.14285714285714285,0.7857142857142857,0.11927015
11.0,0.21428571428571427,0.7857142857142857,0.18242988
11.0,0.2857142857142857,0.7857142857142857,0.24499512
11.0,0.3571428571428571,0.7857142857142857,0.30981252
11.0,0.42857142857142855,0.7857142857142857,0.36945552
11.0,0.5,0.7857142857142857,0.3964382
11.0,0.5714285714285714,0.7857142857142857,0.3691918
11.0,0.6428571428571428,0.7857142857142857,0.30992076
11.0,0.7142857142857142,0.7857142857142857,0.24712932
11.0,0.7857142857142857,0.7857142857142857,0.18581331
11.0,0.8571428571428571,0.7857142857142857,0.12195959
11.0,0.9285714285714285,0.7857142857142857,0.05349084
11.0,1.0,0.7857142857142857,-0.018314073
11.0,0.0,0.8571428571428571,-0.017851533
11.0,0.07142857142857142,0.8571428571428571,0.034408547
11.0,0.14285714285714285,0.8571428571428571,0.07997607
11.0,0.21428571428571427,0.8571428571428571,0.12096404
11.0,0.2857142857142857,0.8571428571428571,0.16128922
11.0,0.3571428571428571,0.8571428571428571,0.2036405
11.0,0.42857142857142855,0.8571428571428571,0.24275914
11.0,0.5,0.8571428571428571,0.26097026
11.0,0.5714285714285714,0.8571428571428571,0.24426392
11.0,0.6428571428571428,0.8571428571428571,0.20475233
11.0,0.7142857142857142,0.8571428571428571,0.16195579
11.0,0.7857142857142857,0.8571428571428571,0.12105381
11.0,0.8571428571428571,0.8571428571428571,0.0785856
11.0,0.9285714285714285,0.8571428571428571,0.031237824
11.0,1.0,0.8571428571428571,-0.0214908
11.0,0.0,0.9285714285714285,-0.018080102
11.0,0.07142857142857142,0.9285714285714285,0.014011428
11.0,0.14285714285714285,0.9285714285714285,0.037591346
11.0,0.21428571428571427,0.9285714285714285,0.055443347
11.0,0.2857142857142857,0.9285714285714285,0.07197078
11.0,0.3571428571428571,0.9285714285714285,0.09063519
11.0,0.42857142857142855,0.9285714285714285,0.10967327
11.0,0.5,0.9285714285714285,0.11997432
11.0,0.5714285714285714,0.9285714285714285,0.11318655
11.0,0.6428571428571428,0.9285714285714285,0.09398212
11.0,0.7142857142857142,0.9285714285714285,0.073033996
11.0,0.7857142857142857,0.9285714285714285,0.05356463
11.0,0.8571428571428571,0.9285714285714285,0.032166168
11.0,0.9285714285714285,0.9285714285714285,0.0048279185
11.0,1.0,0.9285714285714285,-0.030044291
11.0,0.0,1.0,-0.026144978
11.0,0.07142857142857142,1.0,-0.014908693
11.0,0.14285714285714285,1.0,-0.013642225
11.0,0.21428571428571427,1.0,-0.018670514
11.0,0.2857142857142857,1.0,-0.024751754
11.0,0.3571428571428571,1.0,-0.027144985
11.0,0.42857142857142855,1.0,-0.02434508
11.0,0.5,1.0,-0.019475186
11.0,0.5714285714285714,1.0,-0.017189356
11.0,0.6428571428571428,1.0,-0.017642902
11.0,0.7142857142857142,1.0,-0.017487833
11.0,0.7857142857142857,1.0,-0.016373442
11.0,0.8571428571428571,1.0,-0.01798725
11.0,0.9285714285714285,1.0,-0.026658103
11.0,1.0,1.0,-0.04468979
12.0,0.0,0.0,-0.02388615
12.0,0.07142857142857142,0.0,-0.015427174
12.0,0.14285714285714285,0.0,-0.013095211
12.0,0.21428571428571427,0.0,-0.015728412
12.0,0.2857142857142857,0.0,-0.019826673
12.0,0.3571428571428571,0.0,-0.02003096
12.0,0.42857142857142855,0.0,-0.015777605
12.0,0.5,0.0,-0.015331348
12.0,0.5714285714285714,0.0,-0.022205079
12.0,0.6428571428571428,0.0,-0.027808724
12.0,0.7142857142857142,0.0,-0.026147885
12.0,0.7857142857142857,0.0,-0.021671535
12.0,0.8571428571428571,0.0,-0.021594757
12.0,0.9285714285714285,0.0,-0.029575603
12.0,1.0,0.0,-0.04600741
12.0,0.0,0.07142857142857142,-0.015709775
12.0,0.07142857142857142,0.07142857142857142,0.011718281
12.0,0.14285714285714285,0.07142857142857142,0.034647368
12.0,0.21428571428571427,0.07142857142857142,0.053525127
12.0,0.2857142857142857,0.07142857142857142,0.07097591
12.0,0.3571428571428571,0.07142857142857142,0.09187934
12.0,0.42857142857142855,0.07142857142857142,0.114714555
12.0,0.5,0.07142857142857142,0.12322434
12.0,0.5714285714285714,0.07142857142857142,0.10894298
12.0,0.6428571428571428,0.07142857142857142,0.08706386
12.0,0.7142857142857142,0.07142857142857142,0.069927916
12.0,0.7857142857142857,0.07142857142857142,0.053952307
12.0,0.8571428571428571,0.07142857142857142,0.032753
12.0,0.9285714285714285,0.07142857142857142,0.00443626
12.0,1.0,0.07142857142857142,-0.030488597
12.0,0.0,0.14285714285714285,-0.014886772
12.0,0.07142857142857142,0.14285714285714285,0.03309308
12.0,0.14285714285714285,0.14285714285714285,0.07833065
12.0,0.21428571428571427,0.14285714285714285,0.120353214
12.0,0.2857142857142857,0.14285714285714285,0.16062061
12.0,0.3571428571428571,0.14285714285714285,0.20358334
12.0,0.42857142857142855,0.14285714285714285,0.24653575
12.0,0.5,0.14285714285714285,0.26434082
12.0,0.5714285714285714,0.14285714285714285,0.2413879
12.0,0.6428571428571428,0.14285714285714285,0.20063618
12.0,0.7142857142857142,0.14285714285714285,0.1618387
12.0,0.7857142857142857,0.14285714285714285,0.1227796
12.0,0.8571428571428571,0.14285714285714285,0.07882724
12.0,0.9285714285714285,0.14285714285714285,0.029700948
12.0,1.0,0.14285714285714285,-0.023980157
12.0,0.0,0.21428571428571427,-0.019101176
12.0,0.07142857142857142,0.21428571428571427,0.05081922
12.0,0.14285714285714285,0.21428571428571427,0.11921083
12.0,0.21428571428571427,0.21428571428571427,0.18427758
12.0,0.2857142857142857,0.21428571428571427,0.24613133
12.0,0.3571428571428571,0.21428571428571427,0.3091736
12.0,0.42857142857142855,0.21428571428571427,0.37113523
12.0,0.5,0.21428571428571427,0.39873657
12.0,0.5714285714285714,0.21428571428571427,0.36733833
12.0,0.6428571428571428,0.21428571428571427,0.30754212
12.0,0.7142857142857142,0.21428571428571427,0.24682984
12.0,0.7857142857142857,0.21428571428571427,0.18486786
12.0,0.8571428571428571,0.21428571428571427,0.118953265
12.0,0.9285714285714285,0.21428571428571427,0.04951591
12.0,1.0,0.21428571428571427,-0.023063006
12.0,0.0,0.2857142857142857,-0.024717176
12.0,0.07142857142857142,0.2857142857142857,0.06837837
12.0,0.14285714285714285,0.2857142857142857,0.1602098
12.0,0.21428571428571427,0.2857142857142857,0.24709332
12.0,0.2857142857142857,0.2857142857142857,0.32793835
12.0,0.3571428571428571,0.2857142857142857,0.40800473
12.0,0.42857142857142855,0.2857142857142857,0.48710427
12.0,0.5,0.2857142857142857,0.52502525
12.0,0.5714285714285714,0.2857142857142857,0.48621556
12.0,0.6428571428571428,0.2857142857142857,0.4082715
12.0,0.7142857142857142,0.2857142857142857,0.32707843
12.0,0.7857142857142857,0.2857142857142857,0.24434617
12.0,0.8571428571428571,0.2857142857142857,0.15816092
12.0,0.9285714285714285,0.2857142857142857,0.06872611
12.0,1.0,0.2857142857142857,-0.023076037
12.0,0.0,0.3571428571428571,-0.027813444
12.0,0.07142857142857142,0.3571428571428571,0.08881267
12.0,0.14285714285714285,0.3571428571428571,0.20396654
12.0,0.21428571428571427,0.3571428571428571,0.31154802
12.0,0.2857142857142857,0.3571428571428571,0.4096861
12.0,0.3571428571428571,0.3571428571428571,0.50547475
12.0,0.42857142857142855,0.3571428571428571,0.6014427
12.0,0.5,0.3571428571428571,0.65074176
12.0,0.5714285714285714,0.3571428571428571,0.6048594
12.0,0.6428571428571428,0.3571428571428571,0.5086887
12.0,0.7142857142857142,0.3571428571428571,0.40823868
12.0,0.7857142857142857,0.3571428571428571,0.3066379
12.0,0.8571428571428571,0.3571428571428571,0.20100017
12.0,0.9285714285714285,0.3571428571428571,0.09125816
12.0,1.0,0.3571428571428571,-0.019783186
12.0,0.0,0.42857142857142855,-0.027358742
12.0,0.07142857142857142,0.42857142857142855,0.109154455
12.0,0.14285714285714285,0.42857142857142855,0.24511212
12.0,0.21428571428571427,0.42857142857142855,0.3721904
12.0,0.2857142857142857,0.42857142857142855,0.48798743
12.0,0.3571428571428571,0.42857142857142855,0.601103
12.0,0.42857142857142855,0.42857142857142855,0.7153148
12.0,0.5,0.42857142857142855,0.77642906
12.0,0.5714285714285714,0.42857142857142855,0.7222726
12.0,0.6428571428571428,0.42857142857142855,0.6065674
12.0,0.7142857142857142,0.42857142857142855,0.48713684
12.0,0.7857142857142857,0.42857142857142855,0.36775365
12.0,0.8571428571428571,0.42857142857142855,0.24358544
12.0,0.9285714285714285,0.42857142857142855,0.11483862
12.0,1.0,0.42857142857142855,-0.01299377
12.0,0.0,0.5,-0.026027376
12.0,0.07142857142857142,0.5,0.117672496
12.0,0.14285714285714285,0.5,0.2622509
12.0,0.21428571428571427,0.5,0.39901477
12.0,0.2857142857142857,0.5,0.52543706
12.0,0.3571428571428571,0.5,0.64982414
12.0,0.42857142857142855,0.5,0.77473426
12.0,0.5,0.5,0.8414316
12.0,0.5714285714285714,0.5,0.7806396
12.0,0.6428571428571428,0.5,0.65340877
12.0,0.7142857142857142,0.5,0.5249033
12.0,0.7857142857142857,0.5,0.39762387
12.0,0.8571428571428571,0.5,0.26448014
12.0,0.9285714285714285,0.5,0.12622058
12.0,1.0,0.5,-0.009345414
12.0,0.0,0.5714285714285714,-0.02550027
12.0,0.07142857142857142,0.5714285714285714,0.108577035
12.0,0.14285714285714285,0.5714285714285714,0.24233297
12.0,0.21428571428571427,0.5714285714285714,0.3689306
12.0,0.2857142857142857,0.5714285714285714,0.48712483
12.0,0.3571428571428571,0.5714285714285714,0.6039497
12.0,0.42857142857142855,0.5714285714285714,0.7188543
12.0,0.5,0.5714285714285714,0.77706623
12.0,0.5714285714285714,0.5714285714285714,0.71820533
12.0,0.6428571428571428,0.5714285714285714,0.6012502
12.0,0.7142857142857142,0.5714285714285714,0.48525798
12.0,0.7857142857142857,0.5714285714285714,0.3694746
12.0,0.8571428571428571,0.5714285714285714,0.24556091
12.0,0.9285714285714285,0.5714285714285714,0.11479736
12.0,1.0,0.5714285714285714,-0.01409846
12.0,0.0,0.6428571428571428,-0.02491046
12.0,0.07142857142857142,0.6428571428571428,0.090125
12.0,0.14285714285714285,0.6428571428571428,0.2027002
12.0,0.21428571428571427,0.6428571428571428,0.3091811
12.0,0.2857142857142857,0.6428571428571428,0.41056398
12.0,0.3571428571428571,0.6428571428571428,0.5120752
12.0,0.42857142857142855,0.6428571428571428,0.6085274
12.0,0.5,0.6428571428571428,0.65343183
12.0,0.5714285714285714,0.6428571428571428,0.6032759
12.0,0.6428571428571428,0.6428571428571428,0.50607157
12.0,0.7142857142857142,0.6428571428571428,0.40878108
12.0,0.7857142857142857,0.6428571428571428,0.31091538
12.0,0.8571428571428571,0.6428571428571428,0.20531438
12.0,0.9285714285714285,0.6428571428571428,0.09282155
12.0,1.0,0.6428571428571428,-0.019575438
12.0,0.0,0.7142857142857142,-0.023386816
12.0,0.07142857142857142,0.7142857142857142,0.07019205
12.0,0.14285714285714285,0.7142857142857142,0.15979561
12.0,0.21428571428571427,0.7142857142857142,0.24470422
12.0,0.2857142857142857,0.7142857142857142,0.32755938
12.0,0.3571428571428571,0.7142857142857142,0.411912
12.0,0.42857142857142855,0.7142857142857142,0.48988125
12.0,0.5,0.7142857142857142,0.5246634
12.0,0.5714285714285714,0.7142857142857142,0.48641884
12.0,0.6428571428571428,0.7142857142857142,0.40901244
12.0,0.7142857142857142,0.7142857142857142,0.3288642
12.0,0.7857142857142857,0.7142857142857142,0.2487342
12.0,0.8571428571428571,0.7142857142857142,0.16352695
12.0,0.9285714285714285,0.7142857142857142,0.07276407
12.0,1.0,0.7142857142857142,-0.019617079
12.0,0.0,0.7857142857142857,-0.020823384
12.0,0.07142857142857142,0.7857142857142857,0.05164008
12.0,0.14285714285714285,0.7857142857142857,0.11892525
12.0,0.21428571428571427,0.7857142857142857,0.18221176
12.0,0.2857142857142857,0.7857142857142857,0.24498674
12.0,0.3571428571428571,0.7857142857142857,0.30981332
12.0,0.42857142857142855,0.7857142857142857,0.3688316
12.0,0.5,0.7857142857142857,0.395097
12.0,0.5714285714285714,0.7857142857142857,0.36826286
12.0,0.6428571428571428,0.7857142857142857,0.30973995
12.0,0.7142857142857142,0.7857142857142857,0.24712029
12.0,0.7857142857142857,0.7857142857142857,0.18567075
12.0,0.8571428571428571,0.7857142857142857,0.121647455
12.0,0.9285714285714285,0.7857142857142857,0.052991264
12.0,1.0,0.7857142857142857,-0.019046893
12.0,0.0,0.8571428571428571,-0.018153528
12.0,0.07142857142857142,0.8571428571428571,0.033963837
12.0,0.14285714285714285,0.8571428571428571,0.07943847
12.0,0.21428571428571427,0.8571428571428571,0.12047196
12.0,0.2857142857142857,0.8571428571428571,0.1609885
12.0,0.3571428571428571,0.8571428571428571,0.20344472
12.0,0.42857142857142855,0.8571428571428571,0.2422424
12.0,0.5,0.8571428571428571,0.26000857
12.0,0.5714285714285714,0.8571428571428571,0.24350038
12.0,0.6428571428571428,0.8571428571428571,0.20443854
12.0,0.7142857142857142,0.8571428571428571,0.1617122
12.0,0.7857142857142857,0.8571428571428571,0.12064455
12.0,0.8571428571428571,0.8571428571428571,0.07801696
12.0,0.9285714285714285,0.8571428571428571,0.030543836
12.0,1.0,0.8571428571428571,-0.022325447
12.0,0.0,0.9285714285714285,-0.01829617
12.0,0.07142857142857142,0.9285714285714285,0.013534151
12.0,0.14285714285714285,0.9285714285714285,0.036928624
12.0,0.21428571428571427,0.9285714285714285,0.05477468
12.0,0.2857142857142857,0.9285714285714285,0.07148783
12.0,0.3571428571428571,0.9285714285714285,0.09033273
12.0,0.42857142857142855,0.9285714285714285,0.109277345
12.0,0.5,0.9285714285714285,0.11933968
12.0,0.5714285714285714,0.9285714285714285,0.11261122
12.0,0.6428571428571428,0.9285714285714285,0.09361889
12.0,0.7142857142857142,0.9285714285714285,0.072646804
12.0,0.7857142857142857,0.9285714285714285,0.052987427
12.0,0.8571428571428571,0.9285714285714285,0.031432547
12.0,0.9285714285714285,0.9285714285714285,0.0040103532
12.0,1.0,0.9285714285714285,-0.030930465
12.0,0.0,1.0,-0.026308443
12.0,0.07142857142857142,1.0,-0.015416413
12.0,0.14285714285714285,1.0,-0.014380049
12.0,0.21428571428571427,1.0,-0.019432368
12.0,0.2857142857142857,1.0,-0.025344534
12.0,0.3571428571428571,1.0,-0.027545562
12.0,0.42857142857142855,1.0,-0.024724917
12.0,0.5,1.0,-0.019963944
12.0,0.5714285714285714,1.0,-0.017675528
12.0,0.6428571428571428,1.0,-0.01804703
12.0,0.7142857142857142,1.0,-0.017954392
12.0,0.7857142857142857,1.0,-0.01702583
12.0,0.8571428571428571,1.0,-0.018796278
12.0,0.9285714285714285,1.0,-0.027536714
12.0,1.0,1.0,-0.04559666
13.0,0.0,0.0,-0.024470164
13.0,0.07142857142857142,0.0,-0.015882675
13.0,0.14285714285714285,0.0,-0.013477085
13.0,0.21428571428571427,0.0,-0.016120208
13.0,0.2857142857142857,0.0,-0.020294972
13.0,0.3571428571428571,0.0,-0.020585867
13.0,0.42857142857142855,0.0,-0.016383016
13.0,0.5,0.0,-0.015865358
13.0,0.5714285714285714,0.0,-0.022564484
13.0,0.6428571428571428,0.0,-0.028091425
13.0,0.7142857142857142,0.0,-0.026440414
13.0,0.7857142857142857,0.0,-0.021928543
13.0,0.8571428571428571,0.0,-0.021793583
13.0,0.9285714285714285,0.0,-0.029774884
13.0,1.0,0.0,-0.046288162
13.0,0.0,0.07142857142857142,-0.016409393
13.0,0.07142857142857142,0.07142857142857142,0.011213932
13.0,0.14285714285714285,0.07142857142857142,0.034323066
13.0,0.21428571428571427,0.07142857142857142,0.053329222
13.0,0.2857142857142857,0.07142857142857142,0.070828736
13.0,0.3571428571428571,0.07142857142857142,0.09166929
13.0,0.42857142857142855,0.07142857142857142,0.11429075
13.0,0.5,0.07142857142857142,0.122698285
13.0,0.5714285714285714,0.07142857142857142,0.108620174
13.0,0.6428571428571428,0.07142857142857142,0.08685464
13.0,0.7142857142857142,0.07142857142857142,0.06966711
13.0,0.7857142857142857,0.07142857142857142,0.05367466
13.0,0.8571428571428571,0.07142857142857142,0.032463238
13.0,0.9285714285714285,0.07142857142857142,0.004061071
13.0,1.0,0.07142857142857142,-0.031020487
13.0,0.0,0.14285714285714285,-0.015599279
13.0,0.07142857142857142,0.14285714285714285,0.032603927
13.0,0.14285714285714285,0.14285714285714285,0.07807227
13.0,0.21428571428571427,0.14285714285714285,0.12029826
13.0,0.2857142857142857,0.14285714285714285,0.16068824
13.0,0.3571428571428571,0.14285714285714285,0.20356147
13.0,0.42857142857142855,0.14285714285714285,0.2460202
13.0,0.5,0.14285714285714285,0.26344445
13.0,0.5714285714285714,0.14285714285714285,0.24082693
13.0,0.6428571428571428,0.14285714285714285,0.20037895
13.0,0.7142857142857142,0.14285714285714285,0.16159055
13.0,0.7857142857142857,0.14285714285714285,0.12251451
13.0,0.8571428571428571,0.14285714285714285,0.078494266
13.0,0.9285714285714285,0.14285714285714285,0.02920798
13.0,1.0,0.14285714285714285,-0.024692321
13.0,0.0,0.21428571428571427,-0.019683506
13.0,0.07142857142857142,0.21428571428571427,0.05045317
13.0,0.14285714285714285,0.21428571428571427,0.11906228
13.0,0.21428571428571427,0.21428571428571427,0.18433015
13.0,0.2857142857142857,0.21428571428571427,0.24632728
13.0,0.3571428571428571,0.21428571428571427,0.3092592
13.0,0.42857142857142855,0.21428571428571427,0.37044105
13.0,0.5,0.21428571428571427,0.39736104
13.0,0.5714285714285714,0.21428571428571427,0.36654517
13.0,0.6428571428571428,0.21428571428571427,0.30733964
13.0,0.7142857142857142,0.21428571428571427,0.24672249
13.0,0.7857142857142857,0.21428571428571427,0.18472481
13.0,0.8571428571428571,0.21428571428571427,0.1186722
13.0,0.9285714285714285,0.21428571428571427,0.049013026
13.0,1.0,0.21428571428571427,-0.023823457
13.0,0.0,0.2857142857142857,-0.025091125
13.0,0.07142857142857142,0.2857142857142857,0.06819218
13.0,0.14285714285714285,0.2857142857142857,0.16016401
13.0,0.21428571428571427,0.2857142857142857,0.24716714
13.0,0.2857142857142857,0.2857142857142857,0.3281434
13.0,0.3571428571428571,0.2857142857142857,0.408144
13.0,0.42857142857142855,0.2857142857142857,0.48627445
13.0,0.5,0.2857142857142857,0.5232583
13.0,0.5714285714285714,0.2857142857142857,0.48535073
13.0,0.6428571428571428,0.2857142857142857,0.4082871
13.0,0.7142857142857142,0.2857142857142857,0.32719862
13.0,0.7857142857142857,0.2857142857142857,0.24434462
13.0,0.8571428571428571,0.2857142857142857,0.15796283
13.0,0.9285714285714285,0.2857142857142857,0.068304256
13.0,1.0,0.2857142857142857,-0.023742849
13.0,0.0,0.3571428571428571,-0.028134242
13.0,0.07142857142857142,0.3571428571428571,0.0886444
13.0,0.14285714285714285,0.3571428571428571,0.20381075
13.0,0.21428571428571427,0.3571428571428571,0.3113535
13.0,0.2857142857142857,0.3571428571428571,0.40956
13.0,0.3571428571428571,0.3571428571428571,0.505336
13.0,0.42857142857142855,0.3571428571428571,0.600184
13.0,0.5,0.3571428571428571,0.648288
13.0,0.5714285714285714,0.3571428571428571,0.60364944
13.0,0.6428571428571428,0.3571428571428571,0.5086309
13.0,0.7142857142857142,0.3571428571428571,0.4082277
13.0,0.7857142857142857,0.3571428571428571,0.30645123
13.0,0.8571428571428571,0.3571428571428571,0.20070648
13.0,0.9285714285714285,0.3571428571428571,0.09089183
13.0,1.0,0.3571428571428571,-0.020291777
13.0,0.0,0.42857142857142855,-0.027987493
13.0,0.07142857142857142,0.42857142857142855,0.10862879
13.0,0.14285714285714285,0.42857142857142855,0.24443856
13.0,0.21428571428571427,0.42857142857142855,0.3712322
13.0,0.2857142857142857,0.42857142857142855,0.4868614
13.0,0.3571428571428571,0.42857142857142855,0.59974736
13.0,0.42857142857142855,0.42857142857142855,0.71244663
13.0,0.5,0.42857142857142855,0.7719645
13.0,0.5714285714285714,0.42857142857142855,0.7193938
13.0,0.6428571428571428,0.42857142857142855,0.6052499
13.0,0.7142857142857142,0.42857142857142855,0.48603395
13.0,0.7857142857142857,0.42857142857142855,0.36674228
13.0,0.8571428571428571,0.42857142857142855,0.24286509
13.0,0.9285714285714285,0.42857142857142855,0.11439236
13.0,1.0,0.42857142857142855,-0.013388822
13.0,0.0,0.5,-0.026939722
13.0,0.07142857142857142,0.5,0.11685415
13.0,0.14285714285714285,0.5,0.26123133
13.0,0.21428571428571427,0.5,0.39757416
13.0,0.2857142857142857,0.5,0.5235889
13.0,0.3571428571428571,0.5,0.6473943
13.0,0.42857142857142855,0.5,0.7703782
13.0,0.5,0.5,0.8351524
13.0,0.5714285714285714,0.5,0.77613354
13.0,0.6428571428571428,0.5,0.6508412
13.0,0.7142857142857142,0.5,0.5228513
13.0,0.7857142857142857,0.5,0.39601633
13.0,0.8571428571428571,0.5,0.26352525
13.0,0.9285714285714285,0.5,0.12578546
13.0,1.0,0.5,-0.009626413
13.0,0.0,0.5714285714285714,-0.026236
13.0,0.07142857142857142,0.5714285714285714,0.1080246
13.0,0.14285714285714285,0.5714285714285714,0.24177292
13.0,0.21428571428571427,0.5714285714285714,0.36824188
13.0,0.2857142857142857,0.5714285714285714,0.4863427
13.0,0.3571428571428571,0.5714285714285714,0.6028624
13.0,0.42857142857142855,0.5714285714285714,0.71623206
13.0,0.5,0.5714285714285714,0.7728179
13.0,0.5714285714285714,0.5714285714285714,0.71543914
13.0,0.6428571428571428,0.5714285714285714,0.6000356
13.0,0.7142857142857142,0.5714285714285714,0.48424873
13.0,0.7857142857142857,0.5714285714285714,0.36862907
13.0,0.8571428571428571,0.5714285714285714,0.24511984
13.0,0.9285714285714285,0.5714285714285714,0.1146655
13.0,1.0,0.5714285714285714,-0.014228502
13.0,0.0,0.6428571428571428,-0.02535914
13.0,0.07142857142857142,0.6428571428571428,0.08986772
13.0,0.14285714285714285,0.6428571428571428,0.20256673
13.0,0.21428571428571427,0.6428571428571428,0.30918106
13.0,0.2857142857142857,0.6428571428571428,0.41075754
13.0,0.3571428571428571,0.6428571428571428,0.5122002
13.0,0.42857142857142855,0.6428571428571428,0.60754234
13.0,0.5,0.6428571428571428,0.65122277
13.0,0.5714285714285714,0.6428571428571428,0.60210294
13.0,0.6428571428571428,0.6428571428571428,0.5060631
13.0,0.7142857142857142,0.6428571428571428,0.4088411
13.0,0.7857142857142857,0.6428571428571428,0.31087428
13.0,0.8571428571428571,0.6428571428571428,0.20530528
13.0,0.9285714285714285,0.6428571428571428,0.09280338
13.0,1.0,0.6428571428571428,-0.019771716
13.0,0.0,0.7142857142857142,-0.02369407
13.0,0.07142857142857142,0.7142857142857142,0.06997003
13.0,0.14285714285714285,0.7142857142857142,0.15966165
13.0,0.21428571428571427,0.7142857142857142,0.24473184
13.0,0.2857142857142857,0.7142857142857142,0.32781073
13.0,0.3571428571428571,0.7142857142857142,0.4121195
13.0,0.42857142857142855,0.7142857142857142,0.48921248
13.0,0.5,0.7142857142857142,0.52303535
13.0,0.5714285714285714,0.7142857142857142,0.48545673
13.0,0.6428571428571428,0.7142857142857142,0.40901986
13.0,0.7142857142857142,0.7142857142857142,0.32904375
13.0,0.7857142857142857,0.7142857142857142,0.24879587
13.0,0.8571428571428571,0.7142857142857142,0.16347411
13.0,0.9285714285714285,0.7142857142857142,0.07256787
13.0,1.0,0.7142857142857142,-0.020037828
13.0,0.0,0.7857142857142857,-0.021072539
13.0,0.07142857142857142,0.7857142857142857,0.051336117
13.0,0.14285714285714285,0.7857142857142857,0.11860313
13.0,0.21428571428571427,0.7857142857142857,0.18198127
13.0,0.2857142857142857,0.7857142857142857,0.24494448
13.0,0.3571428571428571,0.7857142857142857,0.30977163
13.0,0.42857142857142855,0.7857142857142857,0.36818424
13.0,0.5,0.7857142857142857,0.3937616
13.0,0.5714285714285714,0.7857142857142857,0.36731917
13.0,0.6428571428571428,0.7857142857142857,0.30952
13.0,0.7142857142857142,0.7857142857142857,0.24707332
13.0,0.7857142857142857,0.7857142857142857,0.18550496
13.0,0.8571428571428571,0.7857142857142857,0.12134846
13.0,0.9285714285714285,0.7857142857142857,0.05256193
13.0,1.0,0.7857142857142857,-0.019645898
13.0,0.0,0.8571428571428571,-0.01833816
13.0,0.07142857142857142,0.8571428571428571,0.033593483
13.0,0.14285714285714285,0.8571428571428571,0.07893932
13.0,0.21428571428571427,0.8571428571428571,0.11999329
13.0,0.2857142857142857,0.8571428571428571,0.16068728
13.0,0.3571428571428571,0.8571428571428571,0.20324542
13.0,0.42857142857142855,0.8571428571428571,0.2417363
13.0,0.5,0.8571428571428571,0.25907546
13.0,0.5714285714285714,0.8571428571428571,0.24274606
13.0,0.6428571428571428,0.8571428571428571,0.20411482
13.0,0.7142857142857142,0.8571428571428571,0.1614619
13.0,0.7857142857142857,0.8571428571428571,0.12024399
13.0,0.8571428571428571,0.8571428571428571,0.077484615
13.0,0.9285714285714285,0.8571428571428571,0.029929148
13.0,1.0,0.8571428571428571,-0.023029493
13.0,0.0,0.9285714285714285,-0.018401416
13.0,0.07142857142857142,0.9285714285714285,0.013134809
13.0,0.14285714285714285,0.9285714285714285,0.03632041
13.0,0.21428571428571427,0.9285714285714285,0.054150373
13.0,0.2857142857142857,0.9285714285714285,0.07105041
13.0,0.3571428571428571,0.9285714285714285,0.090085976
13.0,0.42857142857142855,0.9285714285714285,0.108956836
13.0,0.5,0.9285714285714285,0.11879451
13.0,0.5714285714285714,0.9285714285714285,0.11210779
13.0,0.6428571428571428,0.9285714285714285,0.09330388
13.0,0.7142857142857142,0.9285714285714285,0.0723039
13.0,0.7857142857142857,0.9285714285714285,0.052460402
13.0,0.8571428571428571,0.9285714285714285,0.030761914
13.0,0.9285714285714285,0.9285714285714285,0.0032821558
13.0,1.0,0.9285714285714285,-0.03169068
13.0,0.0,1.0,-0.02636979
13.0,0.07142857142857142,1.0,-0.015841298
13.0,0.14285714285714285,1.0,-0.015042225
13.0,0.21428571428571427,1.0,-0.020110102
13.0,0.2857142857142857,1.0,-0.025834745
13.0,0.3571428571428571,1.0,-0.02781711
13.0,0.42857142857142855,1.0,-0.024947206
13.0,0.5,1.0,-0.020279126
13.0,0.5714285714285714,1.0,-0.018004077
13.0,0.6428571428571428,1.0,-0.01832355
13.0,0.7142857142857142,1.0,-0.018311916
13.0,0.7857142857142857,1.0,-0.017579911
13.0,0.8571428571428571,1.0,-0.019510077
13.0,0.9285714285714285,1.0,-0.028313009
13.0,1.0,1.0,-0.046381272
14.0,0.0,0.0,-0.024960117
14.0,0.07142857142857142,0.0,-0.01625867
14.0,0.14285714285714285,0.0,-0.013791051
14.0,0.21428571428571427,0.0,-0.016444325
14.0,0.2857142857142857,0.0,-0.02067833
14.0,0.3571428571428571,0.0,-0.021026716
14.0,0.42857142857142855,0.0,-0.01685304
14.0,0.5,0.0,-0.016253883
14.0,0.5714285714285714,0.0,-0.022778949
14.0,0.6428571428571428,0.0,-0.028243197
14.0,0.7142857142857142,0.0,-0.026624134
14.0,0.7857142857142857,0.0,-0.022085646
14.0,0.8571428571428571,0.0,-0.021881664
14.0,0.9285714285714285,0.0,-0.02984281
14.0,1.0,0.0,-0.046416894
14.0,0.0,0.07142857142857142,-0.017013296
14.0,0.07142857142857142,0.07142857142857142,0.01078283
14.0,0.14285714285714285,0.07142857142857142,0.034049243
14.0,0.21428571428571427,0.07142857142857142,0.053168066
14.0,0.2857142857142857,0.07142857142857142,0.07071783
14.0,0.3571428571428571,0.07142857142857142,0.09150811
14.0,0.42857142857142855,0.07142857142857142,0.11392199
14.0,0.5,0.07142857142857142,0.1222269
14.0,0.5714285714285714,0.07142857142857142,0.10835523
14.0,0.6428571428571428,0.07142857142857142,0.08670055
14.0,0.7142857142857142,0.07142857142857142,0.069453195
14.0,0.7857142857142857,0.07142857142857142,0.053450607
14.0,0.8571428571428571,0.07142857142857142,0.032253392
14.0,0.9285714285714285,0.07142857142857142,0.0037989523
14.0,1.0,0.07142857142857142,-0.03141085
14.0,0.0,0.14285714285714285,-0.016214216
14.0,0.07142857142857142,0.14285714285714285,0.032181248
14.0,0.14285714285714285,0.14285714285714285,0.077846214
14.0,0.21428571428571427,0.14285714285714285,0.12024715
14.0,0.2857142857142857,0.14285714285714285,0.16074799
14.0,0.3571428571428571,0.14285714285714285,0.20353523
14.0,0.42857142857142855,0.14285714285714285,0.24550071
14.0,0.5,0.14285714285714285,0.2625434
14.0,0.5714285714285714,0.14285714285714285,0.24026662
14.0,0.6428571428571428,0.14285714285714285,0.20012462
14.0,0.7142857142857142,0.14285714285714285,0.16134568
14.0,0.7857142857142857,0.14285714285714285,0.12226983
14.0,0.8571428571428571,0.14285714285714285,0.078217775
14.0,0.9285714285714285,0.14285714285714285,0.028812407
14.0,1.0,0.14285714285714285,-0.025269823
14.0,0.0,0.21428571428571427,-0.020165324
14.0,0.07142857142857142,0.21428571428571427,0.050145864
14.0,0.14285714285714285,0.21428571428571427,0.118926235
14.0,0.21428571428571427,0.21428571428571427,0.18435653
14.0,0.2857142857142857,0.21428571428571427,0.2464822
14.0,0.3571428571428571,0.21428571428571427,0.30931166
14.0,0.42857142857142855,0.21428571428571427,0.36972508
14.0,0.5,0.21428571428571427,0.3959756
14.0,0.5714285714285714,0.21428571428571427,0.36573696
14.0,0.6428571428571428,0.21428571428571427,0.30711776
14.0,0.7142857142857142,0.21428571428571427,0.24659288
14.0,0.7857142857142857,0.21428571428571427,0.18457748
14.0,0.8571428571428571,0.21428571428571427,0.11842675
14.0,0.9285714285714285,0.21428571428571427,0.04859276
14.0,1.0,0.21428571428571427,-0.024454707
14.0,0.0,0.2857142857142857,-0.02535627
14.0,0.07142857142857142,0.2857142857142857,0.068057485
14.0,0.14285714285714285,0.2857142857142857,0.16011043
14.0,0.21428571428571427,0.2857142857142857,0.24718994
14.0,0.2857142857142857,0.2857142857142857,0.3282909
14.0,0.3571428571428571,0.2857142857142857,0.4082487
14.0,0.42857142857142855,0.2857142857142857,0.48543814
14.0,0.5,0.2857142857142857,0.52150977
14.0,0.5714285714285714,0.2857142857142857,0.48447698
14.0,0.6428571428571428,0.2857142857142857,0.40827495
14.0,0.7142857142857142,0.2857142857142857,0.3272779
14.0,0.7857142857142857,0.2857142857142857,0.24431458
14.0,0.8571428571428571,0.2857142857142857,0.15777689
14.0,0.9285714285714285,0.2857142857142857,0.06795056
14.0,1.0,0.2857142857142857,-0.024283426
14.0,0.0,0.3571428571428571,-0.028327677
14.0,0.07142857142857142,0.3571428571428571,0.08852772
14.0,0.14285714285714285,0.3571428571428571,0.2036332
14.0,0.21428571428571427,0.3571428571428571,0.31109428
14.0,0.2857142857142857,0.3571428571428571,0.4093785
14.0,0.3571428571428571,0.3571428571428571,0.5051765
14.0,0.42857142857142855,0.3571428571428571,0.59894043
14.0,0.5,0.3571428571428571,0.6458795
14.0,0.5714285714285714,0.3571428571428571,0.6024314
14.0,0.6428571428571428,0.3571428571428571,0.508535
14.0,0.7142857142857142,0.3571428571428571,0.40816328
14.0,0.7857142857142857,0.3571428571428571,0.30621716
14.0,0.8571428571428571,0.3571428571428571,0.2004065
14.0,0.9285714285714285,0.3571428571428571,0.090584144
14.0,1.0,0.3571428571428571,-0.020670483
14.0,0.0,0.42857142857142855,-0.028455218
14.0,0.07142857142857142,0.42857142857142855,0.108175196
14.0,0.14285714285714285,0.42857142857142855,0.24375352
14.0,0.21428571428571427,0.42857142857142855,0.3702226
14.0,0.2857142857142857,0.42857142857142855,0.48570594
14.0,0.3571428571428571,0.42857142857142855,0.5984038
14.0,0.42857142857142855,0.42857142857142855,0.70963
14.0,0.5,0.42857142857142855,0.7675869
14.0,0.5714285714285714,0.42857142857142855,0.71652555
14.0,0.6428571428571428,0.42857142857142855,0.60391235
14.0,0.7142857142857142,0.42857142857142855,0.4848962
14.0,0.7857142857142857,0.42857142857142855,0.36568883
14.0,0.8571428571428571,0.42857142857142855,0.24213606
14.0,0.9285714285714285,0.42857142857142855,0.114006974
14.0,1.0,0.42857142857142855,-0.013643632
14.0,0.0,0.5,-0.027666071
14.0,0.07142857142857142,0.5,0.116132356
14.0,0.14285714285714285,0.5,0.26022527
14.0,0.21428571428571427,0.5,0.39610982
14.0,0.2857142857142857,0.5,0.5217416
14.0,0.3571428571428571,0.5,0.64501405
14.0,0.42857142857142855,0.5,0.766127
14.0,0.5,0.5,0.8290289
14.0,0.5714285714285714,0.5,0.77169913
14.0,0.6428571428571428,0.5,0.648309
14.0,0.7142857142857142,0.5,0.5208055
14.0,0.7857142857142857,0.5,0.39438432
14.0,0.8571428571428571,0.5,0.26256463
14.0,0.9285714285714285,0.5,0.12541363
14.0,1.0,0.5,-0.009757491
14.0,0.0,0.5714285714285714,-0.026796484
14.0,0.07142857142857142,0.5714285714285714,0.10756146
14.0,0.14285714285714285,0.5714285714285714,0.24122193
14.0,0.21428571428571427,0.5714285714285714,0.367519
14.0,0.2857142857142857,0.5714285714285714,0.4855316
14.0,0.3571428571428571,0.5714285714285714,0.60177135
14.0,0.42857142857142855,0.5714285714285714,0.7136518
14.0,0.5,0.5714285714285714,0.76866734
14.0,0.5714285714285714,0.5714285714285714,0.71271396
14.0,0.6428571428571428,0.5714285714285714,0.59883726
14.0,0.7142857142857142,0.5714285714285714,0.48323146
14.0,0.7857142857142857,0.5714285714285714,0.36774492
14.0,0.8571428571428571,0.5714285714285714,0.24465969
14.0,0.9285714285714285,0.5714285714285714,0.11458943
14.0,1.0,0.5714285714285714,-0.014210599
14.0,0.0,0.6428571428571428,-0.025657648
14.0,0.07142857142857142,0.6428571428571428,0.08968219
14.0,0.14285714285714285,0.6428571428571428,0.20243436
14.0,0.21428571428571427,0.6428571428571428,0.30913654
14.0,0.2857142857142857,0.6428571428571428,0.41089305
14.0,0.3571428571428571,0.6428571428571428,0.51227134
14.0,0.42857142857142855,0.6428571428571428,0.60653955
14.0,0.5,0.6428571428571428,0.6490536
14.0,0.5714285714285714,0.6428571428571428,0.600937
14.0,0.6428571428571428,0.6428571428571428,0.50603527
14.0,0.7142857142857142,0.6428571428571428,0.4088635
14.0,0.7857142857142857,0.6428571428571428,0.3107822
14.0,0.8571428571428571,0.6428571428571428,0.20527452
14.0,0.9285714285714285,0.6428571428571428,0.092837356
14.0,1.0,0.6428571428571428,-0.019825527
14.0,0.0,0.7142857142857142,-0.023869896
14.0,0.07142857142857142,0.7142857142857142,0.06981359
14.0,0.14285714285714285,0.7142857142857142,0.15953541
14.0,0.21428571428571427,0.7142857142857142,0.24472705
14.0,0.2857142857142857,0.7142857142857142,0.32800838
14.0,0.3571428571428571,0.7142857142857142,0.4122664
14.0,0.42857142857142855,0.7142857142857142,0.48851097
14.0,0.5,0.7142857142857142,0.5214238
14.0,0.5714285714285714,0.7142857142857142,0.48448923
14.0,0.6428571428571428,0.7142857142857142,0.40899125
14.0,0.7142857142857142,0.7142857142857142,0.3291776
14.0,0.7857142857142857,0.7142857142857142,0.24881423
14.0,0.8571428571428571,0.7142857142857142,0.16341329
14.0,0.9285714285714285,0.7142857142857142,0.07243039
14.0,1.0,0.7142857142857142,-0.020321975
14.0,0.0,0.7857142857142857,-0.021198595
14.0,0.07142857142857142,0.7857142857142857,0.05110167
14.0,0.14285714285714285,0.7857142857142857,0.11830398
14.0,0.21428571428571427,0.7857142857142857,0.18174048
14.0,0.2857142857142857,0.7857142857142857,0.24486974
14.0,0.3571428571428571,0.7857142857142857,0.30968663
14.0,0.42857142857142855,0.7857142857142857,0.36751032
14.0,0.5,0.7857142857142857,0.39243153
14.0,0.5714285714285714,0.7857142857142857,0.36636427
14.0,0.6428571428571428,0.7857142857142857,0.309266
14.0,0.7142857142857142,0.7857142857142857,0.24699187
14.0,0.7857142857142857,0.7857142857142857,0.18531924
14.0,0.8571428571428571,0.7857142857142857,0.121063896
14.0,0.9285714285714285,0.7857142857142857,0.05220323
14.0,1.0,0.7857142857142857,-0.02010992
14.0,0.0,0.8571428571428571,-0.018405104
14.0,0.07142857142857142,0.8571428571428571,0.033298247
14.0,0.14285714285714285,0.8571428571428571,0.078480564
14.0,0.21428571428571427,0.8571428571428571,0.119530626
14.0,0.2857142857142857,0.8571428571428571,0.16038777
14.0,0.3571428571428571,0.8571428571428571,0.20304151
14.0,0.42857142857142855,0.8571428571428571,0.24123761
14.0,0.5,0.8571428571428571,0.25816765
14.0,0.5714285714285714,0.8571428571428571,0.24200326
14.0,0.6428571428571428,0.8571428571428571,0.20378369
14.0,0.7142857142857142,0.8571428571428571,0.16120848
14.0,0.7857142857142857,0.8571428571428571,0.119855724
14.0,0.8571428571428571,0.8571428571428571,0.0769917
14.0,0.9285714285714285,0.8571428571428571,0.029396592
14.0,1.0,0.8571428571428571,-0.023600904
14.0,0.0,0.9285714285714285,-0.018396052
14.0,0.07142857142857142,0.9285714285714285,0.0128143765
14.0,0.14285714285714285,0.9285714285714285,0.035769045
14.0,0.21428571428571427,0.9285714285714285,0.053573176
14.0,0.2857142857142857,0.9285714285714285,0.07065988
14.0,0.3571428571428571,0.9285714285714285,0.08989299
14.0,0.42857142857142855,0.9285714285714285,0.10870712
14.0,0.5,0.9285714285714285,0.11833263
14.0,0.5714285714285714,0.9285714285714285,0.11167412
14.0,0.6428571428571428,0.9285714285714285,0.093038
14.0,0.7142857142857142,0.9285714285714285,0.072006606
14.0,0.7857142857142857,0.9285714285714285,0.051986076
14.0,0.8571428571428571,0.9285714285714285,0.030158238
14.0,0.9285714285714285,0.9285714285714285,0.0026467107
14.0,1.0,0.9285714285714285,-0.032322407
14.0,0.0,1.0,-0.02632895
14.0,0.07142857142857142,1.0,-0.0161831
14.0,0.14285714285714285,1.0,-0.015626442
14.0,0.21428571428571427,1.0,-0.020701973
14.0,0.2857142857142857,1.0,-0.02622128
14.0,0.3571428571428571,1.0,-0.027962236
14.0,0.42857142857142855,1.0,-0.025017342
14.0,0.5,1.0,-0.02042825
14.0,0.5714285714285714,1.0,-0.018180111
14.0,0.6428571428571428,1.0,-0.018473933
14.0,0.7142857142857142,1.0,-0.018561112
14.0,0.7857142857142857,1.0,-0.018032787
14.0,0.8571428571428571,1.0,-0.020125585
14.0,0.9285714285714285,1.0,-0.02898323
14.0,1.0,1.0,-0.04703989
15.0,0.0,0.0,-0.02535695
15.0,0.07142857142857142,0.0,-0.01655787
15.0,0.14285714285714285,0.0,-0.014040291
15.0,0.21428571428571427,0.0,-0.01670521
15.0,0.2857142857142857,0.0,-0.020981822
15.0,0.3571428571428571,0.0,-0.021359242
15.0,0.42857142857142855,0.0,-0.017194292
15.0,0.5,0.0,-0.016506242
15.0,0.5714285714285714,0.0,-0.022858849
15.0,0.6428571428571428,0.0,-0.028273212
15.0,0.7142857142857142,0.0,-0.026705822
15.0,0.7857142857142857,0.0,-0.022149367
15.0,0.8571428571428571,0.0,-0.021864953
15.0,0.9285714285714285,0.0,-0.02978302
15.0,1.0,0.0,-0.04639431
15.0,0.0,0.07142857142857142,-0.017522963
15.0,0.07142857142857142,0.07142857142857142,0.010422731
15.0,0.14285714285714285,0.07142857142857142,0.033822328
15.0,0.21428571428571427,0.07142857142857142,0.053037114
15.0,0.2857142857142857,0.07142857142857142,0.0706376
15.0,0.3571428571428571,0.07142857142857142,0.09139039
15.0,0.42857142857142855,0.07142857142857142,0.1136019
15.0,0.5,0.07142857142857142,0.12180323
15.0,0.5714285714285714,0.07142857142857142,0.10814036
15.0,0.6428571428571428,0.07142857142857142,0.0865959
15.0,0.7142857142857142,0.07142857142857142,0.069282
15.0,0.7857142857142857,0.07142857142857142,0.053276047
15.0,0.8571428571428571,0.07142857142857142,0.032120533
15.0,0.9285714285714285,0.07142857142857142,0.0036473703
15.0,1.0,0.07142857142857142,-0.031659216
15.0,0.0,0.14285714285714285,-0.016732937
15.0,0.07142857142857142,0.14285714285714285,0.03182269
15.0,0.14285714285714285,0.14285714285714285,0.07764873
15.0,0.21428571428571427,0.14285714285714285,0.12019486
15.0,0.2857142857142857,0.14285714285714285,0.16079481
15.0,0.3571428571428571,0.14285714285714285,0.20350035
15.0,0.42857142857142855,0.14285714285714285,0.24497384
15.0,0.5,0.14285714285714285,0.26163808
15.0,0.5714285714285714,0.14285714285714285,0.23970443
15.0,0.6428571428571428,0.14285714285714285,0.19987272
15.0,0.7142857142857142,0.14285714285714285,0.16110343
15.0,0.7857142857142857,0.14285714285714285,0.12204369
15.0,0.8571428571428571,0.14285714285714285,0.07799628
15.0,0.9285714285714285,0.14285714285714285,0.028513027
15.0,1.0,0.14285714285714285,-0.025712775
15.0,0.0,0.21428571428571427,-0.020548165
15.0,0.07142857142857142,0.21428571428571427,0.049894422
15.0,0.14285714285714285,0.21428571428571427,0.11879965
15.0,0.21428571428571427,0.21428571428571427,0.18435407
15.0,0.2857142857142857,0.21428571428571427,0.2465944
15.0,0.3571428571428571,0.21428571428571427,0.30933067
15.0,0.42857142857142855,0.21428571428571427,0.368988
15.0,0.5,0.21428571428571427,0.3945841
15.0,0.5714285714285714,0.21428571428571427,0.3649165
15.0,0.6428571428571428,0.21428571428571427,0.30687898
15.0,0.7142857142857142,0.21428571428571427,0.246443
15.0,0.7857142857142857,0.21428571428571427,0.18442605
15.0,0.8571428571428571,0.21428571428571427,0.11821536
15.0,0.9285714285714285,0.21428571428571427,0.0482539
15.0,1.0,0.21428571428571427,-0.024957577
15.0,0.0,0.2857142857142857,-0.025516715
15.0,0.07142857142857142,0.2857142857142857,0.06796908
15.0,0.14285714285714285,0.2857142857142857,0.16004539
15.0,0.21428571428571427,0.2857142857142857,0.24716175
15.0,0.2857142857142857,0.2857142857142857,0.3283834
15.0,0.3571428571428571,0.2857142857142857,0.4083203
15.0,0.42857142857142855,0.2857142857142857,0.48459694
15.0,0.5,0.2857142857142857,0.51978314
15.0,0.5714285714285714,0.2857142857142857,0.4835979
15.0,0.6428571428571428,0.2857142857142857,0.4082365
15.0,0.7142857142857142,0.2857142857142857,0.32732144
15.0,0.7857142857142857,0.2857142857142857,0.2442584
15.0,0.8571428571428571,0.2857142857142857,0.15760258
15.0,0.9285714285714285,0.2857142857142857,0.06766322
15.0,1.0,0.2857142857142857,-0.024698326
15.0,0.0,0.3571428571428571,-0.028399091
15.0,0.07142857142857142,0.3571428571428571,0.08845596
15.0,0.14285714285714285,0.3571428571428571,0.20343064
15.0,0.21428571428571427,0.3571428571428571,0.31077376
15.0,0.2857142857142857,0.3571428571428571,0.40914762
15.0,0.3571428571428571,0.3571428571428571,0.50499904
15.0,0.42857142857142855,0.3571428571428571,0.59771097
15.0,0.5,0.3571428571428571,0.64351887
15.0,0.5714285714285714,0.3571428571428571,0.6012078
15.0,0.6428571428571428,0.3571428571428571,0.508404
15.0,0.7142857142857142,0.3571428571428571,0.40805206
15.0,0.7857142857142857,0.3571428571428571,0.30593893
15.0,0.8571428571428571,0.3571428571428571,0.20009905
15.0,0.9285714285714285,0.3571428571428571,0.09033296
15.0,1.0,0.3571428571428571,-0.020921873
15.0,0.0,0.42857142857142855,-0.02876713
15.0,0.07142857142857142,0.42857142857142855,0.10778789
15.0,0.14285714285714285,0.42857142857142855,0.24305564
15.0,0.21428571428571427,0.42857142857142855,0.3691682
15.0,0.2857142857142857,0.42857142857142855,0.48453084
15.0,0.3571428571428571,0.42857142857142855,0.5970759
15.0,0.42857142857142855,0.42857142857142855,0.70686483
15.0,0.5,0.42857142857142855,0.7632993
15.0,0.5714285714285714,0.42857142857142855,0.7136723
15.0,0.6428571428571428,0.42857142857142855,0.6025598
15.0,0.7142857142857142,0.42857142857142855,0.48373255
15.0,0.7857142857142857,0.42857142857142855,0.3645993
15.0,0.8571428571428571,0.42857142857142855,0.24139819
15.0,0.9285714285714285,0.42857142857142855,0.11367861
15.0,1.0,0.42857142857142855,-0.013762126
15.0,0.0,0.5,-0.028211163
15.0,0.07142857142857142,0.5,0.11550171
15.0,0.14285714285714285,0.5,0.2592307
15.0,0.21428571428571427,0.5,0.39462596
15.0,0.2857142857142857,0.5,0.51990414
15.0,0.3571428571428571,0.5,0.64268565
15.0,0.42857142857142855,0.5,0.7619791
15.0,0.5,0.5,0.82306135
15.0,0.5714285714285714,0.5,0.7673408
15.0,0.6428571428571428,0.5,0.64581615
15.0,0.7142857142857142,0.5,0.51877505
15.0,0.7857142857142857,0.5,0.39273337
15.0,0.8571428571428571,0.5,0.26159754
15.0,0.9285714285714285,0.5,0.1251005
15.0,1.0,0.5,-0.009744497
15.0,0.0,0.5714285714285714,-0.027185882
15.0,0.07142857142857142,0.5714285714285714,0.10718213
15.0,0.14285714285714285,0.5714285714285714,0.24067724
15.0,0.21428571428571427,0.5714285714285714,0.3667636
15.0,0.2857142857142857,0.5714285714285714,0.48469388
15.0,0.3571428571428571,0.5714285714285714,0.6006747
15.0,0.42857142857142855,0.5714285714285714,0.71110725
15.0,0.5,0.5714285714285714,0.76460946
15.0,0.5714285714285714,0.5714285714285714,0.710028
15.0,0.6428571428571428,0.5714285714285714,0.597655
15.0,0.7142857142857142,0.5714285714285714,0.48221284
15.0,0.7857142857142857,0.5714285714285714,0.36682704
15.0,0.8571428571428571,0.5714285714285714,0.24417976
15.0,0.9285714285714285,0.5714285714285714,0.1145635
15.0,1.0,0.5714285714285714,-0.014049562
15.0,0.0,0.6428571428571428,-0.025811212
15.0,0.07142857142857142,0.6428571428571428,0.08956287
15.0,0.14285714285714285,0.6428571428571428,0.20230004
15.0,0.21428571428571427,0.6428571428571428,0.30904868
15.0,0.2857142857142857,0.6428571428571428,0.4109719
15.0,0.3571428571428571,0.6428571428571428,0.51228625
15.0,0.42857142857142855,0.6428571428571428,0.6055138
15.0,0.5,0.6428571428571428,0.6469188
15.0,0.5714285714285714,0.6428571428571428,0.5997768
15.0,0.6428571428571428,0.6428571428571428,0.50598884
15.0,0.7142857142857142,0.6428571428571428,0.4088541
15.0,0.7857142857142857,0.6428571428571428,0.31064206
15.0,0.8571428571428571,0.6428571428571428,0.20522015
15.0,0.9285714285714285,0.6428571428571428,0.092920385
15.0,1.0,0.6428571428571428,-0.019740572
15.0,0.0,0.7142857142857142,-0.023917774
15.0,0.07142857142857142,0.7142857142857142,0.06971942
15.0,0.14285714285714285,0.7142857142857142,0.15941626
15.0,0.21428571428571427,0.7142857142857142,0.24469069
15.0,0.2857142857142857,0.7142857142857142,0.32815292
15.0,0.3571428571428571,0.7142857142857142,0.4123518
15.0,0.42857142857142855,0.7142857142857142,0.48777378
15.0,0.5,0.7142857142857142,0.5198265
15.0,0.5714285714285714,0.7142857142857142,0.4835189
15.0,0.6428571428571428,0.7142857142857142,0.4089317
15.0,0.7142857142857142,0.7142857142857142,0.32927018
15.0,0.7857142857142857,0.7142857142857142,0.2487922
15.0,0.8571428571428571,0.7142857142857142,0.16334382
15.0,0.9285714285714285,0.7142857142857142,0.07234935
15.0,1.0,0.7142857142857142,-0.020470688
15.0,0.0,0.7857142857142857,-0.021204563
15.0,0.07142857142857142,0.7857142857142857,0.05093529
15.0,0.14285714285714285,0.7857142857142857,0.118029304
15.0,0.21428571428571427,0.7857142857142857,0.1814905
15.0,0.2857142857142857,0.7857142857142857,0.24476409
15.0,0.3571428571428571,0.7857142857142857,0.30955797
15.0,0.42857142857142855,0.7857142857142857,0.36680785
15.0,0.5,0.7857142857142857,0.39110598
15.0,0.5714285714285714,0.7857142857142857,0.36540166
15.0,0.6428571428571428,0.7857142857142857,0.30898175
15.0,0.7142857142857142,0.7857142857142857,0.24688122
15.0,0.7857142857142857,0.7857142857142857,0.18511628
15.0,0.8571428571428571,0.7857142857142857,0.12079469
15.0,0.9285714285714285,0.7857142857142857,0.051914208
15.0,1.0,0.7857142857142857,-0.020439288
15.0,0.0,0.8571428571428571,-0.018356116
15.0,0.07142857142857142,0.8571428571428571,0.033078395
15.0,0.14285714285714285,0.8571428571428571,0.07806321
15.0,0.21428571428571427,0.8571428571428571,0.1190869
15.0,0.2857142857142857,0.8571428571428571,0.16009161
15.0,0.3571428571428571,0.8571428571428571,0.20283231
15.0,0.42857142857142855,0.8571428571428571,0.24074328
15.0,0.5,0.8571428571428571,0.25728258
15.0,0.5714285714285714,0.8571428571428571,0.24127248
15.0,0.6428571428571428,0.8571428571428571,0.20344809
15.0,0.7142857142857142,0.8571428571428571,0.16095509
15.0,0.7857142857142857,0.8571428571428571,0.11948288
15.0,0.8571428571428571,0.8571428571428571,0.07654058
15.0,0.9285714285714285,0.8571428571428571,0.028946595
15.0,1.0,0.8571428571428571,-0.024039036
15.0,0.0,0.9285714285714285,-0.018281715
15.0,0.07142857142857142,0.9285714285714285,0.012573058
15.0,0.14285714285714285,0.9285714285714285,0.035276264
15.0,0.21428571428571427,0.9285714285714285,0.05304557
15.0,0.2857142857142857,0.9285714285714285,0.070318215
15.0,0.3571428571428571,0.9285714285714285,0.08975324
15.0,0.42857142857142855,0.9285714285714285,0.10852263
15.0,0.5,0.9285714285714285,0.117949314
15.0,0.5714285714285714,0.9285714285714285,0.11130732
15.0,0.6428571428571428,0.9285714285714285,0.09282099
15.0,0.7142857142857142,0.9285714285714285,0.07175625
15.0,0.7857142857142857,0.9285714285714285,0.05156576
15.0,0.8571428571428571,0.9285714285714285,0.029623779
15.0,0.9285714285714285,0.9285714285714285,0.0021058861
15.0,1.0,0.9285714285714285,-0.03282372
15.0,0.0,1.0,-0.026188148
15.0,0.07142857142857142,1.0,-0.016442105
15.0,0.14285714285714285,1.0,-0.016131282
15.0,0.21428571428571427,1.0,-0.021205591
15.0,0.2857142857142857,1.0,-0.026503103
15.0,0.3571428571428571,1.0,-0.02798318
15.0,0.42857142857142855,1.0,-0.024942061
15.0,0.5,1.0,-0.020418668
15.0,0.5714285714285714,1.0,-0.018208863
15.0,0.6428571428571428,1.0,-0.018501887
15.0,0.7142857142857142,1.0,-0.018703056
15.0,0.7857142857142857,1.0,-0.018385341
15.0,0.8571428571428571,1.0,-0.02064051
15.0,0.9285714285714285,1.0,-0.029544702
15.0,1.0,1.0,-0.047570482
16.0,0.0,0.0,-0.02566322
16.0,0.07142857142857142,0.0,-0.01678247
16.0,0.14285714285714285,0.0,-0.014228946
16.0,0.21428571428571427,0.0,-0.016907435
16.0,0.2857142857142857,0.0,-0.021210043
16.0,0.3571428571428571,0.0,-0.02159001
16.0,0.42857142857142855,0.0,-0.017414903
16.0,0.5,0.0,-0.016632477
16.0,0.5714285714285714,0.0,-0.022814287
16.0,0.6428571428571428,0.0,-0.028190361
16.0,0.7142857142857142,0.0,-0.026693685
16.0,0.7857142857142857,0.0,-0.022126025
16.0,0.8571428571428571,0.0,-0.02174767
16.0,0.9285714285714285,0.0,-0.029598566
16.0,1.0,0.0,-0.04622291
16.0,0.0,0.07142857142857142,-0.017939657
16.0,0.07142857142857142,0.07142857142857142,0.010130601
16.0,0.14285714285714285,0.07142857142857142,0.033638522
16.0,0.21428571428571427,0.07142857142857142,0.052932546
16.0,0.2857142857142857,0.07142857142857142,0.07058344
16.0,0.3571428571428571,0.07142857142857142,0.091310106
16.0,0.42857142857142855,0.07142857142857142,0.11332367
16.0,0.5,0.07142857142857142,0.12142167
16.0,0.5714285714285714,0.07142857142857142,0.1079692
16.0,0.6428571428571428,0.07142857142857142,0.08653455
16.0,0.7142857142857142,0.07142857142857142,0.069149725
16.0,0.7857142857142857,0.07142857142857142,0.053148203
16.0,0.8571428571428571,0.07142857142857142,0.0320602
16.0,0.9285714285714285,0.07142857142857142,0.003603993
16.0,1.0,0.07142857142857142,-0.031767443
16.0,0.0,0.14285714285714285,-0.017157674
16.0,0.07142857142857142,0.14285714285714285,0.031525172
16.0,0.14285714285714285,0.14285714285714285,0.07747644
16.0,0.21428571428571427,0.14285714285714285,0.12013786
16.0,0.2857142857142857,0.14285714285714285,0.16082557
16.0,0.3571428571428571,0.14285714285714285,0.203453
16.0,0.42857142857142855,0.14285714285714285,0.24443835
16.0,0.5,0.14285714285714285,0.2607277
16.0,0.5714285714285714,0.14285714285714285,0.23913985
16.0,0.6428571428571428,0.14285714285714285,0.19962287
16.0,0.7142857142857142,0.14285714285714285,0.16086426
16.0,0.7857142857142857,0.14285714285714285,0.12183576
16.0,0.8571428571428571,0.14285714285714285,0.077827655
16.0,0.9285714285714285,0.14285714285714285,0.028307928
16.0,1.0,0.14285714285714285,-0.026023375
16.0,0.0,0.21428571428571427,-0.020835737
16.0,0.07142857142857142,0.21428571428571427,0.049694233
16.0,0.14285714285714285,0.21428571428571427,0.11867864
16.0,0.21428571428571427,0.21428571428571427,0.18432036
16.0,0.2857142857142857,0.21428571428571427,0.24666345
16.0,0.3571428571428571,0.21428571428571427,0.30931488
16.0,0.42857142857142855,0.21428571428571427,0.36823097
16.0,0.5,0.21428571428571427,0.39319047
16.0,0.5714285714285714,0.21428571428571427,0.36408696
16.0,0.6428571428571428,0.21428571428571427,0.30662555
16.0,0.7142857142857142,0.21428571428571427,0.24627644
16.0,0.7857142857142857,0.21428571428571427,0.1842717
16.0,0.8571428571428571,0.21428571428571427,0.118036665
16.0,0.9285714285714285,0.21428571428571427,0.04799468
16.0,1.0,0.21428571428571427,-0.025333384
16.0,0.0,0.2857142857142857,-0.025577685
16.0,0.07142857142857142,0.2857142857142857,0.06792227
16.0,0.14285714285714285,0.2857142857142857,0.15996668
16.0,0.21428571428571427,0.2857142857142857,0.24708277
16.0,0.2857142857142857,0.2857142857142857,0.32842422
16.0,0.3571428571428571,0.2857142857142857,0.40835944
16.0,0.42857142857142855,0.2857142857142857,0.48375067
16.0,0.5,0.2857142857142857,0.51808256
16.0,0.5714285714285714,0.2857142857142857,0.4827167
16.0,0.6428571428571428,0.2857142857142857,0.40817603
16.0,0.7142857142857142,0.2857142857142857,0.32733274
16.0,0.7857142857142857,0.2857142857142857,0.244178
16.0,0.8571428571428571,0.2857142857142857,0.15743947
16.0,0.9285714285714285,0.2857142857142857,0.0674409
16.0,1.0,0.2857142857142857,-0.02499027
16.0,0.0,0.3571428571428571,-0.02835598
16.0,0.07142857142857142,0.3571428571428571,0.088423274
16.0,0.14285714285714285,0.3571428571428571,0.20320103
16.0,0.21428571428571427,0.3571428571428571,0.31039554
16.0,0.2857142857142857,0.3571428571428571,0.40887514
16.0,0.3571428571428571,0.3571428571428571,0.50480556
16.0,0.42857142857142855,0.3571428571428571,0.5964953
16.0,0.5,0.3571428571428571,0.64120674
16.0,0.5714285714285714,0.3571428571428571,0.599981
16.0,0.6428571428571428,0.3571428571428571,0.50824237
16.0,0.7142857142857142,0.3571428571428571,0.40790007
16.0,0.7857142857142857,0.3571428571428571,0.30562142
16.0,0.8571428571428571,0.3571428571428571,0.19978552
16.0,0.9285714285714285,0.3571428571428571,0.09013567
16.0,1.0,0.3571428571428571,-0.021048533
16.0,0.0,0.42857142857142855,-0.028931348
16.0,0.07142857142857142,0.42857142857142855,0.10746021
16.0,0.14285714285714285,0.42857142857142855,0.24234405
16.0,0.21428571428571427,0.42857142857142855,0.36807507
16.0,0.2857142857142857,0.42857142857142855,0.4833451
16.0,0.3571428571428571,0.42857142857142855,0.5957666
16.0,0.42857142857142855,0.42857142857142855,0.7041497
16.0,0.5,0.42857142857142855,0.75910395
16.0,0.5714285714285714,0.42857142857142855,0.71083874
16.0,0.6428571428571428,0.42857142857142855,0.6011973
16.0,0.7142857142857142,0.42857142857142855,0.48255143
16.0,0.7857142857142857,0.42857142857142855,0.3634793
16.0,0.8571428571428571,0.42857142857142855,0.24065271
16.0,0.9285714285714285,0.42857142857142855,0.113403834
16.0,1.0,0.42857142857142855,-0.013748342
16.0,0.0,0.5,-0.028582001
16.0,0.07142857142857142,0.5,0.114956
16.0,0.14285714285714285,0.5,0.25824705
16.0,0.21428571428571427,0.5,0.39312887
16.0,0.2857142857142857,0.5,0.5180832
16.0,0.3571428571428571,0.5,0.64040977
16.0,0.42857142857142855,0.5,0.7579311
16.0,0.5,0.5,0.81725013
16.0,0.5714285714285714,0.5,0.7630605
16.0,0.6428571428571428,0.5,0.64336646
16.0,0.7142857142857142,0.5,0.5167687
16.0,0.7857142857142857,0.5,0.39107075
16.0,0.8571428571428571,0.5,0.26062435
16.0,0.9285714285714285,0.5,0.12484092
16.0,1.0,0.5,-0.00959249
16.0,0.0,0.5714285714285714,-0.027411783
16.0,0.07142857142857142,0.5714285714285714,0.10688
16.0,0.14285714285714285,0.5714285714285714,0.24013656
16.0,0.21428571428571427,0.5714285714285714,0.36597806
16.0,0.2857142857142857,0.5714285714285714,0.48383263
16.0,0.3571428571428571,0.5714285714285714,0.59956974
16.0,0.42857142857142855,0.5714285714285714,0.70859087
16.0,0.5,0.5714285714285714,0.7606384
16.0,0.5714285714285714,0.5714285714285714,0.7073786
16.0,0.6428571428571428,0.5714285714285714,0.5964883
16.0,0.7142857142857142,0.5714285714285714,0.4811988
16.0,0.7857142857142857,0.5714285714285714,0.3658809
16.0,0.8571428571428571,0.5714285714285714,0.24367929
16.0,0.9285714285714285,0.5714285714285714,0.114582784
16.0,1.0,0.5714285714285714,-0.013751382
16.0,0.0,0.6428571428571428,-0.025825838
16.0,0.07142857142857142,0.6428571428571428,0.08950564
16.0,0.14285714285714285,0.6428571428571428,0.20216182
16.0,0.21428571428571427,0.6428571428571428,0.30891797
16.0,0.2857142857142857,0.6428571428571428,0.41099456
16.0,0.3571428571428571,0.6428571428571428,0.51224333
16.0,0.42857142857142855,0.6428571428571428,0.604459
16.0,0.5,0.6428571428571428,0.64481384
16.0,0.5714285714285714,0.6428571428571428,0.5986218
16.0,0.6428571428571428,0.6428571428571428,0.5059244
16.0,0.7142857142857142,0.6428571428571428,0.40881696
16.0,0.7857142857142857,0.6428571428571428,0.31045887
16.0,0.8571428571428571,0.6428571428571428,0.20514199
16.0,0.9285714285714285,0.6428571428571428,0.093046635
16.0,1.0,0.6428571428571428,-0.019521998
16.0,0.0,0.7142857142857142,-0.023842515
16.0,0.07142857142857142,0.7142857142857142,0.06968505
16.0,0.14285714285714285,0.7142857142857142,0.15930271
16.0,0.21428571428571427,0.7142857142857142,0.24462342
16.0,0.2857142857142857,0.7142857142857142,0.3282455
16.0,0.3571428571428571,0.7142857142857142,0.41237506
16.0,0.42857142857142855,0.7142857142857142,0.48699903
16.0,0.5,0.7142857142857142,0.5182423
16.0,0.5714285714285714,0.7142857142857142,0.48254776
16.0,0.6428571428571428,0.7142857142857142,0.40884438
16.0,0.7142857142857142,0.7142857142857142,0.32932624
16.0,0.7857142857142857,0.7142857142857142,0.24873301
16.0,0.8571428571428571,0.7142857142857142,0.16326466
16.0,0.9285714285714285,0.7142857142857142,0.07232175
16.0,1.0,0.7142857142857142,-0.020488294
16.0,0.0,0.7857142857142857,-0.021093244
16.0,0.07142857142857142,0.7857142857142857,0.0508366
16.0,0.14285714285714285,0.7857142857142857,0.117778786
16.0,0.21428571428571427,0.7857142857142857,0.18123396
16.0,0.2857142857142857,0.7857142857142857,0.24462897
16.0,0.3571428571428571,0.7857142857142857,0.30938664
16.0,0.42857142857142855,0.7857142857142857,0.36607572
16.0,0.5,0.7857142857142857,0.38978457
16.0,0.5714285714285714,0.7857142857142857,0.36443406
16.0,0.6428571428571428,0.7857142857142857,0.30867198
16.0,0.7142857142857142,0.7857142857142857,0.24674466
16.0,0.7857142857142857,0.7857142857142857,0.1848991
16.0,0.8571428571428571,0.7857142857142857,0.12054134
16.0,0.9285714285714285,0.7857142857142857,0.051693708
16.0,1.0,0.7857142857142857,-0.020636687
16.0,0.0,0.8571428571428571,-0.018192792
16.0,0.07142857142857142,0.8571428571428571,0.03293307
16.0,0.14285714285714285,0.8571428571428571,0.07768869
16.0,0.21428571428571427,0.8571428571428571,0.11866348
16.0,0.2857142857142857,0.8571428571428571,0.15980048
16.0,0.3571428571428571,0.8571428571428571,0.20261781
16.0,0.42857142857142855,0.8571428571428571,0.24025008
16.0,0.5,0.8571428571428571,0.25641763
16.0,0.5714285714285714,0.8571428571428571,0.24055421
16.0,0.6428571428571428,0.8571428571428571,0.20311049
16.0,0.7142857142857142,0.8571428571428571,0.16070424
16.0,0.7857142857142857,0.8571428571428571,0.11912731
16.0,0.8571428571428571,0.8571428571428571,0.07613207
16.0,0.9285714285714285,0.8571428571428571,0.02857965
16.0,1.0,0.8571428571428571,-0.024344908
16.0,0.0,0.9285714285714285,-0.018059907
16.0,0.07142857142857142,0.9285714285714285,0.012409998
16.0,0.14285714285714285,0.9285714285714285,0.034843035
16.0,0.21428571428571427,0.9285714285714285,0.05256951
16.0,0.2857142857142857,0.9285714285714285,0.07002573
16.0,0.3571428571428571,0.9285714285714285,0.089663684
16.0,0.42857142857142855,0.9285714285714285,0.108399205
16.0,0.5,0.9285714285714285,0.11763867
16.0,0.5714285714285714,0.9285714285714285,0.11100499
16.0,0.6428571428571428,0.9285714285714285,0.0926526
16.0,0.7142857142857142,0.9285714285714285,0.071553014
16.0,0.7857142857142857,0.9285714285714285,0.051202253
16.0,0.8571428571428571,0.9285714285714285,0.0291602
16.0,0.9285714285714285,0.9285714285714285,0.0016601048
16.0,1.0,0.9285714285714285,-0.033194803
16.0,0.0,1.0,-0.02595031
16.0,0.07142857142857142,1.0,-0.01661884
16.0,0.14285714285714285,1.0,-0.016556062
16.0,0.21428571428571427,1.0,-0.021619545
16.0,0.2857142857142857,1.0,-0.026680307
16.0,0.3571428571428571,1.0,-0.027882593
16.0,0.42857142857142855,1.0,-0.024727384
16.0,0.5,1.0,-0.020259047
16.0,0.5714285714285714,1.0,-0.01809738
16.0,0.6428571428571428,1.0,-0.018411728
16.0,0.7142857142857142,1.0,-0.018740503
16.0,0.7857142857142857,1.0,-0.018637238
16.0,0.8571428571428571,1.0,-0.021054542
16.0,0.9285714285714285,1.0,-0.029997103
16.0,1.0,1.0,-0.04797209
17.0,0.0,0.0,-0.02587987
17.0,0.07142857142857142,0.0,-0.016935559
17.0,0.14285714285714285,0.0,-0.014359722
17.0,0.21428571428571427,0.0,-0.017054992
17.0,0.2857142857142857,0.0,-0.021367742
17.0,0.3571428571428571,0.0,-0.021724643
17.0,0.42857142857142855,0.0,-0.017523386
17.0,0.5,0.0,-0.016642077
17.0,0.5714285714285714,0.0,-0.022655992
17.0,0.6428571428571428,0.0,-0.02800454
17.0,0.7142857142857142,0.0,-0.026594179
17.0,0.7857142857142857,0.0,-0.022021843
17.0,0.8571428571428571,0.0,-0.021536676
17.0,0.9285714285714285,0.0,-0.029293897
17.0,1.0,0.0,-0.045905605
17.0,0.0,0.07142857142857142,-0.018266533
17.0,0.07142857142857142,0.07142857142857142,0.009902922
17.0,0.14285714285714285,0.07142857142857142,0.03349357
17.0,0.21428571428571427,0.07142857142857142,0.052849434
17.0,0.2857142857142857,0.07142857142857142,0.07055114
17.0,0.3571428571428571,0.07142857142857142,0.09126205
17.0,0.42857142857142855,0.07142857142857142,0.11308179
17.0,0.5,0.07142857142857142,0.1210761
17.0,0.5714285714285714,0.07142857142857142,0.10783582
17.0,0.6428571428571428,0.07142857142857142,0.08651205
17.0,0.7142857142857142,0.07142857142857142,0.06905276
17.0,0.7857142857142857,0.07142857142857142,0.053062283
17.0,0.8571428571428571,0.07142857142857142,0.032069355
17.0,0.9285714285714285,0.07142857142857142,0.0036651697
17.0,1.0,0.07142857142857142,-0.031738468
17.0,0.0,0.14285714285714285,-0.017491221
17.0,0.07142857142857142,0.14285714285714285,0.031284846
17.0,0.14285714285714285,0.14285714285714285,0.077325836
17.0,0.21428571428571427,0.14285714285714285,0.12007304
17.0,0.2857142857142857,0.14285714285714285,0.1608377
17.0,0.3571428571428571,0.14285714285714285,0.20339079
17.0,0.42857142857142855,0.14285714285714285,0.24389091
17.0,0.5,0.14285714285714285,0.2598122
17.0,0.5714285714285714,0.14285714285714285,0.23857234
17.0,0.6428571428571428,0.14285714285714285,0.1993734
17.0,0.7142857142857142,0.14285714285714285,0.16062756
17.0,0.7857142857142857,0.14285714285714285,0.12164407
17.0,0.8571428571428571,0.14285714285714285,0.077708565
17.0,0.9285714285714285,0.14285714285714285,0.028193882
17.0,1.0,0.14285714285714285,-0.026202755
17.0,0.0,0.21428571428571427,-0.021032164
17.0,0.07142857142857142,0.21428571428571427,0.049541757
17.0,0.14285714285714285,0.21428571428571427,0.11855971
17.0,0.21428571428571427,0.21428571428571427,0.18425494
17.0,0.2857142857142857,0.21428571428571427,0.24669021
17.0,0.3571428571428571,0.21428571428571427,0.30926457
17.0,0.42857142857142855,0.21428571428571427,0.3674546
17.0,0.5,0.21428571428571427,0.3917977
17.0,0.5714285714285714,0.21428571428571427,0.36325002
17.0,0.6428571428571428,0.21428571428571427,0.30635956
17.0,0.7142857142857142,0.21428571428571427,0.24609491
17.0,0.7857142857142857,0.21428571428571427,0.18411423
17.0,0.8571428571428571,0.21428571428571427,0.11788968
17.0,0.9285714285714285,0.21428571428571427,0.04781252
17.0,1.0,0.21428571428571427,-0.025584849
17.0,0.0,0.2857142857142857,-0.025545195
17.0,0.07142857142857142,0.2857142857142857,0.06791104
17.0,0.14285714285714285,0.2857142857142857,0.15986979
17.0,0.21428571428571427,0.2857142857142857,0.24695462
17.0,0.2857142857142857,0.2857142857142857,0.3284174
17.0,0.3571428571428571,0.2857142857142857,0.40836865
17.0,0.42857142857142855,0.2857142857142857,0.48290032
17.0,0.5,0.2857142857142857,0.51640975
17.0,0.5714285714285714,0.2857142857142857,0.48183566
17.0,0.6428571428571428,0.2857142857142857,0.40809652
17.0,0.7142857142857142,0.2857142857142857,0.32731712
17.0,0.7857142857142857,0.2857142857142857,0.24407634
17.0,0.8571428571428571,0.2857142857142857,0.15728721
17.0,0.9285714285714285,0.2857142857142857,0.06728011
17.0,1.0,0.2857142857142857,-0.025161402
17.0,0.0,0.3571428571428571,-0.028205257
17.0,0.07142857142857142,0.3571428571428571,0.088423334
17.0,0.14285714285714285,0.3571428571428571,0.20294236
17.0,0.21428571428571427,0.3571428571428571,0.30996463
17.0,0.2857142857142857,0.3571428571428571,0.4085672
17.0,0.3571428571428571,0.3571428571428571,0.5045981
17.0,0.42857142857142855,0.3571428571428571,0.59529173
17.0,0.5,0.3571428571428571,0.6389435
17.0,0.5714285714285714,0.3571428571428571,0.5987521
17.0,0.6428571428571428,0.3571428571428571,0.50805205
17.0,0.7142857142857142,0.3571428571428571,0.40771317
17.0,0.7857142857142857,0.3571428571428571,0.30526972
17.0,0.8571428571428571,0.3571428571428571,0.19946599
17.0,0.9285714285714285,0.3571428571428571,0.089990124
17.0,1.0,0.3571428571428571,-0.021055067
17.0,0.0,0.42857142857142855,-0.028954638
17.0,0.07142857142857142,0.42857142857142855,0.10718597
17.0,0.14285714285714285,0.42857142857142855,0.24161828
17.0,0.21428571428571427,0.42857142857142855,0.36695093
17.0,0.2857142857142857,0.42857142857142855,0.4821582
17.0,0.3571428571428571,0.42857142857142855,0.5944778
17.0,0.42857142857142855,0.42857142857142855,0.70148385
17.0,0.5,0.42857142857142855,0.7550003
17.0,0.5714285714285714,0.42857142857142855,0.7080268
17.0,0.6428571428571428,0.42857142857142855,0.5998293
17.0,0.7142857142857142,0.42857142857142855,0.48136115
17.0,0.7857142857142857,0.42857142857142855,0.36233705
17.0,0.8571428571428571,0.42857142857142855,0.23989958
17.0,0.9285714285714285,0.42857142857142855,0.113178305
17.0,1.0,0.42857142857142855,-0.013607742
17.0,0.0,0.5,-0.028785193
17.0,0.07142857142857142,0.5,0.11448989
17.0,0.14285714285714285,0.5,0.2572733
17.0,0.21428571428571427,0.5,0.39162436
17.0,0.2857142857142857,0.5,0.51628613
17.0,0.3571428571428571,0.5,0.63818705
17.0,0.42857142857142855,0.5,0.75397885
17.0,0.5,0.5,0.8115927
17.0,0.5714285714285714,0.5,0.7588593
17.0,0.6428571428571428,0.5,0.6409619
17.0,0.7142857142857142,0.5,0.5147953
17.0,0.7857142857142857,0.5,0.3894042
17.0,0.8571428571428571,0.5,0.25964472
17.0,0.9285714285714285,0.5,0.124629326
17.0,1.0,0.5,-0.009309428
17.0,0.0,0.5714285714285714,-0.027480917
17.0,0.07142857142857142,0.5714285714285714,0.10664879
17.0,0.14285714285714285,0.5714285714285714,0.23959753
17.0,0.21428571428571427,0.5714285714285714,0.36516473
17.0,0.2857142857142857,0.5714285714285714,0.48295173
17.0,0.3571428571428571,0.5714285714285714,0.59845465
17.0,0.42857142857142855,0.5714285714285714,0.70609725
17.0,0.5,0.5714285714285714,0.7567478
17.0,0.5714285714285714,0.5714285714285714,0.7047619
17.0,0.6428571428571428,0.5714285714285714,0.59533566
17.0,0.7142857142857142,0.5714285714285714,0.4801949
17.0,0.7857142857142857,0.5714285714285714,0.36491296
17.0,0.8571428571428571,0.5714285714285714,0.24315742
17.0,0.9285714285714285,0.5714285714285714,0.11464084
17.0,1.0,0.5714285714285714,-0.013324464
17.0,0.0,0.6428571428571428,-0.025708312
17.0,0.07142857142857142,0.6428571428571428,0.08950394
17.0,0.14285714285714285,0.6428571428571428,0.20201686
17.0,0.21428571428571427,0.6428571428571428,0.30874544
17.0,0.2857142857142857,0.6428571428571428,0.41096315
17.0,0.3571428571428571,0.6428571428571428,0.51214075
17.0,0.42857142857142855,0.6428571428571428,0.6033716
17.0,0.5,0.6428571428571428,0.6427334
17.0,0.5714285714285714,0.6428571428571428,0.59746826
17.0,0.6428571428571428,0.6428571428571428,0.5058425
17.0,0.7142857142857142,0.6428571428571428,0.40875727
17.0,0.7857142857142857,0.6428571428571428,0.31023708
17.0,0.8571428571428571,0.6428571428571428,0.20503946
17.0,0.9285714285714285,0.6428571428571428,0.09321193
17.0,1.0,0.6428571428571428,-0.019177081
17.0,0.0,0.7142857142857142,-0.023649232
17.0,0.07142857142857142,0.7142857142857142,0.06970697
17.0,0.14285714285714285,0.7142857142857142,0.15919417
17.0,0.21428571428571427,0.7142857142857142,0.24452701
17.0,0.2857142857142857,0.7142857142857142,0.3282879
17.0,0.3571428571428571,0.7142857142857142,0.41233632
17.0,0.42857142857142855,0.7142857142857142,0.48618448
17.0,0.5,0.7142857142857142,0.5166687
17.0,0.5714285714285714,0.7142857142857142,0.4815773
17.0,0.6428571428571428,0.7142857142857142,0.4087328
17.0,0.7142857142857142,0.7142857142857142,0.3293506
17.0,0.7857142857142857,0.7142857142857142,0.24864075
17.0,0.8571428571428571,0.7142857142857142,0.16317618
17.0,0.9285714285714285,0.7142857142857142,0.07234313
17.0,1.0,0.7142857142857142,-0.020379225
17.0,0.0,0.7857142857142857,-0.020868266
17.0,0.07142857142857142,0.7857142857142857,0.050802074
17.0,0.14285714285714285,0.7857142857142857,0.117552556
17.0,0.21428571428571427,0.7857142857142857,0.18097195
17.0,0.2857142857142857,0.7857142857142857,0.2444666
17.0,0.3571428571428571,0.7857142857142857,0.3091717
17.0,0.42857142857142855,0.7857142857142857,0.36531228
17.0,0.5,0.7857142857142857,0.38846555
17.0,0.5714285714285714,0.7857142857142857,0.3634638
17.0,0.6428571428571428,0.7857142857142857,0.3083402
17.0,0.7142857142857142,0.7857142857142857,0.24658617
17.0,0.7857142857142857,0.7857142857142857,0.18467073
17.0,0.8571428571428571,0.7857142857142857,0.120303415
17.0,0.9285714285714285,0.7857142857142857,0.051538505
17.0,1.0,0.7857142857142857,-0.02070565
17.0,0.0,0.8571428571428571,-0.017918916
17.0,0.07142857142857142,0.8571428571428571,0.03286077
17.0,0.14285714285714285,0.8571428571428571,0.07735749
17.0,0.21428571428571427,0.8571428571428571,0.118262954
17.0,0.2857142857142857,0.8571428571428571,0.15951608
17.0,0.3571428571428571,0.8571428571428571,0.2023973
17.0,0.42857142857142855,0.8571428571428571,0.23975584
17.0,0.5,0.8571428571428571,0.2555704
17.0,0.5714285714285714,0.8571428571428571,0.23984936
17.0,0.6428571428571428,0.8571428571428571,0.20277366
17.0,0.7142857142857142,0.8571428571428571,0.16045853
17.0,0.7857142857142857,0.8571428571428571,0.118791945
17.0,0.8571428571428571,0.8571428571428571,0.07576724
17.0,0.9285714285714285,0.8571428571428571,0.02829363
17.0,1.0,0.8571428571428571,-0.024521103
17.0,0.0,0.9285714285714285,-0.017734552
17.0,0.07142857142857142,0.9285714285714285,0.012323691
17.0,0.14285714285714285,0.9285714285714285,0.034469828
17.0,0.21428571428571427,0.9285714285714285,0.05214694
17.0,0.2857142857142857,0.9285714285714285,0.06978391
17.0,0.3571428571428571,0.9285714285714285,0.089623205
17.0,0.42857142857142855,0.9285714285714285,0.10833108
17.0,0.5,0.9285714285714285,0.117394425
17.0,0.5714285714285714,0.9285714285714285,0.11076316
17.0,0.6428571428571428,0.9285714285714285,0.09253103
17.0,0.7142857142857142,0.9285714285714285,0.07139685
17.0,0.7857142857142857,0.9285714285714285,0.050895207
17.0,0.8571428571428571,0.9285714285714285,0.028767874
17.0,0.9285714285714285,0.9285714285714285,0.0013095103
17.0,1.0,0.9285714285714285,-0.03343747
17.0,0.0,1.0,-0.025618667
17.0,0.07142857142857142,1.0,-0.01671496
17.0,0.14285714285714285,1.0,-0.01690042
17.0,0.21428571428571427,1.0,-0.02194353
17.0,0.2857142857142857,1.0,-0.026754135
17.0,0.3571428571428571,1.0,-0.027665572
17.0,0.42857142857142855,1.0,-0.024382
17.0,0.5,1.0,-0.019958945
17.0,0.5714285714285714,1.0,-0.017854372
17.0,0.6428571428571428,1.0,-0.018208819
17.0,0.7142857142857142,1.0,-0.018677147
17.0,0.7857142857142857,1.0,-0.018791484
17.0,0.8571428571428571,1.0,-0.021368152
17.0,0.9285714285714285,1.0,-0.030340066
17.0,1.0,1.0,-0.048246242
18.0,0.0,0.0,-0.026011042
18.0,0.07142857142857142,0.0,-0.017020784
18.0,0.14285714285714285,0.0,-0.014437927
18.0,0.21428571428571427,0.0,-0.017151978
18.0,0.2857142857142857,0.0,-0.02145964
18.0,0.3571428571428571,0.0,-0.02176966
18.0,0.42857142857142855,0.0,-0.017527737
18.0,0.5,0.0,-0.016545685
18.0,0.5714285714285714,0.0,-0.022394175
18.0,0.6428571428571428,0.0,-0.0277246
18.0,0.7142857142857142,0.0,-0.026415164
18.0,0.7857142857142857,0.0,-0.021843063
18.0,0.8571428571428571,0.0,-0.021236507
18.0,0.9285714285714285,0.0,-0.028874578
18.0,1.0,0.0,-0.045446686
18.0,0.0,0.07142857142857142,-0.018505992
18.0,0.07142857142857142,0.07142857142857142,0.00973662
18.0,0.14285714285714285,0.07142857142857142,0.033384316
18.0,0.21428571428571427,0.07142857142857142,0.05278431
18.0,0.2857142857142857,0.07142857142857142,0.07053575
18.0,0.3571428571428571,0.07142857142857142,0.09124109
18.0,0.42857142857142855,0.07142857142857142,0.11287105
18.0,0.5,0.07142857142857142,0.120761015
18.0,0.5714285714285714,0.07142857142857142,0.107733615
18.0,0.6428571428571428,0.07142857142857142,0.08652362
18.0,0.7142857142857142,0.07142857142857142,0.06898727
18.0,0.7857142857142857,0.07142857142857142,0.053015552
18.0,0.8571428571428571,0.07142857142857142,0.03214381
18.0,0.9285714285714285,0.07142857142857142,0.003826758
18.0,1.0,0.07142857142857142,-0.031575263
18.0,0.0,0.14285714285714285,-0.017737105
18.0,0.07142857142857142,0.14285714285714285,0.03109776
18.0,0.14285714285714285,0.14285714285714285,0.07719297
18.0,0.21428571428571427,0.14285714285714285,0.11999772
18.0,0.2857142857142857,0.14285714285714285,0.16082919
18.0,0.3571428571428571,0.14285714285714285,0.20331138
18.0,0.42857142857142855,0.14285714285714285,0.2433312
18.0,0.5,0.14285714285714285,0.2588926
18.0,0.5714285714285714,0.14285714285714285,0.2380014
18.0,0.6428571428571428,0.14285714285714285,0.19912457
18.0,0.7142857142857142,0.14285714285714285,0.16039442
18.0,0.7857142857142857,0.14285714285714285,0.12146775
18.0,0.8571428571428571,0.14285714285714285,0.07763641
18.0,0.9285714285714285,0.14285714285714285,0.028167492
18.0,1.0,0.14285714285714285,-0.026255125
18.0,0.0,0.21428571428571427,-0.021141417
18.0,0.07142857142857142,0.21428571428571427,0.049432494
18.0,0.14285714285714285,0.21428571428571427,0.1184404
18.0,0.21428571428571427,0.21428571428571427,0.18415616
18.0,0.2857142857142857,0.21428571428571427,0.24667567
18.0,0.3571428571428571,0.21428571428571427,0.30918056
18.0,0.42857142857142855,0.21428571428571427,0.36666042
18.0,0.5,0.21428571428571427,0.3904102
18.0,0.5714285714285714,0.21428571428571427,0.36240894
18.0,0.6428571428571428,0.21428571428571427,0.30608404
18.0,0.7142857142857142,0.21428571428571427,0.24590203
18.0,0.7857142857142857,0.21428571428571427,0.18395486
18.0,0.8571428571428571,0.21428571428571427,0.11777214
18.0,0.9285714285714285,0.21428571428571427,0.04770392
18.0,1.0,0.21428571428571427,-0.025715495
18.0,0.0,0.2857142857142857,-0.025424667
18.0,0.07142857142857142,0.2857142857142857,0.06793171
18.0,0.14285714285714285,0.2857142857142857,0.15975416
18.0,0.21428571428571427,0.2857142857142857,0.24677938
18.0,0.2857142857142857,0.2857142857142857,0.3283682
18.0,0.3571428571428571,0.2857142857142857,0.40834936
18.0,0.42857142857142855,0.2857142857142857,0.48204598
18.0,0.5,0.2857142857142857,0.5147666
18.0,0.5714285714285714,0.2857142857142857,0.48095724
18.0,0.6428571428571428,0.2857142857142857,0.4080006
18.0,0.7142857142857142,0.2857142857142857,0.3272783
18.0,0.7857142857142857,0.2857142857142857,0.24395624
18.0,0.8571428571428571,0.2857142857142857,0.15714455
18.0,0.9285714285714285,0.2857142857142857,0.067178525
18.0,1.0,0.2857142857142857,-0.025216782
18.0,0.0,0.3571428571428571,-0.027954776
18.0,0.07142857142857142,0.3571428571428571,0.08845076
18.0,0.14285714285714285,0.3571428571428571,0.20265488
18.0,0.21428571428571427,0.3571428571428571,0.30948684
18.0,0.2857142857142857,0.3571428571428571,0.4082324
18.0,0.3571428571428571,0.3571428571428571,0.50437826
18.0,0.42857142857142855,0.3571428571428571,0.5940981
18.0,0.5,0.3571428571428571,0.6367282
18.0,0.5714285714285714,0.3571428571428571,0.59752184
18.0,0.6428571428571428,0.3571428571428571,0.5078365
18.0,0.7142857142857142,0.3571428571428571,0.40749845
18.0,0.7857142857142857,0.3571428571428571,0.30488884
18.0,0.8571428571428571,0.3571428571428571,0.19914109
18.0,0.9285714285714285,0.3571428571428571,0.089891955
18.0,1.0,0.3571428571428571,-0.020945655
18.0,0.0,0.42857142857142855,-0.028846754
18.0,0.07142857142857142,0.42857142857142855,0.10695944
18.0,0.14285714285714285,0.42857142857142855,0.24087906
18.0,0.21428571428571427,0.42857142857142855,0.365804
18.0,0.2857142857142857,0.42857142857142855,0.48097786
18.0,0.3571428571428571,0.42857142857142855,0.5932101
18.0,0.42857142857142855,0.42857142857142855,0.698864
18.0,0.5,0.42857142857142855,0.75098836
18.0,0.5714285714285714,0.42857142857142855,0.7052394
18.0,0.6428571428571428,0.42857142857142855,0.59845847
18.0,0.7142857142857142,0.42857142857142855,0.48017016
18.0,0.7857142857142857,0.42857142857142855,0.3611794
18.0,0.8571428571428571,0.42857142857142855,0.23914039
18.0,0.9285714285714285,0.42857142857142855,0.11299852
18.0,1.0,0.42857142857142855,-0.013347523
18.0,0.0,0.5,-0.028830068
18.0,0.07142857142857142,0.5,0.11409638
18.0,0.14285714285714285,0.5,0.25630936
18.0,0.21428571428571427,0.5,0.39011934
18.0,0.2857142857142857,0.5,0.51451844
18.0,0.3571428571428571,0.5,0.63601536
18.0,0.42857142857142855,0.5,0.75011736
18.0,0.5,0.5,0.8060852
18.0,0.5714285714285714,0.5,0.754737
18.0,0.6428571428571428,0.5,0.6386046
18.0,0.7142857142857142,0.5,0.512862
18.0,0.7857142857142857,0.5,0.38774174
18.0,0.8571428571428571,0.5,0.25865975
18.0,0.9285714285714285,0.5,0.12446044
18.0,1.0,0.5,-0.008902954
18.0,0.0,0.5714285714285714,-0.02740232
18.0,0.07142857142857142,0.5714285714285714,0.10648217
18.0,0.14285714285714285,0.5714285714285714,0.2390571
18.0,0.21428571428571427,0.5714285714285714,0.36432654
18.0,0.2857142857142857,0.5714285714285714,0.48205337
18.0,0.3571428571428571,0.5714285714285714,0.59732693
18.0,0.42857142857142855,0.5714285714285714,0.7036193
18.0,0.5,0.5714285714285714,0.752931
18.0,0.5714285714285714,0.5714285714285714,0.7021731
18.0,0.6428571428571428,0.5714285714285714,0.5941956
18.0,0.7142857142857142,0.5714285714285714,0.47920546
18.0,0.7857142857142857,0.5714285714285714,0.36393014
18.0,0.8571428571428571,0.5714285714285714,0.24261525
18.0,0.9285714285714285,0.5714285714285714,0.114731304
18.0,1.0,0.5714285714285714,-0.01277701
18.0,0.0,0.6428571428571428,-0.025466437
18.0,0.07142857142857142,0.6428571428571428,0.089552805
18.0,0.14285714285714285,0.6428571428571428,0.20186393
18.0,0.21428571428571427,0.6428571428571428,0.30853286
18.0,0.2857142857142857,0.6428571428571428,0.41087988
18.0,0.3571428571428571,0.6428571428571428,0.5119781
18.0,0.42857142857142855,0.6428571428571428,0.6022476
18.0,0.5,0.6428571428571428,0.6406721
18.0,0.5714285714285714,0.6428571428571428,0.5963145
18.0,0.6428571428571428,0.6428571428571428,0.5057429
18.0,0.7142857142857142,0.6428571428571428,0.4086785
18.0,0.7857142857142857,0.6428571428571428,0.3099816
18.0,0.8571428571428571,0.6428571428571428,0.20491207
18.0,0.9285714285714285,0.6428571428571428,0.09340979
18.0,1.0,0.6428571428571428,-0.018713275
18.0,0.0,0.7142857142857142,-0.023343729
18.0,0.07142857142857142,0.7142857142857142,0.069780886
18.0,0.14285714285714285,0.7142857142857142,0.15908968
18.0,0.21428571428571427,0.7142857142857142,0.24440286
18.0,0.2857142857142857,0.7142857142857142,0.32828245
18.0,0.3571428571428571,0.7142857142857142,0.4122367
18.0,0.42857142857142855,0.7142857142857142,0.48532903
18.0,0.5,0.7142857142857142,0.515104
18.0,0.5714285714285714,0.7142857142857142,0.4806085
18.0,0.6428571428571428,0.7142857142857142,0.40859947
18.0,0.7142857142857142,0.7142857142857142,0.32934764
18.0,0.7857142857142857,0.7142857142857142,0.24851829
18.0,0.8571428571428571,0.7142857142857142,0.16307762
18.0,0.9285714285714285,0.7142857142857142,0.072408855
18.0,1.0,0.7142857142857142,-0.020151218
18.0,0.0,0.7857142857142857,-0.020533534
18.0,0.07142857142857142,0.7857142857142857,0.050830312
18.0,0.14285714285714285,0.7857142857142857,0.11735066
18.0,0.21428571428571427,0.7857142857142857,0.18070716
18.0,0.2857142857142857,0.7857142857142857,0.24427962
18.0,0.3571428571428571,0.7857142857142857,0.3089155
18.0,0.42857142857142855,0.7857142857142857,0.364518
18.0,0.5,0.7857142857142857,0.3871489
18.0,0.5714285714285714,0.7857142857142857,0.3624926
18.0,0.6428571428571428,0.7857142857142857,0.30799055
18.0,0.7142857142857142,0.7857142857142857,0.24640992
18.0,0.7857142857142857,0.7857142857142857,0.18443331
18.0,0.8571428571428571,0.7857142857142857,0.120081164
18.0,0.9285714285714285,0.7857142857142857,0.05144549
18.0,1.0,0.7857142857142857,-0.020652032
18.0,0.0,0.8571428571428571,-0.017537648
18.0,0.07142857142857142,0.8571428571428571,0.032859713
18.0,0.14285714285714285,0.8571428571428571,0.07706984
18.0,0.21428571428571427,0.8571428571428571,0.11788691
18.0,0.2857142857142857,0.8571428571428571,0.15924051
18.0,0.3571428571428571,0.8571428571428571,0.2021708
18.0,0.42857142857142855,0.8571428571428571,0.23925832
18.0,0.5,0.8571428571428571,0.25473827
18.0,0.5714285714285714,0.8571428571428571,0.2391575
18.0,0.6428571428571428,0.8571428571428571,0.20243892
18.0,0.7142857142857142,0.8571428571428571,0.16021977
18.0,0.7857142857142857,0.8571428571428571,0.11847741
18.0,0.8571428571428571,0.8571428571428571,0.0754452
18.0,0.9285714285714285,0.8571428571428571,0.02808599
18.0,1.0,0.8571428571428571,-0.02457217
18.0,0.0,0.9285714285714285,-0.01730924
18.0,0.07142857142857142,0.9285714285714285,0.012312232
18.0,0.14285714285714285,0.9285714285714285,0.03415709
18.0,0.21428571428571427,0.9285714285714285,0.05177924
18.0,0.2857142857142857,0.9285714285714285,0.069592915
18.0,0.3571428571428571,0.9285714285714285,0.08962934
18.0,0.42857142857142855,0.9285714285714285,0.108313374
18.0,0.5,0.9285714285714285,0.1172105
18.0,0.5714285714285714,0.9285714285714285,0.11057798
18.0,0.6428571428571428,0.9285714285714285,0.09245531
18.0,0.7142857142857142,0.9285714285714285,0.071287505
18.0,0.7857142857142857,0.9285714285714285,0.050644256
18.0,0.8571428571428571,0.9285714285714285,0.028445879
18.0,0.9285714285714285,0.9285714285714285,0.0010516476
18.0,1.0,0.9285714285714285,-0.03355497
18.0,0.0,1.0,-0.025198152
18.0,0.07142857142857142,1.0,-0.016732667
18.0,0.14285714285714285,1.0,-0.017164698
18.0,0.21428571428571427,1.0,-0.022176836
18.0,0.2857142857142857,1.0,-0.02672548
18.0,0.3571428571428571,1.0,-0.027336298
18.0,0.42857142857142855,1.0,-0.023913926
18.0,0.5,1.0,-0.019529643
18.0,0.5714285714285714,1.0,-0.017488183
18.0,0.6428571428571428,1.0,-0.017899664
18.0,0.7142857142857142,1.0,-0.018517414
18.0,0.7857142857142857,1.0,-0.018850094
18.0,0.8571428571428571,1.0,-0.0215837
18.0,0.9285714285714285,1.0,-0.030575352
18.0,1.0,1.0,-0.048394635
19.0,0.0,0.0,-0.02605951
19.0,0.07142857142857142,0.0,-0.017042732
19.0,0.14285714285714285,0.0,-0.014467407
19.0,0.21428571428571427,0.0,-0.017203454
19.0,0.2857142857142857,0.0,-0.021491062
19.0,0.3571428571428571,0.0,-0.021731565
19.0,0.42857142857142855,0.0,-0.01743698
19.0,0.5,0.0,-0.016352573
19.0,0.5714285714285714,0.0,-0.022039866
19.0,0.6428571428571428,0.0,-0.027359458
19.0,0.7142857142857142,0.0,-0.026163166
19.0,0.7857142857142857,0.0,-0.021596221
19.0,0.8571428571428571,0.0,-0.02085456
19.0,0.9285714285714285,0.0,-0.028346391
19.0,1.0,0.0,-0.04485123
19.0,0.0,0.07142857142857142,-0.018661799
19.0,0.07142857142857142,0.07142857142857142,0.009627564
19.0,0.14285714285714285,0.07142857142857142,0.033305734
19.0,0.21428571428571427,0.07142857142857142,0.05273305
19.0,0.2857142857142857,0.07142857142857142,0.07053482
19.0,0.3571428571428571,0.07142857142857142,0.09124284
19.0,0.42857142857142855,0.07142857142857142,0.112685196
19.0,0.5,0.07142857142857142,0.12047128
19.0,0.5714285714285714,0.07142857142857142,0.10765776
19.0,0.6428571428571428,0.07142857142857142,0.08656407
19.0,0.7142857142857142,0.07142857142857142,0.06895074
19.0,0.7857142857142857,0.07142857142857142,0.053004242
19.0,0.8571428571428571,0.07142857142857142,0.03227798
19.0,0.9285714285714285,0.07142857142857142,0.0040832814
19.0,1.0,0.07142857142857142,-0.031283095
19.0,0.0,0.14285714285714285,-0.017899096
19.0,0.07142857142857142,0.14285714285714285,0.030960245
19.0,0.14285714285714285,0.14285714285714285,0.0770736
19.0,0.21428571428571427,0.14285714285714285,0.1199097
19.0,0.2857142857142857,0.14285714285714285,0.16079938
19.0,0.3571428571428571,0.14285714285714285,0.20321305
19.0,0.42857142857142855,0.14285714285714285,0.2427584
19.0,0.5,0.14285714285714285,0.2579692
19.0,0.5714285714285714,0.14285714285714285,0.23742713
19.0,0.6428571428571428,0.14285714285714285,0.19887727
19.0,0.7142857142857142,0.14285714285714285,0.16016476
19.0,0.7857142857142857,0.14285714285714285,0.1213055
19.0,0.8571428571428571,0.14285714285714285,0.07760801
19.0,0.9285714285714285,0.14285714285714285,0.028223967
19.0,1.0,0.14285714285714285,-0.026185134
19.0,0.0,0.21428571428571427,-0.021168236
19.0,0.07142857142857142,0.21428571428571427,0.04936169
19.0,0.14285714285714285,0.21428571428571427,0.118317805
19.0,0.21428571428571427,0.21428571428571427,0.18402563
19.0,0.2857142857142857,0.21428571428571427,0.24662223
19.0,0.3571428571428571,0.21428571428571427,0.30906355
19.0,0.42857142857142855,0.21428571428571427,0.36584967
19.0,0.5,0.21428571428571427,0.38902974
19.0,0.5714285714285714,0.21428571428571427,0.36156562
19.0,0.6428571428571428,0.21428571428571427,0.30580077
19.0,0.7142857142857142,0.21428571428571427,0.24570051
19.0,0.7857142857142857,0.21428571428571427,0.18379425
19.0,0.8571428571428571,0.21428571428571427,0.11768163
19.0,0.9285714285714285,0.21428571428571427,0.047665134
19.0,1.0,0.21428571428571427,-0.025729904
19.0,0.0,0.2857142857142857,-0.025223022
19.0,0.07142857142857142,0.2857142857142857,0.06797782
19.0,0.14285714285714285,0.2857142857142857,0.15961796
19.0,0.21428571428571427,0.2857142857142857,0.2465615
19.0,0.2857142857142857,0.2857142857142857,0.3282816
19.0,0.3571428571428571,0.2857142857142857,0.40830365
19.0,0.42857142857142855,0.2857142857142857,0.4811884
19.0,0.5,0.2857142857142857,0.513154
19.0,0.5714285714285714,0.2857142857142857,0.48008153
19.0,0.6428571428571428,0.2857142857142857,0.40789106
19.0,0.7142857142857142,0.2857142857142857,0.3272211
19.0,0.7857142857142857,0.2857142857142857,0.2438201
19.0,0.8571428571428571,0.2857142857142857,0.15701137
19.0,0.9285714285714285,0.2857142857142857,0.06713181
19.0,1.0,0.2857142857142857,-0.025161209
19.0,0.0,0.3571428571428571,-0.02761356
19.0,0.07142857142857142,0.3571428571428571,0.08849915
19.0,0.14285714285714285,0.3571428571428571,0.20233831
19.0,0.21428571428571427,0.3571428571428571,0.30896968
19.0,0.2857142857142857,0.3571428571428571,0.4078776
19.0,0.3571428571428571,0.3571428571428571,0.50414634
19.0,0.42857142857142855,0.3571428571428571,0.59291226
19.0,0.5,0.3571428571428571,0.63455874
19.0,0.5714285714285714,0.3571428571428571,0.59629005
19.0,0.6428571428571428,0.3571428571428571,0.507597
19.0,0.7142857142857142,0.3571428571428571,0.40726173
19.0,0.7857142857142857,0.3571428571428571,0.30448452
19.0,0.8571428571428571,0.3571428571428571,0.19881135
19.0,0.9285714285714285,0.3571428571428571,0.08983772
19.0,1.0,0.3571428571428571,-0.020726727
19.0,0.0,0.42857142857142855,-0.028615853
19.0,0.07142857142857142,0.42857142857142855,0.10677483
19.0,0.14285714285714285,0.42857142857142855,0.24012765
19.0,0.21428571428571427,0.42857142857142855,0.364642
19.0,0.2857142857142857,0.42857142857142855,0.47981158
19.0,0.3571428571428571,0.42857142857142855,0.5919634
19.0,0.42857142857142855,0.42857142857142855,0.69628817
19.0,0.5,0.42857142857142855,0.7470658
19.0,0.5714285714285714,0.42857142857142855,0.7024758
19.0,0.6428571428571428,0.42857142857142855,0.5970879
19.0,0.7142857142857142,0.42857142857142855,0.47898656
19.0,0.7857142857142857,0.42857142857142855,0.36001438
19.0,0.8571428571428571,0.42857142857142855,0.2383763
19.0,0.9285714285714285,0.42857142857142855,0.11285885
19.0,1.0,0.42857142857142855,-0.012974555
19.0,0.0,0.5,-0.028725574
19.0,0.07142857142857142,0.5,0.11376972
19.0,0.14285714285714285,0.5,0.2553554
19.0,0.21428571428571427,0.5,0.38861898
19.0,0.2857142857142857,0.5,0.5127853
19.0,0.3571428571428571,0.5,0.633893
19.0,0.42857142857142855,0.5,0.7463422
19.0,0.5,0.5,0.80072284
19.0,0.5714285714285714,0.5,0.7506917
19.0,0.6428571428571428,0.5,0.63629395
19.0,0.7142857142857142,0.5,0.5109757
19.0,0.7857142857142857,0.5,0.38609102
19.0,0.8571428571428571,0.5,0.2576711
19.0,0.9285714285714285,0.5,0.124327965
19.0,1.0,0.5,-0.008382993
19.0,0.0,0.5714285714285714,-0.027185643
19.0,0.07142857142857142,0.5714285714285714,0.10637261
19.0,0.14285714285714285,0.5714285714285714,0.23851493
19.0,0.21428571428571427,0.5714285714285714,0.3634666
19.0,0.2857142857142857,0.5714285714285714,0.4811401
19.0,0.3571428571428571,0.5714285714285714,0.5961839
19.0,0.42857142857142855,0.5714285714285714,0.70115215
19.0,0.5,0.5714285714285714,0.74918103
19.0,0.5714285714285714,0.5714285714285714,0.69960886
19.0,0.6428571428571428,0.5714285714285714,0.5930649
19.0,0.7142857142857142,0.5714285714285714,0.47823498
19.0,0.7857142857142857,0.5714285714285714,0.36293894
19.0,0.8571428571428571,0.5714285714285714,0.24205354
19.0,0.9285714285714285,0.5714285714285714,0.11484813
19.0,1.0,0.5714285714285714,-0.01211963
19.0,0.0,0.6428571428571428,-0.025108794
19.0,0.07142857142857142,0.6428571428571428,0.08964663
19.0,0.14285714285714285,0.6428571428571428,0.2017005
19.0,0.21428571428571427,0.6428571428571428,0.30828238
19.0,0.2857142857142857,0.6428571428571428,0.41074625
19.0,0.3571428571428571,0.6428571428571428,0.51175386
19.0,0.42857142857142855,0.6428571428571428,0.6010831
19.0,0.5,0.6428571428571428,0.63862514
19.0,0.5714285714285714,0.6428571428571428,0.5951568
19.0,0.6428571428571428,0.6428571428571428,0.5056248
19.0,0.7142857142857142,0.6428571428571428,0.40858567
19.0,0.7857142857142857,0.6428571428571428,0.30969745
19.0,0.8571428571428571,0.6428571428571428,0.20476021
19.0,0.9285714285714285,0.6428571428571428,0.093634285
19.0,1.0,0.6428571428571428,-0.01814018
19.0,0.0,0.7142857142857142,-0.022933276
19.0,0.07142857142857142,0.7142857142857142,0.06990246
19.0,0.14285714285714285,0.7142857142857142,0.15898755
19.0,0.21428571428571427,0.7142857142857142,0.2442528
19.0,0.2857142857142857,0.7142857142857142,0.32823166
19.0,0.3571428571428571,0.7142857142857142,0.41207686
19.0,0.42857142857142855,0.7142857142857142,0.4844325
19.0,0.5,0.7142857142857142,0.51354694
19.0,0.5714285714285714,0.7142857142857142,0.47964105
19.0,0.6428571428571428,0.7142857142857142,0.40844774
19.0,0.7142857142857142,0.7142857142857142,0.32932195
19.0,0.7857142857142857,0.7142857142857142,0.24836981
19.0,0.8571428571428571,0.7142857142857142,0.1629689
19.0,0.9285714285714285,0.7142857142857142,0.07251412
19.0,1.0,0.7142857142857142,-0.019811487
19.0,0.0,0.7857142857142857,-0.020095574
19.0,0.07142857142857142,0.7857142857142857,0.050917774
19.0,0.14285714285714285,0.7857142857142857,0.11717246
19.0,0.21428571428571427,0.7857142857142857,0.18044052
19.0,0.2857142857142857,0.7857142857142857,0.24407053
19.0,0.3571428571428571,0.7857142857142857,0.30861947
19.0,0.42857142857142855,0.7857142857142857,0.36369252
19.0,0.5,0.7857142857142857,0.38583452
19.0,0.5714285714285714,0.7857142857142857,0.36152276
19.0,0.6428571428571428,0.7857142857142857,0.30762643
19.0,0.7142857142857142,0.7857142857142857,0.2462194
19.0,0.7857142857142857,0.7857142857142857,0.1841897
19.0,0.8571428571428571,0.7857142857142857,0.11987359
19.0,0.9285714285714285,0.7857142857142857,0.051409997
19.0,1.0,0.7857142857142857,-0.020482251
19.0,0.0,0.8571428571428571,-0.017054992
19.0,0.07142857142857142,0.8571428571428571,0.03292682
19.0,0.14285714285714285,0.8571428571428571,0.076825194
19.0,0.21428571428571427,0.8571428571428571,0.11753737
19.0,0.2857142857142857,0.8571428571428571,0.15897538
19.0,0.3571428571428571,0.8571428571428571,0.20193897
19.0,0.42857142857142855,0.8571428571428571,0.23875645
19.0,0.5,0.8571428571428571,0.2539192
19.0,0.5714285714285714,0.8571428571428571,0.23847878
19.0,0.6428571428571428,0.8571428571428571,0.20210804
19.0,0.7142857142857142,0.8571428571428571,0.15999006
19.0,0.7857142857142857,0.8571428571428571,0.11818542
19.0,0.8571428571428571,0.8571428571428571,0.07516579
19.0,0.9285714285714285,0.8571428571428571,0.027953634
19.0,1.0,0.8571428571428571,-0.024503643
19.0,0.0,0.9285714285714285,-0.01678996
19.0,0.07142857142857142,0.9285714285714285,0.012372548
19.0,0.14285714285714285,0.9285714285714285,0.033904113
19.0,0.21428571428571427,0.9285714285714285,0.051466383
19.0,0.2857142857142857,0.9285714285714285,0.06945299
19.0,0.3571428571428571,0.9285714285714285,0.08967935
19.0,0.42857142857142855,0.9285714285714285,0.1083406
19.0,0.5,0.9285714285714285,0.1170804
19.0,0.5714285714285714,0.9285714285714285,0.110444225
19.0,0.6428571428571428,0.9285714285714285,0.09242309
19.0,0.7142857142857142,0.9285714285714285,0.07122339
19.0,0.7857142857142857,0.9285714285714285,0.050448827
19.0,0.8571428571428571,0.9285714285714285,0.028192883
19.0,0.9285714285714285,0.9285714285714285,0.00088363886
19.0,1.0,0.9285714285714285,-0.03355158
19.0,0.0,1.0,-0.02469442
19.0,0.07142857142857142,1.0,-0.016676003
19.0,0.14285714285714285,1.0,-0.01735064
19.0,0.21428571428571427,1.0,-0.022320727
19.0,0.2857142857142857,1.0,-0.026597472
19.0,0.3571428571428571,1.0,-0.026900651
19.0,0.42857142857142855,1.0,-0.023332665
19.0,0.5,1.0,-0.018980676
19.0,0.5714285714285714,1.0,-0.01700935
19.0,0.6428571428571428,1.0,-0.017491424
19.0,0.7142857142857142,1.0,-0.018266441
19.0,0.7857142857142857,1.0,-0.018817635
19.0,0.8571428571428571,1.0,-0.02170402
19.0,0.9285714285714285,1.0,-0.030706681
19.0,1.0,1.0,-0.048421346
20.0,0.0,0.0,-0.026029978
20.0,0.07142857142857142,0.0,-0.01700534
20.0,0.14285714285714285,0.0,-0.01445256
20.0,0.21428571428571427,0.0,-0.01721324
20.0,0.2857142857142857,0.0,-0.021465898
20.0,0.3571428571428571,0.0,-0.021616435
20.0,0.42857142857142855,0.0,-0.017259024
20.0,0.5,0.0,-0.016073607
20.0,0.5714285714285714,0.0,-0.02160398
20.0,0.6428571428571428,0.0,-0.026918674
20.0,0.7142857142857142,0.0,-0.025845716
20.0,0.7857142857142857,0.0,-0.02128761
20.0,0.8571428571428571,0.0,-0.020396804
20.0,0.9285714285714285,0.0,-0.027716557
20.0,1.0,0.0,-0.044125177
20.0,0.0,0.07142857142857142,-0.018738514
20.0,0.07142857142857142,0.07142857142857142,0.009570802
20.0,0.14285714285714285,0.07142857142857142,0.033254214
20.0,0.21428571428571427,0.07142857142857142,0.052692838
20.0,0.2857142857142857,0.07142857142857142,0.07054491
20.0,0.3571428571428571,0.07142857142857142,0.09126335
20.0,0.42857142857142855,0.07142857142857142,0.11252053
20.0,0.5,0.07142857142857142,0.12020213
20.0,0.5714285714285714,0.07142857142857142,0.1076026
20.0,0.6428571428571428,0.07142857142857142,0.08662947
20.0,0.7142857142857142,0.07142857142857142,0.068940304
20.0,0.7857142857142857,0.07142857142857142,0.053024583
20.0,0.8571428571428571,0.07142857142857142,0.032467447
20.0,0.9285714285714285,0.07142857142857142,0.0044294354
20.0,1.0,0.07142857142857142,-0.030867482
20.0,0.0,0.14285714285714285,-0.017982263
20.0,0.07142857142857142,0.14285714285714285,0.030868107
20.0,0.14285714285714285,0.14285714285714285,0.07696576
20.0,0.21428571428571427,0.14285714285714285,0.11980752
20.0,0.2857142857142857,0.14285714285714285,0.1607481
20.0,0.3571428571428571,0.14285714285714285,0.20309542
20.0,0.42857142857142855,0.14285714285714285,0.24217167
20.0,0.5,0.14285714285714285,0.25704235
20.0,0.5714285714285714,0.14285714285714285,0.2368494
20.0,0.6428571428571428,0.14285714285714285,0.19863032
20.0,0.7142857142857142,0.14285714285714285,0.15994026
20.0,0.7857142857142857,0.14285714285714285,0.12115655
20.0,0.8571428571428571,0.14285714285714285,0.077619456
20.0,0.9285714285714285,0.14285714285714285,0.028358212
20.0,1.0,0.14285714285714285,-0.02599834
20.0,0.0,0.21428571428571427,-0.021118958
20.0,0.07142857142857142,0.21428571428571427,0.049325235
20.0,0.14285714285714285,0.21428571428571427,0.118189655
20.0,0.21428571428571427,0.21428571428571427,0.1838637
20.0,0.2857142857142857,0.21428571428571427,0.24653363
20.0,0.3571428571428571,0.21428571428571427,0.30891553
20.0,0.42857142857142855,0.21428571428571427,0.36502343
20.0,0.5,0.21428571428571427,0.38765913
20.0,0.5714285714285714,0.21428571428571427,0.3607226
20.0,0.6428571428571428,0.21428571428571427,0.30551222
20.0,0.7142857142857142,0.21428571428571427,0.24549314
20.0,0.7857142857142857,0.21428571428571427,0.18363363
20.0,0.8571428571428571,0.21428571428571427,0.11761645
20.0,0.9285714285714285,0.21428571428571427,0.047690786
20.0,1.0,0.21428571428571427,-0.025634209
20.0,0.0,0.2857142857142857,-0.024946967
20.0,0.07142857142857142,0.2857142857142857,0.06804555
20.0,0.14285714285714285,0.2857142857142857,0.15946113
20.0,0.21428571428571427,0.2857142857142857,0.24630538
20.0,0.2857142857142857,0.2857142857142857,0.32816362
20.0,0.3571428571428571,0.2857142857142857,0.4082329
20.0,0.42857142857142855,0.2857142857142857,0.48032644
20.0,0.5,0.2857142857142857,0.51157224
20.0,0.5714285714285714,0.2857142857142857,0.47920984
20.0,0.6428571428571428,0.2857142857142857,0.40776932
20.0,0.7142857142857142,0.2857142857142857,0.32714942
20.0,0.7857142857142857,0.2857142857142857,0.24367136
20.0,0.8571428571428571,0.2857142857142857,0.156887
20.0,0.9285714285714285,0.2857142857142857,0.067135654
20.0,1.0,0.2857142857142857,-0.02500047
20.0,0.0,0.3571428571428571,-0.027189353
20.0,0.07142857142857142,0.3571428571428571,0.08856429
20.0,0.14285714285714285,0.3571428571428571,0.20199454
20.0,0.21428571428571427,0.3571428571428571,0.30841932
20.0,0.2857142857142857,0.3571428571428571,0.4075097
20.0,0.3571428571428571,0.3571428571428571,0.5039025
20.0,0.42857142857142855,0.3571428571428571,0.5917314
20.0,0.5,0.3571428571428571,0.63243335
20.0,0.5714285714285714,0.3571428571428571,0.59505737
20.0,0.6428571428571428,0.3571428571428571,0.50733596
20.0,0.7142857142857142,0.3571428571428571,0.40700832
20.0,0.7857142857142857,0.3571428571428571,0.30406255
20.0,0.8571428571428571,0.3571428571428571,0.19847804
20.0,0.9285714285714285,0.3571428571428571,0.0898231
20.0,1.0,0.3571428571428571,-0.02040516
20.0,0.0,0.42857142857142855,-0.028272243
20.0,0.07142857142857142,0.42857142857142855,0.10662604
20.0,0.14285714285714285,0.42857142857142855,0.23936632
20.0,0.21428571428571427,0.42857142857142855,0.3634735
20.0,0.2857142857142857,0.42857142857142855,0.47866562
20.0,0.3571428571428571,0.42857142857142855,0.59073734
20.0,0.42857142857142855,0.42857142857142855,0.6937519
20.0,0.5,0.42857142857142855,0.7432296
20.0,0.5714285714285714,0.42857142857142855,0.6997373
20.0,0.6428571428571428,0.42857142857142855,0.5957188
20.0,0.7142857142857142,0.42857142857142855,0.47781706
20.0,0.7857142857142857,0.42857142857142855,0.35885024
20.0,0.8571428571428571,0.42857142857142855,0.23760968
20.0,0.9285714285714285,0.42857142857142855,0.11275479
20.0,1.0,0.42857142857142855,-0.012498023
20.0,0.0,0.5,-0.028481716
20.0,0.07142857142857142,0.5,0.11350261
20.0,0.14285714285714285,0.5,0.25441107
20.0,0.21428571428571427,0.5,0.3871298
20.0,0.2857142857142857,0.5,0.51109034
20.0,0.3571428571428571,0.5,0.6318165
20.0,0.42857142857142855,0.5,0.7426462
20.0,0.5,0.5,0.7954993
20.0,0.5714285714285714,0.5,0.7467215
20.0,0.6428571428571428,0.5,0.6340291
20.0,0.7142857142857142,0.5,0.5091417
20.0,0.7857142857142857,0.5,0.38446078
20.0,0.8571428571428571,0.5,0.25668016
20.0,0.9285714285714285,0.5,0.12422568
20.0,1.0,0.5,-0.0077591557
20.0,0.0,0.5714285714285714,-0.026840435
20.0,0.07142857142857142,0.5714285714285714,0.106313854
20.0,0.14285714285714285,0.5714285714285714,0.23796934
20.0,0.21428571428571427,0.5714285714285714,0.36258894
20.0,0.2857142857142857,0.5714285714285714,0.4802145
20.0,0.3571428571428571,0.5714285714285714,0.5950235
20.0,0.42857142857142855,0.5714285714285714,0.69868994
20.0,0.5,0.5714285714285714,0.7454915
20.0,0.5714285714285714,0.5714285714285714,0.6970638
20.0,0.6428571428571428,0.5714285714285714,0.5919404
20.0,0.7142857142857142,0.5714285714285714,0.47728673
20.0,0.7857142857142857,0.5714285714285714,0.36194593
20.0,0.8571428571428571,0.5714285714285714,0.24147308
20.0,0.9285714285714285,0.5714285714285714,0.11498482
20.0,1.0,0.5714285714285714,-0.011362681
20.0,0.0,0.6428571428571428,-0.024643684
20.0,0.07142857142857142,0.6428571428571428,0.08977872
20.0,0.14285714285714285,0.6428571428571428,0.20152584
20.0,0.21428571428571427,0.6428571428571428,0.30799586
20.0,0.2857142857142857,0.6428571428571428,0.41056547
20.0,0.3571428571428571,0.6428571428571428,0.5114688
20.0,0.42857142857142855,0.6428571428571428,0.5998761
20.0,0.5,0.6428571428571428,0.63658744
20.0,0.5714285714285714,0.6428571428571428,0.5939924
20.0,0.6428571428571428,0.6428571428571428,0.5054879
20.0,0.7142857142857142,0.6428571428571428,0.4084811
20.0,0.7857142857142857,0.6428571428571428,0.30939016
20.0,0.8571428571428571,0.6428571428571428,0.2045848
20.0,0.9285714285714285,0.6428571428571428,0.0938793
20.0,1.0,0.6428571428571428,-0.017468141
20.0,0.0,0.7142857142857142,-0.02242461
20.0,0.07142857142857142,0.7142857142857142,0.0700679
20.0,0.14285714285714285,0.7142857142857142,0.15888825
20.0,0.21428571428571427,0.7142857142857142,0.24407941
20.0,0.2857142857142857,0.7142857142857142,0.32813853
20.0,0.3571428571428571,0.7142857142857142,0.4118593
20.0,0.42857142857142855,0.7142857142857142,0.48349524
20.0,0.5,0.7142857142857142,0.5119955
20.0,0.5714285714285714,0.7142857142857142,0.4786756
20.0,0.6428571428571428,0.7142857142857142,0.40827957
20.0,0.7142857142857142,0.7142857142857142,0.32927725
20.0,0.7857142857142857,0.7142857142857142,0.2481992
20.0,0.8571428571428571,0.7142857142857142,0.16284952
20.0,0.9285714285714285,0.7142857142857142,0.07265278
20.0,1.0,0.7142857142857142,-0.01936994
20.0,0.0,0.7857142857142857,-0.01955984
20.0,0.07142857142857142,0.7857142857142857,0.05106061
20.0,0.14285714285714285,0.7857142857142857,0.117017515
20.0,0.21428571428571427,0.7857142857142857,0.18017519
20.0,0.2857142857142857,0.7857142857142857,0.24384198
20.0,0.3571428571428571,0.7857142857142857,0.30828562
20.0,0.42857142857142855,0.7857142857142857,0.36283687
20.0,0.5,0.7857142857142857,0.38452187
20.0,0.5714285714285714,0.7857142857142857,0.36055577
20.0,0.6428571428571428,0.7857142857142857,0.30725074
20.0,0.7142857142857142,0.7857142857142857,0.24601799
20.0,0.7857142857142857,0.7857142857142857,0.18394229
20.0,0.8571428571428571,0.7857142857142857,0.11968037
20.0,0.9285714285714285,0.7857142857142857,0.051427096
20.0,1.0,0.7857142857142857,-0.020204695
20.0,0.0,0.8571428571428571,-0.016475866
20.0,0.07142857142857142,0.8571428571428571,0.03305862
20.0,0.14285714285714285,0.8571428571428571,0.07662343
20.0,0.21428571428571427,0.8571428571428571,0.11721557
20.0,0.2857142857142857,0.8571428571428571,0.15872261
20.0,0.3571428571428571,0.8571428571428571,0.20170213
20.0,0.42857142857142855,0.8571428571428571,0.23824838
20.0,0.5,0.8571428571428571,0.25311077
20.0,0.5714285714285714,0.8571428571428571,0.23781249
20.0,0.6428571428571428,0.8571428571428571,0.20178246
20.0,0.7142857142857142,0.8571428571428571,0.1597709
20.0,0.7857142857142857,0.8571428571428571,0.117916115
20.0,0.8571428571428571,0.8571428571428571,0.074927144
20.0,0.9285714285714285,0.8571428571428571,0.027892115
20.0,1.0,0.8571428571428571,-0.024322825
20.0,0.0,0.9285714285714285,-0.016182674
20.0,0.07142857142857142,0.9285714285714285,0.012500668
20.0,0.14285714285714285,0.9285714285714285,0.033709377
20.0,0.21428571428571427,0.9285714285714285,0.051209725
20.0,0.2857142857142857,0.9285714285714285,0.069363646
20.0,0.3571428571428571,0.9285714285714285,0.08977104
20.0,0.42857142857142855,0.9285714285714285,0.10840718
20.0,0.5,0.9285714285714285,0.116997935
20.0,0.5714285714285714,0.9285714285714285,0.11035797
20.0,0.6428571428571428,0.9285714285714285,0.092431635
20.0,0.7142857142857142,0.9285714285714285,0.07120261
20.0,0.7857142857142857,0.9285714285714285,0.050306357
20.0,0.8571428571428571,0.9285714285714285,0.028006198
20.0,0.9285714285714285,0.9285714285714285,0.0008017663
20.0,1.0,0.9285714285714285,-0.03343355
20.0,0.0,1.0,-0.02411396
20.0,0.07142857142857142,1.0,-0.01654855
20.0,0.14285714285714285,1.0,-0.017459828
20.0,0.21428571428571427,1.0,-0.022376401
20.0,0.2857142857142857,1.0,-0.02637265
20.0,0.3571428571428571,1.0,-0.026364977
20.0,0.42857142857142855,1.0,-0.022648593
20.0,0.5,1.0,-0.018325204
20.0,0.5714285714285714,1.0,-0.016428309
20.0,0.6428571428571428,1.0,-0.016992496
20.0,0.7142857142857142,1.0,-0.017930614
20.0,0.7857142857142857,1.0,-0.018699387
20.0,0.8571428571428571,1.0,-0.02173384
20.0,0.9285714285714285,1.0,-0.030738138
20.0,1.0,1.0,-0.04833146
21.0,0.0,0.0,-0.025926495
21.0,0.07142857142857142,0.0,-0.016913582
21.0,0.14285714285714285,0.0,-0.01439826
21.0,0.21428571428571427,0.0,-0.01718549
21.0,0.2857142857142857,0.0,-0.021388918
21.0,0.3571428571428571,0.0,-0.02143047
21.0,0.42857142857142855,0.0,-0.01700264
21.0,0.5,0.0,-0.015718253
21.0,0.5714285714285714,0.0,-0.02109567
21.0,0.6428571428571428,0.0,-0.026410302
21.0,0.7142857142857142,0.0,-0.025469208
21.0,0.7857142857142857,0.0,-0.02092375
21.0,0.8571428571428571,0.0,-0.019870723
21.0,0.9285714285714285,0.0,-0.026992256
21.0,1.0,0.0,-0.043276355
21.0,0.0,0.07142857142857142,-0.018740702
21.0,0.07142857142857142,0.07142857142857142,0.009562416
21.0,0.14285714285714285,0.07142857142857142,0.03322535
21.0,0.21428571428571427,0.07142857142857142,0.05266054
21.0,0.2857142857142857,0.07142857142857142,0.0705637
21.0,0.3571428571428571,0.07142857142857142,0.091298714
21.0,0.42857142857142855,0.07142857142857142,0.112372585
21.0,0.5,0.07142857142857142,0.119949885
21.0,0.5714285714285714,0.07142857142857142,0.107564
21.0,0.6428571428571428,0.07142857142857142,0.08671593
21.0,0.7142857142857142,0.07142857142857142,0.0689528
21.0,0.7857142857142857,0.07142857142857142,0.053073302
21.0,0.8571428571428571,0.07142857142857142,0.032706223
21.0,0.9285714285714285,0.07142857142857142,0.004857866
21.0,1.0,0.07142857142857142,-0.030335637
21.0,0.0,0.14285714285714285,-0.017991377
21.0,0.07142857142857142,0.14285714285714285,0.030816087
21.0,0.14285714285714285,0.14285714285714285,0.076865315
21.0,0.21428571428571427,0.14285714285714285,0.11969074
21.0,0.2857142857142857,0.14285714285714285,0.1606751
21.0,0.3571428571428571,0.14285714285714285,0.20295787
21.0,0.42857142857142855,0.14285714285714285,0.24157181
21.0,0.5,0.14285714285714285,0.25611374
21.0,0.5714285714285714,0.14285714285714285,0.23626868
21.0,0.6428571428571428,0.14285714285714285,0.19838455
21.0,0.7142857142857142,0.14285714285714285,0.15972029
21.0,0.7857142857142857,0.14285714285714285,0.12102001
21.0,0.8571428571428571,0.14285714285714285,0.07766711
21.0,0.9285714285714285,0.14285714285714285,0.028564079
21.0,1.0,0.14285714285714285,-0.025701964
21.0,0.0,0.21428571428571427,-0.020999096
21.0,0.07142857142857142,0.21428571428571427,0.04931859
21.0,0.14285714285714285,0.21428571428571427,0.11805492
21.0,0.21428571428571427,0.21428571428571427,0.18367298
21.0,0.2857142857142857,0.21428571428571427,0.24641266
21.0,0.3571428571428571,0.21428571428571427,0.30873778
21.0,0.42857142857142855,0.21428571428571427,0.36418456
21.0,0.5,0.21428571428571427,0.38630044
21.0,0.5714285714285714,0.21428571428571427,0.35988057
21.0,0.6428571428571428,0.21428571428571427,0.3052199
21.0,0.7142857142857142,0.21428571428571427,0.24528271
21.0,0.7857142857142857,0.21428571428571427,0.18347362
21.0,0.8571428571428571,0.21428571428571427,0.11757422
21.0,0.9285714285714285,0.21428571428571427,0.04777617
21.0,1.0,0.21428571428571427,-0.025435241
21.0,0.0,0.2857142857142857,-0.024604421
21.0,0.07142857142857142,0.2857142857142857,0.068129875
21.0,0.14285714285714285,0.2857142857142857,0.15928325
21.0,0.21428571428571427,0.2857142857142857,0.24601606
21.0,0.2857142857142857,0.2857142857142857,0.32802054
21.0,0.3571428571428571,0.2857142857142857,0.40813908
21.0,0.42857142857142855,0.2857142857142857,0.47946042
21.0,0.5,0.2857142857142857,0.5100207
21.0,0.5714285714285714,0.2857142857142857,0.47834316
21.0,0.6428571428571428,0.2857142857142857,0.40763685
21.0,0.7142857142857142,0.2857142857142857,0.32706764
21.0,0.7857142857142857,0.2857142857142857,0.24351326
21.0,0.8571428571428571,0.2857142857142857,0.15677083
21.0,0.9285714285714285,0.2857142857142857,0.06718644
21.0,1.0,0.2857142857142857,-0.024742218
21.0,0.0,0.3571428571428571,-0.02669177
21.0,0.07142857142857142,0.3571428571428571,0.088640876
21.0,0.14285714285714285,0.3571428571428571,0.20162556
21.0,0.21428571428571427,0.3571428571428571,0.3078454
21.0,0.2857142857142857,0.3571428571428571,0.40713477
21.0,0.3571428571428571,0.3571428571428571,0.50364697
21.0,0.42857142857142855,0.3571428571428571,0.5905531
21.0,0.5,0.3571428571428571,0.6303478
21.0,0.5714285714285714,0.3571428571428571,0.5938211
21.0,0.6428571428571428,0.3571428571428571,0.5070536
21.0,0.7142857142857142,0.3571428571428571,0.40674335
21.0,0.7857142857142857,0.3571428571428571,0.30362892
21.0,0.8571428571428571,0.3571428571428571,0.1981431
21.0,0.9285714285714285,0.3571428571428571,0.08984425
21.0,1.0,0.3571428571428571,-0.019989187
21.0,0.0,0.42857142857142855,-0.027825808
21.0,0.07142857142857142,0.42857142857142855,0.106508516
21.0,0.14285714285714285,0.42857142857142855,0.23859783
21.0,0.21428571428571427,0.42857142857142855,0.36230713
21.0,0.2857142857142857,0.42857142857142855,0.47754544
21.0,0.3571428571428571,0.42857142857142855,0.58952904
21.0,0.42857142857142855,0.42857142857142855,0.6912523
21.0,0.5,0.42857142857142855,0.7394763
21.0,0.5714285714285714,0.42857142857142855,0.69702303
21.0,0.6428571428571428,0.42857142857142855,0.5943523
21.0,0.7142857142857142,0.42857142857142855,0.4766674
21.0,0.7857142857142857,0.42857142857142855,0.35769448
21.0,0.8571428571428571,0.42857142857142855,0.23684274
21.0,0.9285714285714285,0.42857142857142855,0.11268084
21.0,1.0,0.42857142857142855,-0.011926876
21.0,0.0,0.5,-0.028109709
21.0,0.07142857142857142,0.5,0.113289416
21.0,0.14285714285714285,0.5,0.25347853
21.0,0.21428571428571427,0.5,0.38565817
21.0,0.2857142857142857,0.5,0.50943637
21.0,0.3571428571428571,0.5,0.6297825
21.0,0.42857142857142855,0.5,0.7390243
21.0,0.5,0.5,0.7904095
21.0,0.5714285714285714,0.5,0.7428232
21.0,0.6428571428571428,0.5,0.6318085
21.0,0.7142857142857142,0.5,0.5073645
21.0,0.7857142857142857,0.5,0.38285786
21.0,0.8571428571428571,0.5,0.2556893
21.0,0.9285714285714285,0.5,0.12414751
21.0,1.0,0.5,-0.007043192
21.0,0.0,0.5714285714285714,-0.026378037
21.0,0.07142857142857142,0.5714285714285714,0.106298864
21.0,0.14285714285714285,0.5714285714285714,0.23741895
21.0,0.21428571428571427,0.5714285714285714,0.36169636
21.0,0.2857142857142857,0.5714285714285714,0.47927874
21.0,0.3571428571428571,0.5714285714285714,0.59384304
21.0,0.42857142857142855,0.5714285714285714,0.69622844
21.0,0.5,0.5714285714285714,0.74185616
21.0,0.5714285714285714,0.5714285714285714,0.694534
21.0,0.6428571428571428,0.5714285714285714,0.5908192
21.0,0.7142857142857142,0.5714285714285714,0.4763632
21.0,0.7857142857142857,0.5714285714285714,0.36095798
21.0,0.8571428571428571,0.5714285714285714,0.24087593
21.0,0.9285714285714285,0.5714285714285714,0.115134545
21.0,1.0,0.5714285714285714,-0.010518977
21.0,0.0,0.6428571428571428,-0.024081046
21.0,0.07142857142857142,0.6428571428571428,0.08994365
21.0,0.14285714285714285,0.6428571428571428,0.2013391
21.0,0.21428571428571427,0.6428571428571428,0.3076769
21.0,0.2857142857142857,0.6428571428571428,0.41033992
21.0,0.3571428571428571,0.6428571428571428,0.51112306
21.0,0.42857142857142855,0.6428571428571428,0.59862494
21.0,0.5,0.6428571428571428,0.63455504
21.0,0.5714285714285714,0.6428571428571428,0.5928174
21.0,0.6428571428571428,0.6428571428571428,0.50532925
21.0,0.7142857142857142,0.6428571428571428,0.4083678
21.0,0.7857142857142857,0.6428571428571428,0.30906463
21.0,0.8571428571428571,0.6428571428571428,0.20438662
21.0,0.9285714285714285,0.6428571428571428,0.09413878
21.0,1.0,0.6428571428571428,-0.016708689
21.0,0.0,0.7142857142857142,-0.021825822
21.0,0.07142857142857142,0.7142857142857142,0.07027212
21.0,0.14285714285714285,0.7142857142857142,0.15879011
21.0,0.21428571428571427,0.7142857142857142,0.24388453
21.0,0.2857142857142857,0.7142857142857142,0.32800633
21.0,0.3571428571428571,0.7142857142857142,0.4115862
21.0,0.42857142857142855,0.7142857142857142,0.48251745
21.0,0.5,0.7142857142857142,0.51044863
21.0,0.5714285714285714,0.7142857142857142,0.47771215
21.0,0.6428571428571428,0.7142857142857142,0.40809637
21.0,0.7142857142857142,0.7142857142857142,0.32921737
21.0,0.7857142857142857,0.7142857142857142,0.24801016
21.0,0.8571428571428571,0.7142857142857142,0.16271923
21.0,0.9285714285714285,0.7142857142857142,0.0728189
21.0,1.0,0.7142857142857142,-0.01883681
21.0,0.0,0.7857142857142857,-0.018933902
21.0,0.07142857142857142,0.7857142857142857,0.05125516
21.0,0.14285714285714285,0.7857142857142857,0.1168853
21.0,0.21428571428571427,0.7857142857142857,0.17991209
21.0,0.2857142857142857,0.7857142857142857,0.24359733
21.0,0.3571428571428571,0.7857142857142857,0.30791682
21.0,0.42857142857142855,0.7857142857142857,0.36195305
21.0,0.5,0.7857142857142857,0.38321218
21.0,0.5714285714285714,0.7857142857142857,0.3595923
21.0,0.6428571428571428,0.7857142857142857,0.30686614
21.0,0.7142857142857142,0.7857142857142857,0.24580914
21.0,0.7857142857142857,0.7857142857142857,0.18369296
21.0,0.8571428571428571,0.7857142857142857,0.11949975
21.0,0.9285714285714285,0.7857142857142857,0.051490806
21.0,1.0,0.7857142857142857,-0.01982884
21.0,0.0,0.8571428571428571,-0.01580807
21.0,0.07142857142857142,0.8571428571428571,0.033251055
21.0,0.14285714285714285,0.8571428571428571,0.07646293
21.0,0.21428571428571427,0.8571428571428571,0.11692288
21.0,0.2857142857142857,0.8571428571428571,0.15848374
21.0,0.3571428571428571,0.8571428571428571,0.20146109
21.0,0.42857142857142855,0.8571428571428571,0.23773387
21.0,0.5,0.8571428571428571,0.25231215
21.0,0.5714285714285714,0.8571428571428571,0.23715836
21.0,0.6428571428571428,0.8571428571428571,0.20146336
21.0,0.7142857142857142,0.8571428571428571,0.15956351
21.0,0.7857142857142857,0.8571428571428571,0.11766962
21.0,0.8571428571428571,0.8571428571428571,0.07472718
21.0,0.9285714285714285,0.8571428571428571,0.027895393
21.0,1.0,0.8571428571428571,-0.0240374
21.0,0.0,0.9285714285714285,-0.015494747
21.0,0.07142857142857142,0.9285714285714285,0.012692397
21.0,0.14285714285714285,0.9285714285714285,0.033571906
21.0,0.21428571428571427,0.9285714285714285,0.051008463
21.0,0.2857142857142857,0.9285714285714285,0.06932414
21.0,0.3571428571428571,0.9285714285714285,0.089901544
21.0,0.42857142857142855,0.9285714285714285,0.10850876
21.0,0.5,0.9285714285714285,0.11695614
21.0,0.5714285714285714,0.9285714285714285,0.11031335
21.0,0.6428571428571428,0.9285714285714285,0.092477135
21.0,0.7142857142857142,0.9285714285714285,0.07122349
21.0,0.7857142857142857,0.9285714285714285,0.05021479
21.0,0.8571428571428571,0.9285714285714285,0.02788232
21.0,0.9285714285714285,0.9285714285714285,0.0008003153
21.0,1.0,0.9285714285714285,-0.03320781
21.0,0.0,1.0,-0.023464173
21.0,0.07142857142857142,1.0,-0.016354423
21.0,0.14285714285714285,1.0,-0.017494708
21.0,0.21428571428571427,1.0,-0.022346297
21.0,0.2857142857142857,1.0,-0.026055163
21.0,0.3571428571428571,1.0,-0.025737053
21.0,0.42857142857142855,1.0,-0.021871103
21.0,0.5,1.0,-0.01757467
21.0,0.5714285714285714,1.0,-0.01575576
21.0,0.6428571428571428,1.0,-0.016411373
21.0,0.7142857142857142,1.0,-0.017516783
21.0,0.7857142857142857,1.0,-0.01850036
21.0,0.8571428571428571,1.0,-0.021677775
21.0,0.9285714285714285,1.0,-0.030675646
21.0,1.0,1.0,-0.048131563
22.0,0.0,0.0,-0.025755094
22.0,0.07142857142857142,0.0,-0.016772464
22.0,0.14285714285714285,0.0,-0.014308991
22.0,0.21428571428571427,0.0,-0.017123852
22.0,0.2857142857142857,0.0,-0.02126374
22.0,0.3571428571428571,0.0,-0.02117978
22.0,0.42857142857142855,0.0,-0.016675867
22.0,0.5,0.0,-0.015296381
22.0,0.5714285714285714,0.0,-0.020526007
22.0,0.6428571428571428,0.0,-0.025843678
22.0,0.7142857142857142,0.0,-0.025040505
22.0,0.7857142857142857,0.0,-0.020510377
22.0,0.8571428571428571,0.0,-0.019284045
22.0,0.9285714285714285,0.0,-0.026181215
22.0,1.0,0.0,-0.04231195
22.0,0.0,0.07142857142857142,-0.018673599
22.0,0.07142857142857142,0.07142857142857142,0.009596461
22.0,0.14285714285714285,0.07142857142857142,0.033216134
22.0,0.21428571428571427,0.07142857142857142,0.052633345
22.0,0.2857142857142857,0.07142857142857142,0.070588894
22.0,0.3571428571428571,0.07142857142857142,0.09134611
22.0,0.42857142857142855,0.07142857142857142,0.11223724
22.0,0.5,0.07142857142857142,0.119710125
22.0,0.5714285714285714,0.07142857142857142,0.10753765
22.0,0.6428571428571428,0.07142857142857142,0.08682009
22.0,0.7142857142857142,0.07142857142857142,0.06898623
22.0,0.7857142857142857,0.07142857142857142,0.053146936
22.0,0.8571428571428571,0.07142857142857142,0.032989345
22.0,0.9285714285714285,0.07142857142857142,0.00536119
22.0,1.0,0.07142857142857142,-0.02969523
22.0,0.0,0.14285714285714285,-0.01793234
22.0,0.07142857142857142,0.14285714285714285,0.030799692
22.0,0.14285714285714285,0.14285714285714285,0.07677032
22.0,0.21428571428571427,0.14285714285714285,0.11955882
22.0,0.2857142857142857,0.14285714285714285,0.16058281
22.0,0.3571428571428571,0.14285714285714285,0.2028008
22.0,0.42857142857142855,0.14285714285714285,0.24095836
22.0,0.5,0.14285714285714285,0.25518417
22.0,0.5714285714285714,0.14285714285714285,0.23568517
22.0,0.6428571428571428,0.14285714285714285,0.19813994
22.0,0.7142857142857142,0.14285714285714285,0.159507
22.0,0.7857142857142857,0.14285714285714285,0.1208942
22.0,0.8571428571428571,0.14285714285714285,0.07774644
22.0,0.9285714285714285,0.14285714285714285,0.028835287
22.0,1.0,0.14285714285714285,-0.0253035
22.0,0.0,0.21428571428571427,-0.020814763
22.0,0.07142857142857142,0.21428571428571427,0.0493372
22.0,0.14285714285714285,0.21428571428571427,0.117912285
22.0,0.21428571428571427,0.21428571428571427,0.18345594
22.0,0.2857142857142857,0.21428571428571427,0.24626401
22.0,0.3571428571428571,0.21428571428571427,0.30853298
22.0,0.42857142857142855,0.21428571428571427,0.36333343
22.0,0.5,0.21428571428571427,0.38495567
22.0,0.5714285714285714,0.21428571428571427,0.35904166
22.0,0.6428571428571428,0.21428571428571427,0.30492556
22.0,0.7142857142857142,0.21428571428571427,0.24507153
22.0,0.7857142857142857,0.21428571428571427,0.18331553
22.0,0.8571428571428571,0.21428571428571427,0.117552154
22.0,0.9285714285714285,0.21428571428571427,0.047915585
22.0,1.0,0.21428571428571427,-0.025140421
22.0,0.0,0.2857142857142857,-0.024201732
22.0,0.07142857142857142,0.2857142857142857,0.06822698
22.0,0.14285714285714285,0.2857142857142857,0.15908614
22.0,0.21428571428571427,0.2857142857142857,0.24569926
22.0,0.2857142857142857,0.2857142857142857,0.32785717
22.0,0.3571428571428571,0.2857142857142857,0.40802327
22.0,0.42857142857142855,0.2857142857142857,0.47859043
22.0,0.5,0.2857142857142857,0.50849813
22.0,0.5714285714285714,0.2857142857142857,0.4774804
22.0,0.6428571428571428,0.2857142857142857,0.4074953
22.0,0.7142857142857142,0.2857142857142857,0.32697845
22.0,0.7857142857142857,0.2857142857142857,0.2433486
22.0,0.8571428571428571,0.2857142857142857,0.15666224
22.0,0.9285714285714285,0.2857142857142857,0.06727806
22.0,1.0,0.2857142857142857,-0.02439365
22.0,0.0,0.3571428571428571,-0.026128998
22.0,0.07142857142857142,0.3571428571428571,0.08872544
22.0,0.14285714285714285,0.3571428571428571,0.2012344
22.0,0.21428571428571427,0.3571428571428571,0.30725476
22.0,0.2857142857142857,0.3571428571428571,0.40675887
22.0,0.3571428571428571,0.3571428571428571,0.5033787
22.0,0.42857142857142855,0.3571428571428571,0.58937526
22.0,0.5,0.3571428571428571,0.62829983
22.0,0.5714285714285714,0.3571428571428571,0.5925815
22.0,0.6428571428571428,0.3571428571428571,0.5067509
22.0,0.7142857142857142,0.3571428571428571,0.40647188
22.0,0.7857142857142857,0.3571428571428571,0.3031892
22.0,0.8571428571428571,0.3571428571428571,0.1978071
22.0,0.9285714285714285,0.3571428571428571,0.08989606
22.0,1.0,0.3571428571428571,-0.019487152
22.0,0.0,0.42857142857142855,-0.027286677
22.0,0.07142857142857142,0.42857142857142855,0.106417574
22.0,0.14285714285714285,0.42857142857142855,0.2378258
22.0,0.21428571428571427,0.42857142857142855,0.3611508
22.0,0.2857142857142857,0.42857142857142855,0.47645396
22.0,0.3571428571428571,0.42857142857142855,0.58833706
22.0,0.42857142857142855,0.42857142857142855,0.6887857
22.0,0.5,0.42857142857142855,0.7358015
22.0,0.5714285714285714,0.42857142857142855,0.6943323
22.0,0.6428571428571428,0.42857142857142855,0.592989
22.0,0.7142857142857142,0.42857142857142855,0.4755429
22.0,0.7857142857142857,0.42857142857142855,0.3565543
22.0,0.8571428571428571,0.42857142857142855,0.23607802
22.0,0.9285714285714285,0.42857142857142855,0.112632886
22.0,1.0,0.42857142857142855,-0.01127159
22.0,0.0,0.5,-0.027620235
22.0,0.07142857142857142,0.5,0.113123424
22.0,0.14285714285714285,0.5,0.2525582
22.0,0.21428571428571427,0.5,0.3842087
22.0,0.2857142857142857,0.5,0.50782514
22.0,0.3571428571428571,0.5,0.62778705
22.0,0.42857142857142855,0.5,0.73547095
22.0,0.5,0.5,0.78544563
22.0,0.5714285714285714,0.5,0.7389939
22.0,0.6428571428571428,0.5,0.6296304
22.0,0.7142857142857142,0.5,0.50564754
22.0,0.7857142857142857,0.5,0.38129038
22.0,0.8571428571428571,0.5,0.25470102
22.0,0.9285714285714285,0.5,0.124088384
22.0,1.0,0.5,-0.006246412
22.0,0.0,0.5714285714285714,-0.025809208
22.0,0.07142857142857142,0.5714285714285714,0.10632085
22.0,0.14285714285714285,0.5714285714285714,0.23686433
22.0,0.21428571428571427,0.5714285714285714,0.36079326
22.0,0.2857142857142857,0.5714285714285714,0.47833425
22.0,0.3571428571428571,0.5714285714285714,0.59264016
22.0,0.42857142857142855,0.5714285714285714,0.69376415
22.0,0.5,0.5714285714285714,0.7382698
22.0,0.5714285714285714,0.5714285714285714,0.6920157
22.0,0.6428571428571428,0.5714285714285714,0.5896974
22.0,0.7142857142857142,0.5714285714285714,0.47546595
22.0,0.7857142857142857,0.5714285714285714,0.3599804
22.0,0.8571428571428571,0.5714285714285714,0.2402648
22.0,0.9285714285714285,0.5714285714285714,0.115291215
22.0,1.0,0.5714285714285714,-0.00960009
22.0,0.0,0.6428571428571428,-0.023431117
22.0,0.07142857142857142,0.6428571428571428,0.09013586
22.0,0.14285714285714285,0.6428571428571428,0.20113927
22.0,0.21428571428571427,0.6428571428571428,0.3073273
22.0,0.2857142857142857,0.6428571428571428,0.4100725
22.0,0.3571428571428571,0.6428571428571428,0.5107174
22.0,0.42857142857142855,0.6428571428571428,0.5973284
22.0,0.5,0.6428571428571428,0.63252425
22.0,0.5714285714285714,0.6428571428571428,0.5916294
22.0,0.6428571428571428,0.6428571428571428,0.5051486
22.0,0.7142857142857142,0.6428571428571428,0.40824845
22.0,0.7857142857142857,0.6428571428571428,0.30872566
22.0,0.8571428571428571,0.6428571428571428,0.20416664
22.0,0.9285714285714285,0.6428571428571428,0.094406195
22.0,1.0,0.6428571428571428,-0.015873885
22.0,0.0,0.7142857142857142,-0.021145614
22.0,0.07142857142857142,0.7142857142857142,0.070510544
22.0,0.14285714285714285,0.7142857142857142,0.15869278
22.0,0.21428571428571427,0.7142857142857142,0.24367127
22.0,0.2857142857142857,0.7142857142857142,0.32783857
22.0,0.3571428571428571,0.7142857142857142,0.41126058
22.0,0.42857142857142855,0.7142857142857142,0.48150167
22.0,0.5,0.7142857142857142,0.5089055
22.0,0.5714285714285714,0.7142857142857142,0.47674924
22.0,0.6428571428571428,0.7142857142857142,0.40789953
22.0,0.7142857142857142,0.7142857142857142,0.32914564
22.0,0.7857142857142857,0.7142857142857142,0.24780619
22.0,0.8571428571428571,0.7142857142857142,0.16257823
22.0,0.9285714285714285,0.7142857142857142,0.07300637
22.0,1.0,0.7142857142857142,-0.018222837
22.0,0.0,0.7857142857142857,-0.018224927
22.0,0.07142857142857142,0.7857142857142857,0.05149679
22.0,0.14285714285714285,0.7857142857142857,0.11677519
22.0,0.21428571428571427,0.7857142857142857,0.17965417
22.0,0.2857142857142857,0.7857142857142857,0.24333912
22.0,0.3571428571428571,0.7857142857142857,0.30751628
22.0,0.42857142857142855,0.7857142857142857,0.36104313
22.0,0.5,0.7857142857142857,0.38190502
22.0,0.5714285714285714,0.7857142857142857,0.35863394
22.0,0.6428571428571428,0.7857142857142857,0.30647513
22.0,0.7142857142857142,0.7857142857142857,0.2455951
22.0,0.7857142857142857,0.7857142857142857,0.18344375
22.0,0.8571428571428571,0.7857142857142857,0.11933049
22.0,0.9285714285714285,0.7857142857142857,0.051595293
22.0,1.0,0.7857142857142857,-0.019365506
22.0,0.0,0.8571428571428571,-0.0150585715
22.0,0.07142857142857142,0.8571428571428571,0.033499524
22.0,0.14285714285714285,0.8571428571428571,0.076342665
22.0,0.21428571428571427,0.8571428571428571,0.11665974
22.0,0.2857142857142857,0.8571428571428571,0.15826061
22.0,0.3571428571428571,0.8571428571428571,0.201217
22.0,0.42857142857142855,0.8571428571428571,0.23721233
22.0,0.5,0.8571428571428571,0.25152126
22.0,0.5714285714285714,0.8571428571428571,0.23651549
22.0,0.6428571428571428,0.8571428571428571,0.20115076
22.0,0.7142857142857142,0.8571428571428571,0.15936846
22.0,0.7857142857142857,0.8571428571428571,0.11744628
22.0,0.8571428571428571,0.8571428571428571,0.07456314
22.0,0.9285714285714285,0.8571428571428571,0.027958008
22.0,1.0,0.8571428571428571,-0.023657722
22.0,0.0,0.9285714285714285,-0.014734039
22.0,0.07142857142857142,0.9285714285714285,0.0129428655
22.0,0.14285714285714285,0.9285714285714285,0.033488743
22.0,0.21428571428571427,0.9285714285714285,0.050861903
22.0,0.2857142857142857,0.9285714285714285,0.06933327
22.0,0.3571428571428571,0.9285714285714285,0.09006765
22.0,0.42857142857142855,0.9285714285714285,0.108639464
22.0,0.5,0.9285714285714285,0.1169493
22.0,0.5714285714285714,0.9285714285714285,0.11030506
22.0,0.6428571428571428,0.9285714285714285,0.09255707
22.0,0.7142857142857142,0.9285714285714285,0.07128266
22.0,0.7857142857142857,0.9285714285714285,0.050171383
22.0,0.8571428571428571,0.9285714285714285,0.027816942
22.0,0.9285714285714285,0.9285714285714285,0.0008734502
22.0,1.0,0.9285714285714285,-0.032883454
22.0,0.0,1.0,-0.022752777
22.0,0.07142857142857142,1.0,-0.016099768
22.0,0.14285714285714285,1.0,-0.017458912
22.0,0.21428571428571427,1.0,-0.022233685
22.0,0.2857142857142857,1.0,-0.02565025
22.0,0.3571428571428571,1.0,-0.025023682
22.0,0.42857142857142855,1.0,-0.021011556
22.0,0.5,1.0,-0.016741024
22.0,0.5714285714285714,1.0,-0.015003646
22.0,0.6428571428571428,1.0,-0.015757302
22.0,0.7142857142857142,1.0,-0.017031932
22.0,0.7857142857142857,1.0,-0.018227702
22.0,0.8571428571428571,1.0,-0.021542722
22.0,0.9285714285714285,1.0,-0.030524936
22.0,1.0,1.0,-0.04782936
23.0,0.0,0.0,-0.025521206
23.0,0.07142857142857142,0.0,-0.01658799
23.0,0.14285714285714285,0.0,-0.014189339
23.0,0.21428571428571427,0.0,-0.017032936
23.0,0.2857142857142857,0.0,-0.021095265
23.0,0.3571428571428571,0.0,-0.020870324
23.0,0.42857142857142855,0.0,-0.016286965
23.0,0.5,0.0,-0.014816981
23.0,0.5714285714285714,0.0,-0.019903922
23.0,0.6428571428571428,0.0,-0.025225885
23.0,0.7142857142857142,0.0,-0.024565736
23.0,0.7857142857142857,0.0,-0.020053962
23.0,0.8571428571428571,0.0,-0.018643448
23.0,0.9285714285714285,0.0,-0.025292763
23.0,1.0,0.0,-0.04124233
23.0,0.0,0.07142857142857142,-0.018543314
23.0,0.07142857142857142,0.07142857142857142,0.009668333
23.0,0.14285714285714285,0.07142857142857142,0.03322152
23.0,0.21428571428571427,0.07142857142857142,0.05260992
23.0,0.2857142857142857,0.07142857142857142,0.07061953
23.0,0.3571428571428571,0.07142857142857142,0.091402695
23.0,0.42857142857142855,0.07142857142857142,0.11211178
23.0,0.5,0.07142857142857142,0.119480155
23.0,0.5714285714285714,0.07142857142857142,0.10751996
23.0,0.6428571428571428,0.07142857142857142,0.08693873
23.0,0.7142857142857142,0.07142857142857142,0.069038264
23.0,0.7857142857142857,0.07142857142857142,0.05324211
23.0,0.8571428571428571,0.07142857142857142,0.033310644
23.0,0.9285714285714285,0.07142857142857142,0.005932322
23.0,1.0,0.07142857142857142,-0.028955827
23.0,0.0,0.14285714285714285,-0.01781104
23.0,0.07142857142857142,0.14285714285714285,0.030814545
23.0,0.14285714285714285,0.14285714285714285,0.076678626
23.0,0.21428571428571427,0.14285714285714285,0.11941219
23.0,0.2857142857142857,0.14285714285714285,0.16047171
23.0,0.3571428571428571,0.14285714285714285,0.2026251
23.0,0.42857142857142855,0.14285714285714285,0.24033335
23.0,0.5,0.14285714285714285,0.2542553
23.0,0.5714285714285714,0.14285714285714285,0.23509979
23.0,0.6428571428571428,0.14285714285714285,0.19789737
23.0,0.7142857142857142,0.14285714285714285,0.1592999
23.0,0.7857142857142857,0.14285714285714285,0.120778464
23.0,0.8571428571428571,0.14285714285714285,0.07785364
23.0,0.9285714285714285,0.14285714285714285,0.029164238
23.0,1.0,0.14285714285714285,-0.024811389
23.0,0.0,0.21428571428571427,-0.020572506
23.0,0.07142857142857142,0.21428571428571427,0.049377598
23.0,0.14285714285714285,0.21428571428571427,0.11776123
23.0,0.21428571428571427,0.21428571428571427,0.18321648
23.0,0.2857142857142857,0.21428571428571427,0.24609244
23.0,0.3571428571428571,0.21428571428571427,0.30830345
23.0,0.42857142857142855,0.21428571428571427,0.36247173
23.0,0.5,0.21428571428571427,0.3836259
23.0,0.5714285714285714,0.21428571428571427,0.35820672
23.0,0.6428571428571428,0.21428571428571427,0.30463022
23.0,0.7142857142857142,0.21428571428571427,0.24486238
23.0,0.7857142857142857,0.21428571428571427,0.1831599
23.0,0.8571428571428571,0.21428571428571427,0.1175474
23.0,0.9285714285714285,0.21428571428571427,0.048102736
23.0,1.0,0.21428571428571427,-0.024758356
23.0,0.0,0.2857142857142857,-0.02374714
23.0,0.07142857142857142,0.2857142857142857,0.0683327
23.0,0.14285714285714285,0.2857142857142857,0.15887144
23.0,0.21428571428571427,0.2857142857142857,0.2453618
23.0,0.2857142857142857,0.2857142857142857,0.32768017
23.0,0.3571428571428571,0.2857142857142857,0.4078866
23.0,0.42857142857142855,0.2857142857142857,0.47771478
23.0,0.5,0.2857142857142857,0.5070042
23.0,0.5714285714285714,0.2857142857142857,0.4766214
23.0,0.6428571428571428,0.2857142857142857,0.40734434
23.0,0.7142857142857142,0.2857142857142857,0.3268856
23.0,0.7857142857142857,0.2857142857142857,0.24318096
23.0,0.8571428571428571,0.2857142857142857,0.1565611
23.0,0.9285714285714285,0.2857142857142857,0.06740651
23.0,1.0,0.2857142857142857,-0.02396349
23.0,0.0,0.3571428571428571,-0.025510283
23.0,0.07142857142857142,0.3571428571428571,0.08881389
23.0,0.14285714285714285,0.3571428571428571,0.200825
23.0,0.21428571428571427,0.3571428571428571,0.30665585
23.0,0.2857142857142857,0.3571428571428571,0.4063861
23.0,0.3571428571428571,0.3571428571428571,0.50309664
23.0,0.42857142857142855,0.3571428571428571,0.5881937
23.0,0.5,0.3571428571428571,0.6262854
23.0,0.5714285714285714,0.3571428571428571,0.5913359
23.0,0.6428571428571428,0.3571428571428571,0.50642735
23.0,0.7142857142857142,0.3571428571428571,0.40619782
23.0,0.7857142857142857,0.3571428571428571,0.30274948
23.0,0.8571428571428571,0.3571428571428571,0.19747242
23.0,0.9285714285714285,0.3571428571428571,0.08997411
23.0,1.0,0.3571428571428571,-0.018908361
23.0,0.0,0.42857142857142855,-0.026665175
23.0,0.07142857142857142,0.42857142857142855,0.106348895
23.0,0.14285714285714285,0.42857142857142855,0.23705396
23.0,0.21428571428571427,0.42857142857142855,0.36001137
23.0,0.2857142857142857,0.42857142857142855,0.47539505
23.0,0.3571428571428571,0.42857142857142855,0.58715737
23.0,0.42857142857142855,0.42857142857142855,0.6863476
23.0,0.5,0.42857142857142855,0.7322014
23.0,0.5714285714285714,0.42857142857142855,0.6916628
23.0,0.6428571428571428,0.42857142857142855,0.59162796
23.0,0.7142857142857142,0.42857142857142855,0.47444716
23.0,0.7857142857142857,0.42857142857142855,0.35543773
23.0,0.8571428571428571,0.42857142857142855,0.23531835
23.0,0.9285714285714285,0.42857142857142855,0.11260484
23.0,1.0,0.42857142857142855,-0.010542685
23.0,0.0,0.5,-0.027025232
23.0,0.07142857142857142,0.5,0.11299938
23.0,0.14285714285714285,0.5,0.25165138
23.0,0.21428571428571427,0.5,0.38278627
23.0,0.2857142857142857,0.5,0.5062577
23.0,0.3571428571428571,0.5,0.6258261
23.0,0.42857142857142855,0.5,0.73198074
23.0,0.5,0.5,0.7806023
23.0,0.5714285714285714,0.5,0.73522985
23.0,0.6428571428571428,0.5,0.6274915
23.0,0.7142857142857142,0.5,0.50399226
23.0,0.7857142857142857,0.5,0.37976468
23.0,0.8571428571428571,0.5,0.2537179
23.0,0.9285714285714285,0.5,0.12404133
23.0,1.0,0.5,-0.005381288
23.0,0.0,0.5714285714285714,-0.025145443
23.0,0.07142857142857142,0.5714285714285714,0.106373414
23.0,0.14285714285714285,0.5714285714285714,0.23630518
23.0,0.21428571428571427,0.5714285714285714,0.3598824
23.0,0.2857142857142857,0.5714285714285714,0.4773833
23.0,0.3571428571428571,0.5714285714285714,0.59141433
23.0,0.42857142857142855,0.5714285714285714,0.69129413
23.0,0.5,0.5714285714285714,0.73472655
23.0,0.5714285714285714,0.5714285714285714,0.68950444
23.0,0.6428571428571428,0.5714285714285714,0.5885718
23.0,0.7142857142857142,0.5714285714285714,0.47459498
23.0,0.7857142857142857,0.5714285714285714,0.35901928
23.0,0.8571428571428571,0.5714285714285714,0.23964137
23.0,0.9285714285714285,0.5714285714285714,0.11544839
23.0,1.0,0.5714285714285714,-0.008619988
23.0,0.0,0.6428571428571428,-0.022703895
23.0,0.07142857142857142,0.6428571428571428,0.090349734
23.0,0.14285714285714285,0.6428571428571428,0.20092613
23.0,0.21428571428571427,0.6428571428571428,0.3069511
23.0,0.2857142857142857,0.6428571428571428,0.409766
23.0,0.3571428571428571,0.6428571428571428,0.51025337
23.0,0.42857142857142855,0.6428571428571428,0.5959869
23.0,0.5,0.6428571428571428,0.6304919
23.0,0.5714285714285714,0.6428571428571428,0.59042513
23.0,0.6428571428571428,0.6428571428571428,0.50494367
23.0,0.7142857142857142,0.6428571428571428,0.40812376
23.0,0.7857142857142857,0.6428571428571428,0.3083781
23.0,0.8571428571428571,0.6428571428571428,0.2039266
23.0,0.9285714285714285,0.6428571428571428,0.09467589
23.0,1.0,0.6428571428571428,-0.014976298
23.0,0.0,0.7142857142857142,-0.020392353
23.0,0.07142857142857142,0.7142857142857142,0.070777886
23.0,0.14285714285714285,0.7142857142857142,0.15859586
23.0,0.21428571428571427,0.7142857142857142,0.24344188
23.0,0.2857142857142857,0.7142857142857142,0.32763922
23.0,0.3571428571428571,0.7142857142857142,0.41088548
23.0,0.42857142857142855,0.7142857142857142,0.48045
23.0,0.5,0.7142857142857142,0.5073662
23.0,0.5714285714285714,0.7142857142857142,0.4757877
23.0,0.6428571428571428,0.7142857142857142,0.40769044
23.0,0.7142857142857142,0.7142857142857142,0.3290646
23.0,0.7857142857142857,0.7142857142857142,0.24759093
23.0,0.8571428571428571,0.7142857142857142,0.16242692
23.0,0.9285714285714285,0.7142857142857142,0.073209114
23.0,1.0,0.7142857142857142,-0.017540423
23.0,0.0,0.7857142857142857,-0.017441297
23.0,0.07142857142857142,0.7857142857142857,0.051781125
23.0,0.14285714285714285,0.7857142857142857,0.11668549
23.0,0.21428571428571427,0.7857142857142857,0.17940319
23.0,0.2857142857142857,0.7857142857142857,0.24307123
23.0,0.3571428571428571,0.7857142857142857,0.3070872
23.0,0.42857142857142855,0.7857142857142857,0.36010996
23.0,0.5,0.7857142857142857,0.38060188
23.0,0.5714285714285714,0.7857142857142857,0.3576813
23.0,0.6428571428571428,0.7857142857142857,0.30607954
23.0,0.7142857142857142,0.7857142857142857,0.24537858
23.0,0.7857142857142857,0.7857142857142857,0.18319654
23.0,0.8571428571428571,0.7857142857142857,0.11917127
23.0,0.9285714285714285,0.7857142857142857,0.05173379
23.0,1.0,0.7857142857142857,-0.018824859
23.0,0.0,0.8571428571428571,-0.014236199
23.0,0.07142857142857142,0.8571428571428571,0.033798747
23.0,0.14285714285714285,0.8571428571428571,0.076260805
23.0,0.21428571428571427,0.8571428571428571,0.116427906
23.0,0.2857142857142857,0.8571428571428571,0.15805414
23.0,0.3571428571428571,0.8571428571428571,0.20097008
23.0,0.42857142857142855,0.8571428571428571,0.23668428
23.0,0.5,0.8571428571428571,0.25073782
23.0,0.5714285714285714,0.8571428571428571,0.23588353
23.0,0.6428571428571428,0.8571428571428571,0.20084527
23.0,0.7142857142857142,0.8571428571428571,0.1591858
23.0,0.7857142857142857,0.8571428571428571,0.11724491
23.0,0.8571428571428571,0.8571428571428571,0.074432224
23.0,0.9285714285714285,0.8571428571428571,0.028073383
23.0,1.0,0.8571428571428571,-0.02319313
23.0,0.0,0.9285714285714285,-0.013908761
23.0,0.07142857142857142,0.9285714285714285,0.013246173
23.0,0.14285714285714285,0.9285714285714285,0.03345768
23.0,0.21428571428571427,0.9285714285714285,0.050768882
23.0,0.2857142857142857,0.9285714285714285,0.06938933
23.0,0.3571428571428571,0.9285714285714285,0.09026582
23.0,0.42857142857142855,0.9285714285714285,0.10879473
23.0,0.5,0.9285714285714285,0.11697114
23.0,0.5714285714285714,0.9285714285714285,0.11032782
23.0,0.6428571428571428,0.9285714285714285,0.09266657
23.0,0.7142857142857142,0.9285714285714285,0.07137701
23.0,0.7857142857142857,0.9285714285714285,0.05017259
23.0,0.8571428571428571,0.9285714285714285,0.027805371
23.0,0.9285714285714285,0.9285714285714285,0.0010137595
23.0,1.0,0.9285714285714285,-0.032468945
23.0,0.0,1.0,-0.02198871
23.0,0.07142857142857142,1.0,-0.015789598
23.0,0.14285714285714285,1.0,-0.017356284
23.0,0.21428571428571427,1.0,-0.022042014
23.0,0.2857142857142857,1.0,-0.02516287
23.0,0.3571428571428571,1.0,-0.024233447
23.0,0.42857142857142855,1.0,-0.020080706
23.0,0.5,1.0,-0.01583769
23.0,0.5714285714285714,1.0,-0.014183188
23.0,0.6428571428571428,1.0,-0.0150392745
23.0,0.7142857142857142,1.0,-0.016484274
23.0,0.7857142857142857,1.0,-0.017887795
23.0,0.8571428571428571,1.0,-0.021335425
23.0,0.9285714285714285,1.0,-0.03029448
23.0,1.0,1.0,-0.04743333
24.0,0.0,0.0,-0.025230905
24.0,0.07142857142857142,0.0,-0.016365187
24.0,0.14285714285714285,0.0,-0.0140442215
24.0,0.21428571428571427,0.0,-0.016915191
24.0,0.2857142857142857,0.0,-0.020886576
24.0,0.3571428571428571,0.0,-0.020508079
24.0,0.42857142857142855,0.0,-0.01584357
24.0,0.5,0.0,-0.014288422
24.0,0.5714285714285714,0.0,-0.019237863
24.0,0.6428571428571428,0.0,-0.024565909
24.0,0.7142857142857142,0.0,-0.024050439
24.0,0.7857142857142857,0.0,-0.019560674
24.0,0.8571428571428571,0.0,-0.017957022
24.0,0.9285714285714285,0.0,-0.024335252
24.0,1.0,0.0,-0.040076077
24.0,0.0,0.07142857142857142,-0.018356007
24.0,0.07142857142857142,0.07142857142857142,0.009773051
24.0,0.14285714285714285,0.07142857142857142,0.03323914
24.0,0.21428571428571427,0.07142857142857142,0.052588157
24.0,0.2857142857142857,0.07142857142857142,0.070653796
24.0,0.3571428571428571,0.07142857142857142,0.091466345
24.0,0.42857142857142855,0.07142857142857142,0.111992724
24.0,0.5,0.07142857142857142,0.11925734
24.0,0.5714285714285714,0.07142857142857142,0.10750806
24.0,0.6428571428571428,0.07142857142857142,0.08706879
24.0,0.7142857142857142,0.07142857142857142,0.069106616
24.0,0.7857142857142857,0.07142857142857142,0.05335542
24.0,0.8571428571428571,0.07142857142857142,0.033663705
24.0,0.9285714285714285,0.07142857142857142,0.0065616276
24.0,1.0,0.07142857142857142,-0.028126406
24.0,0.0,0.14285714285714285,-0.017633144
24.0,0.07142857142857142,0.14285714285714285,0.030855892
24.0,0.14285714285714285,0.14285714285714285,0.07658706
24.0,0.21428571428571427,0.14285714285714285,0.119252376
24.0,0.2857142857142857,0.14285714285714285,0.16034472
24.0,0.3571428571428571,0.14285714285714285,0.20243117
24.0,0.42857142857142855,0.14285714285714285,0.23969665
24.0,0.5,0.14285714285714285,0.25332764
24.0,0.5714285714285714,0.14285714285714285,0.23451297
24.0,0.6428571428571428,0.14285714285714285,0.19765636
24.0,0.7142857142857142,0.14285714285714285,0.1591004
24.0,0.7857142857142857,0.14285714285714285,0.12067165
24.0,0.8571428571428571,0.14285714285714285,0.077983476
24.0,0.9285714285714285,0.14285714285714285,0.029544486
24.0,1.0,0.14285714285714285,-0.02423534
24.0,0.0,0.21428571428571427,-0.020278597
24.0,0.07142857142857142,0.21428571428571427,0.049435087
24.0,0.14285714285714285,0.21428571428571427,0.117602415
24.0,0.21428571428571427,0.21428571428571427,0.18295881
24.0,0.2857142857142857,0.21428571428571427,0.24590096
24.0,0.3571428571428571,0.21428571428571427,0.3080512
24.0,0.42857142857142855,0.21428571428571427,0.3616011
24.0,0.5,0.21428571428571427,0.3823125
24.0,0.5714285714285714,0.21428571428571427,0.3573769
24.0,0.6428571428571428,0.21428571428571427,0.30433545
24.0,0.7142857142857142,0.21428571428571427,0.24465635
24.0,0.7857142857142857,0.21428571428571427,0.1830079
24.0,0.8571428571428571,0.21428571428571427,0.11755807
24.0,0.9285714285714285,0.21428571428571427,0.048330985
24.0,1.0,0.21428571428571427,-0.024297418
24.0,0.0,0.2857142857142857,-0.023247859
24.0,0.07142857142857142,0.2857142857142857,0.06844498
24.0,0.14285714285714285,0.2857142857142857,0.15864198
24.0,0.21428571428571427,0.2857142857142857,0.24501014
24.0,0.2857142857142857,0.2857142857142857,0.32749382
24.0,0.3571428571428571,0.2857142857142857,0.40772986
24.0,0.42857142857142855,0.2857142857142857,0.47683373
24.0,0.5,0.2857142857142857,0.50553596
24.0,0.5714285714285714,0.2857142857142857,0.47576466
24.0,0.6428571428571428,0.2857142857142857,0.40718442
24.0,0.7142857142857142,0.2857142857142857,0.32679084
24.0,0.7857142857142857,0.2857142857142857,0.24301288
24.0,0.8571428571428571,0.2857142857142857,0.15646714
24.0,0.9285714285714285,0.2857142857142857,0.06756565
24.0,1.0,0.2857142857142857,-0.023460994
24.0,0.0,0.3571428571428571,-0.02484434
24.0,0.07142857142857142,0.3571428571428571,0.088904835
24.0,0.14285714285714285,0.3571428571428571,0.20040229
24.0,0.21428571428571427,0.3571428571428571,0.3060565
24.0,0.2857142857142857,0.3571428571428571,0.4060209
24.0,0.3571428571428571,0.3571428571428571,0.5027991
24.0,0.42857142857142855,0.3571428571428571,0.587007
24.0,0.5,0.3571428571428571,0.62430066
24.0,0.5714285714285714,0.3571428571428571,0.5900825
24.0,0.6428571428571428,0.3571428571428571,0.5060831
24.0,0.7142857142857142,0.3571428571428571,0.4059238
24.0,0.7857142857142857,0.3571428571428571,0.302314
24.0,0.8571428571428571,0.3571428571428571,0.19714086
24.0,0.9285714285714285,0.3571428571428571,0.09007408
24.0,1.0,0.3571428571428571,-0.018261911
24.0,0.0,0.42857142857142855,-0.025971958
24.0,0.07142857142857142,0.42857142857142855,0.10629988
24.0,0.14285714285714285,0.42857142857142855,0.23628616
24.0,0.21428571428571427,0.42857142857142855,0.35889587
24.0,0.2857142857142857,0.42857142857142855,0.47436956
24.0,0.3571428571428571,0.42857142857142855,0.5859876
24.0,0.42857142857142855,0.42857142857142855,0.6839356
24.0,0.5,0.42857142857142855,0.7286711
24.0,0.5714285714285714,0.42857142857142855,0.68901366
24.0,0.6428571428571428,0.42857142857142855,0.5902685
24.0,0.7142857142857142,0.42857142857142855,0.47338322
24.0,0.7857142857142857,0.42857142857142855,0.35435054
24.0,0.8571428571428571,0.42857142857142855,0.23456675
24.0,0.9285714285714285,0.42857142857142855,0.1125926
24.0,1.0,0.42857142857142855,-0.00975162
24.0,0.0,0.5,-0.0263365
24.0,0.07142857142857142,0.5,0.11291111
24.0,0.14285714285714285,0.5,0.25075996
24.0,0.21428571428571427,0.5,0.38139525
24.0,0.2857142857142857,0.5,0.50473344
24.0,0.3571428571428571,0.5,0.62389565
24.0,0.42857142857142855,0.5,0.72854817
24.0,0.5,0.5,0.7758721
24.0,0.5714285714285714,0.5,0.731527
24.0,0.6428571428571428,0.5,0.625388
24.0,0.7142857142857142,0.5,0.5023995
24.0,0.7857142857142857,0.5,0.37828636
24.0,0.8571428571428571,0.5,0.2527435
24.0,0.9285714285714285,0.5,0.12400124
24.0,1.0,0.5,-0.004460754
24.0,0.0,0.5714285714285714,-0.02439865
24.0,0.07142857142857142,0.5714285714285714,0.10645053
24.0,0.14285714285714285,0.5714285714285714,0.23574166
24.0,0.21428571428571427,0.5714285714285714,0.35896796
24.0,0.2857142857142857,0.5714285714285714,0.4764268
24.0,0.3571428571428571,0.5714285714285714,0.59016347
24.0,0.42857142857142855,0.5714285714285714,0.68881565
24.0,0.5,0.5714285714285714,0.73122257
24.0,0.5714285714285714,0.5714285714285714,0.6869973
24.0,0.6428571428571428,0.5714285714285714,0.5874387
24.0,0.7142857142857142,0.5714285714285714,0.47375068
24.0,0.7857142857142857,0.5714285714285714,0.3580791
24.0,0.8571428571428571,0.5714285714285714,0.23900887
24.0,0.9285714285714285,0.5714285714285714,0.11560131
24.0,1.0,0.5714285714285714,-0.0075908173
24.0,0.0,0.6428571428571428,-0.021909805
24.0,0.07142857142857142,0.6428571428571428,0.09057936
24.0,0.14285714285714285,0.6428571428571428,0.20070025
24.0,0.21428571428571427,0.6428571428571428,0.30655125
24.0,0.2857142857142857,0.6428571428571428,0.40942416
24.0,0.3571428571428571,0.6428571428571428,0.5097334
24.0,0.42857142857142855,0.6428571428571428,0.5946013
24.0,0.5,0.6428571428571428,0.62845653
24.0,0.5714285714285714,0.6428571428571428,0.5892027
24.0,0.6428571428571428,0.6428571428571428,0.50471264
24.0,0.7142857142857142,0.6428571428571428,0.40799567
24.0,0.7857142857142857,0.6428571428571428,0.3080257
24.0,0.8571428571428571,0.6428571428571428,0.2036687
24.0,0.9285714285714285,0.6428571428571428,0.09494209
24.0,1.0,0.6428571428571428,-0.014028652
24.0,0.0,0.7142857142857142,-0.019576544
24.0,0.07142857142857142,0.7142857142857142,0.07106933
24.0,0.14285714285714285,0.7142857142857142,0.15849918
24.0,0.21428571428571427,0.7142857142857142,0.2432001
24.0,0.2857142857142857,0.7142857142857142,0.32741165
24.0,0.3571428571428571,0.7142857142857142,0.41046596
24.0,0.42857142857142855,0.7142857142857142,0.47936565
24.0,0.5,0.7142857142857142,0.50583065
24.0,0.5714285714285714,0.7142857142857142,0.47482657
24.0,0.6428571428571428,0.7142857142857142,0.40746948
24.0,0.7142857142857142,0.7142857142857142,0.32897732
24.0,0.7857142857142857,0.7142857142857142,0.24736762
24.0,0.8571428571428571,0.7142857142857142,0.16226509
24.0,0.9285714285714285,0.7142857142857142,0.073421545
24.0,1.0,0.7142857142857142,-0.016801337
24.0,0.0,0.7857142857142857,-0.016592467
24.0,0.07142857142857142,0.7857142857142857,0.05210211
24.0,0.14285714285714285,0.7857142857142857,0.11661599
24.0,0.21428571428571427,0.7857142857142857,0.17916062
24.0,0.2857142857142857,0.7857142857142857,0.24279693
24.0,0.3571428571428571,0.7857142857142857,0.30663368
24.0,0.42857142857142855,0.7857142857142857,0.35915706
24.0,0.5,0.7857142857142857,0.37930405
24.0,0.5714285714285714,0.7857142857142857,0.35673562
24.0,0.6428571428571428,0.7857142857142857,0.30568117
24.0,0.7142857142857142,0.7857142857142857,0.24516186
24.0,0.7857142857142857,0.7857142857142857,0.18295264
24.0,0.8571428571428571,0.7857142857142857,0.11902063
24.0,0.9285714285714285,0.7857142857142857,0.051900476
24.0,1.0,0.7857142857142857,-0.018218542
24.0,0.0,0.8571428571428571,-0.013350191
24.0,0.07142857142857142,0.8571428571428571,0.034143545
24.0,0.14285714285714285,0.8571428571428571,0.07621543
24.0,0.21428571428571427,0.8571428571428571,0.11622683
24.0,0.2857142857142857,0.8571428571428571,0.15786572
24.0,0.3571428571428571,0.8571428571428571,0.20072235
24.0,0.42857142857142855,0.8571428571428571,0.23614955
24.0,0.5,0.8571428571428571,0.24995992
24.0,0.5714285714285714,0.8571428571428571,0.23526104
24.0,0.6428571428571428,0.8571428571428571,0.20054662
24.0,0.7142857142857142,0.8571428571428571,0.15901636
24.0,0.7857142857142857,0.8571428571428571,0.11706448
24.0,0.8571428571428571,0.8571428571428571,0.07433096
24.0,0.9285714285714285,0.8571428571428571,0.02823403
24.0,1.0,0.8571428571428571,-0.022654874
24.0,0.0,0.9285714285714285,-0.013029223
24.0,0.07142857142857142,0.9285714285714285,0.013596201
24.0,0.14285714285714285,0.9285714285714285,0.033475548
24.0,0.21428571428571427,0.9285714285714285,0.050727807
24.0,0.2857142857142857,0.9285714285714285,0.06949013
24.0,0.3571428571428571,0.9285714285714285,0.09049284
24.0,0.42857142857142855,0.9285714285714285,0.108969055
24.0,0.5,0.9285714285714285,0.11701552
24.0,0.5714285714285714,0.9285714285714285,0.11037641
24.0,0.6428571428571428,0.9285714285714285,0.092802435
24.0,0.7142857142857142,0.9285714285714285,0.07150303
24.0,0.7857142857142857,0.9285714285714285,0.050214007
24.0,0.8571428571428571,0.9285714285714285,0.027842956
24.0,0.9285714285714285,0.9285714285714285,0.0012147576
24.0,1.0,0.9285714285714285,-0.03197431
24.0,0.0,1.0,-0.021180708
24.0,0.07142857142857142,1.0,-0.015430842
24.0,0.14285714285714285,1.0,-0.01719093
24.0,0.21428571428571427,1.0,-0.021775741
24.0,0.2857142857142857,1.0,-0.024600105
24.0,0.3571428571428571,1.0,-0.023376005
24.0,0.42857142857142855,1.0,-0.019089649
24.0,0.5,1.0,-0.014875928
24.0,0.5714285714285714,1.0,-0.01330662
24.0,0.6428571428571428,1.0,-0.014267815
24.0,0.7142857142857142,1.0,-0.015881727
24.0,0.7857142857142857,1.0,-0.017488757
24.0,0.8571428571428571,1.0,-0.021063024
24.0,0.9285714285714285,1.0,-0.029991854
24.0,1.0,1.0,-0.04695238
25.0,0.0,0.0,-0.024891049
25.0,0.07142857142857142,0.0,-0.016110117
25.0,0.14285714285714285,0.0,-0.013877671
25.0,0.21428571428571427,0.0,-0.01677502
25.0,0.2857142857142857,0.0,-0.020641327
25.0,0.3571428571428571,0.0,-0.020098392
25.0,0.42857142857142855,0.0,-0.015352834
25.0,0.5,0.0,-0.013719692
25.0,0.5714285714285714,0.0,-0.0185368
25.0,0.6428571428571428,0.0,-0.023870206
25.0,0.7142857142857142,0.0,-0.023501126
25.0,0.7857142857142857,0.0,-0.01903638
25.0,0.8571428571428571,0.0,-0.017232565
25.0,0.9285714285714285,0.0,-0.023319768
25.0,1.0,0.0,-0.03882508
25.0,0.0,0.07142857142857142,-0.018118326
25.0,0.07142857142857142,0.07142857142857142,0.009904886
25.0,0.14285714285714285,0.07142857142857142,0.033265233
25.0,0.21428571428571427,0.07142857142857142,0.052567087
25.0,0.2857142857142857,0.07142857142857142,0.07069202
25.0,0.3571428571428571,0.07142857142857142,0.09153477
25.0,0.42857142857142855,0.07142857142857142,0.11187809
25.0,0.5,0.07142857142857142,0.11903895
25.0,0.5714285714285714,0.07142857142857142,0.10749959
25.0,0.6428571428571428,0.07142857142857142,0.087207966
25.0,0.7142857142857142,0.07142857142857142,0.06918964
25.0,0.7857142857142857,0.07142857142857142,0.053484216
25.0,0.8571428571428571,0.07142857142857142,0.03404267
25.0,0.9285714285714285,0.07142857142857142,0.00724159
25.0,1.0,0.07142857142857142,-0.027217383
25.0,0.0,0.14285714285714285,-0.017406192
25.0,0.07142857142857142,0.14285714285714285,0.030919379
25.0,0.14285714285714285,0.14285714285714285,0.0764955
25.0,0.21428571428571427,0.14285714285714285,0.11908042
25.0,0.2857142857142857,0.14285714285714285,0.16020383
25.0,0.3571428571428571,0.14285714285714285,0.20222117
25.0,0.42857142857142855,0.14285714285714285,0.23905009
25.0,0.5,0.14285714285714285,0.25240275
25.0,0.5714285714285714,0.14285714285714285,0.2339253
25.0,0.6428571428571428,0.14285714285714285,0.19741791
25.0,0.7142857142857142,0.14285714285714285,0.15890841
25.0,0.7857142857142857,0.14285714285714285,0.12057293
25.0,0.8571428571428571,0.14285714285714285,0.078132056
25.0,0.9285714285714285,0.14285714285714285,0.029966703
25.0,1.0,0.14285714285714285,-0.023585128
25.0,0.0,0.21428571428571427,-0.019940011
25.0,0.07142857142857142,0.21428571428571427,0.049506225
25.0,0.14285714285714285,0.21428571428571427,0.11743618
25.0,0.21428571428571427,0.21428571428571427,0.18268645
25.0,0.2857142857142857,0.21428571428571427,0.24569592
25.0,0.3571428571428571,0.21428571428571427,0.30777797
25.0,0.42857142857142855,0.21428571428571427,0.36072358
25.0,0.5,0.21428571428571427,0.38101617
25.0,0.5714285714285714,0.21428571428571427,0.35655284
25.0,0.6428571428571428,0.21428571428571427,0.30404148
25.0,0.7142857142857142,0.21428571428571427,0.2444557
25.0,0.7857142857142857,0.21428571428571427,0.18286005
25.0,0.8571428571428571,0.21428571428571427,0.11758085
25.0,0.9285714285714285,0.21428571428571427,0.048594765
25.0,1.0,0.21428571428571427,-0.023768472
25.0,0.0,0.2857142857142857,-0.022710865
25.0,0.07142857142857142,0.2857142857142857,0.06856081
25.0,0.14285714285714285,0.2857142857142857,0.15840028
25.0,0.21428571428571427,0.2857142857142857,0.24465024
25.0,0.2857142857142857,0.2857142857142857,0.32730243
25.0,0.3571428571428571,0.2857142857142857,0.40755403
25.0,0.42857142857142855,0.2857142857142857,0.47594646
25.0,0.5,0.2857142857142857,0.5040926
25.0,0.5714285714285714,0.2857142857142857,0.47491
25.0,0.6428571428571428,0.2857142857142857,0.40701553
25.0,0.7142857142857142,0.2857142857142857,0.32669696
25.0,0.7857142857142857,0.2857142857142857,0.24284714
25.0,0.8571428571428571,0.2857142857142857,0.15637946
25.0,0.9285714285714285,0.2857142857142857,0.06775112
25.0,1.0,0.2857142857142857,-0.022895435
25.0,0.0,0.3571428571428571,-0.024138624
25.0,0.07142857142857142,0.3571428571428571,0.088995405
25.0,0.14285714285714285,0.3571428571428571,0.19997029
25.0,0.21428571428571427,0.3571428571428571,0.30546314
25.0,0.2857142857142857,0.3571428571428571,0.40566537
25.0,0.3571428571428571,0.3571428571428571,0.50248504
25.0,0.42857142857142855,0.3571428571428571,0.5858129
25.0,0.5,0.3571428571428571,0.62234175
25.0,0.5714285714285714,0.3571428571428571,0.58881986
25.0,0.6428571428571428,0.3571428571428571,0.50571626
25.0,0.7142857142857142,0.3571428571428571,0.4056519
25.0,0.7857142857142857,0.3571428571428571,0.3018881
25.0,0.8571428571428571,0.3571428571428571,0.19681396
25.0,0.9285714285714285,0.3571428571428571,0.090191565
25.0,1.0,0.3571428571428571,-0.017558785
25.0,0.0,0.42857142857142855,-0.025216335
25.0,0.07142857142857142,0.42857142857142855,0.10626644
25.0,0.14285714285714285,0.42857142857142855,0.2355271
25.0,0.21428571428571427,0.42857142857142855,0.35780963
25.0,0.2857142857142857,0.42857142857142855,0.47337767
25.0,0.3571428571428571,0.42857142857142855,0.5848242
25.0,0.42857142857142855,0.42857142857142855,0.6815448
25.0,0.5,0.42857142857142855,0.7252059
25.0,0.5714285714285714,0.42857142857142855,0.68638295
25.0,0.6428571428571428,0.42857142857142855,0.58890927
25.0,0.7142857142857142,0.42857142857142855,0.47235283
25.0,0.7857142857142857,0.42857142857142855,0.35329866
25.0,0.8571428571428571,0.42857142857142855,0.23382631
25.0,0.9285714285714285,0.42857142857142855,0.11259093
25.0,1.0,0.42857142857142855,-0.008909518
25.0,0.0,0.5,-0.025565954
25.0,0.07142857142857142,0.5,0.11285322
25.0,0.14285714285714285,0.5,0.24988589
25.0,0.21428571428571427,0.5,0.3800384
25.0,0.2857142857142857,0.5,0.50325143
25.0,0.3571428571428571,0.5,0.62199026
25.0,0.42857142857142855,0.5,0.7251687
25.0,0.5,0.5,0.771249
25.0,0.5714285714285714,0.5,0.7278824
25.0,0.6428571428571428,0.5,0.6233171
25.0,0.7142857142857142,0.5,0.5008684
25.0,0.7857142857142857,0.5,0.37686044
25.0,0.8571428571428571,0.5,0.25178024
25.0,0.9285714285714285,0.5,0.123963095
25.0,1.0,0.5,-0.0034973267
25.0,0.0,0.5714285714285714,-0.02358126
25.0,0.07142857142857142,0.5714285714285714,0.10654569
25.0,0.14285714285714285,0.5714285714285714,0.23517421
25.0,0.21428571428571427,0.5714285714285714,0.35805282
25.0,0.2857142857142857,0.5714285714285714,0.475466
25.0,0.3571428571428571,0.5714285714285714,0.5888873
25.0,0.42857142857142855,0.5714285714285714,0.6863279
25.0,0.5,0.5714285714285714,0.7277542
25.0,0.5714285714285714,0.5714285714285714,0.6844912
25.0,0.6428571428571428,0.5714285714285714,0.58629483
25.0,0.7142857142857142,0.5714285714285714,0.47293192
25.0,0.7857142857142857,0.5714285714285714,0.35716417
25.0,0.8571428571428571,0.5714285714285714,0.23836964
25.0,0.9285714285714285,0.5714285714285714,0.115743645
25.0,1.0,0.5714285714285714,-0.0065265913
25.0,0.0,0.6428571428571428,-0.021059686
25.0,0.07142857142857142,0.6428571428571428,0.090819776
25.0,0.14285714285714285,0.6428571428571428,0.20046076
25.0,0.21428571428571427,0.6428571428571428,0.3061314
25.0,0.2857142857142857,0.6428571428571428,0.4090496
25.0,0.3571428571428571,0.6428571428571428,0.5091595
25.0,0.42857142857142855,0.6428571428571428,0.593173
25.0,0.5,0.6428571428571428,0.62641585
25.0,0.5714285714285714,0.6428571428571428,0.58795977
25.0,0.6428571428571428,0.6428571428571428,0.5044543
25.0,0.7142857142857142,0.6428571428571428,0.4078634
25.0,0.7857142857142857,0.6428571428571428,0.30767247
25.0,0.8571428571428571,0.6428571428571428,0.2033943
25.0,0.9285714285714285,0.6428571428571428,0.09519905
25.0,1.0,0.6428571428571428,-0.013043733
25.0,0.0,0.7142857142857142,-0.018706271
25.0,0.07142857142857142,0.7142857142857142,0.071380325
25.0,0.14285714285714285,0.7142857142857142,0.158402
25.0,0.21428571428571427,0.7142857142857142,0.24294806
25.0,0.2857142857142857,0.7142857142857142,0.3271607
25.0,0.3571428571428571,0.7142857142857142,0.41000527
25.0,0.42857142857142855,0.7142857142857142,0.47825214
25.0,0.5,0.7142857142857142,0.50429946
25.0,0.5714285714285714,0.7142857142857142,0.47386548
25.0,0.6428571428571428,0.7142857142857142,0.4072373
25.0,0.7142857142857142,0.7142857142857142,0.3288848
25.0,0.7857142857142857,0.7142857142857142,0.24713916
25.0,0.8571428571428571,0.7142857142857142,0.16209349
25.0,0.9285714285714285,0.7142857142857142,0.073637776
25.0,1.0,0.7142857142857142,-0.016017562
25.0,0.0,0.7857142857142857,-0.015686305
25.0,0.07142857142857142,0.7857142857142857,0.05245558
25.0,0.14285714285714285,0.7857142857142857,0.11656482
25.0,0.21428571428571427,0.7857142857142857,0.17892914
25.0,0.2857142857142857,0.7857142857142857,0.24251941
25.0,0.3571428571428571,0.7857142857142857,0.30615947
25.0,0.42857142857142855,0.7857142857142857,0.3581873
25.0,0.5,0.7857142857142857,0.37801316
25.0,0.5714285714285714,0.7857142857142857,0.3557974
25.0,0.6428571428571428,0.7857142857142857,0.30528095
25.0,0.7142857142857142,0.7857142857142857,0.24494657
25.0,0.7857142857142857,0.7857142857142857,0.18271324
25.0,0.8571428571428571,0.7857142857142857,0.11887688
25.0,0.9285714285714285,0.7857142857142857,0.05208818
25.0,1.0,0.7857142857142857,-0.017558703
25.0,0.0,0.8571428571428571,-0.012409018
25.0,0.07142857142857142,0.8571428571428571,0.034527577
25.0,0.14285714285714285,0.8571428571428571,0.07620407
25.0,0.21428571428571427,0.8571428571428571,0.11605672
25.0,0.2857142857142857,0.8571428571428571,0.15769649
25.0,0.3571428571428571,0.8571428571428571,0.20047395
25.0,0.42857142857142855,0.8571428571428571,0.23560876
25.0,0.5,0.8571428571428571,0.24918795
25.0,0.5714285714285714,0.8571428571428571,0.23464797
25.0,0.6428571428571428,0.8571428571428571,0.20025474
25.0,0.7142857142857142,0.8571428571428571,0.15885878
25.0,0.7857142857142857,0.8571428571428571,0.11690461
25.0,0.8571428571428571,0.8571428571428571,0.07425597
25.0,0.9285714285714285,0.8571428571428571,0.028433187
25.0,1.0,0.8571428571428571,-0.022053802
25.0,0.0,0.9285714285714285,-0.0121041555
25.0,0.07142857142857142,0.9285714285714285,0.013986802
25.0,0.14285714285714285,0.9285714285714285,0.033538416
25.0,0.21428571428571427,0.9285714285714285,0.05073604
25.0,0.2857142857142857,0.9285714285714285,0.069632895
25.0,0.3571428571428571,0.9285714285714285,0.090744995
25.0,0.42857142857142855,0.9285714285714285,0.10915805
25.0,0.5,0.9285714285714285,0.117077015
25.0,0.5714285714285714,0.9285714285714285,0.11044484
25.0,0.6428571428571428,0.9285714285714285,0.09295947
25.0,0.7142857142857142,0.9285714285714285,0.07165714
25.0,0.7857142857142857,0.9285714285714285,0.05029189
25.0,0.8571428571428571,0.9285714285714285,0.027923604
25.0,0.9285714285714285,0.9285714285714285,0.0014682636
25.0,1.0,0.9285714285714285,-0.03141068
25.0,0.0,1.0,-0.020338723
25.0,0.07142857142857142,1.0,-0.015030022
25.0,0.14285714285714285,1.0,-0.016968733
25.0,0.21428571428571427,1.0,-0.021440268
25.0,0.2857142857142857,1.0,-0.02396799
25.0,0.3571428571428571,1.0,-0.02245945
25.0,0.42857142857142855,1.0,-0.018049935
25.0,0.5,1.0,-0.013868531
25.0,0.5714285714285714,1.0,-0.012384908
25.0,0.6428571428571428,1.0,-0.013452319
25.0,0.7142857142857142,1.0,-0.015232364
25.0,0.7857142857142857,1.0,-0.017037274
25.0,0.8571428571428571,1.0,-0.020733299
25.0,0.9285714285714285,1.0,-0.029625276
25.0,1.0,1.0,-0.04639668
26.0,0.0,0.0,-0.024508826
26.0,0.07142857142857142,0.0,-0.015829138
26.0,0.14285714285714285,0.0,-0.0136944065
26.0,0.21428571428571427,0.0,-0.01661443
26.0,0.2857142857142857,0.0,-0.020362848
26.0,0.3571428571428571,0.0,-0.019645888
26.0,0.42857142857142855,0.0,-0.014821896
26.0,0.5,0.0,-0.013117402
26.0,0.5714285714285714,0.0,-0.017807493
26.0,0.6428571428571428,0.0,-0.023145013
26.0,0.7142857142857142,0.0,-0.022922376
26.0,0.7857142857142857,0.0,-0.018486848
26.0,0.8571428571428571,0.0,-0.01647739
26.0,0.9285714285714285,0.0,-0.022255087
26.0,1.0,0.0,-0.037499815
26.0,0.0,0.07142857142857142,-0.017836638
26.0,0.07142857142857142,0.07142857142857142,0.010058684
26.0,0.14285714285714285,0.07142857142857142,0.033296622
26.0,0.21428571428571427,0.07142857142857142,0.052545764
26.0,0.2857142857142857,0.07142857142857142,0.07073314
26.0,0.3571428571428571,0.07142857142857142,0.09160702
26.0,0.42857142857142855,0.07142857142857142,0.111766025
26.0,0.5,0.07142857142857142,0.118823536
26.0,0.5714285714285714,0.07142857142857142,0.10749154
26.0,0.6428571428571428,0.07142857142857142,0.08735361
26.0,0.7142857142857142,0.07142857142857142,0.069285
26.0,0.7857142857142857,0.07142857142857142,0.0536246
26.0,0.8571428571428571,0.07142857142857142,0.03444165
26.0,0.9285714285714285,0.07142857142857142,0.007962307
26.0,1.0,0.07142857142857142,-0.02624009
26.0,0.0,0.14285714285714285,-0.017135823
26.0,0.07142857142857142,0.14285714285714285,0.031000761
26.0,0.14285714285714285,0.14285714285714285,0.076402314
26.0,0.21428571428571427,0.14285714285714285,0.11889895
26.0,0.2857142857142857,0.14285714285714285,0.16005191
26.0,0.3571428571428571,0.14285714285714285,0.20199591
26.0,0.42857142857142855,0.14285714285714285,0.23839436
26.0,0.5,0.14285714285714285,0.2514822
26.0,0.5714285714285714,0.14285714285714285,0.23333772
26.0,0.6428571428571428,0.14285714285714285,0.19718172
26.0,0.7142857142857142,0.14285714285714285,0.15872473
26.0,0.7857142857142857,0.14285714285714285,0.12048093
26.0,0.8571428571428571,0.14285714285714285,0.0782947
26.0,0.9285714285714285,0.14285714285714285,0.030424183
26.0,1.0,0.14285714285714285,-0.022871101
26.0,0.0,0.21428571428571427,-0.019563239
26.0,0.07142857142857142,0.21428571428571427,0.04958842
26.0,0.14285714285714285,0.21428571428571427,0.117263965
26.0,0.21428571428571427,0.21428571428571427,0.18240461
26.0,0.2857142857142857,0.21428571428571427,0.24548063
26.0,0.3571428571428571,0.21428571428571427,0.3074866
26.0,0.42857142857142855,0.21428571428571427,0.3598399
26.0,0.5,0.21428571428571427,0.3797369
26.0,0.5714285714285714,0.21428571428571427,0.35573474
26.0,0.6428571428571428,0.21428571428571427,0.3037479
26.0,0.7142857142857142,0.21428571428571427,0.24426147
26.0,0.7857142857142857,0.21428571428571427,0.1827165
26.0,0.8571428571428571,0.21428571428571427,0.11761401
26.0,0.9285714285714285,0.21428571428571427,0.04888668
26.0,1.0,0.21428571428571427,-0.023180218
26.0,0.0,0.2857142857142857,-0.022142764
26.0,0.07142857142857142,0.2857142857142857,0.068677984
26.0,0.14285714285714285,0.2857142857142857,0.15815088
26.0,0.21428571428571427,0.2857142857142857,0.24428871
26.0,0.2857142857142857,0.2857142857142857,0.32711035
26.0,0.3571428571428571,0.2857142857142857,0.40735975
26.0,0.42857142857142855,0.2857142857142857,0.47505212
26.0,0.5,0.2857142857142857,0.5026711
26.0,0.5714285714285714,0.2857142857142857,0.47405493
26.0,0.6428571428571428,0.2857142857142857,0.4068363
26.0,0.7142857142857142,0.2857142857142857,0.32660487
26.0,0.7857142857142857,0.2857142857142857,0.24268559
26.0,0.8571428571428571,0.2857142857142857,0.15629841
26.0,0.9285714285714285,0.2857142857142857,0.067957595
26.0,1.0,0.2857142857142857,-0.022276694
26.0,0.0,0.3571428571428571,-0.023401981
26.0,0.07142857142857142,0.3571428571428571,0.08908456
26.0,0.14285714285714285,0.3571428571428571,0.19953445
26.0,0.21428571428571427,0.3571428571428571,0.3048828
26.0,0.2857142857142857,0.3571428571428571,0.40532136
26.0,0.3571428571428571,0.3571428571428571,0.50215214
26.0,0.42857142857142855,0.3571428571428571,0.5846083
26.0,0.5,0.3571428571428571,0.6204058
26.0,0.5714285714285714,0.3571428571428571,0.58754486
26.0,0.6428571428571428,0.3571428571428571,0.5053263
26.0,0.7142857142857142,0.3571428571428571,0.4053842
26.0,0.7857142857142857,0.3571428571428571,0.30147588
26.0,0.8571428571428571,0.3571428571428571,0.19649425
26.0,0.9285714285714285,0.3571428571428571,0.09032166
26.0,1.0,0.3571428571428571,-0.016808936
26.0,0.0,0.42857142857142855,-0.02440838
26.0,0.07142857142857142,0.42857142857142855,0.1062466
26.0,0.14285714285714285,0.42857142857142855,0.23478082
26.0,0.21428571428571427,0.42857142857142855,0.3567576
26.0,0.2857142857142857,0.42857142857142855,0.47241956
26.0,0.3571428571428571,0.42857142857142855,0.5836638
26.0,0.42857142857142855,0.42857142857142855,0.6791737
26.0,0.5,0.42857142857142855,0.7218021
26.0,0.5714285714285714,0.42857142857142855,0.6837688
26.0,0.6428571428571428,0.42857142857142855,0.58754814
26.0,0.7142857142857142,0.42857142857142855,0.47135648
26.0,0.7857142857142857,0.42857142857142855,0.35228622
26.0,0.8571428571428571,0.42857142857142855,0.23310012
26.0,0.9285714285714285,0.42857142857142855,0.1125962
26.0,1.0,0.42857142857142855,-0.008027526
26.0,0.0,0.5,-0.024725
26.0,0.07142857142857142,0.5,0.112821095
26.0,0.14285714285714285,0.5,0.24903002
26.0,0.21428571428571427,0.5,0.37871903
26.0,0.2857142857142857,0.5,0.50181043
26.0,0.3571428571428571,0.5,0.6201069
26.0,0.42857142857142855,0.5,0.7218391
26.0,0.5,0.5,0.76672703
26.0,0.5714285714285714,0.5,0.72429186
26.0,0.6428571428571428,0.5,0.62127477
26.0,0.7142857142857142,0.5,0.49939784
26.0,0.7857142857142857,0.5,0.37549046
26.0,0.8571428571428571,0.5,0.25083145
26.0,0.9285714285714285,0.5,0.12392164
26.0,1.0,0.5,-0.0025036652
26.0,0.0,0.5714285714285714,-0.02270467
26.0,0.07142857142857142,0.5714285714285714,0.10665438
26.0,0.14285714285714285,0.5714285714285714,0.23460402
26.0,0.21428571428571427,0.5714285714285714,0.3571398
26.0,0.2857142857142857,0.5714285714285714,0.474502
26.0,0.3571428571428571,0.5714285714285714,0.58758515
26.0,0.42857142857142855,0.5714285714285714,0.6838304
26.0,0.5,0.5714285714285714,0.7243186
26.0,0.5714285714285714,0.5714285714285714,0.68198466
26.0,0.6428571428571428,0.5714285714285714,0.5851375
26.0,0.7142857142857142,0.5714285714285714,0.47213706
26.0,0.7857142857142857,0.5714285714285714,0.3562773
26.0,0.8571428571428571,0.5714285714285714,0.23772645
26.0,0.9285714285714285,0.5714285714285714,0.11587126
26.0,1.0,0.5714285714285714,-0.005440021
26.0,0.0,0.6428571428571428,-0.020163754
26.0,0.07142857142857142,0.6428571428571428,0.09106611
26.0,0.14285714285714285,0.6428571428571428,0.20021003
26.0,0.21428571428571427,0.6428571428571428,0.30569506
26.0,0.2857142857142857,0.6428571428571428,0.40864617
26.0,0.3571428571428571,0.6428571428571428,0.50853527
26.0,0.42857142857142855,0.6428571428571428,0.59170437
26.0,0.5,0.6428571428571428,0.6243696
26.0,0.5714285714285714,0.6428571428571428,0.58669525
26.0,0.6428571428571428,0.6428571428571428,0.50416654
26.0,0.7142857142857142,0.6428571428571428,0.40772787
26.0,0.7857142857142857,0.6428571428571428,0.3073209
26.0,0.8571428571428571,0.6428571428571428,0.2031053
26.0,0.9285714285714285,0.6428571428571428,0.095442735
26.0,1.0,0.6428571428571428,-0.012034433
26.0,0.0,0.7142857142857142,-0.017792279
26.0,0.07142857142857142,0.7142857142857142,0.07170591
26.0,0.14285714285714285,0.7142857142857142,0.15830502
26.0,0.21428571428571427,0.7142857142857142,0.24268964
26.0,0.2857142857142857,0.7142857142857142,0.32689017
26.0,0.3571428571428571,0.7142857142857142,0.40950903
26.0,0.42857142857142855,0.7142857142857142,0.47711337
26.0,0.5,0.7142857142857142,0.5027737
26.0,0.5714285714285714,0.7142857142857142,0.47290435
26.0,0.6428571428571428,0.7142857142857142,0.4069941
26.0,0.7142857142857142,0.7142857142857142,0.32878923
26.0,0.7857142857142857,0.7142857142857142,0.24690825
26.0,0.8571428571428571,0.7142857142857142,0.16191293
26.0,0.9285714285714285,0.7142857142857142,0.07385217
26.0,1.0,0.7142857142857142,-0.015201138
26.0,0.0,0.7857142857142857,-0.0147334505
26.0,0.07142857142857142,0.7857142857142857,0.05283563
26.0,0.14285714285714285,0.7857142857142857,0.1165312
26.0,0.21428571428571427,0.7857142857142857,0.17871018
26.0,0.2857142857142857,0.7857142857142857,0.24224195
26.0,0.3571428571428571,0.7857142857142857,0.3056686
26.0,0.42857142857142855,0.7857142857142857,0.3572052
26.0,0.5,0.7857142857142857,0.37673092
26.0,0.5714285714285714,0.7857142857142857,0.35486782
26.0,0.6428571428571428,0.7857142857142857,0.3048812
26.0,0.7142857142857142,0.7857142857142857,0.24473399
26.0,0.7857142857142857,0.7857142857142857,0.18247944
26.0,0.8571428571428571,0.7857142857142857,0.1187383
26.0,0.9285714285714285,0.7857142857142857,0.05229052
26.0,1.0,0.7857142857142857,-0.016856821
26.0,0.0,0.8571428571428571,-0.011423083
26.0,0.07142857142857142,0.8571428571428571,0.034945063
26.0,0.14285714285714285,0.8571428571428571,0.076224305
26.0,0.21428571428571427,0.8571428571428571,0.11591769
26.0,0.2857142857142857,0.8571428571428571,0.15754668
26.0,0.3571428571428571,0.8571428571428571,0.20022593
26.0,0.42857142857142855,0.8571428571428571,0.2350632
26.0,0.5,0.8571428571428571,0.24842077
26.0,0.5714285714285714,0.8571428571428571,0.23404253
26.0,0.6428571428571428,0.8571428571428571,0.19996879
26.0,0.7142857142857142,0.8571428571428571,0.15871322
26.0,0.7857142857142857,0.8571428571428571,0.11676306
26.0,0.8571428571428571,0.8571428571428571,0.074203745
26.0,0.9285714285714285,0.8571428571428571,0.02866357
26.0,1.0,0.8571428571428571,-0.021401418
26.0,0.0,0.9285714285714285,-0.011144312
26.0,0.07142857142857142,0.9285714285714285,0.014411226
26.0,0.14285714285714285,0.9285714285714285,0.033642523
26.0,0.21428571428571427,0.9285714285714285,0.05079086
26.0,0.2857142857142857,0.9285714285714285,0.06981458
26.0,0.3571428571428571,0.9285714285714285,0.091018364
26.0,0.42857142857142855,0.9285714285714285,0.10935689
26.0,0.5,0.9285714285714285,0.11714984
26.0,0.5714285714285714,0.9285714285714285,0.11052818
26.0,0.6428571428571428,0.9285714285714285,0.09313338
26.0,0.7142857142857142,0.9285714285714285,0.071834795
26.0,0.7857142857142857,0.9285714285714285,0.050401516
26.0,0.8571428571428571,0.9285714285714285,0.02804177
26.0,0.9285714285714285,0.9285714285714285,0.0017658006
26.0,1.0,0.9285714285714285,-0.030787988
26.0,0.0,1.0,-0.019471819
26.0,0.07142857142857142,1.0,-0.014594089
26.0,0.14285714285714285,1.0,-0.016694367
26.0,0.21428571428571427,1.0,-0.021041797
26.0,0.2857142857142857,1.0,-0.023274593
26.0,0.3571428571428571,1.0,-0.021493917
26.0,0.42857142857142855,1.0,-0.01697219
26.0,0.5,1.0,-0.012826746
26.0,0.5714285714285714,1.0,-0.011429096
26.0,0.6428571428571428,1.0,-0.012602257
26.0,0.7142857142857142,1.0,-0.014544608
26.0,0.7857142857142857,1.0,-0.016541576
26.0,0.8571428571428571,1.0,-0.020353844
26.0,0.9285714285714285,1.0,-0.029204058
26.0,1.0,1.0,-0.045776613
27.0,0.0,0.0,-0.024091084
27.0,0.07142857142857142,0.0,-0.015527885
27.0,0.14285714285714285,0.0,-0.013498558
27.0,0.21428571428571427,0.0,-0.016436782
27.0,0.2857142857142857,0.0,-0.02005435
27.0,0.3571428571428571,0.0,-0.01915721
27.0,0.42857142857142855,0.0,-0.014257377
27.0,0.5,0.0,-0.012489219
27.0,0.5714285714285714,0.0,-0.017057443
27.0,0.6428571428571428,0.0,-0.022397066
27.0,0.7142857142857142,0.0,-0.022320377
27.0,0.7857142857142857,0.0,-0.017917244
27.0,0.8571428571428571,0.0,-0.01569991
27.0,0.9285714285714285,0.0,-0.021151548
27.0,1.0,0.0,-0.036112145
27.0,0.0,0.07142857142857142,-0.017518284
27.0,0.07142857142857142,0.07142857142857142,0.01022944
27.0,0.14285714285714285,0.07142857142857142,0.03333123
27.0,0.21428571428571427,0.07142857142857142,0.052524254
27.0,0.2857142857142857,0.07142857142857142,0.07077732
27.0,0.3571428571428571,0.07142857142857142,0.091681
27.0,0.42857142857142855,0.07142857142857142,0.111654535
27.0,0.5,0.07142857142857142,0.11860985
27.0,0.5714285714285714,0.07142857142857142,0.107482366
27.0,0.6428571428571428,0.07142857142857142,0.08750404
27.0,0.7142857142857142,0.07142857142857142,0.069391
27.0,0.7857142857142857,0.07142857142857142,0.05377441
27.0,0.8571428571428571,0.07142857142857142,0.03485445
27.0,0.9285714285714285,0.07142857142857142,0.008714376
27.0,1.0,0.07142857142857142,-0.025205458
27.0,0.0,0.14285714285714285,-0.016828965
27.0,0.07142857142857142,0.14285714285714285,0.031095622
27.0,0.14285714285714285,0.14285714285714285,0.0763074
27.0,0.21428571428571427,0.14285714285714285,0.11870941
27.0,0.2857142857142857,0.14285714285714285,0.15989137
27.0,0.3571428571428571,0.14285714285714285,0.20175725
27.0,0.42857142857142855,0.14285714285714285,0.23773207
27.0,0.5,0.14285714285714285,0.2505668
27.0,0.5714285714285714,0.14285714285714285,0.23275113
27.0,0.6428571428571428,0.14285714285714285,0.19694795
27.0,0.7142857142857142,0.14285714285714285,0.15854901
27.0,0.7857142857142857,0.14285714285714285,0.12039421
27.0,0.8571428571428571,0.14285714285714285,0.07846733
27.0,0.9285714285714285,0.14285714285714285,0.03090824
27.0,1.0,0.14285714285714285,-0.022104511
27.0,0.0,0.21428571428571427,-0.019154616
27.0,0.07142857142857142,0.21428571428571427,0.04967902
27.0,0.14285714285714285,0.21428571428571427,0.11708764
27.0,0.21428571428571427,0.21428571428571427,0.18211786
27.0,0.2857142857142857,0.21428571428571427,0.24525884
27.0,0.3571428571428571,0.21428571428571427,0.30717868
27.0,0.42857142857142855,0.21428571428571427,0.35895184
27.0,0.5,0.21428571428571427,0.37847602
27.0,0.5714285714285714,0.21428571428571427,0.35492238
27.0,0.6428571428571428,0.21428571428571427,0.30345592
27.0,0.7142857142857142,0.21428571428571427,0.24407414
27.0,0.7857142857142857,0.21428571428571427,0.18257831
27.0,0.8571428571428571,0.21428571428571427,0.11765473
27.0,0.9285714285714285,0.21428571428571427,0.049200654
27.0,1.0,0.21428571428571427,-0.022543447
27.0,0.0,0.2857142857142857,-0.021550931
27.0,0.07142857142857142,0.2857142857142857,0.0687952
27.0,0.14285714285714285,0.2857142857142857,0.15789631
27.0,0.21428571428571427,0.2857142857142857,0.24393156
27.0,0.2857142857142857,0.2857142857142857,0.3269202
27.0,0.3571428571428571,0.2857142857142857,0.40714616
27.0,0.42857142857142855,0.2857142857142857,0.47415075
27.0,0.5,0.2857142857142857,0.5012697
27.0,0.5714285714285714,0.2857142857142857,0.47319868
27.0,0.6428571428571428,0.2857142857142857,0.4066466
27.0,0.7142857142857142,0.2857142857142857,0.32651526
27.0,0.7857142857142857,0.2857142857142857,0.24253067
27.0,0.8571428571428571,0.2857142857142857,0.15622404
27.0,0.9285714285714285,0.2857142857142857,0.06817936
27.0,1.0,0.2857142857142857,-0.021614062
27.0,0.0,0.3571428571428571,-0.022640752
27.0,0.07142857142857142,0.3571428571428571,0.08917203
27.0,0.14285714285714285,0.3571428571428571,0.19909984
27.0,0.21428571428571427,0.3571428571428571,0.3043206
27.0,0.2857142857142857,0.3571428571428571,0.40498972
27.0,0.3571428571428571,0.3571428571428571,0.5017988
27.0,0.42857142857142855,0.3571428571428571,0.5833921
27.0,0.5,0.3571428571428571,0.6184883
27.0,0.5714285714285714,0.3571428571428571,0.586257
27.0,0.6428571428571428,0.3571428571428571,0.5049117
27.0,0.7142857142857142,0.3571428571428571,0.40512103
27.0,0.7857142857142857,0.3571428571428571,0.30108055
27.0,0.8571428571428571,0.3571428571428571,0.19618312
27.0,0.9285714285714285,0.3571428571428571,0.09046085
27.0,1.0,0.3571428571428571,-0.0160222
27.0,0.0,0.42857142857142855,-0.023557456
27.0,0.07142857142857142,0.42857142857142855,0.10623883
27.0,0.14285714285714285,0.42857142857142855,0.23405123
27.0,0.21428571428571427,0.42857142857142855,0.35574302
27.0,0.2857142857142857,0.42857142857142855,0.47149292
27.0,0.3571428571428571,0.42857142857142855,0.5825034
27.0,0.42857142857142855,0.42857142857142855,0.6768189
27.0,0.5,0.42857142857142855,0.71845466
27.0,0.5714285714285714,0.42857142857142855,0.68116903
27.0,0.6428571428571428,0.42857142857142855,0.5861842
27.0,0.7142857142857142,0.42857142857142855,0.47039372
27.0,0.7857142857142857,0.42857142857142855,0.35131705
27.0,0.8571428571428571,0.42857142857142855,0.23239028
27.0,0.9285714285714285,0.42857142857142855,0.11260327
27.0,1.0,0.42857142857142855,-0.0071181525
27.0,0.0,0.5,-0.023825752
27.0,0.07142857142857142,0.5,0.11281069
27.0,0.14285714285714285,0.5,0.24819425
27.0,0.21428571428571427,0.5,0.37743858
27.0,0.2857142857142857,0.5,0.50040746
27.0,0.3571428571428571,0.5,0.61824185
27.0,0.42857142857142855,0.5,0.7185548
27.0,0.5,0.5,0.7623007
27.0,0.5714285714285714,0.5,0.72075284
27.0,0.6428571428571428,0.5,0.6192575
27.0,0.7142857142857142,0.5,0.49798527
27.0,0.7857142857142857,0.5,0.37417883
27.0,0.8571428571428571,0.5,0.2498995
27.0,0.9285714285714285,0.5,0.12387303
27.0,1.0,0.5,-0.0014919881
27.0,0.0,0.5714285714285714,-0.021780657
27.0,0.07142857142857142,0.5714285714285714,0.106770955
27.0,0.14285714285714285,0.5714285714285714,0.2340318
27.0,0.21428571428571427,0.5714285714285714,0.35623208
27.0,0.2857142857142857,0.5714285714285714,0.47353563
27.0,0.3571428571428571,0.5714285714285714,0.5862574
27.0,0.42857142857142855,0.5714285714285714,0.6813234
27.0,0.5,0.5714285714285714,0.72091407
27.0,0.5714285714285714,0.5714285714285714,0.6794756
27.0,0.6428571428571428,0.5714285714285714,0.5839635
27.0,0.7142857142857142,0.5714285714285714,0.47136378
27.0,0.7857142857142857,0.5714285714285714,0.35542092
27.0,0.8571428571428571,0.5714285714285714,0.23708211
27.0,0.9285714285714285,0.5714285714285714,0.115979634
27.0,1.0,0.5714285714285714,-0.004344592
27.0,0.0,0.6428571428571428,-0.019232938
27.0,0.07142857142857142,0.6428571428571428,0.09131394
27.0,0.14285714285714285,0.6428571428571428,0.19994736
27.0,0.21428571428571427,0.6428571428571428,0.3052459
27.0,0.2857142857142857,0.6428571428571428,0.40821743
27.0,0.3571428571428571,0.6428571428571428,0.5078641
27.0,0.42857142857142855,0.6428571428571428,0.59019893
27.0,0.5,0.6428571428571428,0.6223175
27.0,0.5714285714285714,0.6428571428571428,0.58540744
27.0,0.6428571428571428,0.6428571428571428,0.50384766
27.0,0.7142857142857142,0.6428571428571428,0.40758806
27.0,0.7857142857142857,0.6428571428571428,0.30697337
27.0,0.8571428571428571,0.6428571428571428,0.20280474
27.0,0.9285714285714285,0.6428571428571428,0.09566886
27.0,1.0,0.6428571428571428,-0.011013174
27.0,0.0,0.7142857142857142,-0.016843358
27.0,0.07142857142857142,0.7142857142857142,0.07204082
27.0,0.14285714285714285,0.7142857142857142,0.15820764
27.0,0.21428571428571427,0.7142857142857142,0.24242726
27.0,0.2857142857142857,0.7142857142857142,0.32660413
27.0,0.3571428571428571,0.7142857142857142,0.40898138
27.0,0.42857142857142855,0.7142857142857142,0.4759537
27.0,0.5,0.7142857142857142,0.5012545
27.0,0.5714285714285714,0.7142857142857142,0.47194356
27.0,0.6428571428571428,0.7142857142857142,0.40674007
27.0,0.7142857142857142,0.7142857142857142,0.32869104
27.0,0.7857142857142857,0.7142857142857142,0.24667692
27.0,0.8571428571428571,0.7142857142857142,0.16172332
27.0,0.9285714285714285,0.7142857142857142,0.07406009
27.0,1.0,0.7142857142857142,-0.014364446
27.0,0.0,0.7857142857142857,-0.013743537
27.0,0.07142857142857142,0.7857142857142857,0.05323685
27.0,0.14285714285714285,0.7857142857142857,0.11651359
27.0,0.21428571428571427,0.7857142857142857,0.1785054
27.0,0.2857142857142857,0.7857142857142857,0.24196783
27.0,0.3571428571428571,0.7857142857142857,0.30516517
27.0,0.42857142857142855,0.7857142857142857,0.35621408
27.0,0.5,0.7857142857142857,0.3754592
27.0,0.5714285714285714,0.7857142857142857,0.35394755
27.0,0.6428571428571428,0.7857142857142857,0.30448124
27.0,0.7142857142857142,0.7857142857142857,0.24452475
27.0,0.7857142857142857,0.7857142857142857,0.1822519
27.0,0.8571428571428571,0.7857142857142857,0.11860404
27.0,0.9285714285714285,0.7857142857142857,0.05250182
27.0,1.0,0.7857142857142857,-0.01612438
27.0,0.0,0.8571428571428571,-0.010403099
27.0,0.07142857142857142,0.8571428571428571,0.035389066
27.0,0.14285714285714285,0.8571428571428571,0.076273136
27.0,0.21428571428571427,0.8571428571428571,0.1158089
27.0,0.2857142857142857,0.8571428571428571,0.15741673
27.0,0.3571428571428571,0.8571428571428571,0.19997998
27.0,0.42857142857142855,0.8571428571428571,0.23451304
27.0,0.5,0.8571428571428571,0.24765852
27.0,0.5714285714285714,0.8571428571428571,0.23344493
27.0,0.6428571428571428,0.8571428571428571,0.19968815
27.0,0.7142857142857142,0.8571428571428571,0.15857778
27.0,0.7857142857142857,0.8571428571428571,0.1166387
27.0,0.8571428571428571,0.8571428571428571,0.07417022
27.0,0.9285714285714285,0.8571428571428571,0.028918052
27.0,1.0,0.8571428571428571,-0.020708544
27.0,0.0,0.9285714285714285,-0.0101596285
27.0,0.07142857142857142,0.9285714285714285,0.014862526
27.0,0.14285714285714285,0.9285714285714285,0.03378342
27.0,0.21428571428571427,0.9285714285714285,0.05088906
27.0,0.2857142857142857,0.9285714285714285,0.07003183
27.0,0.3571428571428571,0.9285714285714285,0.0913086
27.0,0.42857142857142855,0.9285714285714285,0.10956103
27.0,0.5,0.9285714285714285,0.1172295
27.0,0.5714285714285714,0.9285714285714285,0.11062157
27.0,0.6428571428571428,0.9285714285714285,0.093319856
27.0,0.7142857142857142,0.9285714285714285,0.072032325
27.0,0.7857142857142857,0.9285714285714285,0.05053868
27.0,0.8571428571428571,0.9285714285714285,0.028191654
27.0,0.9285714285714285,0.9285714285714285,0.002100205
27.0,1.0,0.9285714285714285,-0.03011724
27.0,0.0,1.0,-0.01858993
27.0,0.07142857142857142,1.0,-0.014129962
27.0,0.14285714285714285,1.0,-0.016374437
27.0,0.21428571428571427,1.0,-0.020586442
27.0,0.2857142857142857,1.0,-0.022527896
27.0,0.3571428571428571,1.0,-0.020488532
27.0,0.42857142857142855,1.0,-0.015867347
27.0,0.5,1.0,-0.011762114
27.0,0.5714285714285714,1.0,-0.010450469
27.0,0.6428571428571428,1.0,-0.011727454
27.0,0.7142857142857142,1.0,-0.0138268825
27.0,0.7857142857142857,1.0,-0.016009292
27.0,0.8571428571428571,1.0,-0.019933393
27.0,0.9285714285714285,1.0,-0.028736679
27.0,1.0,1.0,-0.04510238
28.0,0.0,0.0,-0.0236453
28.0,0.07142857142857142,0.0,-0.015212017
28.0,0.14285714285714285,0.0,-0.013294353
28.0,0.21428571428571427,0.0,-0.016244411
28.0,0.2857142857142857,0.0,-0.019718869
28.0,0.3571428571428571,0.0,-0.018636243
28.0,0.42857142857142855,0.0,-0.013665125
28.0,0.5,0.0,-0.0118405465
28.0,0.5714285714285714,0.0,-0.016292235
28.0,0.6428571428571428,0.0,-0.021631846
28.0,0.7142857142857142,0.0,-0.02169909
28.0,0.7857142857142857,0.0,-0.017333465
28.0,0.8571428571428571,0.0,-0.014907772
28.0,0.9285714285714285,0.0,-0.0200202
28.0,1.0,0.0,-0.03467475
28.0,0.0,0.07142857142857142,-0.017169997
28.0,0.07142857142857142,0.07142857142857142,0.010412084
28.0,0.14285714285714285,0.07142857142857142,0.03336578
28.0,0.21428571428571427,0.07142857142857142,0.052501768
28.0,0.2857142857142857,0.07142857142857142,0.070824176
28.0,0.3571428571428571,0.07142857142857142,0.09175638
28.0,0.42857142857142855,0.07142857142857142,0.111543104
28.0,0.5,0.07142857142857142,0.118396275
28.0,0.5714285714285714,0.07142857142857142,0.1074713
28.0,0.6428571428571428,0.07142857142857142,0.08765734
28.0,0.7142857142857142,0.07142857142857142,0.069505386
28.0,0.7857142857142857,0.07142857142857142,0.053930096
28.0,0.8571428571428571,0.07142857142857142,0.035274543
28.0,0.9285714285714285,0.07142857142857142,0.009488987
28.0,1.0,0.07142857142857142,-0.024125772
28.0,0.0,0.14285714285714285,-0.016492547
28.0,0.07142857142857142,0.14285714285714285,0.031200407
28.0,0.14285714285714285,0.14285714285714285,0.07620986
28.0,0.21428571428571427,0.14285714285714285,0.11851468
28.0,0.2857142857142857,0.14285714285714285,0.15972514
28.0,0.3571428571428571,0.14285714285714285,0.20150666
28.0,0.42857142857142855,0.14285714285714285,0.2370635
28.0,0.5,0.14285714285714285,0.24965805
28.0,0.5714285714285714,0.14285714285714285,0.2321657
28.0,0.6428571428571428,0.14285714285714285,0.19671647
28.0,0.7142857142857142,0.14285714285714285,0.15838209
28.0,0.7857142857142857,0.14285714285714285,0.12031279
28.0,0.8571428571428571,0.14285714285714285,0.07864513
28.0,0.9285714285714285,0.14285714285714285,0.031411238
28.0,1.0,0.14285714285714285,-0.021295788
28.0,0.0,0.21428571428571427,-0.018721055
28.0,0.07142857142857142,0.21428571428571427,0.049774952
28.0,0.14285714285714285,0.21428571428571427,0.11690869
28.0,0.21428571428571427,0.21428571428571427,0.18183005
28.0,0.2857142857142857,0.21428571428571427,0.24503437
28.0,0.3571428571428571,0.21428571428571427,0.30685622
28.0,0.42857142857142855,0.21428571428571427,0.35806042
28.0,0.5,0.21428571428571427,0.37723315
28.0,0.5714285714285714,0.21428571428571427,0.35411656
28.0,0.6428571428571428,0.21428571428571427,0.30316457
28.0,0.7142857142857142,0.21428571428571427,0.24389413
28.0,0.7857142857142857,0.21428571428571427,0.1824452
28.0,0.8571428571428571,0.21428571428571427,0.11770008
28.0,0.9285714285714285,0.21428571428571427,0.049530417
28.0,1.0,0.21428571428571427,-0.021868186
28.0,0.0,0.2857142857142857,-0.020940647
28.0,0.07142857142857142,0.2857142857142857,0.06891195
28.0,0.14285714285714285,0.2857142857142857,0.15764141
28.0,0.21428571428571427,0.2857142857142857,0.24358284
28.0,0.2857142857142857,0.2857142857142857,0.32673413
28.0,0.3571428571428571,0.2857142857142857,0.40691417
28.0,0.42857142857142855,0.2857142857142857,0.47324154
28.0,0.5,0.2857142857142857,0.49988577
28.0,0.5714285714285714,0.2857142857142857,0.4723388
28.0,0.6428571428571428,0.2857142857142857,0.40644437
28.0,0.7142857142857142,0.2857142857142857,0.32642847
28.0,0.7857142857142857,0.2857142857142857,0.2423839
28.0,0.8571428571428571,0.2857142857142857,0.15615539
28.0,0.9285714285714285,0.2857142857142857,0.06841256
28.0,1.0,0.2857142857142857,-0.020918185
28.0,0.0,0.3571428571428571,-0.02186224
28.0,0.07142857142857142,0.3571428571428571,0.08925787
28.0,0.14285714285714285,0.3571428571428571,0.19867137
28.0,0.21428571428571427,0.3571428571428571,0.3037807
28.0,0.2857142857142857,0.3571428571428571,0.4046698
28.0,0.3571428571428571,0.3571428571428571,0.50142306
28.0,0.42857142857142855,0.3571428571428571,0.5821625
28.0,0.5,0.3571428571428571,0.61658657
28.0,0.5714285714285714,0.3571428571428571,0.58495325
28.0,0.6428571428571428,0.3571428571428571,0.5044714
28.0,0.7142857142857142,0.3571428571428571,0.4048626
28.0,0.7857142857142857,0.3571428571428571,0.30070436
28.0,0.8571428571428571,0.3571428571428571,0.1958825
28.0,0.9285714285714285,0.3571428571428571,0.09060485
28.0,1.0,0.3571428571428571,-0.015209394
28.0,0.0,0.42857142857142855,-0.022672044
28.0,0.07142857142857142,0.42857142857142855,0.10624123
28.0,0.14285714285714285,0.42857142857142855,0.23334153
28.0,0.21428571428571427,0.42857142857142855,0.35476834
28.0,0.2857142857142857,0.42857142857142855,0.47059545
28.0,0.3571428571428571,0.42857142857142855,0.5813394
28.0,0.42857142857142855,0.42857142857142855,0.6744775
28.0,0.5,0.42857142857142855,0.71516
28.0,0.5714285714285714,0.42857142857142855,0.67858267
28.0,0.6428571428571428,0.42857142857142855,0.5848152
28.0,0.7142857142857142,0.42857142857142855,0.469464
28.0,0.7857142857142857,0.42857142857142855,0.350394
28.0,0.8571428571428571,0.42857142857142855,0.23169947
28.0,0.9285714285714285,0.42857142857142855,0.11260904
28.0,1.0,0.42857142857142855,-0.0061909948
28.0,0.0,0.5,-0.022878887
28.0,0.07142857142857142,0.5,0.11281668
28.0,0.14285714285714285,0.5,0.24737987
28.0,0.21428571428571427,0.5,0.37619823
28.0,0.2857142857142857,0.5,0.4990408
28.0,0.3571428571428571,0.5,0.61639136
28.0,0.42857142857142855,0.5,0.715313
28.0,0.5,0.5,0.7579653
28.0,0.5714285714285714,0.5,0.71726197
28.0,0.6428571428571428,0.5,0.6172617
28.0,0.7142857142857142,0.5,0.49662712
28.0,0.7857142857142857,0.5,0.37292755
28.0,0.8571428571428571,0.5,0.24898732
28.0,0.9285714285714285,0.5,0.12381325
28.0,1.0,0.5,-0.00047497638
28.0,0.0,0.5714285714285714,-0.02082027
28.0,0.07142857142857142,0.5714285714285714,0.10689119
28.0,0.14285714285714285,0.5714285714285714,0.23345873
28.0,0.21428571428571427,0.5714285714285714,0.35533223
28.0,0.2857142857142857,0.5714285714285714,0.47256747
28.0,0.3571428571428571,0.5714285714285714,0.5849045
28.0,0.42857142857142855,0.5714285714285714,0.678808
28.0,0.5,0.5714285714285714,0.7175386
28.0,0.5714285714285714,0.5714285714285714,0.676964
28.0,0.6428571428571428,0.5714285714285714,0.5827708
28.0,0.7142857142857142,0.5714285714285714,0.47060907
28.0,0.7857142857142857,0.5714285714285714,0.35459626
28.0,0.8571428571428571,0.5714285714285714,0.236439
28.0,0.9285714285714285,0.5714285714285714,0.11606536
28.0,1.0,0.5714285714285714,-0.003251614
28.0,0.0,0.6428571428571428,-0.018277327
28.0,0.07142857142857142,0.6428571428571428,0.09155874
28.0,0.14285714285714285,0.6428571428571428,0.199675
28.0,0.21428571428571427,0.6428571428571428,0.3047868
28.0,0.2857142857142857,0.6428571428571428,0.4077663
28.0,0.3571428571428571,0.6428571428571428,0.507149
28.0,0.42857142857142855,0.6428571428571428,0.5886595
28.0,0.5,0.6428571428571428,0.6202605
28.0,0.5714285714285714,0.6428571428571428,0.58409685
28.0,0.6428571428571428,0.6428571428571428,0.5034968
28.0,0.7142857142857142,0.6428571428571428,0.4074427
28.0,0.7857142857142857,0.6428571428571428,0.30663258
28.0,0.8571428571428571,0.6428571428571428,0.20249335
28.0,0.9285714285714285,0.6428571428571428,0.09587326
28.0,1.0,0.6428571428571428,-0.009991126
28.0,0.0,0.7142857142857142,-0.015870074
28.0,0.07142857142857142,0.7142857142857142,0.072381414
28.0,0.14285714285714285,0.7142857142857142,0.15811044
28.0,0.21428571428571427,0.7142857142857142,0.24216446
28.0,0.2857142857142857,0.7142857142857142,0.3263067
28.0,0.3571428571428571,0.7142857142857142,0.40842736
28.0,0.42857142857142855,0.7142857142857142,0.47477767
28.0,0.5,0.7142857142857142,0.4997439
28.0,0.5714285714285714,0.7142857142857142,0.4709829
28.0,0.6428571428571428,0.7142857142857142,0.4064749
28.0,0.7142857142857142,0.7142857142857142,0.32859096
28.0,0.7857142857142857,0.7142857142857142,0.24644691
28.0,0.8571428571428571,0.7142857142857142,0.16152585
28.0,0.9285714285714285,0.7142857142857142,0.07425722
28.0,1.0,0.7142857142857142,-0.013518101
28.0,0.0,0.7857142857142857,-0.012725541
28.0,0.07142857142857142,0.7857142857142857,0.05365397
28.0,0.14285714285714285,0.7857142857142857,0.1165111
28.0,0.21428571428571427,0.7857142857142857,0.17831586
28.0,0.2857142857142857,0.7857142857142857,0.24169928
28.0,0.3571428571428571,0.7857142857142857,0.3046533
28.0,0.42857142857142855,0.7857142857142857,0.35521808
28.0,0.5,0.7857142857142857,0.3741999
28.0,0.5714285714285714,0.7857142857142857,0.35303736
28.0,0.6428571428571428,0.7857142857142857,0.3040824
28.0,0.7142857142857142,0.7857142857142857,0.24431986
28.0,0.7857142857142857,0.7857142857142857,0.182031
28.0,0.8571428571428571,0.7857142857142857,0.118472256
28.0,0.9285714285714285,0.7857142857142857,0.05271598
28.0,1.0,0.7857142857142857,-0.015372502
28.0,0.0,0.8571428571428571,-0.009358415
28.0,0.07142857142857142,0.8571428571428571,0.035853736
28.0,0.14285714285714285,0.8571428571428571,0.076347634
28.0,0.21428571428571427,0.8571428571428571,0.11572922
28.0,0.2857142857142857,0.8571428571428571,0.1573065
28.0,0.3571428571428571,0.8571428571428571,0.19973612
28.0,0.42857142857142855,0.8571428571428571,0.23395944
28.0,0.5,0.8571428571428571,0.24690104
28.0,0.5714285714285714,0.8571428571428571,0.23285341
28.0,0.6428571428571428,0.8571428571428571,0.19941168
28.0,0.7142857142857142,0.8571428571428571,0.15845227
28.0,0.7857142857142857,0.8571428571428571,0.11652864
28.0,0.8571428571428571,0.8571428571428571,0.074151926
28.0,0.9285714285714285,0.8571428571428571,0.029189503
28.0,1.0,0.8571428571428571,-0.019986706
28.0,0.0,0.9285714285714285,-0.009160863
28.0,0.07142857142857142,0.9285714285714285,0.01533317
28.0,0.14285714285714285,0.9285714285714285,0.033956304
28.0,0.21428571428571427,0.9285714285714285,0.05102648
28.0,0.2857142857142857,0.9285714285714285,0.07028044
28.0,0.3571428571428571,0.9285714285714285,0.09161216
28.0,0.42857142857142855,0.9285714285714285,0.109766416
28.0,0.5,0.9285714285714285,0.1173108
28.0,0.5714285714285714,0.9285714285714285,0.110719986
28.0,0.6428571428571428,0.9285714285714285,0.0935146
28.0,0.7142857142857142,0.9285714285714285,0.072244704
28.0,0.7857142857142857,0.9285714285714285,0.050698042
28.0,0.8571428571428571,0.9285714285714285,0.028367328
28.0,0.9285714285714285,0.9285714285714285,0.0024630148
28.0,1.0,0.9285714285714285,-0.029409308
28.0,0.0,1.0,-0.017703012
28.0,0.07142857142857142,1.0,-0.0136456685
28.0,0.14285714285714285,1.0,-0.016014874
28.0,0.21428571428571427,1.0,-0.020081112
28.0,0.2857142857142857,1.0,-0.021735761
28.0,0.3571428571428571,1.0,-0.019453114
28.0,0.42857142857142855,1.0,-0.01474552
28.0,0.5,1.0,-0.0106853675
28.0,0.5714285714285714,1.0,-0.009458644
28.0,0.6428571428571428,1.0,-0.010836726
28.0,0.7142857142857142,1.0,-0.013087055
28.0,0.7857142857142857,1.0,-0.015447775
28.0,0.8571428571428571,1.0,-0.019479087
28.0,0.9285714285714285,1.0,-0.028231988
28.0,1.0,1.0,-0.044384316
29.0,0.0,0.0,-0.023178931
29.0,0.07142857142857142,0.0,-0.014887648
29.0,0.14285714285714285,0.0,-0.0130849965
29.0,0.21428571428571427,0.0,-0.016039975
29.0,0.2857142857142857,0.0,-0.019359186
29.0,0.3571428571428571,0.0,-0.01808757
29.0,0.42857142857142855,0.0,-0.013050744
29.0,0.5,0.0,-0.011177689
29.0,0.5714285714285714,0.0,-0.015518323
29.0,0.6428571428571428,0.0,-0.02085532
29.0,0.7142857142857142,0.0,-0.021063387
29.0,0.7857142857142857,0.0,-0.016740112
29.0,0.8571428571428571,0.0,-0.014107702
29.0,0.9285714285714285,0.0,-0.018870963
29.0,1.0,0.0,-0.03319972
29.0,0.0,0.07142857142857142,-0.016799456
29.0,0.07142857142857142,0.07142857142857142,0.01060161
29.0,0.14285714285714285,0.07142857142857142,0.0333995
29.0,0.21428571428571427,0.07142857142857142,0.052479208
29.0,0.2857142857142857,0.07142857142857142,0.07087507
29.0,0.3571428571428571,0.07142857142857142,0.091832556
29.0,0.42857142857142855,0.07142857142857142,0.111430354
29.0,0.5,0.07142857142857142,0.11818292
29.0,0.5714285714285714,0.07142857142857142,0.10745676
29.0,0.6428571428571428,0.07142857142857142,0.08781164
29.0,0.7142857142857142,0.07142857142857142,0.06962741
29.0,0.7857142857142857,0.07142857142857142,0.054088876
29.0,0.8571428571428571,0.07142857142857142,0.03569708
29.0,0.9285714285714285,0.07142857142857142,0.010276863
29.0,1.0,0.07142857142857142,-0.023012476
29.0,0.0,0.14285714285714285,-0.01613297
29.0,0.07142857142857142,0.14285714285714285,0.031311482
29.0,0.14285714285714285,0.14285714285714285,0.076109566
29.0,0.21428571428571427,0.14285714285714285,0.11831697
29.0,0.2857142857142857,0.14285714285714285,0.15955558
29.0,0.3571428571428571,0.14285714285714285,0.20124596
29.0,0.42857142857142855,0.14285714285714285,0.23639075
29.0,0.5,0.14285714285714285,0.24875727
29.0,0.5714285714285714,0.14285714285714285,0.23158233
29.0,0.6428571428571428,0.14285714285714285,0.19648734
29.0,0.7142857142857142,0.14285714285714285,0.15822229
29.0,0.7857142857142857,0.14285714285714285,0.12023432
29.0,0.8571428571428571,0.14285714285714285,0.07882478
29.0,0.9285714285714285,0.14285714285714285,0.031925604
29.0,1.0,0.14285714285714285,-0.020456264
29.0,0.0,0.21428571428571427,-0.018267049
29.0,0.07142857142857142,0.21428571428571427,0.049874708
29.0,0.14285714285714285,0.21428571428571427,0.11672933
29.0,0.21428571428571427,0.21428571428571427,0.18154526
29.0,0.2857142857142857,0.21428571428571427,0.24480975
29.0,0.3571428571428571,0.21428571428571427,0.30652013
29.0,0.42857142857142855,0.21428571428571427,0.3571671
29.0,0.5,0.21428571428571427,0.37600806
29.0,0.5714285714285714,0.21428571428571427,0.3533164
29.0,0.6428571428571428,0.21428571428571427,0.3028735
29.0,0.7142857142857142,0.21428571428571427,0.24372151
29.0,0.7857142857142857,0.21428571428571427,0.18231732
29.0,0.8571428571428571,0.21428571428571427,0.11774895
29.0,0.9285714285714285,0.21428571428571427,0.049869187
29.0,1.0,0.21428571428571427,-0.02116459
29.0,0.0,0.2857142857142857,-0.020318337
29.0,0.07142857142857142,0.2857142857142857,0.0690273
29.0,0.14285714285714285,0.2857142857142857,0.15738957
29.0,0.21428571428571427,0.2857142857142857,0.2432478
29.0,0.2857142857142857,0.2857142857142857,0.32655367
29.0,0.3571428571428571,0.2857142857142857,0.4066635
29.0,0.42857142857142855,0.2857142857142857,0.47232398
29.0,0.5,0.2857142857142857,0.49851754
29.0,0.5714285714285714,0.2857142857142857,0.47147423
29.0,0.6428571428571428,0.2857142857142857,0.40622866
29.0,0.7142857142857142,0.2857142857142857,0.3263442
29.0,0.7857142857142857,0.2857142857142857,0.24224547
29.0,0.8571428571428571,0.2857142857142857,0.1560927
29.0,0.9285714285714285,0.2857142857142857,0.06865195
29.0,1.0,0.2857142857142857,-0.020198474
29.0,0.0,0.3571428571428571,-0.021072576
29.0,0.07142857142857142,0.3571428571428571,0.08934156
29.0,0.14285714285714285,0.3571428571428571,0.19825327
29.0,0.21428571428571427,0.3571428571428571,0.3032667
29.0,0.2857142857142857,0.3571428571428571,0.40436196
29.0,0.3571428571428571,0.3571428571428571,0.5010235
29.0,0.42857142857142855,0.3571428571428571,0.5809183
29.0,0.5,0.3571428571428571,0.6146972
29.0,0.5714285714285714,0.3571428571428571,0.58363265
29.0,0.6428571428571428,0.3571428571428571,0.504003
29.0,0.7142857142857142,0.3571428571428571,0.40460825
29.0,0.7857142857142857,0.3571428571428571,0.30034974
29.0,0.8571428571428571,0.3571428571428571,0.19559357
29.0,0.9285714285714285,0.3571428571428571,0.0907507
29.0,1.0,0.3571428571428571,-0.01438001
29.0,0.0,0.42857142857142855,-0.021761255
29.0,0.07142857142857142,0.42857142857142855,0.10625268
29.0,0.14285714285714285,0.42857142857142855,0.23265496
29.0,0.21428571428571427,0.42857142857142855,0.35383508
29.0,0.2857142857142857,0.42857142857142855,0.46972525
29.0,0.3571428571428571,0.42857142857142855,0.58016926
29.0,0.42857142857142855,0.42857142857142855,0.6721489
29.0,0.5,0.42857142857142855,0.7119154
29.0,0.5714285714285714,0.42857142857142855,0.67600816
29.0,0.6428571428571428,0.42857142857142855,0.58343893
29.0,0.7142857142857142,0.42857142857142855,0.46856445
29.0,0.7857142857142857,0.42857142857142855,0.34951785
29.0,0.8571428571428571,0.42857142857142855,0.23103048
29.0,0.9285714285714285,0.42857142857142855,0.11260994
29.0,1.0,0.42857142857142855,-0.0052587185
29.0,0.0,0.5,-0.021896081
29.0,0.07142857142857142,0.5,0.11283634
29.0,0.14285714285714285,0.5,0.24658793
29.0,0.21428571428571427,0.5,0.37499794
29.0,0.2857142857142857,0.5,0.49770734
29.0,0.3571428571428571,0.5,0.6145532
29.0,0.42857142857142855,0.5,0.7121118
29.0,0.5,0.5,0.7537161
29.0,0.5714285714285714,0.5,0.7138172
29.0,0.6428571428571428,0.5,0.6152845
29.0,0.7142857142857142,0.5,0.49531987
29.0,0.7857142857142857,0.5,0.371736
29.0,0.8571428571428571,0.5,0.24809673
29.0,0.9285714285714285,0.5,0.1237388
29.0,1.0,0.5,0.000536358
29.0,0.0,0.5714285714285714,-0.019834647
29.0,0.07142857142857142,0.5714285714285714,0.1070108
29.0,0.14285714285714285,0.5714285714285714,0.23288617
29.0,0.21428571428571427,0.5714285714285714,0.35444146
29.0,0.2857142857142857,0.5714285714285714,0.47159827
29.0,0.3571428571428571,0.5714285714285714,0.58352774
29.0,0.42857142857142855,0.5714285714285714,0.6762855
29.0,0.5,0.5714285714285714,0.7141922
29.0,0.5714285714285714,0.5714285714285714,0.67444885
29.0,0.6428571428571428,0.5714285714285714,0.5815578
29.0,0.7142857142857142,0.5714285714285714,0.4698701
29.0,0.7857142857142857,0.5714285714285714,0.3538033
29.0,0.8571428571428571,0.5714285714285714,0.23579949
29.0,0.9285714285714285,0.5714285714285714,0.116125576
29.0,1.0,0.5714285714285714,-0.0021726508
29.0,0.0,0.6428571428571428,-0.017307276
29.0,0.07142857142857142,0.6428571428571428,0.091796726
29.0,0.14285714285714285,0.6428571428571428,0.19939336
29.0,0.21428571428571427,0.6428571428571428,0.30432156
29.0,0.2857142857142857,0.6428571428571428,0.40729612
29.0,0.3571428571428571,0.6428571428571428,0.506395
29.0,0.42857142857142855,0.6428571428571428,0.5870907
29.0,0.5,0.6428571428571428,0.6181992
29.0,0.5714285714285714,0.6428571428571428,0.5827628
29.0,0.6428571428571428,0.6428571428571428,0.503113
29.0,0.7142857142857142,0.6428571428571428,0.40729108
29.0,0.7857142857142857,0.6428571428571428,0.30629852
29.0,0.8571428571428571,0.6428571428571428,0.20217372
29.0,0.9285714285714285,0.6428571428571428,0.09605345
29.0,1.0,0.6428571428571428,-0.008979579
29.0,0.0,0.7142857142857142,-0.014881277
29.0,0.07142857142857142,0.7142857142857142,0.07272268
29.0,0.14285714285714285,0.7142857142857142,0.15801314
29.0,0.21428571428571427,0.7142857142857142,0.24190328
29.0,0.2857142857142857,0.7142857142857142,0.32600176
29.0,0.3571428571428571,0.7142857142857142,0.40785193
29.0,0.42857142857142855,0.7142857142857142,0.4735897
29.0,0.5,0.7142857142857142,0.49824288
29.0,0.5714285714285714,0.7142857142857142,0.47002247
29.0,0.6428571428571428,0.7142857142857142,0.40619886
29.0,0.7142857142857142,0.7142857142857142,0.32848915
29.0,0.7857142857142857,0.7142857142857142,0.24621984
29.0,0.8571428571428571,0.7142857142857142,0.1613213
29.0,0.9285714285714285,0.7142857142857142,0.074439846
29.0,1.0,0.7142857142857142,-0.012672672
29.0,0.0,0.7857142857142857,-0.011690633
29.0,0.07142857142857142,0.7857142857142857,0.054081164
29.0,0.14285714285714285,0.7857142857142857,0.11652238
29.0,0.21428571428571427,0.7857142857142857,0.17814341
29.0,0.2857142857142857,0.7857142857142857,0.24143925
29.0,0.3571428571428571,0.7857142857142857,0.30413604
29.0,0.42857142857142855,0.7857142857142857,0.3542214
29.0,0.5,0.7857142857142857,0.37295476
29.0,0.5714285714285714,0.7857142857142857,0.35213754
29.0,0.6428571428571428,0.7857142857142857,0.30368507
29.0,0.7142857142857142,0.7857142857142857,0.24411914
29.0,0.7857142857142857,0.7857142857142857,0.18181692
29.0,0.8571428571428571,0.7857142857142857,0.118341364
29.0,0.9285714285714285,0.7857142857142857,0.052927993
29.0,1.0,0.7857142857142857,-0.0146117825
29.0,0.0,0.8571428571428571,-0.008299986
29.0,0.07142857142857142,0.8571428571428571,0.0363323
29.0,0.14285714285714285,0.8571428571428571,0.0764443
29.0,0.21428571428571427,0.8571428571428571,0.11567738
29.0,0.2857142857142857,0.8571428571428571,0.15721527
29.0,0.3571428571428571,0.8571428571428571,0.19949462
29.0,0.42857142857142855,0.8571428571428571,0.23340343
29.0,0.5,0.8571428571428571,0.24614838
29.0,0.5714285714285714,0.8571428571428571,0.23226772
29.0,0.6428571428571428,0.8571428571428571,0.19913884
29.0,0.7142857142857142,0.8571428571428571,0.15833443
29.0,0.7857142857142857,0.8571428571428571,0.116431825
29.0,0.8571428571428571,0.8571428571428571,0.07414546
29.0,0.9285714285714285,0.8571428571428571,0.029471932
29.0,1.0,0.8571428571428571,-0.019245783
29.0,0.0,0.9285714285714285,-0.008157829
29.0,0.07142857142857142,0.9285714285714285,0.015816493
29.0,0.14285714285714285,0.9285714285714285,0.03415671
29.0,0.21428571428571427,0.9285714285714285,0.05119931
29.0,0.2857142857142857,0.9285714285714285,0.07055607
29.0,0.3571428571428571,0.9285714285714285,0.09192436
29.0,0.42857142857142855,0.9285714285714285,0.109968565
29.0,0.5,0.9285714285714285,0.11738948
29.0,0.5714285714285714,0.9285714285714285,0.11081857
29.0,0.6428571428571428,0.9285714285714285,0.09371258
29.0,0.7142857142857142,0.9285714285714285,0.072468035
29.0,0.7857142857142857,0.9285714285714285,0.050875776
29.0,0.8571428571428571,0.9285714285714285,0.028563404
29.0,0.9285714285714285,0.9285714285714285,0.002847312
29.0,1.0,0.9285714285714285,-0.028674176
29.0,0.0,1.0,-0.016820518
29.0,0.07142857142857142,1.0,-0.013147993
29.0,0.14285714285714285,1.0,-0.015622614
29.0,0.21428571428571427,1.0,-0.01953323
29.0,0.2857142857142857,1.0,-0.020907344
29.0,0.3571428571428571,1.0,-0.018397247
29.0,0.42857142857142855,1.0,-0.013616657
29.0,0.5,1.0,-0.009606751
29.0,0.5714285714285714,1.0,-0.0084638875
29.0,0.6428571428571428,1.0,-0.009938145
29.0,0.7142857142857142,1.0,-0.012333235
29.0,0.7857142857142857,1.0,-0.014864845
29.0,0.8571428571428571,1.0,-0.01899835
29.0,0.9285714285714285,1.0,-0.027698824
29.0,1.0,1.0,-0.04363236
30.0,0.0,0.0,-0.0226999
30.0,0.07142857142857142,0.0,-0.014560472
30.0,0.14285714285714285,0.0,-0.012874481
30.0,0.21428571428571427,0.0,-0.015825147
30.0,0.2857142857142857,0.0,-0.018977622
30.0,0.3571428571428571,0.0,-0.017515384
30.0,0.42857142857142855,0.0,-0.012419106
30.0,0.5,0.0,-0.010505145
30.0,0.5714285714285714,0.0,-0.014739757
30.0,0.6428571428571428,0.0,-0.020071495
30.0,0.7142857142857142,0.0,-0.02041831
30.0,0.7857142857142857,0.0,-0.016141979
30.0,0.8571428571428571,0.0,-0.013307294
30.0,0.9285714285714285,0.0,-0.017713489
30.0,1.0,0.0,-0.031699404
30.0,0.0,0.07142857142857142,-0.016412944
30.0,0.07142857142857142,0.07142857142857142,0.010793852
30.0,0.14285714285714285,0.07142857142857142,0.0334298
30.0,0.21428571428571427,0.07142857142857142,0.05245617
30.0,0.2857142857142857,0.07142857142857142,0.070929326
30.0,0.3571428571428571,0.07142857142857142,0.09190811
30.0,0.42857142857142855,0.07142857142857142,0.11131546
30.0,0.5,0.07142857142857142,0.11796857
30.0,0.5714285714285714,0.07142857142857142,0.107438155
30.0,0.6428571428571428,0.07142857142857142,0.08796529
30.0,0.7142857142857142,0.07142857142857142,0.06975474
30.0,0.7857142857142857,0.07142857142857142,0.054248743
30.0,0.8571428571428571,0.07142857142857142,0.036116235
30.0,0.9285714285714285,0.07142857142857142,0.011068864
30.0,1.0,0.07142857142857142,-0.02187747
30.0,0.0,0.14285714285714285,-0.0157566
30.0,0.07142857142857142,0.14285714285714285,0.031425864
30.0,0.14285714285714285,0.14285714285714285,0.07600731
30.0,0.21428571428571427,0.14285714285714285,0.118119456
30.0,0.2857142857142857,0.14285714285714285,0.1593849
30.0,0.3571428571428571,0.14285714285714285,0.20097625
30.0,0.42857142857142855,0.14285714285714285,0.2357157
30.0,0.5,0.14285714285714285,0.2478649
30.0,0.5714285714285714,0.14285714285714285,0.23100173
30.0,0.6428571428571428,0.14285714285714285,0.19626017
30.0,0.7142857142857142,0.14285714285714285,0.15807071
30.0,0.7857142857142857,0.14285714285714285,0.12015813
30.0,0.8571428571428571,0.14285714285714285,0.07900142
30.0,0.9285714285714285,0.14285714285714285,0.032443434
30.0,1.0,0.14285714285714285,-0.019596266
30.0,0.0,0.21428571428571427,-0.01780009
30.0,0.07142857142857142,0.21428571428571427,0.049976483
30.0,0.14285714285714285,0.21428571428571427,0.116551615
30.0,0.21428571428571427,0.21428571428571427,0.18126756
30.0,0.2857142857142857,0.21428571428571427,0.24458769
30.0,0.3571428571428571,0.21428571428571427,0.3061725
30.0,0.42857142857142855,0.21428571428571427,0.35627297
30.0,0.5,0.21428571428571427,0.3748003
30.0,0.5714285714285714,0.21428571428571427,0.35252142
30.0,0.6428571428571428,0.21428571428571427,0.30258206
30.0,0.7142857142857142,0.21428571428571427,0.24355653
30.0,0.7857142857142857,0.21428571428571427,0.18219447
30.0,0.8571428571428571,0.21428571428571427,0.11779807
30.0,0.9285714285714285,0.21428571428571427,0.050211623
30.0,1.0,0.21428571428571427,-0.020442734
30.0,0.0,0.2857142857142857,-0.019688692
30.0,0.07142857142857142,0.2857142857142857,0.06914148
30.0,0.14285714285714285,0.2857142857142857,0.15714441
30.0,0.21428571428571427,0.2857142857142857,0.24292955
30.0,0.2857142857142857,0.2857142857142857,0.3263791
30.0,0.3571428571428571,0.2857142857142857,0.40639368
30.0,0.42857142857142855,0.2857142857142857,0.47139737
30.0,0.5,0.2857142857142857,0.4971626
30.0,0.5714285714285714,0.2857142857142857,0.47060287
30.0,0.6428571428571428,0.2857142857142857,0.40599802
30.0,0.7142857142857142,0.2857142857142857,0.32626253
30.0,0.7857142857142857,0.2857142857142857,0.24211714
30.0,0.8571428571428571,0.2857142857142857,0.15603557
30.0,0.9285714285714285,0.2857142857142857,0.06889337
30.0,1.0,0.2857142857142857,-0.01946398
30.0,0.0,0.3571428571428571,-0.020277003
30.0,0.07142857142857142,0.3571428571428571,0.0894238
30.0,0.14285714285714285,0.3571428571428571,0.19784927
30.0,0.21428571428571427,0.3571428571428571,0.30278102
30.0,0.2857142857142857,0.3571428571428571,0.4040633
30.0,0.3571428571428571,0.3571428571428571,0.5005982
30.0,0.42857142857142855,0.3571428571428571,0.5796585
30.0,0.5,0.3571428571428571,0.61281836
30.0,0.5714285714285714,0.3571428571428571,0.58229357
30.0,0.6428571428571428,0.3571428571428571,0.50350606
30.0,0.7142857142857142,0.3571428571428571,0.4043569
30.0,0.7857142857142857,0.3571428571428571,0.3000175
30.0,0.8571428571428571,0.3571428571428571,0.19531736
30.0,0.9285714285714285,0.3571428571428571,0.09089436
30.0,1.0,0.3571428571428571,-0.013544397
30.0,0.0,0.42857142857142855,-0.020832153
30.0,0.07142857142857142,0.42857142857142855,0.10627189
30.0,0.14285714285714285,0.42857142857142855,0.23199427
30.0,0.21428571428571427,0.42857142857142855,0.3529433
30.0,0.2857142857142857,0.42857142857142855,0.46887818
30.0,0.3571428571428571,0.42857142857142855,0.57899064
30.0,0.42857142857142855,0.42857142857142855,0.6698307
30.0,0.5,0.42857142857142855,0.7087172
30.0,0.5714285714285714,0.42857142857142855,0.67344403
30.0,0.6428571428571428,0.42857142857142855,0.58205485
30.0,0.7142857142857142,0.42857142857142855,0.46769327
30.0,0.7857142857142857,0.42857142857142855,0.34868944
30.0,0.8571428571428571,0.42857142857142855,0.23038346
30.0,0.9285714285714285,0.42857142857142855,0.11260279
30.0,1.0,0.42857142857142855,-0.004330309
30.0,0.0,0.5,-0.020887243
30.0,0.07142857142857142,0.5,0.11286613
30.0,0.14285714285714285,0.5,0.24581847
30.0,0.21428571428571427,0.5,0.37383822
30.0,0.2857142857142857,0.5,0.49640366
30.0,0.3571428571428571,0.5,0.6127242
30.0,0.42857142857142855,0.5,0.70894855
30.0,0.5,0.5,0.74954975
30.0,0.5714285714285714,0.5,0.7104166
30.0,0.6428571428571428,0.5,0.6133224
30.0,0.7142857142857142,0.5,0.49405864
30.0,0.7857142857142857,0.5,0.37060407
30.0,0.8571428571428571,0.5,0.24722913
30.0,0.9285714285714285,0.5,0.12364706
30.0,1.0,0.5,0.0015309881
30.0,0.0,0.5714285714285714,-0.018834548
30.0,0.07142857142857142,0.5714285714285714,0.10712591
30.0,0.14285714285714285,0.5714285714285714,0.23231488
30.0,0.21428571428571427,0.5714285714285714,0.35356238
30.0,0.2857142857142857,0.5714285714285714,0.4706287
30.0,0.3571428571428571,0.5714285714285714,0.58212835
30.0,0.42857142857142855,0.5714285714285714,0.6737582
30.0,0.5,0.5714285714285714,0.7108743
30.0,0.5714285714285714,0.5714285714285714,0.67193085
30.0,0.6428571428571428,0.5714285714285714,0.5803226
30.0,0.7142857142857142,0.5714285714285714,0.46914408
30.0,0.7857142857142857,0.5714285714285714,0.35304192
30.0,0.8571428571428571,0.5714285714285714,0.23516524
30.0,0.9285714285714285,0.5714285714285714,0.11615772
30.0,1.0,0.5714285714285714,-0.0011181999
30.0,0.0,0.6428571428571428,-0.016331295
30.0,0.07142857142857142,0.6428571428571428,0.09202491
30.0,0.14285714285714285,0.6428571428571428,0.19910422
30.0,0.21428571428571427,0.6428571428571428,0.30385286
30.0,0.2857142857142857,0.6428571428571428,0.40681013
30.0,0.3571428571428571,0.6428571428571428,0.5056049
30.0,0.42857142857142855,0.6428571428571428,0.58549595
30.0,0.5,0.6428571428571428,0.61613524
30.0,0.5714285714285714,0.6428571428571428,0.58140594
30.0,0.6428571428571428,0.6428571428571428,0.502695
30.0,0.7142857142857142,0.6428571428571428,0.40713078
30.0,0.7857142857142857,0.6428571428571428,0.30597246
30.0,0.8571428571428571,0.6428571428571428,0.20184709
30.0,0.9285714285714285,0.6428571428571428,0.096206434
30.0,1.0,0.6428571428571428,-0.007988347
30.0,0.0,0.7142857142857142,-0.013886506
30.0,0.07142857142857142,0.7142857142857142,0.07306084
30.0,0.14285714285714285,0.7142857142857142,0.1579164
30.0,0.21428571428571427,0.7142857142857142,0.24164695
30.0,0.2857142857142857,0.7142857142857142,0.3256928
30.0,0.3571428571428571,0.7142857142857142,0.40725976
30.0,0.42857142857142855,0.7142857142857142,0.472394
30.0,0.5,0.7142857142857142,0.49675384
30.0,0.5714285714285714,0.7142857142857142,0.4690629
30.0,0.6428571428571428,0.7142857142857142,0.40591124
30.0,0.7142857142857142,0.7142857142857142,0.32838517
30.0,0.7857142857142857,0.7142857142857142,0.24599668
30.0,0.8571428571428571,0.7142857142857142,0.16111022
30.0,0.9285714285714285,0.7142857142857142,0.07460437
30.0,1.0,0.7142857142857142,-0.011837421
30.0,0.0,0.7857142857142857,-0.010646747
30.0,0.07142857142857142,0.7857142857142857,0.05451394
30.0,0.14285714285714285,0.7857142857142857,0.11654515
30.0,0.21428571428571427,0.7857142857142857,0.17798808
30.0,0.2857142857142857,0.7857142857142857,0.24118942
30.0,0.3571428571428571,0.7857142857142857,0.30361766
30.0,0.42857142857142855,0.7857142857142857,0.35322753
30.0,0.5,0.7857142857142857,0.3717262
30.0,0.5714285714285714,0.7857142857142857,0.35124922
30.0,0.6428571428571428,0.7857142857142857,0.30328897
30.0,0.7142857142857142,0.7857142857142857,0.24392277
30.0,0.7857142857142857,0.7857142857142857,0.18160965
30.0,0.8571428571428571,0.7857142857142857,0.11821107
30.0,0.9285714285714285,0.7857142857142857,0.05313302
30.0,1.0,0.7857142857142857,-0.013851801
30.0,0.0,0.8571428571428571,-0.00723766
30.0,0.07142857142857142,0.8571428571428571,0.03681864
30.0,0.14285714285714285,0.8571428571428571,0.07656035
30.0,0.21428571428571427,0.8571428571428571,0.11565202
30.0,0.2857142857142857,0.8571428571428571,0.15714327
30.0,0.3571428571428571,0.8571428571428571,0.19925635
30.0,0.42857142857142855,0.8571428571428571,0.232846
30.0,0.5,0.8571428571428571,0.24540034
30.0,0.5714285714285714,0.8571428571428571,0.23168705
30.0,0.6428571428571428,0.8571428571428571,0.19886786
30.0,0.7142857142857142,0.8571428571428571,0.15822321
30.0,0.7857142857142857,0.8571428571428571,0.116345786
30.0,0.8571428571428571,0.8571428571428571,0.0741475
30.0,0.9285714285714285,0.8571428571428571,0.029758388
30.0,1.0,0.8571428571428571,-0.018496575
30.0,0.0,0.9285714285714285,-0.0071606766
30.0,0.07142857142857142,0.9285714285714285,0.016305838
30.0,0.14285714285714285,0.9285714285714285,0.03437911
30.0,0.21428571428571427,0.9285714285714285,0.051403068
30.0,0.2857142857142857,0.9285714285714285,0.07085432
30.0,0.3571428571428571,0.9285714285714285,0.092241205
30.0,0.42857142857142855,0.9285714285714285,0.110164024
30.0,0.5,0.9285714285714285,0.11746139
30.0,0.5714285714285714,0.9285714285714285,0.11091382
30.0,0.6428571428571428,0.9285714285714285,0.09391049
30.0,0.7142857142857142,0.9285714285714285,0.07269791
30.0,0.7857142857142857,0.9285714285714285,0.051067002
30.0,0.8571428571428571,0.9285714285714285,0.02877432
30.0,0.9285714285714285,0.9285714285714285,0.0032452065
30.0,1.0,0.9285714285714285,-0.027921613
30.0,0.0,1.0,-0.015951224
30.0,0.07142857142857142,1.0,-0.012644399
30.0,0.14285714285714285,1.0,-0.015204714
30.0,0.21428571428571427,1.0,-0.018950548
30.0,0.2857142857142857,1.0,-0.020050535
30.0,0.3571428571428571,1.0,-0.017329564
30.0,0.42857142857142855,1.0,-0.012490345
30.0,0.5,1.0,-0.008535268
30.0,0.5714285714285714,1.0,-0.007474335
30.0,0.6428571428571428,1.0,-0.009040946
30.0,0.7142857142857142,1.0,-0.0115725305
30.0,0.7857142857142857,1.0,-0.014267376
30.0,0.8571428571428571,1.0,-0.01849926
30.0,0.9285714285714285,1.0,-0.02714531
30.0,1.0,1.0,-0.042856537
31.0,0.0,0.0,-0.022214869
31.0,0.07142857142857142,0.0,-0.014235954
31.0,0.14285714285714285,0.0,-0.012665949
31.0,0.21428571428571427,0.0,-0.015602205
31.0,0.2857142857142857,0.0,-0.018577768
31.0,0.3571428571428571,0.0,-0.016924493
31.0,0.42857142857142855,0.0,-0.011775234
31.0,0.5,0.0,-0.0098277675
31.0,0.5714285714285714,0.0,-0.013960982
31.0,0.6428571428571428,0.0,-0.019284846
31.0,0.7142857142857142,0.0,-0.01976683
31.0,0.7857142857142857,0.0,-0.015544048
31.0,0.8571428571428571,0.0,-0.012513163
31.0,0.9285714285714285,0.0,-0.016558321
31.0,1.0,0.0,-0.03018658
31.0,0.0,0.07142857142857142,-0.01601769
31.0,0.07142857142857142,0.07142857142857142,0.010984141
31.0,0.14285714285714285,0.07142857142857142,0.03345509
31.0,0.21428571428571427,0.07142857142857142,0.052433185
31.0,0.2857142857142857,0.07142857142857142,0.0709873
31.0,0.3571428571428571,0.07142857142857142,0.09198304
31.0,0.42857142857142855,0.07142857142857142,0.11119876
31.0,0.5,0.07142857142857142,0.11775366
31.0,0.5714285714285714,0.07142857142857142,0.10741533
31.0,0.6428571428571428,0.07142857142857142,0.088117674
31.0,0.7142857142857142,0.07142857142857142,0.06988624
31.0,0.7857142857142857,0.07142857142857142,0.054406323
31.0,0.8571428571428571,0.07142857142857142,0.03652665
31.0,0.9285714285714285,0.07142857142857142,0.01185626
31.0,1.0,0.07142857142857142,-0.020732457
31.0,0.0,0.14285714285714285,-0.015369014
31.0,0.07142857142857142,0.14285714285714285,0.031540617
31.0,0.14285714285714285,0.14285714285714285,0.07590331
31.0,0.21428571428571427,0.14285714285714285,0.11792376
31.0,0.2857142857142857,0.14285714285714285,0.15921545
31.0,0.3571428571428571,0.14285714285714285,0.20069909
31.0,0.42857142857142855,0.14285714285714285,0.2350396
31.0,0.5,0.14285714285714285,0.24698251
31.0,0.5714285714285714,0.14285714285714285,0.23042424
31.0,0.6428571428571428,0.14285714285714285,0.19603422
31.0,0.7142857142857142,0.14285714285714285,0.15792525
31.0,0.7857142857142857,0.14285714285714285,0.1200824
31.0,0.8571428571428571,0.14285714285714285,0.079171754
31.0,0.9285714285714285,0.14285714285714285,0.032957293
31.0,1.0,0.14285714285714285,-0.018727155
31.0,0.0,0.21428571428571427,-0.017324125
31.0,0.07142857142857142,0.21428571428571427,0.05007931
31.0,0.14285714285714285,0.21428571428571427,0.11637769
31.0,0.21428571428571427,0.21428571428571427,0.18099988
31.0,0.2857142857142857,0.21428571428571427,0.24436978
31.0,0.3571428571428571,0.21428571428571427,0.30581447
31.0,0.42857142857142855,0.21428571428571427,0.35537824
31.0,0.5,0.21428571428571427,0.37361005
31.0,0.5714285714285714,0.21428571428571427,0.3517314
31.0,0.6428571428571428,0.21428571428571427,0.3022894
31.0,0.7142857142857142,0.21428571428571427,0.24339768
31.0,0.7857142857142857,0.21428571428571427,0.18207613
31.0,0.8571428571428571,0.21428571428571427,0.11784575
31.0,0.9285714285714285,0.21428571428571427,0.050552167
31.0,1.0,0.21428571428571427,-0.019712025
31.0,0.0,0.2857142857142857,-0.019056922
31.0,0.07142857142857142,0.2857142857142857,0.0692542
31.0,0.14285714285714285,0.2857142857142857,0.15690927
31.0,0.21428571428571427,0.2857142857142857,0.24263075
31.0,0.2857142857142857,0.2857142857142857,0.32621112
31.0,0.3571428571428571,0.2857142857142857,0.40610445
31.0,0.42857142857142855,0.2857142857142857,0.47046214
31.0,0.5,0.2857142857142857,0.49581978
31.0,0.5714285714285714,0.2857142857142857,0.46972367
31.0,0.6428571428571428,0.2857142857142857,0.4057506
31.0,0.7142857142857142,0.2857142857142857,0.3261811
31.0,0.7857142857142857,0.2857142857142857,0.2419982
31.0,0.8571428571428571,0.2857142857142857,0.15598318
31.0,0.9285714285714285,0.2857142857142857,0.0691333
31.0,1.0,0.2857142857142857,-0.018724302
31.0,0.0,0.3571428571428571,-0.019481158
31.0,0.07142857142857142,0.3571428571428571,0.08950525
31.0,0.14285714285714285,0.3571428571428571,0.19746298
31.0,0.21428571428571427,0.3571428571428571,0.30232388
31.0,0.2857142857142857,0.3571428571428571,0.4037722
31.0,0.3571428571428571,0.3571428571428571,0.50014603
31.0,0.42857142857142855,0.3571428571428571,0.5783824
31.0,0.5,0.3571428571428571,0.6109475
31.0,0.5714285714285714,0.3571428571428571,0.5809351
31.0,0.6428571428571428,0.3571428571428571,0.5029788
31.0,0.7142857142857142,0.3571428571428571,0.4041074
31.0,0.7857142857142857,0.3571428571428571,0.29970765
31.0,0.8571428571428571,0.3571428571428571,0.19505498
31.0,0.9285714285714285,0.3571428571428571,0.09103311
31.0,1.0,0.3571428571428571,-0.0127108935
31.0,0.0,0.42857142857142855,-0.019892404
31.0,0.07142857142857142,0.42857142857142855,0.1062982
31.0,0.14285714285714285,0.42857142857142855,0.23136064
31.0,0.21428571428571427,0.42857142857142855,0.35209176
31.0,0.2857142857142857,0.42857142857142855,0.4680514
31.0,0.3571428571428571,0.42857142857142855,0.57780087
31.0,0.42857142857142855,0.42857142857142855,0.6675219
31.0,0.5,0.42857142857142855,0.70556223
31.0,0.5714285714285714,0.42857142857142855,0.67089015
31.0,0.6428571428571428,0.42857142857142855,0.5806603
31.0,0.7142857142857142,0.42857142857142855,0.46684724
31.0,0.7857142857142857,0.42857142857142855,0.3479077
31.0,0.8571428571428571,0.42857142857142855,0.22976112
31.0,0.9285714285714285,0.42857142857142855,0.11258539
31.0,1.0,0.42857142857142855,-0.0034159217
31.0,0.0,0.5,-0.019861663
31.0,0.07142857142857142,0.5,0.11290173
31.0,0.14285714285714285,0.5,0.24507281
31.0,0.21428571428571427,0.5,0.3727168
31.0,0.2857142857142857,0.5,0.4951271
31.0,0.3571428571428571,0.5,0.6109029
31.0,0.42857142857142855,0.5,0.7058226
31.0,0.5,0.5,0.74546224
31.0,0.5714285714285714,0.5,0.7070584
31.0,0.6428571428571428,0.5,0.6113733
31.0,0.7142857142857142,0.5,0.4928396
31.0,0.7857142857142857,0.5,0.36953002
31.0,0.8571428571428571,0.5,0.24638629
31.0,0.9285714285714285,0.5,0.12353558
31.0,1.0,0.5,0.0024991091
31.0,0.0,0.5714285714285714,-0.017829234
31.0,0.07142857142857142,0.5714285714285714,0.10723397
31.0,0.14285714285714285,0.5714285714285714,0.23174599
31.0,0.21428571428571427,0.5714285714285714,0.35269555
31.0,0.2857142857142857,0.5714285714285714,0.469659
31.0,0.3571428571428571,0.5714285714285714,0.5807082
31.0,0.42857142857142855,0.5714285714285714,0.67122805
31.0,0.5,0.5714285714285714,0.70758563
31.0,0.5714285714285714,0.5714285714285714,0.6694107
31.0,0.6428571428571428,0.5714285714285714,0.5790643
31.0,0.7142857142857142,0.5714285714285714,0.4684271
31.0,0.7857142857142857,0.5714285714285714,0.35231125
31.0,0.8571428571428571,0.5714285714285714,0.23453791
31.0,0.9285714285714285,0.5714285714285714,0.116159774
31.0,1.0,0.5714285714285714,-9.826757e-05
31.0,0.0,0.6428571428571428,-0.015359158
31.0,0.07142857142857142,0.6428571428571428,0.09223969
31.0,0.14285714285714285,0.6428571428571428,0.19880845
31.0,0.21428571428571427,0.6428571428571428,0.30338368
31.0,0.2857142857142857,0.6428571428571428,0.40631157
31.0,0.3571428571428571,0.6428571428571428,0.5047841
31.0,0.42857142857142855,0.6428571428571428,0.58387977
31.0,0.5,0.6428571428571428,0.6140704
31.0,0.5714285714285714,0.6428571428571428,0.58002687
31.0,0.6428571428571428,0.6428571428571428,0.50224197
31.0,0.7142857142857142,0.6428571428571428,0.4069608
31.0,0.7857142857142857,0.6428571428571428,0.30565396
31.0,0.8571428571428571,0.6428571428571428,0.20151544
31.0,0.9285714285714285,0.6428571428571428,0.09633093
31.0,1.0,0.6428571428571428,-0.007025996
31.0,0.0,0.7142857142857142,-0.012894476
31.0,0.07142857142857142,0.7142857142857142,0.07339234
31.0,0.14285714285714285,0.7142857142857142,0.15782067
31.0,0.21428571428571427,0.7142857142857142,0.24139723
31.0,0.2857142857142857,0.7142857142857142,0.32538298
31.0,0.3571428571428571,0.7142857142857142,0.4066552
31.0,0.42857142857142855,0.7142857142857142,0.47119567
31.0,0.5,0.7142857142857142,0.49527803
31.0,0.5714285714285714,0.7142857142857142,0.46810436
31.0,0.6428571428571428,0.7142857142857142,0.40561193
31.0,0.7142857142857142,0.7142857142857142,0.32827917
31.0,0.7857142857142857,0.7142857142857142,0.24577785
31.0,0.8571428571428571,0.7142857142857142,0.16089325
31.0,0.9285714285714285,0.7142857142857142,0.074748546
31.0,1.0,0.7142857142857142,-0.011021832
31.0,0.0,0.7857142857142857,-0.009604471
31.0,0.07142857142857142,0.7857142857142857,0.05494696
31.0,0.14285714285714285,0.7857142857142857,0.11657863
31.0,0.21428571428571427,0.7857142857142857,0.1778509
31.0,0.2857142857142857,0.7857142857142857,0.2409521
31.0,0.3571428571428571,0.7857142857142857,0.30310082
31.0,0.42857142857142855,0.7857142857142857,0.35223988
31.0,0.5,0.7857142857142857,0.37051567
31.0,0.5714285714285714,0.7857142857142857,0.35037258
31.0,0.6428571428571428,0.7857142857142857,0.30289432
31.0,0.7142857142857142,0.7857142857142857,0.24373037
31.0,0.7857142857142857,0.7857142857142857,0.1814091
31.0,0.8571428571428571,0.7857142857142857,0.118079446
31.0,0.9285714285714285,0.7857142857142857,0.053326942
31.0,1.0,0.7857142857142857,-0.013101717
31.0,0.0,0.8571428571428571,-0.0061810184
31.0,0.07142857142857142,0.8571428571428571,0.037306115
31.0,0.14285714285714285,0.8571428571428571,0.07669159
31.0,0.21428571428571427,0.8571428571428571,0.11565042
31.0,0.2857142857142857,0.8571428571428571,0.15708819
31.0,0.3571428571428571,0.8571428571428571,0.19902083
31.0,0.42857142857142855,0.8571428571428571,0.23228702
31.0,0.5,0.8571428571428571,0.24465758
31.0,0.5714285714285714,0.8571428571428571,0.23111038
31.0,0.6428571428571428,0.8571428571428571,0.19859765
31.0,0.7142857142857142,0.8571428571428571,0.15811676
31.0,0.7857142857142857,0.8571428571428571,0.11626894
31.0,0.8571428571428571,0.8571428571428571,0.07415465
31.0,0.9285714285714285,0.8571428571428571,0.030044017
31.0,1.0,0.8571428571428571,-0.017747564
31.0,0.0,0.9285714285714285,-0.0061788913
31.0,0.07142857142857142,0.9285714285714285,0.016793681
31.0,0.14285714285714285,0.9285714285714285,0.03461884
31.0,0.21428571428571427,0.9285714285714285,0.051632628
31.0,0.2857142857142857,0.9285714285714285,0.07117078
31.0,0.3571428571428571,0.9285714285714285,0.09255911
31.0,0.42857142857142855,0.9285714285714285,0.11034949
31.0,0.5,0.9285714285714285,0.11752375
31.0,0.5714285714285714,0.9285714285714285,0.11100144
31.0,0.6428571428571428,0.9285714285714285,0.09410395
31.0,0.7142857142857142,0.9285714285714285,0.0729303
31.0,0.7857142857142857,0.9285714285714285,0.051267065
31.0,0.8571428571428571,0.9285714285714285,0.028995277
31.0,0.9285714285714285,0.9285714285714285,0.00365025
31.0,1.0,0.9285714285714285,-0.027161388
31.0,0.0,1.0,-0.015104327
31.0,0.07142857142857142,1.0,-0.012141879
31.0,0.14285714285714285,1.0,-0.014767279
31.0,0.21428571428571427,1.0,-0.018340059
31.0,0.2857142857142857,1.0,-0.01917438
31.0,0.3571428571428571,1.0,-0.016259538
31.0,0.42857142857142855,1.0,-0.011375448
31.0,0.5,1.0,-0.0074791405
31.0,0.5714285714285714,1.0,-0.0064988304
31.0,0.6428571428571428,1.0,-0.008152118
31.0,0.7142857142857142,1.0,-0.010812031
31.0,0.7857142857142857,1.0,-0.013662474
31.0,0.8571428571428571,1.0,-0.017988188
31.0,0.9285714285714285,1.0,-0.026579132
31.0,1.0,1.0,-0.04206609
32.0,0.0,0.0,-0.021731447
32.0,0.07142857142857142,0.0,-0.0139190145
32.0,0.14285714285714285,0.0,-0.012462374
32.0,0.21428571428571427,0.0,-0.015372932
32.0,0.2857142857142857,0.0,-0.018161219
32.0,0.3571428571428571,0.0,-0.016318202
32.0,0.42857142857142855,0.0,-0.011122916
32.0,0.5,0.0,-0.009148978
32.0,0.5714285714285714,0.0,-0.013185891
32.0,0.6428571428571428,0.0,-0.018499227
32.0,0.7142857142857142,0.0,-0.019113459
32.0,0.7857142857142857,0.0,-0.014949953
32.0,0.8571428571428571,0.0,-0.0117317345
32.0,0.9285714285714285,0.0,-0.015414694
32.0,1.0,0.0,-0.028673323
32.0,0.0,0.07142857142857142,-0.015619874
32.0,0.07142857142857142,0.07142857142857142,0.01116802
32.0,0.14285714285714285,0.07142857142857142,0.03347463
32.0,0.21428571428571427,0.07142857142857142,0.05241082
32.0,0.2857142857142857,0.07142857142857142,0.071049124
32.0,0.3571428571428571,0.07142857142857142,0.09205635
32.0,0.42857142857142855,0.07142857142857142,0.11107943
32.0,0.5,0.07142857142857142,0.11753776
32.0,0.5714285714285714,0.07142857142857142,0.10738717
32.0,0.6428571428571428,0.07142857142857142,0.08826739
32.0,0.7142857142857142,0.07142857142857142,0.07001935
32.0,0.7857142857142857,0.07142857142857142,0.05455973
32.0,0.8571428571428571,0.07142857142857142,0.036922783
32.0,0.9285714285714285,0.07142857142857142,0.012630535
32.0,1.0,0.07142857142857142,-0.019588308
32.0,0.0,0.14285714285714285,-0.014976661
32.0,0.07142857142857142,0.14285714285714285,0.03165272
32.0,0.14285714285714285,0.14285714285714285,0.0757976
32.0,0.21428571428571427,0.14285714285714285,0.117731534
32.0,0.2857142857142857,0.14285714285714285,0.1590479
32.0,0.3571428571428571,0.14285714285714285,0.20041595
32.0,0.42857142857142855,0.14285714285714285,0.23436351
32.0,0.5,0.14285714285714285,0.246111
32.0,0.5714285714285714,0.14285714285714285,0.22984995
32.0,0.6428571428571428,0.14285714285714285,0.19581026
32.0,0.7142857142857142,0.14285714285714285,0.15778589
32.0,0.7857142857142857,0.14285714285714285,0.12000667
32.0,0.8571428571428571,0.14285714285714285,0.07933224
32.0,0.9285714285714285,0.14285714285714285,0.033460677
32.0,1.0,0.14285714285714285,-0.017858932
32.0,0.0,0.21428571428571427,-0.016845006
32.0,0.07142857142857142,0.21428571428571427,0.05018124
32.0,0.14285714285714285,0.21428571428571427,0.11620887
32.0,0.21428571428571427,0.21428571428571427,0.1807445
32.0,0.2857142857142857,0.21428571428571427,0.24415725
32.0,0.3571428571428571,0.21428571428571427,0.30544654
32.0,0.42857142857142855,0.21428571428571427,0.35448417
32.0,0.5,0.21428571428571427,0.37243676
32.0,0.5714285714285714,0.21428571428571427,0.35094544
32.0,0.6428571428571428,0.21428571428571427,0.30199412
32.0,0.7142857142857142,0.21428571428571427,0.24324414
32.0,0.7857142857142857,0.21428571428571427,0.18196118
32.0,0.8571428571428571,0.21428571428571427,0.11788989
32.0,0.9285714285714285,0.21428571428571427,0.0508857
32.0,1.0,0.21428571428571427,-0.018981526
32.0,0.0,0.2857142857142857,-0.018427009
32.0,0.07142857142857142,0.2857142857142857,0.069365986
32.0,0.14285714285714285,0.2857142857142857,0.15668571
32.0,0.21428571428571427,0.2857142857142857,0.24235255
32.0,0.2857142857142857,0.2857142857142857,0.32604867
32.0,0.3571428571428571,0.2857142857142857,0.40579596
32.0,0.42857142857142855,0.2857142857142857,0.46951768
32.0,0.5,0.2857142857142857,0.49448618
32.0,0.5714285714285714,0.2857142857142857,0.4688348
32.0,0.6428571428571428,0.2857142857142857,0.4054848
32.0,0.7142857142857142,0.2857142857142857,0.3260998
32.0,0.7857142857142857,0.2857142857142857,0.24188909
32.0,0.8571428571428571,0.2857142857142857,0.15593505
32.0,0.9285714285714285,0.2857142857142857,0.06936774
32.0,1.0,0.2857142857142857,-0.017987834
32.0,0.0,0.3571428571428571,-0.018689206
32.0,0.07142857142857142,0.3571428571428571,0.08958744
32.0,0.14285714285714285,0.3571428571428571,0.19709694
32.0,0.21428571428571427,0.3571428571428571,0.30189556
32.0,0.2857142857142857,0.3571428571428571,0.4034867
32.0,0.3571428571428571,0.3571428571428571,0.49966618
32.0,0.42857142857142855,0.3571428571428571,0.5770892
32.0,0.5,0.3571428571428571,0.6090821
32.0,0.5714285714285714,0.3571428571428571,0.5795562
32.0,0.6428571428571428,0.3571428571428571,0.5024197
32.0,0.7142857142857142,0.3571428571428571,0.40385798
32.0,0.7857142857142857,0.3571428571428571,0.29942068
32.0,0.8571428571428571,0.3571428571428571,0.19480668
32.0,0.9285714285714285,0.3571428571428571,0.09116477
32.0,1.0,0.3571428571428571,-0.011888707
32.0,0.0,0.42857142857142855,-0.01894849
32.0,0.07142857142857142,0.42857142857142855,0.10633075
32.0,0.14285714285714285,0.42857142857142855,0.23075525
32.0,0.21428571428571427,0.42857142857142855,0.3512797
32.0,0.2857142857142857,0.42857142857142855,0.46724042
32.0,0.3571428571428571,0.42857142857142855,0.5765994
32.0,0.42857142857142855,0.42857142857142855,0.6652216
32.0,0.5,0.42857142857142855,0.7024488
32.0,0.5714285714285714,0.42857142857142855,0.6683456
32.0,0.6428571428571428,0.42857142857142855,0.57925487
32.0,0.7142857142857142,0.42857142857142855,0.46602342
32.0,0.7857142857142857,0.42857142857142855,0.34717175
32.0,0.8571428571428571,0.42857142857142855,0.22916326
32.0,0.9285714285714285,0.42857142857142855,0.11255513
32.0,1.0,0.42857142857142855,-0.002524266
32.0,0.0,0.5,-0.018829735
32.0,0.07142857142857142,0.5,0.11294146
32.0,0.14285714285714285,0.5,0.24435022
32.0,0.21428571428571427,0.5,0.37163296
32.0,0.2857142857142857,0.5,0.49387363
32.0,0.3571428571428571,0.5,0.6090876
32.0,0.42857142857142855,0.5,0.70273244
32.0,0.5,0.5,0.74145055
32.0,0.5714285714285714,0.5,0.70374125
32.0,0.6428571428571428,0.5,0.6094346
32.0,0.7142857142857142,0.5,0.4916574
32.0,0.7857142857142857,0.5,0.36851072
32.0,0.8571428571428571,0.5,0.24556842
32.0,0.9285714285714285,0.5,0.12340263
32.0,1.0,0.5,0.0034315418
32.0,0.0,0.5714285714285714,-0.016828204
32.0,0.07142857142857142,0.5714285714285714,0.10733141
32.0,0.14285714285714285,0.5714285714285714,0.23118094
32.0,0.21428571428571427,0.5714285714285714,0.35184297
32.0,0.2857142857142857,0.5714285714285714,0.46868983
32.0,0.3571428571428571,0.5714285714285714,0.5792692
32.0,0.42857142857142855,0.5714285714285714,0.6686983
32.0,0.5,0.5714285714285714,0.7043263
32.0,0.5714285714285714,0.5714285714285714,0.6668892
32.0,0.6428571428571428,0.5714285714285714,0.5777828
32.0,0.7142857142857142,0.5714285714285714,0.46771574
32.0,0.7857142857142857,0.5714285714285714,0.3516092
32.0,0.8571428571428571,0.5714285714285714,0.23391822
32.0,0.9285714285714285,0.5714285714285714,0.116130866
32.0,1.0,0.5714285714285714,0.0008792933
32.0,0.0,0.6428571428571428,-0.014399188
32.0,0.07142857142857142,0.6428571428571428,0.09243882
32.0,0.14285714285714285,0.6428571428571428,0.19850786
32.0,0.21428571428571427,0.6428571428571428,0.30291605
32.0,0.2857142857142857,0.6428571428571428,0.40580317
32.0,0.3571428571428571,0.6428571428571428,0.5039356
32.0,0.42857142857142855,0.6428571428571428,0.5822463
32.0,0.5,0.6428571428571428,0.6120066
32.0,0.5714285714285714,0.6428571428571428,0.57862693
32.0,0.6428571428571428,0.6428571428571428,0.5017543
32.0,0.7142857142857142,0.6428571428571428,0.40677866
32.0,0.7857142857142857,0.6428571428571428,0.3053429
32.0,0.8571428571428571,0.6428571428571428,0.20117962
32.0,0.9285714285714285,0.6428571428571428,0.09642557
32.0,1.0,0.6428571428571428,-0.0061007496
32.0,0.0,0.7142857142857142,-0.011913681
32.0,0.07142857142857142,0.7142857142857142,0.07371326
32.0,0.14285714285714285,0.7142857142857142,0.15772605
32.0,0.21428571428571427,0.7142857142857142,0.24115714
32.0,0.2857142857142857,0.7142857142857142,0.32507536
32.0,0.3571428571428571,0.7142857142857142,0.40604225
32.0,0.42857142857142855,0.7142857142857142,0.46999788
32.0,0.5,0.7142857142857142,0.49381778
32.0,0.5714285714285714,0.7142857142857142,0.4671469
32.0,0.6428571428571428,0.7142857142857142,0.40530056
32.0,0.7142857142857142,0.7142857142857142,0.3281696
32.0,0.7857142857142857,0.7142857142857142,0.24556375
32.0,0.8571428571428571,0.7142857142857142,0.16067094
32.0,0.9285714285714285,0.7142857142857142,0.074870266
32.0,1.0,0.7142857142857142,-0.010233095
32.0,0.0,0.7857142857142857,-0.00857223
32.0,0.07142857142857142,0.7857142857142857,0.05537483
32.0,0.14285714285714285,0.7857142857142857,0.116621025
32.0,0.21428571428571427,0.7857142857142857,0.17773204
32.0,0.2857142857142857,0.7857142857142857,0.2407285
32.0,0.3571428571428571,0.7857142857142857,0.30258873
32.0,0.42857142857142855,0.7857142857142857,0.3512611
32.0,0.5,0.7857142857142857,0.36932456
32.0,0.5714285714285714,0.7857142857142857,0.3495081
32.0,0.6428571428571428,0.7857142857142857,0.3025013
32.0,0.7142857142857142,0.7857142857142857,0.24354154
32.0,0.7857142857142857,0.7857142857142857,0.18121459
32.0,0.8571428571428571,0.7857142857142857,0.11794562
32.0,0.9285714285714285,0.7857142857142857,0.053506173
32.0,1.0,0.7857142857142857,-0.012369672
32.0,0.0,0.8571428571428571,-0.005139837
32.0,0.07142857142857142,0.8571428571428571,0.03778915
32.0,0.14285714285714285,0.8571428571428571,0.0768355
32.0,0.21428571428571427,0.8571428571428571,0.115671135
32.0,0.2857142857142857,0.8571428571428571,0.15704921
32.0,0.3571428571428571,0.8571428571428571,0.1987883
32.0,0.42857142857142855,0.8571428571428571,0.23172835
32.0,0.5,0.8571428571428571,0.2439194
32.0,0.5714285714285714,0.8571428571428571,0.23053773
32.0,0.6428571428571428,0.8571428571428571,0.19832775
32.0,0.7142857142857142,0.8571428571428571,0.15801361
32.0,0.7857142857142857,0.8571428571428571,0.116198175
32.0,0.8571428571428571,0.8571428571428571,0.07416425
32.0,0.9285714285714285,0.8571428571428571,0.030323228
32.0,1.0,0.8571428571428571,-0.017007103
32.0,0.0,0.9285714285714285,-0.005221838
32.0,0.07142857142857142,0.9285714285714285,0.017274257
32.0,0.14285714285714285,0.9285714285714285,0.03487026
32.0,0.21428571428571427,0.9285714285714285,0.051883444
32.0,0.2857142857142857,0.9285714285714285,0.07150016
32.0,0.3571428571428571,0.9285714285714285,0.09287326
32.0,0.42857142857142855,0.9285714285714285,0.11052116
32.0,0.5,0.9285714285714285,0.117572464
32.0,0.5714285714285714,0.9285714285714285,0.111078486
32.0,0.6428571428571428,0.9285714285714285,0.09428971
32.0,0.7142857142857142,0.9285714285714285,0.073161416
32.0,0.7857142857142857,0.9285714285714285,0.05147188
32.0,0.8571428571428571,0.9285714285714285,0.029220847
32.0,0.9285714285714285,0.9285714285714285,0.0040559974
32.0,1.0,0.9285714285714285,-0.026401596
32.0,0.0,1.0,-0.014287962
32.0,0.07142857142857142,1.0,-0.011647458
32.0,0.14285714285714285,1.0,-0.014317681
32.0,0.21428571428571427,1.0,-0.017709779
32.0,0.2857142857142857,1.0,-0.01828691
32.0,0.3571428571428571,1.0,-0.015195286
32.0,0.42857142857142855,1.0,-0.010279303
32.0,0.5,1.0,-0.006446587
32.0,0.5714285714285714,1.0,-0.005543763
32.0,0.6428571428571428,1.0,-0.0072778333
32.0,0.7142857142857142,1.0,-0.01005842
32.0,0.7857142857142857,1.0,-0.013055736
32.0,0.8571428571428571,1.0,-0.017472072
32.0,0.9285714285714285,1.0,-0.026007755
32.0,1.0,1.0,-0.041270085
33.0,0.0,0.0,-0.02125676
33.0,0.07142857142857142,0.0,-0.013614552
33.0,0.14285714285714285,0.0,-0.012266088
33.0,0.21428571428571427,0.0,-0.015138753
33.0,0.2857142857142857,0.0,-0.017730508
33.0,0.3571428571428571,0.0,-0.01569999
33.0,0.42857142857142855,0.0,-0.010466052
33.0,0.5,0.0,-0.008472614
33.0,0.5714285714285714,0.0,-0.012418127
33.0,0.6428571428571428,0.0,-0.01771846
33.0,0.7142857142857142,0.0,-0.01846116
33.0,0.7857142857142857,0.0,-0.014364833
33.0,0.8571428571428571,0.0,-0.010969581
33.0,0.9285714285714285,0.0,-0.014291836
33.0,1.0,0.0,-0.027170932
33.0,0.0,0.07142857142857142,-0.015226284
33.0,0.07142857142857142,0.07142857142857142,0.011342874
33.0,0.14285714285714285,0.07142857142857142,0.033486992
33.0,0.21428571428571427,0.07142857142857142,0.052389376
33.0,0.2857142857142857,0.07142857142857142,0.071114935
33.0,0.3571428571428571,0.07142857142857142,0.09212825
33.0,0.42857142857142855,0.07142857142857142,0.11095778
33.0,0.5,0.07142857142857142,0.11732117
33.0,0.5714285714285714,0.07142857142857142,0.10735355
33.0,0.6428571428571428,0.07142857142857142,0.08841295
33.0,0.7142857142857142,0.07142857142857142,0.07015317
33.0,0.7857142857142857,0.07142857142857142,0.05470626
33.0,0.8571428571428571,0.07142857142857142,0.037301272
33.0,0.9285714285714285,0.07142857142857142,0.013384333
33.0,1.0,0.07142857142857142,-0.018456088
33.0,0.0,0.14285714285714285,-0.014584887
33.0,0.07142857142857142,0.14285714285714285,0.031760395
33.0,0.14285714285714285,0.14285714285714285,0.07569065
33.0,0.21428571428571427,0.14285714285714285,0.117545076
33.0,0.2857142857142857,0.14285714285714285,0.1588839
33.0,0.3571428571428571,0.14285714285714285,0.20012751
33.0,0.42857142857142855,0.14285714285714285,0.23368917
33.0,0.5,0.14285714285714285,0.24525058
33.0,0.5714285714285714,0.14285714285714285,0.22927949
33.0,0.6428571428571428,0.14285714285714285,0.19558637
33.0,0.7142857142857142,0.14285714285714285,0.15765187
33.0,0.7857142857142857,0.14285714285714285,0.11992895
33.0,0.8571428571428571,0.14285714285714285,0.07947976
33.0,0.9285714285714285,0.14285714285714285,0.03394703
33.0,1.0,0.14285714285714285,-0.017000752
33.0,0.0,0.21428571428571427,-0.016367232
33.0,0.07142857142857142,0.21428571428571427,0.05028169
33.0,0.14285714285714285,0.21428571428571427,0.116047256
33.0,0.21428571428571427,0.21428571428571427,0.18050325
33.0,0.2857142857142857,0.21428571428571427,0.24395058
33.0,0.3571428571428571,0.21428571428571427,0.3050697
33.0,0.42857142857142855,0.21428571428571427,0.3535919
33.0,0.5,0.21428571428571427,0.37127966
33.0,0.5714285714285714,0.21428571428571427,0.35016346
33.0,0.6428571428571428,0.21428571428571427,0.30169547
33.0,0.7142857142857142,0.21428571428571427,0.24309531
33.0,0.7857142857142857,0.21428571428571427,0.18184935
33.0,0.8571428571428571,0.21428571428571427,0.1179286
33.0,0.9285714285714285,0.21428571428571427,0.05120714
33.0,1.0,0.21428571428571427,-0.018260168
33.0,0.0,0.2857142857142857,-0.0178031
33.0,0.07142857142857142,0.2857142857142857,0.06947715
33.0,0.14285714285714285,0.2857142857142857,0.15647703
33.0,0.21428571428571427,0.2857142857142857,0.24209651
33.0,0.2857142857142857,0.2857142857142857,0.32589072
33.0,0.3571428571428571,0.2857142857142857,0.4054674
33.0,0.42857142857142855,0.2857142857142857,0.46856365
33.0,0.5,0.2857142857142857,0.49316135
33.0,0.5714285714285714,0.2857142857142857,0.4679359
33.0,0.6428571428571428,0.2857142857142857,0.40519944
33.0,0.7142857142857142,0.2857142857142857,0.3260169
33.0,0.7857142857142857,0.2857142857142857,0.24178842
33.0,0.8571428571428571,0.2857142857142857,0.15589058
33.0,0.9285714285714285,0.2857142857142857,0.069592886
33.0,1.0,0.2857142857142857,-0.017262274
33.0,0.0,0.3571428571428571,-0.017905178
33.0,0.07142857142857142,0.3571428571428571,0.08967007
33.0,0.14285714285714285,0.3571428571428571,0.19675222
33.0,0.21428571428571427,0.3571428571428571,0.30149594
33.0,0.2857142857142857,0.3571428571428571,0.40320346
33.0,0.3571428571428571,0.3571428571428571,0.49915746
33.0,0.42857142857142855,0.3571428571428571,0.5757802
33.0,0.5,0.3571428571428571,0.6072215
33.0,0.5714285714285714,0.3571428571428571,0.57815707
33.0,0.6428571428571428,0.3571428571428571,0.5018291
33.0,0.7142857142857142,0.3571428571428571,0.40360606
33.0,0.7857142857142857,0.3571428571428571,0.29915527
33.0,0.8571428571428571,0.3571428571428571,0.19457284
33.0,0.9285714285714285,0.3571428571428571,0.09128596
33.0,1.0,0.3571428571428571,-0.0110851545
33.0,0.0,0.42857142857142855,-0.018007362
33.0,0.07142857142857142,0.42857142857142855,0.106368765
33.0,0.14285714285714285,0.42857142857142855,0.23017861
33.0,0.21428571428571427,0.42857142857142855,0.3505045
33.0,0.2857142857142857,0.42857142857142855,0.46644258
33.0,0.3571428571428571,0.42857142857142855,0.5753835
33.0,0.42857142857142855,0.42857142857142855,0.66293013
33.0,0.5,0.42857142857142855,0.69937485
33.0,0.5714285714285714,0.42857142857142855,0.66580987
33.0,0.6428571428571428,0.42857142857142855,0.5778369
33.0,0.7142857142857142,0.42857142857142855,0.46521807
33.0,0.7857142857142857,0.42857142857142855,0.34647924
33.0,0.8571428571428571,0.42857142857142855,0.22859024
33.0,0.9285714285714285,0.42857142857142855,0.11251004
33.0,1.0,0.42857142857142855,-0.0016635302
33.0,0.0,0.5,-0.017799074
33.0,0.07142857142857142,0.5,0.11298229
33.0,0.14285714285714285,0.5,0.2436504
33.0,0.21428571428571427,0.5,0.37058458
33.0,0.2857142857142857,0.5,0.49264184
33.0,0.3571428571428571,0.5,0.6072776
33.0,0.42857142857142855,0.5,0.6996776
33.0,0.5,0.5,0.73751235
33.0,0.5714285714285714,0.5,0.70046395
33.0,0.6428571428571428,0.5,0.60750467
33.0,0.7142857142857142,0.5,0.49050727
33.0,0.7857142857142857,0.5,0.36754325
33.0,0.8571428571428571,0.5,0.2447758
33.0,0.9285714285714285,0.5,0.12324659
33.0,1.0,0.5,0.0043213572
33.0,0.0,0.5714285714285714,-0.015839348
33.0,0.07142857142857142,0.5714285714285714,0.10741641
33.0,0.14285714285714285,0.5714285714285714,0.23061994
33.0,0.21428571428571427,0.5714285714285714,0.35100466
33.0,0.2857142857142857,0.5714285714285714,0.46772122
33.0,0.3571428571428571,0.5714285714285714,0.57781345
33.0,0.42857142857142855,0.5714285714285714,0.6661708
33.0,0.5,0.5714285714285714,0.70109797
33.0,0.5714285714285714,0.5714285714285714,0.6643683
33.0,0.6428571428571428,0.5714285714285714,0.5764773
33.0,0.7142857142857142,0.5714285714285714,0.46700686
33.0,0.7857142857142857,0.5714285714285714,0.35093403
33.0,0.8571428571428571,0.5714285714285714,0.23330757
33.0,0.9285714285714285,0.5714285714285714,0.1160701
33.0,1.0,0.5714285714285714,0.0018068235
33.0,0.0,0.6428571428571428,-0.013458261
33.0,0.07142857142857142,0.6428571428571428,0.09262022
33.0,0.14285714285714285,0.6428571428571428,0.19820362
33.0,0.21428571428571427,0.6428571428571428,0.30245298
33.0,0.2857142857142857,0.6428571428571428,0.40528694
33.0,0.3571428571428571,0.6428571428571428,0.503064
33.0,0.42857142857142855,0.6428571428571428,0.5805995
33.0,0.5,0.6428571428571428,0.60994536
33.0,0.5714285714285714,0.6428571428571428,0.5772072
33.0,0.6428571428571428,0.6428571428571428,0.50123125
33.0,0.7142857142857142,0.6428571428571428,0.40658295
33.0,0.7857142857142857,0.6428571428571428,0.30503845
33.0,0.8571428571428571,0.6428571428571428,0.20084098
33.0,0.9285714285714285,0.6428571428571428,0.096489675
33.0,1.0,0.6428571428571428,-0.005219789
33.0,0.0,0.7142857142857142,-0.010951864
33.0,0.07142857142857142,0.7142857142857142,0.07402067
33.0,0.14285714285714285,0.7142857142857142,0.1576325
33.0,0.21428571428571427,0.7142857142857142,0.24092671
33.0,0.2857142857142857,0.7142857142857142,0.3247725
33.0,0.3571428571428571,0.7142857142857142,0.40542495
33.0,0.42857142857142855,0.7142857142857142,0.468805
33.0,0.5,0.7142857142857142,0.49237373
33.0,0.5714285714285714,0.7142857142857142,0.46619132
33.0,0.6428571428571428,0.7142857142857142,0.40497705
33.0,0.7142857142857142,0.7142857142857142,0.32805577
33.0,0.7857142857142857,0.7142857142857142,0.245354
33.0,0.8571428571428571,0.7142857142857142,0.16044447
33.0,0.9285714285714285,0.7142857142857142,0.074967735
33.0,1.0,0.7142857142857142,-0.009477897
33.0,0.0,0.7857142857142857,-0.00755878
33.0,0.07142857142857142,0.7857142857142857,0.05579409
33.0,0.14285714285714285,0.7857142857142857,0.11667078
33.0,0.21428571428571427,0.7857142857142857,0.17763096
33.0,0.2857142857142857,0.7857142857142857,0.2405189
33.0,0.3571428571428571,0.7857142857142857,0.3020831
33.0,0.42857142857142855,0.7857142857142857,0.35029456
33.0,0.5,0.7857142857142857,0.3681547
33.0,0.5714285714285714,0.7857142857142857,0.34865615
33.0,0.6428571428571428,0.7857142857142857,0.30210987
33.0,0.7142857142857142,0.7857142857142857,0.2433554
33.0,0.7857142857142857,0.7857142857142857,0.18102561
33.0,0.8571428571428571,0.7857142857142857,0.11780932
33.0,0.9285714285714285,0.7857142857142857,0.053667985
33.0,1.0,0.7857142857142857,-0.011662709
33.0,0.0,0.8571428571428571,-0.0041227806
33.0,0.07142857142857142,0.8571428571428571,0.038261965
33.0,0.14285714285714285,0.8571428571428571,0.07698762
33.0,0.21428571428571427,0.8571428571428571,0.11571071
33.0,0.2857142857142857,0.8571428571428571,0.15702397
33.0,0.3571428571428571,0.8571428571428571,0.19855858
33.0,0.42857142857142855,0.8571428571428571,0.23117006
33.0,0.5,0.8571428571428571,0.24318668
33.0,0.5714285714285714,0.8571428571428571,0.22996816
33.0,0.6428571428571428,0.8571428571428571,0.1980566
33.0,0.7142857142857142,0.8571428571428571,0.1579111
33.0,0.7857142857142857,0.8571428571428571,0.116131924
33.0,0.8571428571428571,0.8571428571428571,0.074173704
33.0,0.9285714285714285,0.8571428571428571,0.030591989
33.0,1.0,0.8571428571428571,-0.016283242
33.0,0.0,0.9285714285714285,-0.004297683
33.0,0.07142857142857142,0.9285714285714285,0.017740676
33.0,0.14285714285714285,0.9285714285714285,0.035128474
33.0,0.21428571428571427,0.9285714285714285,0.052149944
33.0,0.2857142857142857,0.9285714285714285,0.071837716
33.0,0.3571428571428571,0.9285714285714285,0.09318028
33.0,0.42857142857142855,0.9285714285714285,0.11067666
33.0,0.5,0.9285714285714285,0.11760547
33.0,0.5714285714285714,0.9285714285714285,0.11114193
33.0,0.6428571428571428,0.9285714285714285,0.09446443
33.0,0.7142857142857142,0.9285714285714285,0.073387705
33.0,0.7857142857142857,0.9285714285714285,0.051677518
33.0,0.8571428571428571,0.9285714285714285,0.02944727
33.0,0.9285714285714285,0.9285714285714285,0.004456876
33.0,1.0,0.9285714285714285,-0.02565034
33.0,0.0,1.0,-0.013509668
33.0,0.07142857142857142,1.0,-0.011167739
33.0,0.14285714285714285,1.0,-0.013862435
33.0,0.21428571428571427,1.0,-0.01706772
33.0,0.2857142857142857,1.0,-0.017396595
33.0,0.3571428571428571,1.0,-0.014144616
33.0,0.42857142857142855,1.0,-0.009209642
33.0,0.5,1.0,-0.0054432806
33.0,0.5714285714285714,1.0,-0.0046159904
33.0,0.6428571428571428,1.0,-0.0064252224
33.0,0.7142857142857142,1.0,-0.00931708
33.0,0.7857142857142857,1.0,-0.012453767
33.0,0.8571428571428571,1.0,-0.016956514
33.0,0.9285714285714285,1.0,-0.025437677
33.0,1.0,1.0,-0.04047609
34.0,0.0,0.0,-0.020797282
34.0,0.07142857142857142,0.0,-0.013327137
34.0,0.14285714285714285,0.0,-0.012079795
34.0,0.21428571428571427,0.0,-0.014901178
34.0,0.2857142857142857,0.0,-0.01728833
34.0,0.3571428571428571,0.0,-0.015073567
34.0,0.42857142857142855,0.0,-0.009807239
34.0,0.5,0.0,-0.007800463
34.0,0.5714285714285714,0.0,-0.0116594145
34.0,0.6428571428571428,0.0,-0.016944965
34.0,0.7142857142857142,0.0,-0.017813627
34.0,0.7857142857142857,0.0,-0.01379111
34.0,0.8571428571428571,0.0,-0.010232052
34.0,0.9285714285714285,0.0,-0.0131985005
34.0,1.0,0.0,-0.025691653
34.0,0.0,0.07142857142857142,-0.014842952
34.0,0.07142857142857142,0.07142857142857142,0.011504753
34.0,0.14285714285714285,0.07142857142857142,0.0334917
34.0,0.21428571428571427,0.07142857142857142,0.05236929
34.0,0.2857142857142857,0.07142857142857142,0.07118474
34.0,0.3571428571428571,0.07142857142857142,0.09219829
34.0,0.42857142857142855,0.07142857142857142,0.110833876
34.0,0.5,0.07142857142857142,0.11710391
34.0,0.5714285714285714,0.07142857142857142,0.107315086
34.0,0.6428571428571428,0.07142857142857142,0.08855374
34.0,0.7142857142857142,0.07142857142857142,0.07028558
34.0,0.7857142857142857,0.07142857142857142,0.054844253
34.0,0.8571428571428571,0.07142857142857142,0.037657216
34.0,0.9285714285714285,0.07142857142857142,0.014110288
34.0,1.0,0.07142857142857142,-0.017346585
34.0,0.0,0.14285714285714285,-0.0141991535
34.0,0.07142857142857142,0.14285714285714285,0.031860866
34.0,0.14285714285714285,0.14285714285714285,0.075583495
34.0,0.21428571428571427,0.14285714285714285,0.117365636
34.0,0.2857142857142857,0.14285714285714285,0.15872474
34.0,0.3571428571428571,0.14285714285714285,0.1998353
34.0,0.42857142857142855,0.14285714285714285,0.2330176
34.0,0.5,0.14285714285714285,0.24440211
34.0,0.5714285714285714,0.14285714285714285,0.22871344
34.0,0.6428571428571428,0.14285714285714285,0.19536307
34.0,0.7142857142857142,0.14285714285714285,0.15752111
34.0,0.7857142857142857,0.14285714285714285,0.11984827
34.0,0.8571428571428571,0.14285714285714285,0.07961142
34.0,0.9285714285714285,0.14285714285714285,0.03441056
34.0,1.0,0.14285714285714285,-0.016162144
34.0,0.0,0.21428571428571427,-0.015894212
34.0,0.07142857142857142,0.21428571428571427,0.05038009
34.0,0.14285714285714285,0.21428571428571427,0.11589437
34.0,0.21428571428571427,0.21428571428571427,0.18027695
34.0,0.2857142857142857,0.21428571428571427,0.24374971
34.0,0.3571428571428571,0.21428571428571427,0.30468386
34.0,0.42857142857142855,0.21428571428571427,0.3527021
34.0,0.5,0.21428571428571427,0.37013823
34.0,0.5714285714285714,0.21428571428571427,0.34938422
34.0,0.6428571428571428,0.21428571428571427,0.30139256
34.0,0.7142857142857142,0.21428571428571427,0.24294919
34.0,0.7857142857142857,0.21428571428571427,0.18173924
34.0,0.8571428571428571,0.21428571428571427,0.11795988
34.0,0.9285714285714285,0.21428571428571427,0.051512524
34.0,1.0,0.21428571428571427,-0.017555954
34.0,0.0,0.2857142857142857,-0.017188167
34.0,0.07142857142857142,0.2857142857142857,0.06958727
34.0,0.14285714285714285,0.2857142857142857,0.15628432
34.0,0.21428571428571427,0.2857142857142857,0.24186146
34.0,0.2857142857142857,0.2857142857142857,0.3257358
34.0,0.3571428571428571,0.2857142857142857,0.40511867
34.0,0.42857142857142855,0.2857142857142857,0.46760082
34.0,0.5,0.2857142857142857,0.4918429
34.0,0.5714285714285714,0.2857142857142857,0.4670246
34.0,0.6428571428571428,0.2857142857142857,0.4048934
34.0,0.7142857142857142,0.2857142857142857,0.32593036
34.0,0.7857142857142857,0.2857142857142857,0.24169591
34.0,0.8571428571428571,0.2857142857142857,0.1558488
34.0,0.9285714285714285,0.2857142857142857,0.06980654
34.0,1.0,0.2857142857142857,-0.016555184
34.0,0.0,0.3571428571428571,-0.017132914
34.0,0.07142857142857142,0.3571428571428571,0.089753844
34.0,0.14285714285714285,0.3571428571428571,0.19643015
34.0,0.21428571428571427,0.3571428571428571,0.30112252
34.0,0.2857142857142857,0.3571428571428571,0.4029201
34.0,0.3571428571428571,0.3571428571428571,0.49861935
34.0,0.42857142857142855,0.3571428571428571,0.57445383
34.0,0.5,0.3571428571428571,0.60536414
34.0,0.5714285714285714,0.3571428571428571,0.5767368
34.0,0.6428571428571428,0.3571428571428571,0.5012055
34.0,0.7142857142857142,0.3571428571428571,0.40335006
34.0,0.7857142857142857,0.3571428571428571,0.29890925
34.0,0.8571428571428571,0.3571428571428571,0.19435234
34.0,0.9285714285714285,0.3571428571428571,0.09139502
34.0,1.0,0.3571428571428571,-0.010307545
34.0,0.0,0.42857142857142855,-0.017073737
34.0,0.07142857142857142,0.42857142857142855,0.1064105
34.0,0.14285714285714285,0.42857142857142855,0.2296297
34.0,0.21428571428571427,0.42857142857142855,0.34976295
34.0,0.2857142857142857,0.42857142857142855,0.4656537
34.0,0.3571428571428571,0.42857142857142855,0.57415336
34.0,0.42857142857142855,0.42857142857142855,0.6606464
34.0,0.5,0.42857142857142855,0.6963389
34.0,0.5714285714285714,0.42857142857142855,0.66328365
34.0,0.6428571428571428,0.42857142857142855,0.57640636
34.0,0.7142857142857142,0.42857142857142855,0.46442807
34.0,0.7857142857142857,0.42857142857142855,0.34582722
34.0,0.8571428571428571,0.42857142857142855,0.22804196
34.0,0.9285714285714285,0.42857142857142855,0.11244871
34.0,1.0,0.42857142857142855,-0.00084063597
34.0,0.0,0.5,-0.016777696
34.0,0.07142857142857142,0.5,0.11302174
34.0,0.14285714285714285,0.5,0.24297255
34.0,0.21428571428571427,0.5,0.3695692
34.0,0.2857142857142857,0.5,0.49142775
34.0,0.3571428571428571,0.5,0.6054716
34.0,0.42857142857142855,0.5,0.6966578
34.0,0.5,0.5,0.7336452
34.0,0.5714285714285714,0.5,0.69722605
34.0,0.6428571428571428,0.5,0.605582
34.0,0.7142857142857142,0.5,0.48938444
34.0,0.7857142857142857,0.5,0.3666242
34.0,0.8571428571428571,0.5,0.24400851
34.0,0.9285714285714285,0.5,0.12306685
34.0,1.0,0.5,0.0051606875
34.0,0.0,0.5714285714285714,-0.014871338
34.0,0.07142857142857142,0.5714285714285714,0.10748667
34.0,0.14285714285714285,0.5714285714285714,0.2300636
34.0,0.21428571428571427,0.5714285714285714,0.3501807
34.0,0.2857142857142857,0.5714285714285714,0.46675396
34.0,0.3571428571428571,0.5714285714285714,0.57634354
34.0,0.42857142857142855,0.5714285714285714,0.66364926
34.0,0.5,0.5714285714285714,0.6979008
34.0,0.5714285714285714,0.5714285714285714,0.661849
34.0,0.6428571428571428,0.5714285714285714,0.5751479
34.0,0.7142857142857142,0.5714285714285714,0.4662974
34.0,0.7857142857142857,0.5714285714285714,0.3502824
34.0,0.8571428571428571,0.5714285714285714,0.23270617
34.0,0.9285714285714285,0.5714285714285714,0.11597771
34.0,1.0,0.5714285714285714,0.0026789587
34.0,0.0,0.6428571428571428,-0.012544507
34.0,0.07142857142857142,0.6428571428571428,0.092782035
34.0,0.14285714285714285,0.6428571428571428,0.19789624
34.0,0.21428571428571427,0.6428571428571428,0.30199552
34.0,0.2857142857142857,0.6428571428571428,0.4047654
34.0,0.3571428571428571,0.6428571428571428,0.50217295
34.0,0.42857142857142855,0.6428571428571428,0.57894367
34.0,0.5,0.6428571428571428,0.6078895
34.0,0.5714285714285714,0.6428571428571428,0.57576936
34.0,0.6428571428571428,0.6428571428571428,0.50067335
34.0,0.7142857142857142,0.6428571428571428,0.40637144
34.0,0.7857142857142857,0.6428571428571428,0.30473933
34.0,0.8571428571428571,0.6428571428571428,0.20050018
34.0,0.9285714285714285,0.6428571428571428,0.09652298
34.0,1.0,0.6428571428571428,-0.004387861
34.0,0.0,0.7142857142857142,-0.010016451
34.0,0.07142857142857142,0.7142857142857142,0.074311934
34.0,0.14285714285714285,0.7142857142857142,0.15753996
34.0,0.21428571428571427,0.7142857142857142,0.24070847
34.0,0.2857142857142857,0.7142857142857142,0.32447618
34.0,0.3571428571428571,0.7142857142857142,0.40480652
34.0,0.42857142857142855,0.7142857142857142,0.46761942
34.0,0.5,0.7142857142857142,0.4909484
34.0,0.5714285714285714,0.7142857142857142,0.4652379
34.0,0.6428571428571428,0.7142857142857142,0.40464073
34.0,0.7142857142857142,0.7142857142857142,0.32793704
34.0,0.7857142857142857,0.7142857142857142,0.24514833
34.0,0.8571428571428571,0.7142857142857142,0.16021378
34.0,0.9285714285714285,0.7142857142857142,0.0750402
34.0,1.0,0.7142857142857142,-0.008761389
34.0,0.0,0.7857142857142857,-0.0065722186
34.0,0.07142857142857142,0.7857142857142857,0.05619944
34.0,0.14285714285714285,0.7857142857142857,0.11672614
34.0,0.21428571428571427,0.7857142857142857,0.17754714
34.0,0.2857142857142857,0.7857142857142857,0.2403251
34.0,0.3571428571428571,0.7857142857142857,0.30158624
34.0,0.42857142857142855,0.7857142857142857,0.34934255
34.0,0.5,0.7857142857142857,0.36700696
34.0,0.5714285714285714,0.7857142857142857,0.34781757
34.0,0.6428571428571428,0.7857142857142857,0.30171946
34.0,0.7142857142857142,0.7857142857142857,0.2431713
34.0,0.7857142857142857,0.7857142857142857,0.18084157
34.0,0.8571428571428571,0.7857142857142857,0.117669515
34.0,0.9285714285714285,0.7857142857142857,0.0538095
34.0,1.0,0.7857142857142857,-0.010986356
34.0,0.0,0.8571428571428571,-0.0031381417
34.0,0.07142857142857142,0.8571428571428571,0.038719423
34.0,0.14285714285714285,0.8571428571428571,0.07714502
34.0,0.21428571428571427,0.8571428571428571,0.11576695
34.0,0.2857142857142857,0.8571428571428571,0.15701151
34.0,0.3571428571428571,0.8571428571428571,0.19833113
34.0,0.42857142857142855,0.8571428571428571,0.23061238
34.0,0.5,0.8571428571428571,0.24245927
34.0,0.5714285714285714,0.8571428571428571,0.22940102
34.0,0.6428571428571428,0.8571428571428571,0.19778314
34.0,0.7142857142857142,0.8571428571428571,0.1578087
34.0,0.7857142857142857,0.8571428571428571,0.11606827
34.0,0.8571428571428571,0.8571428571428571,0.074179836
34.0,0.9285714285714285,0.8571428571428571,0.03084615
34.0,1.0,0.8571428571428571,-0.01558256
34.0,0.0,0.9285714285714285,-0.003414968
34.0,0.07142857142857142,0.9285714285714285,0.018187128
34.0,0.14285714285714285,0.9285714285714285,0.035388514
34.0,0.21428571428571427,0.9285714285714285,0.0524275
34.0,0.2857142857142857,0.9285714285714285,0.07217897
34.0,0.3571428571428571,0.9285714285714285,0.09347636
34.0,0.42857142857142855,0.9285714285714285,0.11081373
34.0,0.5,0.9285714285714285,0.11762073
34.0,0.5714285714285714,0.9285714285714285,0.111189105
34.0,0.6428571428571428,0.9285714285714285,0.09462529
34.0,0.7142857142857142,0.9285714285714285,0.073605664
34.0,0.7857142857142857,0.9285714285714285,0.051880293
34.0,0.8571428571428571,0.9285714285714285,0.029669998
34.0,0.9285714285714285,0.9285714285714285,0.004847845
34.0,1.0,0.9285714285714285,-0.024914661
34.0,0.0,1.0,-0.012776801
34.0,0.07142857142857142,1.0,-0.010708973
34.0,0.14285714285714285,1.0,-0.013408579
34.0,0.21428571428571427,1.0,-0.016420597
34.0,0.2857142857142857,1.0,-0.016510975
34.0,0.3571428571428571,1.0,-0.0131146405
34.0,0.42857142857142855,1.0,-0.008172339
34.0,0.5,1.0,-0.0044757705
34.0,0.5714285714285714,1.0,-0.0037207846
34.0,0.6428571428571428,1.0,-0.0055990126
34.0,0.7142857142857142,1.0,-0.008593896
34.0,0.7857142857142857,1.0,-0.011861445
34.0,0.8571428571428571,1.0,-0.016447404
34.0,0.9285714285714285,1.0,-0.024875006
34.0,1.0,1.0,-0.039691612
35.0,0.0,0.0,-0.020359494
35.0,0.07142857142857142,0.0,-0.013061121
35.0,0.14285714285714285,0.0,-0.011905945
35.0,0.21428571428571427,0.0,-0.014662178
35.0,0.2857142857142857,0.0,-0.016836636
35.0,0.3571428571428571,0.0,-0.014441585
35.0,0.42857142857142855,0.0,-0.009149867
35.0,0.5,0.0,-0.0071354415
35.0,0.5714285714285714,0.0,-0.010912739
35.0,0.6428571428571428,0.0,-0.016182128
35.0,0.7142857142857142,0.0,-0.017173663
35.0,0.7857142857142857,0.0,-0.013233004
35.0,0.8571428571428571,0.0,-0.009524172
35.0,0.9285714285714285,0.0,-0.012142358
35.0,1.0,0.0,-0.024245692
35.0,0.0,0.07142857142857142,-0.014475474
35.0,0.07142857142857142,0.07142857142857142,0.011650773
35.0,0.14285714285714285,0.07142857142857142,0.033487573
35.0,0.21428571428571427,0.07142857142857142,0.052350342
35.0,0.2857142857142857,0.07142857142857142,0.07125842
35.0,0.3571428571428571,0.07142857142857142,0.09226622
35.0,0.42857142857142855,0.07142857142857142,0.11070788
35.0,0.5,0.07142857142857142,0.11688662
35.0,0.5714285714285714,0.07142857142857142,0.1072711
35.0,0.6428571428571428,0.07142857142857142,0.08868892
35.0,0.7142857142857142,0.07142857142857142,0.07041559
35.0,0.7857142857142857,0.07142857142857142,0.054971226
35.0,0.8571428571428571,0.07142857142857142,0.03798704
35.0,0.9285714285714285,0.07142857142857142,0.014801329
35.0,1.0,0.07142857142857142,-0.016269127
35.0,0.0,0.14285714285714285,-0.01382372
35.0,0.07142857142857142,0.14285714285714285,0.03195305
35.0,0.14285714285714285,0.14285714285714285,0.07547594
35.0,0.21428571428571427,0.14285714285714285,0.11719339
35.0,0.2857142857142857,0.14285714285714285,0.15857033
35.0,0.3571428571428571,0.14285714285714285,0.19953977
35.0,0.42857142857142855,0.14285714285714285,0.23234995
35.0,0.5,0.14285714285714285,0.24356627
35.0,0.5714285714285714,0.14285714285714285,0.22815098
35.0,0.6428571428571428,0.14285714285714285,0.19513878
35.0,0.7142857142857142,0.14285714285714285,0.15739359
35.0,0.7857142857142857,0.14285714285714285,0.11976268
35.0,0.8571428571428571,0.14285714285714285,0.079723895
35.0,0.9285714285714285,0.14285714285714285,0.034846395
35.0,1.0,0.14285714285714285,-0.015351707
35.0,0.0,0.21428571428571427,-0.015430747
35.0,0.07142857142857142,0.21428571428571427,0.05047548
35.0,0.14285714285714285,0.21428571428571427,0.115749724
35.0,0.21428571428571427,0.21428571428571427,0.18006638
35.0,0.2857142857142857,0.21428571428571427,0.24355474
35.0,0.3571428571428571,0.21428571428571427,0.3042906
35.0,0.42857142857142855,0.21428571428571427,0.3518147
35.0,0.5,0.21428571428571427,0.36901194
35.0,0.5714285714285714,0.21428571428571427,0.3486073
35.0,0.6428571428571428,0.21428571428571427,0.3010837
35.0,0.7142857142857142,0.21428571428571427,0.24280506
35.0,0.7857142857142857,0.21428571428571427,0.18163064
35.0,0.8571428571428571,0.21428571428571427,0.117982246
35.0,0.9285714285714285,0.21428571428571427,0.05179771
35.0,1.0,0.21428571428571427,-0.016875328
35.0,0.0,0.2857142857142857,-0.016585825
35.0,0.07142857142857142,0.2857142857142857,0.06969709
35.0,0.14285714285714285,0.2857142857142857,0.15610732
35.0,0.21428571428571427,0.2857142857142857,0.24164763
35.0,0.2857142857142857,0.2857142857142857,0.3255824
35.0,0.3571428571428571,0.2857142857142857,0.40474942
35.0,0.42857142857142855,0.2857142857142857,0.46662852
35.0,0.5,0.2857142857142857,0.49052975
35.0,0.5714285714285714,0.2857142857142857,0.46610078
35.0,0.6428571428571428,0.2857142857142857,0.40456456
35.0,0.7142857142857142,0.2857142857142857,0.3258387
35.0,0.7857142857142857,0.2857142857142857,0.24161029
35.0,0.8571428571428571,0.2857142857142857,0.15580916
35.0,0.9285714285714285,0.2857142857142857,0.07000561
35.0,1.0,0.2857142857142857,-0.015872965
35.0,0.0,0.3571428571428571,-0.0163752
35.0,0.07142857142857142,0.3571428571428571,0.08983892
35.0,0.14285714285714285,0.3571428571428571,0.19613081
35.0,0.21428571428571427,0.3571428571428571,0.30077365
35.0,0.2857142857142857,0.3571428571428571,0.4026339
35.0,0.3571428571428571,0.3571428571428571,0.49805084
35.0,0.42857142857142855,0.3571428571428571,0.57311165
35.0,0.5,0.3571428571428571,0.6035092
35.0,0.5714285714285714,0.3571428571428571,0.57529587
35.0,0.6428571428571428,0.3571428571428571,0.50054896
35.0,0.7142857142857142,0.3571428571428571,0.4030882
35.0,0.7857142857142857,0.3571428571428571,0.29868257
35.0,0.8571428571428571,0.3571428571428571,0.19414513
35.0,0.9285714285714285,0.3571428571428571,0.091490485
35.0,1.0,0.3571428571428571,-0.009562494
35.0,0.0,0.42857142857142855,-0.016153174
35.0,0.07142857142857142,0.42857142857142855,0.10645554
35.0,0.14285714285714285,0.42857142857142855,0.229108
35.0,0.21428571428571427,0.42857142857142855,0.349052
35.0,0.2857142857142857,0.42857142857142855,0.46487033
35.0,0.3571428571428571,0.42857142857142855,0.5729075
35.0,0.42857142857142855,0.42857142857142855,0.65837115
35.0,0.5,0.42857142857142855,0.69333917
35.0,0.5714285714285714,0.42857142857142855,0.6607667
35.0,0.6428571428571428,0.42857142857142855,0.57496274
35.0,0.7142857142857142,0.42857142857142855,0.4636499
35.0,0.7857142857142857,0.42857142857142855,0.34521276
35.0,0.8571428571428571,0.42857142857142855,0.22751777
35.0,0.9285714285714285,0.42857142857142855,0.112369604
35.0,1.0,0.42857142857142855,-6.2415376e-05
35.0,0.0,0.5,-0.015772881
35.0,0.07142857142857142,0.5,0.11305734
35.0,0.14285714285714285,0.5,0.24231532
35.0,0.21428571428571427,0.5,0.3685842
35.0,0.2857142857142857,0.5,0.49022928
35.0,0.3571428571428571,0.5,0.6036697
35.0,0.42857142857142855,0.5,0.6936723
35.0,0.5,0.5,0.7298474
35.0,0.5714285714285714,0.5,0.69402695
35.0,0.6428571428571428,0.5,0.6036653
35.0,0.7142857142857142,0.5,0.4882847
35.0,0.7857142857142857,0.5,0.36574948
35.0,0.8571428571428571,0.5,0.24326581
35.0,0.9285714285714285,0.5,0.122862585
35.0,1.0,0.5,0.005944168
35.0,0.0,0.5714285714285714,-0.013929846
35.0,0.07142857142857142,0.5714285714285714,0.107540786
35.0,0.14285714285714285,0.5714285714285714,0.2295129
35.0,0.21428571428571427,0.5714285714285714,0.34937218
35.0,0.2857142857142857,0.5714285714285714,0.46578845
35.0,0.3571428571428571,0.5714285714285714,0.5748618
35.0,0.42857142857142855,0.5714285714285714,0.6611358
35.0,0.5,0.5714285714285714,0.6947367
35.0,0.5714285714285714,0.5714285714285714,0.6593333
35.0,0.6428571428571428,0.5714285714285714,0.5737957
35.0,0.7142857142857142,0.5714285714285714,0.46558452
35.0,0.7857142857142857,0.5714285714285714,0.34965232
35.0,0.8571428571428571,0.5714285714285714,0.2321145
35.0,0.9285714285714285,0.5714285714285714,0.11585333
35.0,1.0,0.5714285714285714,0.0034899246
35.0,0.0,0.6428571428571428,-0.011663901
35.0,0.07142857142857142,0.6428571428571428,0.09292229
35.0,0.14285714285714285,0.6428571428571428,0.19758779
35.0,0.21428571428571427,0.6428571428571428,0.30154553
35.0,0.2857142857142857,0.6428571428571428,0.40424088
35.0,0.3571428571428571,0.6428571428571428,0.5012655
35.0,0.42857142857142855,0.6428571428571428,0.57728225
35.0,0.5,0.6428571428571428,0.6058403
35.0,0.5714285714285714,0.6428571428571428,0.5743141
35.0,0.6428571428571428,0.6428571428571428,0.5000808
35.0,0.7142857142857142,0.6428571428571428,0.40614304
35.0,0.7857142857142857,0.6428571428571428,0.30444428
35.0,0.8571428571428571,0.6428571428571428,0.20015809
35.0,0.9285714285714285,0.6428571428571428,0.09652565
35.0,1.0,0.6428571428571428,-0.0036097895
35.0,0.0,0.7142857142857142,-0.009113865
35.0,0.07142857142857142,0.7142857142857142,0.07458441
35.0,0.14285714285714285,0.7142857142857142,0.15744892
35.0,0.21428571428571427,0.7142857142857142,0.24050274
35.0,0.2857142857142857,0.7142857142857142,0.3241881
35.0,0.3571428571428571,0.7142857142857142,0.40418965
35.0,0.42857142857142855,0.7142857142857142,0.46644476
35.0,0.5,0.7142857142857142,0.48954228
35.0,0.5714285714285714,0.7142857142857142,0.4642868
35.0,0.6428571428571428,0.7142857142857142,0.40429127
35.0,0.7142857142857142,0.7142857142857142,0.3278118
35.0,0.7857142857142857,0.7142857142857142,0.24494654
35.0,0.8571428571428571,0.7142857142857142,0.15997991
35.0,0.9285714285714285,0.7142857142857142,0.07508712
35.0,1.0,0.7142857142857142,-0.008088579
35.0,0.0,0.7857142857142857,-0.0056192074
35.0,0.07142857142857142,0.7857142857142857,0.05658762
35.0,0.14285714285714285,0.7857142857142857,0.11678512
35.0,0.21428571428571427,0.7857142857142857,0.17748031
35.0,0.2857142857142857,0.7857142857142857,0.24014577
35.0,0.3571428571428571,0.7857142857142857,0.30109975
35.0,0.42857142857142855,0.7857142857142857,0.34840673
35.0,0.5,0.7857142857142857,0.36588243
35.0,0.5714285714285714,0.7857142857142857,0.34699178
35.0,0.6428571428571428,0.7857142857142857,0.3013296
35.0,0.7142857142857142,0.7857142857142857,0.24298832
35.0,0.7857142857142857,0.7857142857142857,0.18066141
35.0,0.8571428571428571,0.7857142857142857,0.11752524
35.0,0.9285714285714285,0.7857142857142857,0.053929493
35.0,1.0,0.7857142857142857,-0.010346657
35.0,0.0,0.8571428571428571,-0.0021937955
35.0,0.07142857142857142,0.8571428571428571,0.039156213
35.0,0.14285714285714285,0.8571428571428571,0.07730391
35.0,0.21428571428571427,0.8571428571428571,0.11583667
35.0,0.2857142857142857,0.8571428571428571,0.15700856
35.0,0.3571428571428571,0.8571428571428571,0.19810496
35.0,0.42857142857142855,0.8571428571428571,0.23005667
35.0,0.5,0.8571428571428571,0.24173793
35.0,0.5714285714285714,0.8571428571428571,0.22883679
35.0,0.6428571428571428,0.8571428571428571,0.19750683
35.0,0.7142857142857142,0.8571428571428571,0.15770446
35.0,0.7857142857142857,0.8571428571428571,0.11600516
35.0,0.8571428571428571,0.8571428571428571,0.07418139
35.0,0.9285714285714285,0.8571428571428571,0.031082405
35.0,1.0,0.8571428571428571,-0.014910782
35.0,0.0,0.9285714285714285,-0.0025803428
35.0,0.07142857142857142,0.9285714285714285,0.018608673
35.0,0.14285714285714285,0.9285714285714285,0.03564527
35.0,0.21428571428571427,0.9285714285714285,0.052710846
35.0,0.2857142857142857,0.9285714285714285,0.07251925
35.0,0.3571428571428571,0.9285714285714285,0.09375858
35.0,0.42857142857142855,0.9285714285714285,0.11092994
35.0,0.5,0.9285714285714285,0.11761611
35.0,0.5714285714285714,0.9285714285714285,0.11121825
35.0,0.6428571428571428,0.9285714285714285,0.09476955
35.0,0.7142857142857142,0.9285714285714285,0.07381199
35.0,0.7857142857142857,0.9285714285714285,0.0520769
35.0,0.8571428571428571,0.9285714285714285,0.029885331
35.0,0.9285714285714285,0.9285714285714285,0.005224036
35.0,1.0,0.9285714285714285,-0.024200944
35.0,0.0,1.0,-0.012095692
35.0,0.07142857142857142,1.0,-0.01027674
35.0,0.14285714285714285,1.0,-0.012961352
35.0,0.21428571428571427,1.0,-0.015775755
35.0,0.2857142857142857,1.0,-0.015637273
35.0,0.3571428571428571,1.0,-0.012111859
35.0,0.42857142857142855,1.0,-0.0071728993
35.0,0.5,1.0,-0.003548434
35.0,0.5714285714285714,1.0,-0.0028624516
35.0,0.6428571428571428,1.0,-0.0048034247
35.0,0.7142857142857142,1.0,-0.007893214
35.0,0.7857142857142857,1.0,-0.01128404
35.0,0.8571428571428571,1.0,-0.015949132
35.0,0.9285714285714285,1.0,-0.024325678
35.0,1.0,1.0,-0.038923744
36.0,0.0,0.0,-0.019949289
36.0,0.07142857142857142,0.0,-0.012819923
36.0,0.14285714285714285,0.0,-0.0117458105
36.0,0.21428571428571427,0.0,-0.014422562
36.0,0.2857142857142857,0.0,-0.01637778
36.0,0.3571428571428571,0.0,-0.013806453
36.0,0.42857142857142855,0.0,-0.0084963385
36.0,0.5,0.0,-0.0064794635
36.0,0.5714285714285714,0.0,-0.0101799425
36.0,0.6428571428571428,0.0,-0.015432424
36.0,0.7142857142857142,0.0,-0.016544363
36.0,0.7857142857142857,0.0,-0.012693305
36.0,0.8571428571428571,0.0,-0.008851012
36.0,0.9285714285714285,0.0,-0.011131411
36.0,1.0,0.0,-0.022843232
36.0,0.0,0.07142857142857142,-0.014128853
36.0,0.07142857142857142,0.07142857142857142,0.011777714
36.0,0.14285714285714285,0.07142857142857142,0.033474162
36.0,0.21428571428571427,0.07142857142857142,0.05233272
36.0,0.2857142857142857,0.07142857142857142,0.071335025
36.0,0.3571428571428571,0.07142857142857142,0.09233179
36.0,0.42857142857142855,0.07142857142857142,0.110580355
36.0,0.5,0.07142857142857142,0.11666941
36.0,0.5714285714285714,0.07142857142857142,0.1072223
36.0,0.6428571428571428,0.07142857142857142,0.08881716
36.0,0.7142857142857142,0.07142857142857142,0.07054162
36.0,0.7857142857142857,0.07142857142857142,0.055085346
36.0,0.8571428571428571,0.07142857142857142,0.038287356
36.0,0.9285714285714285,0.07142857142857142,0.015451448
36.0,1.0,0.07142857142857142,-0.015232654
36.0,0.0,0.14285714285714285,-0.013462711
36.0,0.07142857142857142,0.14285714285714285,0.032034233
36.0,0.14285714285714285,0.14285714285714285,0.0753681
36.0,0.21428571428571427,0.14285714285714285,0.11702917
36.0,0.2857142857142857,0.14285714285714285,0.15842067
36.0,0.3571428571428571,0.14285714285714285,0.19924158
36.0,0.42857142857142855,0.14285714285714285,0.23168753
36.0,0.5,0.14285714285714285,0.24274325
36.0,0.5714285714285714,0.14285714285714285,0.22759297
36.0,0.6428571428571428,0.14285714285714285,0.19491324
36.0,0.7142857142857142,0.14285714285714285,0.15726744
36.0,0.7857142857142857,0.14285714285714285,0.119671635
36.0,0.8571428571428571,0.14285714285714285,0.07981597
36.0,0.9285714285714285,0.14285714285714285,0.03524974
36.0,1.0,0.14285714285714285,-0.014576377
36.0,0.0,0.21428571428571427,-0.014980018
36.0,0.07142857142857142,0.21428571428571427,0.050566696
36.0,0.14285714285714285,0.21428571428571427,0.11561451
36.0,0.21428571428571427,0.21428571428571427,0.17987075
36.0,0.2857142857142857,0.21428571428571427,0.24336436
36.0,0.3571428571428571,0.21428571428571427,0.3038892
36.0,0.42857142857142855,0.21428571428571427,0.35092986
36.0,0.5,0.21428571428571427,0.36790034
36.0,0.5714285714285714,0.21428571428571427,0.34783167
36.0,0.6428571428571428,0.21428571428571427,0.30076832
36.0,0.7142857142857142,0.21428571428571427,0.242661
36.0,0.7857142857142857,0.21428571428571427,0.1815215
36.0,0.8571428571428571,0.21428571428571427,0.11799393
36.0,0.9285714285714285,0.21428571428571427,0.05205939
36.0,1.0,0.21428571428571427,-0.016225854
36.0,0.0,0.2857142857142857,-0.015998164
36.0,0.07142857142857142,0.2857142857142857,0.069806606
36.0,0.14285714285714285,0.2857142857142857,0.15594715
36.0,0.21428571428571427,0.2857142857142857,0.24145284
36.0,0.2857142857142857,0.2857142857142857,0.32542783
36.0,0.3571428571428571,0.2857142857142857,0.40435982
36.0,0.42857142857142855,0.2857142857142857,0.46564707
36.0,0.5,0.2857142857142857,0.4892206
36.0,0.5714285714285714,0.2857142857142857,0.46516335
36.0,0.6428571428571428,0.2857142857142857,0.4042137
36.0,0.7142857142857142,0.2857142857142857,0.32574034
36.0,0.7857142857142857,0.2857142857142857,0.24153012
36.0,0.8571428571428571,0.2857142857142857,0.15577011
36.0,0.9285714285714285,0.2857142857142857,0.070187934
36.0,1.0,0.2857142857142857,-0.015221531
36.0,0.0,0.3571428571428571,-0.01563532
36.0,0.07142857142857142,0.3571428571428571,0.089925684
36.0,0.14285714285714285,0.3571428571428571,0.19585331
36.0,0.21428571428571427,0.3571428571428571,0.3004461
36.0,0.2857142857142857,0.3571428571428571,0.4023415
36.0,0.3571428571428571,0.3571428571428571,0.49745277
36.0,0.42857142857142855,0.3571428571428571,0.5717534
36.0,0.5,0.3571428571428571,0.6016558
36.0,0.5714285714285714,0.3571428571428571,0.57383543
36.0,0.6428571428571428,0.3571428571428571,0.49985906
36.0,0.7142857142857142,0.3571428571428571,0.40281805
36.0,0.7857142857142857,0.3571428571428571,0.29847196
36.0,0.8571428571428571,0.3571428571428571,0.19395095
36.0,0.9285714285714285,0.3571428571428571,0.09157005
36.0,1.0,0.3571428571428571,-0.008855106
36.0,0.0,0.42857142857142855,-0.015250059
36.0,0.07142857142857142,0.42857142857142855,0.106502526
36.0,0.14285714285714285,0.42857142857142855,0.22861156
36.0,0.21428571428571427,0.42857142857142855,0.34836832
36.0,0.2857142857142857,0.42857142857142855,0.4640894
36.0,0.3571428571428571,0.42857142857142855,0.57164633
36.0,0.42857142857142855,0.42857142857142855,0.65610427
36.0,0.5,0.42857142857142855,0.6903752
36.0,0.5714285714285714,0.42857142857142855,0.6582598
36.0,0.6428571428571428,0.42857142857142855,0.5735055
36.0,0.7142857142857142,0.42857142857142855,0.4628801
36.0,0.7857142857142857,0.42857142857142855,0.34463227
36.0,0.8571428571428571,0.42857142857142855,0.22701612
36.0,0.9285714285714285,0.42857142857142855,0.112272486
36.0,1.0,0.42857142857142855,0.0006670039
36.0,0.0,0.5,-0.014790656
36.0,0.07142857142857142,0.5,0.11308676
36.0,0.14285714285714285,0.5,0.24167708
36.0,0.21428571428571427,0.5,0.367627
36.0,0.2857142857142857,0.5,0.48904356
36.0,0.3571428571428571,0.5,0.60187125
36.0,0.42857142857142855,0.5,0.690722
36.0,0.5,0.5,0.7261168
36.0,0.5714285714285714,0.5,0.6908665
36.0,0.6428571428571428,0.5,0.6017536
36.0,0.7142857142857142,0.5,0.48720372
36.0,0.7857142857142857,0.5,0.36491463
36.0,0.8571428571428571,0.5,0.24254692
36.0,0.9285714285714285,0.5,0.12263421
36.0,1.0,0.5,0.006667463
36.0,0.0,0.5714285714285714,-0.013021762
36.0,0.07142857142857142,0.5714285714285714,0.107577026
36.0,0.14285714285714285,0.5714285714285714,0.22896792
36.0,0.21428571428571427,0.5714285714285714,0.34857854
36.0,0.2857142857142857,0.5714285714285714,0.46482494
36.0,0.3571428571428571,0.5714285714285714,0.57336974
36.0,0.42857142857142855,0.5714285714285714,0.6586331
36.0,0.5,0.5714285714285714,0.6916059
36.0,0.5714285714285714,0.5714285714285714,0.65682286
36.0,0.6428571428571428,0.5714285714285714,0.5724205
36.0,0.7142857142857142,0.5714285714285714,0.46486482
36.0,0.7857142857142857,0.5714285714285714,0.3490404
36.0,0.8571428571428571,0.5714285714285714,0.23153234
36.0,0.9285714285714285,0.5714285714285714,0.11569797
36.0,1.0,0.5714285714285714,0.0042365994
36.0,0.0,0.6428571428571428,-0.010821277
36.0,0.07142857142857142,0.6428571428571428,0.09304039
36.0,0.14285714285714285,0.6428571428571428,0.19727868
36.0,0.21428571428571427,0.6428571428571428,0.30110416
36.0,0.2857142857142857,0.6428571428571428,0.40371457
36.0,0.3571428571428571,0.6428571428571428,0.50034535
36.0,0.42857142857142855,0.6428571428571428,0.57561845
36.0,0.5,0.6428571428571428,0.6038001
36.0,0.5714285714285714,0.6428571428571428,0.57284445
36.0,0.6428571428571428,0.6428571428571428,0.49945387
36.0,0.7142857142857142,0.6428571428571428,0.40589544
36.0,0.7857142857142857,0.6428571428571428,0.30415222
36.0,0.8571428571428571,0.6428571428571428,0.199815
36.0,0.9285714285714285,0.6428571428571428,0.0964983
36.0,1.0,0.6428571428571428,-0.0028886925
36.0,0.0,0.7142857142857142,-0.008249896
36.0,0.07142857142857142,0.7142857142857142,0.07483595
36.0,0.14285714285714285,0.7142857142857142,0.1573593
36.0,0.21428571428571427,0.7142857142857142,0.24031013
36.0,0.2857142857142857,0.7142857142857142,0.3239095
36.0,0.3571428571428571,0.7142857142857142,0.4035769
36.0,0.42857142857142855,0.7142857142857142,0.46528295
36.0,0.5,0.7142857142857142,0.48815602
36.0,0.5714285714285714,0.7142857142857142,0.46333852
36.0,0.6428571428571428,0.7142857142857142,0.4039288
36.0,0.7142857142857142,0.7142857142857142,0.32767946
36.0,0.7857142857142857,0.7142857142857142,0.24474755
36.0,0.8571428571428571,0.7142857142857142,0.15974283
36.0,0.9285714285714285,0.7142857142857142,0.07510851
36.0,1.0,0.7142857142857142,-0.007462127
36.0,0.0,0.7857142857142857,-0.004706936
36.0,0.07142857142857142,0.7857142857142857,0.056955285
36.0,0.14285714285714285,0.7857142857142857,0.11684618
36.0,0.21428571428571427,0.7857142857142857,0.17742904
36.0,0.2857142857142857,0.7857142857142857,0.23998132
36.0,0.3571428571428571,0.7857142857142857,0.3006245
36.0,0.42857142857142855,0.7857142857142857,0.34748885
36.0,0.5,0.7857142857142857,0.364782
36.0,0.5714285714285714,0.7857142857142857,0.34617954
36.0,0.6428571428571428,0.7857142857142857,0.30094096
36.0,0.7142857142857142,0.7857142857142857,0.24280587
36.0,0.7857142857142857,0.7857142857142857,0.18048446
36.0,0.8571428571428571,0.7857142857142857,0.11737662
36.0,0.9285714285714285,0.7857142857142857,0.054026075
36.0,1.0,0.7857142857142857,-0.009746542
36.0,0.0,0.8571428571428571,-0.0012966562
36.0,0.07142857142857142,0.8571428571428571,0.03956818
36.0,0.14285714285714285,0.8571428571428571,0.07746092
36.0,0.21428571428571427,0.8571428571428571,0.11591674
36.0,0.2857142857142857,0.8571428571428571,0.1570139
36.0,0.3571428571428571,0.8571428571428571,0.19787997
36.0,0.42857142857142855,0.8571428571428571,0.22950257
36.0,0.5,0.8571428571428571,0.24102226
36.0,0.5714285714285714,0.8571428571428571,0.22827458
36.0,0.6428571428571428,0.8571428571428571,0.19722652
36.0,0.7142857142857142,0.8571428571428571,0.15759689
36.0,0.7857142857142857,0.8571428571428571,0.11594085
36.0,0.8571428571428571,0.8571428571428571,0.07417593
36.0,0.9285714285714285,0.8571428571428571,0.031298175
36.0,1.0,0.8571428571428571,-0.014272353
36.0,0.0,0.9285714285714285,-0.0018005241
36.0,0.07142857142857142,0.9285714285714285,0.019000167
36.0,0.14285714285714285,0.9285714285714285,0.035893776
36.0,0.21428571428571427,0.9285714285714285,0.052995056
36.0,0.2857142857142857,0.9285714285714285,0.072853856
36.0,0.3571428571428571,0.9285714285714285,0.094023295
36.0,0.42857142857142855,0.9285714285714285,0.11102379
36.0,0.5,0.9285714285714285,0.1175906
36.0,0.5714285714285714,0.9285714285714285,0.111228116
36.0,0.6428571428571428,0.9285714285714285,0.09489559
36.0,0.7142857142857142,0.9285714285714285,0.07400525
36.0,0.7857142857142857,0.9285714285714285,0.052264504
36.0,0.8571428571428571,0.9285714285714285,0.030090617
36.0,0.9285714285714285,0.9285714285714285,0.0055821817
36.0,1.0,0.9285714285714285,-0.023514194
36.0,0.0,1.0,-0.011471737
36.0,0.07142857142857142,1.0,-0.00987651
36.0,0.14285714285714285,1.0,-0.012527876
36.0,0.21428571428571427,1.0,-0.015140418
36.0,0.2857142857142857,1.0,-0.014782023
36.0,0.3571428571428571,1.0,-0.01114233
36.0,0.42857142857142855,1.0,-0.0062160883
36.0,0.5,1.0,-0.0026653279
36.0,0.5714285714285714,1.0,-0.0020448957
36.0,0.6428571428571428,1.0,-0.0040430557
36.0,0.7142857142857142,1.0,-0.0072192047
36.0,0.7857142857142857,1.0,-0.010724688
36.0,0.8571428571428571,1.0,-0.0154661
36.0,0.9285714285714285,1.0,-0.023793599
36.0,1.0,1.0,-0.03817766
37.0,0.0,0.0,-0.019572126
37.0,0.07142857142857142,0.0,-0.012606932
37.0,0.14285714285714285,0.0,-0.01160221
37.0,0.21428571428571427,0.0,-0.014184346
37.0,0.2857142857142857,0.0,-0.015913995
37.0,0.3571428571428571,0.0,-0.013171701
37.0,0.42857142857142855,0.0,-0.007848853
37.0,0.5,0.0,-0.0058342014
37.0,0.5714285714285714,0.0,-0.009462562
37.0,0.6428571428571428,0.0,-0.014697416
37.0,0.7142857142857142,0.0,-0.01592828
37.0,0.7857142857142857,0.0,-0.012175301
37.0,0.8571428571428571,0.0,-0.00821585
37.0,0.9285714285714285,0.0,-0.010171397
37.0,1.0,0.0,-0.021494055
37.0,0.0,0.07142857142857142,-0.013807957
37.0,0.07142857142857142,0.07142857142857142,0.011884006
37.0,0.14285714285714285,0.07142857142857142,0.03345049
37.0,0.21428571428571427,0.07142857142857142,0.052315958
37.0,0.2857142857142857,0.07142857142857142,0.071414806
37.0,0.3571428571428571,0.07142857142857142,0.09239489
37.0,0.42857142857142855,0.07142857142857142,0.11045141
37.0,0.5,0.07142857142857142,0.11645316
37.0,0.5714285714285714,0.07142857142857142,0.10716792
37.0,0.6428571428571428,0.07142857142857142,0.08893794
37.0,0.7142857142857142,0.07142857142857142,0.07066179
37.0,0.7857142857142857,0.07142857142857142,0.055185042
37.0,0.8571428571428571,0.07142857142857142,0.038554795
37.0,0.9285714285714285,0.07142857142857142,0.016055906
37.0,1.0,0.07142857142857142,-0.014245065
37.0,0.0,0.14285714285714285,-0.01312126
37.0,0.07142857142857142,0.14285714285714285,0.032103747
37.0,0.14285714285714285,0.14285714285714285,0.075260006
37.0,0.21428571428571427,0.14285714285714285,0.11687357
37.0,0.2857142857142857,0.14285714285714285,0.158276
37.0,0.3571428571428571,0.14285714285714285,0.19894142
37.0,0.42857142857142855,0.14285714285714285,0.23103009
37.0,0.5,0.14285714285714285,0.24193275
37.0,0.5714285714285714,0.14285714285714285,0.2270392
37.0,0.6428571428571428,0.14285714285714285,0.19468567
37.0,0.7142857142857142,0.14285714285714285,0.15714145
37.0,0.7857142857142857,0.14285714285714285,0.119573615
37.0,0.8571428571428571,0.14285714285714285,0.079884656
37.0,0.9285714285714285,0.14285714285714285,0.03561592
37.0,1.0,0.14285714285714285,-0.013843941
37.0,0.0,0.21428571428571427,-0.01454513
37.0,0.07142857142857142,0.21428571428571427,0.050653294
37.0,0.14285714285714285,0.21428571428571427,0.115488775
37.0,0.21428571428571427,0.21428571428571427,0.1796899
37.0,0.2857142857142857,0.21428571428571427,0.24317828
37.0,0.3571428571428571,0.21428571428571427,0.30348042
37.0,0.42857142857142855,0.21428571428571427,0.350049
37.0,0.5,0.21428571428571427,0.36680278
37.0,0.5714285714285714,0.21428571428571427,0.34705713
37.0,0.6428571428571428,0.21428571428571427,0.300445
37.0,0.7142857142857142,0.21428571428571427,0.24251592
37.0,0.7857142857142857,0.21428571428571427,0.18141125
37.0,0.8571428571428571,0.21428571428571427,0.117993675
37.0,0.9285714285714285,0.21428571428571427,0.05229479
37.0,1.0,0.21428571428571427,-0.015612932
37.0,0.0,0.2857142857142857,-0.015428467
37.0,0.07142857142857142,0.2857142857142857,0.06991467
37.0,0.14285714285714285,0.2857142857142857,0.15580307
37.0,0.21428571428571427,0.2857142857142857,0.24127498
37.0,0.2857142857142857,0.2857142857142857,0.3252704
37.0,0.3571428571428571,0.2857142857142857,0.40394935
37.0,0.42857142857142855,0.2857142857142857,0.46465668
37.0,0.5,0.2857142857142857,0.48791513
37.0,0.5714285714285714,0.2857142857142857,0.4642127
37.0,0.6428571428571428,0.2857142857142857,0.40383857
37.0,0.7142857142857142,0.2857142857142857,0.3256338
37.0,0.7857142857142857,0.2857142857142857,0.2414544
37.0,0.8571428571428571,0.2857142857142857,0.15573098
37.0,0.9285714285714285,0.2857142857142857,0.0703515
37.0,1.0,0.2857142857142857,-0.014606485
37.0,0.0,0.3571428571428571,-0.014915569
37.0,0.07142857142857142,0.3571428571428571,0.09001292
37.0,0.14285714285714285,0.3571428571428571,0.19559653
37.0,0.21428571428571427,0.3571428571428571,0.30013642
37.0,0.2857142857142857,0.3571428571428571,0.4020401
37.0,0.3571428571428571,0.3571428571428571,0.49682477
37.0,0.42857142857142855,0.3571428571428571,0.5703802
37.0,0.5,0.3571428571428571,0.5998038
37.0,0.5714285714285714,0.3571428571428571,0.5723549
37.0,0.6428571428571428,0.3571428571428571,0.49913624
37.0,0.7142857142857142,0.3571428571428571,0.40253806
37.0,0.7857142857142857,0.3571428571428571,0.29827553
37.0,0.8571428571428571,0.3571428571428571,0.19376788
37.0,0.9285714285714285,0.3571428571428571,0.09163346
37.0,1.0,0.3571428571428571,-0.008190239
37.0,0.0,0.42857142857142855,-0.014369087
37.0,0.07142857142857142,0.42857142857142855,0.10654967
37.0,0.14285714285714285,0.42857142857142855,0.22813818
37.0,0.21428571428571427,0.42857142857142855,0.34770763
37.0,0.2857142857142857,0.42857142857142855,0.46330824
37.0,0.3571428571428571,0.42857142857142855,0.5703696
37.0,0.42857142857142855,0.42857142857142855,0.65384614
37.0,0.5,0.42857142857142855,0.6874453
37.0,0.5714285714285714,0.42857142857142855,0.6557633
37.0,0.6428571428571428,0.42857142857142855,0.5720353
37.0,0.7142857142857142,0.42857142857142855,0.46211603
37.0,0.7857142857142857,0.42857142857142855,0.34408227
37.0,0.8571428571428571,0.42857142857142855,0.22653645
37.0,0.9285714285714285,0.42857142857142855,0.112156436
37.0,1.0,0.42857142857142855,0.0013427492
37.0,0.0,0.5,-0.01383725
37.0,0.07142857142857142,0.5,0.113108225
37.0,0.14285714285714285,0.5,0.24105659
37.0,0.21428571428571427,0.5,0.3666947
37.0,0.2857142857142857,0.5,0.4878686
37.0,0.3571428571428571,0.5,0.6000766
37.0,0.42857142857142855,0.5,0.6878056
37.0,0.5,0.5,0.72245204
37.0,0.5714285714285714,0.5,0.6877442
37.0,0.6428571428571428,0.5,0.59984636
37.0,0.7142857142857142,0.5,0.4861372
37.0,0.7857142857142857,0.5,0.36411515
37.0,0.8571428571428571,0.5,0.24185085
37.0,0.9285714285714285,0.5,0.12238189
37.0,1.0,0.5,0.0073273983
37.0,0.0,0.5714285714285714,-0.012151832
37.0,0.07142857142857142,0.5714285714285714,0.10759431
37.0,0.14285714285714285,0.5714285714285714,0.22842866
37.0,0.21428571428571427,0.5714285714285714,0.34779918
37.0,0.2857142857142857,0.5714285714285714,0.46386334
37.0,0.3571428571428571,0.5714285714285714,0.5718702
37.0,0.42857142857142855,0.5714285714285714,0.65614355
37.0,0.5,0.5714285714285714,0.68851036
37.0,0.5714285714285714,0.5714285714285714,0.65431976
37.0,0.6428571428571428,0.5714285714285714,0.571024
37.0,0.7142857142857142,0.5714285714285714,0.46413657
37.0,0.7857142857142857,0.5714285714285714,0.34844378
37.0,0.8571428571428571,0.5714285714285714,0.23095924
37.0,0.9285714285714285,0.5714285714285714,0.11551251
37.0,1.0,0.5714285714285714,0.0049165096
37.0,0.0,0.6428571428571428,-0.010022039
37.0,0.07142857142857142,0.6428571428571428,0.093135
37.0,0.14285714285714285,0.6428571428571428,0.1969697
37.0,0.21428571428571427,0.6428571428571428,0.3006721
37.0,0.2857142857142857,0.6428571428571428,0.4031878
37.0,0.3571428571428571,0.6428571428571428,0.49941447
37.0,0.42857142857142855,0.6428571428571428,0.5739553
37.0,0.5,0.6428571428571428,0.6017702
37.0,0.5714285714285714,0.6428571428571428,0.57136035
37.0,0.6428571428571428,0.6428571428571428,0.49879345
37.0,0.7142857142857142,0.6428571428571428,0.4056276
37.0,0.7857142857142857,0.6428571428571428,0.30386078
37.0,0.8571428571428571,0.6428571428571428,0.19947132
37.0,0.9285714285714285,0.6428571428571428,0.09644241
37.0,1.0,0.6428571428571428,-0.0022271816
37.0,0.0,0.7142857142857142,-0.0074296016
37.0,0.07142857142857142,0.7142857142857142,0.07506485
37.0,0.14285714285714285,0.7142857142857142,0.15727046
37.0,0.21428571428571427,0.7142857142857142,0.24013096
37.0,0.2857142857142857,0.7142857142857142,0.323641
37.0,0.3571428571428571,0.7142857142857142,0.40296966
37.0,0.42857142857142855,0.7142857142857142,0.46413627
37.0,0.5,0.7142857142857142,0.48679075
37.0,0.5714285714285714,0.7142857142857142,0.46239275
37.0,0.6428571428571428,0.7142857142857142,0.4035525
37.0,0.7142857142857142,0.7142857142857142,0.32753858
37.0,0.7857142857142857,0.7142857142857142,0.24455109
37.0,0.8571428571428571,0.7142857142857142,0.15950343
37.0,0.9285714285714285,0.7142857142857142,0.07510498
37.0,1.0,0.7142857142857142,-0.0068852883
37.0,0.0,0.7857142857142857,-0.003840955
37.0,0.07142857142857142,0.7857142857142857,0.05729863
37.0,0.14285714285714285,0.7857142857142857,0.11690784
37.0,0.21428571428571427,0.7857142857142857,0.1773914
37.0,0.2857142857142857,0.7857142857142857,0.2398307
37.0,0.3571428571428571,0.7857142857142857,0.30016136
37.0,0.42857142857142855,0.7857142857142857,0.34659025
37.0,0.5,0.7857142857142857,0.36370596
37.0,0.5714285714285714,0.7857142857142857,0.3453805
37.0,0.6428571428571428,0.7857142857142857,0.30055225
37.0,0.7142857142857142,0.7857142857142857,0.242623
37.0,0.7857142857142857,0.7857142857142857,0.18030992
37.0,0.8571428571428571,0.7857142857142857,0.11722287
37.0,0.9285714285714285,0.7857142857142857,0.054098897
37.0,1.0,0.7857142857142857,-0.009190364
37.0,0.0,0.8571428571428571,-0.00045259856
37.0,0.07142857142857142,0.8571428571428571,0.03995061
37.0,0.14285714285714285,0.8571428571428571,0.077612765
37.0,0.21428571428571427,0.8571428571428571,0.11600392
37.0,0.2857142857142857,0.8571428571428571,0.1570245
37.0,0.3571428571428571,0.8571428571428571,0.19765516
37.0,0.42857142857142855,0.8571428571428571,0.22895065
37.0,0.5,0.8571428571428571,0.24031296
37.0,0.5714285714285714,0.8571428571428571,0.22771485
37.0,0.6428571428571428,0.8571428571428571,0.19694217
37.0,0.7142857142857142,0.8571428571428571,0.15748534
37.0,0.7857142857142857,0.8571428571428571,0.11587397
37.0,0.8571428571428571,0.8571428571428571,0.074162416
37.0,0.9285714285714285,0.8571428571428571,0.03149151
37.0,1.0,0.8571428571428571,-0.013671691
37.0,0.0,0.9285714285714285,-0.001081204
37.0,0.07142857142857142,0.9285714285714285,0.019357001
37.0,0.14285714285714285,0.9285714285714285,0.036130287
37.0,0.21428571428571427,0.9285714285714285,0.053275287
37.0,0.2857142857142857,0.9285714285714285,0.0731787
37.0,0.3571428571428571,0.9285714285714285,0.09426878
37.0,0.42857142857142855,0.9285714285714285,0.1110938
37.0,0.5,0.9285714285714285,0.11754296
37.0,0.5714285714285714,0.9285714285714285,0.11121708
37.0,0.6428571428571428,0.9285714285714285,0.09500223
37.0,0.7142857142857142,0.9285714285714285,0.07418179
37.0,0.7857142857142857,0.9285714285714285,0.052440308
37.0,0.8571428571428571,0.9285714285714285,0.030282548
37.0,0.9285714285714285,0.9285714285714285,0.005918486
37.0,1.0,0.9285714285714285,-0.022859627
37.0,0.0,1.0,-0.010909846
37.0,0.07142857142857142,1.0,-0.009512896
37.0,0.14285714285714285,1.0,-0.012113323
37.0,0.21428571428571427,1.0,-0.014520111
37.0,0.2857142857142857,1.0,-0.013951508
37.0,0.3571428571428571,1.0,-0.010210594
37.0,0.42857142857142855,1.0,-0.0053057615
37.0,0.5,1.0,-0.0018294137
37.0,0.5714285714285714,1.0,-0.0012711529
37.0,0.6428571428571428,1.0,-0.0033201445
37.0,0.7142857142857142,1.0,-0.0065753404
37.0,0.7857142857142857,1.0,-0.010188112
37.0,0.8571428571428571,1.0,-0.015002718
37.0,0.9285714285714285,1.0,-0.023283476
37.0,1.0,1.0,-0.037458397
38.0,0.0,0.0,-0.01923275
38.0,0.07142857142857142,0.0,-0.012425624
38.0,0.14285714285714285,0.0,-0.011475617
38.0,0.21428571428571427,0.0,-0.013948474
38.0,0.2857142857142857,0.0,-0.015447196
38.0,0.3571428571428571,0.0,-0.012538934
38.0,0.42857142857142855,0.0,-0.0072085187
38.0,0.5,0.0,-0.005200905
38.0,0.5714285714285714,0.0,-0.008761865
38.0,0.6428571428571428,0.0,-0.013979273
38.0,0.7142857142857142,0.0,-0.015327106
38.0,0.7857142857142857,0.0,-0.011680864
38.0,0.8571428571428571,0.0,-0.007622974
38.0,0.9285714285714285,0.0,-0.009268517
38.0,1.0,0.0,-0.020206036
38.0,0.0,0.07142857142857142,-0.01351749
38.0,0.07142857142857142,0.07142857142857142,0.011966648
38.0,0.14285714285714285,0.07142857142857142,0.033416003
38.0,0.21428571428571427,0.07142857142857142,0.05230037
38.0,0.2857142857142857,0.07142857142857142,0.071496345
38.0,0.3571428571428571,0.07142857142857142,0.092454955
38.0,0.42857142857142855,0.07142857142857142,0.1103215
38.0,0.5,0.07142857142857142,0.116237424
38.0,0.5714285714285714,0.07142857142857142,0.10710853
38.0,0.6428571428571428,0.07142857142857142,0.08905107
38.0,0.7142857142857142,0.07142857142857142,0.07077518
38.0,0.7857142857142857,0.07142857142857142,0.055268638
38.0,0.8571428571428571,0.07142857142857142,0.038787507
38.0,0.9285714285714285,0.07142857142857142,0.016609425
38.0,1.0,0.07142857142857142,-0.013314275
38.0,0.0,0.14285714285714285,-0.012802113
38.0,0.07142857142857142,0.14285714285714285,0.03215953
38.0,0.14285714285714285,0.14285714285714285,0.07515081
38.0,0.21428571428571427,0.14285714285714285,0.11672542
38.0,0.2857142857142857,0.14285714285714285,0.15813538
38.0,0.3571428571428571,0.14285714285714285,0.19863899
38.0,0.42857142857142855,0.14285714285714285,0.2303797
38.0,0.5,0.14285714285714285,0.24113622
38.0,0.5714285714285714,0.14285714285714285,0.22648986
38.0,0.6428571428571428,0.14285714285714285,0.19445573
38.0,0.7142857142857142,0.14285714285714285,0.15701449
38.0,0.7857142857142857,0.14285714285714285,0.119467475
38.0,0.8571428571428571,0.14285714285714285,0.07992824
38.0,0.9285714285714285,0.14285714285714285,0.03594234
38.0,1.0,0.14285714285714285,-0.013160007
38.0,0.0,0.21428571428571427,-0.014128787
38.0,0.07142857142857142,0.21428571428571427,0.05073417
38.0,0.14285714285714285,0.21428571428571427,0.11537158
38.0,0.21428571428571427,0.21428571428571427,0.17952234
38.0,0.2857142857142857,0.21428571428571427,0.24299458
38.0,0.3571428571428571,0.21428571428571427,0.30306414
38.0,0.42857142857142855,0.21428571428571427,0.34917173
38.0,0.5,0.21428571428571427,0.3657183
38.0,0.5714285714285714,0.21428571428571427,0.34628293
38.0,0.6428571428571428,0.21428571428571427,0.30011335
38.0,0.7142857142857142,0.21428571428571427,0.24236855
38.0,0.7857142857142857,0.21428571428571427,0.1812983
38.0,0.8571428571428571,0.21428571428571427,0.11798022
38.0,0.9285714285714285,0.21428571428571427,0.05250164
38.0,1.0,0.21428571428571427,-0.015041472
38.0,0.0,0.2857142857142857,-0.014878003
38.0,0.07142857142857142,0.2857142857142857,0.07002161
38.0,0.14285714285714285,0.2857142857142857,0.1556738
38.0,0.21428571428571427,0.2857142857142857,0.2411117
38.0,0.2857142857142857,0.2857142857142857,0.32510844
38.0,0.3571428571428571,0.2857142857142857,0.40351787
38.0,0.42857142857142855,0.2857142857142857,0.46365744
38.0,0.5,0.2857142857142857,0.48661193
38.0,0.5714285714285714,0.2857142857142857,0.46324787
38.0,0.6428571428571428,0.2857142857142857,0.40343958
38.0,0.7142857142857142,0.2857142857142857,0.32551762
38.0,0.7857142857142857,0.2857142857142857,0.2413814
38.0,0.8571428571428571,0.2857142857142857,0.155691
38.0,0.9285714285714285,0.2857142857142857,0.070494644
38.0,1.0,0.2857142857142857,-0.014031025
38.0,0.0,0.3571428571428571,-0.014218343
38.0,0.07142857142857142,0.3571428571428571,0.090100914
38.0,0.14285714285714285,0.3571428571428571,0.1953587
38.0,0.21428571428571427,0.3571428571428571,0.29984185
38.0,0.2857142857142857,0.3571428571428571,0.40172815
38.0,0.3571428571428571,0.3571428571428571,0.49616727
38.0,0.42857142857142855,0.3571428571428571,0.5689925
38.0,0.5,0.3571428571428571,0.59795296
38.0,0.5714285714285714,0.3571428571428571,0.5708565
38.0,0.6428571428571428,0.3571428571428571,0.49838153
38.0,0.7142857142857142,0.3571428571428571,0.40224615
38.0,0.7857142857142857,0.3571428571428571,0.29809085
38.0,0.8571428571428571,0.3571428571428571,0.19359516
38.0,0.9285714285714285,0.3571428571428571,0.09167914
38.0,1.0,0.3571428571428571,-0.0075713266
38.0,0.0,0.42857142857142855,-0.013514185
38.0,0.07142857142857142,0.42857142857142855,0.106595784
38.0,0.14285714285714285,0.42857142857142855,0.22768551
38.0,0.21428571428571427,0.42857142857142855,0.34706622
38.0,0.2857142857142857,0.42857142857142855,0.46252397
38.0,0.3571428571428571,0.42857142857142855,0.5690771
38.0,0.42857142857142855,0.42857142857142855,0.65159667
38.0,0.5,0.42857142857142855,0.6845493
38.0,0.5714285714285714,0.42857142857142855,0.65327847
38.0,0.6428571428571428,0.42857142857142855,0.5705522
38.0,0.7142857142857142,0.42857142857142855,0.46135452
38.0,0.7857142857142857,0.42857142857142855,0.3435588
38.0,0.8571428571428571,0.42857142857142855,0.22607715
38.0,0.9285714285714285,0.42857142857142855,0.112021364
38.0,1.0,0.42857142857142855,0.0019618552
38.0,0.0,0.5,-0.012917848
38.0,0.07142857142857142,0.5,0.113119945
38.0,0.14285714285714285,0.5,0.24045214
38.0,0.21428571428571427,0.5,0.36578467
38.0,0.2857142857142857,0.5,0.4867027
38.0,0.3571428571428571,0.5,0.59828573
38.0,0.42857142857142855,0.5,0.68492407
38.0,0.5,0.5,0.7188513
38.0,0.5714285714285714,0.5,0.68466
38.0,0.6428571428571428,0.5,0.59794366
38.0,0.7142857142857142,0.5,0.48508233
38.0,0.7857142857142857,0.5,0.36334705
38.0,0.8571428571428571,0.5,0.24117613
38.0,0.9285714285714285,0.5,0.12210629
38.0,1.0,0.5,0.007921314
38.0,0.0,0.5714285714285714,-0.011324042
38.0,0.07142857142857142,0.5714285714285714,0.10759218
38.0,0.14285714285714285,0.5714285714285714,0.22789514
38.0,0.21428571428571427,0.5714285714285714,0.34703374
38.0,0.2857142857142857,0.5714285714285714,0.46290424
38.0,0.3571428571428571,0.5714285714285714,0.5703651
38.0,0.42857142857142855,0.5714285714285714,0.6536695
38.0,0.5,0.5714285714285714,0.6854505
38.0,0.5714285714285714,0.5714285714285714,0.65182537
38.0,0.6428571428571428,0.5714285714285714,0.5696067
38.0,0.7142857142857142,0.5714285714285714,0.46339795
38.0,0.7857142857142857,0.5714285714285714,0.3478595
38.0,0.8571428571428571,0.5714285714285714,0.2303955
38.0,0.9285714285714285,0.5714285714285714,0.115298726
38.0,1.0,0.5714285714285714,0.005527938
38.0,0.0,0.6428571428571428,-0.009270119
38.0,0.07142857142857142,0.6428571428571428,0.09320608
38.0,0.14285714285714285,0.6428571428571428,0.19666162
38.0,0.21428571428571427,0.6428571428571428,0.30025014
38.0,0.2857142857142857,0.6428571428571428,0.4026623
38.0,0.3571428571428571,0.6428571428571428,0.49847588
38.0,0.42857142857142855,0.6428571428571428,0.572295
38.0,0.5,0.6428571428571428,0.5997519
38.0,0.5714285714285714,0.6428571428571428,0.56986475
38.0,0.6428571428571428,0.6428571428571428,0.4981003
38.0,0.7142857142857142,0.6428571428571428,0.4053387
38.0,0.7857142857142857,0.6428571428571428,0.30356893
38.0,0.8571428571428571,0.6428571428571428,0.19912776
38.0,0.9285714285714285,0.6428571428571428,0.096358396
38.0,1.0,0.6428571428571428,-0.001625916
38.0,0.0,0.7142857142857142,-0.006658027
38.0,0.07142857142857142,0.7142857142857142,0.075269386
38.0,0.14285714285714285,0.7142857142857142,0.1571826
38.0,0.21428571428571427,0.7142857142857142,0.23996502
38.0,0.2857142857142857,0.7142857142857142,0.32338285
38.0,0.3571428571428571,0.7142857142857142,0.40237018
38.0,0.42857142857142855,0.7142857142857142,0.46300542
38.0,0.5,0.7142857142857142,0.4854466
38.0,0.5714285714285714,0.7142857142857142,0.46145034
38.0,0.6428571428571428,0.7142857142857142,0.40316275
38.0,0.7142857142857142,0.7142857142857142,0.32738838
38.0,0.7857142857142857,0.7142857142857142,0.24435568
38.0,0.8571428571428571,0.7142857142857142,0.1592613
38.0,0.9285714285714285,0.7142857142857142,0.07507656
38.0,1.0,0.7142857142857142,-0.0063591134
38.0,0.0,0.7857142857142857,-0.0030266885
38.0,0.07142857142857142,0.7857142857142857,0.05761517
38.0,0.14285714285714285,0.7857142857142857,0.116967715
38.0,0.21428571428571427,0.7857142857142857,0.1773664
38.0,0.2857142857142857,0.7857142857142857,0.23969361
38.0,0.3571428571428571,0.7857142857142857,0.29971063
38.0,0.42857142857142855,0.7857142857142857,0.3457116
38.0,0.5,0.7857142857142857,0.36265454
38.0,0.5714285714285714,0.7857142857142857,0.34459516
38.0,0.6428571428571428,0.7857142857142857,0.30016366
38.0,0.7142857142857142,0.7857142857142857,0.24243939
38.0,0.7857142857142857,0.7857142857142857,0.1801373
38.0,0.8571428571428571,0.7857142857142857,0.11706395
38.0,0.9285714285714285,0.7857142857142857,0.054146998
38.0,1.0,0.7857142857142857,-0.008679276
38.0,0.0,0.8571428571428571,0.00033291988
38.0,0.07142857142857142,0.8571428571428571,0.040300697
38.0,0.14285714285714285,0.8571428571428571,0.077756576
38.0,0.21428571428571427,0.8571428571428571,0.11609539
38.0,0.2857142857142857,0.8571428571428571,0.15703817
38.0,0.3571428571428571,0.8571428571428571,0.19742972
38.0,0.42857142857142855,0.8571428571428571,0.22840118
38.0,0.5,0.8571428571428571,0.2396102
38.0,0.5714285714285714,0.8571428571428571,0.22715712
38.0,0.6428571428571428,0.8571428571428571,0.19665326
38.0,0.7142857142857142,0.8571428571428571,0.15736797
38.0,0.7857142857142857,0.8571428571428571,0.11580288
38.0,0.8571428571428571,0.8571428571428571,0.07413895
38.0,0.9285714285714285,0.8571428571428571,0.031660274
38.0,1.0,0.8571428571428571,-0.013111835
38.0,0.0,0.9285714285714285,-0.00042716973
38.0,0.07142857142857142,0.9285714285714285,0.01967523
38.0,0.14285714285714285,0.9285714285714285,0.03634987
38.0,0.21428571428571427,0.9285714285714285,0.05354736
38.0,0.2857142857142857,0.9285714285714285,0.07349035
38.0,0.3571428571428571,0.9285714285714285,0.094491966
38.0,0.42857142857142855,0.9285714285714285,0.11113916
38.0,0.5,0.9285714285714285,0.117472894
38.0,0.5714285714285714,0.9285714285714285,0.111184604
38.0,0.6428571428571428,0.9285714285714285,0.09508764
38.0,0.7142857142857142,0.9285714285714285,0.07434109
38.0,0.7857142857142857,0.9285714285714285,0.0526023
38.0,0.8571428571428571,0.9285714285714285,0.030458936
38.0,0.9285714285714285,0.9285714285714285,0.0062306244
38.0,1.0,0.9285714285714285,-0.022240356
38.0,0.0,1.0,-0.010414509
38.0,0.07142857142857142,1.0,-0.00919044
38.0,0.14285714285714285,1.0,-0.011722392
38.0,0.21428571428571427,1.0,-0.013921214
38.0,0.2857142857142857,1.0,-0.013151329
38.0,0.3571428571428571,1.0,-0.009321073
38.0,0.42857142857142855,1.0,-0.004444206
38.0,0.5,1.0,-0.0010428373
38.0,0.5714285714285714,1.0,-0.00054352917
38.0,0.6428571428571428,1.0,-0.0026378576
38.0,0.7142857142857142,1.0,-0.0059639122
38.0,0.7857142857142857,1.0,-0.009677248
38.0,0.8571428571428571,1.0,-0.014561383
38.0,0.9285714285714285,1.0,-0.022798495
38.0,1.0,1.0,-0.036770992
39.0,0.0,0.0,-0.018936388
39.0,0.07142857142857142,0.0,-0.012278227
39.0,0.14285714285714285,0.0,-0.011367593
39.0,0.21428571428571427,0.0,-0.013716551
39.0,0.2857142857142857,0.0,-0.014979713
39.0,0.3571428571428571,0.0,-0.011910258
39.0,0.42857142857142855,0.0,-0.0065773074
39.0,0.5,0.0,-0.004579628
39.0,0.5714285714285714,0.0,-0.00807863
39.0,0.6428571428571428,0.0,-0.013279326
39.0,0.7142857142857142,0.0,-0.014743344
39.0,0.7857142857142857,0.0,-0.011212843
39.0,0.8571428571428571,0.0,-0.007075278
39.0,0.9285714285714285,0.0,-0.008427748
39.0,1.0,0.0,-0.018987207
39.0,0.0,0.07142857142857142,-0.013260765
39.0,0.07142857142857142,0.07142857142857142,0.012023972
39.0,0.14285714285714285,0.07142857142857142,0.033370197
39.0,0.21428571428571427,0.07142857142857142,0.052284934
39.0,0.2857142857142857,0.07142857142857142,0.071579464
39.0,0.3571428571428571,0.07142857142857142,0.09251172
39.0,0.42857142857142855,0.07142857142857142,0.110190295
39.0,0.5,0.07142857142857142,0.116023056
39.0,0.5714285714285714,0.07142857142857142,0.1070445
39.0,0.6428571428571428,0.07142857142857142,0.089155495
39.0,0.7142857142857142,0.07142857142857142,0.07088024
39.0,0.7857142857142857,0.07142857142857142,0.055335075
39.0,0.8571428571428571,0.07142857142857142,0.038983308
39.0,0.9285714285714285,0.07142857142857142,0.017108707
39.0,1.0,0.07142857142857142,-0.012446066
39.0,0.0,0.14285714285714285,-0.012508564
39.0,0.07142857142857142,0.14285714285714285,0.032200567
39.0,0.14285714285714285,0.14285714285714285,0.07504064
39.0,0.21428571428571427,0.14285714285714285,0.11658453
39.0,0.2857142857142857,0.14285714285714285,0.15799858
39.0,0.3571428571428571,0.14285714285714285,0.1983356
39.0,0.42857142857142855,0.14285714285714285,0.229736
39.0,0.5,0.14285714285714285,0.24035326
39.0,0.5714285714285714,0.14285714285714285,0.22594431
39.0,0.6428571428571428,0.14285714285714285,0.19422273
39.0,0.7142857142857142,0.14285714285714285,0.1568856
39.0,0.7857142857142857,0.14285714285714285,0.11935241
39.0,0.8571428571428571,0.14285714285714285,0.0799463
39.0,0.9285714285714285,0.14285714285714285,0.036225468
39.0,1.0,0.14285714285714285,-0.012529569
39.0,0.0,0.21428571428571427,-0.013734175
39.0,0.07142857142857142,0.21428571428571427,0.050808355
39.0,0.14285714285714285,0.21428571428571427,0.115261994
39.0,0.21428571428571427,0.21428571428571427,0.17936638
39.0,0.2857142857142857,0.21428571428571427,0.24281228
39.0,0.3571428571428571,0.21428571428571427,0.3026406
39.0,0.42857142857142855,0.21428571428571427,0.34829837
39.0,0.5,0.21428571428571427,0.36464614
39.0,0.5714285714285714,0.21428571428571427,0.34550875
39.0,0.6428571428571428,0.21428571428571427,0.2997722
39.0,0.7142857142857142,0.21428571428571427,0.24221724
39.0,0.7857142857142857,0.21428571428571427,0.18118264
39.0,0.8571428571428571,0.21428571428571427,0.11795262
39.0,0.9285714285714285,0.21428571428571427,0.0526774
39.0,1.0,0.21428571428571427,-0.014516221
39.0,0.0,0.2857142857142857,-0.014349362
39.0,0.07142857142857142,0.2857142857142857,0.070126034
39.0,0.14285714285714285,0.2857142857142857,0.1555578
39.0,0.21428571428571427,0.2857142857142857,0.24096051
39.0,0.2857142857142857,0.2857142857142857,0.32493892
39.0,0.3571428571428571,0.2857142857142857,0.40306565
39.0,0.42857142857142855,0.2857142857142857,0.46264976
39.0,0.5,0.2857142857142857,0.48531094
39.0,0.5714285714285714,0.2857142857142857,0.46226916
39.0,0.6428571428571428,0.2857142857142857,0.4030163
39.0,0.7142857142857142,0.2857142857142857,0.3253907
39.0,0.7857142857142857,0.2857142857142857,0.24131021
39.0,0.8571428571428571,0.2857142857142857,0.15564844
39.0,0.9285714285714285,0.2857142857142857,0.07061612
39.0,1.0,0.2857142857142857,-0.013499627
39.0,0.0,0.3571428571428571,-0.013545783
39.0,0.07142857142857142,0.3571428571428571,0.09018789
39.0,0.14285714285714285,0.3571428571428571,0.19513693
39.0,0.21428571428571427,0.3571428571428571,0.29955816
39.0,0.2857142857142857,0.3571428571428571,0.40140262
39.0,0.3571428571428571,0.3571428571428571,0.4954804
39.0,0.42857142857142855,0.3571428571428571,0.5675915
39.0,0.5,0.3571428571428571,0.59610367
39.0,0.5714285714285714,0.3571428571428571,0.5693406
39.0,0.6428571428571428,0.3571428571428571,0.4975954
39.0,0.7142857142857142,0.3571428571428571,0.40194154
39.0,0.7857142857142857,0.3571428571428571,0.29791585
39.0,0.8571428571428571,0.3571428571428571,0.19343157
39.0,0.9285714285714285,0.3571428571428571,0.091706775
39.0,1.0,0.3571428571428571,-0.0070016105
39.0,0.0,0.42857142857142855,-0.012687916
39.0,0.07142857142857142,0.42857142857142855,0.10663814
39.0,0.14285714285714285,0.42857142857142855,0.22725074
39.0,0.21428571428571427,0.42857142857142855,0.34644088
39.0,0.2857142857142857,0.42857142857142855,0.46173468
39.0,0.3571428571428571,0.42857142857142855,0.56776965
39.0,0.42857142857142855,0.42857142857142855,0.64935726
39.0,0.5,0.42857142857142855,0.68168664
39.0,0.5714285714285714,0.42857142857142855,0.6508052
39.0,0.6428571428571428,0.42857142857142855,0.56905717
39.0,0.7142857142857142,0.42857142857142855,0.46059316
39.0,0.7857142857142857,0.42857142857142855,0.3430585
39.0,0.8571428571428571,0.42857142857142855,0.22563645
39.0,0.9285714285714285,0.42857142857142855,0.111867346
39.0,1.0,0.42857142857142855,0.0025222208
39.0,0.0,0.5,-0.01203567
39.0,0.07142857142857142,0.5,0.11311983
39.0,0.14285714285714285,0.5,0.23986161
39.0,0.21428571428571427,0.5,0.36489427
39.0,0.2857142857142857,0.5,0.48554358
39.0,0.3571428571428571,0.5,0.59649926
39.0,0.42857142857142855,0.5,0.6820769
39.0,0.5,0.5,0.71531296
39.0,0.5714285714285714,0.5,0.68161416
39.0,0.6428571428571428,0.5,0.59604484
39.0,0.7142857142857142,0.5,0.48403507
39.0,0.7857142857142857,0.5,0.36260608
39.0,0.8571428571428571,0.5,0.24052191
39.0,0.9285714285714285,0.5,0.12180842
39.0,1.0,0.5,0.008448435
39.0,0.0,0.5714285714285714,-0.010543378
39.0,0.07142857142857142,0.5714285714285714,0.107569434
39.0,0.14285714285714285,0.5714285714285714,0.22736761
39.0,0.21428571428571427,0.5714285714285714,0.3462817
39.0,0.2857142857142857,0.5714285714285714,0.46194747
39.0,0.3571428571428571,0.5714285714285714,0.5688562
39.0,0.42857142857142855,0.5714285714285714,0.6512125
39.0,0.5,0.5714285714285714,0.6824272
39.0,0.5714285714285714,0.5714285714285714,0.649342
39.0,0.6428571428571428,0.5714285714285714,0.56817025
39.0,0.7142857142857142,0.5714285714285714,0.4626467
39.0,0.7857142857142857,0.5714285714285714,0.347285
39.0,0.8571428571428571,0.5714285714285714,0.2298402
39.0,0.9285714285714285,0.5714285714285714,0.11505819
39.0,1.0,0.5714285714285714,0.006070612
39.0,0.0,0.6428571428571428,-0.008568125
39.0,0.07142857142857142,0.6428571428571428,0.0932529
39.0,0.14285714285714285,0.6428571428571428,0.19635463
39.0,0.21428571428571427,0.6428571428571428,0.29983762
39.0,0.2857142857142857,0.6428571428571428,0.40213796
39.0,0.3571428571428571,0.6428571428571428,0.49753192
39.0,0.42857142857142855,0.6428571428571428,0.5706402
39.0,0.5,0.6428571428571428,0.59774685
39.0,0.5714285714285714,0.6428571428571428,0.5683586
39.0,0.6428571428571428,0.6428571428571428,0.49737588
39.0,0.7142857142857142,0.6428571428571428,0.40502682
39.0,0.7857142857142857,0.6428571428571428,0.30327538
39.0,0.8571428571428571,0.6428571428571428,0.19878396
39.0,0.9285714285714285,0.6428571428571428,0.09624908
39.0,1.0,0.6428571428571428,-0.0010852907
39.0,0.0,0.7142857142857142,-0.005938301
39.0,0.07142857142857142,0.7142857142857142,0.07544887
39.0,0.14285714285714285,0.7142857142857142,0.15709509
39.0,0.21428571428571427,0.7142857142857142,0.23981118
39.0,0.2857142857142857,0.7142857142857142,0.32313514
39.0,0.3571428571428571,0.7142857142857142,0.40177852
39.0,0.42857142857142855,0.7142857142857142,0.46189198
39.0,0.5,0.7142857142857142,0.48412374
39.0,0.5714285714285714,0.7142857142857142,0.46051073
39.0,0.6428571428571428,0.7142857142857142,0.40275952
39.0,0.7142857142857142,0.7142857142857142,0.32722795
39.0,0.7857142857142857,0.7142857142857142,0.24416095
39.0,0.8571428571428571,0.7142857142857142,0.15901782
39.0,0.9285714285714285,0.7142857142857142,0.07502495
39.0,1.0,0.7142857142857142,-0.0058844667
39.0,0.0,0.7857142857142857,-0.0022683162
39.0,0.07142857142857142,0.7857142857142857,0.057902955
39.0,0.14285714285714285,0.7857142857142857,0.1170244
39.0,0.21428571428571427,0.7857142857142857,0.17735243
39.0,0.2857142857142857,0.7857142857142857,0.23956841
39.0,0.3571428571428571,0.7857142857142857,0.29927242
39.0,0.42857142857142855,0.7857142857142857,0.34485367
39.0,0.5,0.7857142857142857,0.36162794
39.0,0.5714285714285714,0.7857142857142857,0.3438228
39.0,0.6428571428571428,0.7857142857142857,0.29977545
39.0,0.7142857142857142,0.7857142857142857,0.24225363
39.0,0.7857142857142857,0.7857142857142857,0.17996524
39.0,0.8571428571428571,0.7857142857142857,0.11689956
39.0,0.9285714285714285,0.7857142857142857,0.054171093
39.0,1.0,0.7857142857142857,-0.0082158465
39.0,0.0,0.8571428571428571,0.0010552537
39.0,0.07142857142857142,0.8571428571428571,0.04061438
39.0,0.14285714285714285,0.8571428571428571,0.077888854
39.0,0.21428571428571427,0.8571428571428571,0.11618782
39.0,0.2857142857142857,0.8571428571428571,0.15705292
39.0,0.3571428571428571,0.8571428571428571,0.19720332
39.0,0.42857142857142855,0.8571428571428571,0.22785494
39.0,0.5,0.8571428571428571,0.23891455
39.0,0.5714285714285714,0.8571428571428571,0.22660188
39.0,0.6428571428571428,0.8571428571428571,0.19635974
39.0,0.7142857142857142,0.8571428571428571,0.15724444
39.0,0.7857142857142857,0.8571428571428571,0.11572673
39.0,0.8571428571428571,0.8571428571428571,0.07410495
39.0,0.9285714285714285,0.8571428571428571,0.03180369
39.0,1.0,0.8571428571428571,-0.012594955
39.0,0.0,0.9285714285714285,0.00015785359
39.0,0.07142857142857142,0.9285714285714285,0.019951146
39.0,0.14285714285714285,0.9285714285714285,0.036549293
39.0,0.21428571428571427,0.9285714285714285,0.053806737
39.0,0.2857142857142857,0.9285714285714285,0.07378534
39.0,0.3571428571428571,0.9285714285714285,0.09469164
39.0,0.42857142857142855,0.9285714285714285,0.11115978
39.0,0.5,0.9285714285714285,0.117380746
39.0,0.5714285714285714,0.9285714285714285,0.11113084
39.0,0.6428571428571428,0.9285714285714285,0.09515116
39.0,0.7142857142857142,0.9285714285714285,0.07448119
39.0,0.7857142857142857,0.9285714285714285,0.052748226
39.0,0.8571428571428571,0.9285714285714285,0.030618055
39.0,0.9285714285714285,0.9285714285714285,0.006516209
39.0,1.0,0.9285714285714285,-0.021659719
39.0,0.0,1.0,-0.009988604
39.0,0.07142857142857142,1.0,-0.008912505
39.0,0.14285714285714285,1.0,-0.011360235
39.0,0.21428571428571427,1.0,-0.013348233
39.0,0.2857142857142857,1.0,-0.012385646
39.0,0.3571428571428571,1.0,-0.008477023
39.0,0.42857142857142855,1.0,-0.003634503
39.0,0.5,1.0,-0.00030721165
39.0,0.5714285714285714,1.0,0.00013711117
39.0,0.6428571428571428,1.0,-0.0019976888
39.0,0.7142857142857142,1.0,-0.0053877737
39.0,0.7857142857142857,1.0,-0.009193892
39.0,0.8571428571428571,1.0,-0.014145268
39.0,0.9285714285714285,1.0,-0.02234199
39.0,1.0,1.0,-0.036118302
40.0,0.0,0.0,-0.018686354
40.0,0.07142857142857142,0.0,-0.012166886
40.0,0.14285714285714285,0.0,-0.011280123
40.0,0.21428571428571427,0.0,-0.013490016
40.0,0.2857142857142857,0.0,-0.014513377
40.0,0.3571428571428571,0.0,-0.011288082
40.0,0.42857142857142855,0.0,-0.005956065
40.0,0.5,0.0,-0.0039727483
40.0,0.5714285714285714,0.0,-0.007413287
40.0,0.6428571428571428,0.0,-0.012598859
40.0,0.7142857142857142,0.0,-0.014178799
40.0,0.7857142857142857,0.0,-0.010772875
40.0,0.8571428571428571,0.0,-0.0065750126
40.0,0.9285714285714285,0.0,-0.007654069
40.0,1.0,0.0,-0.017844005
40.0,0.0,0.07142857142857142,-0.013041774
40.0,0.07142857142857142,0.07142857142857142,0.012054404
40.0,0.14285714285714285,0.07142857142857142,0.033312246
40.0,0.21428571428571427,0.07142857142857142,0.052268982
40.0,0.2857142857142857,0.07142857142857142,0.07166331
40.0,0.3571428571428571,0.07142857142857142,0.09256514
40.0,0.42857142857142855,0.07142857142857142,0.11005913
40.0,0.5,0.07142857142857142,0.11581064
40.0,0.5714285714285714,0.07142857142857142,0.1069763
40.0,0.6428571428571428,0.07142857142857142,0.08925072
40.0,0.7142857142857142,0.07142857142857142,0.0709762
40.0,0.7857142857142857,0.07142857142857142,0.055383556
40.0,0.8571428571428571,0.07142857142857142,0.0391403
40.0,0.9285714285714285,0.07142857142857142,0.017550012
40.0,1.0,0.07142857142857142,-0.011645677
40.0,0.0,0.14285714285714285,-0.012243936
40.0,0.07142857142857142,0.14285714285714285,0.032224797
40.0,0.14285714285714285,0.14285714285714285,0.0749285
40.0,0.21428571428571427,0.14285714285714285,0.1164496
40.0,0.2857142857142857,0.14285714285714285,0.15786472
40.0,0.3571428571428571,0.14285714285714285,0.19803065
40.0,0.42857142857142855,0.14285714285714285,0.22909953
40.0,0.5,0.14285714285714285,0.2395831
40.0,0.5714285714285714,0.14285714285714285,0.22540306
40.0,0.6428571428571428,0.14285714285714285,0.19398616
40.0,0.7142857142857142,0.14285714285714285,0.15675339
40.0,0.7857142857142857,0.14285714285714285,0.119227655
40.0,0.8571428571428571,0.14285714285714285,0.07993693
40.0,0.9285714285714285,0.14285714285714285,0.03646321
40.0,1.0,0.14285714285714285,-0.011957223
40.0,0.0,0.21428571428571427,-0.013363009
40.0,0.07142857142857142,0.21428571428571427,0.050874338
40.0,0.14285714285714285,0.21428571428571427,0.115158714
40.0,0.21428571428571427,0.21428571428571427,0.17922027
40.0,0.2857142857142857,0.21428571428571427,0.24262968
40.0,0.3571428571428571,0.21428571428571427,0.30220926
40.0,0.42857142857142855,0.21428571428571427,0.34742844
40.0,0.5,0.21428571428571427,0.36358604
40.0,0.5714285714285714,0.21428571428571427,0.344734
40.0,0.6428571428571428,0.21428571428571427,0.29942146
40.0,0.7142857142857142,0.21428571428571427,0.24206132
40.0,0.7857142857142857,0.21428571428571427,0.18106239
40.0,0.8571428571428571,0.21428571428571427,0.11790983
40.0,0.9285714285714285,0.21428571428571427,0.052821226
40.0,1.0,0.21428571428571427,-0.01404001
40.0,0.0,0.2857142857142857,-0.013844533
40.0,0.07142857142857142,0.2857142857142857,0.07022721
40.0,0.14285714285714285,0.2857142857142857,0.15545285
40.0,0.21428571428571427,0.2857142857142857,0.24081793
40.0,0.2857142857142857,0.2857142857142857,0.32476074
40.0,0.3571428571428571,0.2857142857142857,0.40259284
40.0,0.42857142857142855,0.2857142857142857,0.4616339
40.0,0.5,0.2857142857142857,0.48401114
40.0,0.5714285714285714,0.2857142857142857,0.4612768
40.0,0.6428571428571428,0.2857142857142857,0.4025686
40.0,0.7142857142857142,0.2857142857142857,0.32525185
40.0,0.7857142857142857,0.2857142857142857,0.24123886
40.0,0.8571428571428571,0.2857142857142857,0.15560278
40.0,0.9285714285714285,0.2857142857142857,0.070715
40.0,1.0,0.2857142857142857,-0.013014117
40.0,0.0,0.3571428571428571,-0.01289927
40.0,0.07142857142857142,0.3571428571428571,0.09027282
40.0,0.14285714285714285,0.3571428571428571,0.19492924
40.0,0.21428571428571427,0.3571428571428571,0.29928243
40.0,0.2857142857142857,0.3571428571428571,0.40106145
40.0,0.3571428571428571,0.3571428571428571,0.49476454
40.0,0.42857142857142855,0.3571428571428571,0.56617767
40.0,0.5,0.3571428571428571,0.5942555
40.0,0.5714285714285714,0.3571428571428571,0.5678086
40.0,0.6428571428571428,0.3571428571428571,0.49677882
40.0,0.7142857142857142,0.3571428571428571,0.40162262
40.0,0.7857142857142857,0.3571428571428571,0.29774857
40.0,0.8571428571428571,0.3571428571428571,0.1932757
40.0,0.9285714285714285,0.3571428571428571,0.09171564
40.0,1.0,0.3571428571428571,-0.0064832363
40.0,0.0,0.42857142857142855,-0.011894757
40.0,0.07142857142857142,0.42857142857142855,0.106675535
40.0,0.14285714285714285,0.42857142857142855,0.22683099
40.0,0.21428571428571427,0.42857142857142855,0.34582713
40.0,0.2857142857142857,0.42857142857142855,0.46093774
40.0,0.3571428571428571,0.42857142857142855,0.5664476
40.0,0.42857142857142855,0.42857142857142855,0.64712787
40.0,0.5,0.42857142857142855,0.678856
40.0,0.5714285714285714,0.42857142857142855,0.64834476
40.0,0.6428571428571428,0.42857142857142855,0.5675502
40.0,0.7142857142857142,0.42857142857142855,0.45983008
40.0,0.7857142857142857,0.42857142857142855,0.34257707
40.0,0.8571428571428571,0.42857142857142855,0.2252129
40.0,0.9285714285714285,0.42857142857142855,0.111694865
40.0,1.0,0.42857142857142855,0.0030228999
40.0,0.0,0.5,-0.01119514
40.0,0.07142857142857142,0.5,0.11310669
40.0,0.14285714285714285,0.5,0.2392827
40.0,0.21428571428571427,0.5,0.36402053
40.0,0.2857142857142857,0.5,0.48439083
40.0,0.3571428571428571,0.5,0.59471697
40.0,0.42857142857142855,0.5,0.6792641
40.0,0.5,0.5,0.7118358
40.0,0.5714285714285714,0.5,0.6786057
40.0,0.6428571428571428,0.5,0.5941499
40.0,0.7142857142857142,0.5,0.48299316
40.0,0.7857142857142857,0.5,0.3618881
40.0,0.8571428571428571,0.5,0.2398862
40.0,0.9285714285714285,0.5,0.121489786
40.0,1.0,0.5,0.008908426
40.0,0.0,0.5714285714285714,-0.009811411
40.0,0.07142857142857142,0.5714285714285714,0.107526325
40.0,0.14285714285714285,0.5714285714285714,0.2268453
40.0,0.21428571428571427,0.5714285714285714,0.34554246
40.0,0.2857142857142857,0.5714285714285714,0.46099308
40.0,0.3571428571428571,0.5714285714285714,0.5673451
40.0,0.42857142857142855,0.5714285714285714,0.64877456
40.0,0.5,0.5714285714285714,0.67944074
40.0,0.5714285714285714,0.5714285714285714,0.64687026
40.0,0.6428571428571428,0.5714285714285714,0.56671566
40.0,0.7142857142857142,0.5714285714285714,0.46188167
40.0,0.7857142857142857,0.5714285714285714,0.3467176
40.0,0.8571428571428571,0.5714285714285714,0.22929305
40.0,0.9285714285714285,0.5714285714285714,0.11479283
40.0,1.0,0.5714285714285714,0.0065452736
40.0,0.0,0.6428571428571428,-0.007918837
40.0,0.07142857142857142,0.6428571428571428,0.093276106
40.0,0.14285714285714285,0.6428571428571428,0.196049
40.0,0.21428571428571427,0.6428571428571428,0.29943517
40.0,0.2857142857142857,0.6428571428571428,0.40161505
40.0,0.3571428571428571,0.6428571428571428,0.49658325
40.0,0.42857142857142855,0.6428571428571428,0.56899214
40.0,0.5,0.6428571428571428,0.5957558
40.0,0.5714285714285714,0.6428571428571428,0.5668434
40.0,0.6428571428571428,0.6428571428571428,0.49662068
40.0,0.7142857142857142,0.6428571428571428,0.40469238
40.0,0.7857142857142857,0.6428571428571428,0.3029781
40.0,0.8571428571428571,0.6428571428571428,0.19844066
40.0,0.9285714285714285,0.6428571428571428,0.09611523
40.0,1.0,0.6428571428571428,-0.00060484745
40.0,0.0,0.7142857142857142,-0.00527356
40.0,0.07142857142857142,0.7142857142857142,0.075602025
40.0,0.14285714285714285,0.7142857142857142,0.1570074
40.0,0.21428571428571427,0.7142857142857142,0.23966923
40.0,0.2857142857142857,0.7142857142857142,0.32289743
40.0,0.3571428571428571,0.7142857142857142,0.4011957
40.0,0.42857142857142855,0.7142857142857142,0.46079645
40.0,0.5,0.7142857142857142,0.48282215
40.0,0.5714285714285714,0.7142857142857142,0.459575
40.0,0.6428571428571428,0.7142857142857142,0.40234223
40.0,0.7142857142857142,0.7142857142857142,0.3270565
40.0,0.7857142857142857,0.7142857142857142,0.24396572
40.0,0.8571428571428571,0.7142857142857142,0.15877256
40.0,0.9285714285714285,0.7142857142857142,0.07495124
40.0,1.0,0.7142857142857142,-0.0054614786
40.0,0.0,0.7857142857142857,-0.0015696529
40.0,0.07142857142857142,0.7857142857142857,0.058159217
40.0,0.14285714285714285,0.7857142857142857,0.11707608
40.0,0.21428571428571427,0.7857142857142857,0.17734712
40.0,0.2857142857142857,0.7857142857142857,0.23945373
40.0,0.3571428571428571,0.7857142857142857,0.2988463
40.0,0.42857142857142855,0.7857142857142857,0.3440164
40.0,0.5,0.7857142857142857,0.36062643
40.0,0.5714285714285714,0.7857142857142857,0.34306428
40.0,0.6428571428571428,0.7857142857142857,0.2993874
40.0,0.7142857142857142,0.7857142857142857,0.24206579
40.0,0.7857142857142857,0.7857142857142857,0.17979403
40.0,0.8571428571428571,0.7857142857142857,0.116730206
40.0,0.9285714285714285,0.7857142857142857,0.054170832
40.0,1.0,0.7857142857142857,-0.007799601
40.0,0.0,0.8571428571428571,0.0017109532
40.0,0.07142857142857142,0.8571428571428571,0.04088989
40.0,0.14285714285714285,0.8571428571428571,0.078007035
40.0,0.21428571428571427,0.8571428571428571,0.11627849
40.0,0.2857142857142857,0.8571428571428571,0.15706633
40.0,0.3571428571428571,0.8571428571428571,0.19697444
40.0,0.42857142857142855,0.8571428571428571,0.22731131
40.0,0.5,0.8571428571428571,0.23822606
40.0,0.5714285714285714,0.8571428571428571,0.22604904
40.0,0.6428571428571428,0.8571428571428571,0.19606154
40.0,0.7142857142857142,0.8571428571428571,0.15711455
40.0,0.7857142857142857,0.8571428571428571,0.11564436
40.0,0.8571428571428571,0.8571428571428571,0.0740593
40.0,0.9285714285714285,0.8571428571428571,0.031920902
40.0,1.0,0.8571428571428571,-0.012122868
40.0,0.0,0.9285714285714285,0.0006706398
40.0,0.07142857142857142,0.9285714285714285,0.020182228
40.0,0.14285714285714285,0.9285714285714285,0.036724754
40.0,0.21428571428571427,0.9285714285714285,0.05405032
40.0,0.2857142857142857,0.9285714285714285,0.074060366
40.0,0.3571428571428571,0.9285714285714285,0.094866075
40.0,0.42857142857142855,0.9285714285714285,0.111155234
40.0,0.5,0.9285714285714285,0.11726641
40.0,0.5714285714285714,0.9285714285714285,0.11105542
40.0,0.6428571428571428,0.9285714285714285,0.095192805
40.0,0.7142857142857142,0.9285714285714285,0.07460091
40.0,0.7857142857142857,0.9285714285714285,0.052877396
40.0,0.8571428571428571,0.9285714285714285,0.030757992
40.0,0.9285714285714285,0.9285714285714285,0.0067742784
40.0,1.0,0.9285714285714285,-0.021120021
40.0,0.0,1.0,-0.009635184
40.0,0.07142857142857142,1.0,-0.008682738
40.0,0.14285714285714285,1.0,-0.0110306945
40.0,0.21428571428571427,1.0,-0.0128059685
40.0,0.2857142857142857,1.0,-0.01165873
40.0,0.3571428571428571,1.0,-0.0076813307
40.0,0.42857142857142855,1.0,-0.0028771777
40.0,0.5,1.0,0.00037666224
40.0,0.5714285714285714,1.0,0.0007696096
40.0,0.6428571428571428,1.0,-0.0014004391
40.0,0.7142857142857142,1.0,-0.004848486
40.0,0.7857142857142857,1.0,-0.008741206
40.0,0.8571428571428571,1.0,-0.013756646
40.0,0.9285714285714285,1.0,-0.021916313
40.0,1.0,1.0,-0.035503462
41.0,0.0,0.0,-0.018485986
41.0,0.07142857142857142,0.0,-0.012093637
41.0,0.14285714285714285,0.0,-0.011213396
41.0,0.21428571428571427,0.0,-0.013269665
41.0,0.2857142857142857,0.0,-0.014049822
41.0,0.3571428571428571,0.0,-0.010673018
41.0,0.42857142857142855,0.0,-0.0053461622
41.0,0.5,0.0,-0.003379142
41.0,0.5714285714285714,0.0,-0.00676688
41.0,0.6428571428571428,0.0,-0.011938883
41.0,0.7142857142857142,0.0,-0.013634796
41.0,0.7857142857142857,0.0,-0.010361854
41.0,0.8571428571428571,0.0,-0.006124705
41.0,0.9285714285714285,0.0,-0.0069501083
41.0,1.0,0.0,-0.016781902
41.0,0.0,0.07142857142857142,-0.012863139
41.0,0.07142857142857142,0.07142857142857142,0.012057038
41.0,0.14285714285714285,0.07142857142857142,0.033241563
41.0,0.21428571428571427,0.07142857142857142,0.05225183
41.0,0.2857142857142857,0.07142857142857142,0.07174637
41.0,0.3571428571428571,0.07142857142857142,0.09261552
41.0,0.42857142857142855,0.07142857142857142,0.109928064
41.0,0.5,0.07142857142857142,0.115600415
41.0,0.5714285714285714,0.07142857142857142,0.10690289
41.0,0.6428571428571428,0.07142857142857142,0.08933687
41.0,0.7142857142857142,0.07142857142857142,0.07106218
41.0,0.7857142857142857,0.07142857142857142,0.055412315
41.0,0.8571428571428571,0.07142857142857142,0.039258227
41.0,0.9285714285714285,0.07142857142857142,0.01793112
41.0,1.0,0.07142857142857142,-0.010918925
41.0,0.0,0.14285714285714285,-0.012010988
41.0,0.07142857142857142,0.14285714285714285,0.032231785
41.0,0.14285714285714285,0.14285714285714285,0.074812986
41.0,0.21428571428571427,0.14285714285714285,0.11631928
41.0,0.2857142857142857,0.14285714285714285,0.15773237
41.0,0.3571428571428571,0.14285714285714285,0.19772455
41.0,0.42857142857142855,0.14285714285714285,0.22847098
41.0,0.5,0.14285714285714285,0.23882651
41.0,0.5714285714285714,0.14285714285714285,0.2248656
41.0,0.6428571428571428,0.14285714285714285,0.19374508
41.0,0.7142857142857142,0.14285714285714285,0.15661763
41.0,0.7857142857142857,0.14285714285714285,0.11909253
41.0,0.8571428571428571,0.14285714285714285,0.07989959
41.0,0.9285714285714285,0.14285714285714285,0.036654323
41.0,1.0,0.14285714285714285,-0.011446631
41.0,0.0,0.21428571428571427,-0.013017813
41.0,0.07142857142857142,0.21428571428571427,0.05093115
41.0,0.14285714285714285,0.21428571428571427,0.11506007
41.0,0.21428571428571427,0.21428571428571427,0.1790816
41.0,0.2857142857142857,0.21428571428571427,0.24244511
41.0,0.3571428571428571,0.21428571428571427,0.3017711
41.0,0.42857142857142855,0.21428571428571427,0.34656307
41.0,0.5,0.21428571428571427,0.36253765
41.0,0.5714285714285714,0.21428571428571427,0.34395897
41.0,0.6428571428571428,0.21428571428571427,0.29906026
41.0,0.7142857142857142,0.21428571428571427,0.24189973
41.0,0.7857142857142857,0.21428571428571427,0.18093772
41.0,0.8571428571428571,0.21428571428571427,0.11785156
41.0,0.9285714285714285,0.21428571428571427,0.05293131
41.0,1.0,0.21428571428571427,-0.013615759
41.0,0.0,0.2857142857142857,-0.013364466
41.0,0.07142857142857142,0.2857142857142857,0.07032365
41.0,0.14285714285714285,0.2857142857142857,0.15535723
41.0,0.21428571428571427,0.2857142857142857,0.24068174
41.0,0.2857142857142857,0.2857142857142857,0.32457137
41.0,0.3571428571428571,0.2857142857142857,0.4020993
41.0,0.42857142857142855,0.2857142857142857,0.46061042
41.0,0.5,0.2857142857142857,0.48271275
41.0,0.5714285714285714,0.2857142857142857,0.4602709
41.0,0.6428571428571428,0.2857142857142857,0.402097
41.0,0.7142857142857142,0.2857142857142857,0.32509997
41.0,0.7857142857142857,0.2857142857142857,0.24116665
41.0,0.8571428571428571,0.2857142857142857,0.15555353
41.0,0.9285714285714285,0.2857142857142857,0.07079085
41.0,1.0,0.2857142857142857,-0.012577178
41.0,0.0,0.3571428571428571,-0.012281166
41.0,0.07142857142857142,0.3571428571428571,0.09035415
41.0,0.14285714285714285,0.3571428571428571,0.19473264
41.0,0.21428571428571427,0.3571428571428571,0.29901043
41.0,0.2857142857142857,0.3571428571428571,0.40070322
41.0,0.3571428571428571,0.3571428571428571,0.49402133
41.0,0.42857142857142855,0.3571428571428571,0.5647521
41.0,0.5,0.3571428571428571,0.5924086
41.0,0.5714285714285714,0.3571428571428571,0.5662616
41.0,0.6428571428571428,0.3571428571428571,0.49593297
41.0,0.7142857142857142,0.3571428571428571,0.4012884
41.0,0.7857142857142857,0.3571428571428571,0.297586
41.0,0.8571428571428571,0.3571428571428571,0.19312672
41.0,0.9285714285714285,0.3571428571428571,0.09170658
41.0,1.0,0.3571428571428571,-0.0060170237
41.0,0.0,0.42857142857142855,-0.011136102
41.0,0.07142857142857142,0.42857142857142855,0.1067065
41.0,0.14285714285714285,0.42857142857142855,0.22642316
41.0,0.21428571428571427,0.42857142857142855,0.34522226
41.0,0.2857142857142857,0.42857142857142855,0.46013218
41.0,0.3571428571428571,0.42857142857142855,0.56511164
41.0,0.42857142857142855,0.42857142857142855,0.64490885
41.0,0.5,0.42857142857142855,0.6760574
41.0,0.5714285714285714,0.42857142857142855,0.6458983
41.0,0.6428571428571428,0.42857142857142855,0.56603295
41.0,0.7142857142857142,0.42857142857142855,0.4590631
41.0,0.7857142857142857,0.42857142857142855,0.3421124
41.0,0.8571428571428571,0.42857142857142855,0.22480488
41.0,0.9285714285714285,0.42857142857142855,0.111504346
41.0,1.0,0.42857142857142855,0.003463043
41.0,0.0,0.5,-0.010399194
41.0,0.07142857142857142,0.5,0.11307888
41.0,0.14285714285714285,0.5,0.23871359
41.0,0.21428571428571427,0.5,0.36316082
41.0,0.2857142857142857,0.5,0.48324192
41.0,0.3571428571428571,0.5,0.5929399
41.0,0.42857142857142855,0.5,0.6764851
41.0,0.5,0.5,0.70841783
41.0,0.5714285714285714,0.5,0.6756355
41.0,0.6428571428571428,0.5,0.5922594
41.0,0.7142857142857142,0.5,0.48195413
41.0,0.7857142857142857,0.5,0.36118972
41.0,0.8571428571428571,0.5,0.23926798
41.0,0.9285714285714285,0.5,0.121151485
41.0,1.0,0.5,0.009302011
41.0,0.0,0.5714285714285714,-0.009130428
41.0,0.07142857142857142,0.5714285714285714,0.10746271
41.0,0.14285714285714285,0.5714285714285714,0.22632805
41.0,0.21428571428571427,0.5714285714285714,0.34481472
41.0,0.2857142857142857,0.5714285714285714,0.4600412
41.0,0.3571428571428571,0.5714285714285714,0.56583345
41.0,0.42857142857142855,0.5714285714285714,0.6463562
41.0,0.5,0.5714285714285714,0.67649174
41.0,0.5714285714285714,0.5714285714285714,0.64441246
41.0,0.6428571428571428,0.5714285714285714,0.5652443
41.0,0.7142857142857142,0.5714285714285714,0.46110186
41.0,0.7857142857142857,0.5714285714285714,0.34615502
41.0,0.8571428571428571,0.5714285714285714,0.22875379
41.0,0.9285714285714285,0.5714285714285714,0.11450487
41.0,1.0,0.5714285714285714,0.0069533046
41.0,0.0,0.6428571428571428,-0.007324176
41.0,0.07142857142857142,0.6428571428571428,0.0932747
41.0,0.14285714285714285,0.6428571428571428,0.19574517
41.0,0.21428571428571427,0.6428571428571428,0.29904202
41.0,0.2857142857142857,0.6428571428571428,0.40109438
41.0,0.3571428571428571,0.6428571428571428,0.4956319
41.0,0.42857142857142855,0.6428571428571428,0.5673526
41.0,0.5,0.6428571428571428,0.5937795
41.0,0.5714285714285714,0.6428571428571428,0.5653205
41.0,0.6428571428571428,0.6428571428571428,0.49583653
41.0,0.7142857142857142,0.6428571428571428,0.40433416
41.0,0.7857142857142857,0.6428571428571428,0.3026767
41.0,0.8571428571428571,0.6428571428571428,0.19809744
41.0,0.9285714285714285,0.6428571428571428,0.09595924
41.0,1.0,0.6428571428571428,-0.00018354319
41.0,0.0,0.7142857142857142,-0.0046662632
41.0,0.07142857142857142,0.7142857142857142,0.07572781
41.0,0.14285714285714285,0.7142857142857142,0.1569187
41.0,0.21428571428571427,0.7142857142857142,0.23953816
41.0,0.2857142857142857,0.7142857142857142,0.32266882
41.0,0.3571428571428571,0.7142857142857142,0.40062186
41.0,0.42857142857142855,0.7142857142857142,0.45971894
41.0,0.5,0.7142857142857142,0.48154134
41.0,0.5714285714285714,0.7142857142857142,0.45864215
41.0,0.6428571428571428,0.7142857142857142,0.40191185
41.0,0.7142857142857142,0.7142857142857142,0.32687378
41.0,0.7857142857142857,0.7142857142857142,0.24376982
41.0,0.8571428571428571,0.7142857142857142,0.1585263
41.0,0.9285714285714285,0.7142857142857142,0.07485669
41.0,1.0,0.7142857142857142,-0.0050886404
41.0,0.0,0.7857142857142857,-0.00093338825
41.0,0.07142857142857142,0.7857142857142857,0.058382645
41.0,0.14285714285714285,0.7857142857142857,0.11712096
41.0,0.21428571428571427,0.7857142857142857,0.17734832
41.0,0.2857142857142857,0.7857142857142857,0.23934862
41.0,0.3571428571428571,0.7857142857142857,0.29843262
41.0,0.42857142857142855,0.7857142857142857,0.34320003
41.0,0.5,0.7857142857142857,0.35964954
41.0,0.5714285714285714,0.7857142857142857,0.3423189
41.0,0.6428571428571428,0.7857142857142857,0.29899934
41.0,0.7142857142857142,0.7857142857142857,0.24187538
41.0,0.7857142857142857,0.7857142857142857,0.17962253
41.0,0.8571428571428571,0.7857142857142857,0.11655518
41.0,0.9285714285714285,0.7857142857142857,0.054147452
41.0,1.0,0.7857142857142857,-0.007431099
41.0,0.0,0.8571428571428571,0.0022965465
41.0,0.07142857142857142,0.8571428571428571,0.041124426
41.0,0.14285714285714285,0.8571428571428571,0.078108855
41.0,0.21428571428571427,0.8571428571428571,0.116364785
41.0,0.2857142857142857,0.8571428571428571,0.15707615
41.0,0.3571428571428571,0.8571428571428571,0.19674325
41.0,0.42857142857142855,0.8571428571428571,0.22677128
41.0,0.5,0.8571428571428571,0.23754527
41.0,0.5714285714285714,0.8571428571428571,0.22549976
41.0,0.6428571428571428,0.8571428571428571,0.19575846
41.0,0.7142857142857142,0.8571428571428571,0.15697747
41.0,0.7857142857142857,0.8571428571428571,0.11555532
41.0,0.8571428571428571,0.8571428571428571,0.07400214
41.0,0.9285714285714285,0.8571428571428571,0.032011777
41.0,1.0,0.8571428571428571,-0.011696305
41.0,0.0,0.9285714285714285,0.00110819
41.0,0.07142857142857142,0.9285714285714285,0.020365791
41.0,0.14285714285714285,0.9285714285714285,0.03687346
41.0,0.21428571428571427,0.9285714285714285,0.05427421
41.0,0.2857142857142857,0.9285714285714285,0.07431315
41.0,0.3571428571428571,0.9285714285714285,0.095014356
41.0,0.42857142857142855,0.9285714285714285,0.1111255
41.0,0.5,0.9285714285714285,0.117130585
41.0,0.5714285714285714,0.9285714285714285,0.11095933
41.0,0.6428571428571428,0.9285714285714285,0.09521269
41.0,0.7142857142857142,0.9285714285714285,0.074700184
41.0,0.7857142857142857,0.9285714285714285,0.05298788
41.0,0.8571428571428571,0.9285714285714285,0.030878158
41.0,0.9285714285714285,0.9285714285714285,0.0070026536
41.0,1.0,0.9285714285714285,-0.020623067
41.0,0.0,1.0,-0.009356553
41.0,0.07142857142857142,1.0,-0.008503276
41.0,0.14285714285714285,1.0,-0.010737466
41.0,0.21428571428571427,1.0,-0.012298452
41.0,0.2857142857142857,1.0,-0.010973703
41.0,0.3571428571428571,1.0,-0.0069356617
41.0,0.42857142857142855,1.0,-0.0021729115
41.0,0.5,1.0,0.0010091793
41.0,0.5714285714285714,1.0,0.0013543088
41.0,0.6428571428571428,1.0,-0.0008465927
41.0,0.7142857142857142,1.0,-0.0043461863
41.0,0.7857142857142857,1.0,-0.008319711
41.0,0.8571428571428571,1.0,-0.013396906
41.0,0.9285714285714285,1.0,-0.021522557
41.0,1.0,1.0,-0.034929022
42.0,0.0,0.0,-0.018338516
42.0,0.07142857142857142,0.0,-0.0120600425
42.0,0.14285714285714285,0.0,-0.011168949
42.0,0.21428571428571427,0.0,-0.013057377
42.0,0.2857142857142857,0.0,-0.013590774
42.0,0.3571428571428571,0.0,-0.0100671835
42.0,0.42857142857142855,0.0,-0.0047481004
42.0,0.5,0.0,-0.0027998816
42.0,0.5714285714285714,0.0,-0.006139382
42.0,0.6428571428571428,0.0,-0.011300464
42.0,0.7142857142857142,0.0,-0.013112684
42.0,0.7857142857142857,0.0,-0.009982223
42.0,0.8571428571428571,0.0,-0.0057254173
42.0,0.9285714285714285,0.0,-0.006318895
42.0,1.0,0.0,-0.015806252
42.0,0.0,0.07142857142857142,-0.012727404
42.0,0.07142857142857142,0.07142857142857142,0.012029391
42.0,0.14285714285714285,0.07142857142857142,0.03315728
42.0,0.21428571428571427,0.07142857142857142,0.05223251
42.0,0.2857142857142857,0.07142857142857142,0.071828365
42.0,0.3571428571428571,0.07142857142857142,0.09266142
42.0,0.42857142857142855,0.07142857142857142,0.10979731
42.0,0.5,0.07142857142857142,0.11539244
42.0,0.5714285714285714,0.07142857142857142,0.10682607
42.0,0.6428571428571428,0.07142857142857142,0.08941309
42.0,0.7142857142857142,0.07142857142857142,0.07113727
42.0,0.7857142857142857,0.07142857142857142,0.055421792
42.0,0.8571428571428571,0.07142857142857142,0.039335564
42.0,0.9285714285714285,0.07142857142857142,0.018249916
42.0,1.0,0.07142857142857142,-0.010268057
42.0,0.0,0.14285714285714285,-0.01181112
42.0,0.07142857142857142,0.14285714285714285,0.03221996
42.0,0.14285714285714285,0.14285714285714285,0.07469376
42.0,0.21428571428571427,0.14285714285714285,0.116193034
42.0,0.2857142857142857,0.14285714285714285,0.15760061
42.0,0.3571428571428571,0.14285714285714285,0.19741686
42.0,0.42857142857142855,0.14285714285714285,0.22785047
42.0,0.5,0.14285714285714285,0.23808295
42.0,0.5714285714285714,0.14285714285714285,0.22433242
42.0,0.6428571428571428,0.14285714285714285,0.19349988
42.0,0.7142857142857142,0.14285714285714285,0.15647763
42.0,0.7857142857142857,0.14285714285714285,0.11894632
42.0,0.8571428571428571,0.14285714285714285,0.07983405
42.0,0.9285714285714285,0.14285714285714285,0.03679671
42.0,1.0,0.14285714285714285,-0.0110004
42.0,0.0,0.21428571428571427,-0.012700232
42.0,0.07142857142857142,0.21428571428571427,0.050977953
42.0,0.14285714285714285,0.21428571428571427,0.11496455
42.0,0.21428571428571427,0.21428571428571427,0.17894845
42.0,0.2857142857142857,0.21428571428571427,0.24225709
42.0,0.3571428571428571,0.21428571428571427,0.30132487
42.0,0.42857142857142855,0.21428571428571427,0.34570232
42.0,0.5,0.21428571428571427,0.3615
42.0,0.5714285714285714,0.21428571428571427,0.3431827
42.0,0.6428571428571428,0.21428571428571427,0.29868832
42.0,0.7142857142857142,0.21428571428571427,0.2417318
42.0,0.7857142857142857,0.21428571428571427,0.18080734
42.0,0.8571428571428571,0.21428571428571427,0.117777474
42.0,0.9285714285714285,0.21428571428571427,0.05300767
42.0,1.0,0.21428571428571427,-0.013245264
42.0,0.0,0.2857142857142857,-0.012911471
42.0,0.07142857142857142,0.2857142857142857,0.07041405
42.0,0.14285714285714285,0.2857142857142857,0.15526778
42.0,0.21428571428571427,0.2857142857142857,0.24054775
42.0,0.2857142857142857,0.2857142857142857,0.3243691
42.0,0.3571428571428571,0.2857142857142857,0.4015858
42.0,0.42857142857142855,0.2857142857142857,0.45957938
42.0,0.5,0.2857142857142857,0.48141515
42.0,0.5714285714285714,0.2857142857142857,0.45925185
42.0,0.6428571428571428,0.2857142857142857,0.40160212
42.0,0.7142857142857142,0.2857142857142857,0.32493466
42.0,0.7857142857142857,0.2857142857142857,0.24109289
42.0,0.8571428571428571,0.2857142857142857,0.15549943
42.0,0.9285714285714285,0.2857142857142857,0.07084336
42.0,1.0,0.2857142857142857,-0.012189964
42.0,0.0,0.3571428571428571,-0.011693003
42.0,0.07142857142857142,0.3571428571428571,0.09043039
42.0,0.14285714285714285,0.3571428571428571,0.19454394
42.0,0.21428571428571427,0.3571428571428571,0.2987397
42.0,0.2857142857142857,0.3571428571428571,0.40032625
42.0,0.3571428571428571,0.3571428571428571,0.49325088
42.0,0.42857142857142855,0.3571428571428571,0.56331563
42.0,0.5,0.3571428571428571,0.5905642
42.0,0.5714285714285714,0.3571428571428571,0.56470144
42.0,0.6428571428571428,0.3571428571428571,0.49505934
42.0,0.7142857142857142,0.3571428571428571,0.40093845
42.0,0.7857142857142857,0.3571428571428571,0.2974272
42.0,0.8571428571428571,0.3571428571428571,0.19298294
42.0,0.9285714285714285,0.3571428571428571,0.091678634
42.0,1.0,0.3571428571428571,-0.0056035686
42.0,0.0,0.42857142857142855,-0.010414267
42.0,0.07142857142857142,0.42857142857142855,0.10672883
42.0,0.14285714285714285,0.42857142857142855,0.22602439
42.0,0.21428571428571427,0.42857142857142855,0.34462276
42.0,0.2857142857142857,0.42857142857142855,0.45931652
42.0,0.3571428571428571,0.42857142857142855,0.5637623
42.0,0.42857142857142855,0.42857142857142855,0.6427009
42.0,0.5,0.42857142857142855,0.6732902
42.0,0.5714285714285714,0.42857142857142855,0.64346623
42.0,0.6428571428571428,0.42857142857142855,0.564506
42.0,0.7142857142857142,0.42857142857142855,0.4582908
42.0,0.7857142857142857,0.42857142857142855,0.34166035
42.0,0.8571428571428571,0.42857142857142855,0.22441077
42.0,0.9285714285714285,0.42857142857142855,0.111296915
42.0,1.0,0.42857142857142855,0.0038431343
42.0,0.0,0.5,-0.009650165
42.0,0.07142857142857142,0.5,0.113035195
42.0,0.14285714285714285,0.5,0.23815265
42.0,0.21428571428571427,0.5,0.3623131
42.0,0.2857142857142857,0.5,0.4820966
42.0,0.3571428571428571,0.5,0.5911679
42.0,0.42857142857142855,0.5,0.67374
42.0,0.5,0.5,0.705058
42.0,0.5714285714285714,0.5,0.67270213
42.0,0.6428571428571428,0.5,0.5903734
42.0,0.7142857142857142,0.5,0.48091587
42.0,0.7857142857142857,0.5,0.36050755
42.0,0.8571428571428571,0.5,0.23866591
42.0,0.9285714285714285,0.5,0.12079596
42.0,1.0,0.5,0.009630313
42.0,0.0,0.5714285714285714,-0.00850253
42.0,0.07142857142857142,0.5714285714285714,0.10737803
42.0,0.14285714285714285,0.5714285714285714,0.22581589
42.0,0.21428571428571427,0.5714285714285714,0.34409752
42.0,0.2857142857142857,0.5714285714285714,0.45909142
42.0,0.3571428571428571,0.5714285714285714,0.56432205
42.0,0.42857142857142855,0.5714285714285714,0.64395887
42.0,0.5,0.5714285714285714,0.67358017
42.0,0.5714285714285714,0.5714285714285714,0.64196914
42.0,0.6428571428571428,0.5714285714285714,0.56375766
42.0,0.7142857142857142,0.5714285714285714,0.46030682
42.0,0.7857142857142857,0.5714285714285714,0.34559482
42.0,0.8571428571428571,0.5714285714285714,0.22822192
42.0,0.9285714285714285,0.5714285714285714,0.11419674
42.0,1.0,0.5714285714285714,0.0072965454
42.0,0.0,0.6428571428571428,-0.0067851488
42.0,0.07142857142857142,0.6428571428571428,0.09324983
42.0,0.14285714285714285,0.6428571428571428,0.19544315
42.0,0.21428571428571427,0.6428571428571428,0.29865786
42.0,0.2857142857142857,0.6428571428571428,0.40057546
42.0,0.3571428571428571,0.6428571428571428,0.4946787
42.0,0.42857142857142855,0.6428571428571428,0.56572235
42.0,0.5,0.6428571428571428,0.59181875
42.0,0.5714285714285714,0.6428571428571428,0.5637915
42.0,0.6428571428571428,0.6428571428571428,0.49502388
42.0,0.7142857142857142,0.6428571428571428,0.40395236
42.0,0.7857142857142857,0.6428571428571428,0.30236965
42.0,0.8571428571428571,0.6428571428571428,0.1977552
42.0,0.9285714285714285,0.6428571428571428,0.09578324
42.0,1.0,0.6428571428571428,0.00018097647
42.0,0.0,0.7142857142857142,-0.004117312
42.0,0.07142857142857142,0.7142857142857142,0.07582636
42.0,0.14285714285714285,0.7142857142857142,0.15682894
42.0,0.21428571428571427,0.7142857142857142,0.23941618
42.0,0.2857142857142857,0.7142857142857142,0.3224487
42.0,0.3571428571428571,0.7142857142857142,0.4000569
42.0,0.42857142857142855,0.7142857142857142,0.45865926
42.0,0.5,0.7142857142857142,0.4802811
42.0,0.5714285714285714,0.7142857142857142,0.4577124
42.0,0.6428571428571428,0.7142857142857142,0.40146795
42.0,0.7142857142857142,0.7142857142857142,0.3266789
42.0,0.7857142857142857,0.7142857142857142,0.24357235
42.0,0.8571428571428571,0.7142857142857142,0.1582793
42.0,0.9285714285714285,0.7142857142857142,0.07474334
42.0,1.0,0.7142857142857142,-0.004764976
42.0,0.0,0.7857142857142857,-0.00036146678
42.0,0.07142857142857142,0.7857142857142857,0.058571987
42.0,0.14285714285714285,0.7857142857142857,0.11715742
42.0,0.21428571428571427,0.7857142857142857,0.17735487
42.0,0.2857142857142857,0.7857142857142857,0.23925138
42.0,0.3571428571428571,0.7857142857142857,0.2980298
42.0,0.42857142857142855,0.7857142857142857,0.34240445
42.0,0.5,0.7857142857142857,0.35869655
42.0,0.5714285714285714,0.7857142857142857,0.341587
42.0,0.6428571428571428,0.7857142857142857,0.29861167
42.0,0.7142857142857142,0.7857142857142857,0.24168256
42.0,0.7857142857142857,0.7857142857142857,0.17945035
42.0,0.8571428571428571,0.7857142857142857,0.1163756
42.0,0.9285714285714285,0.7857142857142857,0.05410161
42.0,1.0,0.7857142857142857,-0.0071100537
42.0,0.0,0.8571428571428571,0.0028103422
42.0,0.07142857142857142,0.8571428571428571,0.04131601
42.0,0.14285714285714285,0.8571428571428571,0.07819206
42.0,0.21428571428571427,0.8571428571428571,0.1164436
42.0,0.2857142857142857,0.8571428571428571,0.15708107
42.0,0.3571428571428571,0.8571428571428571,0.19650926
42.0,0.42857142857142855,0.8571428571428571,0.22623524
42.0,0.5,0.8571428571428571,0.23687342
42.0,0.5714285714285714,0.8571428571428571,0.22495413
42.0,0.6428571428571428,0.8571428571428571,0.19545129
42.0,0.7142857142857142,0.8571428571428571,0.1568332
42.0,0.7857142857142857,0.8571428571428571,0.11545906
42.0,0.8571428571428571,0.8571428571428571,0.07393219
42.0,0.9285714285714285,0.8571428571428571,0.032076158
42.0,1.0,0.8571428571428571,-0.011315882
42.0,0.0,0.9285714285714285,0.0014691558
42.0,0.07142857142857142,0.9285714285714285,0.020500315
42.0,0.14285714285714285,0.9285714285714285,0.036992393
42.0,0.21428571428571427,0.9285714285714285,0.054476008
42.0,0.2857142857142857,0.9285714285714285,0.07454149
42.0,0.3571428571428571,0.9285714285714285,0.095136
42.0,0.42857142857142855,0.9285714285714285,0.11107136
42.0,0.5,0.9285714285714285,0.11697427
42.0,0.5714285714285714,0.9285714285714285,0.1108428
42.0,0.6428571428571428,0.9285714285714285,0.095210694
42.0,0.7142857142857142,0.9285714285714285,0.074778475
42.0,0.7857142857142857,0.9285714285714285,0.053079367
42.0,0.8571428571428571,0.9285714285714285,0.030977251
42.0,0.9285714285714285,0.9285714285714285,0.0072010774
42.0,1.0,0.9285714285714285,-0.020170141
42.0,0.0,1.0,-0.009153463
42.0,0.07142857142857142,1.0,-0.008376275
42.0,0.14285714285714285,1.0,-0.0104830675
42.0,0.21428571428571427,1.0,-0.011828916
42.0,0.2857142857142857,1.0,-0.0103332475
42.0,0.3571428571428571,1.0,-0.0062409993
42.0,0.42857142857142855,1.0,-0.0015225876
42.0,0.5,1.0,0.0015904997
42.0,0.5714285714285714,1.0,0.0018912461
42.0,0.6428571428571428,1.0,-0.00033658557
42.0,0.7142857142857142,1.0,-0.003882194
42.0,0.7857142857142857,1.0,-0.007930817
42.0,0.8571428571428571,1.0,-0.013067501
42.0,0.9285714285714285,1.0,-0.021162787
42.0,1.0,1.0,-0.034396395
43.0,0.0,0.0,-0.018246299
43.0,0.07142857142857142,0.0,-0.012066815
43.0,0.14285714285714285,0.0,-0.011147
43.0,0.21428571428571427,0.0,-0.012853863
43.0,0.2857142857142857,0.0,-0.013138222
43.0,0.3571428571428571,0.0,-0.009471504
43.0,0.42857142857142855,0.0,-0.0041621905
43.0,0.5,0.0,-0.0022352058
43.0,0.5714285714285714,0.0,-0.0055311583
43.0,0.6428571428571428,0.0,-0.010683473
43.0,0.7142857142857142,0.0,-0.0126133
43.0,0.7857142857142857,0.0,-0.009633653
43.0,0.8571428571428571,0.0,-0.005377665
43.0,0.9285714285714285,0.0,-0.0057625454
43.0,1.0,0.0,-0.014920557
43.0,0.0,0.07142857142857142,-0.012636652
43.0,0.07142857142857142,0.07142857142857142,0.01197155
43.0,0.14285714285714285,0.07142857142857142,0.033058874
43.0,0.21428571428571427,0.07142857142857142,0.052209876
43.0,0.2857142857142857,0.07142857142857142,0.07190814
43.0,0.3571428571428571,0.07142857142857142,0.09270374
43.0,0.42857142857142855,0.07142857142857142,0.10966712
43.0,0.5,0.07142857142857142,0.11518722
43.0,0.5714285714285714,0.07142857142857142,0.106745176
43.0,0.6428571428571428,0.07142857142857142,0.08947977
43.0,0.7142857142857142,0.07142857142857142,0.07120162
43.0,0.7857142857142857,0.07142857142857142,0.055410713
43.0,0.8571428571428571,0.07142857142857142,0.03937193
43.0,0.9285714285714285,0.07142857142857142,0.018505646
43.0,1.0,0.07142857142857142,-0.009697011
43.0,0.0,0.14285714285714285,-0.011646805
43.0,0.07142857142857142,0.14285714285714285,0.032188438
43.0,0.14285714285714285,0.14285714285714285,0.074569665
43.0,0.21428571428571427,0.14285714285714285,0.11606827
43.0,0.2857142857142857,0.14285714285714285,0.15746829
43.0,0.3571428571428571,0.14285714285714285,0.19710834
43.0,0.42857142857142855,0.14285714285714285,0.22723806
43.0,0.5,0.14285714285714285,0.23735239
43.0,0.5714285714285714,0.14285714285714285,0.22380273
43.0,0.6428571428571428,0.14285714285714285,0.19324996
43.0,0.7142857142857142,0.14285714285714285,0.15633217
43.0,0.7857142857142857,0.14285714285714285,0.11878953
43.0,0.8571428571428571,0.14285714285714285,0.079740785
43.0,0.9285714285714285,0.14285714285714285,0.036890827
43.0,1.0,0.14285714285714285,-0.010620205
43.0,0.0,0.21428571428571427,-0.012411522
43.0,0.07142857142857142,0.21428571428571427,0.051012456
43.0,0.14285714285714285,0.21428571428571427,0.11487039
43.0,0.21428571428571427,0.21428571428571427,0.17881799
43.0,0.2857142857142857,0.21428571428571427,0.24206436
43.0,0.3571428571428571,0.21428571428571427,0.3008714
43.0,0.42857142857142855,0.21428571428571427,0.34484464
43.0,0.5,0.21428571428571427,0.3604727
43.0,0.5714285714285714,0.21428571428571427,0.34240553
43.0,0.6428571428571428,0.21428571428571427,0.29830614
43.0,0.7142857142857142,0.21428571428571427,0.24155703
43.0,0.7857142857142857,0.21428571428571427,0.1806712
43.0,0.8571428571428571,0.21428571428571427,0.11768714
43.0,0.9285714285714285,0.21428571428571427,0.053049445
43.0,1.0,0.21428571428571427,-0.01292997
43.0,0.0,0.2857142857142857,-0.012486434
43.0,0.07142857142857142,0.2857142857142857,0.07049681
43.0,0.14285714285714285,0.2857142857142857,0.1551823
43.0,0.21428571428571427,0.2857142857142857,0.2404139
43.0,0.2857142857142857,0.2857142857142857,0.3241529
43.0,0.3571428571428571,0.2857142857142857,0.40105203
43.0,0.42857142857142855,0.2857142857142857,0.45854107
43.0,0.5,0.2857142857142857,0.48011857
43.0,0.5714285714285714,0.2857142857142857,0.45822057
43.0,0.6428571428571428,0.2857142857142857,0.4010841
43.0,0.7142857142857142,0.2857142857142857,0.32475582
43.0,0.7857142857142857,0.2857142857142857,0.24101591
43.0,0.8571428571428571,0.2857142857142857,0.15544048
43.0,0.9285714285714285,0.2857142857142857,0.070872605
43.0,1.0,0.2857142857142857,-0.011853101
43.0,0.0,0.3571428571428571,-0.011136176
43.0,0.07142857142857142,0.3571428571428571,0.090499885
43.0,0.14285714285714285,0.3571428571428571,0.19436029
43.0,0.21428571428571427,0.3571428571428571,0.29846668
43.0,0.2857142857142857,0.3571428571428571,0.3999298
43.0,0.3571428571428571,0.3571428571428571,0.49245426
43.0,0.42857142857142855,0.3571428571428571,0.56186944
43.0,0.5,0.3571428571428571,0.58872163
43.0,0.5714285714285714,0.3571428571428571,0.5631294
43.0,0.6428571428571428,0.3571428571428571,0.49415973
43.0,0.7142857142857142,0.3571428571428571,0.40057197
43.0,0.7857142857142857,0.3571428571428571,0.29726976
43.0,0.8571428571428571,0.3571428571428571,0.19284326
43.0,0.9285714285714285,0.3571428571428571,0.09163335
43.0,1.0,0.3571428571428571,-0.005242849
43.0,0.0,0.42857142857142855,-0.009732122
43.0,0.07142857142857142,0.42857142857142855,0.10674033
43.0,0.14285714285714285,0.42857142857142855,0.22563168
43.0,0.21428571428571427,0.42857142857142855,0.34402618
43.0,0.2857142857142857,0.42857142857142855,0.4584894
43.0,0.3571428571428571,0.42857142857142855,0.5624003
43.0,0.42857142857142855,0.42857142857142855,0.6405041
43.0,0.5,0.42857142857142855,0.6705539
43.0,0.5714285714285714,0.42857142857142855,0.64104927
43.0,0.6428571428571428,0.42857142857142855,0.5629706
43.0,0.7142857142857142,0.42857142857142855,0.457512
43.0,0.7857142857142857,0.42857142857142855,0.34121865
43.0,0.8571428571428571,0.42857142857142855,0.22402914
43.0,0.9285714285714285,0.42857142857142855,0.11107401
43.0,1.0,0.42857142857142855,0.004164895
43.0,0.0,0.5,-0.008949922
43.0,0.07142857142857142,0.5,0.112974696
43.0,0.14285714285714285,0.5,0.23759778
43.0,0.21428571428571427,0.5,0.36147583
43.0,0.2857142857142857,0.5,0.48095345
43.0,0.3571428571428571,0.5,0.58940125
43.0,0.42857142857142855,0.5,0.6710284
43.0,0.5,0.5,0.7017545
43.0,0.5714285714285714,0.5,0.6698064
43.0,0.6428571428571428,0.5,0.58849186
43.0,0.7142857142857142,0.5,0.47987682
43.0,0.7857142857142857,0.5,0.35983846
43.0,0.8571428571428571,0.5,0.238079
43.0,0.9285714285714285,0.5,0.120424606
43.0,1.0,0.5,0.009896262
43.0,0.0,0.5714285714285714,-0.007928157
43.0,0.07142857142857142,0.5714285714285714,0.10727288
43.0,0.14285714285714285,0.5714285714285714,0.22530782
43.0,0.21428571428571427,0.5714285714285714,0.3433905
43.0,0.2857142857142857,0.5714285714285714,0.45814413
43.0,0.3571428571428571,0.5714285714285714,0.56281185
43.0,0.42857142857142855,0.5714285714285714,0.6415833
43.0,0.5,0.5714285714285714,0.6707061
43.0,0.5714285714285714,0.5714285714285714,0.63954157
43.0,0.6428571428571428,0.5714285714285714,0.5622573
43.0,0.7142857142857142,0.5714285714285714,0.4594953
43.0,0.7857142857142857,0.5714285714285714,0.3450359
43.0,0.8571428571428571,0.5714285714285714,0.22769721
43.0,0.9285714285714285,0.5714285714285714,0.1138703
43.0,1.0,0.5714285714285714,0.007578289
43.0,0.0,0.6428571428571428,-0.0063020457
43.0,0.07142857142857142,0.6428571428571428,0.09320187
43.0,0.14285714285714285,0.6428571428571428,0.19514242
43.0,0.21428571428571427,0.6428571428571428,0.2982819
43.0,0.2857142857142857,0.6428571428571428,0.40005827
43.0,0.3571428571428571,0.6428571428571428,0.49372432
43.0,0.42857142857142855,0.6428571428571428,0.56410176
43.0,0.5,0.6428571428571428,0.58987355
43.0,0.5714285714285714,0.6428571428571428,0.56225693
43.0,0.6428571428571428,0.6428571428571428,0.49418488
43.0,0.7142857142857142,0.6428571428571428,0.4035472
43.0,0.7857142857142857,0.6428571428571428,0.30205622
43.0,0.8571428571428571,0.6428571428571428,0.19741353
43.0,0.9285714285714285,0.6428571428571428,0.09558951
43.0,1.0,0.6428571428571428,0.00049139746
43.0,0.0,0.7142857142857142,-0.003628539
43.0,0.07142857142857142,0.7142857142857142,0.075897336
43.0,0.14285714285714285,0.7142857142857142,0.15673661
43.0,0.21428571428571427,0.7142857142857142,0.23930278
43.0,0.2857142857142857,0.7142857142857142,0.3222362
43.0,0.3571428571428571,0.7142857142857142,0.3995003
43.0,0.42857142857142855,0.7142857142857142,0.45761713
43.0,0.5,0.7142857142857142,0.4790407
43.0,0.5714285714285714,0.7142857142857142,0.4567858
43.0,0.6428571428571428,0.7142857142857142,0.4010107
43.0,0.7142857142857142,0.7142857142857142,0.32647204
43.0,0.7857142857142857,0.7142857142857142,0.24337253
43.0,0.8571428571428571,0.7142857142857142,0.15803206
43.0,0.9285714285714285,0.7142857142857142,0.07461252
43.0,1.0,0.7142857142857142,-0.004489025
43.0,0.0,0.7857142857142857,0.00014386885
43.0,0.07142857142857142,0.7857142857142857,0.058726206
43.0,0.14285714285714285,0.7857142857142857,0.11718459
43.0,0.21428571428571427,0.7857142857142857,0.17736419
43.0,0.2857142857142857,0.7857142857142857,0.23916015
43.0,0.3571428571428571,0.7857142857142857,0.2976382
43.0,0.42857142857142855,0.7857142857142857,0.34162933
43.0,0.5,0.7857142857142857,0.35776767
43.0,0.5714285714285714,0.7857142857142857,0.34086818
43.0,0.6428571428571428,0.7857142857142857,0.29822394
43.0,0.7142857142857142,0.7857142857142857,0.24148649
43.0,0.7857142857142857,0.7857142857142857,0.17927769
43.0,0.8571428571428571,0.7857142857142857,0.11619113
43.0,0.9285714285714285,0.7857142857142857,0.054034695
43.0,1.0,0.7857142857142857,-0.0068347584
43.0,0.0,0.8571428571428571,0.0032506492
43.0,0.07142857142857142,0.8571428571428571,0.04146388
43.0,0.14285714285714285,0.8571428571428571,0.078254655
43.0,0.21428571428571427,0.8571428571428571,0.11651335
43.0,0.2857142857142857,0.8571428571428571,0.15707919
43.0,0.3571428571428571,0.8571428571428571,0.19627142
43.0,0.42857142857142855,0.8571428571428571,0.22570361
43.0,0.5,0.8571428571428571,0.23621023
43.0,0.5714285714285714,0.8571428571428571,0.22441281
43.0,0.6428571428571428,0.8571428571428571,0.19514072
43.0,0.7142857142857142,0.8571428571428571,0.15668194
43.0,0.7857142857142857,0.8571428571428571,0.11535517
43.0,0.8571428571428571,0.8571428571428571,0.073850416
43.0,0.9285714285714285,0.8571428571428571,0.0321144
43.0,1.0,0.8571428571428571,-0.0109811
43.0,0.0,0.9285714285714285,0.0017523672
43.0,0.07142857142857142,0.9285714285714285,0.02058415
43.0,0.14285714285714285,0.9285714285714285,0.037080027
43.0,0.21428571428571427,0.9285714285714285,0.054652907
43.0,0.2857142857142857,0.9285714285714285,0.07474383
43.0,0.3571428571428571,0.9285714285714285,0.09523091
43.0,0.42857142857142855,0.9285714285714285,0.11099409
43.0,0.5,0.9285714285714285,0.11679853
43.0,0.5714285714285714,0.9285714285714285,0.11070737
43.0,0.6428571428571428,0.9285714285714285,0.095188044
43.0,0.7142857142857142,0.9285714285714285,0.074835986
43.0,0.7857142857142857,0.9285714285714285,0.053151555
43.0,0.8571428571428571,0.9285714285714285,0.031054905
43.0,0.9285714285714285,0.9285714285714285,0.0073695574
43.0,1.0,0.9285714285714285,-0.019761024
43.0,0.0,1.0,-0.009026568
43.0,0.07142857142857142,1.0,-0.008303525
43.0,0.14285714285714285,1.0,-0.010270447
43.0,0.21428571428571427,1.0,-0.011399971
43.0,0.2857142857142857,1.0,-0.009738855
43.0,0.3571428571428571,1.0,-0.0055981036
43.0,0.42857142857142855,1.0,-0.0009242352
43.0,0.5,1.0,0.002121823
43.0,0.5714285714285714,1.0,0.00238177
43.0,0.6428571428571428,1.0,0.0001307968
43.0,0.7142857142857142,1.0,-0.0034565907
43.0,0.7857142857142857,1.0,-0.0075754616
43.0,0.8571428571428571,1.0,-0.012769183
43.0,0.9285714285714285,1.0,-0.02083751
43.0,1.0,1.0,-0.03390658
44.0,0.0,0.0,-0.018210793
44.0,0.07142857142857142,0.0,-0.012115309
44.0,0.14285714285714285,0.0,-0.011148259
44.0,0.21428571428571427,0.0,-0.012660446
44.0,0.2857142857142857,0.0,-0.012693098
44.0,0.3571428571428571,0.0,-0.008887252
44.0,0.42857142857142855,0.0,-0.003588993
44.0,0.5,0.0,-0.001684986
44.0,0.5714285714285714,0.0,-0.004941646
44.0,0.6428571428571428,0.0,-0.010088626
44.0,0.7142857142857142,0.0,-0.012137214
44.0,0.7857142857142857,0.0,-0.009317094
44.0,0.8571428571428571,0.0,-0.0050828513
44.0,0.9285714285714285,0.0,-0.005282471
44.0,1.0,0.0,-0.014128054
44.0,0.0,0.07142857142857142,-0.012592657
44.0,0.07142857142857142,0.07142857142857142,0.011882557
44.0,0.14285714285714285,0.07142857142857142,0.032945782
44.0,0.21428571428571427,0.07142857142857142,0.05218298
44.0,0.2857142857142857,0.07142857142857142,0.07198424
44.0,0.3571428571428571,0.07142857142857142,0.09274211
44.0,0.42857142857142855,0.07142857142857142,0.10953737
44.0,0.5,0.07142857142857142,0.114985265
44.0,0.5714285714285714,0.07142857142857142,0.10666073
44.0,0.6428571428571428,0.07142857142857142,0.089536704
44.0,0.7142857142857142,0.07142857142857142,0.07125357
44.0,0.7857142857142857,0.07142857142857142,0.05537962
44.0,0.8571428571428571,0.07142857142857142,0.03936795
44.0,0.9285714285714285,0.07142857142857142,0.018697882
44.0,1.0,0.07142857142857142,-0.009207087
44.0,0.0,0.14285714285714285,-0.011519289
44.0,0.07142857142857142,0.14285714285714285,0.032136045
44.0,0.14285714285714285,0.14285714285714285,0.07443864
44.0,0.21428571428571427,0.14285714285714285,0.11594411
44.0,0.2857142857142857,0.14285714285714285,0.15733495
44.0,0.3571428571428571,0.14285714285714285,0.19679841
44.0,0.42857142857142855,0.14285714285714285,0.22663401
44.0,0.5,0.14285714285714285,0.23663485
44.0,0.5714285714285714,0.14285714285714285,0.22327752
44.0,0.6428571428571428,0.14285714285714285,0.19299564
44.0,0.7142857142857142,0.14285714285714285,0.15618151
44.0,0.7857142857142857,0.14285714285714285,0.11862139
44.0,0.8571428571428571,0.14285714285714285,0.07961921
44.0,0.9285714285714285,0.14285714285714285,0.036936082
44.0,1.0,0.14285714285714285,-0.010307828
44.0,0.0,0.21428571428571427,-0.012153959
44.0,0.07142857142857142,0.21428571428571427,0.051034063
44.0,0.14285714285714285,0.21428571428571427,0.114775114
44.0,0.21428571428571427,0.21428571428571427,0.17868839
44.0,0.2857142857142857,0.21428571428571427,0.24186549
44.0,0.3571428571428571,0.21428571428571427,0.30041
44.0,0.42857142857142855,0.21428571428571427,0.3439917
44.0,0.5,0.21428571428571427,0.35945535
44.0,0.5714285714285714,0.21428571428571427,0.34162727
44.0,0.6428571428571428,0.21428571428571427,0.2979134
44.0,0.7142857142857142,0.21428571428571427,0.241375
44.0,0.7857142857142857,0.21428571428571427,0.18052925
44.0,0.8571428571428571,0.21428571428571427,0.11758096
44.0,0.9285714285714285,0.21428571428571427,0.053058006
44.0,1.0,0.21428571428571427,-0.012670511
44.0,0.0,0.2857142857142857,-0.012090484
44.0,0.07142857142857142,0.2857142857142857,0.07057018
44.0,0.14285714285714285,0.2857142857142857,0.15509817
44.0,0.21428571428571427,0.2857142857142857,0.24027756
44.0,0.2857142857142857,0.2857142857142857,0.32392144
44.0,0.3571428571428571,0.2857142857142857,0.40049908
44.0,0.42857142857142855,0.2857142857142857,0.45749602
44.0,0.5,0.2857142857142857,0.4788226
44.0,0.5714285714285714,0.2857142857142857,0.45717803
44.0,0.6428571428571428,0.2857142857142857,0.4005444
44.0,0.7142857142857142,0.2857142857142857,0.3245628
44.0,0.7857142857142857,0.2857142857142857,0.24093583
44.0,0.8571428571428571,0.2857142857142857,0.15537636
44.0,0.9285714285714285,0.2857142857142857,0.0708788
44.0,1.0,0.2857142857142857,-0.011566283
44.0,0.0,0.3571428571428571,-0.0106117
44.0,0.07142857142857142,0.3571428571428571,0.09056025
44.0,0.14285714285714285,0.3571428571428571,0.19417897
44.0,0.21428571428571427,0.3571428571428571,0.29818913
44.0,0.2857142857142857,0.3571428571428571,0.39951223
44.0,0.3571428571428571,0.3571428571428571,0.49163255
44.0,0.42857142857142855,0.3571428571428571,0.5604142
44.0,0.5,0.3571428571428571,0.58688223
44.0,0.5714285714285714,0.3571428571428571,0.56154674
44.0,0.6428571428571428,0.3571428571428571,0.49323532
44.0,0.7142857142857142,0.3571428571428571,0.40018862
44.0,0.7857142857142857,0.3571428571428571,0.2971126
44.0,0.8571428571428571,0.3571428571428571,0.19270778
44.0,0.9285714285714285,0.3571428571428571,0.09157079
44.0,1.0,0.3571428571428571,-0.0049341563
44.0,0.0,0.42857142857142855,-0.009090299
44.0,0.07142857142857142,0.42857142857142855,0.1067394
44.0,0.14285714285714285,0.42857142857142855,0.22524245
44.0,0.21428571428571427,0.42857142857142855,0.34342936
44.0,0.2857142857142857,0.42857142857142855,0.45765018
44.0,0.3571428571428571,0.42857142857142855,0.5610265
44.0,0.42857142857142855,0.42857142857142855,0.63831884
44.0,0.5,0.42857142857142855,0.66784793
44.0,0.5714285714285714,0.42857142857142855,0.63864803
44.0,0.6428571428571428,0.42857142857142855,0.5614278
44.0,0.7142857142857142,0.42857142857142855,0.45672518
44.0,0.7857142857142857,0.42857142857142855,0.34078416
44.0,0.8571428571428571,0.42857142857142855,0.22365865
44.0,0.9285714285714285,0.42857142857142855,0.11083649
44.0,1.0,0.42857142857142855,0.004429681
44.0,0.0,0.5,-0.0082996655
44.0,0.07142857142857142,0.5,0.1128963
44.0,0.14285714285714285,0.5,0.23704723
44.0,0.21428571428571427,0.5,0.36064616
44.0,0.2857142857142857,0.5,0.4798119
44.0,0.3571428571428571,0.5,0.5876402
44.0,0.42857142857142855,0.5,0.6683489
44.0,0.5,0.5,0.6985055
44.0,0.5714285714285714,0.5,0.6669469
44.0,0.6428571428571428,0.5,0.5866158
44.0,0.7142857142857142,0.5,0.47883508
44.0,0.7857142857142857,0.5,0.3591796
44.0,0.8571428571428571,0.5,0.2375057
44.0,0.9285714285714285,0.5,0.12004007
44.0,1.0,0.5,0.010102307
44.0,0.0,0.5714285714285714,-0.007407354
44.0,0.07142857142857142,0.5714285714285714,0.10714743
44.0,0.14285714285714285,0.5714285714285714,0.2248033
44.0,0.21428571428571427,0.5714285714285714,0.342692
44.0,0.2857142857142857,0.5714285714285714,0.4571983
44.0,0.3571428571428571,0.5714285714285714,0.561304
44.0,0.42857142857142855,0.5714285714285714,0.63922954
44.0,0.5,0.5714285714285714,0.6678691
44.0,0.5714285714285714,0.5714285714285714,0.6371307
44.0,0.6428571428571428,0.5714285714285714,0.5607446
44.0,0.7142857142857142,0.5714285714285714,0.4586681
44.0,0.7857142857142857,0.5714285714285714,0.3444764
44.0,0.8571428571428571,0.5714285714285714,0.22717944
44.0,0.9285714285714285,0.5714285714285714,0.11352909
44.0,1.0,0.5714285714285714,0.0078015197
44.0,0.0,0.6428571428571428,-0.0058749784
44.0,0.07142857142857142,0.6428571428571428,0.0931312
44.0,0.14285714285714285,0.6428571428571428,0.19484289
44.0,0.21428571428571427,0.6428571428571428,0.29791328
44.0,0.2857142857142857,0.6428571428571428,0.39954215
44.0,0.3571428571428571,0.6428571428571428,0.49276873
44.0,0.42857142857142855,0.6428571428571428,0.5624919
44.0,0.5,0.6428571428571428,0.58794403
44.0,0.5714285714285714,0.6428571428571428,0.5607181
44.0,0.6428571428571428,0.6428571428571428,0.49332085
44.0,0.7142857142857142,0.6428571428571428,0.40311828
44.0,0.7857142857142857,0.6428571428571428,0.30173582
44.0,0.8571428571428571,0.6428571428571428,0.19707313
44.0,0.9285714285714285,0.6428571428571428,0.095380284
44.0,1.0,0.6428571428571428,0.00075029396
44.0,0.0,0.7142857142857142,-0.0031997133
44.0,0.07142857142857142,0.7142857142857142,0.07594075
44.0,0.14285714285714285,0.7142857142857142,0.15664172
44.0,0.21428571428571427,0.7142857142857142,0.23919609
44.0,0.2857142857142857,0.7142857142857142,0.32202962
44.0,0.3571428571428571,0.7142857142857142,0.3989514
44.0,0.42857142857142855,0.7142857142857142,0.456592
44.0,0.5,0.7142857142857142,0.47781894
44.0,0.5714285714285714,0.7142857142857142,0.45586222
44.0,0.6428571428571428,0.7142857142857142,0.4005412
44.0,0.7142857142857142,0.7142857142857142,0.3262528
44.0,0.7857142857142857,0.7142857142857142,0.2431708
44.0,0.8571428571428571,0.7142857142857142,0.15778495
44.0,0.9285714285714285,0.7142857142857142,0.07446616
44.0,1.0,0.7142857142857142,-0.0042576063
44.0,0.0,0.7857142857142857,0.00058255903
44.0,0.07142857142857142,0.7857142857142857,0.058844857
44.0,0.14285714285714285,0.7857142857142857,0.11720029
44.0,0.21428571428571427,0.7857142857142857,0.17737436
44.0,0.2857142857142857,0.7857142857142857,0.23907384
44.0,0.3571428571428571,0.7857142857142857,0.29725632
44.0,0.42857142857142855,0.7857142857142857,0.34087354
44.0,0.5,0.7857142857142857,0.35686234
44.0,0.5714285714285714,0.7857142857142857,0.3401628
44.0,0.6428571428571428,0.7857142857142857,0.2978373
44.0,0.7142857142857142,0.7857142857142857,0.24128753
44.0,0.7857142857142857,0.7857142857142857,0.17910391
44.0,0.8571428571428571,0.7857142857142857,0.11600242
44.0,0.9285714285714285,0.7857142857142857,0.05394783
44.0,1.0,0.7857142857142857,-0.0066045504
44.0,0.0,0.8571428571428571,0.003616413
44.0,0.07142857142857142,0.8571428571428571,0.041566536
44.0,0.14285714285714285,0.8571428571428571,0.07829484
44.0,0.21428571428571427,0.8571428571428571,0.11657152
44.0,0.2857142857142857,0.8571428571428571,0.15706915
44.0,0.3571428571428571,0.8571428571428571,0.19603021
44.0,0.42857142857142855,0.8571428571428571,0.22517653
44.0,0.5,0.8571428571428571,0.23555666
44.0,0.5714285714285714,0.8571428571428571,0.2238769
44.0,0.6428571428571428,0.8571428571428571,0.19482726
44.0,0.7142857142857142,0.8571428571428571,0.15652391
44.0,0.7857142857142857,0.8571428571428571,0.11524408
44.0,0.8571428571428571,0.8571428571428571,0.0737567
44.0,0.9285714285714285,0.8571428571428571,0.032127738
44.0,1.0,0.8571428571428571,-0.0106914025
44.0,0.0,0.9285714285714285,0.001957273
44.0,0.07142857142857142,0.9285714285714285,0.020616239
44.0,0.14285714285714285,0.9285714285714285,0.037134044
44.0,0.21428571428571427,0.9285714285714285,0.054803237
44.0,0.2857142857142857,0.9285714285714285,0.07491955
44.0,0.3571428571428571,0.9285714285714285,0.0952987
44.0,0.42857142857142855,0.9285714285714285,0.110894285
44.0,0.5,0.9285714285714285,0.116605215
44.0,0.5714285714285714,0.9285714285714285,0.11055479
44.0,0.6428571428571428,0.9285714285714285,0.09514544
44.0,0.7142857142857142,0.9285714285714285,0.07487289
44.0,0.7857142857142857,0.9285714285714285,0.053204037
44.0,0.8571428571428571,0.9285714285714285,0.031111067
44.0,0.9285714285714285,0.9285714285714285,0.0075078774
44.0,1.0,0.9285714285714285,-0.019396326
44.0,0.0,1.0,-0.008976877
44.0,0.07142857142857142,1.0,-0.008285911
44.0,0.14285714285714285,1.0,-0.0101015
44.0,0.21428571428571427,1.0,-0.011013826
44.0,0.2857142857142857,1.0,-0.009192221
44.0,0.3571428571428571,1.0,-0.0050070714
44.0,0.42857142857142855,1.0,-0.0003775563
44.0,0.5,1.0,0.0026048105
44.0,0.5714285714285714,1.0,0.002827378
44.0,0.6428571428571428,1.0,0.00055598654
44.0,0.7142857142857142,1.0,-0.0030685347
44.0,0.7857142857142857,1.0,-0.0072531756
44.0,0.8571428571428571,1.0,-0.012502035
44.0,0.9285714285714285,1.0,-0.02054718
44.0,1.0,1.0,-0.033460356
45.0,0.0,0.0,-0.018233323
45.0,0.07142857142857142,0.0,-0.012206012
45.0,0.14285714285714285,0.0,-0.011173574
45.0,0.21428571428571427,0.0,-0.012478286
45.0,0.2857142857142857,0.0,-0.012257645
45.0,0.3571428571428571,0.0,-0.008315021
45.0,0.42857142857142855,0.0,-0.0030289795
45.0,0.5,0.0,-0.001148371
45.0,0.5714285714285714,0.0,-0.004370678
45.0,0.6428571428571428,0.0,-0.009515848
45.0,0.7142857142857142,0.0,-0.011684535
45.0,0.7857142857142857,0.0,-0.009032677
45.0,0.8571428571428571,0.0,-0.0048403945
45.0,0.9285714285714285,0.0,-0.0048790965
45.0,1.0,0.0,-0.013430944
45.0,0.0,0.07142857142857142,-0.012596456
45.0,0.07142857142857142,0.07142857142857142,0.011761589
45.0,0.14285714285714285,0.07142857142857142,0.03281691
45.0,0.21428571428571427,0.07142857142857142,0.052150883
45.0,0.2857142857142857,0.07142857142857142,0.07205672
45.0,0.3571428571428571,0.07142857142857142,0.092775814
45.0,0.42857142857142855,0.07142857142857142,0.109408945
45.0,0.5,0.07142857142857142,0.11478641
45.0,0.5714285714285714,0.07142857142857142,0.10657364
45.0,0.6428571428571428,0.07142857142857142,0.08958458
45.0,0.7142857142857142,0.07142857142857142,0.0712941
45.0,0.7857142857142857,0.07142857142857142,0.055328667
45.0,0.8571428571428571,0.07142857142857142,0.039324597
45.0,0.9285714285714285,0.07142857142857142,0.018826274
45.0,1.0,0.07142857142857142,-0.008799823
45.0,0.0,0.14285714285714285,-0.011429774
45.0,0.07142857142857142,0.14285714285714285,0.032061636
45.0,0.14285714285714285,0.14285714285714285,0.07430073
45.0,0.21428571428571427,0.14285714285714285,0.1158186
45.0,0.2857142857142857,0.14285714285714285,0.15719873
45.0,0.3571428571428571,0.14285714285714285,0.19648716
45.0,0.42857142857142855,0.14285714285714285,0.22603835
45.0,0.5,0.14285714285714285,0.23593068
45.0,0.5714285714285714,0.14285714285714285,0.22275612
45.0,0.6428571428571428,0.14285714285714285,0.19273706
45.0,0.7142857142857142,0.14285714285714285,0.15602528
45.0,0.7857142857142857,0.14285714285714285,0.11844262
45.0,0.8571428571428571,0.14285714285714285,0.07947023
45.0,0.9285714285714285,0.14285714285714285,0.036932908
45.0,1.0,0.14285714285714285,-0.010063263
45.0,0.0,0.21428571428571427,-0.011928333
45.0,0.07142857142857142,0.21428571428571427,0.05104105
45.0,0.14285714285714285,0.21428571428571427,0.11467684
45.0,0.21428571428571427,0.21428571428571427,0.17855754
45.0,0.2857142857142857,0.21428571428571427,0.24165902
45.0,0.3571428571428571,0.21428571428571427,0.29994097
45.0,0.42857142857142855,0.21428571428571427,0.34314266
45.0,0.5,0.21428571428571427,0.35844794
45.0,0.5714285714285714,0.21428571428571427,0.34084842
45.0,0.6428571428571428,0.21428571428571427,0.29751077
45.0,0.7142857142857142,0.21428571428571427,0.24118593
45.0,0.7857142857142857,0.21428571428571427,0.18038166
45.0,0.8571428571428571,0.21428571428571427,0.11745968
45.0,0.9285714285714285,0.21428571428571427,0.053032316
45.0,1.0,0.21428571428571427,-0.012466563
45.0,0.0,0.2857142857142857,-0.011725428
45.0,0.07142857142857142,0.2857142857142857,0.07063301
45.0,0.14285714285714285,0.2857142857142857,0.15501285
45.0,0.21428571428571427,0.2857142857142857,0.24013603
45.0,0.2857142857142857,0.2857142857142857,0.32367325
45.0,0.3571428571428571,0.2857142857142857,0.39992693
45.0,0.42857142857142855,0.2857142857142857,0.4564451
45.0,0.5,0.2857142857142857,0.47752774
45.0,0.5714285714285714,0.2857142857142857,0.4561247
45.0,0.6428571428571428,0.2857142857142857,0.39998373
45.0,0.7142857142857142,0.2857142857142857,0.32435557
45.0,0.7857142857142857,0.2857142857142857,0.24085149
45.0,0.8571428571428571,0.2857142857142857,0.15530679
45.0,0.9285714285714285,0.2857142857142857,0.07086275
45.0,1.0,0.2857142857142857,-0.011328461
45.0,0.0,0.3571428571428571,-0.010121109
45.0,0.07142857142857142,0.3571428571428571,0.09061068
45.0,0.14285714285714285,0.3571428571428571,0.19399731
45.0,0.21428571428571427,0.3571428571428571,0.29790404
45.0,0.2857142857142857,0.3571428571428571,0.39907345
45.0,0.3571428571428571,0.3571428571428571,0.49078682
45.0,0.42857142857142855,0.3571428571428571,0.558951
45.0,0.5,0.3571428571428571,0.5850457
45.0,0.5714285714285714,0.3571428571428571,0.5599556
45.0,0.6428571428571428,0.3571428571428571,0.49228773
45.0,0.7142857142857142,0.3571428571428571,0.39978862
45.0,0.7857142857142857,0.3571428571428571,0.29695374
45.0,0.8571428571428571,0.3571428571428571,0.19257477
45.0,0.9285714285714285,0.3571428571428571,0.09149227
45.0,1.0,0.3571428571428571,-0.0046758447
45.0,0.0,0.42857142857142855,-0.0084909145
45.0,0.07142857142857142,0.42857142857142855,0.106724896
45.0,0.14285714285714285,0.42857142857142855,0.2248542
45.0,0.21428571428571427,0.42857142857142855,0.3428307
45.0,0.2857142857142857,0.42857142857142855,0.45679843
45.0,0.3571428571428571,0.42857142857142855,0.5596421
45.0,0.42857142857142855,0.42857142857142855,0.6361451
45.0,0.5,0.42857142857142855,0.665172
45.0,0.5714285714285714,0.42857142857142855,0.6362635
45.0,0.6428571428571428,0.42857142857142855,0.55987793
45.0,0.7142857142857142,0.42857142857142855,0.45593053
45.0,0.7857142857142857,0.42857142857142855,0.34035566
45.0,0.8571428571428571,0.42857142857142855,0.223299
45.0,0.9285714285714285,0.42857142857142855,0.11058658
45.0,1.0,0.42857142857142855,0.0046404134
45.0,0.0,0.5,-0.007699663
45.0,0.07142857142857142,0.5,0.112799585
45.0,0.14285714285714285,0.5,0.23649953
45.0,0.21428571428571427,0.5,0.359823
45.0,0.2857142857142857,0.5,0.47867125
45.0,0.3571428571428571,0.5,0.58588517
45.0,0.42857142857142855,0.5,0.6657018
45.0,0.5,0.5,0.6953095
45.0,0.5714285714285714,0.5,0.66412425
45.0,0.6428571428571428,0.5,0.58474463
45.0,0.7142857142857142,0.5,0.47779086
45.0,0.7857142857142857,0.5,0.35852903
45.0,0.8571428571428571,0.5,0.23694584
45.0,0.9285714285714285,0.5,0.119644575
45.0,1.0,0.5,0.0102520455
45.0,0.0,0.5714285714285714,-0.00694027
45.0,0.07142857142857142,0.5714285714285714,0.10700234
45.0,0.14285714285714285,0.5714285714285714,0.22430216
45.0,0.21428571428571427,0.5714285714285714,0.34200153
45.0,0.2857142857142857,0.5714285714285714,0.45625463
45.0,0.3571428571428571,0.5714285714285714,0.5597986
45.0,0.42857142857142855,0.5714285714285714,0.6368979
45.0,0.5,0.5714285714285714,0.66506886
45.0,0.5714285714285714,0.5714285714285714,0.63473755
45.0,0.6428571428571428,0.5714285714285714,0.55922085
45.0,0.7142857142857142,0.5714285714285714,0.45782477
45.0,0.7857142857142857,0.5714285714285714,0.34391493
45.0,0.8571428571428571,0.5714285714285714,0.22666842
45.0,0.9285714285714285,0.5714285714285714,0.11317497
45.0,1.0,0.5714285714285714,0.007970678
45.0,0.0,0.6428571428571428,-0.005503135
45.0,0.07142857142857142,0.6428571428571428,0.093038775
45.0,0.14285714285714285,0.6428571428571428,0.19454493
45.0,0.21428571428571427,0.6428571428571428,0.29755098
45.0,0.2857142857142857,0.6428571428571428,0.39902645
45.0,0.3571428571428571,0.6428571428571428,0.49181268
45.0,0.42857142857142855,0.6428571428571428,0.5608921
45.0,0.5,0.6428571428571428,0.58603054
45.0,0.5714285714285714,0.6428571428571428,0.5591765
45.0,0.6428571428571428,0.6428571428571428,0.49243316
45.0,0.7142857142857142,0.6428571428571428,0.40266675
45.0,0.7857142857142857,0.6428571428571428,0.30140793
45.0,0.8571428571428571,0.6428571428571428,0.19673379
45.0,0.9285714285714285,0.6428571428571428,0.09515768
45.0,1.0,0.6428571428571428,0.0009609405
45.0,0.0,0.7142857142857142,-0.0028309394
45.0,0.07142857142857142,0.7142857142857142,0.07595652
45.0,0.14285714285714285,0.7142857142857142,0.15654331
45.0,0.21428571428571427,0.7142857142857142,0.23909453
45.0,0.2857142857142857,0.7142857142857142,0.3218278
45.0,0.3571428571428571,0.7142857142857142,0.39840958
45.0,0.42857142857142855,0.7142857142857142,0.4555828
45.0,0.5,0.7142857142857142,0.4766158
45.0,0.5714285714285714,0.7142857142857142,0.4549417
45.0,0.6428571428571428,0.7142857142857142,0.40005904
45.0,0.7142857142857142,0.7142857142857142,0.32602158
45.0,0.7857142857142857,0.7142857142857142,0.2429659
45.0,0.8571428571428571,0.7142857142857142,0.15753844
45.0,0.9285714285714285,0.7142857142857142,0.074306615
45.0,1.0,0.7142857142857142,-0.0040688124
45.0,0.0,0.7857142857142857,0.00095406733
45.0,0.07142857142857142,0.7857142857142857,0.058927223
45.0,0.14285714285714285,0.7857142857142857,0.11720387
45.0,0.21428571428571427,0.7857142857142857,0.1773841
45.0,0.2857142857142857,0.7857142857142857,0.2389904
45.0,0.3571428571428571,0.7857142857142857,0.29688358
45.0,0.42857142857142855,0.7857142857142857,0.34013736
45.0,0.5,0.7857142857142857,0.3559801
45.0,0.5714285714285714,0.7857142857142857,0.33947024
45.0,0.6428571428571428,0.7857142857142857,0.29745156
45.0,0.7142857142857142,0.7857142857142857,0.24108586
45.0,0.7857142857142857,0.7857142857142857,0.1789295
45.0,0.8571428571428571,0.7857142857142857,0.11581046
45.0,0.9285714285714285,0.7857142857142857,0.053842664
45.0,1.0,0.7857142857142857,-0.006416654
45.0,0.0,0.8571428571428571,0.003907943
45.0,0.07142857142857142,0.8571428571428571,0.041623995
45.0,0.14285714285714285,0.8571428571428571,0.07831129
45.0,0.21428571428571427,0.8571428571428571,0.11661675
45.0,0.2857142857142857,0.8571428571428571,0.15704988
45.0,0.3571428571428571,0.8571428571428571,0.19578499
45.0,0.42857142857142855,0.8571428571428571,0.22465475
45.0,0.5,0.8571428571428571,0.2349135
45.0,0.5714285714285714,0.8571428571428571,0.22334653
45.0,0.6428571428571428,0.8571428571428571,0.19451171
45.0,0.7142857142857142,0.8571428571428571,0.15635952
45.0,0.7857142857142857,0.8571428571428571,0.115125544
45.0,0.8571428571428571,0.8571428571428571,0.07365111
45.0,0.9285714285714285,0.8571428571428571,0.0321166
45.0,1.0,0.8571428571428571,-0.010445554
45.0,0.0,0.9285714285714285,0.0020842757
45.0,0.07142857142857142,0.9285714285714285,0.020596469
45.0,0.14285714285714285,0.9285714285714285,0.037153795
45.0,0.21428571428571427,0.9285714285714285,0.054925293
45.0,0.2857142857142857,0.9285714285714285,0.0750668
45.0,0.3571428571428571,0.9285714285714285,0.09534019
45.0,0.42857142857142855,0.9285714285714285,0.11077375
45.0,0.5,0.9285714285714285,0.116395436
45.0,0.5714285714285714,0.9285714285714285,0.11038569
45.0,0.6428571428571428,0.9285714285714285,0.095084004
45.0,0.7142857142857142,0.9285714285714285,0.074890144
45.0,0.7857142857142857,0.9285714285714285,0.053237714
45.0,0.8571428571428571,0.9285714285714285,0.031145925
45.0,0.9285714285714285,0.9285714285714285,0.007615993
45.0,1.0,0.9285714285714285,-0.019076096
45.0,0.0,1.0,-0.0090032425
45.0,0.07142857142857142,1.0,-0.0083236415
45.0,0.14285714285714285,1.0,-0.009977266
45.0,0.21428571428571427,1.0,-0.010671349
45.0,0.2857142857142857,1.0,-0.008693723
45.0,0.3571428571428571,1.0,-0.0044667106
45.0,0.42857142857142855,1.0,0.00011903606
45.0,0.5,1.0,0.0030416902
45.0,0.5714285714285714,1.0,0.0032294784
45.0,0.6428571428571428,1.0,0.00094103254
45.0,0.7142857142857142,1.0,-0.0027179997
45.0,0.7857142857142857,1.0,-0.0069639515
45.0,0.8571428571428571,1.0,-0.012266753
45.0,0.9285714285714285,1.0,-0.020291967
45.0,1.0,1.0,-0.033057842
46.0,0.0,0.0,-0.018315352
46.0,0.07142857142857142,0.0,-0.012339046
46.0,0.14285714285714285,0.0,-0.011223214
46.0,0.21428571428571427,0.0,-0.012308074
46.0,0.2857142857142857,0.0,-0.011831598
46.0,0.3571428571428571,0.0,-0.0077557135
46.0,0.42857142857142855,0.0,-0.002481399
46.0,0.5,0.0,-0.00062580034
46.0,0.5714285714285714,0.0,-0.0038180314
46.0,0.6428571428571428,0.0,-0.008965156
46.0,0.7142857142857142,0.0,-0.0112558175
46.0,0.7857142857142857,0.0,-0.0087803835
46.0,0.8571428571428571,0.0,-0.0046497583
46.0,0.9285714285714285,0.0,-0.0045524742
46.0,1.0,0.0,-0.012829935
46.0,0.0,0.07142857142857142,-0.012649139
46.0,0.07142857142857142,0.07142857142857142,0.011608554
46.0,0.14285714285714285,0.07142857142857142,0.032672174
46.0,0.21428571428571427,0.07142857142857142,0.05211211
46.0,0.2857142857142857,0.07142857142857142,0.072123654
46.0,0.3571428571428571,0.07142857142857142,0.09280565
46.0,0.42857142857142855,0.07142857142857142,0.10928234
46.0,0.5,0.07142857142857142,0.11459155
46.0,0.5714285714285714,0.07142857142857142,0.106483914
46.0,0.6428571428571428,0.07142857142857142,0.08962354
46.0,0.7142857142857142,0.07142857142857142,0.071323484
46.0,0.7857142857142857,0.07142857142857142,0.055258296
46.0,0.8571428571428571,0.07142857142857142,0.039241545
46.0,0.9285714285714285,0.07142857142857142,0.018891172
46.0,1.0,0.07142857142857142,-0.008475864
46.0,0.0,0.14285714285714285,-0.011379229
46.0,0.07142857142857142,0.14285714285714285,0.03196483
46.0,0.14285714285714285,0.14285714285714285,0.07415321
46.0,0.21428571428571427,0.14285714285714285,0.115690656
46.0,0.2857142857142857,0.14285714285714285,0.15705904
46.0,0.3571428571428571,0.14285714285714285,0.19617386
46.0,0.42857142857142855,0.14285714285714285,0.22545126
46.0,0.5,0.14285714285714285,0.23523864
46.0,0.5714285714285714,0.14285714285714285,0.22223932
46.0,0.6428571428571428,0.14285714285714285,0.19247383
46.0,0.7142857142857142,0.14285714285714285,0.15586387
46.0,0.7857142857142857,0.14285714285714285,0.11825312
46.0,0.8571428571428571,0.14285714285714285,0.079295255
46.0,0.9285714285714285,0.14285714285714285,0.03688176
46.0,1.0,0.14285714285714285,-0.009886706
46.0,0.0,0.21428571428571427,-0.011735214
46.0,0.07142857142857142,0.21428571428571427,0.051032208
46.0,0.14285714285714285,0.21428571428571427,0.11457426
46.0,0.21428571428571427,0.21428571428571427,0.17842297
46.0,0.2857142857142857,0.21428571428571427,0.24144453
46.0,0.3571428571428571,0.21428571428571427,0.2994647
46.0,0.42857142857142855,0.21428571428571427,0.34229788
46.0,0.5,0.21428571428571427,0.3574501
46.0,0.5714285714285714,0.21428571428571427,0.34006897
46.0,0.6428571428571428,0.21428571428571427,0.29709828
46.0,0.7142857142857142,0.21428571428571427,0.24098942
46.0,0.7857142857142857,0.21428571428571427,0.18022795
46.0,0.8571428571428571,0.21428571428571427,0.117322944
46.0,0.9285714285714285,0.21428571428571427,0.052974336
46.0,1.0,0.21428571428571427,-0.0123180095
46.0,0.0,0.2857142857142857,-0.011391232
46.0,0.07142857142857142,0.2857142857142857,0.07068337
46.0,0.14285714285714285,0.2857142857142857,0.15492369
46.0,0.21428571428571427,0.2857142857142857,0.23998746
46.0,0.2857142857142857,0.2857142857142857,0.32340825
46.0,0.3571428571428571,0.2857142857142857,0.39933652
46.0,0.42857142857142855,0.2857142857142857,0.45538807
46.0,0.5,0.2857142857142857,0.47623396
46.0,0.5714285714285714,0.2857142857142857,0.4550616
46.0,0.6428571428571428,0.2857142857142857,0.39940333
46.0,0.7142857142857142,0.2857142857142857,0.3241346
46.0,0.7857142857142857,0.2857142857142857,0.24076307
46.0,0.8571428571428571,0.2857142857142857,0.15523173
46.0,0.9285714285714285,0.2857142857142857,0.0708257
46.0,1.0,0.2857142857142857,-0.011139752
46.0,0.0,0.3571428571428571,-0.009664932
46.0,0.07142857142857142,0.3571428571428571,0.09064889
46.0,0.14285714285714285,0.3571428571428571,0.19381237
46.0,0.21428571428571427,0.3571428571428571,0.29760954
46.0,0.2857142857142857,0.3571428571428571,0.39861313
46.0,0.3571428571428571,0.3571428571428571,0.48991773
46.0,0.42857142857142855,0.3571428571428571,0.5574805
46.0,0.5,0.3571428571428571,0.58321315
46.0,0.5714285714285714,0.3571428571428571,0.5583568
46.0,0.6428571428571428,0.3571428571428571,0.49131903
46.0,0.7142857142857142,0.3571428571428571,0.39937207
46.0,0.7857142857142857,0.3571428571428571,0.29679304
46.0,0.8571428571428571,0.3571428571428571,0.19244388
46.0,0.9285714285714285,0.3571428571428571,0.09139902
46.0,1.0,0.3571428571428571,-0.004465835
46.0,0.0,0.42857142857142855,-0.007933842
46.0,0.07142857142857142,0.42857142857142855,0.106694944
46.0,0.14285714285714285,0.42857142857142855,0.224465
46.0,0.21428571428571427,0.42857142857142855,0.34222773
46.0,0.2857142857142857,0.42857142857142855,0.4559342
46.0,0.3571428571428571,0.42857142857142855,0.55824727
46.0,0.42857142857142855,0.42857142857142855,0.633983
46.0,0.5,0.42857142857142855,0.6625247
46.0,0.5714285714285714,0.42857142857142855,0.6338954
46.0,0.6428571428571428,0.42857142857142855,0.558323
46.0,0.7142857142857142,0.42857142857142855,0.45512652
46.0,0.7857142857142857,0.42857142857142855,0.33993027
46.0,0.8571428571428571,0.42857142857142855,0.22294787
46.0,0.9285714285714285,0.42857142857142855,0.11032617
46.0,1.0,0.42857142857142855,0.0047998
46.0,0.0,0.5,-0.0071504284
46.0,0.07142857142857142,0.5,0.112684086
46.0,0.14285714285714285,0.5,0.23595387
46.0,0.21428571428571427,0.5,0.35900465
46.0,0.2857142857142857,0.5,0.4775309
46.0,0.3571428571428571,0.5,0.58413607
46.0,0.42857142857142855,0.5,0.6630855
46.0,0.5,0.5,0.69216484
46.0,0.5714285714285714,0.5,0.6613371
46.0,0.6428571428571428,0.5,0.5828797
46.0,0.7142857142857142,0.5,0.47674215
46.0,0.7857142857142857,0.5,0.35788426
46.0,0.8571428571428571,0.5,0.23639826
46.0,0.9285714285714285,0.5,0.11924032
46.0,1.0,0.5,0.010349801
46.0,0.0,0.5714285714285714,-0.0065259654
46.0,0.07142857142857142,0.5714285714285714,0.10683824
46.0,0.14285714285714285,0.5714285714285714,0.22380382
46.0,0.21428571428571427,0.5714285714285714,0.341318
46.0,0.2857142857142857,0.5714285714285714,0.45531157
46.0,0.3571428571428571,0.5714285714285714,0.55829626
46.0,0.42857142857142855,0.5714285714285714,0.63458824
46.0,0.5,0.5714285714285714,0.66230464
46.0,0.5714285714285714,0.5714285714285714,0.63236237
46.0,0.6428571428571428,0.5714285714285714,0.55768746
46.0,0.7142857142857142,0.5714285714285714,0.4569657
46.0,0.7857142857142857,0.5714285714285714,0.34335122
46.0,0.8571428571428571,0.5714285714285714,0.22616383
46.0,0.9285714285714285,0.5714285714285714,0.11281123
46.0,1.0,0.5714285714285714,0.008089127
46.0,0.0,0.6428571428571428,-0.0051856134
46.0,0.07142857142857142,0.6428571428571428,0.092925325
46.0,0.14285714285714285,0.6428571428571428,0.1942475
46.0,0.21428571428571427,0.6428571428571428,0.29719397
46.0,0.2857142857142857,0.6428571428571428,0.39851126
46.0,0.3571428571428571,0.6428571428571428,0.49085578
46.0,0.42857142857142855,0.6428571428571428,0.55930305
46.0,0.5,0.6428571428571428,0.5841325
46.0,0.5714285714285714,0.6428571428571428,0.55763274
46.0,0.6428571428571428,0.6428571428571428,0.49152306
46.0,0.7142857142857142,0.6428571428571428,0.4021927
46.0,0.7857142857142857,0.6428571428571428,0.30107257
46.0,0.8571428571428571,0.6428571428571428,0.19639711
46.0,0.9285714285714285,0.6428571428571428,0.09492516
46.0,1.0,0.6428571428571428,0.001127338
46.0,0.0,0.7142857142857142,-0.0025211219
46.0,0.07142857142857142,0.7142857142857142,0.07594603
46.0,0.14285714285714285,0.7142857142857142,0.15644038
46.0,0.21428571428571427,0.7142857142857142,0.2389971
46.0,0.2857142857142857,0.7142857142857142,0.32162932
46.0,0.3571428571428571,0.7142857142857142,0.39787388
46.0,0.42857142857142855,0.7142857142857142,0.4545887
46.0,0.5,0.7142857142857142,0.47542995
46.0,0.5714285714285714,0.7142857142857142,0.45402417
46.0,0.6428571428571428,0.7142857142857142,0.39956534
46.0,0.7142857142857142,0.7142857142857142,0.3257782
46.0,0.7857142857142857,0.7142857142857142,0.24275833
46.0,0.8571428571428571,0.7142857142857142,0.15729323
46.0,0.9285714285714285,0.7142857142857142,0.074135676
46.0,1.0,0.7142857142857142,-0.003919402
46.0,0.0,0.7857142857142857,0.001258282
46.0,0.07142857142857142,0.7857142857142857,0.058973268
46.0,0.14285714285714285,0.7857142857142857,0.11719387
46.0,0.21428571428571427,0.7857142857142857,0.17739135
46.0,0.2857142857142857,0.7857142857142857,0.23890904
46.0,0.3571428571428571,0.7857142857142857,0.29651934
46.0,0.42857142857142855,0.7857142857142857,0.33941993
46.0,0.5,0.7857142857142857,0.35512018
46.0,0.5714285714285714,0.7857142857142857,0.3387911
46.0,0.6428571428571428,0.7857142857142857,0.297067
46.0,0.7142857142857142,0.7857142857142857,0.24088198
46.0,0.7857142857142857,0.7857142857142857,0.1787544
46.0,0.8571428571428571,0.7857142857142857,0.1156153
46.0,0.9285714285714285,0.7857142857142857,0.05372069
46.0,1.0,0.7857142857142857,-0.0062693115
46.0,0.0,0.8571428571428571,0.004124647
46.0,0.07142857142857142,0.8571428571428571,0.04163555
46.0,0.14285714285714285,0.8571428571428571,0.07830294
46.0,0.21428571428571427,0.8571428571428571,0.11664722
46.0,0.2857142857142857,0.8571428571428571,0.15702066
46.0,0.3571428571428571,0.8571428571428571,0.19553617
46.0,0.42857142857142855,0.8571428571428571,0.22413872
46.0,0.5,0.8571428571428571,0.2342816
46.0,0.5714285714285714,0.8571428571428571,0.22282329
46.0,0.6428571428571428,0.8571428571428571,0.194195
46.0,0.7142857142857142,0.8571428571428571,0.15618972
46.0,0.7857142857142857,0.8571428571428571,0.11500033
46.0,0.8571428571428571,0.8571428571428571,0.073534526
46.0,0.9285714285714285,0.8571428571428571,0.032081842
46.0,1.0,0.8571428571428571,-0.010242574
46.0,0.0,0.9285714285714285,0.0021338407
46.0,0.07142857142857142,0.9285714285714285,0.020524757
46.0,0.14285714285714285,0.9285714285714285,0.037137456
46.0,0.21428571428571427,0.9285714285714285,0.05501791
46.0,0.2857142857142857,0.9285714285714285,0.0751862
46.0,0.3571428571428571,0.9285714285714285,0.095357016
46.0,0.42857142857142855,0.9285714285714285,0.110634
46.0,0.5,0.9285714285714285,0.1161718
46.0,0.5714285714285714,0.9285714285714285,0.11020232
46.0,0.6428571428571428,0.9285714285714285,0.09500568
46.0,0.7142857142857142,0.9285714285714285,0.074889
46.0,0.7857142857142857,0.9285714285714285,0.05325242
46.0,0.8571428571428571,0.9285714285714285,0.031160036
46.0,0.9285714285714285,0.9285714285714285,0.0076951925
46.0,1.0,0.9285714285714285,-0.018798765
46.0,0.0,1.0,-0.009105027
46.0,0.07142857142857142,1.0,-0.008417349
46.0,0.14285714285714285,1.0,-0.00989859
46.0,0.21428571428571427,1.0,-0.010373684
46.0,0.2857142857142857,1.0,-0.008242978
46.0,0.3571428571428571,1.0,-0.0039764736
46.0,0.42857142857142855,1.0,0.0005680006
46.0,0.5,1.0,0.0034343172
46.0,0.5714285714285714,1.0,0.0035907533
46.0,0.6428571428571428,1.0,0.001286624
46.0,0.7142857142857142,1.0,-0.002403291
46.0,0.7857142857142857,1.0,-0.006707689
46.0,0.8571428571428571,1.0,-0.012062507
46.0,0.9285714285714285,1.0,-0.020071873
46.0,1.0,1.0,-0.032698918
47.0,0.0,0.0,-0.01845671
47.0,0.07142857142857142,0.0,-0.012513915
47.0,0.14285714285714285,0.0,-0.011296904
47.0,0.21428571428571427,0.0,-0.012151068
47.0,0.2857142857142857,0.0,-0.011417361
47.0,0.3571428571428571,0.0,-0.0072093774
47.0,0.42857142857142855,0.0,-0.0019467007
47.0,0.5,0.0,-0.00011640228
47.0,0.5714285714285714,0.0,-0.003282817
47.0,0.6428571428571428,0.0,-0.008434952
47.0,0.7142857142857142,0.0,-0.010850496
47.0,0.7857142857142857,0.0,-0.008560153
47.0,0.8571428571428571,0.0,-0.0045104045
47.0,0.9285714285714285,0.0,-0.0043019745
47.0,1.0,0.0,-0.012325799
47.0,0.0,0.07142857142857142,-0.012750762
47.0,0.07142857142857142,0.07142857142857142,0.011423109
47.0,0.14285714285714285,0.07142857142857142,0.032510743
47.0,0.21428571428571427,0.07142857142857142,0.05206696
47.0,0.2857142857142857,0.07142857142857142,0.07218527
47.0,0.3571428571428571,0.07142857142857142,0.09283082
47.0,0.42857142857142855,0.07142857142857142,0.10915736
47.0,0.5,0.07142857142857142,0.114401095
47.0,0.5714285714285714,0.07142857142857142,0.10639226
47.0,0.6428571428571428,0.07142857142857142,0.08965378
47.0,0.7142857142857142,0.07142857142857142,0.07134111
47.0,0.7857142857142857,0.07142857142857142,0.05516898
47.0,0.8571428571428571,0.07142857142857142,0.03912089
47.0,0.9285714285714285,0.07142857142857142,0.018894365
47.0,1.0,0.07142857142857142,-0.008234551
47.0,0.0,0.14285714285714285,-0.011368668
47.0,0.07142857142857142,0.14285714285714285,0.03184458
47.0,0.14285714285714285,0.14285714285714285,0.073995836
47.0,0.21428571428571427,0.14285714285714285,0.115558825
47.0,0.2857142857142857,0.14285714285714285,0.15691522
47.0,0.3571428571428571,0.14285714285714285,0.19586
47.0,0.42857142857142855,0.14285714285714285,0.22487268
47.0,0.5,0.14285714285714285,0.23455957
47.0,0.5714285714285714,0.14285714285714285,0.22172691
47.0,0.6428571428571428,0.14285714285714285,0.19220719
47.0,0.7142857142857142,0.14285714285714285,0.15569744
47.0,0.7857142857142857,0.14285714285714285,0.11805462
47.0,0.8571428571428571,0.14285714285714285,0.079095
47.0,0.9285714285714285,0.14285714285714285,0.036784925
47.0,1.0,0.14285714285714285,-0.00977735
47.0,0.0,0.21428571428571427,-0.011576062
47.0,0.07142857142857142,0.21428571428571427,0.051006608
47.0,0.14285714285714285,0.21428571428571427,0.11446483
47.0,0.21428571428571427,0.21428571428571427,0.17828354
47.0,0.2857142857142857,0.21428571428571427,0.24122047
47.0,0.3571428571428571,0.21428571428571427,0.29898092
47.0,0.42857142857142855,0.21428571428571427,0.34145746
47.0,0.5,0.21428571428571427,0.35646167
47.0,0.5714285714285714,0.21428571428571427,0.33928937
47.0,0.6428571428571428,0.21428571428571427,0.29667696
47.0,0.7142857142857142,0.21428571428571427,0.24078584
47.0,0.7857142857142857,0.21428571428571427,0.18006925
47.0,0.8571428571428571,0.21428571428571427,0.117172934
47.0,0.9285714285714285,0.21428571428571427,0.05288481
47.0,1.0,0.21428571428571427,-0.012222836
47.0,0.0,0.2857142857142857,-0.011089178
47.0,0.07142857142857142,0.2857142857142857,0.07071981
47.0,0.14285714285714285,0.2857142857142857,0.15482923
47.0,0.21428571428571427,0.2857142857142857,0.23982921
47.0,0.2857142857142857,0.2857142857142857,0.32312497
47.0,0.3571428571428571,0.2857142857142857,0.398728
47.0,0.42857142857142855,0.2857142857142857,0.45432612
47.0,0.5,0.2857142857142857,0.47494182
47.0,0.5714285714285714,0.2857142857142857,0.45398962
47.0,0.6428571428571428,0.2857142857142857,0.39880443
47.0,0.7142857142857142,0.2857142857142857,0.3239005
47.0,0.7857142857142857,0.2857142857142857,0.24067008
47.0,0.8571428571428571,0.2857142857142857,0.1551515
47.0,0.9285714285714285,0.2857142857142857,0.070768334
47.0,1.0,0.2857142857142857,-0.010997592
47.0,0.0,0.3571428571428571,-0.009243729
47.0,0.07142857142857142,0.3571428571428571,0.090673074
47.0,0.14285714285714285,0.3571428571428571,0.19362214
47.0,0.21428571428571427,0.3571428571428571,0.29730424
47.0,0.2857142857142857,0.3571428571428571,0.39813125
47.0,0.3571428571428571,0.3571428571428571,0.4890271
47.0,0.42857142857142855,0.3571428571428571,0.5560034
47.0,0.5,0.3571428571428571,0.58138454
47.0,0.5714285714285714,0.3571428571428571,0.5567519
47.0,0.6428571428571428,0.3571428571428571,0.49033073
47.0,0.7142857142857142,0.3571428571428571,0.39893907
47.0,0.7857142857142857,0.3571428571428571,0.2966286
47.0,0.8571428571428571,0.3571428571428571,0.19231483
47.0,0.9285714285714285,0.3571428571428571,0.09129227
47.0,1.0,0.3571428571428571,-0.004301438
47.0,0.0,0.42857142857142855,-0.007420631
47.0,0.07142857142857142,0.42857142857142855,0.10664857
47.0,0.14285714285714285,0.42857142857142855,0.22407246
47.0,0.21428571428571427,0.42857142857142855,0.34161994
47.0,0.2857142857142857,0.42857142857142855,0.4550565
47.0,0.3571428571428571,0.42857142857142855,0.556843
47.0,0.42857142857142855,0.42857142857142855,0.6318332
47.0,0.5,0.42857142857142855,0.6599059
47.0,0.5714285714285714,0.42857142857142855,0.63154507
47.0,0.6428571428571428,0.42857142857142855,0.5567637
47.0,0.7142857142857142,0.42857142857142855,0.45431364
47.0,0.7857142857142857,0.42857142857142855,0.33950683
47.0,0.8571428571428571,0.42857142857142855,0.22260553
47.0,0.9285714285714285,0.42857142857142855,0.11005584
47.0,1.0,0.42857142857142855,0.0049117412
47.0,0.0,0.5,-0.0066521335
47.0,0.07142857142857142,0.5,0.11255017
47.0,0.14285714285714285,0.5,0.23540825
47.0,0.21428571428571427,0.5,0.35819042
47.0,0.2857142857142857,0.5,0.47639066
47.0,0.3571428571428571,0.5,0.582393
47.0,0.42857142857142855,0.5,0.66049975
47.0,0.5,0.5,0.6890693
47.0,0.5714285714285714,0.5,0.6585846
47.0,0.6428571428571428,0.5,0.5810213
47.0,0.7142857142857142,0.5,0.47568917
47.0,0.7857142857142857,0.5,0.35724416
47.0,0.8571428571428571,0.5,0.23586228
47.0,0.9285714285714285,0.5,0.118829675
47.0,1.0,0.5,0.010399496
47.0,0.0,0.5714285714285714,-0.0061630104
47.0,0.07142857142857142,0.5714285714285714,0.106655754
47.0,0.14285714285714285,0.5714285714285714,0.22330824
47.0,0.21428571428571427,0.5714285714285714,0.34064063
47.0,0.2857142857142857,0.5714285714285714,0.45437032
47.0,0.3571428571428571,0.5714285714285714,0.5567974
47.0,0.42857142857142855,0.5714285714285714,0.6323006
47.0,0.5,0.5714285714285714,0.6595758
47.0,0.5714285714285714,0.5714285714285714,0.6300055
47.0,0.6428571428571428,0.5714285714285714,0.55614567
47.0,0.7142857142857142,0.5714285714285714,0.45609134
47.0,0.7857142857142857,0.5714285714285714,0.34278387
47.0,0.8571428571428571,0.5714285714285714,0.22566636
47.0,0.9285714285714285,0.5714285714285714,0.11244003
47.0,1.0,0.5714285714285714,0.008161878
47.0,0.0,0.6428571428571428,-0.004921006
47.0,0.07142857142857142,0.6428571428571428,0.09279185
47.0,0.14285714285714285,0.6428571428571428,0.19395079
47.0,0.21428571428571427,0.6428571428571428,0.2968416
47.0,0.2857142857142857,0.6428571428571428,0.39799517
47.0,0.3571428571428571,0.6428571428571428,0.48989818
47.0,0.42857142857142855,0.6428571428571428,0.5577241
47.0,0.5,0.6428571428571428,0.5822505
47.0,0.5714285714285714,0.6428571428571428,0.5560874
47.0,0.6428571428571428,0.6428571428571428,0.49059215
47.0,0.7142857142857142,0.6428571428571428,0.40169728
47.0,0.7857142857142857,0.6428571428571428,0.30072933
47.0,0.8571428571428571,0.6428571428571428,0.19606231
47.0,0.9285714285714285,0.6428571428571428,0.094683446
47.0,1.0,0.6428571428571428,0.0012533981
47.0,0.0,0.7142857142857142,-0.0022698585
47.0,0.07142857142857142,0.7142857142857142,0.07590872
47.0,0.14285714285714285,0.7142857142857142,0.156333
47.0,0.21428571428571427,0.7142857142857142,0.2389017
47.0,0.2857142857142857,0.7142857142857142,0.32143316
47.0,0.3571428571428571,0.7142857142857142,0.39734325
47.0,0.42857142857142855,0.7142857142857142,0.45360938
47.0,0.5,0.7142857142857142,0.47426075
47.0,0.5714285714285714,0.7142857142857142,0.45310912
47.0,0.6428571428571428,0.7142857142857142,0.39906046
47.0,0.7142857142857142,0.7142857142857142,0.3255233
47.0,0.7857142857142857,0.7142857142857142,0.24254826
47.0,0.8571428571428571,0.7142857142857142,0.15704983
47.0,0.9285714285714285,0.7142857142857142,0.07395567
47.0,1.0,0.7142857142857142,-0.0038064476
47.0,0.0,0.7857142857142857,0.0014965069
47.0,0.07142857142857142,0.7857142857142857,0.058983453
47.0,0.14285714285714285,0.7857142857142857,0.11717006
47.0,0.21428571428571427,0.7857142857142857,0.17739484
47.0,0.2857142857142857,0.7857142857142857,0.23882803
47.0,0.3571428571428571,0.7857142857142857,0.2961623
47.0,0.42857142857142855,0.7857142857142857,0.33872044
47.0,0.5,0.7857142857142857,0.3542824
47.0,0.5714285714285714,0.7857142857142857,0.33812484
47.0,0.6428571428571428,0.7857142857142857,0.2966842
47.0,0.7142857142857142,0.7857142857142857,0.24067605
47.0,0.7857142857142857,0.7857142857142857,0.17857908
47.0,0.8571428571428571,0.7857142857142857,0.115417756
47.0,0.9285714285714285,0.7857142857142857,0.05358395
47.0,1.0,0.7857142857142857,-0.0061600003
47.0,0.0,0.8571428571428571,0.004268294
47.0,0.07142857142857142,0.8571428571428571,0.0416018
47.0,0.14285714285714285,0.8571428571428571,0.07826947
47.0,0.21428571428571427,0.8571428571428571,0.11666236
47.0,0.2857142857142857,0.8571428571428571,0.15698051
47.0,0.3571428571428571,0.8571428571428571,0.19528377
47.0,0.42857142857142855,0.8571428571428571,0.22362931
47.0,0.5,0.8571428571428571,0.23366158
47.0,0.5714285714285714,0.8571428571428571,0.2223076
47.0,0.6428571428571428,0.8571428571428571,0.19387817
47.0,0.7142857142857142,0.8571428571428571,0.15601532
47.0,0.7857142857142857,0.8571428571428571,0.11486838
47.0,0.8571428571428571,0.8571428571428571,0.07340755
47.0,0.9285714285714285,0.8571428571428571,0.032025434
47.0,1.0,0.8571428571428571,-0.010080483
47.0,0.0,0.9285714285714285,0.002107352
47.0,0.07142857142857142,0.9285714285714285,0.020401048
47.0,0.14285714285714285,0.9285714285714285,0.03708507
47.0,0.21428571428571427,0.9285714285714285,0.055080615
47.0,0.2857142857142857,0.9285714285714285,0.07527738
47.0,0.3571428571428571,0.9285714285714285,0.09534918
47.0,0.42857142857142855,0.9285714285714285,0.11047676
47.0,0.5,0.9285714285714285,0.115935884
47.0,0.5714285714285714,0.9285714285714285,0.11000722
47.0,0.6428571428571428,0.9285714285714285,0.09491158
47.0,0.7142857142857142,0.9285714285714285,0.0748697
47.0,0.7857142857142857,0.9285714285714285,0.053248964
47.0,0.8571428571428571,0.9285714285714285,0.031153409
47.0,0.9285714285714285,0.9285714285714285,0.0077459645
47.0,1.0,0.9285714285714285,-0.018564038
47.0,0.0,1.0,-0.009280721
47.0,0.07142857142857142,1.0,-0.008566663
47.0,0.14285714285714285,1.0,-0.009866174
47.0,0.21428571428571427,1.0,-0.010121299
47.0,0.2857142857142857,1.0,-0.007840367
47.0,0.3571428571428571,1.0,-0.0035345014
47.0,0.42857142857142855,1.0,0.00097156875
47.0,0.5,1.0,0.0037854258
47.0,0.5714285714285714,1.0,0.0039135534
47.0,0.6428571428571428,1.0,0.0015957076
47.0,0.7142857142857142,1.0,-0.00212319
47.0,0.7857142857142857,1.0,-0.006482823
47.0,0.8571428571428571,1.0,-0.011889303
47.0,0.9285714285714285,1.0,-0.019886086
47.0,1.0,1.0,-0.032382935
48.0,0.0,0.0,-0.018657109
48.0,0.07142857142857142,0.0,-0.012730742
48.0,0.14285714285714285,0.0,-0.01139543
48.0,0.21428571428571427,0.0,-0.012007264
48.0,0.2857142857142857,0.0,-0.011014523
48.0,0.3571428571428571,0.0,-0.0066765975
48.0,0.42857142857142855,0.0,-0.0014245156
48.0,0.5,0.0,0.00037989952
48.0,0.5714285714285714,0.0,-0.0027644075
48.0,0.6428571428571428,0.0,-0.007926484
48.0,0.7142857142857142,0.0,-0.010468375
48.0,0.7857142857142857,0.0,-0.008370244
48.0,0.8571428571428571,0.0,-0.004420709
48.0,0.9285714285714285,0.0,-0.0041268226
48.0,1.0,0.0,-0.011918759
48.0,0.0,0.07142857142857142,-0.012901479
48.0,0.07142857142857142,0.07142857142857142,0.011205321
48.0,0.14285714285714285,0.07142857142857142,0.0323326
48.0,0.21428571428571427,0.07142857142857142,0.052013434
48.0,0.2857142857142857,0.07142857142857142,0.072240464
48.0,0.3571428571428571,0.07142857142857142,0.09285186
48.0,0.42857142857142855,0.07142857142857142,0.109034695
48.0,0.5,0.07142857142857142,0.11421511
48.0,0.5714285714285714,0.07142857142857142,0.10629939
48.0,0.6428571428571428,0.07142857142857142,0.089676164
48.0,0.7142857142857142,0.07142857142857142,0.07134825
48.0,0.7857142857142857,0.07142857142857142,0.05506161
48.0,0.8571428571428571,0.07142857142857142,0.03896398
48.0,0.9285714285714285,0.07142857142857142,0.018836921
48.0,1.0,0.07142857142857142,-0.008075239
48.0,0.0,0.14285714285714285,-0.011398086
48.0,0.07142857142857142,0.14285714285714285,0.031700864
48.0,0.14285714285714285,0.14285714285714285,0.07382778
48.0,0.21428571428571427,0.14285714285714285,0.1154216
48.0,0.2857142857142857,0.14285714285714285,0.15676641
48.0,0.3571428571428571,0.14285714285714285,0.19554438
48.0,0.42857142857142855,0.14285714285714285,0.2243026
48.0,0.5,0.14285714285714285,0.23389283
48.0,0.5714285714285714,0.14285714285714285,0.22121951
48.0,0.6428571428571428,0.14285714285714285,0.19193743
48.0,0.7142857142857142,0.14285714285714285,0.15552591
48.0,0.7857142857142857,0.14285714285714285,0.117846705
48.0,0.8571428571428571,0.14285714285714285,0.07887118
48.0,0.9285714285714285,0.14285714285714285,0.036643155
48.0,1.0,0.14285714285714285,-0.0097343605
48.0,0.0,0.21428571428571427,-0.011450553
48.0,0.07142857142857142,0.21428571428571427,0.050962992
48.0,0.14285714285714285,0.21428571428571427,0.114347465
48.0,0.21428571428571427,0.21428571428571427,0.1781373
48.0,0.2857142857142857,0.21428571428571427,0.24098668
48.0,0.3571428571428571,0.21428571428571427,0.2984904
48.0,0.42857142857142855,0.21428571428571427,0.3406216
48.0,0.5,0.21428571428571427,0.35548246
48.0,0.5714285714285714,0.21428571428571427,0.33851045
48.0,0.6428571428571428,0.21428571428571427,0.2962474
48.0,0.7142857142857142,0.21428571428571427,0.24057582
48.0,0.7857142857142857,0.21428571428571427,0.17990522
48.0,0.8571428571428571,0.21428571428571427,0.1170095
48.0,0.9285714285714285,0.21428571428571427,0.05276557
48.0,1.0,0.21428571428571427,-0.012180461
48.0,0.0,0.2857142857142857,-0.0108195
48.0,0.07142857142857142,0.2857142857142857,0.07074096
48.0,0.14285714285714285,0.2857142857142857,0.15472679
48.0,0.21428571428571427,0.2857142857142857,0.23966026
48.0,0.2857142857142857,0.2857142857142857,0.32282412
48.0,0.3571428571428571,0.2857142857142857,0.39810282
48.0,0.42857142857142855,0.2857142857142857,0.45325902
48.0,0.5,0.2857142857142857,0.47365126
48.0,0.5714285714285714,0.2857142857142857,0.4529102
48.0,0.6428571428571428,0.2857142857142857,0.39818868
48.0,0.7142857142857142,0.2857142857142857,0.32365304
48.0,0.7857142857142857,0.2857142857142857,0.2405724
48.0,0.8571428571428571,0.2857142857142857,0.15506673
48.0,0.9285714285714285,0.2857142857142857,0.07069232
48.0,1.0,0.2857142857142857,-0.01089959
48.0,0.0,0.3571428571428571,-0.008858638
48.0,0.07142857142857142,0.3571428571428571,0.090682775
48.0,0.14285714285714285,0.3571428571428571,0.19342509
48.0,0.21428571428571427,0.3571428571428571,0.29698592
48.0,0.2857142857142857,0.3571428571428571,0.39762703
48.0,0.3571428571428571,0.3571428571428571,0.4881159
48.0,0.42857142857142855,0.3571428571428571,0.55452085
48.0,0.5,0.3571428571428571,0.57956064
48.0,0.5714285714285714,0.3571428571428571,0.5551419
48.0,0.6428571428571428,0.3571428571428571,0.48932454
48.0,0.7142857142857142,0.3571428571428571,0.39849
48.0,0.7857142857142857,0.3571428571428571,0.29645982
48.0,0.8571428571428571,0.3571428571428571,0.19218725
48.0,0.9285714285714285,0.3571428571428571,0.091173805
48.0,1.0,0.3571428571428571,-0.0041805673
48.0,0.0,0.42857142857142855,-0.0069510583
48.0,0.07142857142857142,0.42857142857142855,0.10658505
48.0,0.14285714285714285,0.42857142857142855,0.22367525
48.0,0.21428571428571427,0.42857142857142855,0.3410052
48.0,0.2857142857142857,0.42857142857142855,0.4541658
48.0,0.3571428571428571,0.42857142857142855,0.55543005
48.0,0.42857142857142855,0.42857142857142855,0.6296948
48.0,0.5,0.42857142857142855,0.65731424
48.0,0.5714285714285714,0.42857142857142855,0.6292117
48.0,0.6428571428571428,0.42857142857142855,0.5552008
48.0,0.7142857142857142,0.42857142857142855,0.45349103
48.0,0.7857142857142857,0.42857142857142855,0.33908367
48.0,0.8571428571428571,0.42857142857142855,0.22227083
48.0,0.9285714285714285,0.42857142857142855,0.109779544
48.0,1.0,0.42857142857142855,0.004979415
48.0,0.0,0.5,-0.0062038545
48.0,0.07142857142857142,0.5,0.1123967
48.0,0.14285714285714285,0.5,0.2348627
48.0,0.21428571428571427,0.5,0.3573785
48.0,0.2857142857142857,0.5,0.47525027
48.0,0.3571428571428571,0.5,0.5806562
48.0,0.42857142857142855,0.5,0.65794295
48.0,0.5,0.5,0.686021
48.0,0.5714285714285714,0.5,0.65586656
48.0,0.6428571428571428,0.5,0.57916886
48.0,0.7142857142857142,0.5,0.47463092
48.0,0.7857142857142857,0.5,0.35660762
48.0,0.8571428571428571,0.5,0.23533775
48.0,0.9285714285714285,0.5,0.11841584
48.0,1.0,0.5,0.010405159
48.0,0.0,0.5714285714285714,-0.005850183
48.0,0.07142857142857142,0.5714285714285714,0.10645577
48.0,0.14285714285714285,0.5714285714285714,0.22281477
48.0,0.21428571428571427,0.5714285714285714,0.33996838
48.0,0.2857142857142857,0.5714285714285714,0.4534291
48.0,0.3571428571428571,0.5714285714285714,0.55530214
48.0,0.42857142857142855,0.5714285714285714,0.63003415
48.0,0.5,0.5714285714285714,0.6568819
48.0,0.5714285714285714,0.5714285714285714,0.6276674
48.0,0.6428571428571428,0.5714285714285714,0.5545974
48.0,0.7142857142857142,0.5714285714285714,0.455202
48.0,0.7857142857142857,0.5714285714285714,0.34221333
48.0,0.8571428571428571,0.5714285714285714,0.2251758
48.0,0.9285714285714285,0.5714285714285714,0.11206455
48.0,1.0,0.5714285714285714,0.008193893
48.0,0.0,0.6428571428571428,-0.0047077183
48.0,0.07142857142857142,0.6428571428571428,0.092639565
48.0,0.14285714285714285,0.6428571428571428,0.19365424
48.0,0.21428571428571427,0.6428571428571428,0.29649252
48.0,0.2857142857142857,0.6428571428571428,0.39747754
48.0,0.3571428571428571,0.6428571428571428,0.48893932
48.0,0.42857142857142855,0.6428571428571428,0.5561549
48.0,0.5,0.6428571428571428,0.5803834
48.0,0.5714285714285714,0.6428571428571428,0.55454147
48.0,0.6428571428571428,0.6428571428571428,0.4896424
48.0,0.7142857142857142,0.6428571428571428,0.4011813
48.0,0.7857142857142857,0.6428571428571428,0.30037856
48.0,0.8571428571428571,0.6428571428571428,0.19573063
48.0,0.9285714285714285,0.6428571428571428,0.094436385
48.0,1.0,0.6428571428571428,0.0013429355
48.0,0.0,0.7142857142857142,-0.0020751525
48.0,0.07142857142857142,0.7142857142857142,0.075846
48.0,0.14285714285714285,0.7142857142857142,0.15621954
48.0,0.21428571428571427,0.7142857142857142,0.23880759
48.0,0.2857142857142857,0.7142857142857142,0.3212379
48.0,0.3571428571428571,0.7142857142857142,0.39681673
48.0,0.42857142857142855,0.7142857142857142,0.45264283
48.0,0.5,0.7142857142857142,0.4731067
48.0,0.5714285714285714,0.7142857142857142,0.45219728
48.0,0.6428571428571428,0.7142857142857142,0.39854506
48.0,0.7142857142857142,0.7142857142857142,0.32525724
48.0,0.7857142857142857,0.7142857142857142,0.2423358
48.0,0.8571428571428571,0.7142857142857142,0.15680905
48.0,0.9285714285714285,0.7142857142857142,0.07376798
48.0,1.0,0.7142857142857142,-0.0037263874
48.0,0.0,0.7857142857142857,0.0016697999
48.0,0.07142857142857142,0.7857142857142857,0.058958463
48.0,0.14285714285714285,0.7857142857142857,0.11713109
48.0,0.21428571428571427,0.7857142857142857,0.17739318
48.0,0.2857142857142857,0.7857142857142857,0.2387465
48.0,0.3571428571428571,0.7857142857142857,0.29581234
48.0,0.42857142857142855,0.7857142857142857,0.33803862
48.0,0.5,0.7857142857142857,0.35346553
48.0,0.5714285714285714,0.7857142857142857,0.33747196
48.0,0.6428571428571428,0.7857142857142857,0.29630437
48.0,0.7142857142857142,0.7857142857142857,0.24046868
48.0,0.7857142857142857,0.7857142857142857,0.17840359
48.0,0.8571428571428571,0.7857142857142857,0.115219004
48.0,0.9285714285714285,0.7857142857142857,0.053433992
48.0,1.0,0.7857142857142857,-0.006086001
48.0,0.0,0.8571428571428571,0.0043397006
48.0,0.07142857142857142,0.8571428571428571,0.041523226
48.0,0.14285714285714285,0.8571428571428571,0.07820997
48.0,0.21428571428571427,0.8571428571428571,0.11666087
48.0,0.2857142857142857,0.8571428571428571,0.15692912
48.0,0.3571428571428571,0.8571428571428571,0.19502807
48.0,0.42857142857142855,0.8571428571428571,0.22312723
48.0,0.5,0.8571428571428571,0.23305386
48.0,0.5714285714285714,0.8571428571428571,0.22180088
48.0,0.6428571428571428,0.8571428571428571,0.1935629
48.0,0.7142857142857142,0.8571428571428571,0.1558371
48.0,0.7857142857142857,0.8571428571428571,0.114731126
48.0,0.8571428571428571,0.8571428571428571,0.07327098
48.0,0.9285714285714285,0.8571428571428571,0.031948216
48.0,1.0,0.8571428571428571,-0.009957114
48.0,0.0,0.9285714285714285,0.00200635
48.0,0.07142857142857142,0.9285714285714285,0.020226123
48.0,0.14285714285714285,0.9285714285714285,0.036996856
48.0,0.21428571428571427,0.9285714285714285,0.05511339
48.0,0.2857142857142857,0.9285714285714285,0.07534113
48.0,0.3571428571428571,0.9285714285714285,0.09531832
48.0,0.42857142857142855,0.9285714285714285,0.11030405
48.0,0.5,0.9285714285714285,0.115689926
48.0,0.5714285714285714,0.9285714285714285,0.109801285
48.0,0.6428571428571428,0.9285714285714285,0.09480394
48.0,0.7142857142857142,0.9285714285714285,0.074834384
48.0,0.7857142857142857,0.9285714285714285,0.053228773
48.0,0.8571428571428571,0.9285714285714285,0.03112734
48.0,0.9285714285714285,0.9285714285714285,0.0077690966
48.0,1.0,0.9285714285714285,-0.01837015
48.0,0.0,1.0,-0.009529524
48.0,0.07142857142857142,1.0,-0.008770814
48.0,0.14285714285714285,1.0,-0.009879593
48.0,0.21428571428571427,1.0,-0.009913707
48.0,0.2857142857142857,1.0,-0.007484002
48.0,0.3571428571428571,1.0,-0.0031386446
48.0,0.42857142857142855,1.0,0.0013321657
48.0,0.5,1.0,0.004098097
48.0,0.5714285714285714,1.0,0.004200725
48.0,0.6428571428571428,1.0,0.0018703248
48.0,0.7142857142857142,1.0,-0.0018764269
48.0,0.7857142857142857,1.0,-0.0062891524
48.0,0.8571428571428571,1.0,-0.011746077
48.0,0.9285714285714285,1.0,-0.019733569
48.0,1.0,1.0,-0.0321095
49.0,0.0,0.0,-0.018916463
49.0,0.07142857142857142,0.0,-0.0129887145
49.0,0.14285714285714285,0.0,-0.011517769
49.0,0.21428571428571427,0.0,-0.011878138
49.0,0.2857142857142857,0.0,-0.010624731
49.0,0.3571428571428571,0.0,-0.0061573815
49.0,0.42857142857142855,0.0,-0.00091440417
49.0,0.5,0.0,0.00086464174
49.0,0.5714285714285714,0.0,-0.0022623446
49.0,0.6428571428571428,0.0,-0.0074374815
49.0,0.7142857142857142,0.0,-0.010108798
49.0,0.7857142857142857,0.0,-0.008210765
49.0,0.8571428571428571,0.0,-0.0043796487
49.0,0.9285714285714285,0.0,-0.004024565
49.0,1.0,0.0,-0.01160744
49.0,0.0,0.07142857142857142,-0.013100876
49.0,0.07142857142857142,0.07142857142857142,0.010955328
49.0,0.14285714285714285,0.07142857142857142,0.032136984
49.0,0.21428571428571427,0.07142857142857142,0.051951163
49.0,0.2857142857142857,0.07142857142857142,0.072289
49.0,0.3571428571428571,0.07142857142857142,0.09286872
49.0,0.42857142857142855,0.07142857142857142,0.10891432
49.0,0.5,0.07142857142857142,0.114033975
49.0,0.5714285714285714,0.07142857142857142,0.10620586
49.0,0.6428571428571428,0.07142857142857142,0.08969174
49.0,0.7142857142857142,0.07142857142857142,0.07134562
49.0,0.7857142857142857,0.07142857142857142,0.054937832
49.0,0.8571428571428571,0.07142857142857142,0.038772218
49.0,0.9285714285714285,0.07142857142857142,0.018720726
49.0,1.0,0.07142857142857142,-0.007996893
49.0,0.0,0.14285714285714285,-0.011467097
49.0,0.07142857142857142,0.14285714285714285,0.031533293
49.0,0.14285714285714285,0.14285714285714285,0.07364728
49.0,0.21428571428571427,0.14285714285714285,0.11527764
49.0,0.2857142857142857,0.14285714285714285,0.15661162
49.0,0.3571428571428571,0.14285714285714285,0.1952275
49.0,0.42857142857142855,0.14285714285714285,0.22374162
49.0,0.5,0.14285714285714285,0.23323894
49.0,0.5714285714285714,0.14285714285714285,0.22071733
49.0,0.6428571428571428,0.14285714285714285,0.19166496
49.0,0.7142857142857142,0.14285714285714285,0.15535054
49.0,0.7857142857142857,0.14285714285714285,0.117631055
49.0,0.8571428571428571,0.14285714285714285,0.07862489
49.0,0.9285714285714285,0.14285714285714285,0.036458865
49.0,1.0,0.14285714285714285,-0.009755256
49.0,0.0,0.21428571428571427,-0.01136004
49.0,0.07142857142857142,0.21428571428571427,0.05090054
49.0,0.14285714285714285,0.21428571428571427,0.1142203
49.0,0.21428571428571427,0.21428571428571427,0.1779828
49.0,0.2857142857142857,0.21428571428571427,0.24074242
49.0,0.3571428571428571,0.21428571428571427,0.29799294
49.0,0.42857142857142855,0.21428571428571427,0.33978987
49.0,0.5,0.21428571428571427,0.35451224
49.0,0.5714285714285714,0.21428571428571427,0.33773184
49.0,0.6428571428571428,0.21428571428571427,0.2958105
49.0,0.7142857142857142,0.21428571428571427,0.24035996
49.0,0.7857142857142857,0.21428571428571427,0.17973742
49.0,0.8571428571428571,0.21428571428571427,0.11683426
49.0,0.9285714285714285,0.21428571428571427,0.052618258
49.0,1.0,0.21428571428571427,-0.012188232
49.0,0.0,0.2857142857142857,-0.010583008
49.0,0.07142857142857142,0.2857142857142857,0.07074602
49.0,0.14285714285714285,0.2857142857142857,0.15461501
49.0,0.21428571428571427,0.2857142857142857,0.23947933
49.0,0.2857142857142857,0.2857142857142857,0.32250506
49.0,0.3571428571428571,0.2857142857142857,0.39746144
49.0,0.42857142857142855,0.2857142857142857,0.45218825
49.0,0.5,0.2857142857142857,0.47236276
49.0,0.5714285714285714,0.2857142857142857,0.45182392
49.0,0.6428571428571428,0.2857142857142857,0.39755645
49.0,0.7142857142857142,0.2857142857142857,0.3233937
49.0,0.7857142857142857,0.2857142857142857,0.24047056
49.0,0.8571428571428571,0.2857142857142857,0.15497747
49.0,0.9285714285714285,0.2857142857142857,0.070598975
49.0,1.0,0.2857142857142857,-0.010843625
49.0,0.0,0.3571428571428571,-0.008509362
49.0,0.07142857142857142,0.3571428571428571,0.09067624
49.0,0.14285714285714285,0.3571428571428571,0.19321898
49.0,0.21428571428571427,0.3571428571428571,0.29665455
49.0,0.2857142857142857,0.3571428571428571,0.39710253
49.0,0.3571428571428571,0.3571428571428571,0.48718527
49.0,0.42857142857142855,0.3571428571428571,0.5530331
49.0,0.5,0.3571428571428571,0.5777412
49.0,0.5714285714285714,0.3571428571428571,0.55352914
49.0,0.6428571428571428,0.3571428571428571,0.4883017
49.0,0.7142857142857142,0.3571428571428571,0.39802602
49.0,0.7857142857142857,0.3571428571428571,0.29628652
49.0,0.8571428571428571,0.3571428571428571,0.192061
49.0,0.9285714285714285,0.3571428571428571,0.09104495
49.0,1.0,0.3571428571428571,-0.004098976
49.0,0.0,0.42857142857142855,-0.006524818
49.0,0.07142857142857142,0.42857142857142855,0.10650337
49.0,0.14285714285714285,0.42857142857142855,0.22327188
49.0,0.21428571428571427,0.42857142857142855,0.34038296
49.0,0.2857142857142857,0.42857142857142855,0.45326293
49.0,0.3571428571428571,0.42857142857142855,0.5540092
49.0,0.42857142857142855,0.42857142857142855,0.627568
49.0,0.5,0.42857142857142855,0.6547503
49.0,0.5714285714285714,0.42857142857142855,0.62689596
49.0,0.6428571428571428,0.42857142857142855,0.5536352
49.0,0.7142857142857142,0.42857142857142855,0.45265916
49.0,0.7857142857142857,0.42857142857142855,0.3386599
49.0,0.8571428571428571,0.42857142857142855,0.22194386
49.0,0.9285714285714285,0.42857142857142855,0.10949749
49.0,1.0,0.42857142857142855,0.0050077047
49.0,0.0,0.5,-0.005804347
49.0,0.07142857142857142,0.5,0.112225205
49.0,0.14285714285714285,0.5,0.2343156
49.0,0.21428571428571427,0.5,0.35656855
49.0,0.2857142857142857,0.5,0.47410917
49.0,0.3571428571428571,0.5,0.5789255
49.0,0.42857142857142855,0.5,0.6554148
49.0,0.5,0.5,0.6830186
49.0,0.5714285714285714,0.5,0.6531819
49.0,0.6428571428571428,0.5,0.57732373
49.0,0.7142857142857142,0.5,0.47356802
49.0,0.7857142857142857,0.5,0.3559726
49.0,0.8571428571428571,0.5,0.23482466
49.0,0.9285714285714285,0.5,0.118000396
49.0,1.0,0.5,0.010372663
49.0,0.0,0.5714285714285714,-0.0055857245
49.0,0.07142857142857142,0.5714285714285714,0.10623926
49.0,0.14285714285714285,0.5714285714285714,0.22232315
49.0,0.21428571428571427,0.5714285714285714,0.339301
49.0,0.2857142857142857,0.5714285714285714,0.4524884
49.0,0.3571428571428571,0.5714285714285714,0.5538099
49.0,0.42857142857142855,0.5714285714285714,0.62778914
49.0,0.5,0.5714285714285714,0.6542214
49.0,0.5714285714285714,0.5714285714285714,0.62534845
49.0,0.6428571428571428,0.5714285714285714,0.55304307
49.0,0.7142857142857142,0.5714285714285714,0.45429924
49.0,0.7857142857142857,0.5714285714285714,0.34163892
49.0,0.8571428571428571,0.5714285714285714,0.22469275
49.0,0.9285714285714285,0.5714285714285714,0.111687444
49.0,1.0,0.5714285714285714,0.008189401
49.0,0.0,0.6428571428571428,-0.004543232
49.0,0.07142857142857142,0.6428571428571428,0.092469
49.0,0.14285714285714285,0.6428571428571428,0.19335778
49.0,0.21428571428571427,0.6428571428571428,0.29614618
49.0,0.2857142857142857,0.6428571428571428,0.3969576
49.0,0.3571428571428571,0.6428571428571428,0.48797882
49.0,0.42857142857142855,0.6428571428571428,0.5545951
49.0,0.5,0.6428571428571428,0.578531
49.0,0.5714285714285714,0.6428571428571428,0.55299574
49.0,0.6428571428571428,0.6428571428571428,0.48867458
49.0,0.7142857142857142,0.6428571428571428,0.40064642
49.0,0.7857142857142857,0.6428571428571428,0.30002087
49.0,0.8571428571428571,0.6428571428571428,0.19540203
49.0,0.9285714285714285,0.6428571428571428,0.094185546
49.0,1.0,0.6428571428571428,0.0014001187
49.0,0.0,0.7142857142857142,-0.0019354243
49.0,0.07142857142857142,0.7142857142857142,0.07575842
49.0,0.14285714285714285,0.7142857142857142,0.15610036
49.0,0.21428571428571427,0.7142857142857142,0.23871326
49.0,0.2857142857142857,0.7142857142857142,0.32104206
49.0,0.3571428571428571,0.7142857142857142,0.39629325
49.0,0.42857142857142855,0.7142857142857142,0.45168838
49.0,0.5,0.7142857142857142,0.47196737
49.0,0.5714285714285714,0.7142857142857142,0.4512881
49.0,0.6428571428571428,0.7142857142857142,0.39801997
49.0,0.7142857142857142,0.7142857142857142,0.32498094
49.0,0.7857142857142857,0.7142857142857142,0.24212077
49.0,0.8571428571428571,0.7142857142857142,0.1565713
49.0,0.9285714285714285,0.7142857142857142,0.07357519
49.0,1.0,0.7142857142857142,-0.0036759283
49.0,0.0,0.7857142857142857,0.0017794874
49.0,0.07142857142857142,0.7857142857142857,0.058898576
49.0,0.14285714285714285,0.7857142857142857,0.11707733
49.0,0.21428571428571427,0.7857142857142857,0.17738505
49.0,0.2857142857142857,0.7857142857142857,0.23866317
49.0,0.3571428571428571,0.7857142857142857,0.29546824
49.0,0.42857142857142855,0.7857142857142857,0.3373732
49.0,0.5,0.7857142857142857,0.3526695
49.0,0.5714285714285714,0.7857142857142857,0.3368321
49.0,0.6428571428571428,0.7857142857142857,0.29592726
49.0,0.7142857142857142,0.7857142857142857,0.24026066
49.0,0.7857142857142857,0.7857142857142857,0.17822906
49.0,0.8571428571428571,0.7857142857142857,0.11501976
49.0,0.9285714285714285,0.7857142857142857,0.053272665
49.0,1.0,0.7857142857142857,-0.006045053
49.0,0.0,0.8571428571428571,0.00434109
49.0,0.07142857142857142,0.8571428571428571,0.041400388
49.0,0.14285714285714285,0.8571428571428571,0.07812431
49.0,0.21428571428571427,0.8571428571428571,0.116642304
49.0,0.2857142857142857,0.8571428571428571,0.15686628
49.0,0.3571428571428571,0.8571428571428571,0.19476965
49.0,0.42857142857142855,0.8571428571428571,0.22263294
49.0,0.5,0.8571428571428571,0.23245999
49.0,0.5714285714285714,0.8571428571428571,0.22130433
49.0,0.6428571428571428,0.8571428571428571,0.19324969
49.0,0.7142857142857142,0.8571428571428571,0.15565625
49.0,0.7857142857142857,0.8571428571428571,0.11458898
49.0,0.8571428571428571,0.8571428571428571,0.07312556
49.0,0.9285714285714285,0.8571428571428571,0.03185197
49.0,1.0,0.8571428571428571,-0.009871053
49.0,0.0,0.9285714285714285,0.0018323828
49.0,0.07142857142857142,0.9285714285714285,0.020001763
49.0,0.14285714285714285,0.9285714285714285,0.036872804
49.0,0.21428571428571427,0.9285714285714285,0.055116095
49.0,0.2857142857142857,0.9285714285714285,0.07537771
49.0,0.3571428571428571,0.9285714285714285,0.09526641
49.0,0.42857142857142855,0.9285714285714285,0.11011834
49.0,0.5,0.9285714285714285,0.115436025
49.0,0.5714285714285714,0.9285714285714285,0.10958727
49.0,0.6428571428571428,0.9285714285714285,0.09468437
49.0,0.7142857142857142,0.9285714285714285,0.07478466
49.0,0.7857142857142857,0.9285714285714285,0.05319207
49.0,0.8571428571428571,0.9285714285714285,0.031082341
49.0,0.9285714285714285,0.9285714285714285,0.0077662654
49.0,1.0,0.9285714285714285,-0.018215803
49.0,0.0,1.0,-0.00984858
49.0,0.07142857142857142,1.0,-0.009028079
49.0,0.14285714285714285,1.0,-0.009938698
49.0,0.21428571428571427,1.0,-0.00975045
49.0,0.2857142857142857,1.0,-0.0071730036
49.0,0.3571428571428571,1.0,-0.002786981
49.0,0.42857142857142855,1.0,0.0016529318
49.0,0.5,1.0,0.0043755453
49.0,0.5714285714285714,1.0,0.0044541266
49.0,0.6428571428571428,1.0,0.0021124724
49.0,0.7142857142857142,1.0,-0.0016604643
49.0,0.7857142857142857,1.0,-0.006124532
49.0,0.8571428571428571,1.0,-0.011631614
49.0,0.9285714285714285,1.0,-0.019614203
49.0,1.0,1.0,-0.03187696
50.0,0.0,0.0,-0.01923369
50.0,0.07142857142857142,0.0,-0.013287133
50.0,0.14285714285714285,0.0,-0.01166497
50.0,0.21428571428571427,0.0,-0.011763459
50.0,0.2857142857142857,0.0,-0.010248156
50.0,0.3571428571428571,0.0,-0.0056514572
50.0,0.42857142857142855,0.0,-0.0004160609
50.0,0.5,0.0,0.001338264
50.0,0.5714285714285714,0.0,-0.0017744862
50.0,0.6428571428571428,0.0,-0.0069672503
50.0,0.7142857142857142,0.0,-0.0097700255
50.0,0.7857142857142857,0.0,-0.008078862
50.0,0.8571428571428571,0.0,-0.004384456
50.0,0.9285714285714285,0.0,-0.0039937813
50.0,1.0,0.0,-0.011390431
50.0,0.0,0.07142857142857142,-0.013348622
50.0,0.07142857142857142,0.07142857142857142,0.010673543
50.0,0.14285714285714285,0.07142857142857142,0.03192412
50.0,0.21428571428571427,0.07142857142857142,0.05187922
50.0,0.2857142857142857,0.07142857142857142,0.072330244
50.0,0.3571428571428571,0.07142857142857142,0.09288139
50.0,0.42857142857142855,0.07142857142857142,0.108797304
50.0,0.5,0.07142857142857142,0.11385851
50.0,0.5714285714285714,0.07142857142857142,0.10611283
50.0,0.6428571428571428,0.07142857142857142,0.089700975
50.0,0.7142857142857142,0.07142857142857142,0.071334034
50.0,0.7857142857142857,0.07142857142857142,0.05479847
50.0,0.8571428571428571,0.07142857142857142,0.03854806
50.0,0.9285714285714285,0.07142857142857142,0.018548409
50.0,1.0,0.07142857142857142,-0.0079974625
50.0,0.0,0.14285714285714285,-0.011576256
50.0,0.07142857142857142,0.14285714285714285,0.031340964
50.0,0.14285714285714285,0.14285714285714285,0.07345483
50.0,0.21428571428571427,0.14285714285714285,0.11512708
50.0,0.2857142857142857,0.14285714285714285,0.15645136
50.0,0.3571428571428571,0.14285714285714285,0.19490954
50.0,0.42857142857142855,0.14285714285714285,0.22318923
50.0,0.5,0.14285714285714285,0.23259792
50.0,0.5714285714285714,0.14285714285714285,0.22022113
50.0,0.6428571428571428,0.14285714285714285,0.19139078
50.0,0.7142857142857142,0.14285714285714285,0.15517181
50.0,0.7857142857142857,0.14285714285714285,0.11740879
50.0,0.8571428571428571,0.14285714285714285,0.0783586
50.0,0.9285714285714285,0.14285714285714285,0.03623397
50.0,1.0,0.14285714285714285,-0.0098380875
50.0,0.0,0.21428571428571427,-0.011303918
50.0,0.07142857142857142,0.21428571428571427,0.050818518
50.0,0.14285714285714285,0.21428571428571427,0.11408237
50.0,0.21428571428571427,0.21428571428571427,0.17781879
50.0,0.2857142857142857,0.21428571428571427,0.24048772
50.0,0.3571428571428571,0.21428571428571427,0.29748914
50.0,0.42857142857142855,0.21428571428571427,0.33896336
50.0,0.5,0.21428571428571427,0.3535515
50.0,0.5714285714285714,0.21428571428571427,0.33695495
50.0,0.6428571428571428,0.21428571428571427,0.2953668
50.0,0.7142857142857142,0.21428571428571427,0.24013859
50.0,0.7857142857142857,0.21428571428571427,0.17956623
50.0,0.8571428571428571,0.21428571428571427,0.11664874
50.0,0.9285714285714285,0.21428571428571427,0.05244454
50.0,1.0,0.21428571428571427,-0.012243981
50.0,0.0,0.2857142857142857,-0.010380024
50.0,0.07142857142857142,0.2857142857142857,0.070733815
50.0,0.14285714285714285,0.2857142857142857,0.1544927
50.0,0.21428571428571427,0.2857142857142857,0.23928526
50.0,0.2857142857142857,0.2857142857142857,0.32216817
50.0,0.3571428571428571,0.2857142857142857,0.39680484
50.0,0.42857142857142855,0.2857142857142857,0.4511142
50.0,0.5,0.2857142857142857,0.47107664
50.0,0.5714285714285714,0.2857142857142857,0.45073235
50.0,0.6428571428571428,0.2857142857142857,0.39691013
50.0,0.7142857142857142,0.2857142857142857,0.32312202
50.0,0.7857142857142857,0.2857142857142857,0.24036449
50.0,0.8571428571428571,0.2857142857142857,0.15488474
50.0,0.9285714285714285,0.2857142857142857,0.070490606
50.0,1.0,0.2857142857142857,-0.010827372
50.0,0.0,0.3571428571428571,-0.008196423
50.0,0.07142857142857142,0.3571428571428571,0.09065275
50.0,0.14285714285714285,0.3571428571428571,0.19300255
50.0,0.21428571428571427,0.3571428571428571,0.29630885
50.0,0.2857142857142857,0.3571428571428571,0.39655647
50.0,0.3571428571428571,0.3571428571428571,0.4862361
50.0,0.42857142857142855,0.3571428571428571,0.5515414
50.0,0.5,0.3571428571428571,0.57592714
50.0,0.5714285714285714,0.3571428571428571,0.55191314
50.0,0.6428571428571428,0.3571428571428571,0.4872639
50.0,0.7142857142857142,0.3571428571428571,0.39754656
50.0,0.7857142857142857,0.3571428571428571,0.29610837
50.0,0.8571428571428571,0.3571428571428571,0.19193602
50.0,0.9285714285714285,0.3571428571428571,0.090907976
50.0,1.0,0.3571428571428571,-0.0040542576
50.0,0.0,0.42857142857142855,-0.0061416123
50.0,0.07142857142857142,0.42857142857142855,0.106403396
50.0,0.14285714285714285,0.42857142857142855,0.22286168
50.0,0.21428571428571427,0.42857142857142855,0.33975318
50.0,0.2857142857142857,0.42857142857142855,0.4523472
50.0,0.3571428571428571,0.42857142857142855,0.5525808
50.0,0.42857142857142855,0.42857142857142855,0.6254527
50.0,0.5,0.42857142857142855,0.6522118
50.0,0.5714285714285714,0.42857142857142855,0.624598
50.0,0.6428571428571428,0.42857142857142855,0.5520679
50.0,0.7142857142857142,0.42857142857142855,0.45181778
50.0,0.7857142857142857,0.42857142857142855,0.33823493
50.0,0.8571428571428571,0.42857142857142855,0.22162361
50.0,0.9285714285714285,0.42857142857142855,0.109213345
50.0,1.0,0.42857142857142855,0.005000053
50.0,0.0,0.5,-0.0054524783
50.0,0.07142857142857142,0.5,0.11203514
50.0,0.14285714285714285,0.5,0.23376736
50.0,0.21428571428571427,0.5,0.35576025
50.0,0.2857142857142857,0.5,0.47296798
50.0,0.3571428571428571,0.5,0.5772003
50.0,0.42857142857142855,0.5,0.65291333
50.0,0.5,0.5,0.6800604
50.0,0.5714285714285714,0.5,0.65053
50.0,0.6428571428571428,0.5,0.5754857
50.0,0.7142857142857142,0.5,0.4724996
50.0,0.7857142857142857,0.5,0.35533944
50.0,0.8571428571428571,0.5,0.23432203
50.0,0.9285714285714285,0.5,0.117586054
50.0,1.0,0.5,0.010306442
50.0,0.0,0.5714285714285714,-0.005367385
50.0,0.07142857142857142,0.5714285714285714,0.10600767
50.0,0.14285714285714285,0.5714285714285714,0.22183374
50.0,0.21428571428571427,0.5714285714285714,0.33863774
50.0,0.2857142857142857,0.5714285714285714,0.4515478
50.0,0.3571428571428571,0.5714285714285714,0.5523212
50.0,0.42857142857142855,0.5714285714285714,0.6255636
50.0,0.5,0.5714285714285714,0.6515936
50.0,0.5714285714285714,0.5714285714285714,0.6230484
50.0,0.6428571428571428,0.5714285714285714,0.55148435
50.0,0.7142857142857142,0.5714285714285714,0.45338303
50.0,0.7857142857142857,0.5714285714285714,0.34106073
50.0,0.8571428571428571,0.5714285714285714,0.2242175
50.0,0.9285714285714285,0.5714285714285714,0.11131064
50.0,1.0,0.5714285714285714,0.008153202
50.0,0.0,0.6428571428571428,-0.0044250134
50.0,0.07142857142857142,0.6428571428571428,0.09228223
50.0,0.14285714285714285,0.6428571428571428,0.19306117
50.0,0.21428571428571427,0.6428571428571428,0.29580125
50.0,0.2857142857142857,0.6428571428571428,0.39643472
50.0,0.3571428571428571,0.6428571428571428,0.48701668
50.0,0.42857142857142855,0.6428571428571428,0.55304414
50.0,0.5,0.6428571428571428,0.57669294
50.0,0.5714285714285714,0.6428571428571428,0.5514506
50.0,0.6428571428571428,0.6428571428571428,0.48769054
50.0,0.7142857142857142,0.6428571428571428,0.4000927
50.0,0.7857142857142857,0.6428571428571428,0.29965615
50.0,0.8571428571428571,0.6428571428571428,0.1950781
50.0,0.9285714285714285,0.6428571428571428,0.09393381
50.0,1.0,0.6428571428571428,0.0014289934
50.0,0.0,0.7142857142857142,-0.0018480737
50.0,0.07142857142857142,0.7142857142857142,0.075646915
50.0,0.14285714285714285,0.7142857142857142,0.1559749
50.0,0.21428571428571427,0.7142857142857142,0.23861733
50.0,0.2857142857142857,0.7142857142857142,0.32084465
50.0,0.3571428571428571,0.7142857142857142,0.3957718
50.0,0.42857142857142855,0.7142857142857142,0.45074514
50.0,0.5,0.7142857142857142,0.47084197
50.0,0.5714285714285714,0.7142857142857142,0.45038176
50.0,0.6428571428571428,0.7142857142857142,0.3974857
50.0,0.7142857142857142,0.7142857142857142,0.32469508
50.0,0.7857142857142857,0.7142857142857142,0.24190417
50.0,0.8571428571428571,0.7142857142857142,0.15633759
50.0,0.9285714285714285,0.7142857142857142,0.07337896
50.0,1.0,0.7142857142857142,-0.0036521908
50.0,0.0,0.7857142857142857,0.0018276107
50.0,0.07142857142857142,0.7857142857142857,0.05880481
50.0,0.14285714285714285,0.7857142857142857,0.11700789
50.0,0.21428571428571427,0.7857142857142857,0.1773694
50.0,0.2857142857142857,0.7857142857142857,0.23857716
50.0,0.3571428571428571,0.7857142857142857,0.29512957
50.0,0.42857142857142855,0.7857142857142857,0.33672386
50.0,0.5,0.7857142857142857,0.35189378
50.0,0.5714285714285714,0.7857142857142857,0.3362057
50.0,0.6428571428571428,0.7857142857142857,0.295554
50.0,0.7142857142857142,0.7857142857142857,0.24005261
50.0,0.7857142857142857,0.7857142857142857,0.17805535
50.0,0.8571428571428571,0.7857142857142857,0.11482065
50.0,0.9285714285714285,0.7857142857142857,0.0531018
50.0,1.0,0.7857142857142857,-0.00603359
50.0,0.0,0.8571428571428571,0.0042735767
50.0,0.07142857142857142,0.8571428571428571,0.04123474
50.0,0.14285714285714285,0.8571428571428571,0.078012824
50.0,0.21428571428571427,0.8571428571428571,0.116606124
50.0,0.2857142857142857,0.8571428571428571,0.15679237
50.0,0.3571428571428571,0.8571428571428571,0.19450875
50.0,0.42857142857142855,0.8571428571428571,0.22214715
50.0,0.5,0.8571428571428571,0.23188064
50.0,0.5714285714285714,0.8571428571428571,0.22081883
50.0,0.6428571428571428,0.8571428571428571,0.19294015
50.0,0.7142857142857142,0.8571428571428571,0.15547374
50.0,0.7857142857142857,0.8571428571428571,0.11444289
50.0,0.8571428571428571,0.8571428571428571,0.0729725
50.0,0.9285714285714285,0.8571428571428571,0.031738028
50.0,1.0,0.8571428571428571,-0.009819722
50.0,0.0,0.9285714285714285,0.0015880931
50.0,0.07142857142857142,0.9285714285714285,0.01972812
50.0,0.14285714285714285,0.9285714285714285,0.036712773
50.0,0.21428571428571427,0.9285714285714285,0.0550887
50.0,0.2857142857142857,0.9285714285714285,0.0753885
50.0,0.3571428571428571,0.9285714285714285,0.09519486
50.0,0.42857142857142855,0.9285714285714285,0.10992148
50.0,0.5,0.9285714285714285,0.11517692
50.0,0.5714285714285714,0.9285714285714285,0.109367415
50.0,0.6428571428571428,0.9285714285714285,0.09455494
50.0,0.7142857142857142,0.9285714285714285,0.07472151
50.0,0.7857142857142857,0.9285714285714285,0.053140767
50.0,0.8571428571428571,0.9285714285714285,0.031020379
50.0,0.9285714285714285,0.9285714285714285,0.007738434
50.0,1.0,0.9285714285714285,-0.018098839
50.0,0.0,1.0,-0.010236284
50.0,0.07142857142857142,1.0,-0.009338113
50.0,0.14285714285714285,1.0,-0.0100423
50.0,0.21428571428571427,1.0,-0.009630609
50.0,0.2857142857142857,1.0,-0.006905617
50.0,0.3571428571428571,1.0,-0.0024765339
50.0,0.42857142857142855,1.0,0.0019372273
50.0,0.5,1.0,0.004620472
50.0,0.5714285714285714,1.0,0.004677823
50.0,0.6428571428571428,1.0,0.0023247767
50.0,0.7142857142857142,1.0,-0.0014736634
50.0,0.7857142857142857,1.0,-0.005988026
50.0,0.8571428571428571,1.0,-0.011545112
50.0,0.9285714285714285,1.0,-0.019526122
50.0,1.0,1.0,-0.031684704
51.0,0.0,0.0,-0.019607684
51.0,0.07142857142857142,0.0,-0.013624961
51.0,0.14285714285714285,0.0,-0.011835245
51.0,0.21428571428571427,0.0,-0.011663483
51.0,0.2857142857142857,0.0,-0.009884713
51.0,0.3571428571428571,0.0,-0.005159417
51.0,0.42857142857142855,0.0,7.136725e-05
51.0,0.5,0.0,0.0018009972
51.0,0.5714285714285714,0.0,-0.001300836
51.0,0.6428571428571428,0.0,-0.0065149087
51.0,0.7142857142857142,0.0,-0.009452007
51.0,0.7857142857142857,0.0,-0.00797438
51.0,0.8571428571428571,0.0,-0.004433602
51.0,0.9285714285714285,0.0,-0.004031794
51.0,1.0,0.0,-0.0112656485
51.0,0.0,0.07142857142857142,-0.013644064
51.0,0.07142857142857142,0.07142857142857142,0.010360805
51.0,0.14285714285714285,0.07142857142857142,0.031694002
51.0,0.21428571428571427,0.07142857142857142,0.05179794
51.0,0.2857142857142857,0.07142857142857142,0.07236421
51.0,0.3571428571428571,0.07142857142857142,0.092891
51.0,0.42857142857142855,0.07142857142857142,0.10868312
51.0,0.5,0.07142857142857142,0.11368897
51.0,0.5714285714285714,0.07142857142857142,0.10602074
51.0,0.6428571428571428,0.07142857142857142,0.08970531
51.0,0.7142857142857142,0.07142857142857142,0.07131451
51.0,0.7857142857142857,0.07142857142857142,0.054645225
51.0,0.8571428571428571,0.07142857142857142,0.038293503
51.0,0.9285714285714285,0.07142857142857142,0.018322697
51.0,1.0,0.07142857142857142,-0.008073887
51.0,0.0,0.14285714285714285,-0.01172482
51.0,0.07142857142857142,0.14285714285714285,0.031124426
51.0,0.14285714285714285,0.14285714285714285,0.07324858
51.0,0.21428571428571427,0.14285714285714285,0.11496807
51.0,0.2857142857142857,0.14285714285714285,0.1562849
51.0,0.3571428571428571,0.14285714285714285,0.19459099
51.0,0.42857142857142855,0.14285714285714285,0.22264591
51.0,0.5,0.14285714285714285,0.23196927
51.0,0.5714285714285714,0.14285714285714285,0.21973144
51.0,0.6428571428571428,0.14285714285714285,0.19111565
51.0,0.7142857142857142,0.14285714285714285,0.15499076
51.0,0.7857142857142857,0.14285714285714285,0.11718065
51.0,0.8571428571428571,0.14285714285714285,0.078074105
51.0,0.9285714285714285,0.14285714285714285,0.035970904
51.0,1.0,0.14285714285714285,-0.009980829
51.0,0.0,0.21428571428571427,-0.0112819355
51.0,0.07142857142857142,0.21428571428571427,0.050717033
51.0,0.14285714285714285,0.21428571428571427,0.113932796
51.0,0.21428571428571427,0.21428571428571427,0.17764527
51.0,0.2857142857142857,0.21428571428571427,0.24022213
51.0,0.3571428571428571,0.21428571428571427,0.29698
51.0,0.42857142857142855,0.21428571428571427,0.33814153
51.0,0.5,0.21428571428571427,0.35260016
51.0,0.5714285714285714,0.21428571428571427,0.3361806
51.0,0.6428571428571428,0.21428571428571427,0.29491764
51.0,0.7142857142857142,0.21428571428571427,0.23991302
51.0,0.7857142857142857,0.21428571428571427,0.17939228
51.0,0.8571428571428571,0.21428571428571427,0.116454
51.0,0.9285714285714285,0.21428571428571427,0.052246973
51.0,1.0,0.21428571428571427,-0.01234513
51.0,0.0,0.2857142857142857,-0.010209383
51.0,0.07142857142857142,0.2857142857142857,0.070703775
51.0,0.14285714285714285,0.2857142857142857,0.15435839
51.0,0.21428571428571427,0.2857142857142857,0.2390773
51.0,0.2857142857142857,0.2857142857142857,0.32181343
51.0,0.3571428571428571,0.2857142857142857,0.39613414
51.0,0.42857142857142855,0.2857142857142857,0.4500369
51.0,0.5,0.2857142857142857,0.4697935
51.0,0.5714285714285714,0.2857142857142857,0.44963616
51.0,0.6428571428571428,0.2857142857142857,0.39625067
51.0,0.7142857142857142,0.2857142857142857,0.32284012
51.0,0.7857142857142857,0.2857142857142857,0.24025422
51.0,0.8571428571428571,0.2857142857142857,0.15478884
51.0,0.9285714285714285,0.2857142857142857,0.07036878
51.0,1.0,0.2857142857142857,-0.010847332
51.0,0.0,0.3571428571428571,-0.0079192165
51.0,0.07142857142857142,0.3571428571428571,0.090611406
51.0,0.14285714285714285,0.3571428571428571,0.19277522
51.0,0.21428571428571427,0.3571428571428571,0.29594865
51.0,0.2857142857142857,0.3571428571428571,0.3959904
51.0,0.3571428571428571,0.3571428571428571,0.48527005
51.0,0.42857142857142855,0.3571428571428571,0.550046
51.0,0.5,0.3571428571428571,0.5741189
51.0,0.5714285714285714,0.3571428571428571,0.55029637
51.0,0.6428571428571428,0.3571428571428571,0.48621327
51.0,0.7142857142857142,0.3571428571428571,0.39705312
51.0,0.7857142857142857,0.3571428571428571,0.29592496
51.0,0.8571428571428571,0.3571428571428571,0.19181266
51.0,0.9285714285714285,0.3571428571428571,0.09076468
51.0,1.0,0.3571428571428571,-0.0040419158
51.0,0.0,0.42857142857142855,-0.005800532
51.0,0.07142857142857142,0.42857142857142855,0.10628505
51.0,0.14285714285714285,0.42857142857142855,0.22244413
51.0,0.21428571428571427,0.42857142857142855,0.3391145
51.0,0.2857142857142857,0.42857142857142855,0.45141986
51.0,0.3571428571428571,0.42857142857142855,0.55114615
51.0,0.42857142857142855,0.42857142857142855,0.6233488
51.0,0.5,0.42857142857142855,0.64969856
51.0,0.5714285714285714,0.42857142857142855,0.62231773
51.0,0.6428571428571428,0.42857142857142855,0.55049944
51.0,0.7142857142857142,0.42857142857142855,0.45096785
51.0,0.7857142857142857,0.42857142857142855,0.33780763
51.0,0.8571428571428571,0.42857142857142855,0.2213104
51.0,0.9285714285714285,0.42857142857142855,0.108928755
51.0,1.0,0.42857142857142855,0.004961906
51.0,0.0,0.5,-0.0051467437
51.0,0.07142857142857142,0.5,0.11182791
51.0,0.14285714285714285,0.5,0.23321721
51.0,0.21428571428571427,0.5,0.35495284
51.0,0.2857142857142857,0.5,0.47182524
51.0,0.3571428571428571,0.5,0.57548136
51.0,0.42857142857142855,0.5,0.65043783
51.0,0.5,0.5,0.67714375
51.0,0.5714285714285714,0.5,0.64790976
51.0,0.6428571428571428,0.5,0.57365507
51.0,0.7142857142857142,0.5,0.47142646
51.0,0.7857142857142857,0.5,0.35470673
51.0,0.8571428571428571,0.5,0.2338305
51.0,0.9285714285714285,0.5,0.11717621
51.0,1.0,0.5,0.010211701
51.0,0.0,0.5714285714285714,-0.0051922593
51.0,0.07142857142857142,0.5714285714285714,0.105761945
51.0,0.14285714285714285,0.5714285714285714,0.22134584
51.0,0.21428571428571427,0.5714285714285714,0.33797792
51.0,0.2857142857142857,0.5714285714285714,0.450607
51.0,0.3571428571428571,0.5714285714285714,0.55083543
51.0,0.42857142857142855,0.5714285714285714,0.62335783
51.0,0.5,0.5714285714285714,0.6489974
51.0,0.5714285714285714,0.5714285714285714,0.6207678
51.0,0.6428571428571428,0.5714285714285714,0.549922
51.0,0.7142857142857142,0.5714285714285714,0.4524549
51.0,0.7857142857142857,0.5714285714285714,0.34047922
51.0,0.8571428571428571,0.5714285714285714,0.22375056
51.0,0.9285714285714285,0.5714285714285714,0.1109372
51.0,1.0,0.5714285714285714,0.008090766
51.0,0.0,0.6428571428571428,-0.004351223
51.0,0.07142857142857142,0.6428571428571428,0.09207995
51.0,0.14285714285714285,0.6428571428571428,0.19276434
51.0,0.21428571428571427,0.6428571428571428,0.29545698
51.0,0.2857142857142857,0.6428571428571428,0.3959083
51.0,0.3571428571428571,0.6428571428571428,0.48605183
51.0,0.42857142857142855,0.6428571428571428,0.5515016
51.0,0.5,0.6428571428571428,0.5748692
51.0,0.5714285714285714,0.6428571428571428,0.54990697
51.0,0.6428571428571428,0.6428571428571428,0.48669183
51.0,0.7142857142857142,0.6428571428571428,0.39952236
51.0,0.7857142857142857,0.6428571428571428,0.29928577
51.0,0.8571428571428571,0.6428571428571428,0.19475909
51.0,0.9285714285714285,0.6428571428571428,0.09368267
51.0,1.0,0.6428571428571428,0.00143365
51.0,0.0,0.7142857142857142,-0.0018114243
51.0,0.07142857142857142,0.7142857142857142,0.07551305
51.0,0.14285714285714285,0.7142857142857142,0.1558428
51.0,0.21428571428571427,0.7142857142857142,0.23851895
51.0,0.2857142857142857,0.7142857142857142,0.32064405
51.0,0.3571428571428571,0.7142857142857142,0.39525142
51.0,0.42857142857142855,0.7142857142857142,0.4498117
51.0,0.5,0.7142857142857142,0.46972927
51.0,0.5714285714285714,0.7142857142857142,0.44947803
51.0,0.6428571428571428,0.7142857142857142,0.39694315
51.0,0.7142857142857142,0.7142857142857142,0.3244
51.0,0.7857142857142857,0.7142857142857142,0.24168643
51.0,0.8571428571428571,0.7142857142857142,0.1561087
51.0,0.9285714285714285,0.7142857142857142,0.07318134
51.0,1.0,0.7142857142857142,-0.0036511328
51.0,0.0,0.7857142857142857,0.0018168297
51.0,0.07142857142857142,0.7857142857142857,0.05867845
51.0,0.14285714285714285,0.7857142857142857,0.116922714
51.0,0.21428571428571427,0.7857142857142857,0.17734656
51.0,0.2857142857142857,0.7857142857142857,0.23848817
51.0,0.3571428571428571,0.7857142857142857,0.2947957
51.0,0.42857142857142855,0.7857142857142857,0.33609012
51.0,0.5,0.7857142857142857,0.35113794
51.0,0.5714285714285714,0.7857142857142857,0.33559272
51.0,0.6428571428571428,0.7857142857142857,0.29518473
51.0,0.7142857142857142,0.7857142857142857,0.23984516
51.0,0.7857142857142857,0.7857142857142857,0.17788376
51.0,0.8571428571428571,0.7857142857142857,0.11462269
51.0,0.9285714285714285,0.7857142857142857,0.05292315
51.0,1.0,0.7857142857142857,-0.006049486
51.0,0.0,0.8571428571428571,0.004140293
51.0,0.07142857142857142,0.8571428571428571,0.041027345
51.0,0.14285714285714285,0.8571428571428571,0.07787547
51.0,0.21428571428571427,0.8571428571428571,0.11655318
51.0,0.2857142857142857,0.8571428571428571,0.15670733
51.0,0.3571428571428571,0.8571428571428571,0.19424649
51.0,0.42857142857142855,0.8571428571428571,0.2216712
51.0,0.5,0.8571428571428571,0.23131618
51.0,0.5714285714285714,0.8571428571428571,0.22034544
51.0,0.6428571428571428,0.8571428571428571,0.19263576
51.0,0.7142857142857142,0.8571428571428571,0.1552908
51.0,0.7857142857142857,0.8571428571428571,0.11429431
51.0,0.8571428571428571,0.8571428571428571,0.072813176
51.0,0.9285714285714285,0.8571428571428571,0.031608045
51.0,1.0,0.8571428571428571,-0.009800481
51.0,0.0,0.9285714285714285,0.0012759306
51.0,0.07142857142857142,0.9285714285714285,0.019407475
51.0,0.14285714285714285,0.9285714285714285,0.036518246
51.0,0.21428571428571427,0.9285714285714285,0.055032782
51.0,0.2857142857142857,0.9285714285714285,0.075374834
51.0,0.3571428571428571,0.9285714285714285,0.09510572
51.0,0.42857142857142855,0.9285714285714285,0.109715685
51.0,0.5,0.9285714285714285,0.11491402
51.0,0.5714285714285714,0.9285714285714285,0.109143905
51.0,0.6428571428571428,0.9285714285714285,0.09441819
51.0,0.7142857142857142,0.9285714285714285,0.07464712
51.0,0.7857142857142857,0.9285714285714285,0.053076066
51.0,0.8571428571428571,0.9285714285714285,0.030941779
51.0,0.9285714285714285,0.9285714285714285,0.0076872706
51.0,1.0,0.9285714285714285,-0.018018292
51.0,0.0,1.0,-0.010689484
51.0,0.07142857142857142,1.0,-0.009698566
51.0,0.14285714285714285,1.0,-0.01018906
51.0,0.21428571428571427,1.0,-0.009552585
51.0,0.2857142857142857,1.0,-0.0066796
51.0,0.3571428571428571,1.0,-0.002205139
51.0,0.42857142857142855,1.0,0.0021875668
51.0,0.5,1.0,0.004836498
51.0,0.5714285714285714,1.0,0.004874548
51.0,0.6428571428571428,1.0,0.0025104266
51.0,0.7142857142857142,1.0,-0.0013141204
51.0,0.7857142857142857,1.0,-0.0058781
51.0,0.8571428571428571,1.0,-0.011485333
51.0,0.9285714285714285,1.0,-0.019467803
51.0,1.0,1.0,-0.03153034
52.0,0.0,0.0,-0.020037537
52.0,0.07142857142857142,0.0,-0.014001055
52.0,0.14285714285714285,0.0,-0.012029221
52.0,0.21428571428571427,0.0,-0.0115782
52.0,0.2857142857142857,0.0,-0.009535136
52.0,0.3571428571428571,0.0,-0.004680073
52.0,0.42857142857142855,0.0,0.0005481262
52.0,0.5,0.0,0.0022547524
52.0,0.5714285714285714,0.0,-0.00083957426
52.0,0.6428571428571428,0.0,-0.006078901
52.0,0.7142857142857142,0.0,-0.0091524515
52.0,0.7857142857142857,0.0,-0.0078949155
52.0,0.8571428571428571,0.0,-0.0045241266
52.0,0.9285714285714285,0.0,-0.0041356124
52.0,1.0,0.0,-0.011231037
52.0,0.0,0.07142857142857142,-0.01398577
52.0,0.07142857142857142,0.07142857142857142,0.010017449
52.0,0.14285714285714285,0.07142857142857142,0.031446368
52.0,0.21428571428571427,0.07142857142857142,0.051706523
52.0,0.2857142857142857,0.07142857142857142,0.07239081
52.0,0.3571428571428571,0.07142857142857142,0.092896625
52.0,0.42857142857142855,0.07142857142857142,0.10857276
52.0,0.5,0.07142857142857142,0.113525935
52.0,0.5714285714285714,0.07142857142857142,0.105930306
52.0,0.6428571428571428,0.07142857142857142,0.089705475
52.0,0.7142857142857142,0.07142857142857142,0.07128849
52.0,0.7857142857142857,0.07142857142857142,0.054479487
52.0,0.8571428571428571,0.07142857142857142,0.038011327
52.0,0.9285714285714285,0.07142857142857142,0.01804568
52.0,1.0,0.07142857142857142,-0.008224508
52.0,0.0,0.14285714285714285,-0.011911875
52.0,0.07142857142857142,0.14285714285714285,0.03088397
52.0,0.14285714285714285,0.14285714285714285,0.07302922
52.0,0.21428571428571427,0.14285714285714285,0.11480082
52.0,0.2857142857142857,0.14285714285714285,0.15611193
52.0,0.3571428571428571,0.14285714285714285,0.19427192
52.0,0.42857142857142855,0.14285714285714285,0.2221122
52.0,0.5,0.14285714285714285,0.23135409
52.0,0.5714285714285714,0.14285714285714285,0.21924824
52.0,0.6428571428571428,0.14285714285714285,0.1908404
52.0,0.7142857142857142,0.14285714285714285,0.15480833
52.0,0.7857142857142857,0.14285714285714285,0.11694833
52.0,0.8571428571428571,0.14285714285714285,0.07777313
52.0,0.9285714285714285,0.14285714285714285,0.03567233
52.0,1.0,0.14285714285714285,-0.0101802815
52.0,0.0,0.21428571428571427,-0.011293707
52.0,0.07142857142857142,0.21428571428571427,0.050595187
52.0,0.14285714285714285,0.21428571428571427,0.11377043
52.0,0.21428571428571427,0.21428571428571427,0.1774609
52.0,0.2857142857142857,0.21428571428571427,0.23994589
52.0,0.3571428571428571,0.21428571428571427,0.2964652
52.0,0.42857142857142855,0.21428571428571427,0.33732548
52.0,0.5,0.21428571428571427,0.35165843
52.0,0.5714285714285714,0.21428571428571427,0.3354086
52.0,0.6428571428571428,0.21428571428571427,0.29446396
52.0,0.7142857142857142,0.21428571428571427,0.2396838
52.0,0.7857142857142857,0.21428571428571427,0.17921638
52.0,0.8571428571428571,0.21428571428571427,0.116251685
52.0,0.9285714285714285,0.21428571428571427,0.05202809
52.0,1.0,0.21428571428571427,-0.012488296
52.0,0.0,0.2857142857142857,-0.010071913
52.0,0.07142857142857142,0.2857142857142857,0.07065543
52.0,0.14285714285714285,0.2857142857142857,0.15421152
52.0,0.21428571428571427,0.2857142857142857,0.23885548
52.0,0.2857142857142857,0.2857142857142857,0.3214419
52.0,0.3571428571428571,0.2857142857142857,0.3954501
52.0,0.42857142857142855,0.2857142857142857,0.44895768
52.0,0.5,0.2857142857142857,0.46851376
52.0,0.5714285714285714,0.2857142857142857,0.4485364
52.0,0.6428571428571428,0.2857142857142857,0.3955796
52.0,0.7142857142857142,0.2857142857142857,0.32254767
52.0,0.7857142857142857,0.2857142857142857,0.24014077
52.0,0.8571428571428571,0.2857142857142857,0.15469119
52.0,0.9285714285714285,0.2857142857142857,0.07023563
52.0,1.0,0.2857142857142857,-0.010900496
52.0,0.0,0.3571428571428571,-0.0076770876
52.0,0.07142857142857142,0.3571428571428571,0.090552546
52.0,0.14285714285714285,0.3571428571428571,0.19253616
52.0,0.21428571428571427,0.3571428571428571,0.29557368
52.0,0.2857142857142857,0.3571428571428571,0.39540574
52.0,0.3571428571428571,0.3571428571428571,0.48428828
52.0,0.42857142857142855,0.3571428571428571,0.5485481
52.0,0.5,0.3571428571428571,0.5723163
52.0,0.5714285714285714,0.3571428571428571,0.5486789
52.0,0.6428571428571428,0.3571428571428571,0.48515037
52.0,0.7142857142857142,0.3571428571428571,0.39654568
52.0,0.7857142857142857,0.3571428571428571,0.29573587
52.0,0.8571428571428571,0.3571428571428571,0.19169083
52.0,0.9285714285714285,0.3571428571428571,0.09061692
52.0,1.0,0.3571428571428571,-0.0040585417
52.0,0.0,0.42857142857142855,-0.005501056
52.0,0.07142857142857142,0.42857142857142855,0.10614815
52.0,0.14285714285714285,0.42857142857142855,0.22201824
52.0,0.21428571428571427,0.42857142857142855,0.3384681
52.0,0.2857142857142857,0.42857142857142855,0.45048115
52.0,0.3571428571428571,0.42857142857142855,0.5497053
52.0,0.42857142857142855,0.42857142857142855,0.621256
52.0,0.5,0.42857142857142855,0.64720994
52.0,0.5714285714285714,0.42857142857142855,0.62005484
52.0,0.6428571428571428,0.42857142857142855,0.5489308
52.0,0.7142857142857142,0.42857142857142855,0.45010853
52.0,0.7857142857142857,0.42857142857142855,0.3373777
52.0,0.8571428571428571,0.42857142857142855,0.22100432
52.0,0.9285714285714285,0.42857142857142855,0.10864527
52.0,1.0,0.42857142857142855,0.0048968177
52.0,0.0,0.5,-0.0048843343
52.0,0.07142857142857142,0.5,0.1116041
52.0,0.14285714285714285,0.5,0.23266536
52.0,0.21428571428571427,0.5,0.35414574
52.0,0.2857142857142857,0.5,0.4706826
52.0,0.3571428571428571,0.5,0.5737677
52.0,0.42857142857142855,0.5,0.64798766
52.0,0.5,0.5,0.6742673
52.0,0.5714285714285714,0.5,0.6453201
52.0,0.6428571428571428,0.5,0.5718322
52.0,0.7142857142857142,0.5,0.4703482
52.0,0.7857142857142857,0.5,0.35407433
52.0,0.8571428571428571,0.5,0.23334989
52.0,0.9285714285714285,0.5,0.11677181
52.0,1.0,0.5,0.01009254
52.0,0.0,0.5714285714285714,-0.0050583202
52.0,0.07142857142857142,0.5714285714285714,0.10550329
52.0,0.14285714285714285,0.5714285714285714,0.22085994
52.0,0.21428571428571427,0.5714285714285714,0.33732113
52.0,0.2857142857142857,0.5714285714285714,0.44966543
52.0,0.3571428571428571,0.5714285714285714,0.5493529
52.0,0.42857142857142855,0.5714285714285714,0.6211708
52.0,0.5,0.5714285714285714,0.64643157
52.0,0.5714285714285714,0.5714285714285714,0.61850584
52.0,0.6428571428571428,0.5714285714285714,0.5483572
52.0,0.7142857142857142,0.5714285714285714,0.45151547
52.0,0.7857142857142857,0.5714285714285714,0.33989403
52.0,0.8571428571428571,0.5714285714285714,0.2232925
52.0,0.9285714285714285,0.5714285714285714,0.11056932
52.0,1.0,0.5714285714285714,0.008005811
52.0,0.0,0.6428571428571428,-0.0043186564
52.0,0.07142857142857142,0.6428571428571428,0.091863655
52.0,0.14285714285714285,0.6428571428571428,0.19246696
52.0,0.21428571428571427,0.6428571428571428,0.29511273
52.0,0.2857142857142857,0.6428571428571428,0.39537773
52.0,0.3571428571428571,0.6428571428571428,0.48508424
52.0,0.42857142857142855,0.6428571428571428,0.54996645
52.0,0.5,0.6428571428571428,0.57305884
52.0,0.5714285714285714,0.6428571428571428,0.5483656
52.0,0.6428571428571428,0.6428571428571428,0.48567984
52.0,0.7142857142857142,0.6428571428571428,0.39893624
52.0,0.7857142857142857,0.6428571428571428,0.29890963
52.0,0.8571428571428571,0.6428571428571428,0.1944458
52.0,0.9285714285714285,0.6428571428571428,0.09343491
52.0,1.0,0.6428571428571428,0.0014185328
52.0,0.0,0.7142857142857142,-0.0018223319
52.0,0.07142857142857142,0.7142857142857142,0.07535761
52.0,0.14285714285714285,0.7142857142857142,0.15570405
52.0,0.21428571428571427,0.7142857142857142,0.23841706
52.0,0.2857142857142857,0.7142857142857142,0.32044032
52.0,0.3571428571428571,0.7142857142857142,0.3947312
52.0,0.42857142857142855,0.7142857142857142,0.44888732
52.0,0.5,0.7142857142857142,0.46862853
52.0,0.5714285714285714,0.7142857142857142,0.4485774
52.0,0.6428571428571428,0.7142857142857142,0.39639303
52.0,0.7142857142857142,0.7142857142857142,0.32409698
52.0,0.7857142857142857,0.7142857142857142,0.24146798
52.0,0.8571428571428571,0.7142857142857142,0.1558851
52.0,0.9285714285714285,0.7142857142857142,0.07298443
52.0,1.0,0.7142857142857142,-0.003669707
52.0,0.0,0.7857142857142857,0.0017492753
52.0,0.07142857142857142,0.7857142857142857,0.058520652
52.0,0.14285714285714285,0.7857142857142857,0.11682185
52.0,0.21428571428571427,0.7857142857142857,0.17731446
52.0,0.2857142857142857,0.7857142857142857,0.23839483
52.0,0.3571428571428571,0.7857142857142857,0.29446614
52.0,0.42857142857142855,0.7857142857142857,0.33547124
52.0,0.5,0.7857142857142857,0.3504016
52.0,0.5714285714285714,0.7857142857142857,0.3349932
52.0,0.6428571428571428,0.7857142857142857,0.29482105
52.0,0.7142857142857142,0.7857142857142857,0.23963943
52.0,0.7857142857142857,0.7857142857142857,0.17771456
52.0,0.8571428571428571,0.7857142857142857,0.1144272
52.0,0.9285714285714285,0.7857142857142857,0.05273874
52.0,1.0,0.7857142857142857,-0.0060891677
52.0,0.0,0.8571428571428571,0.0039434563
52.0,0.07142857142857142,0.8571428571428571,0.04078003
52.0,0.14285714285714285,0.8571428571428571,0.077713296
52.0,0.21428571428571427,0.8571428571428571,0.11648289
52.0,0.2857142857142857,0.8571428571428571,0.15661144
52.0,0.3571428571428571,0.8571428571428571,0.19398333
52.0,0.42857142857142855,0.8571428571428571,0.22120523
52.0,0.5,0.8571428571428571,0.23076798
52.0,0.5714285714285714,0.8571428571428571,0.21988527
52.0,0.6428571428571428,0.8571428571428571,0.19233753
52.0,0.7142857142857142,0.8571428571428571,0.15510957
52.0,0.7857142857142857,0.8571428571428571,0.11414363
52.0,0.8571428571428571,0.8571428571428571,0.07264864
52.0,0.9285714285714285,0.8571428571428571,0.031464398
52.0,1.0,0.8571428571428571,-0.009811565
52.0,0.0,0.9285714285714285,0.0008988064
52.0,0.07142857142857142,0.9285714285714285,0.01904183
52.0,0.14285714285714285,0.9285714285714285,0.036290146
52.0,0.21428571428571427,0.9285714285714285,0.05494859
52.0,0.2857142857142857,0.9285714285714285,0.07533776
52.0,0.3571428571428571,0.9285714285714285,0.09500135
52.0,0.42857142857142855,0.9285714285714285,0.10950347
52.0,0.5,0.9285714285714285,0.11465035
52.0,0.5714285714285714,0.9285714285714285,0.10891899
52.0,0.6428571428571428,0.9285714285714285,0.09427576
52.0,0.7142857142857142,0.9285714285714285,0.07456321
52.0,0.7857142857142857,0.9285714285714285,0.052999586
52.0,0.8571428571428571,0.9285714285714285,0.030848382
52.0,0.9285714285714285,0.9285714285714285,0.007614674
52.0,1.0,0.9285714285714285,-0.017971706
52.0,0.0,1.0,-0.01120569
52.0,0.07142857142857142,1.0,-0.010107487
52.0,0.14285714285714285,1.0,-0.0103781205
52.0,0.21428571428571427,1.0,-0.009515213
52.0,0.2857142857142857,1.0,-0.0064927805
52.0,0.3571428571428571,1.0,-0.0019688327
52.0,0.42857142857142855,1.0,0.002408186
52.0,0.5,1.0,0.0050269943
52.0,0.5714285714285714,1.0,0.005047286
52.0,0.6428571428571428,1.0,0.0026716162
52.0,0.7142857142857142,1.0,-0.0011788849
52.0,0.7857142857142857,1.0,-0.0057920273
52.0,0.8571428571428571,1.0,-0.011450434
52.0,0.9285714285714285,1.0,-0.019438548
52.0,1.0,1.0,-0.031413026
53.0,0.0,0.0,-0.020520205
53.0,0.07142857142857142,0.0,-0.014414182
53.0,0.14285714285714285,0.0,-0.012245646
53.0,0.21428571428571427,0.0,-0.0115085
53.0,0.2857142857142857,0.0,-0.009198735
53.0,0.3571428571428571,0.0,-0.0042134207
53.0,0.42857142857142855,0.0,0.0010157432
53.0,0.5,0.0,0.0027000848
53.0,0.5714285714285714,0.0,-0.0003897939
53.0,0.6428571428571428,0.0,-0.0056576766
53.0,0.7142857142857142,0.0,-0.008870337
53.0,0.7857142857142857,0.0,-0.007839
53.0,0.8571428571428571,0.0,-0.0046538226
53.0,0.9285714285714285,0.0,-0.004302364
53.0,1.0,0.0,-0.011283377
53.0,0.0,0.07142857142857142,-0.014372123
53.0,0.07142857142857142,0.07142857142857142,0.009645106
53.0,0.14285714285714285,0.07142857142857142,0.031181747
53.0,0.21428571428571427,0.07142857142857142,0.05160504
53.0,0.2857142857142857,0.07142857142857142,0.07240997
53.0,0.3571428571428571,0.07142857142857142,0.09289981
53.0,0.42857142857142855,0.07142857142857142,0.108466975
53.0,0.5,0.07142857142857142,0.11337041
53.0,0.5714285714285714,0.07142857142857142,0.10584276
53.0,0.6428571428571428,0.07142857142857142,0.08970333
53.0,0.7142857142857142,0.07142857142857142,0.07125696
53.0,0.7857142857142857,0.07142857142857142,0.05430337
53.0,0.8571428571428571,0.07142857142857142,0.037703454
53.0,0.9285714285714285,0.07142857142857142,0.017721407
53.0,1.0,0.07142857142857142,-0.008445559
53.0,0.0,0.14285714285714285,-0.012136677
53.0,0.07142857142857142,0.14285714285714285,0.030620007
53.0,0.14285714285714285,0.14285714285714285,0.072796
53.0,0.21428571428571427,0.14285714285714285,0.11462476
53.0,0.2857142857142857,0.14285714285714285,0.15593284
53.0,0.3571428571428571,0.14285714285714285,0.19395253
53.0,0.42857142857142855,0.14285714285714285,0.22158772
53.0,0.5,0.14285714285714285,0.23075207
53.0,0.5714285714285714,0.14285714285714285,0.21877304
53.0,0.6428571428571428,0.14285714285714285,0.19056642
53.0,0.7142857142857142,0.14285714285714285,0.1546257
53.0,0.7857142857142857,0.14285714285714285,0.11671352
53.0,0.8571428571428571,0.14285714285714285,0.07745826
53.0,0.9285714285714285,0.14285714285714285,0.035341293
53.0,1.0,0.14285714285714285,-0.010433583
53.0,0.0,0.21428571428571427,-0.011339286
53.0,0.07142857142857142,0.21428571428571427,0.050453074
53.0,0.14285714285714285,0.21428571428571427,0.11359555
53.0,0.21428571428571427,0.21428571428571427,0.17726578
53.0,0.2857142857142857,0.21428571428571427,0.23965955
53.0,0.3571428571428571,0.21428571428571427,0.29594588
53.0,0.42857142857142855,0.21428571428571427,0.3365148
53.0,0.5,0.21428571428571427,0.35072657
53.0,0.5714285714285714,0.21428571428571427,0.33464018
53.0,0.6428571428571428,0.21428571428571427,0.2940074
53.0,0.7142857142857142,0.21428571428571427,0.23945111
53.0,0.7857142857142857,0.21428571428571427,0.17904018
53.0,0.8571428571428571,0.21428571428571427,0.11604378
53.0,0.9285714285714285,0.21428571428571427,0.051789343
53.0,1.0,0.21428571428571427,-0.012670966
53.0,0.0,0.2857142857142857,-0.009966748
53.0,0.07142857142857142,0.2857142857142857,0.07058851
53.0,0.14285714285714285,0.2857142857142857,0.15405133
53.0,0.21428571428571427,0.2857142857142857,0.23861933
53.0,0.2857142857142857,0.2857142857142857,0.32105407
53.0,0.3571428571428571,0.2857142857142857,0.39475402
53.0,0.42857142857142855,0.2857142857142857,0.4478765
53.0,0.5,0.2857142857142857,0.4672375
53.0,0.5714285714285714,0.2857142857142857,0.4474344
53.0,0.6428571428571428,0.2857142857142857,0.39489797
53.0,0.7142857142857142,0.2857142857142857,0.32224566
53.0,0.7857142857142857,0.2857142857142857,0.24002415
53.0,0.8571428571428571,0.2857142857142857,0.15459237
53.0,0.9285714285714285,0.2857142857142857,0.07009308
53.0,1.0,0.2857142857142857,-0.010983607
53.0,0.0,0.3571428571428571,-0.007470051
53.0,0.07142857142857142,0.3571428571428571,0.09047556
53.0,0.14285714285714285,0.3571428571428571,0.19228482
53.0,0.21428571428571427,0.3571428571428571,0.29518425
53.0,0.2857142857142857,0.3571428571428571,0.39480224
53.0,0.3571428571428571,0.3571428571428571,0.48329177
53.0,0.42857142857142855,0.3571428571428571,0.5470475
53.0,0.5,0.3571428571428571,0.57052016
53.0,0.5714285714285714,0.3571428571428571,0.54706174
53.0,0.6428571428571428,0.3571428571428571,0.4840771
53.0,0.7142857142857142,0.3571428571428571,0.39602613
53.0,0.7857142857142857,0.3571428571428571,0.29554164
53.0,0.8571428571428571,0.3571428571428571,0.19157127
53.0,0.9285714285714285,0.3571428571428571,0.090466924
53.0,1.0,0.3571428571428571,-0.004100194
53.0,0.0,0.42857142857142855,-0.005241217
53.0,0.07142857142857142,0.42857142857142855,0.10599295
53.0,0.14285714285714285,0.42857142857142855,0.22158433
53.0,0.21428571428571427,0.42857142857142855,0.33781308
53.0,0.2857142857142857,0.42857142857142855,0.4495317
53.0,0.3571428571428571,0.42857142857142855,0.5482594
53.0,0.42857142857142855,0.42857142857142855,0.61917347
53.0,0.5,0.42857142857142855,0.64474416
53.0,0.5714285714285714,0.42857142857142855,0.6178091
53.0,0.6428571428571428,0.42857142857142855,0.5473624
53.0,0.7142857142857142,0.42857142857142855,0.4492408
53.0,0.7857142857142857,0.42857142857142855,0.33694458
53.0,0.8571428571428571,0.42857142857142855,0.22070503
53.0,0.9285714285714285,0.42857142857142855,0.1083662
53.0,1.0,0.42857142857142855,0.0048096087
53.0,0.0,0.5,-0.0046637747
53.0,0.07142857142857142,0.5,0.111364745
53.0,0.14285714285714285,0.5,0.23211163
53.0,0.21428571428571427,0.5,0.3533396
53.0,0.2857142857142857,0.5,0.4695389
53.0,0.3571428571428571,0.5,0.5720598
53.0,0.42857142857142855,0.5,0.64556056
53.0,0.5,0.5,0.6714292
53.0,0.5714285714285714,0.5,0.64276004
53.0,0.6428571428571428,0.5,0.57001686
53.0,0.7142857142857142,0.5,0.46926588
53.0,0.7857142857142857,0.5,0.35344258
53.0,0.8571428571428571,0.5,0.2328806
53.0,0.9285714285714285,0.5,0.11637614
53.0,1.0,0.5,0.009954499
53.0,0.0,0.5714285714285714,-0.004962677
53.0,0.07142857142857142,0.5714285714285714,0.1052333
53.0,0.14285714285714285,0.5714285714285714,0.2203759
53.0,0.21428571428571427,0.5714285714285714,0.33666697
53.0,0.2857142857142857,0.5714285714285714,0.44872314
53.0,0.3571428571428571,0.5714285714285714,0.54787284
53.0,0.42857142857142855,0.5714285714285714,0.61900175
53.0,0.5,0.5714285714285714,0.6438954
53.0,0.5714285714285714,0.5714285714285714,0.6162627
53.0,0.6428571428571428,0.5714285714285714,0.5467914
53.0,0.7142857142857142,0.5714285714285714,0.45056593
53.0,0.7857142857142857,0.5714285714285714,0.33930674
53.0,0.8571428571428571,0.5714285714285714,0.22284386
53.0,0.9285714285714285,0.5714285714285714,0.110209696
53.0,1.0,0.5714285714285714,0.007904114
53.0,0.0,0.6428571428571428,-0.0043246616
53.0,0.07142857142857142,0.6428571428571428,0.091634594
53.0,0.14285714285714285,0.6428571428571428,0.19216917
53.0,0.21428571428571427,0.6428571428571428,0.29476812
53.0,0.2857142857142857,0.6428571428571428,0.39484224
53.0,0.3571428571428571,0.6428571428571428,0.48411354
53.0,0.42857142857142855,0.6428571428571428,0.5484389
53.0,0.5,0.6428571428571428,0.57126117
53.0,0.5714285714285714,0.6428571428571428,0.5468264
53.0,0.6428571428571428,0.6428571428571428,0.48465607
53.0,0.7142857142857142,0.6428571428571428,0.39833564
53.0,0.7857142857142857,0.6428571428571428,0.2985291
53.0,0.8571428571428571,0.6428571428571428,0.19413929
53.0,0.9285714285714285,0.6428571428571428,0.09319211
53.0,1.0,0.6428571428571428,0.0013870727
53.0,0.0,0.7142857142857142,-0.0018787626
53.0,0.07142857142857142,0.7142857142857142,0.07518181
53.0,0.14285714285714285,0.7142857142857142,0.15555799
53.0,0.21428571428571427,0.7142857142857142,0.23831129
53.0,0.2857142857142857,0.7142857142857142,0.32023165
53.0,0.3571428571428571,0.7142857142857142,0.39421037
53.0,0.42857142857142855,0.7142857142857142,0.44797078
53.0,0.5,0.7142857142857142,0.46753892
53.0,0.5714285714285714,0.7142857142857142,0.44767958
53.0,0.6428571428571428,0.7142857142857142,0.39583647
53.0,0.7142857142857142,0.7142857142857142,0.3237867
53.0,0.7857142857142857,0.7142857142857142,0.24124974
53.0,0.8571428571428571,0.7142857142857142,0.15566796
53.0,0.9285714285714285,0.7142857142857142,0.072789736
53.0,1.0,0.7142857142857142,-0.0037048627
53.0,0.0,0.7857142857142857,0.001627339
53.0,0.07142857142857142,0.7857142857142857,0.058332667
53.0,0.14285714285714285,0.7857142857142857,0.116705455
53.0,0.21428571428571427,0.7857142857142857,0.17727348
53.0,0.2857142857142857,0.7857142857142857,0.23829718
53.0,0.3571428571428571,0.7857142857142857,0.29414034
53.0,0.42857142857142855,0.7857142857142857,0.33486646
53.0,0.5,0.7857142857142857,0.34968364
53.0,0.5714285714285714,0.7857142857142857,0.33440718
53.0,0.6428571428571428,0.7857142857142857,0.29446262
53.0,0.7142857142857142,0.7857142857142857,0.23943621
53.0,0.7857142857142857,0.7857142857142857,0.17754893
53.0,0.8571428571428571,0.7857142857142857,0.11423477
53.0,0.9285714285714285,0.7857142857142857,0.052550204
53.0,1.0,0.7857142857142857,-0.0061502997
53.0,0.0,0.8571428571428571,0.0036860202
53.0,0.07142857142857142,0.8571428571428571,0.040494047
53.0,0.14285714285714285,0.8571428571428571,0.077526495
53.0,0.21428571428571427,0.8571428571428571,0.11639551
53.0,0.2857142857142857,0.8571428571428571,0.1565058
53.0,0.3571428571428571,0.8571428571428571,0.1937199
53.0,0.42857142857142855,0.8571428571428571,0.22075042
53.0,0.5,0.8571428571428571,0.23023674
53.0,0.5714285714285714,0.8571428571428571,0.21943933
53.0,0.6428571428571428,0.8571428571428571,0.19204709
53.0,0.7142857142857142,0.8571428571428571,0.15493026
53.0,0.7857142857142857,0.8571428571428571,0.1139927
53.0,0.8571428571428571,0.8571428571428571,0.07247974
53.0,0.9285714285714285,0.8571428571428571,0.03130787
53.0,1.0,0.8571428571428571,-0.0098500885
53.0,0.0,0.9285714285714285,0.00045935996
53.0,0.07142857142857142,0.9285714285714285,0.01863223
53.0,0.14285714285714285,0.9285714285714285,0.03602971
53.0,0.21428571428571427,0.9285714285714285,0.05483833
53.0,0.2857142857142857,0.9285714285714285,0.07527976
53.0,0.3571428571428571,0.9285714285714285,0.094883375
53.0,0.42857142857142855,0.9285714285714285,0.10928697
53.0,0.5,0.9285714285714285,0.11438837
53.0,0.5714285714285714,0.9285714285714285,0.10869488
53.0,0.6428571428571428,0.9285714285714285,0.09412999
53.0,0.7142857142857142,0.9285714285714285,0.074471965
53.0,0.7857142857142857,0.9285714285714285,0.052912526
53.0,0.8571428571428571,0.9285714285714285,0.030741213
53.0,0.9285714285714285,0.9285714285714285,0.0075215325
53.0,1.0,0.9285714285714285,-0.017956905
53.0,0.0,1.0,-0.011782471
53.0,0.07142857142857142,1.0,-0.010563166
53.0,0.14285714285714285,1.0,-0.010607291
53.0,0.21428571428571427,1.0,-0.009515878
53.0,0.2857142857142857,1.0,-0.00634283
53.0,0.3571428571428571,1.0,-0.0017657075
53.0,0.42857142857142855,1.0,0.0026017185
53.0,0.5,1.0,0.0051954817
53.0,0.5714285714285714,1.0,0.0051994566
53.0,0.6428571428571428,1.0,0.002811307
53.0,0.7142857142857142,1.0,-0.001066586
53.0,0.7857142857142857,1.0,-0.0057294983
53.0,0.8571428571428571,1.0,-0.011438904
53.0,0.9285714285714285,1.0,-0.019436615
53.0,1.0,1.0,-0.031330995
54.0,0.0,0.0,-0.021054784
54.0,0.07142857142857142,0.0,-0.014862107
54.0,0.14285714285714285,0.0,-0.012483882
54.0,0.21428571428571427,0.0,-0.011452885
54.0,0.2857142857142857,0.0,-0.008876024
54.0,0.3571428571428571,0.0,-0.0037594233
54.0,0.42857142857142855,0.0,0.0014742035
54.0,0.5,0.0,0.0031380635
54.0,0.5714285714285714,0.0,5.0442293e-05
54.0,0.6428571428571428,0.0,-0.005249655
54.0,0.7142857142857142,0.0,-0.008603736
54.0,0.7857142857142857,0.0,-0.0078043123
54.0,0.8571428571428571,0.0,-0.004819913
54.0,0.9285714285714285,0.0,-0.00452853
54.0,1.0,0.0,-0.011418911
54.0,0.0,0.07142857142857142,-0.014801877
54.0,0.07142857142857142,0.07142857142857142,0.009244142
54.0,0.14285714285714285,0.07142857142857142,0.03090092
54.0,0.21428571428571427,0.07142857142857142,0.0514936
54.0,0.2857142857142857,0.07142857142857142,0.07242176
54.0,0.3571428571428571,0.07142857142857142,0.09290035
54.0,0.42857142857142855,0.07142857142857142,0.10836596
54.0,0.5,0.07142857142857142,0.113222666
54.0,0.5714285714285714,0.07142857142857142,0.105759494
54.0,0.6428571428571428,0.07142857142857142,0.089699805
54.0,0.7142857142857142,0.07142857142857142,0.07122164
54.0,0.7857142857142857,0.07142857142857142,0.054118656
54.0,0.8571428571428571,0.07142857142857142,0.037373304
54.0,0.9285714285714285,0.07142857142857142,0.017352499
54.0,1.0,0.07142857142857142,-0.008733494
54.0,0.0,0.14285714285714285,-0.012398155
54.0,0.07142857142857142,0.14285714285714285,0.030332787
54.0,0.14285714285714285,0.14285714285714285,0.07254902
54.0,0.21428571428571427,0.14285714285714285,0.11443994
54.0,0.2857142857142857,0.14285714285714285,0.15574774
54.0,0.3571428571428571,0.14285714285714285,0.19363362
54.0,0.42857142857142855,0.14285714285714285,0.2210733
54.0,0.5,0.14285714285714285,0.23016363
54.0,0.5714285714285714,0.14285714285714285,0.21830642
54.0,0.6428571428571428,0.14285714285714285,0.19029436
54.0,0.7142857142857142,0.14285714285714285,0.15444343
54.0,0.7857142857142857,0.14285714285714285,0.116477154
54.0,0.8571428571428571,0.14285714285714285,0.077131405
54.0,0.9285714285714285,0.14285714285714285,0.034980647
54.0,1.0,0.14285714285714285,-0.010736985
54.0,0.0,0.21428571428571427,-0.011417372
54.0,0.07142857142857142,0.21428571428571427,0.050290845
54.0,0.14285714285714285,0.21428571428571427,0.11340765
54.0,0.21428571428571427,0.21428571428571427,0.17705996
54.0,0.2857142857142857,0.21428571428571427,0.23936349
54.0,0.3571428571428571,0.21428571428571427,0.29542246
54.0,0.42857142857142855,0.21428571428571427,0.33571032
54.0,0.5,0.21428571428571427,0.34980488
54.0,0.5714285714285714,0.21428571428571427,0.33387646
54.0,0.6428571428571428,0.21428571428571427,0.29354805
54.0,0.7142857142857142,0.21428571428571427,0.23921707
54.0,0.7857142857142857,0.21428571428571427,0.17886378
54.0,0.8571428571428571,0.21428571428571427,0.11583141
54.0,0.9285714285714285,0.21428571428571427,0.051533855
54.0,1.0,0.21428571428571427,-0.012889212
54.0,0.0,0.2857142857142857,-0.009893069
54.0,0.07142857142857142,0.2857142857142857,0.07050317
54.0,0.14285714285714285,0.2857142857142857,0.15387857
54.0,0.21428571428571427,0.2857142857142857,0.23836932
54.0,0.2857142857142857,0.2857142857142857,0.32065025
54.0,0.3571428571428571,0.2857142857142857,0.39404687
54.0,0.42857142857142855,0.2857142857142857,0.44679466
54.0,0.5,0.2857142857142857,0.46596566
54.0,0.5714285714285714,0.2857142857142857,0.4463309
54.0,0.6428571428571428,0.2857142857142857,0.39420742
54.0,0.7142857142857142,0.2857142857142857,0.3219355
54.0,0.7857142857142857,0.2857142857142857,0.23990503
54.0,0.8571428571428571,0.2857142857142857,0.15449302
54.0,0.9285714285714285,0.2857142857142857,0.069942884
54.0,1.0,0.2857142857142857,-0.0110924
54.0,0.0,0.3571428571428571,-0.0072962437
54.0,0.07142857142857142,0.3571428571428571,0.09038065
54.0,0.14285714285714285,0.3571428571428571,0.19202128
54.0,0.21428571428571427,0.3571428571428571,0.29478058
54.0,0.2857142857142857,0.3571428571428571,0.3941815
54.0,0.3571428571428571,0.3571428571428571,0.48228174
54.0,0.42857142857142855,0.3571428571428571,0.5455456
54.0,0.5,0.3571428571428571,0.56873006
54.0,0.5714285714285714,0.3571428571428571,0.54544616
54.0,0.6428571428571428,0.3571428571428571,0.48299408
54.0,0.7142857142857142,0.3571428571428571,0.3954938
54.0,0.7857142857142857,0.3571428571428571,0.29534185
54.0,0.8571428571428571,0.3571428571428571,0.1914544
54.0,0.9285714285714285,0.3571428571428571,0.09031601
54.0,1.0,0.3571428571428571,-0.004163062
54.0,0.0,0.42857142857142855,-0.005019972
54.0,0.07142857142857142,0.42857142857142855,0.1058206
54.0,0.14285714285714285,0.42857142857142855,0.22114274
54.0,0.21428571428571427,0.42857142857142855,0.33715016
54.0,0.2857142857142857,0.42857142857142855,0.44857237
54.0,0.3571428571428571,0.42857142857142855,0.5468085
54.0,0.42857142857142855,0.42857142857142855,0.61710197
54.0,0.5,0.42857142857142855,0.64230156
54.0,0.5714285714285714,0.42857142857142855,0.6155802
54.0,0.6428571428571428,0.42857142857142855,0.5457946
54.0,0.7142857142857142,0.42857142857142855,0.44836518
54.0,0.7857142857142857,0.42857142857142855,0.33650884
54.0,0.8571428571428571,0.42857142857142855,0.22041328
54.0,0.9285714285714285,0.42857142857142855,0.10809278
54.0,1.0,0.42857142857142855,0.004705256
54.0,0.0,0.5,-0.004483061
54.0,0.07142857142857142,0.5,0.11111117
54.0,0.14285714285714285,0.5,0.23155656
54.0,0.21428571428571427,0.5,0.3525341
54.0,0.2857142857142857,0.5,0.4683952
54.0,0.3571428571428571,0.5,0.5703571
54.0,0.42857142857142855,0.5,0.6431568
54.0,0.5,0.5,0.66862774
54.0,0.5714285714285714,0.5,0.6402286
54.0,0.6428571428571428,0.5,0.56820977
54.0,0.7142857142857142,0.5,0.46817917
54.0,0.7857142857142857,0.5,0.35281065
54.0,0.8571428571428571,0.5,0.23242301
54.0,0.9285714285714285,0.5,0.11599111
54.0,1.0,0.5,0.009802027
54.0,0.0,0.5714285714285714,-0.004902737
54.0,0.07142857142857142,0.5714285714285714,0.10495311
54.0,0.14285714285714285,0.5714285714285714,0.21989399
54.0,0.21428571428571427,0.5714285714285714,0.33601537
54.0,0.2857142857142857,0.5714285714285714,0.4477798
54.0,0.3571428571428571,0.5714285714285714,0.5463952
54.0,0.42857142857142855,0.5714285714285714,0.61685
54.0,0.5,0.5714285714285714,0.64138734
54.0,0.5714285714285714,0.5714285714285714,0.6140382
54.0,0.6428571428571428,0.5714285714285714,0.54522425
54.0,0.7142857142857142,0.5714285714285714,0.44960743
54.0,0.7857142857142857,0.5714285714285714,0.33871713
54.0,0.8571428571428571,0.5714285714285714,0.22240566
54.0,0.9285714285714285,0.5714285714285714,0.10985982
54.0,1.0,0.5714285714285714,0.007789528
54.0,0.0,0.6428571428571428,-0.004366236
54.0,0.07142857142857142,0.6428571428571428,0.091394104
54.0,0.14285714285714285,0.6428571428571428,0.19187096
54.0,0.21428571428571427,0.6428571428571428,0.29442206
54.0,0.2857142857142857,0.6428571428571428,0.3943012
54.0,0.3571428571428571,0.6428571428571428,0.48313913
54.0,0.42857142857142855,0.6428571428571428,0.54691744
54.0,0.5,0.6428571428571428,0.5694764
54.0,0.5714285714285714,0.6428571428571428,0.54529
54.0,0.6428571428571428,0.6428571428571428,0.48362154
54.0,0.7142857142857142,0.6428571428571428,0.3977222
54.0,0.7857142857142857,0.6428571428571428,0.29814467
54.0,0.8571428571428571,0.6428571428571428,0.19383995
54.0,0.9285714285714285,0.6428571428571428,0.09295643
54.0,1.0,0.6428571428571428,0.0013436172
54.0,0.0,0.7142857142857142,-0.00197714
54.0,0.07142857142857142,0.7142857142857142,0.074987575
54.0,0.14285714285714285,0.7142857142857142,0.15540522
54.0,0.21428571428571427,0.7142857142857142,0.23820049
54.0,0.2857142857142857,0.7142857142857142,0.32001758
54.0,0.3571428571428571,0.7142857142857142,0.39368796
54.0,0.42857142857142855,0.7142857142857142,0.4470612
54.0,0.5,0.7142857142857142,0.46646053
54.0,0.5714285714285714,0.7142857142857142,0.44678506
54.0,0.6428571428571428,0.7142857142857142,0.39527446
54.0,0.7142857142857142,0.7142857142857142,0.32347038
54.0,0.7857142857142857,0.7142857142857142,0.24103197
54.0,0.8571428571428571,0.7142857142857142,0.15545781
54.0,0.9285714285714285,0.7142857142857142,0.072599284
54.0,1.0,0.7142857142857142,-0.0037528966
54.0,0.0,0.7857142857142857,0.0014545079
54.0,0.07142857142857142,0.7857142857142857,0.058115855
54.0,0.14285714285714285,0.7857142857142857,0.11657377
54.0,0.21428571428571427,0.7857142857142857,0.1772232
54.0,0.2857142857142857,0.7857142857142857,0.23819493
54.0,0.3571428571428571,0.7857142857142857,0.29381797
54.0,0.42857142857142855,0.7857142857142857,0.33427563
54.0,0.5,0.7857142857142857,0.34898433
54.0,0.5714285714285714,0.7857142857142857,0.33383524
54.0,0.6428571428571428,0.7857142857142857,0.2941109
54.0,0.7142857142857142,0.7857142857142857,0.23923594
54.0,0.7857142857142857,0.7857142857142857,0.17738731
54.0,0.8571428571428571,0.7857142857142857,0.114046596
54.0,0.9285714285714285,0.7857142857142857,0.052359357
54.0,1.0,0.7857142857142857,-0.0062297974
54.0,0.0,0.8571428571428571,0.0033707116
54.0,0.07142857142857142,0.8571428571428571,0.040171407
54.0,0.14285714285714285,0.8571428571428571,0.077316634
54.0,0.21428571428571427,0.8571428571428571,0.11629223
54.0,0.2857142857142857,0.8571428571428571,0.15639041
54.0,0.3571428571428571,0.8571428571428571,0.19345717
54.0,0.42857142857142855,0.8571428571428571,0.22030777
54.0,0.5,0.8571428571428571,0.22972327
54.0,0.5714285714285714,0.8571428571428571,0.21900915
54.0,0.6428571428571428,0.8571428571428571,0.19176558
54.0,0.7142857142857142,0.8571428571428571,0.15475453
54.0,0.7857142857142857,0.8571428571428571,0.113842286
54.0,0.8571428571428571,0.8571428571428571,0.07230816
54.0,0.9285714285714285,0.8571428571428571,0.031140616
54.0,1.0,0.8571428571428571,-0.009913694
54.0,0.0,0.9285714285714285,-3.9270148e-05
54.0,0.07142857142857142,0.9285714285714285,0.018181788
54.0,0.14285714285714285,0.9285714285714285,0.035738826
54.0,0.21428571428571427,0.9285714285714285,0.054702647
54.0,0.2857142857142857,0.9285714285714285,0.07520178
54.0,0.3571428571428571,0.9285714285714285,0.09475417
54.0,0.42857142857142855,0.9285714285714285,0.10906836
54.0,0.5,0.9285714285714285,0.11412955
54.0,0.5714285714285714,0.9285714285714285,0.10847389
54.0,0.6428571428571428,0.9285714285714285,0.09398296
54.0,0.7142857142857142,0.9285714285714285,0.07437489
54.0,0.7857142857142857,0.9285714285714285,0.05281698
54.0,0.8571428571428571,0.9285714285714285,0.030622156
54.0,0.9285714285714285,0.9285714285714285,0.00740993
54.0,1.0,0.9285714285714285,-0.017972479
54.0,0.0,1.0,-0.012416294
54.0,0.07142857142857142,1.0,-0.011063352
54.0,0.14285714285714285,1.0,-0.010874897
54.0,0.21428571428571427,1.0,-0.009552931
54.0,0.2857142857142857,1.0,-0.0062268656
54.0,0.3571428571428571,1.0,-0.0015915874
54.0,0.42857142857142855,1.0,0.0027719755
54.0,0.5,1.0,0.005344821
54.0,0.5714285714285714,1.0,0.0053338353
54.0,0.6428571428571428,1.0,0.0029324386
54.0,0.7142857142857142,1.0,-0.0009738598
54.0,0.7857142857142857,1.0,-0.0056874026
54.0,0.8571428571428571,1.0,-0.011449793
54.0,0.9285714285714285,1.0,-0.019460024
54.0,1.0,1.0,-0.03128224
55.0,0.0,0.0,-0.02163844
55.0,0.07142857142857142,0.0,-0.015343914
55.0,0.14285714285714285,0.0,-0.01274314
55.0,0.21428571428571427,0.0,-0.011412373
55.0,0.2857142857142857,0.0,-0.008566083
55.0,0.3571428571428571,0.0,-0.0033161286
55.0,0.42857142857142855,0.0,0.0019252542
55.0,0.5,0.0,0.0035694968
55.0,0.5714285714285714,0.0,0.00048215128
55.0,0.6428571428571428,0.0,-0.0048533715
55.0,0.7142857142857142,0.0,-0.008350756
55.0,0.7857142857142857,0.0,-0.007788243
55.0,0.8571428571428571,0.0,-0.005019363
55.0,0.9285714285714285,0.0,-0.0048108567
55.0,1.0,0.0,-0.011634754
55.0,0.0,0.07142857142857142,-0.015272671
55.0,0.07142857142857142,0.07142857142857142,0.008816147
55.0,0.14285714285714285,0.07142857142857142,0.030603869
55.0,0.21428571428571427,0.07142857142857142,0.05137205
55.0,0.2857142857142857,0.07142857142857142,0.072426915
55.0,0.3571428571428571,0.07142857142857142,0.092899434
55.0,0.42857142857142855,0.07142857142857142,0.10827013
55.0,0.5,0.07142857142857142,0.11308334
55.0,0.5714285714285714,0.07142857142857142,0.105681024
55.0,0.6428571428571428,0.07142857142857142,0.089695856
55.0,0.7142857142857142,0.07142857142857142,0.07118389
55.0,0.7857142857142857,0.07142857142857142,0.053927347
55.0,0.8571428571428571,0.07142857142857142,0.037022762
55.0,0.9285714285714285,0.07142857142857142,0.016942602
55.0,1.0,0.07142857142857142,-0.0090854
55.0,0.0,0.14285714285714285,-0.012694666
55.0,0.07142857142857142,0.14285714285714285,0.030022925
55.0,0.14285714285714285,0.14285714285714285,0.07228891
55.0,0.21428571428571427,0.14285714285714285,0.114246346
55.0,0.2857142857142857,0.14285714285714285,0.15555702
55.0,0.3571428571428571,0.14285714285714285,0.19331609
55.0,0.42857142857142855,0.14285714285714285,0.22056916
55.0,0.5,0.14285714285714285,0.2295889
55.0,0.5714285714285714,0.14285714285714285,0.21784851
55.0,0.6428571428571428,0.14285714285714285,0.19002552
55.0,0.7142857142857142,0.14285714285714285,0.15426335
55.0,0.7857142857142857,0.14285714285714285,0.11624118
55.0,0.8571428571428571,0.14285714285714285,0.07679495
55.0,0.9285714285714285,0.14285714285714285,0.03459301
55.0,1.0,0.14285714285714285,-0.011087267
55.0,0.0,0.21428571428571427,-0.011527052
55.0,0.07142857142857142,0.21428571428571427,0.050109178
55.0,0.14285714285714285,0.21428571428571427,0.11320682
55.0,0.21428571428571427,0.21428571428571427,0.17684293
55.0,0.2857142857142857,0.21428571428571427,0.23905817
55.0,0.3571428571428571,0.21428571428571427,0.29489616
55.0,0.42857142857142855,0.21428571428571427,0.3349126
55.0,0.5,0.21428571428571427,0.3488936
55.0,0.5714285714285714,0.21428571428571427,0.33311763
55.0,0.6428571428571428,0.21428571428571427,0.2930877
55.0,0.7142857142857142,0.21428571428571427,0.23898146
55.0,0.7857142857142857,0.21428571428571427,0.17868868
55.0,0.8571428571428571,0.21428571428571427,0.11561596
55.0,0.9285714285714285,0.21428571428571427,0.051264443
55.0,1.0,0.21428571428571427,-0.013140062
55.0,0.0,0.2857142857142857,-0.0098499525
55.0,0.07142857142857142,0.2857142857142857,0.070399165
55.0,0.14285714285714285,0.2857142857142857,0.15369186
55.0,0.21428571428571427,0.2857142857142857,0.23810525
55.0,0.2857142857142857,0.2857142857142857,0.3202322
55.0,0.3571428571428571,0.2857142857142857,0.3933296
55.0,0.42857142857142855,0.2857142857142857,0.4457126
55.0,0.5,0.2857142857142857,0.46469846
55.0,0.5714285714285714,0.2857142857142857,0.44522673
55.0,0.6428571428571428,0.2857142857142857,0.39350882
55.0,0.7142857142857142,0.2857142857142857,0.32161757
55.0,0.7857142857142857,0.2857142857142857,0.23978347
55.0,0.8571428571428571,0.2857142857142857,0.15439445
55.0,0.9285714285714285,0.2857142857142857,0.069788076
55.0,1.0,0.2857142857142857,-0.011223836
55.0,0.0,0.3571428571428571,-0.007155666
55.0,0.07142857142857142,0.3571428571428571,0.090268165
55.0,0.14285714285714285,0.3571428571428571,0.1917458
55.0,0.21428571428571427,0.3571428571428571,0.29436347
55.0,0.2857142857142857,0.3571428571428571,0.39354464
55.0,0.3571428571428571,0.3571428571428571,0.48125973
55.0,0.42857142857142855,0.3571428571428571,0.5440423
55.0,0.5,0.3571428571428571,0.5669469
55.0,0.5714285714285714,0.3571428571428571,0.5438326
55.0,0.6428571428571428,0.3571428571428571,0.48190305
55.0,0.7142857142857142,0.3571428571428571,0.39495006
55.0,0.7857142857142857,0.3571428571428571,0.29513708
55.0,0.8571428571428571,0.3571428571428571,0.19134021
55.0,0.9285714285714285,0.3571428571428571,0.090167485
55.0,1.0,0.3571428571428571,-0.0042429697
55.0,0.0,0.42857142857142855,-0.00483522
55.0,0.07142857142857142,0.42857142857142855,0.10563201
55.0,0.14285714285714285,0.42857142857142855,0.22069332
55.0,0.21428571428571427,0.42857142857142855,0.3364798
55.0,0.2857142857142857,0.42857142857142855,0.44760406
55.0,0.3571428571428571,0.42857142857142855,0.54535323
55.0,0.42857142857142855,0.42857142857142855,0.61504
55.0,0.5,0.42857142857142855,0.6398803
55.0,0.5714285714285714,0.42857142857142855,0.61336815
55.0,0.6428571428571428,0.42857142857142855,0.54422784
55.0,0.7142857142857142,0.42857142857142855,0.44748208
55.0,0.7857142857142857,0.42857142857142855,0.33606955
55.0,0.8571428571428571,0.42857142857142855,0.2201289
55.0,0.9285714285714285,0.42857142857142855,0.107827246
55.0,1.0,0.42857142857142855,0.004587481
55.0,0.0,0.5,-0.0043389443
55.0,0.07142857142857142,0.5,0.11084451
55.0,0.14285714285714285,0.5,0.23100078
55.0,0.21428571428571427,0.5,0.35172948
55.0,0.2857142857142857,0.5,0.46725076
55.0,0.3571428571428571,0.5,0.5686598
55.0,0.42857142857142855,0.5,0.640774
55.0,0.5,0.5,0.6658613
55.0,0.5714285714285714,0.5,0.6377254
55.0,0.6428571428571428,0.5,0.5664105
55.0,0.7142857142857142,0.5,0.4670889
55.0,0.7857142857142857,0.5,0.3521796
55.0,0.8571428571428571,0.5,0.23197724
55.0,0.9285714285714285,0.5,0.115618505
55.0,1.0,0.5,0.009639854
55.0,0.0,0.5714285714285714,-0.004874857
55.0,0.07142857142857142,0.5714285714285714,0.10466436
55.0,0.14285714285714285,0.5714285714285714,0.21941483
55.0,0.21428571428571427,0.5714285714285714,0.33536604
55.0,0.2857142857142857,0.5714285714285714,0.44683528
55.0,0.3571428571428571,0.5714285714285714,0.5449194
55.0,0.42857142857142855,0.5714285714285714,0.61471444
55.0,0.5,0.5714285714285714,0.6389068
55.0,0.5714285714285714,0.5714285714285714,0.611832
55.0,0.6428571428571428,0.5714285714285714,0.5436578
55.0,0.7142857142857142,0.5714285714285714,0.44864106
55.0,0.7857142857142857,0.5714285714285714,0.33812612
55.0,0.8571428571428571,0.5714285714285714,0.22197793
55.0,0.9285714285714285,0.5714285714285714,0.109522335
55.0,1.0,0.5714285714285714,0.00766634
55.0,0.0,0.6428571428571428,-0.0044404212
55.0,0.07142857142857142,0.6428571428571428,0.09114371
55.0,0.14285714285714285,0.6428571428571428,0.19157255
55.0,0.21428571428571427,0.6428571428571428,0.29407427
55.0,0.2857142857142857,0.6428571428571428,0.39375427
55.0,0.3571428571428571,0.6428571428571428,0.48216063
55.0,0.42857142857142855,0.6428571428571428,0.5454022
55.0,0.5,0.6428571428571428,0.567704
55.0,0.5714285714285714,0.6428571428571428,0.5437571
55.0,0.6428571428571428,0.6428571428571428,0.48257777
55.0,0.7142857142857142,0.6428571428571428,0.39709708
55.0,0.7857142857142857,0.6428571428571428,0.2977575
55.0,0.8571428571428571,0.6428571428571428,0.19354908
55.0,0.9285714285714285,0.6428571428571428,0.09272977
55.0,1.0,0.6428571428571428,0.001291262
55.0,0.0,0.7142857142857142,-0.0021151323
55.0,0.07142857142857142,0.7142857142857142,0.07477573
55.0,0.14285714285714285,0.7142857142857142,0.15524584
55.0,0.21428571428571427,0.7142857142857142,0.23808433
55.0,0.2857142857142857,0.7142857142857142,0.31979728
55.0,0.3571428571428571,0.7142857142857142,0.39316326
55.0,0.42857142857142855,0.7142857142857142,0.4461582
55.0,0.5,0.7142857142857142,0.46539155
55.0,0.5714285714285714,0.7142857142857142,0.44589365
55.0,0.6428571428571428,0.7142857142857142,0.39470738
55.0,0.7142857142857142,0.7142857142857142,0.32314888
55.0,0.7857142857142857,0.7142857142857142,0.24081576
55.0,0.8571428571428571,0.7142857142857142,0.15525588
55.0,0.9285714285714285,0.7142857142857142,0.072414435
55.0,1.0,0.7142857142857142,-0.0038110297
55.0,0.0,0.7857142857142857,0.0012329873
55.0,0.07142857142857142,0.7857142857142857,0.057872407
55.0,0.14285714285714285,0.7857142857142857,0.11642792
55.0,0.21428571428571427,0.7857142857142857,0.17716363
55.0,0.2857142857142857,0.7857142857142857,0.23808756
55.0,0.3571428571428571,0.7857142857142857,0.29349858
55.0,0.42857142857142855,0.7857142857142857,0.33369818
55.0,0.5,0.7857142857142857,0.3483033
55.0,0.5714285714285714,0.7857142857142857,0.33327705
55.0,0.6428571428571428,0.7857142857142857,0.29376656
55.0,0.7142857142857142,0.7857142857142857,0.23904002
55.0,0.7857142857142857,0.7857142857142857,0.17723078
55.0,0.8571428571428571,0.7857142857142857,0.113863684
55.0,0.9285714285714285,0.7857142857142857,0.052167557
55.0,1.0,0.7857142857142857,-0.0063252263
55.0,0.0,0.8571428571428571,0.003000861
55.0,0.07142857142857142,0.8571428571428571,0.03981424
55.0,0.14285714285714285,0.8571428571428571,0.07708417
55.0,0.21428571428571427,0.8571428571428571,0.11617335
55.0,0.2857142857142857,0.8571428571428571,0.1562666
55.0,0.3571428571428571,0.8571428571428571,0.19319619
55.0,0.42857142857142855,0.8571428571428571,0.2198775
55.0,0.5,0.8571428571428571,0.22922821
55.0,0.5714285714285714,0.8571428571428571,0.21859546
55.0,0.6428571428571428,0.8571428571428571,0.19149454
55.0,0.7142857142857142,0.8571428571428571,0.15458429
55.0,0.7857142857142857,0.8571428571428571,0.113693796
55.0,0.8571428571428571,0.8571428571428571,0.07213489
55.0,0.9285714285714285,0.8571428571428571,0.03096453
55.0,1.0,0.8571428571428571,-0.010000173
55.0,0.0,0.9285714285714285,-0.00059369765
55.0,0.07142857142857142,0.9285714285714285,0.01769226
55.0,0.14285714285714285,0.9285714285714285,0.035418414
55.0,0.21428571428571427,0.9285714285714285,0.0545433
55.0,0.2857142857142857,0.9285714285714285,0.07510606
55.0,0.3571428571428571,0.9285714285714285,0.094615795
55.0,0.42857142857142855,0.9285714285714285,0.1088503
55.0,0.5,0.9285714285714285,0.1138768
55.0,0.5714285714285714,0.9285714285714285,0.10825806
55.0,0.6428571428571428,0.9285714285714285,0.09383687
55.0,0.7142857142857142,0.9285714285714285,0.0742744
55.0,0.7857142857142857,0.9285714285714285,0.052714102
55.0,0.8571428571428571,0.9285714285714285,0.030492475
55.0,0.9285714285714285,0.9285714285714285,0.007281041
55.0,1.0,0.9285714285714285,-0.018016053
55.0,0.0,1.0,-0.013104036
55.0,0.07142857142857142,1.0,-0.0116054695
55.0,0.14285714285714285,1.0,-0.011178858
55.0,0.21428571428571427,1.0,-0.009623844
55.0,0.2857142857142857,1.0,-0.006142391
55.0,0.3571428571428571,1.0,-0.001443861
55.0,0.42857142857142855,1.0,0.0029222649
55.0,0.5,1.0,0.005478753
55.0,0.5714285714285714,1.0,0.0054541435
55.0,0.6428571428571428,1.0,0.0030379947
55.0,0.7142857142857142,1.0,-0.0008989442
55.0,0.7857142857142857,1.0,-0.0056639854
55.0,0.8571428571428571,1.0,-0.011480203
55.0,0.9285714285714285,1.0,-0.019507581
55.0,1.0,1.0,-0.03126516
56.0,0.0,0.0,-0.022269076
56.0,0.07142857142857142,0.0,-0.015857121
56.0,0.14285714285714285,0.0,-0.013021929
56.0,0.21428571428571427,0.0,-0.011384936
56.0,0.2857142857142857,0.0,-0.008268332
56.0,0.3571428571428571,0.0,-0.0028837044
56.0,0.42857142857142855,0.0,0.0023690592
56.0,0.5,0.0,0.0039966423
56.0,0.5714285714285714,0.0,0.0009069871
56.0,0.6428571428571428,0.0,-0.0044669956
56.0,0.7142857142857142,0.0,-0.008109685
56.0,0.7857142857142857,0.0,-0.0077890735
56.0,0.8571428571428571,0.0,-0.0052485624
56.0,0.9285714285714285,0.0,-0.0051448103
56.0,1.0,0.0,-0.011926858
56.0,0.0,0.07142857142857142,-0.01578329
56.0,0.07142857142857142,0.07142857142857142,0.008362522
56.0,0.14285714285714285,0.07142857142857142,0.03029137
56.0,0.21428571428571427,0.07142857142857142,0.051241376
56.0,0.2857142857142857,0.07142857142857142,0.072425924
56.0,0.3571428571428571,0.07142857142857142,0.092896864
56.0,0.42857142857142855,0.07142857142857142,0.108181156
56.0,0.5,0.07142857142857142,0.1129534
56.0,0.5714285714285714,0.07142857142857142,0.105608575
56.0,0.6428571428571428,0.07142857142857142,0.08969361
56.0,0.7142857142857142,0.07142857142857142,0.071145445
56.0,0.7857142857142857,0.07142857142857142,0.05373107
56.0,0.8571428571428571,0.07142857142857142,0.03665539
56.0,0.9285714285714285,0.07142857142857142,0.016495181
56.0,1.0,0.07142857142857142,-0.009497041
56.0,0.0,0.14285714285714285,-0.013024999
56.0,0.07142857142857142,0.14285714285714285,0.029691754
56.0,0.14285714285714285,0.14285714285714285,0.07201538
56.0,0.21428571428571427,0.14285714285714285,0.11404442
56.0,0.2857142857142857,0.14285714285714285,0.15536126
56.0,0.3571428571428571,0.14285714285714285,0.19300008
56.0,0.42857142857142855,0.14285714285714285,0.22007635
56.0,0.5,0.14285714285714285,0.229029
56.0,0.5714285714285714,0.14285714285714285,0.2174008
56.0,0.6428571428571428,0.14285714285714285,0.18976112
56.0,0.7142857142857142,0.14285714285714285,0.15408596
56.0,0.7857142857142857,0.14285714285714285,0.1160065
56.0,0.8571428571428571,0.14285714285714285,0.076451376
56.0,0.9285714285714285,0.14285714285714285,0.034182124
56.0,1.0,0.14285714285714285,-0.011480762
56.0,0.0,0.21428571428571427,-0.011666948
56.0,0.07142857142857142,0.21428571428571427,0.04990846
56.0,0.14285714285714285,0.21428571428571427,0.11299313
56.0,0.21428571428571427,0.21428571428571427,0.1766161
56.0,0.2857142857142857,0.21428571428571427,0.23874433
56.0,0.3571428571428571,0.21428571428571427,0.29436785
56.0,0.42857142857142855,0.21428571428571427,0.3341221
56.0,0.5,0.21428571428571427,0.34799367
56.0,0.5714285714285714,0.21428571428571427,0.332365
56.0,0.6428571428571428,0.21428571428571427,0.2926273
56.0,0.7142857142857142,0.21428571428571427,0.23874623
56.0,0.7857142857142857,0.21428571428571427,0.17851575
56.0,0.8571428571428571,0.21428571428571427,0.11539962
56.0,0.9285714285714285,0.21428571428571427,0.050983056
56.0,1.0,0.21428571428571427,-0.013419868
56.0,0.0,0.2857142857142857,-0.009836333
56.0,0.07142857142857142,0.2857142857142857,0.07027783
56.0,0.14285714285714285,0.2857142857142857,0.15349221
56.0,0.21428571428571427,0.2857142857142857,0.23782875
56.0,0.2857142857142857,0.2857142857142857,0.31980047
56.0,0.3571428571428571,0.2857142857142857,0.39260373
56.0,0.42857142857142855,0.2857142857142857,0.4446316
56.0,0.5,0.2857142857142857,0.4634367
56.0,0.5714285714285714,0.2857142857142857,0.44412294
56.0,0.6428571428571428,0.2857142857142857,0.39280358
56.0,0.7142857142857142,0.2857142857142857,0.32129252
56.0,0.7857142857142857,0.2857142857142857,0.23966041
56.0,0.8571428571428571,0.2857142857142857,0.15429737
56.0,0.9285714285714285,0.2857142857142857,0.06962993
56.0,1.0,0.2857142857142857,-0.01137477
56.0,0.0,0.3571428571428571,-0.007045621
56.0,0.07142857142857142,0.3571428571428571,0.090138875
56.0,0.14285714285714285,0.3571428571428571,0.19145878
56.0,0.21428571428571427,0.3571428571428571,0.29393333
56.0,0.2857142857142857,0.3571428571428571,0.3928932
56.0,0.3571428571428571,0.3571428571428571,0.48022646
56.0,0.42857142857142855,0.3571428571428571,0.54253805
56.0,0.5,0.3571428571428571,0.56516993
56.0,0.5714285714285714,0.3571428571428571,0.54222155
56.0,0.6428571428571428,0.3571428571428571,0.4808046
56.0,0.7142857142857142,0.3571428571428571,0.39439625
56.0,0.7857142857142857,0.3571428571428571,0.2949274
56.0,0.8571428571428571,0.3571428571428571,0.19122934
56.0,0.9285714285714285,0.3571428571428571,0.09002157
56.0,1.0,0.3571428571428571,-0.0043358784
56.0,0.0,0.42857142857142855,-0.0046849046
56.0,0.07142857142857142,0.42857142857142855,0.10542764
56.0,0.14285714285714285,0.42857142857142855,0.22023726
56.0,0.21428571428571427,0.42857142857142855,0.33580288
56.0,0.2857142857142857,0.42857142857142855,0.446627
56.0,0.3571428571428571,0.42857142857142855,0.54389435
56.0,0.42857142857142855,0.42857142857142855,0.61298776
56.0,0.5,0.42857142857142855,0.63748
56.0,0.5714285714285714,0.42857142857142855,0.61117244
56.0,0.6428571428571428,0.42857142857142855,0.5426628
56.0,0.7142857142857142,0.42857142857142855,0.4465918
56.0,0.7857142857142857,0.42857142857142855,0.33562735
56.0,0.8571428571428571,0.42857142857142855,0.21985225
56.0,0.9285714285714285,0.42857142857142855,0.10757107
56.0,1.0,0.42857142857142855,0.0044608507
56.0,0.0,0.5,-0.004228743
56.0,0.07142857142857142,0.5,0.11056659
56.0,0.14285714285714285,0.5,0.23044458
56.0,0.21428571428571427,0.5,0.35092577
56.0,0.2857142857142857,0.5,0.46610618
56.0,0.3571428571428571,0.5,0.56696707
56.0,0.42857142857142855,0.5,0.638412
56.0,0.5,0.5,0.6631279
56.0,0.5714285714285714,0.5,0.6352483
56.0,0.6428571428571428,0.5,0.56461936
56.0,0.7142857142857142,0.5,0.46599522
56.0,0.7857142857142857,0.5,0.35154834
56.0,0.8571428571428571,0.5,0.23154342
56.0,0.9285714285714285,0.5,0.11526083
56.0,1.0,0.5,0.0094722565
56.0,0.0,0.5714285714285714,-0.0048768986
56.0,0.07142857142857142,0.5714285714285714,0.104369
56.0,0.14285714285714285,0.5714285714285714,0.21893823
56.0,0.21428571428571427,0.5714285714285714,0.33471894
56.0,0.2857142857142857,0.5714285714285714,0.44588968
56.0,0.3571428571428571,0.5714285714285714,0.54344594
56.0,0.42857142857142855,0.5714285714285714,0.6125944
56.0,0.5,0.5714285714285714,0.63645244
56.0,0.5714285714285714,0.5714285714285714,0.6096442
56.0,0.6428571428571428,0.5714285714285714,0.54209214
56.0,0.7142857142857142,0.5714285714285714,0.44766775
56.0,0.7857142857142857,0.5714285714285714,0.33753443
56.0,0.8571428571428571,0.5714285714285714,0.22156197
56.0,0.9285714285714285,0.5714285714285714,0.10919912
56.0,1.0,0.5714285714285714,0.007538913
56.0,0.0,0.6428571428571428,-0.004544059
56.0,0.07142857142857142,0.6428571428571428,0.09088506
56.0,0.14285714285714285,0.6428571428571428,0.19127385
56.0,0.21428571428571427,0.6428571428571428,0.2937247
56.0,0.2857142857142857,0.6428571428571428,0.39320138
56.0,0.3571428571428571,0.6428571428571428,0.48117808
56.0,0.42857142857142855,0.6428571428571428,0.5438927
56.0,0.5,0.6428571428571428,0.5659431
56.0,0.5714285714285714,0.6428571428571428,0.54222775
56.0,0.6428571428571428,0.6428571428571428,0.4815261
56.0,0.7142857142857142,0.6428571428571428,0.39646208
56.0,0.7857142857142857,0.6428571428571428,0.29736856
56.0,0.8571428571428571,0.6428571428571428,0.19326705
56.0,0.9285714285714285,0.6428571428571428,0.09251383
56.0,1.0,0.6428571428571428,0.0012336168
56.0,0.0,0.7142857142857142,-0.002289446
56.0,0.07142857142857142,0.7142857142857142,0.074548334
56.0,0.14285714285714285,0.7142857142857142,0.15507962
56.0,0.21428571428571427,0.7142857142857142,0.23796237
56.0,0.2857142857142857,0.7142857142857142,0.31957048
56.0,0.3571428571428571,0.7142857142857142,0.3926358
56.0,0.42857142857142855,0.7142857142857142,0.4452605
56.0,0.5,0.7142857142857142,0.46433228
56.0,0.5714285714285714,0.7142857142857142,0.44500566
56.0,0.6428571428571428,0.7142857142857142,0.39413616
56.0,0.7142857142857142,0.7142857142857142,0.3228237
56.0,0.7857142857142857,0.7142857142857142,0.2406022
56.0,0.8571428571428571,0.7142857142857142,0.15506254
56.0,0.9285714285714285,0.7142857142857142,0.072236896
56.0,1.0,0.7142857142857142,-0.0038768072
56.0,0.0,0.7857142857142857,0.0009660851
56.0,0.07142857142857142,0.7857142857142857,0.05760368
56.0,0.14285714285714285,0.7857142857142857,0.116267584
56.0,0.21428571428571427,0.7857142857142857,0.17709482
56.0,0.2857142857142857,0.7857142857142857,0.2379753
56.0,0.3571428571428571,0.7857142857142857,0.29318273
56.0,0.42857142857142855,0.7857142857142857,0.33313364
56.0,0.5,0.7857142857142857,0.3476398
56.0,0.5714285714285714,0.7857142857142857,0.332733
56.0,0.6428571428571428,0.7857142857142857,0.2934302
56.0,0.7142857142857142,0.7857142857142857,0.23884973
56.0,0.7857142857142857,0.7857142857142857,0.17708035
56.0,0.8571428571428571,0.7857142857142857,0.11368716
56.0,0.9285714285714285,0.7857142857142857,0.05197692
56.0,1.0,0.7857142857142857,-0.00643369
56.0,0.0,0.8571428571428571,0.0025796834
56.0,0.07142857142857142,0.8571428571428571,0.03942456
56.0,0.14285714285714285,0.8571428571428571,0.076830775
56.0,0.21428571428571427,0.8571428571428571,0.11604028
56.0,0.2857142857142857,0.8571428571428571,0.15613538
56.0,0.3571428571428571,0.8571428571428571,0.19293764
56.0,0.42857142857142855,0.8571428571428571,0.219461
56.0,0.5,0.8571428571428571,0.22875296
56.0,0.5714285714285714,0.8571428571428571,0.21819925
56.0,0.6428571428571428,0.8571428571428571,0.19123513
56.0,0.7142857142857142,0.8571428571428571,0.15442029
56.0,0.7857142857142857,0.8571428571428571,0.11354861
56.0,0.8571428571428571,0.8571428571428571,0.07196148
56.0,0.9285714285714285,0.8571428571428571,0.030780686
56.0,1.0,0.8571428571428571,-0.010107078
56.0,0.0,0.9285714285714285,-0.0012008864
56.0,0.07142857142857142,0.9285714285714285,0.017165938
56.0,0.14285714285714285,0.9285714285714285,0.035070986
56.0,0.21428571428571427,0.9285714285714285,0.054362416
56.0,0.2857142857142857,0.9285714285714285,0.074994795
56.0,0.3571428571428571,0.9285714285714285,0.09447084
56.0,0.42857142857142855,0.9285714285714285,0.10863457
56.0,0.5,0.9285714285714285,0.11363152
56.0,0.5714285714285714,0.9285714285714285,0.108049735
56.0,0.6428571428571428,0.9285714285714285,0.09369401
56.0,0.7142857142857142,0.9285714285714285,0.07417203
56.0,0.7857142857142857,0.9285714285714285,0.05260598
56.0,0.8571428571428571,0.9285714285714285,0.030353615
56.0,0.9285714285714285,0.9285714285714285,0.0071370676
56.0,1.0,0.9285714285714285,-0.018085191
56.0,0.0,1.0,-0.013843076
56.0,0.07142857142857142,1.0,-0.012187226
56.0,0.14285714285714285,1.0,-0.0115168495
56.0,0.21428571428571427,1.0,-0.009726515
56.0,0.2857142857142857,1.0,-0.0060861614
56.0,0.3571428571428571,1.0,-0.0013191197
56.0,0.42857142857142855,1.0,0.003055783
56.0,0.5,1.0,0.0056003835
56.0,0.5714285714285714,1.0,0.0055628438
56.0,0.6428571428571428,1.0,0.003130423
56.0,0.7142857142857142,1.0,-0.000839049
56.0,0.7857142857142857,1.0,-0.0056573506
56.0,0.8571428571428571,1.0,-0.011529641
56.0,0.9285714285714285,1.0,-0.019577252
56.0,1.0,1.0,-0.03127789
57.0,0.0,0.0,-0.022943756
57.0,0.07142857142857142,0.0,-0.016400637
57.0,0.14285714285714285,0.0,-0.013319394
57.0,0.21428571428571427,0.0,-0.011371514
57.0,0.2857142857142857,0.0,-0.007983001
57.0,0.3571428571428571,0.0,-0.002461264
57.0,0.42857142857142855,0.0,0.0028073993
57.0,0.5,0.0,0.0044199657
57.0,0.5714285714285714,0.0,0.0013265181
57.0,0.6428571428571428,0.0,-0.004088333
57.0,0.7142857142857142,0.0,-0.007878397
57.0,0.7857142857142857,0.0,-0.0078036636
57.0,0.8571428571428571,0.0,-0.00550518
57.0,0.9285714285714285,0.0,-0.005527716
57.0,1.0,0.0,-0.012291055
57.0,0.0,0.07142857142857142,-0.016331187
57.0,0.07142857142857142,0.07142857142857142,0.007884452
57.0,0.14285714285714285,0.07142857142857142,0.02996478
57.0,0.21428571428571427,0.07142857142857142,0.051101796
57.0,0.2857142857142857,0.07142857142857142,0.072418936
57.0,0.3571428571428571,0.07142857142857142,0.092894286
57.0,0.42857142857142855,0.07142857142857142,0.1080984
57.0,0.5,0.07142857142857142,0.1128336
57.0,0.5714285714285714,0.07142857142857142,0.105543084
57.0,0.6428571428571428,0.07142857142857142,0.08969423
57.0,0.7142857142857142,0.07142857142857142,0.07110763
57.0,0.7857142857142857,0.07142857142857142,0.053532295
57.0,0.8571428571428571,0.07142857142857142,0.03627304
57.0,0.9285714285714285,0.07142857142857142,0.016013525
57.0,1.0,0.07142857142857142,-0.009964308
57.0,0.0,0.14285714285714285,-0.013387127
57.0,0.07142857142857142,0.14285714285714285,0.029340474
57.0,0.14285714285714285,0.14285714285714285,0.071729586
57.0,0.21428571428571427,0.14285714285714285,0.11383466
57.0,0.2857142857142857,0.14285714285714285,0.15516108
57.0,0.3571428571428571,0.14285714285714285,0.19268638
57.0,0.42857142857142855,0.14285714285714285,0.21959382
57.0,0.5,0.14285714285714285,0.22848356
57.0,0.5714285714285714,0.14285714285714285,0.21696384
57.0,0.6428571428571428,0.14285714285714285,0.18950215
57.0,0.7142857142857142,0.14285714285714285,0.15391308
57.0,0.7857142857142857,0.14285714285714285,0.115775056
57.0,0.8571428571428571,0.14285714285714285,0.07610271
57.0,0.9285714285714285,0.14285714285714285,0.03375031
57.0,1.0,0.14285714285714285,-0.011913804
57.0,0.0,0.21428571428571427,-0.011836195
57.0,0.07142857142857142,0.21428571428571427,0.049689025
57.0,0.14285714285714285,0.21428571428571427,0.11276705
57.0,0.21428571428571427,0.21428571428571427,0.17637913
57.0,0.2857142857142857,0.21428571428571427,0.23842303
57.0,0.3571428571428571,0.21428571428571427,0.2938378
57.0,0.42857142857142855,0.21428571428571427,0.3333393
57.0,0.5,0.21428571428571427,0.34710494
57.0,0.5714285714285714,0.21428571428571427,0.33161896
57.0,0.6428571428571428,0.21428571428571427,0.2921676
57.0,0.7142857142857142,0.21428571428571427,0.23851159
57.0,0.7857142857142857,0.21428571428571427,0.1783461
57.0,0.8571428571428571,0.21428571428571427,0.11518342
57.0,0.9285714285714285,0.21428571428571427,0.05069235
57.0,1.0,0.21428571428571427,-0.013725186
57.0,0.0,0.2857142857142857,-0.009850921
57.0,0.07142857142857142,0.2857142857142857,0.070139065
57.0,0.14285714285714285,0.2857142857142857,0.15328039
57.0,0.21428571428571427,0.2857142857142857,0.2375395
57.0,0.2857142857142857,0.2857142857142857,0.31935728
57.0,0.3571428571428571,0.2857142857142857,0.39187023
57.0,0.42857142857142855,0.2857142857142857,0.44355097
57.0,0.5,0.2857142857142857,0.46218026
57.0,0.5714285714285714,0.2857142857142857,0.4430209
57.0,0.6428571428571428,0.2857142857142857,0.3920931
57.0,0.7142857142857142,0.2857142857142857,0.32096168
57.0,0.7857142857142857,0.2857142857142857,0.23953632
57.0,0.8571428571428571,0.2857142857142857,0.15420294
57.0,0.9285714285714285,0.2857142857142857,0.06947119
57.0,1.0,0.2857142857142857,-0.011540564
57.0,0.0,0.3571428571428571,-0.0069659594
57.0,0.07142857142857142,0.3571428571428571,0.08999358
57.0,0.14285714285714285,0.3571428571428571,0.19116062
57.0,0.21428571428571427,0.3571428571428571,0.29349142
57.0,0.2857142857142857,0.3571428571428571,0.39222807
57.0,0.3571428571428571,0.3571428571428571,0.479183
57.0,0.42857142857142855,0.3571428571428571,0.54103416
57.0,0.5,0.3571428571428571,0.5634002
57.0,0.5714285714285714,0.3571428571428571,0.5406133
57.0,0.6428571428571428,0.3571428571428571,0.4796998
57.0,0.7142857142857142,0.3571428571428571,0.39383164
57.0,0.7857142857142857,0.3571428571428571,0.29471275
57.0,0.8571428571428571,0.3571428571428571,0.19112225
57.0,0.9285714285714285,0.3571428571428571,0.08988137
57.0,1.0,0.3571428571428571,-0.004438365
57.0,0.0,0.42857142857142855,-0.0045671854
57.0,0.07142857142857142,0.42857142857142855,0.10520934
57.0,0.14285714285714285,0.42857142857142855,0.21977475
57.0,0.21428571428571427,0.42857142857142855,0.3351198
57.0,0.2857142857142857,0.42857142857142855,0.44564304
57.0,0.3571428571428571,0.42857142857142855,0.54243255
57.0,0.42857142857142855,0.42857142857142855,0.6109452
57.0,0.5,0.42857142857142855,0.63509977
57.0,0.5714285714285714,0.42857142857142855,0.6089928
57.0,0.6428571428571428,0.42857142857142855,0.5410995
57.0,0.7142857142857142,0.42857142857142855,0.44569418
57.0,0.7857142857142857,0.42857142857142855,0.33518207
57.0,0.8571428571428571,0.42857142857142855,0.21958354
57.0,0.9285714285714285,0.42857142857142855,0.10732725
57.0,1.0,0.42857142857142855,0.004329143
57.0,0.0,0.5,-0.0041500125
57.0,0.07142857142857142,0.5,0.11027849
57.0,0.14285714285714285,0.5,0.22988844
57.0,0.21428571428571427,0.5,0.35012332
57.0,0.2857142857142857,0.5,0.46496168
57.0,0.3571428571428571,0.5,0.56527925
57.0,0.42857142857142855,0.5,0.6360692
57.0,0.5,0.5,0.66042656
57.0,0.5714285714285714,0.5,0.6327973
57.0,0.6428571428571428,0.5,0.5628359
57.0,0.7142857142857142,0.5,0.46489903
57.0,0.7857142857142857,0.5,0.35091844
57.0,0.8571428571428571,0.5,0.23112279
57.0,0.9285714285714285,0.5,0.11491949
57.0,1.0,0.5,0.009303698
57.0,0.0,0.5714285714285714,-0.004905002
57.0,0.07142857142857142,0.5714285714285714,0.104068115
57.0,0.14285714285714285,0.5714285714285714,0.21846512
57.0,0.21428571428571427,0.5714285714285714,0.33407372
57.0,0.2857142857142857,0.5714285714285714,0.4449425
57.0,0.3571428571428571,0.5714285714285714,0.5419741
57.0,0.42857142857142855,0.5714285714285714,0.61048913
57.0,0.5,0.5714285714285714,0.63402325
57.0,0.5714285714285714,0.5714285714285714,0.6074742
57.0,0.6428571428571428,0.5714285714285714,0.54052824
57.0,0.7142857142857142,0.5714285714285714,0.44668832
57.0,0.7857142857142857,0.5714285714285714,0.3369429
57.0,0.8571428571428571,0.5714285714285714,0.2211581
57.0,0.9285714285714285,0.5714285714285714,0.10889182
57.0,1.0,0.5714285714285714,0.0074108113
57.0,0.0,0.6428571428571428,-0.0046742056
57.0,0.07142857142857142,0.6428571428571428,0.090619534
57.0,0.14285714285714285,0.6428571428571428,0.19097543
57.0,0.21428571428571427,0.6428571428571428,0.29337278
57.0,0.2857142857142857,0.6428571428571428,0.39264163
57.0,0.3571428571428571,0.6428571428571428,0.48019058
57.0,0.42857142857142855,0.6428571428571428,0.54238796
57.0,0.5,0.6428571428571428,0.56419355
57.0,0.5714285714285714,0.6428571428571428,0.5407031
57.0,0.6428571428571428,0.6428571428571428,0.48046765
57.0,0.7142857142857142,0.6428571428571428,0.39581788
57.0,0.7857142857142857,0.6428571428571428,0.2969792
57.0,0.8571428571428571,0.6428571428571428,0.19299516
57.0,0.9285714285714285,0.6428571428571428,0.0923104
57.0,1.0,0.6428571428571428,0.0011741053
57.0,0.0,0.7142857142857142,-0.002497116
57.0,0.07142857142857142,0.7142857142857142,0.07430592
57.0,0.14285714285714285,0.7142857142857142,0.15490738
57.0,0.21428571428571427,0.7142857142857142,0.23783424
57.0,0.2857142857142857,0.7142857142857142,0.3193364
57.0,0.3571428571428571,0.7142857142857142,0.3921053
57.0,0.42857142857142855,0.7142857142857142,0.44436786
57.0,0.5,0.7142857142857142,0.46328157
57.0,0.5714285714285714,0.7142857142857142,0.44412115
57.0,0.6428571428571428,0.7142857142857142,0.39356232
57.0,0.7142857142857142,0.7142857142857142,0.32249504
57.0,0.7857142857142857,0.7142857142857142,0.24039158
57.0,0.8571428571428571,0.7142857142857142,0.154879
57.0,0.9285714285714285,0.7142857142857142,0.072068095
57.0,1.0,0.7142857142857142,-0.0039466005
57.0,0.0,0.7857142857142857,0.00065710954
57.0,0.07142857142857142,0.7857142857142857,0.057311647
57.0,0.14285714285714285,0.7857142857142857,0.116094224
57.0,0.21428571428571427,0.7857142857142857,0.17701705
57.0,0.2857142857142857,0.7857142857142857,0.23785785
57.0,0.3571428571428571,0.7857142857142857,0.2928691
57.0,0.42857142857142855,0.7857142857142857,0.3325816
57.0,0.5,0.7857142857142857,0.34699354
57.0,0.5714285714285714,0.7857142857142857,0.3322033
57.0,0.6428571428571428,0.7857142857142857,0.29310223
57.0,0.7142857142857142,0.7857142857142857,0.23866503
57.0,0.7857142857142857,0.7857142857142857,0.17693663
57.0,0.8571428571428571,0.7857142857142857,0.11351783
57.0,0.9285714285714285,0.7857142857142857,0.051789045
57.0,1.0,0.7857142857142857,-0.0065526254
57.0,0.0,0.8571428571428571,0.0021101926
57.0,0.07142857142857142,0.8571428571428571,0.039004304
57.0,0.14285714285714285,0.8571428571428571,0.07655742
57.0,0.21428571428571427,0.8571428571428571,0.115893565
57.0,0.2857142857142857,0.8571428571428571,0.1559973
57.0,0.3571428571428571,0.8571428571428571,0.19268289
57.0,0.42857142857142855,0.8571428571428571,0.21905884
57.0,0.5,0.8571428571428571,0.2282973
57.0,0.5714285714285714,0.8571428571428571,0.217821
57.0,0.6428571428571428,0.8571428571428571,0.19098875
57.0,0.7142857142857142,0.8571428571428571,0.15426402
57.0,0.7857142857142857,0.8571428571428571,0.11340786
57.0,0.8571428571428571,0.8571428571428571,0.071788855
57.0,0.9285714285714285,0.8571428571428571,0.030591385
57.0,1.0,0.8571428571428571,-0.0102321785
57.0,0.0,0.9285714285714285,-0.0018575061
57.0,0.07142857142857142,0.9285714285714285,0.016605157
57.0,0.14285714285714285,0.9285714285714285,0.034698337
57.0,0.21428571428571427,0.9285714285714285,0.0541616
57.0,0.2857142857142857,0.9285714285714285,0.074869946
57.0,0.3571428571428571,0.9285714285714285,0.09432113
57.0,0.42857142857142855,0.9285714285714285,0.10842351
57.0,0.5,0.9285714285714285,0.11339662
57.0,0.5714285714285714,0.9285714285714285,0.10785096
57.0,0.6428571428571428,0.9285714285714285,0.09355572
57.0,0.7142857142857142,0.9285714285714285,0.074069686
57.0,0.7857142857142857,0.9285714285714285,0.052494273
57.0,0.8571428571428571,0.9285714285714285,0.030207293
57.0,0.9285714285714285,0.9285714285714285,0.0069796145
57.0,1.0,0.9285714285714285,-0.018178763
57.0,0.0,1.0,-0.014629656
57.0,0.07142857142857142,1.0,-0.012805672
57.0,0.14285714285714285,1.0,-0.011886076
57.0,0.21428571428571427,1.0,-0.009858003
57.0,0.2857142857142857,1.0,-0.0060552303
57.0,0.3571428571428571,1.0,-0.0012140665
57.0,0.42857142857142855,1.0,0.0031759422
57.0,0.5,1.0,0.0057128686
57.0,0.5714285714285714,1.0,0.0056632254
57.0,0.6428571428571428,1.0,0.0032127518
57.0,0.7142857142857142,1.0,-0.000791749
57.0,0.7857142857142857,1.0,-0.0056651626
57.0,0.8571428571428571,1.0,-0.011595434
57.0,0.9285714285714285,1.0,-0.019667918
57.0,1.0,1.0,-0.031318374
58.0,0.0,0.0,-0.023660505
58.0,0.07142857142857142,0.0,-0.016971534
58.0,0.14285714285714285,0.0,-0.013634516
58.0,0.21428571428571427,0.0,-0.01136983
58.0,0.2857142857142857,0.0,-0.007708488
58.0,0.3571428571428571,0.0,-0.0020473022
58.0,0.42857142857142855,0.0,0.0032409
58.0,0.5,0.0,0.0048406515
58.0,0.5714285714285714,0.0,0.0017425809
58.0,0.6428571428571428,0.0,-0.0037159137
58.0,0.7142857142857142,0.0,-0.0076549724
58.0,0.7857142857142857,0.0,-0.007830699
58.0,0.8571428571428571,0.0,-0.005785711
58.0,0.9285714285714285,0.0,-0.0059549753
58.0,1.0,0.0,-0.012723371
58.0,0.0,0.07142857142857142,-0.0169139
58.0,0.07142857142857142,0.07142857142857142,0.007384097
58.0,0.14285714285714285,0.07142857142857142,0.029624326
58.0,0.21428571428571427,0.07142857142857142,0.05095368
58.0,0.2857142857142857,0.07142857142857142,0.072406866
58.0,0.3571428571428571,0.07142857142857142,0.09289234
58.0,0.42857142857142855,0.07142857142857142,0.1080237
58.0,0.5,0.07142857142857142,0.11272443
58.0,0.5714285714285714,0.07142857142857142,0.10548588
58.0,0.6428571428571428,0.07142857142857142,0.089699045
58.0,0.7142857142857142,0.07142857142857142,0.07107248
58.0,0.7857142857142857,0.07142857142857142,0.05333203
58.0,0.8571428571428571,0.07142857142857142,0.035879254
58.0,0.9285714285714285,0.07142857142857142,0.0155016985
58.0,1.0,0.07142857142857142,-0.010483747
58.0,0.0,0.14285714285714285,-0.013779527
58.0,0.07142857142857142,0.14285714285714285,0.028969912
58.0,0.14285714285714285,0.14285714285714285,0.07143247
58.0,0.21428571428571427,0.14285714285714285,0.11361707
58.0,0.2857142857142857,0.14285714285714285,0.1549573
58.0,0.3571428571428571,0.14285714285714285,0.19237591
58.0,0.42857142857142855,0.14285714285714285,0.21912372
58.0,0.5,0.14285714285714285,0.22795331
58.0,0.5714285714285714,0.14285714285714285,0.21653832
58.0,0.6428571428571428,0.14285714285714285,0.1892497
58.0,0.7142857142857142,0.14285714285714285,0.15374535
58.0,0.7857142857142857,0.14285714285714285,0.11554841
58.0,0.8571428571428571,0.14285714285714285,0.07575075
58.0,0.9285714285714285,0.14285714285714285,0.033301204
58.0,1.0,0.14285714285714285,-0.012382278
58.0,0.0,0.21428571428571427,-0.012032839
58.0,0.07142857142857142,0.21428571428571427,0.04945273
58.0,0.14285714285714285,0.21428571428571427,0.11252947
58.0,0.21428571428571427,0.21428571428571427,0.17613329
58.0,0.2857142857142857,0.21428571428571427,0.23809515
58.0,0.3571428571428571,0.21428571428571427,0.2933081
58.0,0.42857142857142855,0.21428571428571427,0.33256504
58.0,0.5,0.21428571428571427,0.3462279
58.0,0.5714285714285714,0.21428571428571427,0.33088025
58.0,0.6428571428571428,0.21428571428571427,0.29171
58.0,0.7142857142857142,0.21428571428571427,0.23827896
58.0,0.7857142857142857,0.21428571428571427,0.17817985
58.0,0.8571428571428571,0.21428571428571427,0.11496971
58.0,0.9285714285714285,0.21428571428571427,0.05039516
58.0,1.0,0.21428571428571427,-0.014051696
58.0,0.0,0.2857142857142857,-0.009892413
58.0,0.07142857142857142,0.2857142857142857,0.06998448
58.0,0.14285714285714285,0.2857142857142857,0.15305674
58.0,0.21428571428571427,0.2857142857142857,0.23723942
58.0,0.2857142857142857,0.2857142857142857,0.31890216
58.0,0.3571428571428571,0.2857142857142857,0.39113042
58.0,0.42857142857142855,0.2857142857142857,0.44247267
58.0,0.5,0.2857142857142857,0.4609305
58.0,0.5714285714285714,0.2857142857142857,0.44192034
58.0,0.6428571428571428,0.2857142857142857,0.39137772
58.0,0.7142857142857142,0.2857142857142857,0.32062563
58.0,0.7857142857142857,0.2857142857142857,0.23941159
58.0,0.8571428571428571,0.2857142857142857,0.15411164
58.0,0.9285714285714285,0.2857142857142857,0.0693127
58.0,1.0,0.2857142857142857,-0.0117187295
58.0,0.0,0.3571428571428571,-0.0069141183
58.0,0.07142857142857142,0.3571428571428571,0.08983333
58.0,0.14285714285714285,0.3571428571428571,0.19085212
58.0,0.21428571428571427,0.3571428571428571,0.29303822
58.0,0.2857142857142857,0.3571428571428571,0.39155033
58.0,0.3571428571428571,0.3571428571428571,0.4781307
58.0,0.42857142857142855,0.3571428571428571,0.5395304
58.0,0.5,0.3571428571428571,0.56163716
58.0,0.5714285714285714,0.3571428571428571,0.53900856
58.0,0.6428571428571428,0.3571428571428571,0.47858933
58.0,0.7142857142857142,0.3571428571428571,0.39325815
58.0,0.7857142857142857,0.3571428571428571,0.2944934
58.0,0.8571428571428571,0.3571428571428571,0.19101995
58.0,0.9285714285714285,0.3571428571428571,0.08974791
58.0,1.0,0.3571428571428571,-0.004546182
58.0,0.0,0.42857142857142855,-0.0044799987
58.0,0.07142857142857142,0.42857142857142855,0.104977846
58.0,0.14285714285714285,0.42857142857142855,0.21930672
58.0,0.21428571428571427,0.42857142857142855,0.33443174
58.0,0.2857142857142857,0.42857142857142855,0.44465235
58.0,0.3571428571428571,0.42857142857142855,0.54096824
58.0,0.42857142857142855,0.42857142857142855,0.6089118
58.0,0.5,0.42857142857142855,0.6327385
58.0,0.5714285714285714,0.42857142857142855,0.6068282
58.0,0.6428571428571428,0.42857142857142855,0.5395385
58.0,0.7142857142857142,0.42857142857142855,0.4447903
58.0,0.7857142857142857,0.42857142857142855,0.3347346
58.0,0.8571428571428571,0.42857142857142855,0.21932352
58.0,0.9285714285714285,0.42857142857142855,0.107096344
58.0,1.0,0.42857142857142855,0.0041971337
58.0,0.0,0.5,-0.0040999744
58.0,0.07142857142857142,0.5,0.1099825
58.0,0.14285714285714285,0.5,0.22933361
58.0,0.21428571428571427,0.5,0.3493233
58.0,0.2857142857142857,0.5,0.4638172
58.0,0.3571428571428571,0.5,0.5635961
58.0,0.42857142857142855,0.5,0.63374484
58.0,0.5,0.5,0.657755
58.0,0.5714285714285714,0.5,0.63037086
58.0,0.6428571428571428,0.5,0.561061
58.0,0.7142857142857142,0.5,0.46380028
58.0,0.7857142857142857,0.5,0.3502892
58.0,0.8571428571428571,0.5,0.23071462
58.0,0.9285714285714285,0.5,0.114596464
58.0,1.0,0.5,0.009137547
58.0,0.0,0.5714285714285714,-0.0049566943
58.0,0.07142857142857142,0.5714285714285714,0.10376308
58.0,0.14285714285714285,0.5714285714285714,0.21799545
58.0,0.21428571428571427,0.5714285714285714,0.3334308
58.0,0.2857142857142857,0.5714285714285714,0.4439937
58.0,0.3571428571428571,0.5714285714285714,0.54050356
58.0,0.42857142857142855,0.5714285714285714,0.6083985
58.0,0.5,0.5714285714285714,0.63161844
58.0,0.5714285714285714,0.5714285714285714,0.6053215
58.0,0.6428571428571428,0.5714285714285714,0.5389671
58.0,0.7142857142857142,0.5714285714285714,0.44570434
58.0,0.7857142857142857,0.5714285714285714,0.33635235
58.0,0.8571428571428571,0.5714285714285714,0.22076724
58.0,0.9285714285714285,0.5714285714285714,0.10860195
58.0,1.0,0.5714285714285714,0.007285742
58.0,0.0,0.6428571428571428,-0.004827814
58.0,0.07142857142857142,0.6428571428571428,0.09034849
58.0,0.14285714285714285,0.6428571428571428,0.1906774
58.0,0.21428571428571427,0.6428571428571428,0.2930185
58.0,0.2857142857142857,0.6428571428571428,0.39207545
58.0,0.3571428571428571,0.6428571428571428,0.47919843
58.0,0.42857142857142855,0.6428571428571428,0.54088813
58.0,0.5,0.6428571428571428,0.5624551
58.0,0.5714285714285714,0.6428571428571428,0.5391828
58.0,0.6428571428571428,0.6428571428571428,0.47940382
58.0,0.7142857142857142,0.6428571428571428,0.3951663
58.0,0.7857142857142857,0.6428571428571428,0.29658955
58.0,0.8571428571428571,0.6428571428571428,0.19273448
58.0,0.9285714285714285,0.6428571428571428,0.09212095
58.0,1.0,0.6428571428571428,0.001115853
58.0,0.0,0.7142857142857142,-0.0027349237
58.0,0.07142857142857142,0.7142857142857142,0.07405118
58.0,0.14285714285714285,0.7142857142857142,0.15472904
58.0,0.21428571428571427,0.7142857142857142,0.2376996
58.0,0.2857142857142857,0.7142857142857142,0.3190954
58.0,0.3571428571428571,0.7142857142857142,0.39157078
58.0,0.42857142857142855,0.7142857142857142,0.4434794
58.0,0.5,0.7142857142857142,0.46223977
58.0,0.5714285714285714,0.7142857142857142,0.44324073
58.0,0.6428571428571428,0.7142857142857142,0.39298573
58.0,0.7142857142857142,0.7142857142857142,0.3221642
58.0,0.7857142857142857,0.7142857142857142,0.24018496
58.0,0.8571428571428571,0.7142857142857142,0.15470609
58.0,0.9285714285714285,0.7142857142857142,0.07190988
58.0,1.0,0.7142857142857142,-0.0040183496
58.0,0.0,0.7857142857142857,0.00030865334
58.0,0.07142857142857142,0.7857142857142857,0.05699745
58.0,0.14285714285714285,0.7857142857142857,0.1159083
58.0,0.21428571428571427,0.7857142857142857,0.17693006
58.0,0.2857142857142857,0.7857142857142857,0.23773526
58.0,0.3571428571428571,0.7857142857142857,0.29255822
58.0,0.42857142857142855,0.7857142857142857,0.33204165
58.0,0.5,0.7857142857142857,0.34636477
58.0,0.5714285714285714,0.7857142857142857,0.33168802
58.0,0.6428571428571428,0.7857142857142857,0.2927836
58.0,0.7142857142857142,0.7857142857142857,0.23848762
58.0,0.7857142857142857,0.7857142857142857,0.17680064
58.0,0.8571428571428571,0.7857142857142857,0.11335694
58.0,0.9285714285714285,0.7857142857142857,0.051604785
58.0,1.0,0.7857142857142857,-0.0066798143
58.0,0.0,0.8571428571428571,0.001595879
58.0,0.07142857142857142,0.8571428571428571,0.038555868
58.0,0.14285714285714285,0.8571428571428571,0.07626585
58.0,0.21428571428571427,0.8571428571428571,0.115734406
58.0,0.2857142857142857,0.8571428571428571,0.15585351
58.0,0.3571428571428571,0.8571428571428571,0.19243205
58.0,0.42857142857142855,0.8571428571428571,0.21867186
58.0,0.5,0.8571428571428571,0.22786279
58.0,0.5714285714285714,0.8571428571428571,0.21746254
58.0,0.6428571428571428,0.8571428571428571,0.19075605
58.0,0.7142857142857142,0.8571428571428571,0.15411696
58.0,0.7857142857142857,0.8571428571428571,0.113272764
58.0,0.8571428571428571,0.8571428571428571,0.07161861
58.0,0.9285714285714285,0.8571428571428571,0.030397376
58.0,1.0,0.8571428571428571,-0.010373116
58.0,0.0,0.9285714285714285,-0.0025599431
58.0,0.07142857142857142,0.9285714285714285,0.01601313
58.0,0.14285714285714285,0.9285714285714285,0.034302376
58.0,0.21428571428571427,0.9285714285714285,0.053942554
58.0,0.2857142857142857,0.9285714285714285,0.07473322
58.0,0.3571428571428571,0.9285714285714285,0.09416864
58.0,0.42857142857142855,0.9285714285714285,0.10821935
58.0,0.5,0.9285714285714285,0.11317386
58.0,0.5714285714285714,0.9285714285714285,0.10766357
58.0,0.6428571428571428,0.9285714285714285,0.09342524
58.0,0.7142857142857142,0.9285714285714285,0.073969804
58.0,0.7857142857142857,0.9285714285714285,0.052380264
58.0,0.8571428571428571,0.9285714285714285,0.030054992
58.0,0.9285714285714285,0.9285714285714285,0.0068097953
58.0,1.0,0.9285714285714285,-0.018293398
58.0,0.0,1.0,-0.015460793
58.0,0.07142857142857142,1.0,-0.013458671
58.0,0.14285714285714285,1.0,-0.012285024
58.0,0.21428571428571427,1.0,-0.010015806
58.0,0.2857142857142857,1.0,-0.0060474444
58.0,0.3571428571428571,1.0,-0.0011257026
58.0,0.42857142857142855,1.0,0.0032860208
58.0,0.5,1.0,0.0058195163
58.0,0.5714285714285714,1.0,0.0057582054
58.0,0.6428571428571428,1.0,0.0032875743
58.0,0.7142857142857142,1.0,-0.0007550139
58.0,0.7857142857142857,1.0,-0.0056856815
58.0,0.8571428571428571,1.0,-0.0116764475
58.0,0.9285714285714285,1.0,-0.019777196
58.0,1.0,1.0,-0.03138525
59.0,0.0,0.0,-0.02441577
59.0,0.07142857142857142,0.0,-0.017568463
59.0,0.14285714285714285,0.0,-0.013965571
59.0,0.21428571428571427,0.0,-0.01138016
59.0,0.2857142857142857,0.0,-0.0074444506
59.0,0.3571428571428571,0.0,-0.0016413238
59.0,0.42857142857142855,0.0,0.0036710668
59.0,0.5,0.0,0.005260581
59.0,0.5714285714285714,0.0,0.0021563154
59.0,0.6428571428571428,0.0,-0.0033479612
59.0,0.7142857142857142,0.0,-0.0074373316
59.0,0.7857142857142857,0.0,-0.007866912
59.0,0.8571428571428571,0.0,-0.0060869996
59.0,0.9285714285714285,0.0,-0.006422838
59.0,1.0,0.0,-0.013219206
59.0,0.0,0.07142857142857142,-0.017529348
59.0,0.07142857142857142,0.07142857142857142,0.0068628285
59.0,0.14285714285714285,0.07142857142857142,0.029272517
59.0,0.21428571428571427,0.07142857142857142,0.050798133
59.0,0.2857142857142857,0.07142857142857142,0.07239078
59.0,0.3571428571428571,0.07142857142857142,0.09289111
59.0,0.42857142857142855,0.07142857142857142,0.10795732
59.0,0.5,0.07142857142857142,0.11262743
59.0,0.5714285714285714,0.07142857142857142,0.10543825
59.0,0.6428571428571428,0.07142857142857142,0.089709364
59.0,0.7142857142857142,0.07142857142857142,0.07104133
59.0,0.7857142857142857,0.07142857142857142,0.053133875
59.0,0.8571428571428571,0.07142857142857142,0.035476334
59.0,0.9285714285714285,0.07142857142857142,0.014962893
59.0,1.0,0.07142857142857142,-0.011050904
59.0,0.0,0.14285714285714285,-0.014200667
59.0,0.07142857142857142,0.14285714285714285,0.028581453
59.0,0.14285714285714285,0.14285714285714285,0.07112453
59.0,0.21428571428571427,0.14285714285714285,0.11339364
59.0,0.2857142857142857,0.14285714285714285,0.15475091
59.0,0.3571428571428571,0.14285714285714285,0.19206947
59.0,0.42857142857142855,0.14285714285714285,0.21866626
59.0,0.5,0.14285714285714285,0.22743885
59.0,0.5714285714285714,0.14285714285714285,0.21612488
59.0,0.6428571428571428,0.14285714285714285,0.18900497
59.0,0.7142857142857142,0.14285714285714285,0.15358452
59.0,0.7857142857142857,0.14285714285714285,0.115327366
59.0,0.8571428571428571,0.14285714285714285,0.07539814
59.0,0.9285714285714285,0.14285714285714285,0.03283739
59.0,1.0,0.14285714285714285,-0.012882529
59.0,0.0,0.21428571428571427,-0.012255201
59.0,0.07142857142857142,0.21428571428571427,0.04920026
59.0,0.14285714285714285,0.21428571428571427,0.112281494
59.0,0.21428571428571427,0.21428571428571427,0.17587928
59.0,0.2857142857142857,0.21428571428571427,0.23776206
59.0,0.3571428571428571,0.21428571428571427,0.2927788
59.0,0.42857142857142855,0.21428571428571427,0.33179957
59.0,0.5,0.21428571428571427,0.34536332
59.0,0.5714285714285714,0.21428571428571427,0.3301501
59.0,0.6428571428571428,0.21428571428571427,0.29125538
59.0,0.7142857142857142,0.21428571428571427,0.2380485
59.0,0.7857142857142857,0.21428571428571427,0.17801902
59.0,0.8571428571428571,0.21428571428571427,0.11475863
59.0,0.9285714285714285,0.21428571428571427,0.050093547
59.0,1.0,0.21428571428571427,-0.01439712
59.0,0.0,0.2857142857142857,-0.009959297
59.0,0.07142857142857142,0.2857142857142857,0.06981447
59.0,0.14285714285714285,0.2857142857142857,0.15282226
59.0,0.21428571428571427,0.2857142857142857,0.23692882
59.0,0.2857142857142857,0.2857142857142857,0.3184373
59.0,0.3571428571428571,0.2857142857142857,0.39038482
59.0,0.42857142857142855,0.2857142857142857,0.4413968
59.0,0.5,0.2857142857142857,0.4596868
59.0,0.5714285714285714,0.2857142857142857,0.4408228
59.0,0.6428571428571428,0.2857142857142857,0.39065886
59.0,0.7142857142857142,0.2857142857142857,0.32028475
59.0,0.7857142857142857,0.2857142857142857,0.23928669
59.0,0.8571428571428571,0.2857142857142857,0.15402459
59.0,0.9285714285714285,0.2857142857142857,0.06915807
59.0,1.0,0.2857142857142857,-0.011905363
59.0,0.0,0.3571428571428571,-0.0068882126
59.0,0.07142857142857142,0.3571428571428571,0.08965916
59.0,0.14285714285714285,0.3571428571428571,0.19053479
59.0,0.21428571428571427,0.3571428571428571,0.29257557
59.0,0.2857142857142857,0.3571428571428571,0.3908616
59.0,0.3571428571428571,0.3571428571428571,0.4770705
59.0,0.42857142857142855,0.3571428571428571,0.5380271
59.0,0.5,0.3571428571428571,0.5598814
59.0,0.5714285714285714,0.3571428571428571,0.537408
59.0,0.6428571428571428,0.3571428571428571,0.47747424
59.0,0.7142857142857142,0.3571428571428571,0.39267528
59.0,0.7857142857142857,0.3571428571428571,0.29427075
59.0,0.8571428571428571,0.3571428571428571,0.19092216
59.0,0.9285714285714285,0.3571428571428571,0.08962355
59.0,1.0,0.3571428571428571,-0.00465654
59.0,0.0,0.42857142857142855,-0.0044199172
59.0,0.07142857142857142,0.42857142857142855,0.10473532
59.0,0.14285714285714285,0.42857142857142855,0.21883488
59.0,0.21428571428571427,0.42857142857142855,0.33373907
59.0,0.2857142857142857,0.42857142857142855,0.44365546
59.0,0.3571428571428571,0.42857142857142855,0.5395014
59.0,0.42857142857142855,0.42857142857142855,0.6068873
59.0,0.5,0.42857142857142855,0.6303952
59.0,0.5714285714285714,0.42857142857142855,0.60467875
59.0,0.6428571428571428,0.42857142857142855,0.53797996
59.0,0.7142857142857142,0.42857142857142855,0.4438804
59.0,0.7857142857142857,0.42857142857142855,0.33428398
59.0,0.8571428571428571,0.42857142857142855,0.2190725
59.0,0.9285714285714285,0.42857142857142855,0.10688083
59.0,1.0,0.42857142857142855,0.004067557
59.0,0.0,0.5,-0.0040753204
59.0,0.07142857142857142,0.5,0.10967954
59.0,0.14285714285714285,0.5,0.22878055
59.0,0.21428571428571427,0.5,0.34852514
59.0,0.2857142857142857,0.5,0.46267346
59.0,0.3571428571428571,0.5,0.56191707
59.0,0.42857142857142855,0.5,0.631438
59.0,0.5,0.5,0.655112
59.0,0.5714285714285714,0.5,0.62796795
59.0,0.6428571428571428,0.5,0.5592943
59.0,0.7142857142857142,0.5,0.4626997
59.0,0.7857142857142857,0.5,0.34966192
59.0,0.8571428571428571,0.5,0.23032041
59.0,0.9285714285714285,0.5,0.11429296
59.0,1.0,0.5,0.008978175
59.0,0.0,0.5714285714285714,-0.005028615
59.0,0.07142857142857142,0.5714285714285714,0.10345626
59.0,0.14285714285714285,0.5714285714285714,0.21753094
59.0,0.21428571428571427,0.5714285714285714,0.33279014
59.0,0.2857142857142857,0.5714285714285714,0.4430438
59.0,0.3571428571428571,0.5714285714285714,0.5390346
59.0,0.42857142857142855,0.5714285714285714,0.606321
59.0,0.5,0.5714285714285714,0.6292366
59.0,0.5714285714285714,0.5714285714285714,0.60318595
59.0,0.6428571428571428,0.5714285714285714,0.53740853
59.0,0.7142857142857142,0.5714285714285714,0.44471645
59.0,0.7857142857142857,0.5714285714285714,0.3357632
59.0,0.8571428571428571,0.5714285714285714,0.22039002
59.0,0.9285714285714285,0.5714285714285714,0.10833111
59.0,1.0,0.5714285714285714,0.007167468
59.0,0.0,0.6428571428571428,-0.0050018374
59.0,0.07142857142857142,0.6428571428571428,0.09007321
59.0,0.14285714285714285,0.6428571428571428,0.19038028
59.0,0.21428571428571427,0.6428571428571428,0.29266196
59.0,0.2857142857142857,0.6428571428571428,0.39150253
59.0,0.3571428571428571,0.6428571428571428,0.4782013
59.0,0.42857142857142855,0.6428571428571428,0.53939277
59.0,0.5,0.6428571428571428,0.5607276
59.0,0.5714285714285714,0.6428571428571428,0.53766775
59.0,0.6428571428571428,0.6428571428571428,0.4783351
59.0,0.7142857142857142,0.6428571428571428,0.3945082
59.0,0.7857142857142857,0.6428571428571428,0.2962016
59.0,0.8571428571428571,0.6428571428571428,0.19248475
59.0,0.9285714285714285,0.6428571428571428,0.091946535
59.0,1.0,0.6428571428571428,0.0010615867
59.0,0.0,0.7142857142857142,-0.0030003432
59.0,0.07142857142857142,0.7142857142857142,0.07378484
59.0,0.14285714285714285,0.7142857142857142,0.1545453
59.0,0.21428571428571427,0.7142857142857142,0.23755889
59.0,0.2857142857142857,0.7142857142857142,0.31884658
59.0,0.3571428571428571,0.7142857142857142,0.39103207
59.0,0.42857142857142855,0.7142857142857142,0.44259483
59.0,0.5,0.7142857142857142,0.46120593
59.0,0.5714285714285714,0.7142857142857142,0.44236445
59.0,0.6428571428571428,0.7142857142857142,0.39240798
59.0,0.7142857142857142,0.7142857142857142,0.3218327
59.0,0.7857142857142857,0.7142857142857142,0.23998311
59.0,0.8571428571428571,0.7142857142857142,0.15454422
59.0,0.9285714285714285,0.7142857142857142,0.071763195
59.0,1.0,0.7142857142857142,-0.004089305
59.0,0.0,0.7857142857142857,-7.5632706e-05
59.0,0.07142857142857142,0.7857142857142857,0.056663617
59.0,0.14285714285714285,0.7857142857142857,0.11571062
59.0,0.21428571428571427,0.7857142857142857,0.1768351
59.0,0.2857142857142857,0.7857142857142857,0.23760799
59.0,0.3571428571428571,0.7857142857142857,0.29225045
59.0,0.42857142857142855,0.7857142857142857,0.33151403
59.0,0.5,0.7857142857142857,0.34575254
59.0,0.5714285714285714,0.7857142857142857,0.3311874
59.0,0.6428571428571428,0.7857142857142857,0.29247496
59.0,0.7142857142857142,0.7857142857142857,0.23831789
59.0,0.7857142857142857,0.7857142857142857,0.1766735
59.0,0.8571428571428571,0.7857142857142857,0.11320525
59.0,0.9285714285714285,0.7857142857142857,0.05142636
59.0,1.0,0.7857142857142857,-0.006812768
59.0,0.0,0.8571428571428571,0.0010395218
59.0,0.07142857142857142,0.8571428571428571,0.038081452
59.0,0.14285714285714285,0.8571428571428571,0.07595747
59.0,0.21428571428571427,0.8571428571428571,0.11556373
59.0,0.2857142857142857,0.8571428571428571,0.15570506
59.0,0.3571428571428571,0.8571428571428571,0.19218695
59.0,0.42857142857142855,0.8571428571428571,0.2183001
59.0,0.5,0.8571428571428571,0.22744948
59.0,0.5714285714285714,0.8571428571428571,0.21712433
59.0,0.6428571428571428,0.8571428571428571,0.19053885
59.0,0.7142857142857142,0.8571428571428571,0.15398039
59.0,0.7857142857142857,0.8571428571428571,0.11314464
59.0,0.8571428571428571,0.8571428571428571,0.07145217
59.0,0.9285714285714285,0.8571428571428571,0.03020127
59.0,1.0,0.8571428571428571,-0.010527749
59.0,0.0,0.9285714285714285,-0.0033054631
59.0,0.07142857142857142,0.9285714285714285,0.015391553
59.0,0.14285714285714285,0.9285714285714285,0.033884622
59.0,0.21428571428571427,0.9285714285714285,0.053707615
59.0,0.2857142857142857,0.9285714285714285,0.07458697
59.0,0.3571428571428571,0.9285714285714285,0.09401602
59.0,0.42857142857142855,0.9285714285714285,0.10802356
59.0,0.5,0.9285714285714285,0.112964384
59.0,0.5714285714285714,0.9285714285714285,0.10748951
59.0,0.6428571428571428,0.9285714285714285,0.09330317
59.0,0.7142857142857142,0.9285714285714285,0.07387316
59.0,0.7857142857142857,0.9285714285714285,0.05226607
59.0,0.8571428571428571,0.9285714285714285,0.02989824
59.0,0.9285714285714285,0.9285714285714285,0.00662983
59.0,1.0,0.9285714285714285,-0.018428354
59.0,0.0,1.0,-0.016333062
59.0,0.07142857142857142,1.0,-0.01414283
59.0,0.14285714285714285,1.0,-0.012710316
59.0,0.21428571428571427,1.0,-0.010197649
59.0,0.2857142857142857,1.0,-0.0060587656
59.0,0.3571428571428571,1.0,-0.0010511298
59.0,0.42857142857142855,1.0,0.003388701
59.0,0.5,1.0,0.005922923
59.0,0.5714285714285714,1.0,0.005850533
59.0,0.6428571428571428,1.0,0.0033574495
59.0,0.7142857142857142,1.0,-0.00072606467
59.0,0.7857142857142857,1.0,-0.005716866
59.0,0.8571428571428571,1.0,-0.011770265
59.0,0.9285714285714285,1.0,-0.01990367
59.0,1.0,1.0,-0.031476244
60.0,0.0,0.0,-0.025207048
60.0,0.07142857142857142,0.0,-0.01818852
60.0,0.14285714285714285,0.0,-0.014311502
60.0,0.21428571428571427,0.0,-0.011401134
60.0,0.2857142857142857,0.0,-0.007189328
60.0,0.3571428571428571,0.0,-0.0012420435
60.0,0.42857142857142855,0.0,0.0040988084
60.0,0.5,0.0,0.005680518
60.0,0.5714285714285714,0.0,0.0025693532
60.0,0.6428571428571428,0.0,-0.0029825792
60.0,0.7142857142857142,0.0,-0.0072231013
60.0,0.7857142857142857,0.0,-0.007910117
60.0,0.8571428571428571,0.0,-0.006405671
60.0,0.9285714285714285,0.0,-0.0069274493
60.0,1.0,0.0,-0.013774289
60.0,0.0,0.07142857142857142,-0.018175377
60.0,0.07142857142857142,0.07142857142857142,0.0063223075
60.0,0.14285714285714285,0.07142857142857142,0.02890869
60.0,0.21428571428571427,0.07142857142857142,0.050635986
60.0,0.2857142857142857,0.07142857142857142,0.072371356
60.0,0.3571428571428571,0.07142857142857142,0.0928922
60.0,0.42857142857142855,0.07142857142857142,0.10790008
60.0,0.5,0.07142857142857142,0.11254259
60.0,0.5714285714285714,0.07142857142857142,0.105401106
60.0,0.6428571428571428,0.07142857142857142,0.089726694
60.0,0.7142857142857142,0.07142857142857142,0.07101513
60.0,0.7857142857142857,0.07142857142857142,0.052937724
60.0,0.8571428571428571,0.07142857142857142,0.03506726
60.0,0.9285714285714285,0.07142857142857142,0.014400285
60.0,1.0,0.07142857142857142,-0.011661576
60.0,0.0,0.14285714285714285,-0.014647605
60.0,0.07142857142857142,0.14285714285714285,0.028176634
60.0,0.14285714285714285,0.14285714285714285,0.070806675
60.0,0.21428571428571427,0.14285714285714285,0.113164224
60.0,0.2857142857142857,0.14285714285714285,0.1545425
60.0,0.3571428571428571,0.14285714285714285,0.19176792
60.0,0.42857142857142855,0.14285714285714285,0.2182213
60.0,0.5,0.14285714285714285,0.22694102
60.0,0.5714285714285714,0.14285714285714285,0.21572474
60.0,0.6428571428571428,0.14285714285714285,0.18876874
60.0,0.7142857142857142,0.14285714285714285,0.15343139
60.0,0.7857142857142857,0.14285714285714285,0.11511312
60.0,0.8571428571428571,0.14285714285714285,0.07504656
60.0,0.9285714285714285,0.14285714285714285,0.032362342
60.0,1.0,0.14285714285714285,-0.013411326
60.0,0.0,0.21428571428571427,-0.012501793
60.0,0.07142857142857142,0.21428571428571427,0.04893256
60.0,0.14285714285714285,0.21428571428571427,0.112023145
60.0,0.21428571428571427,0.21428571428571427,0.17561817
60.0,0.2857142857142857,0.21428571428571427,0.23742431
60.0,0.3571428571428571,0.21428571428571427,0.29225114
60.0,0.42857142857142855,0.21428571428571427,0.33104345
60.0,0.5,0.21428571428571427,0.34451133
60.0,0.5714285714285714,0.21428571428571427,0.32942867
60.0,0.6428571428571428,0.21428571428571427,0.29080483
60.0,0.7142857142857142,0.21428571428571427,0.2378215
60.0,0.7857142857142857,0.21428571428571427,0.17786358
60.0,0.8571428571428571,0.21428571428571427,0.11455258
60.0,0.9285714285714285,0.21428571428571427,0.049789727
60.0,1.0,0.21428571428571427,-0.014756972
60.0,0.0,0.2857142857142857,-0.010049755
60.0,0.07142857142857142,0.2857142857142857,0.06963066
60.0,0.14285714285714285,0.2857142857142857,0.15257795
60.0,0.21428571428571427,0.2857142857142857,0.23660943
60.0,0.2857142857142857,0.2857142857142857,0.31796458
60.0,0.3571428571428571,0.2857142857142857,0.38963535
60.0,0.42857142857142855,0.2857142857142857,0.44032446
60.0,0.5,0.2857142857142857,0.45845065
60.0,0.5714285714285714,0.2857142857142857,0.43972868
60.0,0.6428571428571428,0.2857142857142857,0.3899376
60.0,0.7142857142857142,0.2857142857142857,0.31994003
60.0,0.7857142857142857,0.2857142857142857,0.23916227
60.0,0.8571428571428571,0.2857142857142857,0.15394251
60.0,0.9285714285714285,0.2857142857142857,0.069008
60.0,1.0,0.2857142857142857,-0.012097063
60.0,0.0,0.3571428571428571,-0.0068868715
60.0,0.07142857142857142,0.3571428571428571,0.08947265
60.0,0.14285714285714285,0.3571428571428571,0.19020939
60.0,0.21428571428571427,0.3571428571428571,0.2921042
60.0,0.2857142857142857,0.3571428571428571,0.3901627
60.0,0.3571428571428571,0.3571428571428571,0.4760039
60.0,0.42857142857142855,0.3571428571428571,0.5365254
60.0,0.5,0.3571428571428571,0.5581327
60.0,0.5714285714285714,0.3571428571428571,0.5358115
60.0,0.6428571428571428,0.3571428571428571,0.47635517
60.0,0.7142857142857142,0.3571428571428571,0.39208427
60.0,0.7857142857142857,0.3571428571428571,0.29404387
60.0,0.8571428571428571,0.3571428571428571,0.19083
60.0,0.9285714285714285,0.3571428571428571,0.089509584
60.0,1.0,0.3571428571428571,-0.0047657434
60.0,0.0,0.42857142857142855,-0.004385585
60.0,0.07142857142857142,0.42857142857142855,0.10448293
60.0,0.14285714285714285,0.42857142857142855,0.21835928
60.0,0.21428571428571427,0.42857142857142855,0.33304358
60.0,0.2857142857142857,0.42857142857142855,0.4426538
60.0,0.3571428571428571,0.42857142857142855,0.5380327
60.0,0.42857142857142855,0.42857142857142855,0.60487056
60.0,0.5,0.42857142857142855,0.62806946
60.0,0.5714285714285714,0.42857142857142855,0.6025437
60.0,0.6428571428571428,0.42857142857142855,0.5364236
60.0,0.7142857142857142,0.42857142857142855,0.44296536
60.0,0.7857142857142857,0.42857142857142855,0.33383152
60.0,0.8571428571428571,0.42857142857142855,0.21883017
60.0,0.9285714285714285,0.42857142857142855,0.10668146
60.0,1.0,0.42857142857142855,0.0039447118
60.0,0.0,0.5,-0.0040728096
60.0,0.07142857142857142,0.5,0.109372154
60.0,0.14285714285714285,0.5,0.22823057
60.0,0.21428571428571427,0.5,0.3477294
60.0,0.2857142857142857,0.5,0.46153063
60.0,0.3571428571428571,0.5,0.5602428
60.0,0.42857142857142855,0.5,0.62914765
60.0,0.5,0.5,0.65249646
60.0,0.5714285714285714,0.5,0.6255878
60.0,0.6428571428571428,0.5,0.55753535
60.0,0.7142857142857142,0.5,0.46159762
60.0,0.7857142857142857,0.5,0.34903648
60.0,0.8571428571428571,0.5,0.22994
60.0,0.9285714285714285,0.5,0.114010684
60.0,1.0,0.5,0.008828295
60.0,0.0,0.5714285714285714,-0.0051180366
60.0,0.07142857142857142,0.5714285714285714,0.10314837
60.0,0.14285714285714285,0.5714285714285714,0.21707052
60.0,0.21428571428571427,0.5714285714285714,0.33215207
60.0,0.2857142857142857,0.5714285714285714,0.44209257
60.0,0.3571428571428571,0.5714285714285714,0.53756654
60.0,0.42857142857142855,0.5714285714285714,0.60425645
60.0,0.5,0.5714285714285714,0.6268775
60.0,0.5714285714285714,0.5714285714285714,0.6010671
60.0,0.6428571428571428,0.5714285714285714,0.5358537
60.0,0.7142857142857142,0.5714285714285714,0.44372585
60.0,0.7857142857142857,0.5714285714285714,0.33517656
60.0,0.8571428571428571,0.5714285714285714,0.22002688
60.0,0.9285714285714285,0.5714285714285714,0.10808094
60.0,1.0,0.5714285714285714,0.007058667
60.0,0.0,0.6428571428571428,-0.005193772
60.0,0.07142857142857142,0.6428571428571428,0.08979566
60.0,0.14285714285714285,0.6428571428571428,0.19008449
60.0,0.21428571428571427,0.6428571428571428,0.29230255
60.0,0.2857142857142857,0.6428571428571428,0.3909229
60.0,0.3571428571428571,0.6428571428571428,0.47719935
60.0,0.42857142857142855,0.6428571428571428,0.5379015
60.0,0.5,0.6428571428571428,0.55901045
60.0,0.5714285714285714,0.6428571428571428,0.5361578
60.0,0.6428571428571428,0.6428571428571428,0.47726318
60.0,0.7142857142857142,0.6428571428571428,0.39384556
60.0,0.7857142857142857,0.6428571428571428,0.29581532
60.0,0.8571428571428571,0.6428571428571428,0.1922479
60.0,0.9285714285714285,0.6428571428571428,0.09178859
60.0,1.0,0.6428571428571428,0.0010142308
60.0,0.0,0.7142857142857142,-0.003290074
60.0,0.07142857142857142,0.7142857142857142,0.07350901
60.0,0.14285714285714285,0.7142857142857142,0.1543569
60.0,0.21428571428571427,0.7142857142857142,0.2374118
60.0,0.2857142857142857,0.7142857142857142,0.31858996
60.0,0.3571428571428571,0.7142857142857142,0.39048955
60.0,0.42857142857142855,0.7142857142857142,0.44171357
60.0,0.5,0.7142857142857142,0.46017978
60.0,0.5714285714285714,0.7142857142857142,0.44149223
60.0,0.6428571428571428,0.7142857142857142,0.39182985
60.0,0.7142857142857142,0.7142857142857142,0.32150084
60.0,0.7857142857142857,0.7142857142857142,0.23978674
60.0,0.8571428571428571,0.7142857142857142,0.15439455
60.0,0.9285714285714285,0.7142857142857142,0.071629085
60.0,1.0,0.7142857142857142,-0.004156919
60.0,0.0,0.7857142857142857,-0.0004931558
60.0,0.07142857142857142,0.7857142857142857,0.05631213
60.0,0.14285714285714285,0.7857142857142857,0.11550247
60.0,0.21428571428571427,0.7857142857142857,0.17673168
60.0,0.2857142857142857,0.7857142857142857,0.23747614
60.0,0.3571428571428571,0.7857142857142857,0.2919445
60.0,0.42857142857142855,0.7857142857142857,0.33099768
60.0,0.5,0.7857142857142857,0.34515685
60.0,0.5714285714285714,0.7857142857142857,0.33070156
60.0,0.6428571428571428,0.7857142857142857,0.292177
60.0,0.7142857142857142,0.7857142857142857,0.23815702
60.0,0.7857142857142857,0.7857142857142857,0.17655584
60.0,0.8571428571428571,0.7857142857142857,0.11306361
60.0,0.9285714285714285,0.7857142857142857,0.05125457
60.0,1.0,0.7857142857142857,-0.0069495905
60.0,0.0,0.8571428571428571,0.00044515915
60.0,0.07142857142857142,0.8571428571428571,0.037583023
60.0,0.14285714285714285,0.8571428571428571,0.07563372
60.0,0.21428571428571427,0.8571428571428571,0.115383364
60.0,0.2857142857142857,0.8571428571428571,0.15555336
60.0,0.3571428571428571,0.8571428571428571,0.19194777
60.0,0.42857142857142855,0.8571428571428571,0.21794501
60.0,0.5,0.8571428571428571,0.22705783
60.0,0.5714285714285714,0.8571428571428571,0.21680689
60.0,0.6428571428571428,0.8571428571428571,0.19033805
60.0,0.7142857142857142,0.8571428571428571,0.1538552
60.0,0.7857142857142857,0.8571428571428571,0.11302463
60.0,0.8571428571428571,0.8571428571428571,0.0712902
60.0,0.9285714285714285,0.8571428571428571,0.030003903
60.0,1.0,0.8571428571428571,-0.010693982
60.0,0.0,0.9285714285714285,-0.0040899403
60.0,0.07142857142857142,0.9285714285714285,0.014743527
60.0,0.14285714285714285,0.9285714285714285,0.033447966
60.0,0.21428571428571427,0.9285714285714285,0.053458475
60.0,0.2857142857142857,0.9285714285714285,0.07443369
60.0,0.3571428571428571,0.9285714285714285,0.09386493
60.0,0.42857142857142855,0.9285714285714285,0.107838385
60.0,0.5,0.9285714285714285,0.112770796
60.0,0.5714285714285714,0.9285714285714285,0.10733039
60.0,0.6428571428571428,0.9285714285714285,0.09319199
60.0,0.7142857142857142,0.9285714285714285,0.07378296
60.0,0.7857142857142857,0.9285714285714285,0.05215288
60.0,0.8571428571428571,0.9285714285714285,0.02973863
60.0,0.9285714285714285,0.9285714285714285,0.00644115
60.0,1.0,0.9285714285714285,-0.018581202
60.0,0.0,1.0,-0.017243814
60.0,0.07142857142857142,1.0,-0.014855869
60.0,0.14285714285714285,1.0,-0.0131597
60.0,0.21428571428571427,1.0,-0.010400293
60.0,0.2857142857142857,1.0,-0.0060871225
60.0,0.3571428571428571,1.0,-0.0009869803
60.0,0.42857142857142855,1.0,0.0034872424
60.0,0.5,1.0,0.0060259607
60.0,0.5714285714285714,1.0,0.0059428792
60.0,0.6428571428571428,1.0,0.0034249332
60.0,0.7142857142857142,1.0,-0.00070287473
60.0,0.7857142857142857,1.0,-0.0057567265
60.0,0.8571428571428571,1.0,-0.0118757505
60.0,0.9285714285714285,1.0,-0.020045685
60.0,1.0,1.0,-0.03158953
