time,x,y,temperature
1.0,0.0,0.0,-0.009455027
1.0,0.07142857142857142,0.0,-0.005605247
1.0,0.14285714285714285,0.0,-0.0060731918
1.0,0.21428571428571427,0.0,-0.0077571664
1.0,0.2857142857142857,0.0,-0.0074587073
1.0,0.3571428571428571,0.0,-0.0032741614
1.0,0.42857142857142855,0.0,0.0026000235
1.0,0.5,0.0,0.0019163415
1.0,0.5714285714285714,0.0,-0.008368075
1.0,0.6428571428571428,0.0,-0.017138712
1.0,0.7142857142857142,0.0,-0.017357655
1.0,0.7857142857142857,0.0,-0.014223568
1.0,0.8571428571428571,0.0,-0.0151883885
1.0,0.9285714285714285,0.0,-0.023982361
1.0,1.0,0.0,-0.041294873
1.0,0.0,0.07142857142857142,-0.0010712035
1.0,0.07142857142857142,0.07142857142857142,0.02210937
1.0,0.14285714285714285,0.07142857142857142,0.04087464
1.0,0.21428571428571427,0.07142857142857142,0.05795008
1.0,0.2857142857142857,0.07142857142857142,0.07694392
1.0,0.3571428571428571,0.07142857142857142,0.10062356
1.0,0.42857142857142855,0.07142857142857142,0.12536383
1.0,0.5,0.07142857142857142,0.13450643
1.0,0.5714285714285714,0.07142857142857142,0.11820196
1.0,0.6428571428571428,0.07142857142857142,0.09480121
1.0,0.7142857142857142,0.07142857142857142,0.077637315
1.0,0.7857142857142857,0.07142857142857142,0.0618499
1.0,0.8571428571428571,0.07142857142857142,0.04106594
1.0,0.9285714285714285,0.07142857142857142,0.013331749
1.0,1.0,0.07142857142857142,-0.021291055
1.0,0.0,0.14285714285714285,-0.002321953
1.0,0.07142857142857142,0.14285714285714285,0.042624895
1.0,0.14285714285714285,0.14285714285714285,0.08346589
1.0,0.21428571428571427,0.14285714285714285,0.12187346
1.0,0.2857142857142857,0.14285714285714285,0.1614539
1.0,0.3571428571428571,0.14285714285714285,0.20654416
1.0,0.42857142857142855,0.14285714285714285,0.2533166
1.0,0.5,0.14285714285714285,0.27419525
1.0,0.5714285714285714,0.14285714285714285,0.24876934
1.0,0.6428571428571428,0.14285714285714285,0.20573094
1.0,0.7142857142857142,0.14285714285714285,0.1671069
1.0,0.7857142857142857,0.14285714285714285,0.12916353
1.0,0.8571428571428571,0.14285714285714285,0.08716961
1.0,0.9285714285714285,0.14285714285714285,0.040248185
1.0,1.0,0.14285714285714285,-0.011733711
1.0,0.0,0.21428571428571427,-0.009781936
1.0,0.07142857142857142,0.21428571428571427,0.058228977
1.0,0.14285714285714285,0.21428571428571427,0.12266653
1.0,0.21428571428571427,0.21428571428571427,0.18320143
1.0,0.2857142857142857,0.21428571428571427,0.2427049
1.0,0.3571428571428571,0.21428571428571427,0.30785838
1.0,0.42857142857142855,0.21428571428571427,0.37715504
1.0,0.5,0.21428571428571427,0.410829
1.0,0.5714285714285714,0.21428571428571427,0.3739989
1.0,0.6428571428571428,0.21428571428571427,0.30857524
1.0,0.7142857142857142,0.21428571428571427,0.24719423
1.0,0.7857142857142857,0.21428571428571427,0.18735379
1.0,0.8571428571428571,0.21428571428571427,0.12520614
1.0,0.9285714285714285,0.21428571428571427,0.05971992
1.0,1.0,0.21428571428571427,-0.009653516
1.0,0.0,0.2857142857142857,-0.01722125
1.0,0.07142857142857142,0.2857142857142857,0.07388509
1.0,0.14285714285714285,0.2857142857142857,0.16222471
1.0,0.21428571428571427,0.2857142857142857,0.24448717
1.0,0.2857142857142857,0.2857142857142857,0.32193092
1.0,0.3571428571428571,0.2857142857142857,0.40404743
1.0,0.42857142857142855,0.2857142857142857,0.49473417
1.0,0.5,0.2857142857142857,0.5420893
1.0,0.5714285714285714,0.2857142857142857,0.49259788
1.0,0.6428571428571428,0.2857142857142857,0.40406471
1.0,0.7142857142857142,0.2857142857142857,0.32151
1.0,0.7857142857142857,0.2857142857142857,0.24232697
1.0,0.8571428571428571,0.2857142857142857,0.161556
1.0,0.9285714285714285,0.2857142857142857,0.077405706
1.0,1.0,0.2857142857142857,-0.009988397
1.0,0.0,0.3571428571428571,-0.017958509
1.0,0.07142857142857142,0.3571428571428571,0.09506183
1.0,0.14285714285714285,0.3571428571428571,0.20694095
1.0,0.21428571428571427,0.3571428571428571,0.31104067
1.0,0.2857142857142857,0.3571428571428571,0.40634516
1.0,0.3571428571428571,0.3571428571428571,0.5046424
1.0,0.42857142857142855,0.3571428571428571,0.6167446
1.0,0.5,0.3571428571428571,0.67934227
1.0,0.5714285714285714,0.3571428571428571,0.6165328
1.0,0.6428571428571428,0.3571428571428571,0.5046517
1.0,0.7142857142857142,0.3571428571428571,0.40256175
1.0,0.7857142857142857,0.3571428571428571,0.30507705
1.0,0.8571428571428571,0.3571428571428571,0.20461687
1.0,0.9285714285714285,0.3571428571428571,0.09968847
1.0,1.0,0.3571428571428571,-0.0069133937
1.0,0.0,0.42857142857142855,-0.011002779
1.0,0.07142857142857142,0.42857142857142855,0.119973846
1.0,0.14285714285714285,0.42857142857142855,0.25287917
1.0,0.21428571428571427,0.42857142857142855,0.37907937
1.0,0.2857142857142857,0.42857142857142855,0.4956863
1.0,0.3571428571428571,0.42857142857142855,0.6148961
1.0,0.42857142857142855,0.42857142857142855,0.7511001
1.0,0.5,0.42857142857142855,0.8299544
1.0,0.5714285714285714,0.42857142857142855,0.753772
1.0,0.6428571428571428,0.42857142857142855,0.6176869
1.0,0.7142857142857142,0.42857142857142855,0.49442846
1.0,0.7857142857142857,0.42857142857142855,0.37571546
1.0,0.8571428571428571,0.42857142857142855,0.2523883
1.0,0.9285714285714285,0.42857142857142855,0.1252017
1.0,1.0,0.42857142857142855,0.0005278811
1.0,0.0,0.5,-0.0049043447
1.0,0.07142857142857142,0.5,0.1327295
1.0,0.14285714285714285,0.5,0.2741456
1.0,0.21428571428571427,0.5,0.41111284
1.0,0.2857142857142857,0.5,0.5409072
1.0,0.3571428571428571,0.5,0.67525125
1.0,0.42857142857142855,0.5,0.8267379
1.0,0.5,0.5,0.9143055
1.0,0.5714285714285714,0.5,0.8302058
1.0,0.6428571428571428,0.5,0.67932993
1.0,0.7142857142857142,0.5,0.5429814
1.0,0.7857142857142857,0.5,0.41127715
1.0,0.8571428571428571,0.5,0.27462444
1.0,0.9285714285714285,0.5,0.13590196
1.0,1.0,0.5,0.0036343038
1.0,0.0,0.5714285714285714,-0.0067432076
1.0,0.07142857142857142,0.5714285714285714,0.12199094
1.0,0.14285714285714285,0.5714285714285714,0.2516743
1.0,0.21428571428571427,0.5714285714285714,0.37555152
1.0,0.2857142857142857,0.5714285714285714,0.49290532
1.0,0.3571428571428571,0.5714285714285714,0.61573684
1.0,0.42857142857142855,0.5714285714285714,0.75307024
1.0,0.5,0.5714285714285714,0.83075106
1.0,0.5714285714285714,0.5714285714285714,0.7533426
1.0,0.6428571428571428,0.5714285714285714,0.6157713
1.0,0.7142857142857142,0.5714285714285714,0.49328274
1.0,0.7857142857142857,0.5714285714285714,0.3745076
1.0,0.8571428571428571,0.5714285714285714,0.24919125
1.0,0.9285714285714285,0.5714285714285714,0.12057053
1.0,1.0,0.5714285714285714,-0.0026880428
1.0,0.0,0.6428571428571428,-0.012212038
1.0,0.07142857142857142,0.6428571428571428,0.09883428
1.0,0.14285714285714285,0.6428571428571428,0.20686245
1.0,0.21428571428571427,0.6428571428571428,0.3079279
1.0,0.2857142857142857,0.6428571428571428,0.40434325
1.0,0.3571428571428571,0.6428571428571428,0.50701576
1.0,0.42857142857142855,0.6428571428571428,0.61875385
1.0,0.5,0.6428571428571428,0.6791465
1.0,0.5714285714285714,0.6428571428571428,0.61685157
1.0,0.6428571428571428,0.6428571428571428,0.5044176
1.0,0.7142857142857142,0.6428571428571428,0.40398082
1.0,0.7857142857142857,0.6428571428571428,0.3072584
1.0,0.8571428571428571,0.6428571428571428,0.20443699
1.0,0.9285714285714285,0.6428571428571428,0.09693637
1.0,1.0,0.6428571428571428,-0.008760445
1.0,0.0,0.7142857142857142,-0.014939915
1.0,0.07142857142857142,0.7142857142857142,0.076549165
1.0,0.14285714285714285,0.7142857142857142,0.16261947
1.0,0.21428571428571427,0.7142857142857142,0.24252865
1.0,0.2857142857142857,0.7142857142857142,0.32072726
1.0,0.3571428571428571,0.7142857142857142,0.40553084
1.0,0.42857142857142855,0.7142857142857142,0.4944998
1.0,0.5,0.7142857142857142,0.5405849
1.0,0.5714285714285714,0.7142857142857142,0.49379778
1.0,0.6428571428571428,0.7142857142857142,0.4043604
1.0,0.7142857142857142,0.7142857142857142,0.3220605
1.0,0.7857142857142857,0.7142857142857142,0.24470693
1.0,0.8571428571428571,0.7142857142857142,0.16390231
1.0,0.9285714285714285,0.7142857142857142,0.07844895
1.0,1.0,0.7142857142857142,-0.008399248
1.0,0.0,0.7857142857142857,-0.013686724
1.0,0.07142857142857142,0.7857142857142857,0.05841408
1.0,0.14285714285714285,0.7857142857142857,0.12372377
1.0,0.21428571428571427,0.7857142857142857,0.18375236
1.0,0.2857142857142857,0.7857142857142857,0.24351975
1.0,0.3571428571428571,0.7857142857142857,0.30883384
1.0,0.42857142857142855,0.7857142857142857,0.3753471
1.0,0.5,0.7857142857142857,0.408627
1.0,0.5714285714285714,0.7857142857142857,0.37536123
1.0,0.6428571428571428,0.7857142857142857,0.3080551
1.0,0.7142857142857142,0.7857142857142857,0.244221
1.0,0.7857142857142857,0.7857142857142857,0.18577224
1.0,0.8571428571428571,0.7857142857142857,0.12584439
1.0,0.9285714285714285,0.7857142857142857,0.06143017
1.0,1.0,0.7857142857142857,-0.00679072
1.0,0.0,0.8571428571428571,-0.010959011
1.0,0.07142857142857142,0.8571428571428571,0.041971646
1.0,0.14285714285714285,0.8571428571428571,0.08687432
1.0,0.21428571428571427,0.8571428571428571,0.12624219
1.0,0.2857142857142857,0.8571428571428571,0.16480261
1.0,0.3571428571428571,0.8571428571428571,0.20720968
1.0,0.42857142857142855,0.8571428571428571,0.25052118
1.0,0.5,0.8571428571428571,0.27221945
1.0,0.5714285714285714,0.8571428571428571,0.25126177
1.0,0.6428571428571428,0.8571428571428571,0.20663014
1.0,0.7142857142857142,0.8571428571428571,0.16360545
1.0,0.7857142857142857,0.8571428571428571,0.1250382
1.0,0.8571428571428571,0.8571428571428571,0.085284494
1.0,0.9285714285714285,0.8571428571428571,0.040566042
1.0,1.0,0.8571428571428571,-0.009870965
1.0,0.0,0.9285714285714285,-0.011130564
1.0,0.07142857142857142,0.9285714285714285,0.022335213
1.0,0.14285714285714285,0.9285714285714285,0.04625135
1.0,0.21428571428571427,0.9285714285714285,0.06340765
1.0,0.2857142857142857,0.9285714285714285,0.07850043
1.0,0.3571428571428571,0.9285714285714285,0.09675298
1.0,0.42857142857142855,0.9285714285714285,0.11852979
1.0,0.5,0.9285714285714285,0.1313721
1.0,0.5714285714285714,0.9285714285714285,0.12228661
1.0,0.6428571428571428,0.9285714285714285,0.100082085
1.0,0.7142857142857142,0.9285714285714285,0.07909067
1.0,0.7857142857142857,0.9285714285714285,0.060919426
1.0,0.8571428571428571,0.9285714285714285,0.040636625
1.0,0.9285714285714285,0.9285714285714285,0.014274329
1.0,1.0,0.9285714285714285,-0.019556105
1.0,0.0,1.0,-0.019631192
1.0,0.07142857142857142,1.0,-0.006442003
1.0,0.14285714285714285,1.0,-0.0042279065
1.0,0.21428571428571427,1.0,-0.009650633
1.0,0.2857142857142857,1.0,-0.017164655
1.0,0.3571428571428571,1.0,-0.020058982
1.0,0.42857142857142855,1.0,-0.01480338
1.0,0.5,1.0,-0.0069143474
1.0,0.5714285714285714,1.0,-0.004817702
1.0,0.6428571428571428,1.0,-0.0067819282
1.0,0.7142857142857142,1.0,-0.0069289356
1.0,0.7857142857142857,1.0,-0.0056939125
1.0,0.8571428571428571,1.0,-0.007760197
1.0,0.9285714285714285,1.0,-0.017145943
1.0,1.0,1.0,-0.03556647
2.0,0.0,0.0,-0.011576798
2.0,0.07142857142857142,0.0,-0.0075447224
2.0,0.14285714285714285,0.0,-0.007992571
2.0,0.21428571428571427,0.0,-0.009861948
2.0,0.2857142857142857,0.0,-0.009926265
2.0,0.3571428571428571,0.0,-0.00616649
2.0,0.42857142857142855,0.0,-0.00061726756
2.0,0.5,0.0,-0.0014392696
2.0,0.5714285714285714,0.0,-0.011670448
2.0,0.6428571428571428,0.0,-0.020223375
2.0,0.7142857142857142,0.0,-0.02012901
2.0,0.7857142857142857,0.0,-0.016708173
2.0,0.8571428571428571,0.0,-0.01753097
2.0,0.9285714285714285,0.0,-0.026363656
2.0,1.0,0.0,-0.043862894
2.0,0.0,0.07142857142857142,-0.0030716937
2.0,0.07142857142857142,0.07142857142857142,0.020550605
2.0,0.14285714285714285,0.07142857142857142,0.039654903
2.0,0.21428571428571427,0.07142857142857142,0.056888953
2.0,0.2857142857142857,0.07142857142857142,0.07585078
2.0,0.3571428571428571,0.07142857142857142,0.099411406
2.0,0.42857142857142855,0.07142857142857142,0.12405842
2.0,0.5,0.07142857142857142,0.1331152
2.0,0.5714285714285714,0.07142857142857142,0.11679066
2.0,0.6428571428571428,0.07142857142857142,0.09345322
2.0,0.7142857142857142,0.07142857142857142,0.07636761
2.0,0.7857142857142857,0.07142857142857142,0.06056074
2.0,0.8571428571428571,0.07142857142857142,0.039567016
2.0,0.9285714285714285,0.07142857142857142,0.011441492
2.0,1.0,0.07142857142857142,-0.023687638
2.0,0.0,0.14285714285714285,-0.0042248894
2.0,0.07142857142857142,0.14285714285714285,0.041399192
2.0,0.14285714285714285,0.14285714285714285,0.08285383
2.0,0.21428571428571427,0.14285714285714285,0.121696986
2.0,0.2857142857142857,0.14285714285714285,0.16145423
2.0,0.3571428571428571,0.14285714285714285,0.20653075
2.0,0.42857142857142855,0.14285714285714285,0.25319576
2.0,0.5,0.14285714285714285,0.27388376
2.0,0.5714285714285714,0.14285714285714285,0.24847841
2.0,0.6428571428571428,0.14285714285714285,0.20556283
2.0,0.7142857142857142,0.14285714285714285,0.16694865
2.0,0.7857142857142857,0.14285714285714285,0.12879083
2.0,0.8571428571428571,0.14285714285714285,0.086307384
2.0,0.9285714285714285,0.14285714285714285,0.03869477
2.0,1.0,0.14285714285714285,-0.0140784085
2.0,0.0,0.21428571428571427,-0.011664422
2.0,0.07142857142857142,0.21428571428571427,0.057252787
2.0,0.14285714285714285,0.21428571428571427,0.12251701
2.0,0.21428571428571427,0.21428571428571427,0.18365365
2.0,0.2857142857142857,0.21428571428571427,0.24338356
2.0,0.3571428571428571,0.21428571428571427,0.30838764
2.0,0.42857142857142855,0.21428571428571427,0.37723312
2.0,0.5,0.21428571428571427,0.41043794
2.0,0.5714285714285714,0.21428571428571427,0.37394038
2.0,0.6428571428571428,0.21428571428571427,0.30903018
2.0,0.7142857142857142,0.21428571428571427,0.2478053
2.0,0.7857142857142857,0.21428571428571427,0.18769065
2.0,0.8571428571428571,0.21428571428571427,0.12486247
2.0,0.9285714285714285,0.21428571428571427,0.058442473
2.0,1.0,0.21428571428571427,-0.011969231
2.0,0.0,0.2857142857142857,-0.019264119
2.0,0.07142857142857142,0.2857142857142857,0.07300021
2.0,0.14285714285714285,0.2857142857142857,0.16233882
2.0,0.21428571428571427,0.2857142857142857,0.24526194
2.0,0.2857142857142857,0.2857142857142857,0.32285905
2.0,0.3571428571428571,0.2857142857142857,0.40458447
2.0,0.42857142857142855,0.2857142857142857,0.49429744
2.0,0.5,0.2857142857142857,0.54083323
2.0,0.5714285714285714,0.2857142857142857,0.49230123
2.0,0.6428571428571428,0.2857142857142857,0.40488398
2.0,0.7142857142857142,0.2857142857142857,0.32269713
2.0,0.7857142857142857,0.2857142857142857,0.24322617
2.0,0.8571428571428571,0.2857142857142857,0.16164768
2.0,0.9285714285714285,0.2857142857142857,0.07638662
2.0,1.0,0.2857142857142857,-0.012243226
2.0,0.0,0.3571428571428571,-0.020432094
2.0,0.07142857142857142,0.3571428571428571,0.093997054
2.0,0.14285714285714285,0.3571428571428571,0.20701888
2.0,0.21428571428571427,0.3571428571428571,0.31175122
2.0,0.2857142857142857,0.3571428571428571,0.40704715
2.0,0.3571428571428571,0.3571428571428571,0.50471807
2.0,0.42857142857142855,0.3571428571428571,0.6153246
2.0,0.5,0.3571428571428571,0.67672086
2.0,0.5714285714285714,0.3571428571428571,0.61562973
2.0,0.6428571428571428,0.3571428571428571,0.50541556
2.0,0.7142857142857142,0.3571428571428571,0.40380692
2.0,0.7857142857142857,0.3571428571428571,0.30605823
2.0,0.8571428571428571,0.3571428571428571,0.20480832
2.0,0.9285714285714285,0.3571428571428571,0.09875116
2.0,1.0,0.3571428571428571,-0.0091729015
2.0,0.0,0.42857142857142855,-0.014083356
2.0,0.07142857142857142,0.42857142857142855,0.11845959
2.0,0.14285714285714285,0.42857142857142855,0.25256276
2.0,0.21428571428571427,0.42857142857142855,0.37925187
2.0,0.2857142857142857,0.42857142857142855,0.49552667
2.0,0.3571428571428571,0.42857142857142855,0.61371213
2.0,0.42857142857142855,0.42857142857142855,0.74779665
2.0,0.5,0.42857142857142855,0.8249218
2.0,0.5714285714285714,0.42857142857142855,0.7509787
2.0,0.6428571428571428,0.42857142857142855,0.6169197
2.0,0.7142857142857142,0.42857142857142855,0.49433303
2.0,0.7857142857142857,0.42857142857142855,0.37570864
2.0,0.8571428571428571,0.42857142857142855,0.2520004
2.0,0.9285714285714285,0.42857142857142855,0.12396505
2.0,1.0,0.42857142857142855,-0.0019399449
2.0,0.0,0.5,-0.008364569
2.0,0.07142857142857142,0.5,0.13089132
2.0,0.14285714285714285,0.5,0.27349633
2.0,0.21428571428571427,0.5,0.41081366
2.0,0.2857142857142857,0.5,0.5399877
2.0,0.3571428571428571,0.5,0.6729093
2.0,0.42857142857142855,0.5,0.8218059
2.0,0.5,0.5,0.90729237
2.0,0.5714285714285714,0.5,0.82556033
2.0,0.6428571428571428,0.5,0.6768867
2.0,0.7142857142857142,0.5,0.5415237
2.0,0.7857142857142857,0.5,0.4104072
2.0,0.8571428571428571,0.5,0.27381453
2.0,0.9285714285714285,0.5,0.13446939
2.0,1.0,0.5,0.0010106117
2.0,0.0,0.5714285714285714,-0.01005628
2.0,0.07142857142857142,0.5714285714285714,0.12033229
2.0,0.14285714285714285,0.5714285714285714,0.25126994
2.0,0.21428571428571427,0.5714285714285714,0.37567195
2.0,0.2857142857142857,0.5714285714285714,0.49273723
2.0,0.3571428571428571,0.5714285714285714,0.614543
2.0,0.42857142857142855,0.5714285714285714,0.7496824
2.0,0.5,0.5714285714285714,0.8255267
2.0,0.5714285714285714,0.5714285714285714,0.7501417
2.0,0.6428571428571428,0.5714285714285714,0.6144087
2.0,0.7142857142857142,0.5714285714285714,0.49271226
2.0,0.7857142857142857,0.5714285714285714,0.37437975
2.0,0.8571428571428571,0.5714285714285714,0.24893185
2.0,0.9285714285714285,0.5714285714285714,0.11946719
2.0,1.0,0.5714285714285714,-0.005160801
2.0,0.0,0.6428571428571428,-0.015019685
2.0,0.07142857142857142,0.6428571428571428,0.09763759
2.0,0.14285714285714285,0.6428571428571428,0.20695558
2.0,0.21428571428571427,0.6428571428571428,0.30877256
2.0,0.2857142857142857,0.6428571428571428,0.40531868
2.0,0.3571428571428571,0.6428571428571428,0.5073803
2.0,0.42857142857142855,0.6428571428571428,0.61732244
2.0,0.5,0.6428571428571428,0.67619705
2.0,0.5714285714285714,0.6428571428571428,0.61548096
2.0,0.6428571428571428,0.6428571428571428,0.5045137
2.0,0.7142857142857142,0.6428571428571428,0.40458354
2.0,0.7857142857142857,0.6428571428571428,0.30794537
2.0,0.8571428571428571,0.6428571428571428,0.20464706
2.0,0.9285714285714285,0.6428571428571428,0.09607581
2.0,1.0,0.6428571428571428,-0.011075161
2.0,0.0,0.7142857142857142,-0.01722521
2.0,0.07142857142857142,0.7142857142857142,0.07568116
2.0,0.14285714285714285,0.7142857142857142,0.1629081
2.0,0.21428571428571427,0.7142857142857142,0.2435826
2.0,0.2857142857142857,0.7142857142857142,0.32205936
2.0,0.3571428571428571,0.7142857142857142,0.40643892
2.0,0.42857142857142855,0.7142857142857142,0.493922
2.0,0.5,0.7142857142857142,0.53884053
2.0,0.5714285714285714,0.7142857142857142,0.49332738
2.0,0.6428571428571428,0.7142857142857142,0.40512007
2.0,0.7142857142857142,0.7142857142857142,0.32311422
2.0,0.7857142857142857,0.7142857142857142,0.24556491
2.0,0.8571428571428571,0.7142857142857142,0.16408905
2.0,0.9285714285714285,0.7142857142857142,0.07753329
2.0,1.0,0.7142857142857142,-0.010676302
2.0,0.0,0.7857142857142857,-0.015617438
2.0,0.07142857142857142,0.7857142857142857,0.057581536
2.0,0.14285714285714285,0.7857142857142857,0.12377753
2.0,0.21428571428571427,0.7857142857142857,0.18442574
2.0,0.2857142857142857,0.7857142857142857,0.24449027
2.0,0.3571428571428571,0.7857142857142857,0.30956373
2.0,0.42857142857142855,0.7857142857142857,0.3750112
2.0,0.5,0.7857142857142857,0.40753278
2.0,0.5714285714285714,0.7857142857142857,0.37527138
2.0,0.6428571428571428,0.7857142857142857,0.30891377
2.0,0.7142857142857142,0.7857142857142857,0.2451745
2.0,0.7857142857142857,0.7857142857142857,0.18636492
2.0,0.8571428571428571,0.7857142857142857,0.12573242
2.0,0.9285714285714285,0.7857142857142857,0.06032326
2.0,1.0,0.7857142857142857,-0.009069927
2.0,0.0,0.8571428571428571,-0.012715023
2.0,0.07142857142857142,0.8571428571428571,0.040939454
2.0,0.14285714285714285,0.8571428571428571,0.086393386
2.0,0.21428571428571427,0.8571428571428571,0.12615764
2.0,0.2857142857142857,0.8571428571428571,0.16495708
2.0,0.3571428571428571,0.8571428571428571,0.20726013
2.0,0.42857142857142855,0.8571428571428571,0.24988574
2.0,0.5,0.8571428571428571,0.27114487
2.0,0.5714285714285714,0.8571428571428571,0.25093222
2.0,0.6428571428571428,0.8571428571428571,0.206999
2.0,0.7142857142857142,0.8571428571428571,0.16398045
2.0,0.7857142857142857,0.8571428571428571,0.12504688
2.0,0.8571428571428571,0.8571428571428571,0.08469487
2.0,0.9285714285714285,0.8571428571428571,0.03918095
2.0,1.0,0.8571428571428571,-0.012190223
2.0,0.0,0.9285714285714285,-0.012861252
2.0,0.07142857142857142,0.9285714285714285,0.020940423
2.0,0.14285714285714285,0.9285714285714285,0.045048736
2.0,0.21428571428571427,0.9285714285714285,0.062320486
2.0,0.2857142857142857,0.9285714285714285,0.07748271
2.0,0.3571428571428571,0.9285714285714285,0.09560259
2.0,0.42857142857142855,0.9285714285714285,0.11687862
2.0,0.5,0.9285714285714285,0.12943664
2.0,0.5714285714285714,0.9285714285714285,0.120889865
2.0,0.6428571428571428,0.9285714285714285,0.09926766
2.0,0.7142857142857142,0.9285714285714285,0.07837624
2.0,0.7857142857142857,0.9285714285714285,0.06001416
2.0,0.8571428571428571,0.9285714285714285,0.03937454
2.0,0.9285714285714285,0.9285714285714285,0.012496419
2.0,1.0,0.9285714285714285,-0.021992248
2.0,0.0,1.0,-0.02151621
2.0,0.07142857142857142,1.0,-0.00837676
2.0,0.14285714285714285,1.0,-0.0063312463
2.0,0.21428571428571427,1.0,-0.011951517
2.0,0.2857142857142857,1.0,-0.01965753
2.0,0.3571428571428571,1.0,-0.022853084
2.0,0.42857142857142855,1.0,-0.018088207
2.0,0.5,1.0,-0.010458231
2.0,0.5714285714285714,1.0,-0.007971853
2.0,0.6428571428571428,1.0,-0.00936126
2.0,0.7142857142857142,1.0,-0.009188563
2.0,0.7857142857142857,1.0,-0.007836685
2.0,0.8571428571428571,1.0,-0.009918138
2.0,0.9285714285714285,1.0,-0.019472133
2.0,1.0,1.0,-0.038231984
3.0,0.0,0.0,-0.013669377
3.0,0.07142857142857142,0.0,-0.009439502
3.0,0.14285714285714285,0.0,-0.009847077
3.0,0.21428571428571427,0.0,-0.011880625
3.0,0.2857142857142857,0.0,-0.01229093
3.0,0.3571428571428571,0.0,-0.008942371
3.0,0.42857142857142855,0.0,-0.0037027877
3.0,0.5,0.0,-0.0046455488
3.0,0.5714285714285714,0.0,-0.014800124
3.0,0.6428571428571428,0.0,-0.023128241
3.0,0.7142857142857142,0.0,-0.02273725
3.0,0.7857142857142857,0.0,-0.019052036
3.0,0.8571428571428571,0.0,-0.019753687
3.0,0.9285714285714285,0.0,-0.028642356
3.0,1.0,0.0,-0.046342276
3.0,0.0,0.07142857142857142,-0.005056178
3.0,0.07142857142857142,0.07142857142857142,0.019012745
3.0,0.14285714285714285,0.07142857142857142,0.038470183
3.0,0.21428571428571427,0.07142857142857142,0.05588109
3.0,0.2857142857142857,0.07142857142857142,0.074822284
3.0,0.3571428571428571,0.07142857142857142,0.09826248
3.0,0.42857142857142855,0.07142857142857142,0.122802444
3.0,0.5,0.07142857142857142,0.13176411
3.0,0.5714285714285714,0.07142857142857142,0.11544051
3.0,0.6428571428571428,0.07142857142857142,0.09217668
3.0,0.7142857142857142,0.07142857142857142,0.075156055
3.0,0.7857142857142857,0.07142857142857142,0.05931762
3.0,0.8571428571428571,0.07142857142857142,0.03810613
3.0,0.9285714285714285,0.07142857142857142,0.009586602
3.0,1.0,0.07142857142857142,-0.026048958
3.0,0.0,0.14285714285714285,-0.006115921
3.0,0.07142857142857142,0.14285714285714285,0.04017525
3.0,0.14285714285714285,0.14285714285714285,0.08224215
3.0,0.21428571428571427,0.14285714285714285,0.121526636
3.0,0.2857142857142857,0.14285714285714285,0.16146243
3.0,0.3571428571428571,0.14285714285714285,0.20650652
3.0,0.42857142857142855,0.14285714285714285,0.25301248
3.0,0.5,0.14285714285714285,0.27346852
3.0,0.5714285714285714,0.14285714285714285,0.24811694
3.0,0.6428571428571428,0.14285714285714285,0.20535272
3.0,0.7142857142857142,0.14285714285714285,0.16674942
3.0,0.7857142857142857,0.14285714285714285,0.12838379
3.0,0.8571428571428571,0.14285714285714285,0.08542111
3.0,0.9285714285714285,0.14285714285714285,0.037127525
3.0,1.0,0.14285714285714285,-0.016421326
3.0,0.0,0.21428571428571427,-0.013521139
3.0,0.07142857142857142,0.21428571428571427,0.056272537
3.0,0.14285714285714285,0.21428571428571427,0.1223403
3.0,0.21428571428571427,0.21428571428571427,0.18406543
3.0,0.2857142857142857,0.21428571428571427,0.24401543
3.0,0.3571428571428571,0.21428571428571427,0.30884996
3.0,0.42857142857142855,0.21428571428571427,0.3771744
3.0,0.5,0.21428571428571427,0.40985426
3.0,0.5714285714285714,0.21428571428571427,0.37374157
3.0,0.6428571428571428,0.21428571428571427,0.30938312
3.0,0.7142857142857142,0.21428571428571427,0.24832144
3.0,0.7857142857142857,0.21428571428571427,0.18794793
3.0,0.8571428571428571,0.21428571428571427,0.12445968
3.0,0.9285714285714285,0.21428571428571427,0.057128288
3.0,1.0,0.21428571428571427,-0.014291167
3.0,0.0,0.2857142857142857,-0.021252353
3.0,0.07142857142857142,0.2857142857142857,0.07212106
3.0,0.14285714285714285,0.2857142857142857,0.16241047
3.0,0.21428571428571427,0.2857142857142857,0.2459575
3.0,0.2857142857142857,0.2857142857142857,0.32369894
3.0,0.3571428571428571,0.2857142857142857,0.40504012
3.0,0.42857142857142855,0.2857142857142857,0.49373186
3.0,0.5,0.2857142857142857,0.53939945
3.0,0.5714285714285714,0.2857142857142857,0.4918825
3.0,0.6428571428571428,0.2857142857142857,0.4056083
3.0,0.7142857142857142,0.2857142857142857,0.3237819
3.0,0.7857142857142857,0.2857142857142857,0.24403226
3.0,0.8571428571428571,0.2857142857142857,0.16166988
3.0,0.9285714285714285,0.2857142857142857,0.07533257
3.0,1.0,0.2857142857142857,-0.014488272
3.0,0.0,0.3571428571428571,-0.022825224
3.0,0.07142857142857142,0.3571428571428571,0.092949755
3.0,0.14285714285714285,0.3571428571428571,0.20704252
3.0,0.21428571428571427,0.3571428571428571,0.31234685
3.0,0.2857142857142857,0.3571428571428571,0.40762392
3.0,0.3571428571428571,0.3571428571428571,0.5047139
3.0,0.42857142857142855,0.3571428571428571,0.61381906
3.0,0.5,0.3571428571428571,0.6739753
3.0,0.5714285714285714,0.3571428571428571,0.6146398
3.0,0.6428571428571428,0.3571428571428571,0.5061013
3.0,0.7142857142857142,0.3571428571428571,0.40494722
3.0,0.7857142857142857,0.3571428571428571,0.3069363
3.0,0.8571428571428571,0.3571428571428571,0.20492971
3.0,0.9285714285714285,0.3571428571428571,0.097795814
3.0,1.0,0.3571428571428571,-0.011388347
3.0,0.0,0.42857142857142855,-0.017077357
3.0,0.07142857142857142,0.42857142857142855,0.11695903
3.0,0.14285714285714285,0.42857142857142855,0.25216824
3.0,0.21428571428571427,0.42857142857142855,0.37926233
3.0,0.2857142857142857,0.42857142857142855,0.4951864
3.0,0.3571428571428571,0.42857142857142855,0.61241424
3.0,0.42857142857142855,0.42857142857142855,0.74440235
3.0,0.5,0.42857142857142855,0.8197601
3.0,0.5714285714285714,0.42857142857142855,0.7480806
3.0,0.6428571428571428,0.42857142857142855,0.616066
3.0,0.7142857142857142,0.42857142857142855,0.49412084
3.0,0.7857142857142857,0.42857142857142855,0.37559223
3.0,0.8571428571428571,0.42857142857142855,0.25155398
3.0,0.9285714285714285,0.42857142857142855,0.122742616
3.0,1.0,0.42857142857142855,-0.004318528
3.0,0.0,0.5,-0.011747215
3.0,0.07142857142857142,0.5,0.12905243
3.0,0.14285714285714285,0.5,0.27274615
3.0,0.21428571428571427,0.5,0.41032276
3.0,0.2857142857142857,0.5,0.53885806
3.0,0.3571428571428571,0.5,0.67043686
3.0,0.42857142857142855,0.5,0.8167868
3.0,0.5,0.5,0.9001519
3.0,0.5714285714285714,0.5,0.8208015
3.0,0.6428571428571428,0.5,0.6743586
3.0,0.7142857142857142,0.5,0.53994936
3.0,0.7857142857142857,0.5,0.40943137
3.0,0.8571428571428571,0.5,0.27296573
3.0,0.9285714285714285,0.5,0.13308468
3.0,1.0,0.5,-0.0014876351
3.0,0.0,0.5714285714285714,-0.013297066
3.0,0.07142857142857142,0.5714285714285714,0.11866831
3.0,0.14285714285714285,0.5714285714285714,0.25076985
3.0,0.21428571428571427,0.5714285714285714,0.37562352
3.0,0.2857142857142857,0.5714285714285714,0.49240017
3.0,0.3571428571428571,0.5714285714285714,0.61326844
3.0,0.42857142857142855,0.5714285714285714,0.7462768
3.0,0.5,0.5714285714285714,0.820251
3.0,0.5714285714285714,0.5714285714285714,0.7468724
3.0,0.6428571428571428,0.5714285714285714,0.61298805
3.0,0.7142857142857142,0.5714285714285714,0.49203688
3.0,0.7857142857142857,0.5714285714285714,0.37415543
3.0,0.8571428571428571,0.5714285714285714,0.24864429
3.0,0.9285714285714285,0.5714285714285714,0.11841982
3.0,1.0,0.5714285714285714,-0.007508464
3.0,0.0,0.6428571428571428,-0.017760448
3.0,0.07142857142857142,0.6428571428571428,0.09643247
3.0,0.14285714285714285,0.6428571428571428,0.20696
3.0,0.21428571428571427,0.6428571428571428,0.30947042
3.0,0.2857142857142857,0.6428571428571428,0.40614876
3.0,0.3571428571428571,0.6428571428571428,0.5076664
3.0,0.42857142857142855,0.6428571428571428,0.6158735
3.0,0.5,0.6428571428571428,0.6732056
3.0,0.5714285714285714,0.6428571428571428,0.6140293
3.0,0.6428571428571428,0.6428571428571428,0.5045375
3.0,0.7142857142857142,0.6428571428571428,0.40508905
3.0,0.7857142857142857,0.6428571428571428,0.30854893
3.0,0.8571428571428571,0.6428571428571428,0.20483074
3.0,0.9285714285714285,0.6428571428571428,0.0952548
3.0,1.0,0.6428571428571428,-0.013297476
3.0,0.0,0.7142857142857142,-0.019454323
3.0,0.07142857142857142,0.7142857142857142,0.07479525
3.0,0.14285714285714285,0.7142857142857142,0.16310623
3.0,0.21428571428571427,0.7142857142857142,0.24449655
3.0,0.2857142857142857,0.7142857142857142,0.32324818
3.0,0.3571428571428571,0.7142857142857142,0.40724552
3.0,0.42857142857142855,0.7142857142857142,0.49328566
3.0,0.5,0.7142857142857142,0.53701174
3.0,0.5714285714285714,0.7142857142857142,0.49272573
3.0,0.6428571428571428,0.7142857142857142,0.4057723
3.0,0.7142857142857142,0.7142857142857142,0.32407123
3.0,0.7857142857142857,0.7142857142857142,0.24635065
3.0,0.8571428571428571,0.7142857142857142,0.1642476
3.0,0.9285714285714285,0.7142857142857142,0.07663357
3.0,1.0,0.7142857142857142,-0.012902245
3.0,0.0,0.7857142857142857,-0.017507028
3.0,0.07142857142857142,0.7857142857142857,0.056720197
3.0,0.14285714285714285,0.7857142857142857,0.12374029
3.0,0.21428571428571427,0.7857142857142857,0.18497178
3.0,0.2857142857142857,0.7857142857142857,0.2453359
3.0,0.3571428571428571,0.7857142857142857,0.3102062
3.0,0.42857142857142855,0.7857142857142857,0.3746246
3.0,0.5,0.7857142857142857,0.40636498
3.0,0.5714285714285714,0.7857142857142857,0.3750609
3.0,0.6428571428571428,0.7857142857142857,0.30967236
3.0,0.7142857142857142,0.7857142857142857,0.24605006
3.0,0.7857142857142857,0.7857142857142857,0.18690184
3.0,0.8571428571428571,0.7857142857142857,0.12559399
3.0,0.9285714285714285,0.7857142857142857,0.059218265
3.0,1.0,0.7857142857142857,-0.011324763
3.0,0.0,0.8571428571428571,-0.014441006
3.0,0.07142857142857142,0.8571428571428571,0.039874323
3.0,0.14285714285714285,0.8571428571428571,0.085832156
3.0,0.21428571428571427,0.8571428571428571,0.12597495
3.0,0.2857142857142857,0.8571428571428571,0.16503659
3.0,0.3571428571428571,0.8571428571428571,0.20728824
3.0,0.42857142857142855,0.8571428571428571,0.24927583
3.0,0.5,0.8571428571428571,0.27008212
3.0,0.5714285714285714,0.8571428571428571,0.2505647
3.0,0.6428571428571428,0.8571428571428571,0.20732737
3.0,0.7142857142857142,0.8571428571428571,0.16432214
3.0,0.7857142857142857,0.8571428571428571,0.12502849
3.0,0.8571428571428571,0.8571428571428571,0.08409258
3.0,0.9285714285714285,0.8571428571428571,0.03779853
3.0,1.0,0.8571428571428571,-0.014493849
3.0,0.0,0.9285714285714285,-0.014566187
3.0,0.07142857142857142,0.9285714285714285,0.01951943
3.0,0.14285714285714285,0.9285714285714285,0.04378905
3.0,0.21428571428571427,0.9285714285714285,0.06118191
3.0,0.2857142857142857,0.9285714285714285,0.07646116
3.0,0.3571428571428571,0.9285714285714285,0.09452307
3.0,0.42857142857142855,0.9285714285714285,0.11536256
3.0,0.5,0.9285714285714285,0.12763593
3.0,0.5714285714285714,0.9285714285714285,0.11957546
3.0,0.6428571428571428,0.9285714285714285,0.09850461
3.0,0.7142857142857142,0.9285714285714285,0.077692434
3.0,0.7857142857142857,0.9285714285714285,0.05912327
3.0,0.8571428571428571,0.9285714285714285,0.038121138
3.0,0.9285714285714285,0.9285714285714285,0.010729328
3.0,1.0,0.9285714285714285,-0.024411067
3.0,0.0,1.0,-0.023371425
3.0,0.07142857142857142,1.0,-0.010319341
3.0,0.14285714285714285,1.0,-0.008453891
3.0,0.21428571428571427,1.0,-0.014244378
3.0,0.2857142857142857,1.0,-0.02207692
3.0,0.3571428571428571,1.0,-0.025486477
3.0,0.42857142857142855,1.0,-0.021138564
3.0,0.5,1.0,-0.013755843
3.0,0.5714285714285714,1.0,-0.010929368
3.0,0.6428571428571428,1.0,-0.011796601
3.0,0.7142857142857142,1.0,-0.011348732
3.0,0.7857142857142857,1.0,-0.009920672
3.0,0.8571428571428571,1.0,-0.012041979
3.0,0.9285714285714285,1.0,-0.021774411
3.0,1.0,1.0,-0.040875174
4.0,0.0,0.0,-0.015722912
4.0,0.07142857142857142,0.0,-0.011282271
4.0,0.14285714285714285,0.0,-0.011628423
4.0,0.21428571428571427,0.0,-0.013804866
4.0,0.2857142857142857,0.0,-0.014544692
4.0,0.3571428571428571,0.0,-0.011591276
4.0,0.42857142857142855,0.0,-0.006644508
4.0,0.5,0.0,-0.0076884367
4.0,0.5714285714285714,0.0,-0.017743088
4.0,0.6428571428571428,0.0,-0.025843479
4.0,0.7142857142857142,0.0,-0.02517464
4.0,0.7857142857142857,0.0,-0.021249376
4.0,0.8571428571428571,0.0,-0.0218485
4.0,0.9285714285714285,0.0,-0.030806728
4.0,1.0,0.0,-0.048717104
4.0,0.0,0.07142857142857142,-0.007014067
4.0,0.07142857142857142,0.07142857142857142,0.017504025
4.0,0.14285714285714285,0.07142857142857142,0.037326362
4.0,0.21428571428571427,0.07142857142857142,0.05492942
4.0,0.2857142857142857,0.07142857142857142,0.073860876
4.0,0.3571428571428571,0.07142857142857142,0.097180486
4.0,0.42857142857142855,0.07142857142857142,0.12159913
4.0,0.5,0.07142857142857142,0.13045576
4.0,0.5714285714285714,0.07142857142857142,0.114152916
4.0,0.6428571428571428,0.07142857142857142,0.09097136
4.0,0.7142857142857142,0.07142857142857142,0.07400127
4.0,0.7857142857142857,0.07142857142857142,0.058120877
4.0,0.8571428571428571,0.07142857142857142,0.036690593
4.0,0.9285714285714285,0.07142857142857142,0.0077786073
4.0,1.0,0.07142857142857142,-0.028358161
4.0,0.0,0.14285714285714285,-0.007981858
4.0,0.07142857142857142,0.14285714285714285,0.038961653
4.0,0.14285714285714285,0.14285714285714285,0.081635706
4.0,0.21428571428571427,0.14285714285714285,0.121363945
4.0,0.2857142857142857,0.14285714285714285,0.16147867
4.0,0.3571428571428571,0.14285714285714285,0.20647135
4.0,0.42857142857142855,0.14285714285714285,0.25276527
4.0,0.5,0.14285714285714285,0.27294922
4.0,0.5714285714285714,0.14285714285714285,0.24768472
4.0,0.6428571428571428,0.14285714285714285,0.20509663
4.0,0.7142857142857142,0.14285714285714285,0.16650546
4.0,0.7857142857142857,0.14285714285714285,0.12794071
4.0,0.8571428571428571,0.14285714285714285,0.08451537
4.0,0.9285714285714285,0.14285714285714285,0.035558514
4.0,1.0,0.14285714285714285,-0.01874511
4.0,0.0,0.21428571428571427,-0.015338321
4.0,0.07142857142857142,0.21428571428571427,0.05529797
4.0,0.14285714285714285,0.21428571428571427,0.122140385
4.0,0.21428571428571427,0.21428571428571427,0.18443692
4.0,0.2857142857142857,0.21428571428571427,0.24459943
4.0,0.3571428571428571,0.21428571428571427,0.3092489
4.0,0.42857142857142855,0.21428571428571427,0.3769864
4.0,0.5,0.21428571428571427,0.40909013
4.0,0.5714285714285714,0.21428571428571427,0.3734094
4.0,0.6428571428571428,0.21428571428571427,0.30963314
4.0,0.7142857142857142,0.21428571428571427,0.24873933
4.0,0.7857142857142857,0.21428571428571427,0.18812478
4.0,0.8571428571428571,0.21428571428571427,0.12400266
4.0,0.9285714285714285,0.21428571428571427,0.055789635
4.0,1.0,0.21428571428571427,-0.016601935
4.0,0.0,0.2857142857142857,-0.023171006
4.0,0.07142857142857142,0.2857142857142857,0.071258105
4.0,0.14285714285714285,0.2857142857142857,0.16244423
4.0,0.21428571428571427,0.2857142857142857,0.2465752
4.0,0.2857142857142857,0.2857142857142857,0.32445288
4.0,0.3571428571428571,0.2857142857142857,0.405424
4.0,0.42857142857142855,0.2857142857142857,0.49305665
4.0,0.5,0.2857142857142857,0.53781337
4.0,0.5714285714285714,0.2857142857142857,0.49135572
4.0,0.6428571428571428,0.2857142857142857,0.4062383
4.0,0.7142857142857142,0.2857142857142857,0.3247598
4.0,0.7857142857142857,0.2857142857142857,0.24474287
4.0,0.8571428571428571,0.2857142857142857,0.1616256
4.0,0.9285714285714285,0.2857142857142857,0.07425385
4.0,1.0,0.2857142857142857,-0.01670646
4.0,0.0,0.3571428571428571,-0.025120854
4.0,0.07142857142857142,0.3571428571428571,0.09193272
4.0,0.14285714285714285,0.3571428571428571,0.20701674
4.0,0.21428571428571427,0.3571428571428571,0.3128295
4.0,0.2857142857142857,0.3571428571428571,0.40808186
4.0,0.3571428571428571,0.3571428571428571,0.5046471
4.0,0.42857142857142855,0.3571428571428571,0.61225814
4.0,0.5,0.3571428571428571,0.6711401
4.0,0.5714285714285714,0.3571428571428571,0.6135782
4.0,0.6428571428571428,0.3571428571428571,0.5067104
4.0,0.7142857142857142,0.3571428571428571,0.40597963
4.0,0.7857142857142857,0.3571428571428571,0.30770856
4.0,0.8571428571428571,0.3571428571428571,0.20498347
4.0,0.9285714285714285,0.3571428571428571,0.09683305
4.0,1.0,0.3571428571428571,-0.013543874
4.0,0.0,0.42857142857142855,-0.019965015
4.0,0.07142857142857142,0.42857142857142855,0.11548614
4.0,0.14285714285714285,0.42857142857142855,0.25170276
4.0,0.21428571428571427,0.42857142857142855,0.37911633
4.0,0.2857142857142857,0.42857142857142855,0.4946801
4.0,0.3571428571428571,0.42857142857142855,0.61103046
4.0,0.42857142857142855,0.42857142857142855,0.74095607
4.0,0.5,0.42857142857142855,0.8145151
4.0,0.5714285714285714,0.42857142857142855,0.74510187
4.0,0.6428571428571428,0.42857142857142855,0.6151352
4.0,0.7142857142857142,0.42857142857142855,0.4937963
4.0,0.7857142857142857,0.42857142857142855,0.37536743
4.0,0.8571428571428571,0.42857142857142855,0.2510523
4.0,0.9285714285714285,0.42857142857142855,0.121543966
4.0,1.0,0.42857142857142855,-0.00659322
4.0,0.0,0.5,-0.0150292665
4.0,0.07142857142857142,0.5,0.12722874
4.0,0.14285714285714285,0.5,0.27190548
4.0,0.21428571428571427,0.5,0.40965047
4.0,0.2857142857142857,0.5,0.53753954
4.0,0.3571428571428571,0.5,0.66786945
4.0,0.42857142857142855,0.5,0.8117279
4.0,0.5,0.5,0.89294046
4.0,0.5714285714285714,0.5,0.8159646
4.0,0.6428571428571428,0.5,0.67176735
4.0,0.7142857142857142,0.5,0.53827053
4.0,0.7857142857142857,0.5,0.40835595
4.0,0.8571428571428571,0.5,0.2720828
4.0,0.9285714285714285,0.5,0.13175696
4.0,1.0,0.5,-0.0038459077
4.0,0.0,0.5714285714285714,-0.016444147
4.0,0.07142857142857142,0.5714285714285714,0.117013566
4.0,0.14285714285714285,0.5714285714285714,0.25018203
4.0,0.21428571428571427,0.5714285714285714,0.37541485
4.0,0.2857142857142857,0.5714285714285714,0.49191117
4.0,0.3571428571428571,0.5714285714285714,0.61193854
4.0,0.42857142857142855,0.5714285714285714,0.7428873
4.0,0.5,0.5714285714285714,0.8149677
4.0,0.5714285714285714,0.5714285714285714,0.74356425
4.0,0.6428571428571428,0.5714285714285714,0.6115267
4.0,0.7142857142857142,0.5714285714285714,0.49126762
4.0,0.7857142857142857,0.5714285714285714,0.3738372
4.0,0.8571428571428571,0.5714285714285714,0.24833092
4.0,0.9285714285714285,0.5714285714285714,0.11743646
4.0,1.0,0.5714285714285714,-0.009715252
4.0,0.0,0.6428571428571428,-0.020414375
4.0,0.07142857142857142,0.6428571428571428,0.09523138
4.0,0.14285714285714285,0.6428571428571428,0.20688188
4.0,0.21428571428571427,0.6428571428571428,0.31002757
4.0,0.2857142857142857,0.6428571428571428,0.40684426
4.0,0.3571428571428571,0.6428571428571428,0.50789094
4.0,0.42857142857142855,0.6428571428571428,0.6144311
4.0,0.5,0.6428571428571428,0.67020714
4.0,0.5714285714285714,0.6428571428571428,0.61252075
4.0,0.6428571428571428,0.6428571428571428,0.50450015
4.0,0.7142857142857142,0.6428571428571428,0.40550038
4.0,0.7857142857142857,0.6428571428571428,0.30906764
4.0,0.8571428571428571,0.6428571428571428,0.2049892
4.0,0.9285714285714285,0.6428571428571428,0.094480805
4.0,1.0,0.6428571428571428,-0.015412316
4.0,0.0,0.7142857142857142,-0.02161058
4.0,0.07142857142857142,0.7142857142857142,0.07390148
4.0,0.14285714285714285,0.7142857142857142,0.1632191
4.0,0.21428571428571427,0.7142857142857142,0.24527386
4.0,0.2857142857142857,0.7142857142857142,0.32429868
4.0,0.3571428571428571,0.7142857142857142,0.40795958
4.0,0.42857142857142855,0.7142857142857142,0.49260718
4.0,0.5,0.7142857142857142,0.5351235
4.0,0.5714285714285714,0.7142857142857142,0.49200922
4.0,0.6428571428571428,0.7142857142857142,0.4063199
4.0,0.7142857142857142,0.7142857142857142,0.3249283
4.0,0.7857142857142857,0.7142857142857142,0.24705908
4.0,0.8571428571428571,0.7142857142857142,0.16437647
4.0,0.9285714285714285,0.7142857142857142,0.07575603
4.0,1.0,0.7142857142857142,-0.015061572
4.0,0.0,0.7857142857142857,-0.01933923
4.0,0.07142857142857142,0.7857142857142857,0.055840693
4.0,0.14285714285714285,0.7857142857142857,0.12361873
4.0,0.21428571428571427,0.7857142857142857,0.18539399
4.0,0.2857142857142857,0.7857142857142857,0.24605912
4.0,0.3571428571428571,0.7857142857142857,0.31076324
4.0,0.42857142857142855,0.7857142857142857,0.37419313
4.0,0.5,0.7857142857142857,0.40513468
4.0,0.5714285714285714,0.7857142857142857,0.37473404
4.0,0.6428571428571428,0.7857142857142857,0.3103261
4.0,0.7142857142857142,0.7857142857142857,0.24683923
4.0,0.7857142857142857,0.7857142857142857,0.18737534
4.0,0.8571428571428571,0.7857142857142857,0.12542787
4.0,0.9285714285714285,0.7857142857142857,0.058121435
4.0,1.0,0.7857142857142857,-0.01354067
4.0,0.0,0.8571428571428571,-0.01612112
4.0,0.07142857142857142,0.8571428571428571,0.038788166
4.0,0.14285714285714285,0.8571428571428571,0.08519801
4.0,0.21428571428571427,0.8571428571428571,0.12569866
4.0,0.2857142857142857,0.8571428571428571,0.16504312
4.0,0.3571428571428571,0.8571428571428571,0.20729315
4.0,0.42857142857142855,0.8571428571428571,0.24868995
4.0,0.5,0.8571428571428571,0.26903316
4.0,0.5714285714285714,0.8571428571428571,0.2501561
4.0,0.6428571428571428,0.8571428571428571,0.2076059
4.0,0.7142857142857142,0.8571428571428571,0.16461977
4.0,0.7857142857142857,0.8571428571428571,0.12497393
4.0,0.8571428571428571,0.8571428571428571,0.08347323
4.0,0.9285714285714285,0.8571428571428571,0.03642242
4.0,1.0,0.8571428571428571,-0.016769376
4.0,0.0,0.9285714285714285,-0.016229391
4.0,0.07142857142857142,0.9285714285714285,0.018084785
4.0,0.14285714285714285,0.9285714285714285,0.04248257
4.0,0.21428571428571427,0.9285714285714285,0.06000007
4.0,0.2857142857142857,0.9285714285714285,0.07544168
4.0,0.3571428571428571,0.9285714285714285,0.093516745
4.0,0.42857142857142855,0.9285714285714285,0.113981776
4.0,0.5,0.9285714285714285,0.12597159
4.0,0.5714285714285714,0.9285714285714285,0.1183429
4.0,0.6428571428571428,0.9285714285714285,0.09778711
4.0,0.7142857142857142,0.9285714285714285,0.077033944
4.0,0.7857142857142857,0.9285714285714285,0.058241263
4.0,0.8571428571428571,0.9285714285714285,0.03687481
4.0,0.9285714285714285,0.9285714285714285,0.008978583
4.0,1.0,0.9285714285714285,-0.026801243
4.0,0.0,1.0,-0.025178764
4.0,0.07142857142857142,1.0,-0.012253931
4.0,0.14285714285714285,1.0,-0.010580681
4.0,0.21428571428571427,1.0,-0.016515575
4.0,0.2857142857142857,1.0,-0.024409473
4.0,0.3571428571428571,1.0,-0.027947113
4.0,0.42857142857142855,1.0,-0.023943067
4.0,0.5,1.0,-0.016795143
4.0,0.5714285714285714,1.0,-0.013679028
4.0,0.6428571428571428,1.0,-0.014080286
4.0,0.7142857142857142,1.0,-0.013404705
4.0,0.7857142857142857,1.0,-0.011940993
4.0,0.8571428571428571,1.0,-0.01412734
4.0,0.9285714285714285,1.0,-0.024045963
4.0,1.0,1.0,-0.04348399
5.0,0.0,0.0,-0.017725646
5.0,0.07142857142857142,0.0,-0.013063099
5.0,0.14285714285714285,0.0,-0.013329973
5.0,0.21428571428571427,0.0,-0.01562874
5.0,0.2857142857142857,0.0,-0.016678315
5.0,0.3571428571428571,0.0,-0.014102221
5.0,0.42857142857142855,0.0,-0.00942914
5.0,0.5,0.0,-0.010553058
5.0,0.5714285714285714,0.0,-0.020486258
5.0,0.6428571428571428,0.0,-0.028358571
5.0,0.7142857142857142,0.0,-0.027435783
5.0,0.7857142857142857,0.0,-0.023294777
5.0,0.8571428571428571,0.0,-0.023806177
5.0,0.9285714285714285,0.0,-0.032843128
5.0,1.0,0.0,-0.050969332
5.0,0.0,0.07142857142857142,-0.008933018
5.0,0.07142857142857142,0.07142857142857142,0.016033579
5.0,0.14285714285714285,0.07142857142857142,0.036229163
5.0,0.21428571428571427,0.07142857142857142,0.05403825
5.0,0.2857142857142857,0.07142857142857142,0.0729693
5.0,0.3571428571428571,0.07142857142857142,0.0961676
5.0,0.42857142857142855,0.07142857142857142,0.12044973
5.0,0.5,0.07142857142857142,0.12919217
5.0,0.5714285714285714,0.07142857142857142,0.11293155
5.0,0.6428571428571428,0.07142857142857142,0.08983695
5.0,0.7142857142857142,0.07142857142857142,0.072902046
5.0,0.7857142857142857,0.07142857142857142,0.05697199
5.0,0.8571428571428571,0.07142857142857142,0.035326853
5.0,0.9285714285714285,0.07142857142857142,0.006030619
5.0,1.0,0.07142857142857142,-0.030596413
5.0,0.0,0.14285714285714285,-0.009810512
5.0,0.07142857142857142,0.14285714285714285,0.037767306
5.0,0.14285714285714285,0.14285714285714285,0.08103932
5.0,0.21428571428571427,0.14285714285714285,0.12120979
5.0,0.2857142857142857,0.14285714285714285,0.16150165
5.0,0.3571428571428571,0.14285714285714285,0.20642546
5.0,0.42857142857142855,0.14285714285714285,0.25245517
5.0,0.5,0.14285714285714285,0.27232885
5.0,0.5714285714285714,0.14285714285714285,0.24718258
5.0,0.6428571428571428,0.14285714285714285,0.20479211
5.0,0.7142857142857142,0.14285714285714285,0.1662117
5.0,0.7857142857142857,0.14285714285714285,0.12746188
5.0,0.8571428571428571,0.14285714285714285,0.08359751
5.0,0.9285714285714285,0.14285714285714285,0.034001358
5.0,1.0,0.14285714285714285,-0.021030046
5.0,0.0,0.21428571428571427,-0.017101977
5.0,0.07142857142857142,0.21428571428571427,0.054338343
5.0,0.14285714285714285,0.21428571428571427,0.12192247
5.0,0.21428571428571427,0.21428571428571427,0.18476757
5.0,0.2857142857142857,0.21428571428571427,0.2451356
5.0,0.3571428571428571,0.21428571428571427,0.30958775
5.0,0.42857142857142855,0.21428571428571427,0.3766783
5.0,0.5,0.21428571428571427,0.40815893
5.0,0.5714285714285714,0.21428571428571427,0.3729522
5.0,0.6428571428571428,0.21428571428571427,0.30978116
5.0,0.7142857142857142,0.21428571428571427,0.24905533
5.0,0.7857142857142857,0.21428571428571427,0.1882211
5.0,0.8571428571428571,0.21428571428571427,0.12349727
5.0,0.9285714285714285,0.21428571428571427,0.054439828
5.0,1.0,0.21428571428571427,-0.018881224
5.0,0.0,0.2857142857142857,-0.02500462
5.0,0.07142857142857142,0.2857142857142857,0.070421435
5.0,0.14285714285714285,0.2857142857142857,0.16244423
5.0,0.21428571428571427,0.2857142857142857,0.24711528
5.0,0.2857142857142857,0.2857142857142857,0.3251231
5.0,0.3571428571428571,0.2857142857142857,0.40574703
5.0,0.42857142857142855,0.2857142857142857,0.49229223
5.0,0.5,0.2857142857142857,0.536102
5.0,0.5714285714285714,0.2857142857142857,0.49073362
5.0,0.6428571428571428,0.2857142857142857,0.40677693
5.0,0.7142857142857142,0.2857142857142857,0.32562977
5.0,0.7857142857142857,0.2857142857142857,0.24535608
5.0,0.8571428571428571,0.2857142857142857,0.16151994
5.0,0.9285714285714285,0.2857142857142857,0.07316346
5.0,1.0,0.2857142857142857,-0.018877983
5.0,0.0,0.3571428571428571,-0.02730101
5.0,0.07142857142857142,0.3571428571428571,0.09095553
5.0,0.14285714285714285,0.3571428571428571,0.20694655
5.0,0.21428571428571427,0.3571428571428571,0.3132013
5.0,0.2857142857142857,0.3571428571428571,0.4084285
5.0,0.3571428571428571,0.3571428571428571,0.5045352
5.0,0.42857142857142855,0.3571428571428571,0.61066806
5.0,0.5,0.3571428571428571,0.66824836
5.0,0.5714285714285714,0.3571428571428571,0.6124597
5.0,0.6428571428571428,0.3571428571428571,0.5072469
5.0,0.7142857142857142,0.3571428571428571,0.406902
5.0,0.7857142857142857,0.3571428571428571,0.30837384
5.0,0.8571428571428571,0.3571428571428571,0.20497304
5.0,0.9285714285714285,0.3571428571428571,0.09587135
5.0,1.0,0.3571428571428571,-0.015622415
5.0,0.0,0.42857142857142855,-0.022725426
5.0,0.07142857142857142,0.42857142857142855,0.114054106
5.0,0.14285714285714285,0.42857142857142855,0.25117323
5.0,0.21428571428571427,0.42857142857142855,0.37882173
5.0,0.2857142857142857,0.42857142857142855,0.49402416
5.0,0.3571428571428571,0.42857142857142855,0.609588
5.0,0.42857142857142855,0.42857142857142855,0.7374936
5.0,0.5,0.42857142857142855,0.80923
5.0,0.5714285714285714,0.42857142857142855,0.7420658
5.0,0.6428571428571428,0.42857142857142855,0.61413795
5.0,0.7142857142857142,0.42857142857142855,0.4933642
5.0,0.7857142857142857,0.42857142857142855,0.37503636
5.0,0.8571428571428571,0.42857142857142855,0.25049964
5.0,0.9285714285714285,0.42857142857142855,0.1203777
5.0,1.0,0.42857142857142855,-0.0087475255
5.0,0.0,0.5,-0.01818902
5.0,0.07142857142857142,0.5,0.12543532
5.0,0.14285714285714285,0.5,0.27098307
5.0,0.21428571428571427,0.5,0.40880832
5.0,0.2857142857142857,0.5,0.5360557
5.0,0.3571428571428571,0.5,0.6652421
5.0,0.42857142857142855,0.5,0.8066709
5.0,0.5,0.5,0.8857105
5.0,0.5714285714285714,0.5,0.81108344
5.0,0.6428571428571428,0.5,0.6691335
5.0,0.7142857142857142,0.5,0.5365014
5.0,0.7857142857142857,0.5,0.40718696
5.0,0.8571428571428571,0.5,0.27116972
5.0,0.9285714285714285,0.5,0.13049358
5.0,1.0,0.5,-0.006047778
5.0,0.0,0.5714285714285714,-0.019475073
5.0,0.07142857142857142,0.5714285714285714,0.11538323
5.0,0.14285714285714285,0.5714285714285714,0.24951625
5.0,0.21428571428571427,0.5714285714285714,0.37505722
5.0,0.2857142857142857,0.5714285714285714,0.49128985
5.0,0.3571428571428571,0.5714285714285714,0.6105796
5.0,0.42857142857142855,0.5714285714285714,0.7395434
5.0,0.5,0.5714285714285714,0.80971646
5.0,0.5714285714285714,0.5714285714285714,0.74024487
5.0,0.6428571428571428,0.5714285714285714,0.6100427
5.0,0.7142857142857142,0.5714285714285714,0.49041575
5.0,0.7857142857142857,0.5714285714285714,0.37342942
5.0,0.8571428571428571,0.5714285714285714,0.24799484
5.0,0.9285714285714285,0.5714285714285714,0.11652451
5.0,1.0,0.5714285714285714,-0.011765711
5.0,0.0,0.6428571428571428,-0.022962615
5.0,0.07142857142857142,0.6428571428571428,0.094047174
5.0,0.14285714285714285,0.6428571428571428,0.206729
5.0,0.21428571428571427,0.6428571428571428,0.3104507
5.0,0.2857142857142857,0.6428571428571428,0.40741637
5.0,0.3571428571428571,0.6428571428571428,0.5080688
5.0,0.42857142857142855,0.6428571428571428,0.6130174
5.0,0.5,0.6428571428571428,0.66723377
5.0,0.5714285714285714,0.6428571428571428,0.6109786
5.0,0.6428571428571428,0.6428571428571428,0.50441515
5.0,0.7142857142857142,0.6428571428571428,0.4058231
5.0,0.7857142857142857,0.6428571428571428,0.30950078
5.0,0.8571428571428571,0.6428571428571428,0.2051233
5.0,0.9285714285714285,0.6428571428571428,0.09376167
5.0,1.0,0.6428571428571428,-0.017401949
5.0,0.0,0.7142857142857142,-0.023676276
5.0,0.07142857142857142,0.7142857142857142,0.07301108
5.0,0.14285714285714285,0.7142857142857142,0.16325349
5.0,0.21428571428571427,0.7142857142857142,0.24592039
5.0,0.2857142857142857,0.7142857142857142,0.32521892
5.0,0.3571428571428571,0.7142857142857142,0.40859097
5.0,0.42857142857142855,0.7142857142857142,0.49190253
5.0,0.5,0.7142857142857142,0.5332009
5.0,0.5714285714285714,0.7142857142857142,0.4911958
5.0,0.6428571428571428,0.7142857142857142,0.40676963
5.0,0.7142857142857142,0.7142857142857142,0.32568464
5.0,0.7857142857142857,0.7142857142857142,0.24768549
5.0,0.8571428571428571,0.7142857142857142,0.16447523
5.0,0.9285714285714285,0.7142857142857142,0.074908435
5.0,1.0,0.7142857142857142,-0.017136835
5.0,0.0,0.7857142857142857,-0.021096911
5.0,0.07142857142857142,0.7857142857142857,0.054954715
5.0,0.14285714285714285,0.7857142857142857,0.123419486
5.0,0.21428571428571427,0.7857142857142857,0.1856972
5.0,0.2857142857142857,0.7857142857142857,0.2466642
5.0,0.3571428571428571,0.7857142857142857,0.31123754
5.0,0.42857142857142855,0.7857142857142857,0.37372187
5.0,0.5,0.7857142857142857,0.40385354
5.0,0.5714285714285714,0.7857142857142857,0.3742979
5.0,0.6428571428571428,0.7857142857142857,0.31087255
5.0,0.7142857142857142,0.7857142857142857,0.24753538
5.0,0.7857142857142857,0.7857142857142857,0.18777794
5.0,0.8571428571428571,0.7857142857142857,0.12523037
5.0,0.9285714285714285,0.7857142857142857,0.057038374
5.0,1.0,0.7857142857142857,-0.015701734
5.0,0.0,0.8571428571428571,-0.017738707
5.0,0.07142857142857142,0.8571428571428571,0.03769447
5.0,0.14285714285714285,0.8571428571428571,0.08450025
5.0,0.21428571428571427,0.8571428571428571,0.12533584
5.0,0.2857142857142857,0.8571428571428571,0.16497949
5.0,0.3571428571428571,0.8571428571428571,0.2072744
5.0,0.42857142857142855,0.8571428571428571,0.2481266
5.0,0.5,0.8571428571428571,0.26799822
5.0,0.5714285714285714,0.8571428571428571,0.24970466
5.0,0.6428571428571428,0.8571428571428571,0.20782751
5.0,0.7142857142857142,0.8571428571428571,0.16486469
5.0,0.7857142857142857,0.8571428571428571,0.12487622
5.0,0.8571428571428571,0.8571428571428571,0.082834564
5.0,0.9285714285714285,0.8571428571428571,0.03505846
5.0,1.0,0.8571428571428571,-0.019002303
5.0,0.0,0.9285714285714285,-0.017832618
5.0,0.07142857142857142,0.9285714285714285,0.016652282
5.0,0.14285714285714285,0.9285714285714285,0.04114203
5.0,0.21428571428571427,0.9285714285714285,0.05878499
5.0,0.2857142857142857,0.9285714285714285,0.07443124
5.0,0.3571428571428571,0.9285714285714285,0.09258639
5.0,0.42857142857142855,0.9285714285714285,0.11273666
5.0,0.5,0.9285714285714285,0.1244444
5.0,0.5714285714285714,0.9285714285714285,0.11719122
5.0,0.6428571428571428,0.9285714285714285,0.09711102
5.0,0.7142857142857142,0.9285714285714285,0.07639514
5.0,0.7857142857142857,0.9285714285714285,0.057363875
5.0,0.8571428571428571,0.9285714285714285,0.03563481
5.0,0.9285714285714285,0.9285714285714285,0.0072494335
5.0,1.0,0.9285714285714285,-0.0291492
5.0,0.0,1.0,-0.026919808
5.0,0.07142857142857142,1.0,-0.0141636
5.0,0.14285714285714285,1.0,-0.012696676
5.0,0.21428571428571427,1.0,-0.018749744
5.0,0.2857142857142857,1.0,-0.026641168
5.0,0.3571428571428571,1.0,-0.030224256
5.0,0.42857142857142855,1.0,-0.02649261
5.0,0.5,1.0,-0.019565284
5.0,0.5714285714285714,1.0,-0.016210191
5.0,0.6428571428571428,1.0,-0.016203955
5.0,0.7142857142857142,1.0,-0.015349813
5.0,0.7857142857142857,1.0,-0.013892941
5.0,0.8571428571428571,1.0,-0.016168796
5.0,0.9285714285714285,1.0,-0.026278026
5.0,1.0,1.0,-0.046045087
6.0,0.0,0.0,-0.01966664
6.0,0.07142857142857142,0.0,-0.01477298
6.0,0.14285714285714285,0.0,-0.014943834
6.0,0.21428571428571427,0.0,-0.017344397
6.0,0.2857142857142857,0.0,-0.018685082
6.0,0.3571428571428571,0.0,-0.01646509
6.0,0.42857142857142855,0.0,-0.012044584
6.0,0.5,0.0,-0.013226684
6.0,0.5714285714285714,0.0,-0.023018375
6.0,0.6428571428571428,0.0,-0.030666072
6.0,0.7142857142857142,0.0,-0.029515266
6.0,0.7857142857142857,0.0,-0.025182225
6.0,0.8571428571428571,0.0,-0.02561798
6.0,0.9285714285714285,0.0,-0.034738787
6.0,1.0,0.0,-0.053081825
6.0,0.0,0.07142857142857142,-0.010801014
6.0,0.07142857142857142,0.07142857142857142,0.014610056
6.0,0.14285714285714285,0.07142857142857142,0.035184044
6.0,0.21428571428571427,0.07142857142857142,0.053210124
6.0,0.2857142857142857,0.07142857142857142,0.07214932
6.0,0.3571428571428571,0.07142857142857142,0.09522656
6.0,0.42857142857142855,0.07142857142857142,0.119357176
6.0,0.5,0.07142857142857142,0.12797654
6.0,0.5714285714285714,0.07142857142857142,0.11177758
6.0,0.6428571428571428,0.07142857142857142,0.088774644
6.0,0.7142857142857142,0.07142857142857142,0.07185723
6.0,0.7857142857142857,0.07142857142857142,0.055872656
6.0,0.8571428571428571,0.07142857142857142,0.034022048
6.0,0.9285714285714285,0.07142857142857142,0.0043560714
6.0,1.0,0.07142857142857142,-0.032745548
6.0,0.0,0.14285714285714285,-0.011588281
6.0,0.07142857142857142,0.14285714285714285,0.036602486
6.0,0.14285714285714285,0.14285714285714285,0.08045761
6.0,0.21428571428571427,0.14285714285714285,0.12106412
6.0,0.2857142857142857,0.14285714285714285,0.16153046
6.0,0.3571428571428571,0.14285714285714285,0.20636833
6.0,0.42857142857142855,0.14285714285714285,0.25208306
6.0,0.5,0.14285714285714285,0.27161124
6.0,0.5714285714285714,0.14285714285714285,0.2466146
6.0,0.6428571428571428,0.14285714285714285,0.2044386
6.0,0.7142857142857142,0.14285714285714285,0.16586694
6.0,0.7857142857142857,0.14285714285714285,0.12694842
6.0,0.8571428571428571,0.14285714285714285,0.08267372
6.0,0.9285714285714285,0.14285714285714285,0.032471023
6.0,1.0,0.14285714285714285,-0.023256168
6.0,0.0,0.21428571428571427,-0.018798064
6.0,0.07142857142857142,0.21428571428571427,0.05340258
6.0,0.14285714285714285,0.21428571428571427,0.121690325
6.0,0.21428571428571427,0.21428571428571427,0.18505862
6.0,0.2857142857142857,0.21428571428571427,0.2456229
6.0,0.3571428571428571,0.21428571428571427,0.30987042
6.0,0.42857142857142855,0.21428571428571427,0.37626123
6.0,0.5,0.21428571428571427,0.40707788
6.0,0.5714285714285714,0.21428571428571427,0.37238097
6.0,0.6428571428571428,0.21428571428571427,0.3098301
6.0,0.7142857142857142,0.21428571428571427,0.2492693
6.0,0.7857142857142857,0.21428571428571427,0.18823758
6.0,0.8571428571428571,0.21428571428571427,0.12295113
6.0,0.9285714285714285,0.21428571428571427,0.05309332
6.0,1.0,0.21428571428571427,-0.021109171
6.0,0.0,0.2857142857142857,-0.026739078
6.0,0.07142857142857142,0.2857142857142857,0.06961993
6.0,0.14285714285714285,0.2857142857142857,0.16241452
6.0,0.21428571428571427,0.2857142857142857,0.24757805
6.0,0.2857142857142857,0.2857142857142857,0.32571137
6.0,0.3571428571428571,0.2857142857142857,0.40601808
6.0,0.42857142857142855,0.2857142857142857,0.4914587
6.0,0.5,0.2857142857142857,0.5342927
6.0,0.5714285714285714,0.2857142857142857,0.49003267
6.0,0.6428571428571428,0.2857142857142857,0.4072294
6.0,0.7142857142857142,0.2857142857142857,0.32638964
6.0,0.7857142857142857,0.2857142857142857,0.24587342
6.0,0.8571428571428571,0.2857142857142857,0.16135824
6.0,0.9285714285714285,0.2857142857142857,0.07207305
6.0,1.0,0.2857142857142857,-0.020984277
6.0,0.0,0.3571428571428571,-0.029348444
6.0,0.07142857142857142,0.3571428571428571,0.09002981
6.0,0.14285714285714285,0.3571428571428571,0.20683554
6.0,0.21428571428571427,0.3571428571428571,0.31346473
6.0,0.2857142857142857,0.3571428571428571,0.40867174
6.0,0.3571428571428571,0.3571428571428571,0.50439507
6.0,0.42857142857142855,0.3571428571428571,0.60907525
6.0,0.5,0.3571428571428571,0.66533166
6.0,0.5714285714285714,0.3571428571428571,0.6113002
6.0,0.6428571428571428,0.3571428571428571,0.50771403
6.0,0.7142857142857142,0.3571428571428571,0.40771303
6.0,0.7857142857142857,0.3571428571428571,0.30893156
6.0,0.8571428571428571,0.3571428571428571,0.20490202
6.0,0.9285714285714285,0.3571428571428571,0.09492282
6.0,1.0,0.3571428571428571,-0.017605655
6.0,0.0,0.42857142857142855,-0.02533814
6.0,0.07142857142857142,0.42857142857142855,0.11267591
6.0,0.14285714285714285,0.42857142857142855,0.25058645
6.0,0.21428571428571427,0.42857142857142855,0.3783862
6.0,0.2857142857142857,0.42857142857142855,0.49323654
6.0,0.3571428571428571,0.42857142857142855,0.6081132
6.0,0.42857142857142855,0.42857142857142855,0.7340479
6.0,0.5,0.42857142857142855,0.80394465
6.0,0.5714285714285714,0.42857142857142855,0.73899436
6.0,0.6428571428571428,0.42857142857142855,0.6130861
6.0,0.7142857142857142,0.42857142857142855,0.49283075
6.0,0.7857142857142857,0.42857142857142855,0.37460285
6.0,0.8571428571428571,0.42857142857142855,0.24990082
6.0,0.9285714285714285,0.42857142857142855,0.11925363
6.0,1.0,0.42857142857142855,-0.010765865
6.0,0.0,0.5,-0.021203011
6.0,0.07142857142857142,0.5,0.12368741
6.0,0.14285714285714285,0.5,0.2699905
6.0,0.21428571428571427,0.5,0.40780947
6.0,0.2857142857142857,0.5,0.53443104
6.0,0.3571428571428571,0.5,0.6625877
6.0,0.42857142857142855,0.5,0.8016546
6.0,0.5,0.5,0.8785088
6.0,0.5714285714285714,0.5,0.80618936
6.0,0.6428571428571428,0.5,0.66647834
6.0,0.7142857142857142,0.5,0.5346564
6.0,0.7857142857142857,0.5,0.40593177
6.0,0.8571428571428571,0.5,0.27023208
6.0,0.9285714285714285,0.5,0.12930384
6.0,1.0,0.5,-0.008079395
6.0,0.0,0.5714285714285714,-0.022368118
6.0,0.07142857142857142,0.5714285714285714,0.11379226
6.0,0.14285714285714285,0.5714285714285714,0.24878329
6.0,0.21428571428571427,0.5714285714285714,0.37456152
6.0,0.2857142857142857,0.5714285714285714,0.4905545
6.0,0.3571428571428571,0.5714285714285714,0.6092138
6.0,0.42857142857142855,0.5714285714285714,0.73627067
6.0,0.5,0.5714285714285714,0.8045333
6.0,0.5714285714285714,0.5714285714285714,0.7369405
6.0,0.6428571428571428,0.5714285714285714,0.6085549
6.0,0.7142857142857142,0.5714285714285714,0.48949403
6.0,0.7857142857142857,0.5714285714285714,0.37293687
6.0,0.8571428571428571,0.5714285714285714,0.24763769
6.0,0.9285714285714285,0.5714285714285714,0.11569198
6.0,1.0,0.5714285714285714,-0.013643928
6.0,0.0,0.6428571428571428,-0.025384575
6.0,0.07142857142857142,0.6428571428571428,0.09289134
6.0,0.14285714285714285,0.6428571428571428,0.2065101
6.0,0.21428571428571427,0.6428571428571428,0.3107494
6.0,0.2857142857142857,0.6428571428571428,0.40787858
6.0,0.3571428571428571,0.6428571428571428,0.50821483
6.0,0.42857142857142855,0.6428571428571428,0.6116504
6.0,0.5,0.6428571428571428,0.6643152
6.0,0.5714285714285714,0.6428571428571428,0.60942715
6.0,0.6428571428571428,0.6428571428571428,0.5042962
6.0,0.7142857142857142,0.6428571428571428,0.40606412
6.0,0.7857142857142857,0.6428571428571428,0.30984947
6.0,0.8571428571428571,0.6428571428571428,0.2052339
6.0,0.9285714285714285,0.6428571428571428,0.09310546
6.0,1.0,0.6428571428571428,-0.019249186
6.0,0.0,0.7142857142857142,-0.025633551
6.0,0.07142857142857142,0.7142857142857142,0.072135724
6.0,0.14285714285714285,0.7142857142857142,0.16321719
6.0,0.21428571428571427,0.7142857142857142,0.24644423
6.0,0.2857142857142857,0.7142857142857142,0.3260164
6.0,0.3571428571428571,0.7142857142857142,0.40914825
6.0,0.42857142857142855,0.7142857142857142,0.4911849
6.0,0.5,0.7142857142857142,0.5312673
6.0,0.5714285714285714,0.7142857142857142,0.4903047
6.0,0.6428571428571428,0.7142857142857142,0.4071291
6.0,0.7142857142857142,0.7142857142857142,0.32634166
6.0,0.7857142857142857,0.7142857142857142,0.24822813
6.0,0.8571428571428571,0.7142857142857142,0.16454399
6.0,0.9285714285714285,0.7142857142857142,0.07409984
6.0,1.0,0.7142857142857142,-0.019109912
6.0,0.0,0.7857142857142857,-0.022763342
6.0,0.07142857142857142,0.7857142857142857,0.05407428
6.0,0.14285714285714285,0.7857142857142857,0.12315299
6.0,0.21428571428571427,0.7857142857142857,0.18588832
6.0,0.2857142857142857,0.7857142857142857,0.2471557
6.0,0.3571428571428571,0.7857142857142857,0.3116327
6.0,0.42857142857142855,0.7857142857142857,0.3732163
6.0,0.5,0.7857142857142857,0.40253296
6.0,0.5714285714285714,0.7857142857142857,0.37376052
6.0,0.6428571428571428,0.7857142857142857,0.31131178
6.0,0.7142857142857142,0.7857142857142857,0.24813509
6.0,0.7857142857142857,0.7857142857142857,0.18810499
6.0,0.8571428571428571,0.7857142857142857,0.1250014
6.0,0.9285714285714285,0.7857142857142857,0.05597698
6.0,1.0,0.7857142857142857,-0.01779117
6.0,0.0,0.8571428571428571,-0.01927546
6.0,0.07142857142857142,0.8571428571428571,0.036605716
6.0,0.14285714285714285,0.8571428571428571,0.08375052
6.0,0.21428571428571427,0.8571428571428571,0.12489382
6.0,0.2857142857142857,0.8571428571428571,0.16484997
6.0,0.3571428571428571,0.8571428571428571,0.20723051
6.0,0.42857142857142855,0.8571428571428571,0.24758255
6.0,0.5,0.8571428571428571,0.26697797
6.0,0.5714285714285714,0.8571428571428571,0.24920964
6.0,0.6428571428571428,0.8571428571428571,0.2079862
6.0,0.7142857142857142,0.8571428571428571,0.16504967
6.0,0.7857142857142857,0.8571428571428571,0.12472881
6.0,0.8571428571428571,0.8571428571428571,0.082174875
6.0,0.9285714285714285,0.8571428571428571,0.033712726
6.0,1.0,0.8571428571428571,-0.021176979
6.0,0.0,0.9285714285714285,-0.019358093
6.0,0.07142857142857142,0.9285714285714285,0.01523697
6.0,0.14285714285714285,0.9285714285714285,0.039780464
6.0,0.21428571428571427,0.9285714285714285,0.05754701
6.0,0.2857142857142857,0.9285714285714285,0.07343554
6.0,0.3571428571428571,0.9285714285714285,0.091733254
6.0,0.42857142857142855,0.9285714285714285,0.11162509
6.0,0.5,0.9285714285714285,0.12305247
6.0,0.5714285714285714,0.9285714285714285,0.116118334
6.0,0.6428571428571428,0.9285714285714285,0.0964722
6.0,0.7142857142857142,0.9285714285714285,0.07577169
6.0,0.7857142857142857,0.9285714285714285,0.0564887
6.0,0.8571428571428571,0.9285714285714285,0.03440234
6.0,0.9285714285714285,0.9285714285714285,0.0055495016
6.0,1.0,0.9285714285714285,-0.031440124
6.0,0.0,1.0,-0.028575283
6.0,0.07142857142857142,1.0,-0.016030788
6.0,0.14285714285714285,1.0,-0.0147838555
6.0,0.21428571428571427,1.0,-0.020930458
6.0,0.2857142857142857,1.0,-0.028758235
6.0,0.3571428571428571,1.0,-0.03230626
6.0,0.42857142857142855,1.0,-0.028778672
6.0,0.5,1.0,-0.022057794
6.0,0.5714285714285714,1.0,-0.018513769
6.0,0.6428571428571428,1.0,-0.018160261
6.0,0.7142857142857142,1.0,-0.017176576
6.0,0.7857142857142857,1.0,-0.01576884
6.0,0.8571428571428571,1.0,-0.018158551
6.0,0.9285714285714285,1.0,-0.02845984
6.0,1.0,1.0,-0.048543133
7.0,0.0,0.0,-0.021534003
7.0,0.07142857142857142,0.0,-0.016403092
7.0,0.14285714285714285,0.0,-0.01646295
7.0,0.21428571428571427,0.0,-0.018946173
7.0,0.2857142857142857,0.0,-0.020557284
7.0,0.3571428571428571,0.0,-0.018671503
7.0,0.42857142857142855,0.0,-0.014479419
7.0,0.5,0.0,-0.015696779
7.0,0.5714285714285714,0.0,-0.025326952
7.0,0.6428571428571428,0.0,-0.032757536
7.0,0.7142857142857142,0.0,-0.031407606
7.0,0.7857142857142857,0.0,-0.026906125
7.0,0.8571428571428571,0.0,-0.027275711
7.0,0.9285714285714285,0.0,-0.03647966
7.0,1.0,0.0,-0.05503626
7.0,0.0,0.07142857142857142,-0.012605915
7.0,0.07142857142857142,0.07142857142857142,0.013242889
7.0,0.14285714285714285,0.07142857142857142,0.03419621
7.0,0.21428571428571427,0.07142857142857142,0.05244682
7.0,0.2857142857142857,0.07142857142857142,0.07140227
7.0,0.3571428571428571,0.07142857142857142,0.09435779
7.0,0.42857142857142855,0.07142857142857142,0.11832314
7.0,0.5,0.07142857142857142,0.12681183
7.0,0.5714285714285714,0.07142857142857142,0.11069465
7.0,0.6428571428571428,0.07142857142857142,0.08778424
7.0,0.7142857142857142,0.07142857142857142,0.07086728
7.0,0.7857142857142857,0.07142857142857142,0.054825418
7.0,0.8571428571428571,0.07142857142857142,0.032784835
7.0,0.9285714285714285,0.07142857142857142,0.0027694553
7.0,1.0,0.07142857142857142,-0.034785025
7.0,0.0,0.14285714285714285,-0.013302807
7.0,0.07142857142857142,0.14285714285714285,0.035475273
7.0,0.14285714285714285,0.14285714285714285,0.07989528
7.0,0.21428571428571427,0.14285714285714285,0.12092761
7.0,0.2857142857142857,0.14285714285714285,0.16156313
7.0,0.3571428571428571,0.14285714285714285,0.20629987
7.0,0.42857142857142855,0.14285714285714285,0.2516517
7.0,0.5,0.14285714285714285,0.2708023
7.0,0.5714285714285714,0.14285714285714285,0.2459839
7.0,0.6428571428571428,0.14285714285714285,0.20403722
7.0,0.7142857142857142,0.14285714285714285,0.16547114
7.0,0.7857142857142857,0.14285714285714285,0.12640268
7.0,0.8571428571428571,0.14285714285714285,0.081753165
7.0,0.9285714285714285,0.14285714285714285,0.03098116
7.0,1.0,0.14285714285714285,-0.025402427
7.0,0.0,0.21428571428571427,-0.020413803
7.0,0.07142857142857142,0.21428571428571427,0.052500777
7.0,0.14285714285714285,0.21428571428571427,0.12144827
7.0,0.21428571428571427,0.21428571428571427,0.18530878
7.0,0.2857142857142857,0.21428571428571427,0.24606037
7.0,0.3571428571428571,0.21428571428571427,0.31010064
7.0,0.42857142857142855,0.21428571428571427,0.37574625
7.0,0.5,0.21428571428571427,0.40586507
7.0,0.5714285714285714,0.21428571428571427,0.3717081
7.0,0.6428571428571428,0.21428571428571427,0.30978566
7.0,0.7142857142857142,0.21428571428571427,0.24938282
7.0,0.7857142857142857,0.21428571428571427,0.1881777
7.0,0.8571428571428571,0.21428571428571427,0.12237225
7.0,0.9285714285714285,0.21428571428571427,0.05176471
7.0,1.0,0.21428571428571427,-0.023264162
7.0,0.0,0.2857142857142857,-0.028359845
7.0,0.07142857142857142,0.2857142857142857,0.068862736
7.0,0.14285714285714285,0.2857142857142857,0.16235784
7.0,0.21428571428571427,0.2857142857142857,0.24796295
7.0,0.2857142857142857,0.2857142857142857,0.32622084
7.0,0.3571428571428571,0.2857142857142857,0.40624782
7.0,0.42857142857142855,0.2857142857142857,0.49057662
7.0,0.5,0.2857142857142857,0.5324127
7.0,0.5714285714285714,0.2857142857142857,0.48926783
7.0,0.6428571428571428,0.2857142857142857,0.40760127
7.0,0.7142857142857142,0.2857142857142857,0.32704255
7.0,0.7857142857142857,0.2857142857142857,0.24629581
7.0,0.8571428571428571,0.2857142857142857,0.16114822
7.0,0.9285714285714285,0.2857142857142857,0.07099669
7.0,1.0,0.2857142857142857,-0.023005396
7.0,0.0,0.3571428571428571,-0.031247798
7.0,0.07142857142857142,0.3571428571428571,0.08916309
7.0,0.14285714285714285,0.3571428571428571,0.20668688
7.0,0.21428571428571427,0.3571428571428571,0.31362224
7.0,0.2857142857142857,0.3571428571428571,0.40882125
7.0,0.3571428571428571,0.3571428571428571,0.5042428
7.0,0.42857142857142855,0.3571428571428571,0.60750186
7.0,0.5,0.3571428571428571,0.66241974
7.0,0.5714285714285714,0.3571428571428571,0.6101133
7.0,0.6428571428571428,0.3571428571428571,0.50811756
7.0,0.7142857142857142,0.3571428571428571,0.40841568
7.0,0.7857142857142857,0.3571428571428571,0.30938247
7.0,0.8571428571428571,0.3571428571428571,0.20477521
7.0,0.9285714285714285,0.3571428571428571,0.09399754
7.0,1.0,0.3571428571428571,-0.019476905
7.0,0.0,0.42857142857142855,-0.027783468
7.0,0.07142857142857142,0.42857142857142855,0.11136288
7.0,0.14285714285714285,0.42857142857142855,0.2499491
7.0,0.21428571428571427,0.42857142857142855,0.37781742
7.0,0.2857142857142857,0.42857142857142855,0.49233538
7.0,0.3571428571428571,0.42857142857142855,0.60663074
7.0,0.42857142857142855,0.42857142857142855,0.7306466
7.0,0.5,0.42857142857142855,0.79869586
7.0,0.5714285714285714,0.42857142857142855,0.7359085
7.0,0.6428571428571428,0.42857142857142855,0.61199033
7.0,0.7142857142857142,0.42857142857142855,0.49220312
7.0,0.7857142857142857,0.42857142857142855,0.3740694
7.0,0.8571428571428571,0.42857142857142855,0.24925995
7.0,0.9285714285714285,0.42857142857142855,0.11818103
7.0,1.0,0.42857142857142855,-0.012632623
7.0,0.0,0.5,-0.024049759
7.0,0.07142857142857142,0.5,0.12199991
7.0,0.14285714285714285,0.5,0.26893708
7.0,0.21428571428571427,0.5,0.40666756
7.0,0.2857142857142857,0.5,0.5326909
7.0,0.3571428571428571,0.5,0.6599369
7.0,0.42857142857142855,0.5,0.79671067
7.0,0.5,0.5,0.87137836
7.0,0.5714285714285714,0.5,0.80131185
7.0,0.6428571428571428,0.5,0.6638207
7.0,0.7142857142857142,0.5,0.5327497
7.0,0.7857142857142857,0.5,0.40459722
7.0,0.8571428571428571,0.5,0.2692739
7.0,0.9285714285714285,0.5,0.12819517
7.0,1.0,0.5,-0.009926081
7.0,0.0,0.5714285714285714,-0.025100894
7.0,0.07142857142857142,0.5714285714285714,0.11225513
7.0,0.14285714285714285,0.5714285714285714,0.24799293
7.0,0.21428571428571427,0.5714285714285714,0.37394136
7.0,0.2857142857142857,0.5714285714285714,0.48972607
7.0,0.3571428571428571,0.5714285714285714,0.607862
7.0,0.42857142857142855,0.5714285714285714,0.73308843
7.0,0.5,0.5714285714285714,0.79944766
7.0,0.5714285714285714,0.5714285714285714,0.73367465
7.0,0.6428571428571428,0.5714285714285714,0.60708034
7.0,0.7142857142857142,0.5714285714285714,0.4885164
7.0,0.7857142857142857,0.5714285714285714,0.37236488
7.0,0.8571428571428571,0.5714285714285714,0.24726358
7.0,0.9285714285714285,0.5714285714285714,0.11494561
7.0,1.0,0.5714285714285714,-0.015335143
7.0,0.0,0.6428571428571428,-0.027660884
7.0,0.07142857142857142,0.6428571428571428,0.091778204
7.0,0.14285714285714285,0.6428571428571428,0.20623371
7.0,0.21428571428571427,0.6428571428571428,0.31093308
7.0,0.2857142857142857,0.6428571428571428,0.4082434
7.0,0.3571428571428571,0.6428571428571428,0.5083427
7.0,0.42857142857142855,0.6428571428571428,0.61034477
7.0,0.5,0.6428571428571428,0.6614762
7.0,0.5714285714285714,0.6428571428571428,0.6078887
7.0,0.6428571428571428,0.6428571428571428,0.5041583
7.0,0.7142857142857142,0.6428571428571428,0.4062332
7.0,0.7857142857142857,0.6428571428571428,0.31011474
7.0,0.8571428571428571,0.6428571428571428,0.20532298
7.0,0.9285714285714285,0.6428571428571428,0.0925205
7.0,1.0,0.6428571428571428,-0.020937078
7.0,0.0,0.7142857142857142,-0.027464531
7.0,0.07142857142857142,0.7142857142857142,0.07128819
7.0,0.14285714285714285,0.7142857142857142,0.16311914
7.0,0.21428571428571427,0.7142857142857142,0.24685243
7.0,0.2857142857142857,0.7142857142857142,0.3267008
7.0,0.3571428571428571,0.7142857142857142,0.40964106
7.0,0.42857142857142855,0.7142857142857142,0.49046648
7.0,0.5,0.7142857142857142,0.5293447
7.0,0.5714285714285714,0.7142857142857142,0.4893554
7.0,0.6428571428571428,0.7142857142857142,0.40740806
7.0,0.7142857142857142,0.7142857142857142,0.32690158
7.0,0.7857142857142857,0.7142857142857142,0.24868491
7.0,0.8571428571428571,0.7142857142857142,0.16458371
7.0,0.9285714285714285,0.7142857142857142,0.07333824
7.0,1.0,0.7142857142857142,-0.020962268
7.0,0.0,0.7857142857142857,-0.024320662
7.0,0.07142857142857142,0.7857142857142857,0.0532125
7.0,0.14285714285714285,0.7857142857142857,0.122827224
7.0,0.21428571428571427,0.7857142857142857,0.18597546
7.0,0.2857142857142857,0.7857142857142857,0.24753934
7.0,0.3571428571428571,0.7857142857142857,0.31195134
7.0,0.42857142857142855,0.7857142857142857,0.37268022
7.0,0.5,0.7857142857142857,0.40118352
7.0,0.5714285714285714,0.7857142857142857,0.3731327
7.0,0.6428571428571428,0.7857142857142857,0.31164616
7.0,0.7142857142857142,0.7857142857142857,0.2486363
7.0,0.7857142857142857,0.7857142857142857,0.18835261
7.0,0.8571428571428571,0.7857142857142857,0.12474092
7.0,0.9285714285714285,0.7857142857142857,0.0549459
7.0,1.0,0.7857142857142857,-0.019789286
7.0,0.0,0.8571428571428571,-0.020713858
7.0,0.07142857142857142,0.8571428571428571,0.035537593
7.0,0.14285714285714285,0.8571428571428571,0.08295927
7.0,0.21428571428571427,0.8571428571428571,0.12438124
7.0,0.2857142857142857,0.8571428571428571,0.16465837
7.0,0.3571428571428571,0.8571428571428571,0.2071602
7.0,0.42857142857142855,0.8571428571428571,0.24705473
7.0,0.5,0.8571428571428571,0.26597133
7.0,0.5714285714285714,0.8571428571428571,0.24867138
7.0,0.6428571428571428,0.8571428571428571,0.20807824
7.0,0.7142857142857142,0.8571428571428571,0.1651702
7.0,0.7857142857142857,0.8571428571428571,0.12452722
7.0,0.8571428571428571,0.8571428571428571,0.081494145
7.0,0.9285714285714285,0.8571428571428571,0.03239428
7.0,1.0,0.8571428571428571,-0.02327533
7.0,0.0,0.9285714285714285,-0.020785956
7.0,0.07142857142857142,0.9285714285714285,0.013855886
7.0,0.14285714285714285,0.9285714285714285,0.038412165
7.0,0.21428571428571427,0.9285714285714285,0.05629772
7.0,0.2857142857142857,0.9285714285714285,0.07246262
7.0,0.3571428571428571,0.9285714285714285,0.09095834
7.0,0.42857142857142855,0.9285714285714285,0.1106435
7.0,0.5,0.9285714285714285,0.1217941
7.0,0.5714285714285714,0.9285714285714285,0.11512377
7.0,0.6428571428571428,0.9285714285714285,0.0958683
7.0,0.7142857142857142,0.9285714285714285,0.07516178
7.0,0.7857142857142857,0.9285714285714285,0.05561492
7.0,0.8571428571428571,0.9285714285714285,0.0331794
7.0,0.9285714285714285,0.9285714285714285,0.0038868748
7.0,1.0,0.9285714285714285,-0.03365658
7.0,0.0,1.0,-0.03012526
7.0,0.07142857142857142,1.0,-0.017836291
7.0,0.14285714285714285,1.0,-0.016825028
7.0,0.21428571428571427,1.0,-0.023041904
7.0,0.2857142857142857,1.0,-0.030747026
7.0,0.3571428571428571,1.0,-0.03418356
7.0,0.42857142857142855,1.0,-0.030794412
7.0,0.5,1.0,-0.02426628
7.0,0.5714285714285714,1.0,-0.020580865
7.0,0.6428571428571428,1.0,-0.01994104
7.0,0.7142857142857142,1.0,-0.018877499
7.0,0.7857142857142857,1.0,-0.017560728
7.0,0.8571428571428571,1.0,-0.020086698
7.0,0.9285714285714285,1.0,-0.030579038
7.0,1.0,1.0,-0.050959967
8.0,0.0,0.0,-0.023315974
8.0,0.07142857142857142,0.0,-0.01794375
8.0,0.14285714285714285,0.0,-0.017880734
8.0,0.21428571428571427,0.0,-0.020428563
8.0,0.2857142857142857,0.0,-0.022289343
8.0,0.3571428571428571,0.0,-0.020712648
8.0,0.42857142857142855,0.0,-0.01672346
8.0,0.5,0.0,-0.01795226
8.0,0.5714285714285714,0.0,-0.027402703
8.0,0.6428571428571428,0.0,-0.034626193
8.0,0.7142857142857142,0.0,-0.033108845
8.0,0.7857142857142857,0.0,-0.028461449
8.0,0.8571428571428571,0.0,-0.028770223
8.0,0.9285714285714285,0.0,-0.0380527
8.0,1.0,0.0,-0.056814313
8.0,0.0,0.07142857142857142,-0.01433546
8.0,0.07142857142857142,0.07142857142857142,0.011940677
8.0,0.14285714285714285,0.07142857142857142,0.033270918
8.0,0.21428571428571427,0.07142857142857142,0.051750615
8.0,0.2857142857142857,0.07142857142857142,0.070728466
8.0,0.3571428571428571,0.07142857142857142,0.09356353
8.0,0.42857142857142855,0.07142857142857142,0.11734889
8.0,0.5,0.07142857142857142,0.12570116
8.0,0.5714285714285714,0.07142857142857142,0.10968559
8.0,0.6428571428571428,0.07142857142857142,0.086867414
8.0,0.7142857142857142,0.07142857142857142,0.06993228
8.0,0.7857142857142857,0.07142857142857142,0.05383394
8.0,0.8571428571428571,0.07142857142857142,0.031623483
8.0,0.9285714285714285,0.07142857142857142,0.0012847856
8.0,1.0,0.07142857142857142,-0.03669565
8.0,0.0,0.14285714285714285,-0.014941092
8.0,0.07142857142857142,0.14285714285714285,0.034394905
8.0,0.14285714285714285,0.14285714285714285,0.07935555
8.0,0.21428571428571427,0.14285714285714285,0.12079974
8.0,0.2857142857142857,0.14285714285714285,0.161598
8.0,0.3571428571428571,0.14285714285714285,0.20621982
8.0,0.42857142857142855,0.14285714285714285,0.2511638
8.0,0.5,0.14285714285714285,0.26990932
8.0,0.5714285714285714,0.14285714285714285,0.24529836
8.0,0.6428571428571428,0.14285714285714285,0.20359012
8.0,0.7142857142857142,0.14285714285714285,0.1650253
8.0,0.7857142857142857,0.14285714285714285,0.12582853
8.0,0.8571428571428571,0.14285714285714285,0.0808451
8.0,0.9285714285714285,0.14285714285714285,0.029548429
8.0,1.0,0.14285714285714285,-0.027447984
8.0,0.0,0.21428571428571427,-0.021936193
8.0,0.07142857142857142,0.21428571428571427,0.05164036
8.0,0.14285714285714285,0.21428571428571427,0.12119899
8.0,0.21428571428571427,0.21428571428571427,0.18551692
8.0,0.2857142857142857,0.21428571428571427,0.24644697
8.0,0.3571428571428571,0.21428571428571427,0.31028238
8.0,0.42857142857142855,0.21428571428571427,0.37514538
8.0,0.5,0.21428571428571427,0.40453982
8.0,0.5714285714285714,0.21428571428571427,0.37094757
8.0,0.6428571428571428,0.21428571428571427,0.30965495
8.0,0.7142857142857142,0.21428571428571427,0.24939907
8.0,0.7857142857142857,0.21428571428571427,0.18804452
8.0,0.8571428571428571,0.21428571428571427,0.12176936
8.0,0.9285714285714285,0.21428571428571427,0.050469182
8.0,1.0,0.21428571428571427,-0.025325455
8.0,0.0,0.2857142857142857,-0.029853376
8.0,0.07142857142857142,0.2857142857142857,0.068157084
8.0,0.14285714285714285,0.2857142857142857,0.16227657
8.0,0.21428571428571427,0.2857142857142857,0.24827078
8.0,0.2857142857142857,0.2857142857142857,0.32665393
8.0,0.3571428571428571,0.2857142857142857,0.40644553
8.0,0.42857142857142855,0.2857142857142857,0.48966366
8.0,0.5,0.2857142857142857,0.53048694
8.0,0.5714285714285714,0.2857142857142857,0.48845416
8.0,0.6428571428571428,0.2857142857142857,0.40790036
8.0,0.7142857142857142,0.2857142857142857,0.32759044
8.0,0.7857142857142857,0.2857142857142857,0.24662623
8.0,0.8571428571428571,0.2857142857142857,0.16089538
8.0,0.9285714285714285,0.2857142857142857,0.06994736
8.0,1.0,0.2857142857142857,-0.024922103
8.0,0.0,0.3571428571428571,-0.032983877
8.0,0.07142857142857142,0.3571428571428571,0.088364296
8.0,0.14285714285714285,0.3571428571428571,0.2065033
8.0,0.21428571428571427,0.3571428571428571,0.31367674
8.0,0.2857142857142857,0.3571428571428571,0.408887
8.0,0.3571428571428571,0.3571428571428571,0.5040932
8.0,0.42857142857142855,0.3571428571428571,0.60596687
8.0,0.5,0.3571428571428571,0.65953845
8.0,0.5714285714285714,0.3571428571428571,0.6089136
8.0,0.6428571428571428,0.3571428571428571,0.5084639
8.0,0.7142857142857142,0.3571428571428571,0.40901247
8.0,0.7857142857142857,0.3571428571428571,0.30972806
8.0,0.8571428571428571,0.3571428571428571,0.20459801
8.0,0.9285714285714285,0.3571428571428571,0.09310741
8.0,1.0,0.3571428571428571,-0.02121871
8.0,0.0,0.42857142857142855,-0.030043866
8.0,0.07142857142857142,0.42857142857142855,0.11012634
8.0,0.14285714285714285,0.42857142857142855,0.24926668
8.0,0.21428571428571427,0.42857142857142855,0.3771252
8.0,0.2857142857142857,0.42857142857142855,0.49134105
8.0,0.3571428571428571,0.42857142857142855,0.60516375
8.0,0.42857142857142855,0.42857142857142855,0.72731364
8.0,0.5,0.42857142857142855,0.7935138
8.0,0.5714285714285714,0.42857142857142855,0.7328263
8.0,0.6428571428571428,0.42857142857142855,0.6108626
8.0,0.7142857142857142,0.42857142857142855,0.49149054
8.0,0.7857142857142857,0.42857142857142855,0.37344164
8.0,0.8571428571428571,0.42857142857142855,0.24858186
8.0,0.9285714285714285,0.42857142857142855,0.117168434
8.0,1.0,0.42857142857142855,-0.01433298
8.0,0.0,0.5,-0.026706666
8.0,0.07142857142857142,0.5,0.12038692
8.0,0.14285714285714285,0.5,0.26783288
8.0,0.21428571428571427,0.5,0.40539783
8.0,0.2857142857142857,0.5,0.530861
8.0,0.3571428571428571,0.5,0.65731597
8.0,0.42857142857142855,0.5,0.79186505
8.0,0.5,0.5,0.8643543
8.0,0.5714285714285714,0.5,0.7964762
8.0,0.6428571428571428,0.5,0.66118014
8.0,0.7142857142857142,0.5,0.5307974
8.0,0.7857142857142857,0.5,0.40319172
8.0,0.8571428571428571,0.5,0.26829985
8.0,0.9285714285714285,0.5,0.1271739
8.0,1.0,0.5,-0.011574663
8.0,0.0,0.5714285714285714,-0.027651861
8.0,0.07142857142857142,0.5714285714285714,0.11078592
8.0,0.14285714285714285,0.5714285714285714,0.24715573
8.0,0.21428571428571427,0.5714285714285714,0.37321073
8.0,0.2857142857142857,0.5714285714285714,0.48882318
8.0,0.3571428571428571,0.5714285714285714,0.60654205
8.0,0.42857142857142855,0.5714285714285714,0.7300111
8.0,0.5,0.5714285714285714,0.7944832
8.0,0.5714285714285714,0.5714285714285714,0.7304669
8.0,0.6428571428571428,0.5714285714285714,0.6056354
8.0,0.7142857142857142,0.5714285714285714,0.4874973
8.0,0.7857142857142857,0.5714285714285714,0.37171987
8.0,0.8571428571428571,0.5714285714285714,0.24687448
8.0,0.9285714285714285,0.5714285714285714,0.114292
8.0,1.0,0.5714285714285714,-0.016824812
8.0,0.0,0.6428571428571428,-0.029772103
8.0,0.07142857142857142,0.6428571428571428,0.090719916
8.0,0.14285714285714285,0.6428571428571428,0.20590961
8.0,0.21428571428571427,0.6428571428571428,0.31101274
8.0,0.2857142857142857,0.6428571428571428,0.4085247
8.0,0.3571428571428571,0.6428571428571428,0.5084635
8.0,0.42857142857142855,0.6428571428571428,0.60911137
8.0,0.5,0.6428571428571428,0.65873724
8.0,0.5714285714285714,0.6428571428571428,0.6063834
8.0,0.6428571428571428,0.6428571428571428,0.50401646
8.0,0.7142857142857142,0.6428571428571428,0.40634006
8.0,0.7857142857142857,0.6428571428571428,0.31030092
8.0,0.8571428571428571,0.6428571428571428,0.20539138
8.0,0.9285714285714285,0.6428571428571428,0.09201372
8.0,1.0,0.6428571428571428,-0.022448517
8.0,0.0,0.7142857142857142,-0.029151253
8.0,0.07142857142857142,0.7142857142857142,0.07048015
8.0,0.14285714285714285,0.7142857142857142,0.1629687
8.0,0.21428571428571427,0.7142857142857142,0.24715567
8.0,0.2857142857142857,0.7142857142857142,0.32728153
8.0,0.3571428571428571,0.7142857142857142,0.41007805
8.0,0.42857142857142855,0.7142857142857142,0.4897573
8.0,0.5,0.7142857142857142,0.52745205
8.0,0.5714285714285714,0.7142857142857142,0.48836756
8.0,0.6428571428571428,0.7142857142857142,0.40761778
8.0,0.7142857142857142,0.7142857142857142,0.32737097
8.0,0.7857142857142857,0.7142857142857142,0.24905601
8.0,0.8571428571428571,0.7142857142857142,0.16459492
8.0,0.9285714285714285,0.7142857142857142,0.07263262
8.0,1.0,0.7142857142857142,-0.022675052
8.0,0.0,0.7857142857142857,-0.02575174
8.0,0.07142857142857142,0.7857142857142857,0.052382216
8.0,0.14285714285714285,0.7857142857142857,0.12245377
8.0,0.21428571428571427,0.7857142857142857,0.18596756
8.0,0.2857142857142857,0.7857142857142857,0.24782231
8.0,0.3571428571428571,0.7857142857142857,0.31219608
8.0,0.42857142857142855,0.7857142857142857,0.372116
8.0,0.5,0.7857142857142857,0.39981437
8.0,0.5714285714285714,0.7857142857142857,0.37242472
8.0,0.6428571428571428,0.7857142857142857,0.31187978
8.0,0.7142857142857142,0.7857142857142857,0.24903914
8.0,0.7857142857142857,0.7857142857142857,0.18851924
8.0,0.8571428571428571,0.7857142857142857,0.124449514
8.0,0.9285714285714285,0.7857142857142857,0.053954236
8.0,1.0,0.7857142857142857,-0.021677159
8.0,0.0,0.8571428571428571,-0.022034947
8.0,0.07142857142857142,0.8571428571428571,0.034504663
8.0,0.14285714285714285,0.8571428571428571,0.08214001
8.0,0.21428571428571427,0.8571428571428571,0.12380818
8.0,0.2857142857142857,0.8571428571428571,0.16441005
8.0,0.3571428571428571,0.8571428571428571,0.20706311
8.0,0.42857142857142855,0.8571428571428571,0.24653786
8.0,0.5,0.8571428571428571,0.26497754
8.0,0.5714285714285714,0.8571428571428571,0.24809045
8.0,0.6428571428571428,0.8571428571428571,0.20810157
8.0,0.7142857142857142,0.8571428571428571,0.16522294
8.0,0.7857142857142857,0.8571428571428571,0.124270074
8.0,0.8571428571428571,0.8571428571428571,0.08079379
8.0,0.9285714285714285,0.8571428571428571,0.031111166
8.0,1.0,0.8571428571428571,-0.0252784
8.0,0.0,0.9285714285714285,-0.022097563
8.0,0.07142857142857142,0.9285714285714285,0.012525488
8.0,0.14285714285714285,0.9285714285714285,0.03705201
8.0,0.21428571428571427,0.9285714285714285,0.05504971
8.0,0.2857142857142857,0.9285714285714285,0.07151926
8.0,0.3571428571428571,0.9285714285714285,0.09026178
8.0,0.42857142857142855,0.9285714285714285,0.10978773
8.0,0.5,0.9285714285714285,0.12066486
8.0,0.5714285714285714,0.9285714285714285,0.11420577
8.0,0.6428571428571428,0.9285714285714285,0.09529612
8.0,0.7142857142857142,0.9285714285714285,0.0745636
8.0,0.7857142857142857,0.9285714285714285,0.054743297
8.0,0.8571428571428571,0.9285714285714285,0.031970654
8.0,0.9285714285714285,0.9285714285714285,0.002272956
8.0,1.0,0.9285714285714285,-0.035780057
8.0,0.0,1.0,-0.03154948
8.0,0.07142857142857142,1.0,-0.019561414
8.0,0.14285714285714285,1.0,-0.018801698
8.0,0.21428571428571427,1.0,-0.025066111
8.0,0.2857142857142857,1.0,-0.032592848
8.0,0.3571428571428571,1.0,-0.03584712
8.0,0.42857142857142855,1.0,-0.032534912
8.0,0.5,1.0,-0.026184842
8.0,0.5714285714285714,1.0,-0.022405043
8.0,0.6428571428571428,1.0,-0.021538906
8.0,0.7142857142857142,1.0,-0.020444356
8.0,0.7857142857142857,1.0,-0.019258715
8.0,0.8571428571428571,1.0,-0.021943022
8.0,0.9285714285714285,1.0,-0.032621786
8.0,1.0,1.0,-0.05327597
9.0,0.0,0.0,-0.025001954
9.0,0.07142857142857142,0.0,-0.019386737
9.0,0.14285714285714285,0.0,-0.019191006
9.0,0.21428571428571427,0.0,-0.021786887
9.0,0.2857142857142857,0.0,-0.023875523
9.0,0.3571428571428571,0.0,-0.022581551
9.0,0.42857142857142855,0.0,-0.018767433
9.0,0.5,0.0,-0.019981965
9.0,0.5714285714285714,0.0,-0.029236492
9.0,0.6428571428571428,0.0,-0.036266126
9.0,0.7142857142857142,0.0,-0.034614895
9.0,0.7857142857142857,0.0,-0.029843781
9.0,0.8571428571428571,0.0,-0.030092947
9.0,0.9285714285714285,0.0,-0.039444618
9.0,1.0,0.0,-0.05839859
9.0,0.0,0.07142857142857142,-0.015976885
9.0,0.07142857142857142,0.07142857142857142,0.010711823
9.0,0.14285714285714285,0.07142857142857142,0.03241244
9.0,0.21428571428571427,0.07142857142857142,0.051122136
9.0,0.2857142857142857,0.07142857142857142,0.070127904
9.0,0.3571428571428571,0.07142857142857142,0.092842415
9.0,0.42857142857142855,0.07142857142857142,0.11643561
9.0,0.5,0.07142857142857142,0.12464755
9.0,0.5714285714285714,0.07142857142857142,0.10875282
9.0,0.6428571428571428,0.07142857142857142,0.0860245
9.0,0.7142857142857142,0.07142857142857142,0.06905347
9.0,0.7857142857142857,0.07142857142857142,0.052901603
9.0,0.8571428571428571,0.07142857142857142,0.030546337
9.0,0.9285714285714285,0.07142857142857142,-8.264929e-05
9.0,1.0,0.07142857142857142,-0.038457878
9.0,0.0,0.14285714285714285,-0.01649056
9.0,0.07142857142857142,0.14285714285714285,0.03336949
9.0,0.14285714285714285,0.14285714285714285,0.078842655
9.0,0.21428571428571427,0.14285714285714285,0.12067888
9.0,0.2857142857142857,0.14285714285714285,0.16163206
9.0,0.3571428571428571,0.14285714285714285,0.20612758
9.0,0.42857142857142855,0.14285714285714285,0.2506232
9.0,0.5,0.14285714285714285,0.26894194
9.0,0.5714285714285714,0.14285714285714285,0.24456403
9.0,0.6428571428571428,0.14285714285714285,0.20310274
9.0,0.7142857142857142,0.14285714285714285,0.16453215
9.0,0.7857142857142857,0.14285714285714285,0.1252299
9.0,0.8571428571428571,0.14285714285714285,0.07995789
9.0,0.9285714285714285,0.14285714285714285,0.02818752
9.0,1.0,0.14285714285714285,-0.029372126
9.0,0.0,0.21428571428571427,-0.023351865
9.0,0.07142857142857142,0.21428571428571427,0.050829843
9.0,0.14285714285714285,0.21428571428571427,0.1209451
9.0,0.21428571428571427,0.21428571428571427,0.18568134
9.0,0.2857142857142857,0.21428571428571427,0.24678138
9.0,0.3571428571428571,0.21428571428571427,0.31041926
9.0,0.42857142857142855,0.21428571428571427,0.37447053
9.0,0.5,0.21428571428571427,0.40312266
9.0,0.5714285714285714,0.21428571428571427,0.37011337
9.0,0.6428571428571428,0.21428571428571427,0.30944568
9.0,0.7142857142857142,0.21428571428571427,0.24932328
9.0,0.7857142857142857,0.21428571428571427,0.18784386
9.0,0.8571428571428571,0.21428571428571427,0.12115156
9.0,0.9285714285714285,0.21428571428571427,0.049221933
9.0,1.0,0.21428571428571427,-0.027272828
9.0,0.0,0.2857142857142857,-0.031207865
9.0,0.07142857142857142,0.2857142857142857,0.06750969
9.0,0.14285714285714285,0.2857142857142857,0.16217196
9.0,0.21428571428571427,0.2857142857142857,0.24850011
9.0,0.2857142857142857,0.2857142857142857,0.32701433
9.0,0.3571428571428571,0.2857142857142857,0.4066201
9.0,0.42857142857142855,0.2857142857142857,0.4887373
9.0,0.5,0.2857142857142857,0.52854127
9.0,0.5714285714285714,0.2857142857142857,0.4876077
9.0,0.6428571428571428,0.2857142857142857,0.40813404
9.0,0.7142857142857142,0.2857142857142857,0.32803816
9.0,0.7857142857142857,0.2857142857142857,0.24686792
9.0,0.8571428571428571,0.2857142857142857,0.16060746
9.0,0.9285714285714285,0.2857142857142857,0.06893864
9.0,1.0,0.2857142857142857,-0.026714824
9.0,0.0,0.3571428571428571,-0.03454295
9.0,0.07142857142857142,0.3571428571428571,0.08763924
9.0,0.14285714285714285,0.3571428571428571,0.20628625
9.0,0.21428571428571427,0.3571428571428571,0.31363183
9.0,0.2857142857142857,0.3571428571428571,0.40887916
9.0,0.3571428571428571,0.3571428571428571,0.5039595
9.0,0.42857142857142855,0.3571428571428571,0.604487
9.0,0.5,0.3571428571428571,0.6567095
9.0,0.5714285714285714,0.3571428571428571,0.60771227
9.0,0.6428571428571428,0.3571428571428571,0.50875854
9.0,0.7142857142857142,0.3571428571428571,0.40950632
9.0,0.7857142857142857,0.3571428571428571,0.30997145
9.0,0.8571428571428571,0.3571428571428571,0.20437533
9.0,0.9285714285714285,0.3571428571428571,0.09226227
9.0,1.0,0.3571428571428571,-0.022814281
9.0,0.0,0.42857142857142855,-0.032101095
9.0,0.07142857142857142,0.42857142857142855,0.10897483
9.0,0.14285714285714285,0.42857142857142855,0.24854472
9.0,0.21428571428571427,0.42857142857142855,0.3763191
9.0,0.2857142857142857,0.42857142857142855,0.49027318
9.0,0.3571428571428571,0.42857142857142855,0.60373193
9.0,0.42857142857142855,0.42857142857142855,0.72406733
9.0,0.5,0.42857142857142855,0.7884256
9.0,0.5714285714285714,0.42857142857142855,0.7297647
9.0,0.6428571428571428,0.42857142857142855,0.60971296
9.0,0.7142857142857142,0.42857142857142855,0.49070126
9.0,0.7857142857142857,0.42857142857142855,0.37272444
9.0,0.8571428571428571,0.42857142857142855,0.24787092
9.0,0.9285714285714285,0.42857142857142855,0.11622427
9.0,1.0,0.42857142857142855,-0.015853792
9.0,0.0,0.5,-0.029154204
9.0,0.07142857142857142,0.5,0.11886107
9.0,0.14285714285714285,0.5,0.26668757
9.0,0.21428571428571427,0.5,0.40401512
9.0,0.2857142857142857,0.5,0.52896655
9.0,0.3571428571428571,0.5,0.6547496
9.0,0.42857142857142855,0.5,0.787138
9.0,0.5,0.5,0.8574666
9.0,0.5714285714285714,0.5,0.7917041
9.0,0.6428571428571428,0.5,0.6585724
9.0,0.7142857142857142,0.5,0.52881384
9.0,0.7857142857142857,0.5,0.40172303
9.0,0.8571428571428571,0.5,0.26731327
9.0,0.9285714285714285,0.5,0.12624687
9.0,1.0,0.5,-0.013012953
9.0,0.0,0.5714285714285714,-0.030000582
9.0,0.07142857142857142,0.5714285714285714,0.10939801
9.0,0.14285714285714285,0.5714285714285714,0.2462821
9.0,0.21428571428571427,0.5714285714285714,0.37238312
9.0,0.2857142857142857,0.5714285714285714,0.4878665
9.0,0.3571428571428571,0.5714285714285714,0.6052674
9.0,0.42857142857142855,0.5714285714285714,0.7270472
9.0,0.5,0.5714285714285714,0.7896585
9.0,0.5714285714285714,0.5714285714285714,0.7273347
9.0,0.6428571428571428,0.5714285714285714,0.6042343
9.0,0.7142857142857142,0.5714285714285714,0.48645043
9.0,0.7857142857142857,0.5714285714285714,0.37100846
9.0,0.8571428571428571,0.5714285714285714,0.24647182
9.0,0.9285714285714285,0.5714285714285714,0.11373573
9.0,1.0,0.5714285714285714,-0.018101148
9.0,0.0,0.6428571428571428,-0.031699724
9.0,0.07142857142857142,0.6428571428571428,0.08972898
9.0,0.14285714285714285,0.6428571428571428,0.20554712
9.0,0.21428571428571427,0.6428571428571428,0.31099957
9.0,0.2857142857142857,0.6428571428571428,0.40873516
9.0,0.3571428571428571,0.6428571428571428,0.50858665
9.0,0.42857142857142855,0.6428571428571428,0.60795605
9.0,0.5,0.6428571428571428,0.6561137
9.0,0.5714285714285714,0.6428571428571428,0.6049297
9.0,0.6428571428571428,0.6428571428571428,0.50388414
9.0,0.7142857142857142,0.6428571428571428,0.4063969
9.0,0.7857142857142857,0.6428571428571428,0.3104108
9.0,0.8571428571428571,0.6428571428571428,0.20544043
9.0,0.9285714285714285,0.6428571428571428,0.091591634
9.0,1.0,0.6428571428571428,-0.023768038
9.0,0.0,0.7142857142857142,-0.030677348
9.0,0.07142857142857142,0.7142857142857142,0.069723375
9.0,0.14285714285714285,0.7142857142857142,0.16277575
9.0,0.21428571428571427,0.7142857142857142,0.24736288
9.0,0.2857142857142857,0.7142857142857142,0.3277694
9.0,0.3571428571428571,0.7142857142857142,0.4104652
9.0,0.42857142857142855,0.7142857142857142,0.48906457
9.0,0.5,0.7142857142857142,0.5256052
9.0,0.5714285714285714,0.7142857142857142,0.4873608
9.0,0.6428571428571428,0.7142857142857142,0.4077702
9.0,0.7142857142857142,0.7142857142857142,0.32775545
9.0,0.7857142857142857,0.7142857142857142,0.24934241
9.0,0.8571428571428571,0.7142857142857142,0.16457903
9.0,0.9285714285714285,0.7142857142857142,0.0719906
9.0,1.0,0.7142857142857142,-0.024229534
9.0,0.0,0.7857142857142857,-0.027039498
9.0,0.07142857142857142,0.7857142857142857,0.051597558
9.0,0.14285714285714285,0.7857142857142857,0.12204387
9.0,0.21428571428571427,0.7857142857142857,0.18587428
9.0,0.2857142857142857,0.7857142857142857,0.24801111
9.0,0.3571428571428571,0.7857142857142857,0.31237063
9.0,0.42857142857142855,0.7857142857142857,0.3715267
9.0,0.5,0.7857142857142857,0.3984342
9.0,0.5714285714285714,0.7857142857142857,0.3716484
9.0,0.6428571428571428,0.7857142857142857,0.31201774
9.0,0.7142857142857142,0.7857142857142857,0.24934539
9.0,0.7857142857142857,0.7857142857142857,0.18860418
9.0,0.8571428571428571,0.7857142857142857,0.124128796
9.0,0.9285714285714285,0.7857142857142857,0.053010672
9.0,1.0,0.7857142857142857,-0.02343494
9.0,0.0,0.8571428571428571,-0.023221385
9.0,0.07142857142857142,0.8571428571428571,0.033522885
9.0,0.14285714285714285,0.8571428571428571,0.0813049
9.0,0.21428571428571427,0.8571428571428571,0.12318436
9.0,0.2857142857142857,0.8571428571428571,0.16410992
9.0,0.3571428571428571,0.8571428571428571,0.20693675
9.0,0.42857142857142855,0.8571428571428571,0.24602753
9.0,0.5,0.8571428571428571,0.2639949
9.0,0.5714285714285714,0.8571428571428571,0.24746901
9.0,0.6428571428571428,0.8571428571428571,0.20805526
9.0,0.7142857142857142,0.8571428571428571,0.16520715
9.0,0.7857142857142857,0.8571428571428571,0.12395645
9.0,0.8571428571428571,0.8571428571428571,0.08007646
9.0,0.9285714285714285,0.8571428571428571,0.029874142
9.0,1.0,0.8571428571428571,-0.027166039
9.0,0.0,0.9285714285714285,-0.023273297
9.0,0.07142857142857142,0.9285714285714285,0.011263365
9.0,0.14285714285714285,0.9285714285714285,0.03571574
9.0,0.21428571428571427,0.9285714285714285,0.05381459
9.0,0.2857142857142857,0.9285714285714285,0.07061177
9.0,0.3571428571428571,0.9285714285714285,0.08964332
9.0,0.42857142857142855,0.9285714285714285,0.10905188
9.0,0.5,0.9285714285714285,0.11965983
9.0,0.5714285714285714,0.9285714285714285,0.11336192
9.0,0.6428571428571428,0.9285714285714285,0.09475554
9.0,0.7142857142857142,0.9285714285714285,0.07397806
9.0,0.7857142857142857,0.9285714285714285,0.053876907
9.0,0.8571428571428571,0.9285714285714285,0.030781917
9.0,0.9285714285714285,0.9285714285714285,0.0007189065
9.0,1.0,0.9285714285714285,-0.03779045
9.0,0.0,1.0,-0.03282873
9.0,0.07142857142857142,1.0,-0.02118665
9.0,0.14285714285714285,1.0,-0.020695116
9.0,0.21428571428571427,1.0,-0.026986662
9.0,0.2857142857142857,1.0,-0.034282
9.0,0.3571428571428571,1.0,-0.037288323
9.0,0.42857142857142855,1.0,-0.033996783
9.0,0.5,1.0,-0.027811334
9.0,0.5714285714285714,1.0,-0.023980975
9.0,0.6428571428571428,1.0,-0.02294758
9.0,0.7142857142857142,1.0,-0.021868296
9.0,0.7857142857142857,1.0,-0.020851605
9.0,0.8571428571428571,1.0,-0.023713604
9.0,0.9285714285714285,1.0,-0.034571506
9.0,1.0,1.0,-0.055470474
10.0,0.0,0.0,-0.026579868
10.0,0.07142857142857142,0.0,-0.020723095
10.0,0.14285714285714285,0.0,-0.020387892
10.0,0.21428571428571427,0.0,-0.023016676
10.0,0.2857142857142857,0.0,-0.025312
10.0,0.3571428571428571,0.0,-0.024272611
10.0,0.42857142857142855,0.0,-0.020604048
10.0,0.5,0.0,-0.02177911
10.0,0.5714285714285714,0.0,-0.030822247
10.0,0.6428571428571428,0.0,-0.03767342
10.0,0.7142857142857142,0.0,-0.03592298
10.0,0.7857142857142857,0.0,-0.031049453
10.0,0.8571428571428571,0.0,-0.03123653
10.0,0.9285714285714285,0.0,-0.04064299
10.0,1.0,0.0,-0.059771366
10.0,0.0,0.07142857142857142,-0.01751984
10.0,0.07142857142857142,0.07142857142857142,0.0095649995
10.0,0.14285714285714285,0.07142857142857142,0.03162466
10.0,0.21428571428571427,0.07142857142857142,0.05056159
10.0,0.2857142857142857,0.07142857142857142,0.06959952
10.0,0.3571428571428571,0.07142857142857142,0.092195295
10.0,0.42857142857142855,0.07142857142857142,0.11558431
10.0,0.5,0.07142857142857142,0.12365373
10.0,0.5714285714285714,0.07142857142857142,0.107899494
10.0,0.6428571428571428,0.07142857142857142,0.085258044
10.0,0.7142857142857142,0.07142857142857142,0.06823244
10.0,0.7857142857142857,0.07142857142857142,0.052031167
10.0,0.8571428571428571,0.07142857142857142,0.029561333
10.0,0.9285714285714285,0.07142857142857142,-0.0013196841
10.0,1.0,0.07142857142857142,-0.04005263
10.0,0.0,0.14285714285714285,-0.017939398
10.0,0.07142857142857142,0.14285714285714285,0.032407198
10.0,0.14285714285714285,0.14285714285714285,0.078358665
10.0,0.21428571428571427,0.14285714285714285,0.12056411
10.0,0.2857142857142857,0.14285714285714285,0.16166246
10.0,0.3571428571428571,0.14285714285714285,0.20602307
10.0,0.42857142857142855,0.14285714285714285,0.2500348
10.0,0.5,0.14285714285714285,0.26790956
10.0,0.5714285714285714,0.14285714285714285,0.24378967
10.0,0.6428571428571428,0.14285714285714285,0.20257977
10.0,0.7142857142857142,0.14285714285714285,0.16399613
10.0,0.7857142857142857,0.14285714285714285,0.12461197
10.0,0.8571428571428571,0.14285714285714285,0.079101995
10.0,0.9285714285714285,0.14285714285714285,0.026913472
10.0,1.0,0.14285714285714285,-0.031154834
10.0,0.0,0.21428571428571427,-0.024650838
10.0,0.07142857142857142,0.21428571428571427,0.05007483
10.0,0.14285714285714285,0.21428571428571427,0.12068794
10.0,0.21428571428571427,0.21428571428571427,0.18580079
10.0,0.2857142857142857,0.21428571428571427,0.24706244
10.0,0.3571428571428571,0.21428571428571427,0.31051463
10.0,0.42857142857142855,0.21428571428571427,0.3737345
10.0,0.5,0.21428571428571427,0.40163302
10.0,0.5714285714285714,0.21428571428571427,0.36922026
10.0,0.6428571428571428,0.21428571428571427,0.30916888
10.0,0.7142857142857142,0.21428571428571427,0.24916247
10.0,0.7857142857142857,0.21428571428571427,0.18758175
10.0,0.8571428571428571,0.21428571428571427,0.12052827
10.0,0.9285714285714285,0.21428571428571427,0.048037827
10.0,1.0,0.21428571428571427,-0.029085465
10.0,0.0,0.2857142857142857,-0.032412868
10.0,0.07142857142857142,0.2857142857142857,0.06692486
10.0,0.14285714285714285,0.2857142857142857,0.16204491
10.0,0.21428571428571427,0.2857142857142857,0.24865127
10.0,0.2857142857142857,0.2857142857142857,0.3273053
10.0,0.3571428571428571,0.2857142857142857,0.40677962
10.0,0.42857142857142855,0.2857142857142857,0.48781163
10.0,0.5,0.2857142857142857,0.5265972
10.0,0.5714285714285714,0.2857142857142857,0.48674172
10.0,0.6428571428571428,0.2857142857142857,0.40831256
10.0,0.7142857142857142,0.2857142857142857,0.3283919
10.0,0.7857142857142857,0.2857142857142857,0.24702585
10.0,0.8571428571428571,0.2857142857142857,0.16029218
10.0,0.9285714285714285,0.2857142857142857,0.06798341
10.0,1.0,0.2857142857142857,-0.028365374
10.0,0.0,0.3571428571428571,-0.03591366
10.0,0.07142857142857142,0.3571428571428571,0.08699257
10.0,0.14285714285714285,0.3571428571428571,0.20603648
10.0,0.21428571428571427,0.3571428571428571,0.31349096
10.0,0.2857142857142857,0.3571428571428571,0.40880913
10.0,0.3571428571428571,0.3571428571428571,0.5038525
10.0,0.42857142857142855,0.3571428571428571,0.60307354
10.0,0.5,0.3571428571428571,0.6539522
10.0,0.5714285714285714,0.3571428571428571,0.6065206
10.0,0.6428571428571428,0.3571428571428571,0.50900894
10.0,0.7142857142857142,0.3571428571428571,0.4099039
10.0,0.7857142857142857,0.3571428571428571,0.31011522
10.0,0.8571428571428571,0.3571428571428571,0.20411208
10.0,0.9285714285714285,0.3571428571428571,0.09147194
10.0,1.0,0.3571428571428571,-0.024249032
10.0,0.0,0.42857142857142855,-0.03394092
10.0,0.07142857142857142,0.42857142857142855,0.10791681
10.0,0.14285714285714285,0.42857142857142855,0.24778777
10.0,0.21428571428571427,0.42857142857142855,0.37541038
10.0,0.2857142857142857,0.42857142857142855,0.48915148
10.0,0.3571428571428571,0.42857142857142855,0.6023513
10.0,0.42857142857142855,0.42857142857142855,0.7209215
10.0,0.5,0.42857142857142855,0.7834523
10.0,0.5714285714285714,0.42857142857142855,0.726737
10.0,0.6428571428571428,0.42857142857142855,0.6085513
10.0,0.7142857142857142,0.42857142857142855,0.48984486
10.0,0.7857142857142857,0.42857142857142855,0.3719238
10.0,0.8571428571428571,0.42857142857142855,0.24713159
10.0,0.9285714285714285,0.42857142857142855,0.1153551
10.0,1.0,0.42857142857142855,-0.01718203
10.0,0.0,0.5,-0.03137341
10.0,0.07142857142857142,0.5,0.11743345
10.0,0.14285714285714285,0.5,0.26551074
10.0,0.21428571428571427,0.5,0.4025359
10.0,0.2857142857142857,0.5,0.5270324
10.0,0.3571428571428571,0.5,0.65225613
10.0,0.42857142857142855,0.5,0.7825444
10.0,0.5,0.5,0.85073805
10.0,0.5714285714285714,0.5,0.7870147
10.0,0.6428571428571428,0.5,0.6560116
10.0,0.7142857142857142,0.5,0.52681434
10.0,0.7857142857142857,0.5,0.4001994
10.0,0.8571428571428571,0.5,0.2663176
10.0,0.9285714285714285,0.5,0.12541759
10.0,1.0,0.5,-0.014231093
10.0,0.0,0.5714285714285714,-0.03212847
10.0,0.07142857142857142,0.5714285714285714,0.108103596
10.0,0.14285714285714285,0.5714285714285714,0.24538213
10.0,0.21428571428571427,0.5714285714285714,0.37147272
10.0,0.2857142857142857,0.5714285714285714,0.48687357
10.0,0.3571428571428571,0.5714285714285714,0.60404897
10.0,0.42857142857142855,0.5714285714285714,0.72420025
10.0,0.5,0.5714285714285714,0.784984
10.0,0.5714285714285714,0.5714285714285714,0.7242897
10.0,0.6428571428571428,0.5714285714285714,0.6028885
10.0,0.7142857142857142,0.5714285714285714,0.48538995
10.0,0.7857142857142857,0.5714285714285714,0.370238
10.0,0.8571428571428571,0.5714285714285714,0.24605751
10.0,0.9285714285714285,0.5714285714285714,0.11327966
10.0,1.0,0.5714285714285714,-0.01915238
10.0,0.0,0.6428571428571428,-0.03342685
10.0,0.07142857142857142,0.6428571428571428,0.08881578
10.0,0.14285714285714285,0.6428571428571428,0.20515564
10.0,0.21428571428571427,0.6428571428571428,0.3109052
10.0,0.2857142857142857,0.6428571428571428,0.40888834
10.0,0.3571428571428571,0.6428571428571428,0.50871813
10.0,0.42857142857142855,0.6428571428571428,0.6068806
10.0,0.5,0.6428571428571428,0.6536164
10.0,0.5714285714285714,0.6428571428571428,0.60354203
10.0,0.6428571428571428,0.6428571428571428,0.50377464
10.0,0.7142857142857142,0.6428571428571428,0.4064148
10.0,0.7857142857142857,0.6428571428571428,0.3104497
10.0,0.8571428571428571,0.6428571428571428,0.20547056
10.0,0.9285714285714285,0.6428571428571428,0.091259174
10.0,1.0,0.6428571428571428,-0.024881542
10.0,0.0,0.7142857142857142,-0.032026775
10.0,0.07142857142857142,0.7142857142857142,0.06903003
10.0,0.14285714285714285,0.7142857142857142,0.16254997
10.0,0.21428571428571427,0.7142857142857142,0.24748534
10.0,0.2857142857142857,0.7142857142857142,0.3281738
10.0,0.3571428571428571,0.7142857142857142,0.41080916
10.0,0.42857142857142855,0.7142857142857142,0.48839277
10.0,0.5,0.7142857142857142,0.52381724
10.0,0.5714285714285714,0.7142857142857142,0.48635185
10.0,0.6428571428571428,0.7142857142857142,0.40787792
10.0,0.7142857142857142,0.7142857142857142,0.3280638
10.0,0.7857142857142857,0.7142857142857142,0.24954683
10.0,0.8571428571428571,0.7142857142857142,0.1645369
10.0,0.9285714285714285,0.7142857142857142,0.0714201
10.0,1.0,0.7142857142857142,-0.02560855
10.0,0.0,0.7857142857142857,-0.02816803
10.0,0.07142857142857142,0.7857142857142857,0.050870962
10.0,0.14285714285714285,0.7857142857142857,0.12160853
10.0,0.21428571428571427,0.7857142857142857,0.1857054
10.0,0.2857142857142857,0.7857142857142857,0.24811316
10.0,0.3571428571428571,0.7857142857142857,0.3124763
10.0,0.42857142857142855,0.7857142857142857,0.3709118
10.0,0.5,0.7857142857142857,0.39705023
10.0,0.5714285714285714,0.7857142857142857,0.3708151
10.0,0.6428571428571428,0.7857142857142857,0.31206724
10.0,0.7142857142857142,0.7857142857142857,0.24955851
10.0,0.7857142857142857,0.7857142857142857,0.18860847
10.0,0.8571428571428571,0.7857142857142857,0.12378081
10.0,0.9285714285714285,0.7857142857142857,0.052125253
10.0,1.0,0.7857142857142857,-0.025042847
10.0,0.0,0.8571428571428571,-0.024255581
10.0,0.07142857142857142,0.8571428571428571,0.03260654
10.0,0.14285714285714285,0.8571428571428571,0.08046796
10.0,0.21428571428571427,0.8571428571428571,0.12252047
10.0,0.2857142857142857,0.8571428571428571,0.16376314
10.0,0.3571428571428571,0.8571428571428571,0.2067791
10.0,0.42857142857142855,0.8571428571428571,0.2455168
10.0,0.5,0.8571428571428571,0.26302075
10.0,0.5714285714285714,0.8571428571428571,0.24680918
10.0,0.6428571428571428,0.8571428571428571,0.2079407
10.0,0.7142857142857142,0.8571428571428571,0.16512379
10.0,0.7857142857142857,0.8571428571428571,0.12358796
10.0,0.8571428571428571,0.8571428571428571,0.07934629
10.0,0.9285714285714285,0.8571428571428571,0.028693803
10.0,1.0,0.8571428571428571,-0.028918158
10.0,0.0,0.9285714285714285,-0.02429542
10.0,0.07142857142857142,0.9285714285714285,0.010086577
10.0,0.14285714285714285,0.9285714285714285,0.034418546
10.0,0.21428571428571427,0.9285714285714285,0.05260586
10.0,0.2857142857142857,0.9285714285714285,0.06974789
10.0,0.3571428571428571,0.9285714285714285,0.08910159
10.0,0.42857142857142855,0.9285714285714285,0.10842854
10.0,0.5,0.9285714285714285,0.118773036
10.0,0.5714285714285714,0.9285714285714285,0.11259087
10.0,0.6428571428571428,0.9285714285714285,0.09424465
10.0,0.7142857142857142,0.9285714285714285,0.073406234
10.0,0.7857142857142857,0.9285714285714285,0.053020187
10.0,0.8571428571428571,0.9285714285714285,0.02962108
10.0,0.9285714285714285,0.9285714285714285,-0.0007618889
10.0,1.0,0.9285714285714285,-0.03966692
10.0,0.0,1.0,-0.033943284
10.0,0.07142857142857142,1.0,-0.02269301
10.0,0.14285714285714285,1.0,-0.022486052
10.0,0.21428571428571427,1.0,-0.02878499
10.0,0.2857142857142857,1.0,-0.03580196
10.0,0.3571428571428571,1.0,-0.038501084
10.0,0.42857142857142855,1.0,-0.035178453
10.0,0.5,1.0,-0.029145367
10.0,0.5714285714285714,1.0,-0.02530513
10.0,0.6428571428571428,1.0,-0.024161257
10.0,0.7142857142857142,1.0,-0.023141257
10.0,0.7857142857142857,1.0,-0.022327527
10.0,0.8571428571428571,1.0,-0.025384545
10.0,0.9285714285714285,1.0,-0.036410686
10.0,1.0,1.0,-0.057520755
11.0,0.0,0.0,-0.028039593
11.0,0.07142857142857142,0.0,-0.02194571
11.0,0.14285714285714285,0.0,-0.021465944
11.0,0.21428571428571427,0.0,-0.024115298
11.0,0.2857142857142857,0.0,-0.026595125
11.0,0.3571428571428571,0.0,-0.025780557
11.0,0.42857142857142855,0.0,-0.022227604
11.0,0.5,0.0,-0.023337506
11.0,0.5714285714285714,0.0,-0.032155134
11.0,0.6428571428571428,0.0,-0.038845617
11.0,0.7142857142857142,0.0,-0.037031356
11.0,0.7857142857142857,0.0,-0.03207486
11.0,0.8571428571428571,0.0,-0.032194667
11.0,0.9285714285714285,0.0,-0.04163564
11.0,1.0,0.0,-0.06091754
11.0,0.0,0.07142857142857142,-0.018952496
11.0,0.07142857142857142,0.07142857142857142,0.008507099
11.0,0.14285714285714285,0.07142857142857142,0.030910652
11.0,0.21428571428571427,0.07142857142857142,0.050068416
11.0,0.2857142857142857,0.07142857142857142,0.06914038
11.0,0.3571428571428571,0.07142857142857142,0.09162072
11.0,0.42857142857142855,0.07142857142857142,0.11479529
11.0,0.5,0.07142857142857142,0.12272187
11.0,0.5714285714285714,0.07142857142857142,0.10712735
11.0,0.6428571428571428,0.07142857142857142,0.084568925
11.0,0.7142857142857142,0.07142857142857142,0.067471005
11.0,0.7857142857142857,0.07142857142857142,0.051227607
11.0,0.8571428571428571,0.07142857142857142,0.028676748
11.0,0.9285714285714285,0.07142857142857142,-0.002412714
11.0,1.0,0.07142857142857142,-0.04146126
11.0,0.0,0.14285714285714285,-0.019277427
11.0,0.07142857142857142,0.14285714285714285,0.031513866
11.0,0.14285714285714285,0.14285714285714285,0.07790548
11.0,0.21428571428571427,0.14285714285714285,0.12045207
11.0,0.2857142857142857,0.14285714285714285,0.16168597
11.0,0.3571428571428571,0.14285714285714285,0.20590493
11.0,0.42857142857142855,0.14285714285714285,0.24940303
11.0,0.5,0.14285714285714285,0.26682326
11.0,0.5714285714285714,0.14285714285714285,0.24298409
11.0,0.6428571428571428,0.14285714285714285,0.20202935
11.0,0.7142857142857142,0.14285714285714285,0.16342327
11.0,0.7857142857142857,0.14285714285714285,0.12398071
11.0,0.8571428571428571,0.14285714285714285,0.07828605
11.0,0.9285714285714285,0.14285714285714285,0.025740892
11.0,1.0,0.14285714285714285,-0.032776505
11.0,0.0,0.21428571428571427,-0.025822848
11.0,0.07142857142857142,0.21428571428571427,0.049381476
11.0,0.14285714285714285,0.21428571428571427,0.12042885
11.0,0.21428571428571427,0.21428571428571427,0.18587261
11.0,0.2857142857142857,0.21428571428571427,0.24728906
11.0,0.3571428571428571,0.21428571428571427,0.31057256
11.0,0.42857142857142855,0.21428571428571427,0.37294924
11.0,0.5,0.21428571428571427,0.400091
11.0,0.5714285714285714,0.21428571428571427,0.3682828
11.0,0.6428571428571428,0.21428571428571427,0.30883512
11.0,0.7142857142857142,0.21428571428571427,0.24892488
11.0,0.7857142857142857,0.21428571428571427,0.18726379
11.0,0.8571428571428571,0.21428571428571427,0.11990834
11.0,0.9285714285714285,0.21428571428571427,0.04693044
11.0,1.0,0.21428571428571427,-0.030745082
11.0,0.0,0.2857142857142857,-0.033458713
11.0,0.07142857142857142,0.2857142857142857,0.066406615
11.0,0.14285714285714285,0.2857142857142857,0.16189414
11.0,0.21428571428571427,0.2857142857142857,0.24872372
11.0,0.2857142857142857,0.2857142857142857,0.32753107
11.0,0.3571428571428571,0.2857142857142857,0.4069306
11.0,0.42857142857142855,0.2857142857142857,0.48690012
11.0,0.5,0.2857142857142857,0.5246737
11.0,0.5714285714285714,0.2857142857142857,0.48586947
11.0,0.6428571428571428,0.2857142857142857,0.408445
11.0,0.7142857142857142,0.2857142857142857,0.32865906
11.0,0.7857142857142857,0.2857142857142857,0.24710491
11.0,0.8571428571428571,0.2857142857142857,0.15995607
11.0,0.9285714285714285,0.2857142857142857,0.067092314
11.0,1.0,0.2857142857142857,-0.02985742
11.0,0.0,0.3571428571428571,-0.03708595
11.0,0.07142857142857142,0.3571428571428571,0.086427175
11.0,0.14285714285714285,0.3571428571428571,0.20575488
11.0,0.21428571428571427,0.3571428571428571,0.31325886
11.0,0.2857142857142857,0.3571428571428571,0.4086879
11.0,0.3571428571428571,0.3571428571428571,0.50378144
11.0,0.42857142857142855,0.3571428571428571,0.60173404
11.0,0.5,0.3571428571428571,0.65127987
11.0,0.5714285714285714,0.3571428571428571,0.60534614
11.0,0.6428571428571428,0.3571428571428571,0.5092209
11.0,0.7142857142857142,0.3571428571428571,0.41021156
11.0,0.7857142857142857,0.3571428571428571,0.31016466
11.0,0.8571428571428571,0.3571428571428571,0.20381361
11.0,0.9285714285714285,0.3571428571428571,0.09074545
11.0,1.0,0.3571428571428571,-0.02550868
11.0,0.0,0.42857142857142855,-0.035550036
11.0,0.07142857142857142,0.42857142857142855,0.10695694
11.0,0.14285714285714285,0.42857142857142855,0.2469995
11.0,0.21428571428571427,0.42857142857142855,0.3744098
11.0,0.2857142857142857,0.42857142857142855,0.48799592
11.0,0.3571428571428571,0.42857142857142855,0.601035
11.0,0.42857142857142855,0.42857142857142855,0.7178845
11.0,0.5,0.42857142857142855,0.7786096
11.0,0.5714285714285714,0.42857142857142855,0.7237546
11.0,0.6428571428571428,0.42857142857142855,0.6073854
11.0,0.7142857142857142,0.42857142857142855,0.488932
11.0,0.7857142857142857,0.42857142857142855,0.37104553
11.0,0.8571428571428571,0.42857142857142855,0.24636757
11.0,0.9285714285714285,0.42857142857142855,0.11456666
11.0,1.0,0.42857142857142855,-0.018307872
11.0,0.0,0.5,-0.03334766
11.0,0.07142857142857142,0.5,0.116115145
11.0,0.14285714285714285,0.5,0.26431057
11.0,0.21428571428571427,0.5,0.40097648
11.0,0.2857142857142857,0.5,0.5250822
11.0,0.3571428571428571,0.5,0.6498501
11.0,0.42857142857142855,0.5,0.7780916
11.0,0.5,0.5,0.84418595
11.0,0.5714285714285714,0.5,0.782421
11.0,0.6428571428571428,0.5,0.65350914
11.0,0.7142857142857142,0.5,0.52481216
11.0,0.7857142857142857,0.5,0.39862865
11.0,0.8571428571428571,0.5,0.26531515
11.0,0.9285714285714285,0.5,0.124689035
11.0,1.0,0.5,-0.015220955
11.0,0.0,0.5714285714285714,-0.03401833
11.0,0.07142857142857142,0.5714285714285714,0.10691387
11.0,0.14285714285714285,0.5714285714285714,0.24446496
11.0,0.21428571428571427,0.5714285714285714,0.37049443
11.0,0.2857142857142857,0.5714285714285714,0.48586136
11.0,0.3571428571428571,0.5714285714285714,0.60289305
11.0,0.42857142857142855,0.5714285714285714,0.721469
11.0,0.5,0.5714285714285714,0.7804664
11.0,0.5714285714285714,0.5714285714285714,0.72133976
11.0,0.6428571428571428,0.5714285714285714,0.6016058
11.0,0.7142857142857142,0.5714285714285714,0.4843294
11.0,0.7857142857142857,0.5714285714285714,0.36941522
11.0,0.8571428571428571,0.5714285714285714,0.24563211
11.0,0.9285714285714285,0.5714285714285714,0.1129262
11.0,1.0,0.5714285714285714,-0.019970812
11.0,0.0,0.6428571428571428,-0.03493812
11.0,0.07142857142857142,0.6428571428571428,0.087991364
11.0,0.14285714285714285,0.6428571428571428,0.20474395
11.0,0.21428571428571427,0.6428571428571428,0.3107406
11.0,0.2857142857142857,0.6428571428571428,0.40899456
11.0,0.3571428571428571,0.6428571428571428,0.5088616
11.0,0.42857142857142855,0.6428571428571428,0.60588306
11.0,0.5,0.6428571428571428,0.6512491
11.0,0.5714285714285714,0.6428571428571428,0.60223097
11.0,0.6428571428571428,0.6428571428571428,0.50369865
11.0,0.7142857142857142,0.6428571428571428,0.40640616
11.0,0.7857142857142857,0.6428571428571428,0.31042227
11.0,0.8571428571428571,0.6428571428571428,0.20548192
11.0,0.9285714285714285,0.6428571428571428,0.09101951
11.0,1.0,0.6428571428571428,-0.025777265
11.0,0.0,0.7142857142857142,-0.033185236
11.0,0.07142857142857142,0.7142857142857142,0.06841005
11.0,0.14285714285714285,0.7142857142857142,0.16230139
11.0,0.21428571428571427,0.7142857142857142,0.24753326
11.0,0.2857142857142857,0.7142857142857142,0.32850417
11.0,0.3571428571428571,0.7142857142857142,0.41111484
11.0,0.42857142857142855,0.7142857142857142,0.48774317
11.0,0.5,0.7142857142857142,0.5220973
11.0,0.5714285714285714,0.7142857142857142,0.485357
11.0,0.6428571428571428,0.7142857142857142,0.4079525
11.0,0.7142857142857142,0.7142857142857142,0.32830432
11.0,0.7857142857142857,0.7142857142857142,0.24967232
11.0,0.8571428571428571,0.7142857142857142,0.16446945
11.0,0.9285714285714285,0.7142857142857142,0.0709273
11.0,1.0,0.7142857142857142,-0.026795752
11.0,0.0,0.7857142857142857,-0.02912198
11.0,0.07142857142857142,0.7857142857142857,0.05021464
11.0,0.14285714285714285,0.7857142857142857,0.12115892
11.0,0.21428571428571427,0.7857142857142857,0.18547174
11.0,0.2857142857142857,0.7857142857142857,0.24813572
11.0,0.3571428571428571,0.7857142857142857,0.3125159
11.0,0.42857142857142855,0.7857142857142857,0.37027127
11.0,0.5,0.7857142857142857,0.39566776
11.0,0.5714285714285714,0.7857142857142857,0.36993548
11.0,0.6428571428571428,0.7857142857142857,0.31203634
11.0,0.7142857142857142,0.7857142857142857,0.24968454
11.0,0.7857142857142857,0.7857142857142857,0.1885353
11.0,0.8571428571428571,0.7857142857142857,0.123409264
11.0,0.9285714285714285,0.7857142857142857,0.051306613
11.0,1.0,0.7857142857142857,-0.02648228
11.0,0.0,0.8571428571428571,-0.02512125
11.0,0.07142857142857142,0.8571428571428571,0.03177087
11.0,0.14285714285714285,0.8571428571428571,0.07964171
11.0,0.21428571428571427,0.8571428571428571,0.121826895
11.0,0.2857142857142857,0.8571428571428571,0.16337472
11.0,0.3571428571428571,0.8571428571428571,0.20658809
11.0,0.42857142857142855,0.8571428571428571,0.24499997
11.0,0.5,0.8571428571428571,0.26205185
11.0,0.5714285714285714,0.8571428571428571,0.24611285
11.0,0.6428571428571428,0.8571428571428571,0.20776033
11.0,0.7142857142857142,0.8571428571428571,0.16497487
11.0,0.7857142857142857,0.8571428571428571,0.12316882
11.0,0.8571428571428571,0.8571428571428571,0.0786088
11.0,0.9285714285714285,0.8571428571428571,0.027581502
11.0,1.0,0.8571428571428571,-0.030514065
11.0,0.0,0.9285714285714285,-0.025145885
11.0,0.07142857142857142,0.9285714285714285,0.009011708
11.0,0.14285714285714285,0.9285714285714285,0.03317655
11.0,0.21428571428571427,0.9285714285714285,0.051435903
11.0,0.2857142857142857,0.9285714285714285,0.06893321
11.0,0.3571428571428571,0.9285714285714285,0.08863443
11.0,0.42857142857142855,0.9285714285714285,0.1079096
11.0,0.5,0.9285714285714285,0.117996566
11.0,0.5714285714285714,0.9285714285714285,0.11188966
11.0,0.6428571428571428,0.9285714285714285,0.09376399
11.0,0.7142857142857142,0.9285714285714285,0.07285089
11.0,0.7857142857142857,0.9285714285714285,0.052179508
11.0,0.8571428571428571,0.9285714285714285,0.028497163
11.0,0.9285714285714285,0.9285714285714285,-0.0021551736
11.0,1.0,0.9285714285714285,-0.041387964
11.0,0.0,1.0,-0.034875426
11.0,0.07142857142857142,1.0,-0.024062147
11.0,0.14285714285714285,1.0,-0.024156293
11.0,0.21428571428571427,1.0,-0.030445244
11.0,0.2857142857142857,1.0,-0.03714041
11.0,0.3571428571428571,1.0,-0.039479822
11.0,0.42857142857142855,1.0,-0.03608168
11.0,0.5,1.0,-0.030188143
11.0,0.5714285714285714,1.0,-0.02637621
11.0,0.6428571428571428,1.0,-0.02517537
11.0,0.7142857142857142,1.0,-0.024255194
11.0,0.7857142857142857,1.0,-0.023674369
11.0,0.8571428571428571,1.0,-0.026940338
11.0,0.9285714285714285,1.0,-0.038121358
11.0,1.0,1.0,-0.05940409
12.0,0.0,0.0,-0.029370828
12.0,0.07142857142857142,0.0,-0.023046322
12.0,0.14285714285714285,0.0,-0.022422273
12.0,0.21428571428571427,0.0,-0.025080249
12.0,0.2857142857142857,0.0,-0.027723618
12.0,0.3571428571428571,0.0,-0.027102739
12.0,0.42857142857142855,0.0,-0.023634246
12.0,0.5,0.0,-0.02465322
12.0,0.5714285714285714,0.0,-0.033233013
12.0,0.6428571428571428,0.0,-0.03978099
12.0,0.7142857142857142,0.0,-0.037938584
12.0,0.7857142857142857,0.0,-0.032917466
12.0,0.8571428571428571,0.0,-0.03296119
12.0,0.9285714285714285,0.0,-0.042413108
12.0,1.0,0.0,-0.061821662
12.0,0.0,0.07142857142857142,-0.020264806
12.0,0.07142857142857142,0.07142857142857142,0.0075442996
12.0,0.14285714285714285,0.07142857142857142,0.030272547
12.0,0.21428571428571427,0.07142857142857142,0.049641658
12.0,0.2857142857142857,0.07142857142857142,0.068748794
12.0,0.3571428571428571,0.07142857142857142,0.09111642
12.0,0.42857142857142855,0.07142857142857142,0.114068665
12.0,0.5,0.07142857142857142,0.12185467
12.0,0.5714285714285714,0.07142857142857142,0.10643735
12.0,0.6428571428571428,0.07142857142857142,0.08396038
12.0,0.7142857142857142,0.07142857142857142,0.06677178
12.0,0.7857142857142857,0.07142857142857142,0.050493803
12.0,0.8571428571428571,0.07142857142857142,0.02790045
12.0,0.9285714285714285,0.07142857142857142,-0.0033497885
12.0,1.0,0.07142857142857142,-0.042668246
12.0,0.0,0.14285714285714285,-0.020493843
12.0,0.07142857142857142,0.14285714285714285,0.030696645
12.0,0.14285714285714285,0.14285714285714285,0.07748466
12.0,0.21428571428571427,0.14285714285714285,0.12034053
12.0,0.2857142857142857,0.14285714285714285,0.1616987
12.0,0.3571428571428571,0.14285714285714285,0.20577312
12.0,0.42857142857142855,0.14285714285714285,0.24873364
12.0,0.5,0.14285714285714285,0.2656942
12.0,0.5714285714285714,0.14285714285714285,0.24215668
12.0,0.6428571428571428,0.14285714285714285,0.20145792
12.0,0.7142857142857142,0.14285714285714285,0.16281971
12.0,0.7857142857142857,0.14285714285714285,0.123342924
12.0,0.8571428571428571,0.14285714285714285,0.07751897
12.0,0.9285714285714285,0.14285714285714285,0.02468253
12.0,1.0,0.14285714285714285,-0.034220025
12.0,0.0,0.21428571428571427,-0.026858695
12.0,0.07142857142857142,0.21428571428571427,0.048753448
12.0,0.14285714285714285,0.21428571428571427,0.120167114
12.0,0.21428571428571427,0.21428571428571427,0.18589452
12.0,0.2857142857142857,0.21428571428571427,0.24746004
12.0,0.3571428571428571,0.21428571428571427,0.31059512
12.0,0.42857142857142855,0.21428571428571427,0.372125
12.0,0.5,0.21428571428571427,0.3985147
12.0,0.5714285714285714,0.21428571428571427,0.367316
12.0,0.6428571428571428,0.21428571428571427,0.30845663
12.0,0.7142857142857142,0.21428571428571427,0.24861985
12.0,0.7857142857142857,0.21428571428571427,0.18689778
12.0,0.8571428571428571,0.21428571428571427,0.119300954
12.0,0.9285714285714285,0.21428571428571427,0.04591264
12.0,1.0,0.21428571428571427,-0.03223466
12.0,0.0,0.2857142857142857,-0.03433872
12.0,0.07142857142857142,0.2857142857142857,0.065956794
12.0,0.14285714285714285,0.2857142857142857,0.161719
12.0,0.21428571428571427,0.2857142857142857,0.24871778
12.0,0.2857142857142857,0.2857142857142857,0.32769707
12.0,0.3571428571428571,0.2857142857142857,0.40707895
12.0,0.42857142857142855,0.2857142857142857,0.48601115
12.0,0.5,0.2857142857142857,0.52278745
12.0,0.5714285714285714,0.2857142857142857,0.48500136
12.0,0.6428571428571428,0.2857142857142857,0.4085402
12.0,0.7142857142857142,0.2857142857142857,0.3288477
12.0,0.7857142857142857,0.2857142857142857,0.24711114
12.0,0.8571428571428571,0.2857142857142857,0.15960652
12.0,0.9285714285714285,0.2857142857142857,0.06627674
12.0,1.0,0.2857142857142857,-0.031175442
12.0,0.0,0.3571428571428571,-0.03805277
12.0,0.07142857142857142,0.3571428571428571,0.08594485
12.0,0.14285714285714285,0.3571428571428571,0.20543984
12.0,0.21428571428571427,0.3571428571428571,0.3129399
12.0,0.2857142857142857,0.3571428571428571,0.4085269
12.0,0.3571428571428571,0.3571428571428571,0.50375205
12.0,0.42857142857142855,0.3571428571428571,0.6004726
12.0,0.5,0.3571428571428571,0.6487028
12.0,0.5714285714285714,0.3571428571428571,0.6041949
12.0,0.6428571428571428,0.3571428571428571,0.5094002
12.0,0.7142857142857142,0.3571428571428571,0.41043591
12.0,0.7857142857142857,0.3571428571428571,0.31012487
12.0,0.8571428571428571,0.3571428571428571,0.20348424
12.0,0.9285714285714285,0.3571428571428571,0.09008975
12.0,1.0,0.3571428571428571,-0.0265821
12.0,0.0,0.42857142857142855,-0.03691736
12.0,0.07142857142857142,0.42857142857142855,0.106100045
12.0,0.14285714285714285,0.42857142857142855,0.2461836
12.0,0.21428571428571427,0.42857142857142855,0.37332973
12.0,0.2857142857142857,0.42857142857142855,0.48682487
12.0,0.3571428571428571,0.42857142857142855,0.5997918
12.0,0.42857142857142855,0.42857142857142855,0.7149595
12.0,0.5,0.42857142857142855,0.77390844
12.0,0.5714285714285714,0.42857142857142855,0.7208243
12.0,0.6428571428571428,0.42857142857142855,0.606223
12.0,0.7142857142857142,0.42857142857142855,0.48797315
12.0,0.7857142857142857,0.42857142857142855,0.37009704
12.0,0.8571428571428571,0.42857142857142855,0.24558133
12.0,0.9285714285714285,0.42857142857142855,0.113862656
12.0,1.0,0.42857142857142855,-0.019223377
12.0,0.0,0.5,-0.035062447
12.0,0.07142857142857142,0.5,0.114912815
12.0,0.14285714285714285,0.5,0.26309547
12.0,0.21428571428571427,0.5,0.39935285
12.0,0.2857142857142857,0.5,0.52313703
12.0,0.3571428571428571,0.5,0.6475413
12.0,0.42857142857142855,0.5,0.7737831
12.0,0.5,0.5,0.83782005
12.0,0.5714285714285714,0.5,0.77793187
12.0,0.6428571428571428,0.5,0.65107286
12.0,0.7142857142857142,0.5,0.5228208
12.0,0.7857142857142857,0.5,0.39701927
12.0,0.8571428571428571,0.5,0.26430747
12.0,0.9285714285714285,0.5,0.124062024
12.0,1.0,0.5,-0.01597704
12.0,0.0,0.5714285714285714,-0.035654604
12.0,0.07142857142857142,0.5714285714285714,0.10583696
12.0,0.14285714285714285,0.5714285714285714,0.2435396
12.0,0.21428571428571427,0.5714285714285714,0.3694621
12.0,0.2857142857142857,0.5714285714285714,0.48484483
12.0,0.3571428571428571,0.5714285714285714,0.60180247
12.0,0.42857142857142855,0.5714285714285714,0.71884656
12.0,0.5,0.5714285714285714,0.77610505
12.0,0.5714285714285714,0.5714285714285714,0.71848786
12.0,0.6428571428571428,0.5714285714285714,0.6003924
12.0,0.7142857142857142,0.5714285714285714,0.4832791
12.0,0.7857142857142857,0.5714285714285714,0.36854744
12.0,0.8571428571428571,0.5714285714285714,0.24519509
12.0,0.9285714285714285,0.5714285714285714,0.11267449
12.0,1.0,0.5714285714285714,-0.020550147
12.0,0.0,0.6428571428571428,-0.036220156
12.0,0.07142857142857142,0.6428571428571428,0.08726388
12.0,0.14285714285714285,0.6428571428571428,0.20432001
12.0,0.21428571428571427,0.6428571428571428,0.31051672
12.0,0.2857142857142857,0.6428571428571428,0.4090641
12.0,0.3571428571428571,0.6428571428571428,0.5090176
12.0,0.42857142857142855,0.6428571428571428,0.60495645
12.0,0.5,0.6428571428571428,0.6490116
12.0,0.5714285714285714,0.6428571428571428,0.60100275
12.0,0.6428571428571428,0.6428571428571428,0.5036636
12.0,0.7142857142857142,0.6428571428571428,0.40638158
12.0,0.7857142857142857,0.6428571428571428,0.31033465
12.0,0.8571428571428571,0.6428571428571428,0.20547414
12.0,0.9285714285714285,0.6428571428571428,0.09087365
12.0,1.0,0.6428571428571428,-0.026445627
12.0,0.0,0.7142857142857142,-0.03413991
12.0,0.07142857142857142,0.7142857142857142,0.06787306
12.0,0.14285714285714285,0.7142857142857142,0.16203839
12.0,0.21428571428571427,0.7142857142857142,0.24751636
12.0,0.2857142857142857,0.7142857142857142,0.3287689
12.0,0.3571428571428571,0.7142857142857142,0.41138342
12.0,0.42857142857142855,0.7142857142857142,0.4871147
12.0,0.5,0.7142857142857142,0.52045053
12.0,0.5714285714285714,0.7142857142857142,0.4843886
12.0,0.6428571428571428,0.7142857142857142,0.40800568
12.0,0.7142857142857142,0.7142857142857142,0.32848686
12.0,0.7857142857142857,0.7142857142857142,0.24972299
12.0,0.8571428571428571,0.7142857142857142,0.16437778
12.0,0.9285714285714285,0.7142857142857142,0.07051607
12.0,1.0,0.7142857142857142,-0.027777422
12.0,0.0,0.7857142857142857,-0.029888421
12.0,0.07142857142857142,0.7857142857142857,0.0496402
12.0,0.14285714285714285,0.7857142857142857,0.120706
12.0,0.21428571428571427,0.7857142857142857,0.18518257
12.0,0.2857142857142857,0.7857142857142857,0.24808496
12.0,0.3571428571428571,0.7857142857142857,0.31248927
12.0,0.42857142857142855,0.7857142857142857,0.3696035
12.0,0.5,0.7857142857142857,0.39429012
12.0,0.5714285714285714,0.7857142857142857,0.36901993
12.0,0.6428571428571428,0.7857142857142857,0.3119329
12.0,0.7142857142857142,0.7857142857142857,0.24972913
12.0,0.7857142857142857,0.7857142857142857,0.18838865
12.0,0.8571428571428571,0.7857142857142857,0.12301614
12.0,0.9285714285714285,0.7857142857142857,0.05056274
12.0,1.0,0.7857142857142857,-0.02773565
12.0,0.0,0.8571428571428571,-0.025803711
12.0,0.07142857142857142,0.8571428571428571,0.031029087
12.0,0.14285714285714285,0.8571428571428571,0.07883914
12.0,0.21428571428571427,0.8571428571428571,0.121114604
12.0,0.2857142857142857,0.8571428571428571,0.16294977
12.0,0.3571428571428571,0.8571428571428571,0.20636082
12.0,0.42857142857142855,0.8571428571428571,0.24446961
12.0,0.5,0.8571428571428571,0.26108482
12.0,0.5714285714285714,0.8571428571428571,0.24538314
12.0,0.6428571428571428,0.8571428571428571,0.20751631
12.0,0.7142857142857142,0.8571428571428571,0.16476491
12.0,0.7857142857142857,0.8571428571428571,0.122703336
12.0,0.8571428571428571,0.8571428571428571,0.07787099
12.0,0.9285714285714285,0.8571428571428571,0.026548527
12.0,1.0,0.8571428571428571,-0.03193458
12.0,0.0,0.9285714285714285,-0.025809217
12.0,0.07142857142857142,0.9285714285714285,0.008054458
12.0,0.14285714285714285,0.9285714285714285,0.032003723
12.0,0.21428571428571427,0.9285714285714285,0.05031669
12.0,0.2857142857142857,0.9285714285714285,0.06817386
12.0,0.3571428571428571,0.9285714285714285,0.088238776
12.0,0.42857142857142855,0.9285714285714285,0.10748626
12.0,0.5,0.9285714285714285,0.11732315
12.0,0.5714285714285714,0.9285714285714285,0.11125664
12.0,0.6428571428571428,0.9285714285714285,0.09331428
12.0,0.7142857142857142,0.9285714285714285,0.07231598
12.0,0.7857142857142857,0.9285714285714285,0.051362276
12.0,0.8571428571428571,0.9285714285714285,0.027421266
12.0,0.9285714285714285,0.9285714285714285,-0.0034467913
12.0,1.0,0.9285714285714285,-0.042933322
12.0,0.0,1.0,-0.035608403
12.0,0.07142857142857142,1.0,-0.025276843
12.0,0.14285714285714285,1.0,-0.025687974
12.0,0.21428571428571427,1.0,-0.031951196
12.0,0.2857142857142857,1.0,-0.03828547
12.0,0.3571428571428571,1.0,-0.04022084
12.0,0.42857142857142855,1.0,-0.036708742
12.0,0.5,1.0,-0.030944653
12.0,0.5714285714285714,1.0,-0.027194113
12.0,0.6428571428571428,1.0,-0.025986776
12.0,0.7142857142857142,1.0,-0.025202833
12.0,0.7857142857142857,1.0,-0.0248802
12.0,0.8571428571428571,1.0,-0.028365213
12.0,0.9285714285714285,1.0,-0.03968459
12.0,1.0,1.0,-0.061097346
13.0,0.0,0.0,-0.0305649
13.0,0.07142857142857142,0.0,-0.024019856
13.0,0.14285714285714285,0.0,-0.023252925
13.0,0.21428571428571427,0.0,-0.02591108
13.0,0.2857142857142857,0.0,-0.028696232
13.0,0.3571428571428571,0.0,-0.02823755
13.0,0.42857142857142855,0.0,-0.024822786
13.0,0.5,0.0,-0.02572602
13.0,0.5714285714285714,0.0,-0.034056164
13.0,0.6428571428571428,0.0,-0.040480755
13.0,0.7142857142857142,0.0,-0.0386456
13.0,0.7857142857142857,0.0,-0.033576943
13.0,0.8571428571428571,0.0,-0.033531543
13.0,0.9285714285714285,0.0,-0.042966448
13.0,1.0,0.0,-0.062470645
13.0,0.0,0.07142857142857142,-0.021447115
13.0,0.07142857142857142,0.07142857142857142,0.006683124
13.0,0.14285714285714285,0.07142857142857142,0.029712357
13.0,0.21428571428571427,0.07142857142857142,0.049278636
13.0,0.2857142857142857,0.07142857142857142,0.06842055
13.0,0.3571428571428571,0.07142857142857142,0.09068069
13.0,0.42857142857142855,0.07142857142857142,0.113403045
13.0,0.5,0.07142857142857142,0.121052824
13.0,0.5714285714285714,0.07142857142857142,0.105832286
13.0,0.6428571428571428,0.07142857142857142,0.08343204
13.0,0.7142857142857142,0.07142857142857142,0.06613692
13.0,0.7857142857142857,0.07142857142857142,0.049833264
13.0,0.8571428571428571,0.07142857142857142,0.027237669
13.0,0.9285714285714285,0.07142857142857142,-0.004120901
13.0,1.0,0.07142857142857142,-0.04365799
13.0,0.0,0.14285714285714285,-0.021580664
13.0,0.07142857142857142,0.14285714285714285,0.029958785
13.0,0.14285714285714285,0.14285714285714285,0.07709617
13.0,0.21428571428571427,0.14285714285714285,0.12022614
13.0,0.2857142857142857,0.14285714285714285,0.16169679
13.0,0.3571428571428571,0.14285714285714285,0.20562628
13.0,0.42857142857142855,0.14285714285714285,0.24803194
13.0,0.5,0.14285714285714285,0.26453245
13.0,0.5714285714285714,0.14285714285714285,0.24131596
13.0,0.6428571428571428,0.14285714285714285,0.20087445
13.0,0.7142857142857142,0.14285714285714285,0.16219363
13.0,0.7857142857142857,0.14285714285714285,0.122703634
13.0,0.8571428571428571,0.14285714285714285,0.07680837
13.0,0.9285714285714285,0.14285714285714285,0.023750082
13.0,1.0,0.14285714285714285,-0.035469323
13.0,0.0,0.21428571428571427,-0.027752273
13.0,0.07142857142857142,0.21428571428571427,0.0481937
13.0,0.14285714285714285,0.21428571428571427,0.11990181
13.0,0.21428571428571427,0.21428571428571427,0.18586433
13.0,0.2857142857142857,0.21428571428571427,0.24757603
13.0,0.3571428571428571,0.21428571428571427,0.31058568
13.0,0.42857142857142855,0.21428571428571427,0.37127158
13.0,0.5,0.21428571428571427,0.39692008
13.0,0.5714285714285714,0.21428571428571427,0.36633137
13.0,0.6428571428571428,0.21428571428571427,0.30804393
13.0,0.7142857142857142,0.21428571428571427,0.24825734
13.0,0.7857142857142857,0.21428571428571427,0.18649155
13.0,0.8571428571428571,0.21428571428571427,0.11871336
13.0,0.9285714285714285,0.21428571428571427,0.044995993
13.0,1.0,0.21428571428571427,-0.033538654
13.0,0.0,0.2857142857142857,-0.035047874
13.0,0.07142857142857142,0.2857142857142857,0.06557525
13.0,0.14285714285714285,0.2857142857142857,0.16151789
13.0,0.21428571428571427,0.2857142857142857,0.24863482
13.0,0.2857142857142857,0.2857142857142857,0.32780766
13.0,0.3571428571428571,0.2857142857142857,0.407229
13.0,0.42857142857142855,0.2857142857142857,0.48515195
13.0,0.5,0.2857142857142857,0.5209502
13.0,0.5714285714285714,0.2857142857142857,0.4841467
13.0,0.6428571428571428,0.2857142857142857,0.40860736
13.0,0.7142857142857142,0.2857142857142857,0.3289671
13.0,0.7857142857142857,0.2857142857142857,0.24705097
13.0,0.8571428571428571,0.2857142857142857,0.15924901
13.0,0.9285714285714285,0.2857142857142857,0.06554526
13.0,1.0,0.2857142857142857,-0.03230761
13.0,0.0,0.3571428571428571,-0.038808797
13.0,0.07142857142857142,0.3571428571428571,0.08554418
13.0,0.14285714285714285,0.3571428571428571,0.20509127
13.0,0.21428571428571427,0.3571428571428571,0.31254148
13.0,0.2857142857142857,0.3571428571428571,0.4083379
13.0,0.3571428571428571,0.3571428571428571,0.5037673
13.0,0.42857142857142855,0.3571428571428571,0.5992884
13.0,0.5,0.3571428571428571,0.6462258
13.0,0.5714285714285714,0.3571428571428571,0.6030711
13.0,0.6428571428571428,0.3571428571428571,0.50955135
13.0,0.7142857142857142,0.3571428571428571,0.4105858
13.0,0.7857142857142857,0.3571428571428571,0.31000084
13.0,0.8571428571428571,0.3571428571428571,0.20312777
13.0,0.9285714285714285,0.3571428571428571,0.08951032
13.0,1.0,0.3571428571428571,-0.027459845
13.0,0.0,0.42857142857142855,-0.038034856
13.0,0.07142857142857142,0.42857142857142855,0.105348185
13.0,0.14285714285714285,0.42857142857142855,0.24534398
13.0,0.21428571428571427,0.42857142857142855,0.37218297
13.0,0.2857142857142857,0.42857142857142855,0.48565534
13.0,0.3571428571428571,0.42857142857142855,0.5986262
13.0,0.42857142857142855,0.42857142857142855,0.7121455
13.0,0.5,0.42857142857142855,0.769353
13.0,0.5714285714285714,0.42857142857142855,0.71795064
13.0,0.6428571428571428,0.42857142857142855,0.6050683
13.0,0.7142857142857142,0.42857142857142855,0.48697725
13.0,0.7857142857142857,0.42857142857142855,0.36908478
13.0,0.8571428571428571,0.42857142857142855,0.2447761
13.0,0.9285714285714285,0.42857142857142855,0.113245025
13.0,1.0,0.42857142857142855,-0.019922912
13.0,0.0,0.5,-0.036506243
13.0,0.07142857142857142,0.5,0.113832824
13.0,0.14285714285714285,0.5,0.2618726
13.0,0.21428571428571427,0.5,0.39768186
13.0,0.2857142857142857,0.5,0.5212161
13.0,0.3571428571428571,0.5,0.6453352
13.0,0.42857142857142855,0.5,0.76961666
13.0,0.5,0.5,0.83164454
13.0,0.5714285714285714,0.5,0.773552
13.0,0.6428571428571428,0.5,0.64870733
13.0,0.7142857142857142,0.5,0.5208508
13.0,0.7857142857142857,0.5,0.39537925
13.0,0.8571428571428571,0.5,0.26329553
13.0,0.9285714285714285,0.5,0.12353522
13.0,1.0,0.5,-0.016496971
13.0,0.0,0.5714285714285714,-0.037026525
13.0,0.07142857142857142,0.5714285714285714,0.10488128
13.0,0.14285714285714285,0.5714285714285714,0.24261376
13.0,0.21428571428571427,0.5714285714285714,0.36838892
13.0,0.2857142857142857,0.5714285714285714,0.483837
13.0,0.3571428571428571,0.5714285714285714,0.6007752
13.0,0.42857142857142855,0.5714285714285714,0.71632236
13.0,0.5,0.5714285714285714,0.771895
13.0,0.5714285714285714,0.5714285714285714,0.715733
13.0,0.6428571428571428,0.5714285714285714,0.59924865
13.0,0.7142857142857142,0.5714285714285714,0.48225027
13.0,0.7857142857142857,0.5714285714285714,0.3676411
13.0,0.8571428571428571,0.5714285714285714,0.24474546
13.0,0.9285714285714285,0.5714285714285714,0.11252206
13.0,1.0,0.5714285714285714,-0.020887554
13.0,0.0,0.6428571428571428,-0.03726194
13.0,0.07142857142857142,0.6428571428571428,0.08664049
13.0,0.14285714285714285,0.6428571428571428,0.2038917
13.0,0.21428571428571427,0.6428571428571428,0.31024396
13.0,0.2857142857142857,0.6428571428571428,0.40910587
13.0,0.3571428571428571,0.6428571428571428,0.5091841
13.0,0.42857142857142855,0.6428571428571428,0.60409015
13.0,0.5,0.6428571428571428,0.6468979
13.0,0.5714285714285714,0.6428571428571428,0.5998596
13.0,0.6428571428571428,0.6428571428571428,0.5036752
13.0,0.7142857142857142,0.6428571428571428,0.40635166
13.0,0.7857142857142857,0.6428571428571428,0.3101925
13.0,0.8571428571428571,0.6428571428571428,0.20544559
13.0,0.9285714285714285,0.6428571428571428,0.09082121
13.0,1.0,0.6428571428571428,-0.02688051
13.0,0.0,0.7142857142857142,-0.03488101
13.0,0.07142857142857142,0.7142857142857142,0.067427106
13.0,0.14285714285714285,0.7142857142857142,0.16177014
13.0,0.21428571428571427,0.7142857142857142,0.24744457
13.0,0.2857142857142857,0.7142857142857142,0.32897562
13.0,0.3571428571428571,0.7142857142857142,0.41161573
13.0,0.42857142857142855,0.7142857142857142,0.4865036
13.0,0.5,0.7142857142857142,0.51887834
13.0,0.5714285714285714,0.7142857142857142,0.48345628
13.0,0.6428571428571428,0.7142857142857142,0.40804744
13.0,0.7142857142857142,0.7142857142857142,0.32862085
13.0,0.7857142857142857,0.7142857142857142,0.24970385
13.0,0.8571428571428571,0.7142857142857142,0.16426155
13.0,0.9285714285714285,0.7142857142857142,0.07018987
13.0,1.0,0.7142857142857142,-0.02854298
13.0,0.0,0.7857142857142857,-0.030456483
13.0,0.07142857142857142,0.7857142857142857,0.049157284
13.0,0.14285714285714285,0.7857142857142857,0.120258905
13.0,0.21428571428571427,0.7857142857142857,0.18484786
13.0,0.2857142857142857,0.7857142857142857,0.24796766
13.0,0.3571428571428571,0.7857142857142857,0.31239787
13.0,0.42857142857142855,0.7857142857142857,0.36890516
13.0,0.5,0.7857142857142857,0.39291918
13.0,0.5714285714285714,0.7857142857142857,0.3680773
13.0,0.6428571428571428,0.7857142857142857,0.31176576
13.0,0.7142857142857142,0.7857142857142857,0.24969915
13.0,0.7857142857142857,0.7857142857142857,0.18817315
13.0,0.8571428571428571,0.7857142857142857,0.12260591
13.0,0.9285714285714285,0.7857142857142857,0.049899865
13.0,1.0,0.7857142857142857,-0.028789043
13.0,0.0,0.8571428571428571,-0.026290793
13.0,0.07142857142857142,0.8571428571428571,0.030392367
13.0,0.14285714285714285,0.8571428571428571,0.07807112
13.0,0.21428571428571427,0.8571428571428571,0.12039266
13.0,0.2857142857142857,0.8571428571428571,0.1624929
13.0,0.3571428571428571,0.8571428571428571,0.20609543
13.0,0.42857142857142855,0.8571428571428571,0.24391893
13.0,0.5,0.8571428571428571,0.26011527
13.0,0.5714285714285714,0.8571428571428571,0.24462241
13.0,0.6428571428571428,0.8571428571428571,0.20721385
13.0,0.7142857142857142,0.8571428571428571,0.16449809
13.0,0.7857142857142857,0.8571428571428571,0.122198544
13.0,0.8571428571428571,0.8571428571428571,0.0771394
13.0,0.9285714285714285,0.8571428571428571,0.025605425
13.0,1.0,0.8571428571428571,-0.033161856
13.0,0.0,0.9285714285714285,-0.026271552
13.0,0.07142857142857142,0.9285714285714285,0.007228121
13.0,0.14285714285714285,0.9285714285714285,0.030914534
13.0,0.21428571428571427,0.9285714285714285,0.049259506
13.0,0.2857142857142857,0.9285714285714285,0.06747488
13.0,0.3571428571428571,0.9285714285714285,0.087911725
13.0,0.42857142857142855,0.9285714285714285,0.10714943
13.0,0.5,0.9285714285714285,0.116743945
13.0,0.5714285714285714,0.9285714285714285,0.11068804
13.0,0.6428571428571428,0.9285714285714285,0.09289649
13.0,0.7142857142857142,0.9285714285714285,0.07180562
13.0,0.7857142857142857,0.9285714285714285,0.050576948
13.0,0.8571428571428571,0.9285714285714285,0.02640355
13.0,0.9285714285714285,0.9285714285714285,-0.0046224818
13.0,1.0,0.9285714285714285,-0.044282656
13.0,0.0,1.0,-0.036128134
13.0,0.07142857142857142,1.0,-0.026320843
13.0,0.14285714285714285,1.0,-0.02706409
13.0,0.21428571428571427,1.0,-0.033287138
13.0,0.2857142857142857,1.0,-0.03922855
13.0,0.3571428571428571,1.0,-0.040722772
13.0,0.42857142857142855,1.0,-0.037064597
13.0,0.5,1.0,-0.031420648
13.0,0.5714285714285714,1.0,-0.027762257
13.0,0.6428571428571428,1.0,-0.026593916
13.0,0.7142857142857142,1.0,-0.025978155
13.0,0.7857142857142857,1.0,-0.025933735
13.0,0.8571428571428571,1.0,-0.029643811
13.0,0.9285714285714285,1.0,-0.04108202
13.0,1.0,1.0,-0.06257951
14.0,0.0,0.0,-0.031613104
14.0,0.07142857142857142,0.0,-0.024860928
14.0,0.14285714285714285,0.0,-0.023956044
14.0,0.21428571428571427,0.0,-0.026608175
14.0,0.2857142857142857,0.0,-0.029513953
14.0,0.3571428571428571,0.0,-0.029184341
14.0,0.42857142857142855,0.0,-0.025792487
14.0,0.5,0.0,-0.02655719
14.0,0.5714285714285714,0.0,-0.034628086
14.0,0.6428571428571428,0.0,-0.04094766
14.0,0.7142857142857142,0.0,-0.039153885
14.0,0.7857142857142857,0.0,-0.034053143
14.0,0.8571428571428571,0.0,-0.033904523
14.0,0.9285714285714285,0.0,-0.043289356
14.0,1.0,0.0,-0.06285477
14.0,0.0,0.07142857142857142,-0.022492474
14.0,0.07142857142857142,0.07142857142857142,0.0059273094
14.0,0.14285714285714285,0.07142857142857142,0.029229403
14.0,0.21428571428571427,0.07142857142857142,0.048976507
14.0,0.2857142857142857,0.07142857142857142,0.06815224
14.0,0.3571428571428571,0.07142857142857142,0.09030995
14.0,0.42857142857142855,0.07142857142857142,0.1127984
14.0,0.5,0.07142857142857142,0.12031736
14.0,0.5714285714285714,0.07142857142857142,0.105310015
14.0,0.6428571428571428,0.07142857142857142,0.08298545
14.0,0.7142857142857142,0.07142857142857142,0.065569
14.0,0.7857142857142857,0.07142857142857142,0.04924908
14.0,0.8571428571428571,0.07142857142857142,0.026693456
14.0,0.9285714285714285,0.07142857142857142,-0.0047167167
14.0,1.0,0.07142857142857142,-0.044418477
14.0,0.0,0.14285714285714285,-0.022530735
14.0,0.07142857142857142,0.14285714285714285,0.029303994
14.0,0.14285714285714285,0.14285714285714285,0.07673862
14.0,0.21428571428571427,0.14285714285714285,0.120105274
14.0,0.2857142857142857,0.14285714285714285,0.16167778
14.0,0.3571428571428571,0.14285714285714285,0.205464
14.0,0.42857142857142855,0.14285714285714285,0.2473028
14.0,0.5,0.14285714285714285,0.26334894
14.0,0.5714285714285714,0.14285714285714285,0.24047086
14.0,0.6428571428571428,0.14285714285714285,0.20028737
14.0,0.7142857142857142,0.14285714285714285,0.16155294
14.0,0.7857142857142857,0.14285714285714285,0.12206987
14.0,0.8571428571428571,0.14285714285714285,0.07616106
14.0,0.9285714285714285,0.14285714285714285,0.022953458
14.0,1.0,0.14285714285714285,-0.03651137
14.0,0.0,0.21428571428571427,-0.028497715
14.0,0.07142857142857142,0.21428571428571427,0.04770305
14.0,0.14285714285714285,0.21428571428571427,0.11963158
14.0,0.21428571428571427,0.21428571428571427,0.18578005
14.0,0.2857142857142857,0.21428571428571427,0.24763638
14.0,0.3571428571428571,0.21428571428571427,0.3105462
14.0,0.42857142857142855,0.21428571428571427,0.37039733
14.0,0.5,0.21428571428571427,0.3953225
14.0,0.5714285714285714,0.21428571428571427,0.36534142
14.0,0.6428571428571428,0.21428571428571427,0.30760938
14.0,0.7142857142857142,0.21428571428571427,0.24784839
14.0,0.7857142857142857,0.21428571428571427,0.18605164
14.0,0.8571428571428571,0.21428571428571427,0.11815252
14.0,0.9285714285714285,0.21428571428571427,0.044188708
14.0,1.0,0.21428571428571427,-0.034645118
14.0,0.0,0.2857142857142857,-0.035583653
14.0,0.07142857142857142,0.2857142857142857,0.06526117
14.0,0.14285714285714285,0.2857142857142857,0.16128814
14.0,0.21428571428571427,0.2857142857142857,0.2484757
14.0,0.2857142857142857,0.2857142857142857,0.327869
14.0,0.3571428571428571,0.2857142857142857,0.40738332
14.0,0.42857142857142855,0.2857142857142857,0.4843263
14.0,0.5,0.2857142857142857,0.51917106
14.0,0.5714285714285714,0.2857142857142857,0.4833127
14.0,0.6428571428571428,0.2857142857142857,0.40865368
14.0,0.7142857142857142,0.2857142857142857,0.32902634
14.0,0.7857142857142857,0.2857142857142857,0.24693102
14.0,0.8571428571428571,0.2857142857142857,0.15888909
14.0,0.9285714285714285,0.2857142857142857,0.06490499
14.0,1.0,0.2857142857142857,-0.033243477
14.0,0.0,0.3571428571428571,-0.03935252
14.0,0.07142857142857142,0.3571428571428571,0.08522256
14.0,0.14285714285714285,0.3571428571428571,0.20470801
14.0,0.21428571428571427,0.3571428571428571,0.3120701
14.0,0.2857142857142857,0.3571428571428571,0.4081313
14.0,0.3571428571428571,0.3571428571428571,0.5038277
14.0,0.42857142857142855,0.3571428571428571,0.59817684
14.0,0.5,0.3571428571428571,0.6438494
14.0,0.5714285714285714,0.3571428571428571,0.60197526
14.0,0.6428571428571428,0.3571428571428571,0.5096783
14.0,0.7142857142857142,0.3571428571428571,0.41066903
14.0,0.7857142857142857,0.3571428571428571,0.30980018
14.0,0.8571428571428571,0.3571428571428571,0.20274866
14.0,0.9285714285714285,0.3571428571428571,0.089011215
14.0,1.0,0.3571428571428571,-0.028135508
14.0,0.0,0.42857142857142855,-0.03889813
14.0,0.07142857142857142,0.42857142857142855,0.10470074
14.0,0.14285714285714285,0.42857142857142855,0.24448279
14.0,0.21428571428571427,0.42857142857142855,0.3709823
14.0,0.2857142857142857,0.42857142857142855,0.48450345
14.0,0.3571428571428571,0.42857142857142855,0.5975382
14.0,0.42857142857142855,0.42857142857142855,0.7094372
14.0,0.5,0.42857142857142855,0.76494414
14.0,0.5714285714285714,0.42857142857142855,0.7151351
14.0,0.6428571428571428,0.42857142857142855,0.6039237
14.0,0.7142857142857142,0.42857142857142855,0.4859542
14.0,0.7857142857142857,0.42857142857142855,0.36801693
14.0,0.8571428571428571,0.42857142857142855,0.24395418
14.0,0.9285714285714285,0.42857142857142855,0.11271464
14.0,1.0,0.42857142857142855,-0.02040384
14.0,0.0,0.5,-0.03767038
14.0,0.07142857142857142,0.5,0.11287933
14.0,0.14285714285714285,0.5,0.26064897
14.0,0.21428571428571427,0.5,0.3959797
14.0,0.2857142857142857,0.5,0.51933604
14.0,0.3571428571428571,0.5,0.6432312
14.0,0.42857142857142855,0.5,0.76558626
14.0,0.5,0.5,0.8256585
14.0,0.5714285714285714,0.5,0.7692814
14.0,0.6428571428571428,0.5,0.6464145
14.0,0.7142857142857142,0.5,0.5189125
14.0,0.7857142857142857,0.5,0.39371613
14.0,0.8571428571428571,0.5,0.2622791
14.0,0.9285714285714285,0.5,0.1231058
14.0,1.0,0.5,-0.016781352
14.0,0.0,0.5714285714285714,-0.03812419
14.0,0.07142857142857142,0.5714285714285714,0.104049996
14.0,0.14285714285714285,0.5714285714285714,0.24169397
14.0,0.21428571428571427,0.5714285714285714,0.36728764
14.0,0.2857142857142857,0.5714285714285714,0.48284742
14.0,0.3571428571428571,0.5714285714285714,0.5998066
14.0,0.42857142857142855,0.5714285714285714,0.71388286
14.0,0.5,0.5714285714285714,0.7678257
14.0,0.5714285714285714,0.5714285714285714,0.7130688
14.0,0.6428571428571428,0.5714285714285714,0.5981735
14.0,0.7142857142857142,0.5714285714285714,0.4812503
14.0,0.7857142857142857,0.5714285714285714,0.3667029
14.0,0.8571428571428571,0.5714285714285714,0.24428171
14.0,0.9285714285714285,0.5714285714285714,0.11246378
14.0,1.0,0.5714285714285714,-0.020984687
14.0,0.0,0.6428571428571428,-0.038056135
14.0,0.07142857142857142,0.6428571428571428,0.08612609
14.0,0.14285714285714285,0.6428571428571428,0.20346531
14.0,0.21428571428571427,0.6428571428571428,0.309932
14.0,0.2857142857142857,0.6428571428571428,0.4091252
14.0,0.3571428571428571,0.6428571428571428,0.5093557
14.0,0.42857142857142855,0.6428571428571428,0.603271
14.0,0.5,0.6428571428571428,0.644898
14.0,0.5714285714285714,0.6428571428571428,0.5987986
14.0,0.6428571428571428,0.6428571428571428,0.5037355
14.0,0.7142857142857142,0.6428571428571428,0.40632516
14.0,0.7857142857142857,0.6428571428571428,0.31000188
14.0,0.8571428571428571,0.6428571428571428,0.20539507
14.0,0.9285714285714285,0.6428571428571428,0.09085817
14.0,1.0,0.6428571428571428,-0.027079366
14.0,0.0,0.7142857142857142,-0.035400726
14.0,0.07142857142857142,0.7142857142857142,0.0670778
14.0,0.14285714285714285,0.7142857142857142,0.16150296
14.0,0.21428571428571427,0.7142857142857142,0.24732655
14.0,0.2857142857142857,0.7142857142857142,0.32912996
14.0,0.3571428571428571,0.7142857142857142,0.41181046
14.0,0.42857142857142855,0.7142857142857142,0.48590362
14.0,0.5,0.7142857142857142,0.5173788
14.0,0.5714285714285714,0.7142857142857142,0.48256686
14.0,0.6428571428571428,0.7142857142857142,0.40808594
14.0,0.7142857142857142,0.7142857142857142,0.32871586
14.0,0.7857142857142857,0.7142857142857142,0.24962053
14.0,0.8571428571428571,0.7142857142857142,0.16412091
14.0,0.9285714285714285,0.7142857142857142,0.069948494
14.0,1.0,0.7142857142857142,-0.0290853
14.0,0.0,0.7857142857142857,-0.030817717
14.0,0.07142857142857142,0.7857142857142857,0.04877369
14.0,0.14285714285714285,0.7857142857142857,0.11982676
14.0,0.21428571428571427,0.7857142857142857,0.18447623
14.0,0.2857142857142857,0.7857142857142857,0.24778944
14.0,0.3571428571428571,0.7857142857142857,0.31224057
14.0,0.42857142857142855,0.7857142857142857,0.3681733
14.0,0.5,0.7857142857142857,0.39155552
14.0,0.5714285714285714,0.7857142857142857,0.3671157
14.0,0.6428571428571428,0.7857142857142857,0.31154302
14.0,0.7142857142857142,0.7857142857142857,0.2496024
14.0,0.7857142857142857,0.7857142857142857,0.18789467
14.0,0.8571428571428571,0.7857142857142857,0.12218066
14.0,0.9285714285714285,0.7857142857142857,0.04932352
14.0,1.0,0.7857142857142857,-0.029629733
14.0,0.0,0.8571428571428571,-0.026571997
14.0,0.07142857142857142,0.8571428571428571,0.029872332
14.0,0.14285714285714285,0.8571428571428571,0.077348776
14.0,0.21428571428571427,0.8571428571428571,0.11967047
14.0,0.2857142857142857,0.8571428571428571,0.16200879
14.0,0.3571428571428571,0.8571428571428571,0.20578924
14.0,0.42857142857142855,0.8571428571428571,0.24334142
14.0,0.5,0.8571428571428571,0.25914
14.0,0.5714285714285714,0.8571428571428571,0.2438336
14.0,0.6428571428571428,0.8571428571428571,0.20685777
14.0,0.7142857142857142,0.8571428571428571,0.16418073
14.0,0.7857142857142857,0.8571428571428571,0.121661164
14.0,0.8571428571428571,0.8571428571428571,0.07642157
14.0,0.9285714285714285,0.8571428571428571,0.024761394
14.0,1.0,0.8571428571428571,-0.034181293
14.0,0.0,0.9285714285714285,-0.02652197
14.0,0.07142857142857142,0.9285714285714285,0.006545022
14.0,0.14285714285714285,0.9285714285714285,0.02992085
14.0,0.21428571428571427,0.9285714285714285,0.04827541
14.0,0.2857142857142857,0.9285714285714285,0.06684143
14.0,0.3571428571428571,0.9285714285714285,0.08764959
14.0,0.42857142857142855,0.9285714285714285,0.1068897
14.0,0.5,0.9285714285714285,0.11625066
14.0,0.5714285714285714,0.9285714285714285,0.11018152
14.0,0.6428571428571428,0.9285714285714285,0.09251213
14.0,0.7142857142857142,0.9285714285714285,0.07132424
14.0,0.7857142857142857,0.9285714285714285,0.04983195
14.0,0.8571428571428571,0.9285714285714285,0.025456212
14.0,0.9285714285714285,0.9285714285714285,-0.0056686327
14.0,1.0,0.9285714285714285,-0.04541919
14.0,0.0,1.0,-0.036422573
14.0,0.07142857142857142,1.0,-0.027181074
14.0,0.14285714285714285,1.0,-0.02827027
14.0,0.21428571428571427,1.0,-0.03444022
14.0,0.2857142857142857,1.0,-0.039961625
14.0,0.3571428571428571,1.0,-0.040986508
14.0,0.42857142857142855,1.0,-0.037156954
14.0,0.5,1.0,-0.031625032
14.0,0.5714285714285714,1.0,-0.02808512
14.0,0.6428571428571428,1.0,-0.026996419
14.0,0.7142857142857142,1.0,-0.02657742
14.0,0.7857142857142857,1.0,-0.026825067
14.0,0.8571428571428571,1.0,-0.030761767
14.0,0.9285714285714285,1.0,-0.042297043
14.0,1.0,1.0,-0.06383042
15.0,0.0,0.0,-0.032509208
15.0,0.07142857142857142,0.0,-0.025565298
15.0,0.14285714285714285,0.0,-0.024531417
15.0,0.21428571428571427,0.0,-0.027172487
15.0,0.2857142857142857,0.0,-0.030178191
15.0,0.3571428571428571,0.0,-0.02994531
15.0,0.42857142857142855,0.0,-0.026546886
15.0,0.5,0.0,-0.027151447
15.0,0.5714285714285714,0.0,-0.034953713
15.0,0.6428571428571428,0.0,-0.0411868
15.0,0.7142857142857142,0.0,-0.039466653
15.0,0.7857142857142857,0.0,-0.03434786
15.0,0.8571428571428571,0.0,-0.034078013
15.0,0.9285714285714285,0.0,-0.04337719
15.0,1.0,0.0,-0.062964976
15.0,0.0,0.07142857142857142,-0.023393536
15.0,0.07142857142857142,0.07142857142857142,0.0052797124
15.0,0.14285714285714285,0.07142857142857142,0.028823629
15.0,0.21428571428571427,0.07142857142857142,0.048731446
15.0,0.2857142857142857,0.07142857142857142,0.06793896
15.0,0.3571428571428571,0.07142857142857142,0.09000076
15.0,0.42857142857142855,0.07142857142857142,0.11225246
15.0,0.5,0.07142857142857142,0.11964754
15.0,0.5714285714285714,0.07142857142857142,0.104870625
15.0,0.6428571428571428,0.07142857142857142,0.082622
15.0,0.7142857142857142,0.07142857142857142,0.065070026
15.0,0.7857142857142857,0.07142857142857142,0.048743077
15.0,0.8571428571428571,0.07142857142857142,0.026271544
15.0,0.9285714285714285,0.07142857142857142,-0.005131468
15.0,1.0,0.07142857142857142,-0.044939794
15.0,0.0,0.14285714285714285,-0.023338512
15.0,0.07142857142857142,0.14285714285714285,0.028734114
15.0,0.14285714285714285,0.14285714285714285,0.076410845
15.0,0.21428571428571427,0.14285714285714285,0.11997431
15.0,0.2857142857142857,0.14285714285714285,0.16163683
15.0,0.3571428571428571,0.14285714285714285,0.20528492
15.0,0.42857142857142855,0.14285714285714285,0.246551
15.0,0.5,0.14285714285714285,0.26215357
15.0,0.5714285714285714,0.14285714285714285,0.23962885
15.0,0.6428571428571428,0.14285714285714285,0.19970435
15.0,0.7142857142857142,0.14285714285714285,0.16090563
15.0,0.7857142857142857,0.14285714285714285,0.12144772
15.0,0.8571428571428571,0.14285714285714285,0.075582534
15.0,0.9285714285714285,0.14285714285714285,0.022300303
15.0,1.0,0.14285714285714285,-0.03733571
15.0,0.0,0.21428571428571427,-0.029092867
15.0,0.07142857142857142,0.21428571428571427,0.047281362
15.0,0.14285714285714285,0.21428571428571427,0.119353674
15.0,0.21428571428571427,0.21428571428571427,0.18564042
15.0,0.2857142857142857,0.21428571428571427,0.24764267
15.0,0.3571428571428571,0.21428571428571427,0.31047842
15.0,0.42857142857142855,0.21428571428571427,0.36950964
15.0,0.5,0.21428571428571427,0.39373404
15.0,0.5714285714285714,0.21428571428571427,0.36435568
15.0,0.6428571428571428,0.21428571428571427,0.30716276
15.0,0.7142857142857142,0.21428571428571427,0.24740398
15.0,0.7857142857142857,0.21428571428571427,0.18558621
15.0,0.8571428571428571,0.21428571428571427,0.11762475
15.0,0.9285714285714285,0.21428571428571427,0.043498255
15.0,1.0,0.21428571428571427,-0.035544008
15.0,0.0,0.2857142857142857,-0.035945375
15.0,0.07142857142857142,0.2857142857142857,0.06501069
15.0,0.14285714285714285,0.2857142857142857,0.1610274
15.0,0.21428571428571427,0.2857142857142857,0.24824351
15.0,0.2857142857142857,0.2857142857142857,0.3278874
15.0,0.3571428571428571,0.2857142857142857,0.4075428
15.0,0.42857142857142855,0.2857142857142857,0.48353425
15.0,0.5,0.2857142857142857,0.5174554
15.0,0.5714285714285714,0.2857142857142857,0.48250285
15.0,0.6428571428571428,0.2857142857142857,0.40868708
15.0,0.7142857142857142,0.2857142857142857,0.3290356
15.0,0.7857142857142857,0.2857142857142857,0.24675792
15.0,0.8571428571428571,0.2857142857142857,0.15853173
15.0,0.9285714285714285,0.2857142857142857,0.064360626
15.0,1.0,0.2857142857142857,-0.033975326
15.0,0.0,0.3571428571428571,-0.039684467
15.0,0.07142857142857142,0.3571428571428571,0.08497638
15.0,0.14285714285714285,0.3571428571428571,0.20428988
15.0,0.21428571428571427,0.3571428571428571,0.311534
15.0,0.2857142857142857,0.3571428571428571,0.4079175
15.0,0.3571428571428571,0.3571428571428571,0.5039298
15.0,0.42857142857142855,0.3571428571428571,0.59713125
15.0,0.5,0.3571428571428571,0.64157116
15.0,0.5714285714285714,0.3571428571428571,0.6009055
15.0,0.6428571428571428,0.3571428571428571,0.5097831
15.0,0.7142857142857142,0.3571428571428571,0.4106941
15.0,0.7857142857142857,0.3571428571428571,0.30952913
15.0,0.8571428571428571,0.3571428571428571,0.20234963
15.0,0.9285714285714285,0.3571428571428571,0.08859476
15.0,1.0,0.3571428571428571,-0.028605707
15.0,0.0,0.42857142857142855,-0.039505493
15.0,0.07142857142857142,0.42857142857142855,0.104156755
15.0,0.14285714285714285,0.42857142857142855,0.24360397
15.0,0.21428571428571427,0.42857142857142855,0.36974192
15.0,0.2857142857142857,0.42857142857142855,0.48338136
15.0,0.3571428571428571,0.42857142857142855,0.5965253
15.0,0.42857142857142855,0.42857142857142855,0.7068258
15.0,0.5,0.42857142857142855,0.7606782
15.0,0.5714285714285714,0.42857142857142855,0.7123743
15.0,0.6428571428571428,0.42857142857142855,0.6027908
15.0,0.7142857142857142,0.42857142857142855,0.48491323
15.0,0.7857142857142857,0.42857142857142855,0.3669013
15.0,0.8571428571428571,0.42857142857142855,0.2431173
15.0,0.9285714285714285,0.42857142857142855,0.11227009
15.0,1.0,0.42857142857142855,-0.020666644
15.0,0.0,0.5,-0.03855075
15.0,0.07142857142857142,0.5,0.11205364
15.0,0.14285714285714285,0.5,0.25943038
15.0,0.21428571428571427,0.5,0.39426085
15.0,0.2857142857142857,0.5,0.51751006
15.0,0.3571428571428571,0.5,0.6412261
15.0,0.42857142857142855,0.5,0.76168096
15.0,0.5,0.5,0.81985676
15.0,0.5714285714285714,0.5,0.7651162
15.0,0.6428571428571428,0.5,0.6441919
15.0,0.7142857142857142,0.5,0.5170144
15.0,0.7857142857142857,0.5,0.39203852
15.0,0.8571428571428571,0.5,0.26125786
15.0,0.9285714285714285,0.5,0.122768275
15.0,1.0,0.5,-0.01683344
15.0,0.0,0.5714285714285714,-0.038942493
15.0,0.07142857142857142,0.5714285714285714,0.103346966
15.0,0.14285714285714285,0.5714285714285714,0.24078703
15.0,0.21428571428571427,0.5714285714285714,0.36617005
15.0,0.2857142857142857,0.5714285714285714,0.48188388
15.0,0.3571428571428571,0.5714285714285714,0.59888756
15.0,0.42857142857142855,0.5714285714285714,0.71151185
15.0,0.5,0.5714285714285714,0.7638844
15.0,0.5714285714285714,0.5714285714285714,0.7104862
15.0,0.6428571428571428,0.5714285714285714,0.5971603
15.0,0.7142857142857142,0.5714285714285714,0.48028502
15.0,0.7857142857142857,0.5714285714285714,0.36573964
15.0,0.8571428571428571,0.5714285714285714,0.24380144
15.0,0.9285714285714285,0.5714285714285714,0.1124927
15.0,1.0,0.5714285714285714,-0.020844117
15.0,0.0,0.6428571428571428,-0.038597576
15.0,0.07142857142857142,0.6428571428571428,0.08572341
15.0,0.14285714285714285,0.6428571428571428,0.20304564
15.0,0.21428571428571427,0.6428571428571428,0.30958852
15.0,0.2857142857142857,0.6428571428571428,0.40912712
15.0,0.3571428571428571,0.6428571428571428,0.5095244
15.0,0.42857142857142855,0.6428571428571428,0.6024831
15.0,0.5,0.6428571428571428,0.64299715
15.0,0.5714285714285714,0.6428571428571428,0.597813
15.0,0.6428571428571428,0.6428571428571428,0.503843
15.0,0.7142857142857142,0.6428571428571428,0.4063096
15.0,0.7857142857142857,0.6428571428571428,0.3097693
15.0,0.8571428571428571,0.6428571428571428,0.20532024
15.0,0.9285714285714285,0.6428571428571428,0.09097973
15.0,1.0,0.6428571428571428,-0.027043555
15.0,0.0,0.7142857142857142,-0.035694413
15.0,0.07142857142857142,0.7142857142857142,0.06682955
15.0,0.14285714285714285,0.7142857142857142,0.16124263
15.0,0.21428571428571427,0.7142857142857142,0.2471695
15.0,0.2857142857142857,0.7142857142857142,0.3292368
15.0,0.3571428571428571,0.7142857142857142,0.41196522
15.0,0.42857142857142855,0.7142857142857142,0.48530608
15.0,0.5,0.7142857142857142,0.5159466
15.0,0.5714285714285714,0.7142857142857142,0.4817238
15.0,0.6428571428571428,0.7142857142857142,0.4081282
15.0,0.7142857142857142,0.7142857142857142,0.32878098
15.0,0.7857142857142857,0.7142857142857142,0.249479
15.0,0.8571428571428571,0.7142857142857142,0.1639556
15.0,0.9285714285714285,0.7142857142857142,0.06979028
15.0,1.0,0.7142857142857142,-0.0294004
15.0,0.0,0.7857142857142857,-0.030965924
15.0,0.07142857142857142,0.7857142857142857,0.04849548
15.0,0.14285714285714285,0.7857142857142857,0.119416736
15.0,0.21428571428571427,0.7857142857142857,0.18407568
15.0,0.2857142857142857,0.7857142857142857,0.24755526
15.0,0.3571428571428571,0.7857142857142857,0.31201735
15.0,0.42857142857142855,0.7857142857142857,0.3674032
15.0,0.5,0.7857142857142857,0.39019817
15.0,0.5714285714285714,0.7857142857142857,0.36614203
15.0,0.6428571428571428,0.7857142857142857,0.31127352
15.0,0.7142857142857142,0.7857142857142857,0.24944687
15.0,0.7857142857142857,0.7857142857142857,0.1875593
15.0,0.8571428571428571,0.7857142857142857,0.12174434
15.0,0.9285714285714285,0.7857142857142857,0.048836738
15.0,1.0,0.7857142857142857,-0.030250594
15.0,0.0,0.8571428571428571,-0.026640788
15.0,0.07142857142857142,0.8571428571428571,0.029475424
15.0,0.14285714285714285,0.8571428571428571,0.07668048
15.0,0.21428571428571427,0.8571428571428571,0.11895674
15.0,0.2857142857142857,0.8571428571428571,0.16150126
15.0,0.3571428571428571,0.8571428571428571,0.20543951
15.0,0.42857142857142855,0.8571428571428571,0.24273103
15.0,0.5,0.8571428571428571,0.25815487
15.0,0.5714285714285714,0.8571428571428571,0.2430194
15.0,0.6428571428571428,0.8571428571428571,0.20645338
15.0,0.7142857142857142,0.8571428571428571,0.16381928
15.0,0.7857142857142857,0.8571428571428571,0.12109911
15.0,0.8571428571428571,0.8571428571428571,0.07572491
15.0,0.9285714285714285,0.8571428571428571,0.024024721
15.0,1.0,0.8571428571428571,-0.034980975
15.0,0.0,0.9285714285714285,-0.02655194
15.0,0.07142857142857142,0.9285714285714285,0.0060145147
15.0,0.14285714285714285,0.9285714285714285,0.029033482
15.0,0.21428571428571427,0.9285714285714285,0.047373347
15.0,0.2857142857142857,0.9285714285714285,0.06627671
15.0,0.3571428571428571,0.9285714285714285,0.0874483
15.0,0.42857142857142855,0.9285714285714285,0.10669708
15.0,0.5,0.9285714285714285,0.11583399
15.0,0.5714285714285714,0.9285714285714285,0.10973463
15.0,0.6428571428571428,0.9285714285714285,0.09216341
15.0,0.7142857142857142,0.9285714285714285,0.0708772
15.0,0.7857142857142857,0.9285714285714285,0.049135923
15.0,0.8571428571428571,0.9285714285714285,0.02458901
15.0,0.9285714285714285,0.9285714285714285,-0.00657377
15.0,1.0,0.9285714285714285,-0.04632798
15.0,0.0,1.0,-0.036483712
15.0,0.07142857142857142,1.0,-0.027846096
15.0,0.14285714285714285,1.0,-0.029293515
15.0,0.21428571428571427,1.0,-0.03539877
15.0,0.2857142857142857,1.0,-0.04047883
15.0,0.3571428571428571,1.0,-0.041014045
15.0,0.42857142857142855,1.0,-0.03699491
15.0,0.5,1.0,-0.03156904
15.0,0.5714285714285714,1.0,-0.028169468
15.0,0.6428571428571428,1.0,-0.027197078
15.0,0.7142857142857142,1.0,-0.026997194
15.0,0.7857142857142857,1.0,-0.02754723
15.0,0.8571428571428571,1.0,-0.031706996
15.0,0.9285714285714285,1.0,-0.0433147
15.0,1.0,1.0,-0.0648341
16.0,0.0,0.0,-0.033247415
16.0,0.07142857142857142,0.0,-0.026131239
16.0,0.14285714285714285,0.0,-0.024978647
16.0,0.21428571428571427,0.0,-0.027607018
16.0,0.2857142857142857,0.0,-0.030692577
16.0,0.3571428571428571,0.0,-0.030523568
16.0,0.42857142857142855,0.0,-0.027090572
16.0,0.5,0.0,-0.027515572
16.0,0.5714285714285714,0.0,-0.035042413
16.0,0.6428571428571428,0.0,-0.04120426
16.0,0.7142857142857142,0.0,-0.03958796
16.0,0.7857142857142857,0.0,-0.034464255
16.0,0.8571428571428571,0.0,-0.034054425
16.0,0.9285714285714285,0.0,-0.0432285
16.0,1.0,0.0,-0.06279679
16.0,0.0,0.07142857142857142,-0.024146074
16.0,0.07142857142857142,0.07142857142857142,0.0047423784
16.0,0.14285714285714285,0.07142857142857142,0.028492998
16.0,0.21428571428571427,0.07142857142857142,0.04853871
16.0,0.2857142857142857,0.07142857142857142,0.06777581
16.0,0.3571428571428571,0.07142857142857142,0.08974958
16.0,0.42857142857142855,0.07142857142857142,0.111763306
16.0,0.5,0.07142857142857142,0.11904321
16.0,0.5714285714285714,0.07142857142857142,0.104511805
16.0,0.6428571428571428,0.07142857142857142,0.082339965
16.0,0.7142857142857142,0.07142857142857142,0.064641155
16.0,0.7857142857142857,0.07142857142857142,0.048316725
16.0,0.8571428571428571,0.07142857142857142,0.025973149
16.0,0.9285714285714285,0.07142857142857142,-0.0053613633
16.0,1.0,0.07142857142857142,-0.045215078
16.0,0.0,0.14285714285714285,-0.024001801
16.0,0.07142857142857142,0.14285714285714285,0.028249238
16.0,0.14285714285714285,0.14285714285714285,0.07610988
16.0,0.21428571428571427,0.14285714285714285,0.11982905
16.0,0.2857142857142857,0.14285714285714285,0.16157255
16.0,0.3571428571428571,0.14285714285714285,0.2050893
16.0,0.42857142857142855,0.14285714285714285,0.24578139
16.0,0.5,0.14285714285714285,0.26095438
16.0,0.5714285714285714,0.14285714285714285,0.23879641
16.0,0.6428571428571428,0.14285714285714285,0.19913343
16.0,0.7142857142857142,0.14285714285714285,0.16026133
16.0,0.7857142857142857,0.14285714285714285,0.12084254
16.0,0.8571428571428571,0.14285714285714285,0.07507681
16.0,0.9285714285714285,0.14285714285714285,0.02179519
16.0,1.0,0.14285714285714285,-0.037934884
16.0,0.0,0.21428571428571427,-0.029536169
16.0,0.07142857142857142,0.21428571428571427,0.046926722
16.0,0.14285714285714285,0.21428571428571427,0.1190651
16.0,0.21428571428571427,0.21428571428571427,0.18544358
16.0,0.2857142857142857,0.21428571428571427,0.24759594
16.0,0.3571428571428571,0.21428571428571427,0.31038406
16.0,0.42857142857142855,0.21428571428571427,0.3686136
16.0,0.5,0.21428571428571427,0.39216408
16.0,0.5714285714285714,0.21428571428571427,0.36338264
16.0,0.6428571428571428,0.21428571428571427,0.30671373
16.0,0.7142857142857142,0.21428571428571427,0.24693513
16.0,0.7857142857142857,0.21428571428571427,0.18510252
16.0,0.8571428571428571,0.21428571428571427,0.11713406
16.0,0.9285714285714285,0.21428571428571427,0.042929985
16.0,1.0,0.21428571428571427,-0.03622941
16.0,0.0,0.2857142857142857,-0.036135875
16.0,0.07142857142857142,0.2857142857142857,0.0648195
16.0,0.14285714285714285,0.2857142857142857,0.16073337
16.0,0.21428571428571427,0.2857142857142857,0.24794206
16.0,0.2857142857142857,0.2857142857142857,0.32786897
16.0,0.3571428571428571,0.2857142857142857,0.40770677
16.0,0.42857142857142855,0.2857142857142857,0.48277393
16.0,0.5,0.2857142857142857,0.51580495
16.0,0.5714285714285714,0.2857142857142857,0.4817192
16.0,0.6428571428571428,0.2857142857142857,0.40871167
16.0,0.7142857142857142,0.2857142857142857,0.32900345
16.0,0.7857142857142857,0.2857142857142857,0.24653935
16.0,0.8571428571428571,0.2857142857142857,0.15818042
16.0,0.9285714285714285,0.2857142857142857,0.06391535
16.0,1.0,0.2857142857142857,-0.034500703
16.0,0.0,0.3571428571428571,-0.039808616
16.0,0.07142857142857142,0.3571428571428571,0.08479967
16.0,0.14285714285714285,0.3571428571428571,0.20383587
16.0,0.21428571428571427,0.3571428571428571,0.3109426
16.0,0.2857142857142857,0.3571428571428571,0.40770522
16.0,0.3571428571428571,0.3571428571428571,0.5040686
16.0,0.42857142857142855,0.3571428571428571,0.5961405
16.0,0.5,0.3571428571428571,0.6393849
16.0,0.5714285714285714,0.3571428571428571,0.5998583
16.0,0.6428571428571428,0.3571428571428571,0.5098659
16.0,0.7142857142857142,0.3571428571428571,0.41066897
16.0,0.7857142857142857,0.3571428571428571,0.30919573
16.0,0.8571428571428571,0.3571428571428571,0.20193347
16.0,0.9285714285714285,0.3571428571428571,0.08826057
16.0,1.0,0.3571428571428571,-0.028869905
16.0,0.0,0.42857142857142855,-0.039857816
16.0,0.07142857142857142,0.42857142857142855,0.103711724
16.0,0.14285714285714285,0.42857142857142855,0.2427096
16.0,0.21428571428571427,0.42857142857142855,0.36847472
16.0,0.2857142857142857,0.42857142857142855,0.48230013
16.0,0.3571428571428571,0.42857142857142855,0.59558034
16.0,0.42857142857142855,0.42857142857142855,0.7042998
16.0,0.5,0.42857142857142855,0.75654703
16.0,0.5714285714285714,0.42857142857142855,0.7096649
16.0,0.6428571428571428,0.42857142857142855,0.60166717
16.0,0.7142857142857142,0.42857142857142855,0.48386243
16.0,0.7857142857142857,0.42857142857142855,0.36574647
16.0,0.8571428571428571,0.42857142857142855,0.24226704
16.0,0.9285714285714285,0.42857142857142855,0.11190762
16.0,1.0,0.42857142857142855,-0.020715453
16.0,0.0,0.5,-0.03914459
16.0,0.07142857142857142,0.5,0.111354925
16.0,0.14285714285714285,0.5,0.2582224
16.0,0.21428571428571427,0.5,0.3925399
16.0,0.2857142857142857,0.5,0.5157471
16.0,0.3571428571428571,0.5,0.6393121
16.0,0.42857142857142855,0.5,0.75788724
16.0,0.5,0.5,0.81422895
16.0,0.5714285714285714,0.5,0.7610504
16.0,0.6428571428571428,0.5,0.642035
16.0,0.7142857142857142,0.5,0.51516247
16.0,0.7857142857142857,0.5,0.39035356
16.0,0.8571428571428571,0.5,0.2602318
16.0,0.9285714285714285,0.5,0.12251601
16.0,1.0,0.5,-0.016660482
16.0,0.0,0.5714285714285714,-0.039478585
16.0,0.07142857142857142,0.5714285714285714,0.10277193
16.0,0.14285714285714285,0.5714285714285714,0.23989666
16.0,0.21428571428571427,0.5714285714285714,0.36504596
16.0,0.2857142857142857,0.5714285714285714,0.4809504
16.0,0.3571428571428571,0.5714285714285714,0.59800774
16.0,0.42857142857142855,0.5714285714285714,0.70919055
16.0,0.5,0.5714285714285714,0.76005393
16.0,0.5714285714285714,0.5714285714285714,0.707972
16.0,0.6428571428571428,0.5714285714285714,0.5962007
16.0,0.7142857142857142,0.5714285714285714,0.47935846
16.0,0.7857142857142857,0.5714285714285714,0.36475813
16.0,0.8571428571428571,0.5714285714285714,0.24330291
16.0,0.9285714285714285,0.5714285714285714,0.11260059
16.0,1.0,0.5714285714285714,-0.020474896
16.0,0.0,0.6428571428571428,-0.03888531
16.0,0.07142857142857142,0.6428571428571428,0.0854326
16.0,0.14285714285714285,0.6428571428571428,0.20263684
16.0,0.21428571428571427,0.6428571428571428,0.30922058
16.0,0.2857142857142857,0.6428571428571428,0.40911335
16.0,0.3571428571428571,0.6428571428571428,0.50968015
16.0,0.42857142857142855,0.6428571428571428,0.6017084
16.0,0.5,0.6428571428571428,0.64117837
16.0,0.5714285714285714,0.6428571428571428,0.59689283
16.0,0.6428571428571428,0.6428571428571428,0.5039929
16.0,0.7142857142857142,0.6428571428571428,0.40631017
16.0,0.7857142857142857,0.6428571428571428,0.30950058
16.0,0.8571428571428571,0.6428571428571428,0.20521927
16.0,0.9285714285714285,0.6428571428571428,0.09117811
16.0,1.0,0.6428571428571428,-0.026777953
16.0,0.0,0.7142857142857142,-0.03576126
16.0,0.07142857142857142,0.7142857142857142,0.06668344
16.0,0.14285714285714285,0.7142857142857142,0.16099384
16.0,0.21428571428571427,0.7142857142857142,0.24698055
16.0,0.2857142857142857,0.7142857142857142,0.3292998
16.0,0.3571428571428571,0.7142857142857142,0.4120748
16.0,0.42857142857142855,0.7142857142857142,0.4847011
16.0,0.5,0.7142857142857142,0.51457345
16.0,0.5714285714285714,0.7142857142857142,0.48092598
16.0,0.6428571428571428,0.7142857142857142,0.4081782
16.0,0.7142857142857142,0.7142857142857142,0.32882398
16.0,0.7857142857142857,0.7142857142857142,0.24928552
16.0,0.8571428571428571,0.7142857142857142,0.1637649
16.0,0.9285714285714285,0.7142857142857142,0.06971132
16.0,1.0,0.7142857142857142,-0.029489465
16.0,0.0,0.7857142857142857,-0.030899003
16.0,0.07142857142857142,0.7857142857142857,0.04832568
16.0,0.14285714285714285,0.7857142857142857,0.11903409
16.0,0.21428571428571427,0.7857142857142857,0.18365324
16.0,0.2857142857142857,0.7857142857142857,0.24726942
16.0,0.3571428571428571,0.7857142857142857,0.31172717
16.0,0.42857142857142855,0.7857142857142857,0.366591
16.0,0.5,0.7857142857142857,0.38884524
16.0,0.5714285714285714,0.7857142857142857,0.3651604
16.0,0.6428571428571428,0.7857142857142857,0.31096387
16.0,0.7142857142857142,0.7857142857142857,0.24924034
16.0,0.7857142857142857,0.7857142857142857,0.1871742
16.0,0.8571428571428571,0.7857142857142857,0.12129878
16.0,0.9285714285714285,0.7857142857142857,0.048439115
16.0,1.0,0.7857142857142857,-0.030648328
16.0,0.0,0.8571428571428571,-0.026492983
16.0,0.07142857142857142,0.8571428571428571,0.029207055
16.0,0.14285714285714285,0.8571428571428571,0.07607349
16.0,0.21428571428571427,0.8571428571428571,0.11825823
16.0,0.2857142857142857,0.8571428571428571,0.16097426
16.0,0.3571428571428571,0.8571428571428571,0.20504537
16.0,0.42857142857142855,0.8571428571428571,0.24208266
16.0,0.5,0.8571428571428571,0.25715658
16.0,0.5714285714285714,0.8571428571428571,0.24218276
16.0,0.6428571428571428,0.8571428571428571,0.20600712
16.0,0.7142857142857142,0.8571428571428571,0.16342077
16.0,0.7857142857142857,0.8571428571428571,0.12051994
16.0,0.8571428571428571,0.8571428571428571,0.07505629
16.0,0.9285714285714285,0.8571428571428571,0.023400564
16.0,1.0,0.8571428571428571,-0.03555371
16.0,0.0,0.9285714285714285,-0.026357252
16.0,0.07142857142857142,0.9285714285714285,0.005643554
16.0,0.14285714285714285,0.9285714285714285,0.028261393
16.0,0.21428571428571427,0.9285714285714285,0.046561472
16.0,0.2857142857142857,0.9285714285714285,0.065783605
16.0,0.3571428571428571,0.9285714285714285,0.08730351
16.0,0.42857142857142855,0.9285714285714285,0.10656268
16.0,0.5,0.9285714285714285,0.11548624
16.0,0.5714285714285714,0.9285714285714285,0.10934416
16.0,0.6428571428571428,0.9285714285714285,0.09185154
16.0,0.7142857142857142,0.9285714285714285,0.070469044
16.0,0.7857142857142857,0.9285714285714285,0.048496734
16.0,0.8571428571428571,0.9285714285714285,0.023811981
16.0,0.9285714285714285,0.9285714285714285,-0.0073278174
16.0,1.0,0.9285714285714285,-0.046998773
16.0,0.0,1.0,-0.036306113
16.0,0.07142857142857142,1.0,-0.028308082
16.0,0.14285714285714285,1.0,-0.030123
16.0,0.21428571428571427,1.0,-0.03615366
16.0,0.2857142857142857,1.0,-0.040777195
16.0,0.3571428571428571,1.0,-0.040810704
16.0,0.42857142857142855,1.0,-0.03659019
16.0,0.5,1.0,-0.031265557
16.0,0.5714285714285714,1.0,-0.02802544
16.0,0.6428571428571428,1.0,-0.027198859
16.0,0.7142857142857142,1.0,-0.027237628
16.0,0.7857142857142857,1.0,-0.028093137
16.0,0.8571428571428571,1.0,-0.032469686
16.0,0.9285714285714285,1.0,-0.044123232
16.0,1.0,1.0,-0.06557622
17.0,0.0,0.0,-0.033824697
17.0,0.07142857142857142,0.0,-0.02655708
17.0,0.14285714285714285,0.0,-0.025300125
17.0,0.21428571428571427,0.0,-0.027915122
17.0,0.2857142857142857,0.0,-0.03106093
17.0,0.3571428571428571,0.0,-0.030923553
17.0,0.42857142857142855,0.0,-0.027430927
17.0,0.5,0.0,-0.02765931
17.0,0.5714285714285714,0.0,-0.034905322
17.0,0.6428571428571428,0.0,-0.041010585
17.0,0.7142857142857142,0.0,-0.039524533
17.0,0.7857142857142857,0.0,-0.03440696
17.0,0.8571428571428571,0.0,-0.033836294
17.0,0.9285714285714285,0.0,-0.04284452
17.0,1.0,0.0,-0.06234786
17.0,0.0,0.07142857142857142,-0.02474682
17.0,0.07142857142857142,0.07142857142857142,0.0043150224
17.0,0.14285714285714285,0.07142857142857142,0.028234184
17.0,0.21428571428571427,0.07142857142857142,0.048393972
17.0,0.2857142857142857,0.07142857142857142,0.06765802
17.0,0.3571428571428571,0.07142857142857142,0.08955178
17.0,0.42857142857142855,0.07142857142857142,0.111328475
17.0,0.5,0.07142857142857142,0.11850185
17.0,0.5714285714285714,0.07142857142857142,0.10423022
17.0,0.6428571428571428,0.07142857142857142,0.082138576
17.0,0.7142857142857142,0.07142857142857142,0.064284384
17.0,0.7857142857142857,0.07142857142857142,0.04796993
17.0,0.8571428571428571,0.07142857142857142,0.025797918
17.0,0.9285714285714285,0.07142857142857142,-0.005405307
17.0,1.0,0.07142857142857142,-0.04524085
17.0,0.0,0.14285714285714285,-0.024517156
17.0,0.07142857142857142,0.14285714285714285,0.027847964
17.0,0.14285714285714285,0.14285714285714285,0.07583284
17.0,0.21428571428571427,0.14285714285714285,0.11966645
17.0,0.2857142857142857,0.14285714285714285,0.1614821
17.0,0.3571428571428571,0.14285714285714285,0.20487568
17.0,0.42857142857142855,0.14285714285714285,0.24499771
17.0,0.5,0.14285714285714285,0.25975886
17.0,0.5714285714285714,0.14285714285714285,0.23797935
17.0,0.6428571428571428,0.14285714285714285,0.19858158
17.0,0.7142857142857142,0.14285714285714285,0.15962675
17.0,0.7857142857142857,0.14285714285714285,0.12025916
17.0,0.8571428571428571,0.14285714285714285,0.07464592
17.0,0.9285714285714285,0.14285714285714285,0.021440692
17.0,1.0,0.14285714285714285,-0.038304895
17.0,0.0,0.21428571428571427,-0.029829443
17.0,0.07142857142857142,0.21428571428571427,0.046635076
17.0,0.14285714285714285,0.21428571428571427,0.118763156
17.0,0.21428571428571427,0.21428571428571427,0.1851908
17.0,0.2857142857142857,0.21428571428571427,0.24749923
17.0,0.3571428571428571,0.21428571428571427,0.31026405
17.0,0.42857142857142855,0.21428571428571427,0.3677123
17.0,0.5,0.21428571428571427,0.3906201
17.0,0.5714285714285714,0.21428571428571427,0.36242676
17.0,0.6428571428571428,0.21428571428571427,0.30627042
17.0,0.7142857142857142,0.21428571428571427,0.2464523
17.0,0.7857142857142857,0.21428571428571427,0.1846076
17.0,0.8571428571428571,0.21428571428571427,0.11668401
17.0,0.9285714285714285,0.21428571428571427,0.042485222
17.0,1.0,0.21428571428571427,-0.036697865
17.0,0.0,0.2857142857142857,-0.036160003
17.0,0.07142857142857142,0.2857142857142857,0.06468203
17.0,0.14285714285714285,0.2857142857142857,0.16040435
17.0,0.21428571428571427,0.2857142857142857,0.24757707
17.0,0.2857142857142857,0.2857142857142857,0.32782054
17.0,0.3571428571428571,0.2857142857142857,0.4078733
17.0,0.42857142857142855,0.2857142857142857,0.48204112
17.0,0.5,0.2857142857142857,0.51421833
17.0,0.5714285714285714,0.2857142857142857,0.4809611
17.0,0.6428571428571428,0.2857142857142857,0.4087314
17.0,0.7142857142857142,0.2857142857142857,0.32893947
17.0,0.7857142857142857,0.2857142857142857,0.24628243
17.0,0.8571428571428571,0.2857142857142857,0.15783843
17.0,0.9285714285714285,0.2857142857142857,0.06356931
17.0,1.0,0.2857142857142857,-0.034817733
17.0,0.0,0.3571428571428571,-0.039730392
17.0,0.07142857142857142,0.3571428571428571,0.08468511
17.0,0.14285714285714285,0.3571428571428571,0.20334685
17.0,0.21428571428571427,0.3571428571428571,0.3103059
17.0,0.2857142857142857,0.3571428571428571,0.4075021
17.0,0.3571428571428571,0.3571428571428571,0.5042353
17.0,0.42857142857142855,0.3571428571428571,0.59519225
17.0,0.5,0.3571428571428571,0.63728064
17.0,0.5714285714285714,0.3571428571428571,0.5988278
17.0,0.6428571428571428,0.3571428571428571,0.5099264
17.0,0.7142857142857142,0.3571428571428571,0.41060108
17.0,0.7857142857142857,0.3571428571428571,0.30880716
17.0,0.8571428571428571,0.3571428571428571,0.20150286
17.0,0.9285714285714285,0.3571428571428571,0.08800731
17.0,1.0,0.3571428571428571,-0.028931372
17.0,0.0,0.42857142857142855,-0.03996023
17.0,0.07142857142857142,0.42857142857142855,0.10336127
17.0,0.14285714285714285,0.42857142857142855,0.24180418
17.0,0.21428571428571427,0.42857142857142855,0.36719394
17.0,0.2857142857142857,0.42857142857142855,0.48126736
17.0,0.3571428571428571,0.42857142857142855,0.59469295
17.0,0.42857142857142855,0.42857142857142855,0.7018448
17.0,0.5,0.42857142857142855,0.75254035
17.0,0.5714285714285714,0.42857142857142855,0.70699906
17.0,0.6428571428571428,0.42857142857142855,0.60055
17.0,0.7142857142857142,0.42857142857142855,0.4828087
17.0,0.7857142857142857,0.42857142857142855,0.36456046
17.0,0.8571428571428571,0.42857142857142855,0.24140477
17.0,0.9285714285714285,0.42857142857142855,0.11162173
17.0,1.0,0.42857142857142855,-0.020556852
17.0,0.0,0.5,-0.039454624
17.0,0.07142857142857142,0.5,0.110780515
17.0,0.14285714285714285,0.5,0.25702995
17.0,0.21428571428571427,0.5,0.3908309
17.0,0.2857142857142857,0.5,0.5140547
17.0,0.3571428571428571,0.5,0.63747746
17.0,0.42857142857142855,0.5,0.75419074
17.0,0.5,0.5,0.80876315
17.0,0.5714285714285714,0.5,0.75707304
17.0,0.6428571428571428,0.5,0.6399366
17.0,0.7142857142857142,0.5,0.51336163
17.0,0.7857142857142857,0.5,0.38866943
17.0,0.8571428571428571,0.5,0.25920045
17.0,0.9285714285714285,0.5,0.122340105
17.0,1.0,0.5,-0.016272523
17.0,0.0,0.5714285714285714,-0.03973514
17.0,0.07142857142857142,0.5714285714285714,0.10232306
17.0,0.14285714285714285,0.5714285714285714,0.23902678
17.0,0.21428571428571427,0.5714285714285714,0.36392432
17.0,0.2857142857142857,0.5714285714285714,0.4800495
17.0,0.3571428571428571,0.5714285714285714,0.5971532
17.0,0.42857142857142855,0.5714285714285714,0.70690006
17.0,0.5,0.5714285714285714,0.7563156
17.0,0.5714285714285714,0.5714285714285714,0.70551115
17.0,0.6428571428571428,0.5714285714285714,0.59528273
17.0,0.7142857142857142,0.5714285714285714,0.478472
17.0,0.7857142857142857,0.5714285714285714,0.36376393
17.0,0.8571428571428571,0.5714285714285714,0.24278337
17.0,0.9285714285714285,0.5714285714285714,0.1127768
17.0,1.0,0.5714285714285714,-0.019887581
17.0,0.0,0.6428571428571428,-0.038921222
17.0,0.07142857142857142,0.6428571428571428,0.08525253
17.0,0.14285714285714285,0.6428571428571428,0.20224148
17.0,0.21428571428571427,0.6428571428571428,0.30883452
17.0,0.2857142857142857,0.6428571428571428,0.40908387
17.0,0.3571428571428571,0.6428571428571428,0.5098122
17.0,0.42857142857142855,0.6428571428571428,0.6009282
17.0,0.5,0.6428571428571428,0.6394223
17.0,0.5714285714285714,0.6428571428571428,0.596023
17.0,0.6428571428571428,0.6428571428571428,0.5041777
17.0,0.7142857142857142,0.6428571428571428,0.40632996
17.0,0.7857142857142857,0.6428571428571428,0.30920205
17.0,0.8571428571428571,0.6428571428571428,0.20508927
17.0,0.9285714285714285,0.6428571428571428,0.09144426
17.0,1.0,0.6428571428571428,-0.026291728
17.0,0.0,0.7142857142857142,-0.03560265
17.0,0.07142857142857142,0.7142857142857142,0.06663869
17.0,0.14285714285714285,0.7142857142857142,0.16075951
17.0,0.21428571428571427,0.7142857142857142,0.24676415
17.0,0.2857142857142857,0.7142857142857142,0.3293208
17.0,0.3571428571428571,0.7142857142857142,0.41213477
17.0,0.42857142857142855,0.7142857142857142,0.48407808
17.0,0.5,0.7142857142857142,0.5132494
17.0,0.5714285714285714,0.7142857142857142,0.48017204
17.0,0.6428571428571428,0.7142857142857142,0.40823886
17.0,0.7142857142857142,0.7142857142857142,0.32885224
17.0,0.7857142857142857,0.7142857142857142,0.24904716
17.0,0.8571428571428571,0.7142857142857142,0.16354787
17.0,0.9285714285714285,0.7142857142857142,0.06970516
17.0,1.0,0.7142857142857142,-0.029358603
17.0,0.0,0.7857142857142857,-0.03061834
17.0,0.07142857142857142,0.7857142857142857,0.048265062
17.0,0.14285714285714285,0.7857142857142857,0.11868297
17.0,0.21428571428571427,0.7857142857142857,0.18321458
17.0,0.2857142857142857,0.7857142857142857,0.24693602
17.0,0.3571428571428571,0.7857142857142857,0.31136975
17.0,0.42857142857142855,0.7857142857142857,0.3657329
17.0,0.5,0.7857142857142857,0.3874948
17.0,0.5714285714285714,0.7857142857142857,0.3641757
17.0,0.6428571428571428,0.7857142857142857,0.31062204
17.0,0.7142857142857142,0.7857142857142857,0.24899119
17.0,0.7857142857142857,0.7857142857142857,0.1867457
17.0,0.8571428571428571,0.7857142857142857,0.1208468
17.0,0.9285714285714285,0.7857142857142857,0.048129633
17.0,1.0,0.7857142857142857,-0.030823488
17.0,0.0,0.8571428571428571,-0.026129298
17.0,0.07142857142857142,0.8571428571428571,0.029069856
17.0,0.14285714285714285,0.8571428571428571,0.075532824
17.0,0.21428571428571427,0.8571428571428571,0.11758169
17.0,0.2857142857142857,0.8571428571428571,0.16043201
17.0,0.3571428571428571,0.8571428571428571,0.20460585
17.0,0.42857142857142855,0.8571428571428571,0.24139205
17.0,0.5,0.8571428571428571,0.2561429
17.0,0.5714285714285714,0.8571428571428571,0.24132678
17.0,0.6428571428571428,0.8571428571428571,0.20552519
17.0,0.7142857142857142,0.8571428571428571,0.16299284
17.0,0.7857142857142857,0.8571428571428571,0.11993196
17.0,0.8571428571428571,0.8571428571428571,0.074421324
17.0,0.9285714285714285,0.8571428571428571,0.022892673
17.0,1.0,0.8571428571428571,-0.035896584
17.0,0.0,0.9285714285714285,-0.025937743
17.0,0.07142857142857142,0.9285714285714285,0.005435301
17.0,0.14285714285714285,0.9285714285714285,0.02761086
17.0,0.21428571428571427,0.9285714285714285,0.04584646
17.0,0.2857142857142857,0.9285714285714285,0.06536462
17.0,0.3571428571428571,0.9285714285714285,0.087211035
17.0,0.42857142857142855,0.9285714285714285,0.10647818
17.0,0.5,0.9285714285714285,0.11519938
17.0,0.5714285714285714,0.9285714285714285,0.10900764
17.0,0.6428571428571428,0.9285714285714285,0.091579325
17.0,0.7142857142857142,0.9285714285714285,0.070104666
17.0,0.7857142857142857,0.9285714285714285,0.04792113
17.0,0.8571428571428571,0.9285714285714285,0.023133032
17.0,0.9285714285714285,0.9285714285714285,-0.007924471
17.0,1.0,0.9285714285714285,-0.047424883
17.0,0.0,1.0,-0.03588947
17.0,0.07142857142857142,1.0,-0.028561227
17.0,0.14285714285714285,1.0,-0.030751575
17.0,0.21428571428571427,1.0,-0.036698297
17.0,0.2857142857142857,1.0,-0.040855926
17.0,0.3571428571428571,1.0,-0.040383343
17.0,0.42857142857142855,1.0,-0.03595624
17.0,0.5,1.0,-0.030729696
17.0,0.5714285714285714,1.0,-0.027663082
17.0,0.6428571428571428,1.0,-0.027008563
17.0,0.7142857142857142,1.0,-0.027299363
17.0,0.7857142857142857,1.0,-0.028461348
17.0,0.8571428571428571,1.0,-0.03304353
17.0,0.9285714285714285,1.0,-0.04471474
17.0,1.0,1.0,-0.066049986
18.0,0.0,0.0,-0.03423904
18.0,0.07142857142857142,0.0,-0.026843768
18.0,0.14285714285714285,0.0,-0.025498707
18.0,0.21428571428571427,0.0,-0.028101658
18.0,0.2857142857142857,0.0,-0.03128803
18.0,0.3571428571428571,0.0,-0.031151595
18.0,0.42857142857142855,0.0,-0.027575888
18.0,0.5,0.0,-0.027595337
18.0,0.5714285714285714,0.0,-0.03455594
18.0,0.6428571428571428,0.0,-0.040616505
18.0,0.7142857142857142,0.0,-0.03928424
18.0,0.7857142857142857,0.0,-0.03418321
18.0,0.8571428571428571,0.0,-0.03343042
18.0,0.9285714285714285,0.0,-0.04222913
18.0,1.0,0.0,-0.061619483
18.0,0.0,0.07142857142857142,-0.0251952
18.0,0.07142857142857142,0.07142857142857142,0.0039963834
18.0,0.14285714285714285,0.07142857142857142,0.028043747
18.0,0.21428571428571427,0.07142857142857142,0.048291706
18.0,0.2857142857142857,0.07142857142857142,0.06758052
18.0,0.3571428571428571,0.07142857142857142,0.08940325
18.0,0.42857142857142855,0.07142857142857142,0.11094469
18.0,0.5,0.07142857142857142,0.118019976
18.0,0.5714285714285714,0.07142857142857142,0.104021266
18.0,0.6428571428571428,0.07142857142857142,0.08201585
18.0,0.7142857142857142,0.07142857142857142,0.06399964
18.0,0.7857142857142857,0.07142857142857142,0.04770212
18.0,0.8571428571428571,0.07142857142857142,0.02574376
18.0,0.9285714285714285,0.07142857142857142,-0.0052648634
18.0,1.0,0.07142857142857142,-0.04501736
18.0,0.0,0.14285714285714285,-0.024886796
18.0,0.07142857142857142,0.14285714285714285,0.027527563
18.0,0.14285714285714285,0.14285714285714285,0.07557588
18.0,0.21428571428571427,0.14285714285714285,0.119483404
18.0,0.2857142857142857,0.14285714285714285,0.16136411
18.0,0.3571428571428571,0.14285714285714285,0.2046439
18.0,0.42857142857142855,0.14285714285714285,0.24420348
18.0,0.5,0.14285714285714285,0.25857326
18.0,0.5714285714285714,0.14285714285714285,0.23718148
18.0,0.6428571428571428,0.14285714285714285,0.19805413
18.0,0.7142857142857142,0.14285714285714285,0.15901002
18.0,0.7857142857142857,0.14285714285714285,0.119702496
18.0,0.8571428571428571,0.14285714285714285,0.07429048
18.0,0.9285714285714285,0.14285714285714285,0.021236107
18.0,1.0,0.14285714285714285,-0.03844563
18.0,0.0,0.21428571428571427,-0.02997671
18.0,0.07142857142857142,0.21428571428571427,0.046402752
18.0,0.14285714285714285,0.21428571428571427,0.11844482
18.0,0.21428571428571427,0.21428571428571427,0.1848827
18.0,0.2857142857142857,0.21428571428571427,0.2473566
18.0,0.3571428571428571,0.21428571428571427,0.31011903
18.0,0.42857142857142855,0.21428571428571427,0.3668082
18.0,0.5,0.21428571428571427,0.38910636
18.0,0.5714285714285714,0.21428571428571427,0.36149302
18.0,0.6428571428571428,0.21428571428571427,0.30583963
18.0,0.7142857142857142,0.21428571428571427,0.24596465
18.0,0.7857142857142857,0.21428571428571427,0.18410772
18.0,0.8571428571428571,0.21428571428571427,0.11627679
18.0,0.9285714285714285,0.21428571428571427,0.04216391
18.0,1.0,0.21428571428571427,-0.03695029
18.0,0.0,0.2857142857142857,-0.03602429
18.0,0.07142857142857142,0.2857142857142857,0.06459149
18.0,0.14285714285714285,0.2857142857142857,0.16003942
18.0,0.21428571428571427,0.2857142857142857,0.2471546
18.0,0.2857142857142857,0.2857142857142857,0.3277483
18.0,0.3571428571428571,0.2857142857142857,0.4080383
18.0,0.42857142857142855,0.2857142857142857,0.4813304
18.0,0.5,0.2857142857142857,0.5126909
18.0,0.5714285714285714,0.2857142857142857,0.4802266
18.0,0.6428571428571428,0.2857142857142857,0.4087479
18.0,0.7142857142857142,0.2857142857142857,0.32885203
18.0,0.7857142857142857,0.2857142857142857,0.24599421
18.0,0.8571428571428571,0.2857142857142857,0.15750778
18.0,0.9285714285714285,0.2857142857142857,0.06332135
18.0,1.0,0.2857142857142857,-0.034930117
18.0,0.0,0.3571428571428571,-0.0394599
18.0,0.07142857142857142,0.3571428571428571,0.08462675
18.0,0.14285714285714285,0.3571428571428571,0.20282465
18.0,0.21428571428571427,0.3571428571428571,0.3096354
18.0,0.2857142857142857,0.3571428571428571,0.4073137
18.0,0.3571428571428571,0.3571428571428571,0.5044214
18.0,0.42857142857142855,0.3571428571428571,0.5942734
18.0,0.5,0.3571428571428571,0.6352481
18.0,0.5714285714285714,0.3571428571428571,0.5978058
18.0,0.6428571428571428,0.3571428571428571,0.50996196
18.0,0.7142857142857142,0.3571428571428571,0.41049838
18.0,0.7857142857142857,0.3571428571428571,0.3083727
18.0,0.8571428571428571,0.3571428571428571,0.20105988
18.0,0.9285714285714285,0.3571428571428571,0.08783104
18.0,1.0,0.3571428571428571,-0.02879513
18.0,0.0,0.42857142857142855,-0.039821006
18.0,0.07142857142857142,0.42857142857142855,0.103098914
18.0,0.14285714285714285,0.42857142857142855,0.2408911
18.0,0.21428571428571427,0.42857142857142855,0.36591324
18.0,0.2857142857142857,0.42857142857142855,0.48028746
18.0,0.3571428571428571,0.42857142857142855,0.5938507
18.0,0.42857142857142855,0.42857142857142855,0.699446
18.0,0.5,0.42857142857142855,0.74864566
18.0,0.5714285714285714,0.42857142857142855,0.7043683
18.0,0.6428571428571428,0.42857142857142855,0.5994336
18.0,0.7142857142857142,0.42857142857142855,0.4817575
18.0,0.7857142857142857,0.42857142857142855,0.36335388
18.0,0.8571428571428571,0.42857142857142855,0.24053264
18.0,0.9285714285714285,0.42857142857142855,0.11140746
18.0,1.0,0.42857142857142855,-0.020200208
18.0,0.0,0.5,-0.039487988
18.0,0.07142857142857142,0.5,0.11032541
18.0,0.14285714285714285,0.5,0.2558577
18.0,0.21428571428571427,0.5,0.3891449
18.0,0.2857142857142857,0.5,0.5124354
18.0,0.3571428571428571,0.5,0.6357094
18.0,0.42857142857142855,0.5,0.75057447
18.0,0.5,0.5,0.8034438
18.0,0.5714285714285714,0.5,0.753173
18.0,0.6428571428571428,0.5,0.6378868
18.0,0.7142857142857142,0.5,0.51161385
18.0,0.7857142857142857,0.5,0.3869944
18.0,0.8571428571428571,0.5,0.25816315
18.0,0.9285714285714285,0.5,0.12223164
18.0,1.0,0.5,-0.015682802
18.0,0.0,0.5714285714285714,-0.039717652
18.0,0.07142857142857142,0.5714285714285714,0.101995334
18.0,0.14285714285714285,0.5714285714285714,0.23817962
18.0,0.21428571428571427,0.5714285714285714,0.36281252
18.0,0.2857142857142857,0.5714285714285714,0.47917968
18.0,0.3571428571428571,0.5714285714285714,0.5963093
18.0,0.42857142857142855,0.5714285714285714,0.70462054
18.0,0.5,0.5714285714285714,0.75265044
18.0,0.5714285714285714,0.5714285714285714,0.7030868
18.0,0.6428571428571428,0.5714285714285714,0.5943941
18.0,0.7142857142857142,0.5714285714285714,0.47762522
18.0,0.7857142857142857,0.5714285714285714,0.36276385
18.0,0.8571428571428571,0.5714285714285714,0.24224159
18.0,0.9285714285714285,0.5714285714285714,0.11300948
18.0,1.0,0.5714285714285714,-0.019097008
18.0,0.0,0.6428571428571428,-0.03871209
18.0,0.07142857142857142,0.6428571428571428,0.08517848
18.0,0.14285714285714285,0.6428571428571428,0.2018601
18.0,0.21428571428571427,0.6428571428571428,0.30843365
18.0,0.2857142857142857,0.6428571428571428,0.40903813
18.0,0.3571428571428571,0.6428571428571428,0.5099081
18.0,0.42857142857142855,0.6428571428571428,0.6001236
18.0,0.5,0.6428571428571428,0.6377086
18.0,0.5714285714285714,0.6428571428571428,0.5951896
18.0,0.6428571428571428,0.6428571428571428,0.50438786
18.0,0.7142857142857142,0.6428571428571428,0.40636995
18.0,0.7857142857142857,0.6428571428571428,0.30888012
18.0,0.8571428571428571,0.6428571428571428,0.204929
18.0,0.9285714285714285,0.6428571428571428,0.09176664
18.0,1.0,0.6428571428571428,-0.025598213
18.0,0.0,0.7142857142857142,-0.035225183
18.0,0.07142857142857142,0.7142857142857142,0.066692814
18.0,0.14285714285714285,0.7142857142857142,0.16054097
18.0,0.21428571428571427,0.7142857142857142,0.24652508
18.0,0.2857142857142857,0.7142857142857142,0.3293012
18.0,0.3571428571428571,0.7142857142857142,0.41213936
18.0,0.42857142857142855,0.7142857142857142,0.483426
18.0,0.5,0.7142857142857142,0.5119629
18.0,0.5714285714285714,0.7142857142857142,0.47945562
18.0,0.6428571428571428,0.7142857142857142,0.40830982
18.0,0.7142857142857142,0.7142857142857142,0.32887152
18.0,0.7857142857142857,0.7142857142857142,0.24877039
18.0,0.8571428571428571,0.7142857142857142,0.16330492
18.0,0.9285714285714285,0.7142857142857142,0.069763325
18.0,1.0,0.7142857142857142,-0.029017162
18.0,0.0,0.7857142857142857,-0.030128986
18.0,0.07142857142857142,0.7857142857142857,0.048311718
18.0,0.14285714285714285,0.7857142857142857,0.11836588
18.0,0.21428571428571427,0.7857142857142857,0.18276462
18.0,0.2857142857142857,0.7857142857142857,0.24655917
18.0,0.3571428571428571,0.7857142857142857,0.31094497
18.0,0.42857142857142855,0.7857142857142857,0.36482543
18.0,0.5,0.7857142857142857,0.3861433
18.0,0.5714285714285714,0.7857142857142857,0.36319038
18.0,0.6428571428571428,0.7857142857142857,0.31025428
18.0,0.7142857142857142,0.7857142857142857,0.24870741
18.0,0.7857142857142857,0.7857142857142857,0.1862821
18.0,0.8571428571428571,0.7857142857142857,0.12038986
18.0,0.9285714285714285,0.7857142857142857,0.04790397
18.0,1.0,0.7857142857142857,-0.030782778
18.0,0.0,0.8571428571428571,-0.025553308
18.0,0.07142857142857142,0.8571428571428571,0.029062837
18.0,0.14285714285714285,0.8571428571428571,0.07506185
18.0,0.21428571428571427,0.8571428571428571,0.116932385
18.0,0.2857142857142857,0.8571428571428571,0.15987796
18.0,0.3571428571428571,0.8571428571428571,0.20412126
18.0,0.42857142857142855,0.8571428571428571,0.24065802
18.0,0.5,0.8571428571428571,0.25511253
18.0,0.5714285714285714,0.8571428571428571,0.24045575
18.0,0.6428571428571428,0.8571428571428571,0.20501465
18.0,0.7142857142857142,0.8571428571428571,0.16254249
18.0,0.7857142857142857,0.8571428571428571,0.11934263
18.0,0.8571428571428571,0.8571428571428571,0.07382528
18.0,0.9285714285714285,0.8571428571428571,0.022500183
18.0,1.0,0.8571428571428571,-0.036011357
18.0,0.0,0.9285714285714285,-0.025296424
18.0,0.07142857142857142,0.9285714285714285,0.005390376
18.0,0.14285714285714285,0.9285714285714285,0.027085975
18.0,0.21428571428571427,0.9285714285714285,0.045232646
18.0,0.2857142857142857,0.9285714285714285,0.06502153
18.0,0.3571428571428571,0.9285714285714285,0.08716745
18.0,0.42857142857142855,0.9285714285714285,0.10643641
18.0,0.5,0.9285714285714285,0.11496579
18.0,0.5714285714285714,0.9285714285714285,0.10872298
18.0,0.6428571428571428,0.9285714285714285,0.09134857
18.0,0.7142857142857142,0.9285714285714285,0.06978839
18.0,0.7857142857142857,0.9285714285714285,0.04741554
18.0,0.8571428571428571,0.9285714285714285,0.022557702
18.0,0.9285714285714285,0.9285714285714285,-0.008360319
18.0,1.0,0.9285714285714285,-0.047606103
18.0,0.0,1.0,-0.035236232
18.0,0.07142857142857142,1.0,-0.028605983
18.0,0.14285714285714285,1.0,-0.031174721
18.0,0.21428571428571427,1.0,-0.037029274
18.0,0.2857142857142857,1.0,-0.040717147
18.0,0.3571428571428571,1.0,-0.0397429
18.0,0.42857142857142855,1.0,-0.03510905
18.0,0.5,1.0,-0.02997823
18.0,0.5714285714285714,1.0,-0.027096227
18.0,0.6428571428571428,1.0,-0.026633568
18.0,0.7142857142857142,1.0,-0.027187634
18.0,0.7857142857142857,1.0,-0.028651513
18.0,0.8571428571428571,1.0,-0.03342607
18.0,0.9285714285714285,1.0,-0.045085713
18.0,1.0,1.0,-0.06625171
19.0,0.0,0.0,-0.03449059
19.0,0.07142857142857142,0.0,-0.026994042
19.0,0.14285714285714285,0.0,-0.025579307
19.0,0.21428571428571427,0.0,-0.028172381
19.0,0.2857142857142857,0.0,-0.031380445
19.0,0.3571428571428571,0.0,-0.031214911
19.0,0.42857142857142855,0.0,-0.027536513
19.0,0.5,0.0,-0.027337719
19.0,0.5714285714285714,0.0,-0.034010433
19.0,0.6428571428571428,0.0,-0.040034663
19.0,0.7142857142857142,0.0,-0.038876545
19.0,0.7857142857142857,0.0,-0.03380014
19.0,0.8571428571428571,0.0,-0.032844614
19.0,0.9285714285714285,0.0,-0.041389614
19.0,1.0,0.0,-0.06061697
19.0,0.0,0.07142857142857142,-0.025491267
19.0,0.07142857142857142,0.07142857142857142,0.0037828498
19.0,0.14285714285714285,0.07142857142857142,0.027916715
19.0,0.21428571428571427,0.07142857142857142,0.048226498
19.0,0.2857142857142857,0.07142857142857142,0.06753825
19.0,0.3571428571428571,0.07142857142857142,0.08929924
19.0,0.42857142857142855,0.07142857142857142,0.110608295
19.0,0.5,0.07142857142857142,0.11759468
19.0,0.5714285714285714,0.07142857142857142,0.10387969
19.0,0.6428571428571428,0.07142857142857142,0.08196886
19.0,0.7142857142857142,0.07142857142857142,0.06378656
19.0,0.7857142857142857,0.07142857142857142,0.04751227
19.0,0.8571428571428571,0.07142857142857142,0.025806315
19.0,0.9285714285714285,0.07142857142857142,-0.0049455166
19.0,1.0,0.07142857142857142,-0.044548355
19.0,0.0,0.14285714285714285,-0.025113069
19.0,0.07142857142857142,0.14285714285714285,0.027284209
19.0,0.14285714285714285,0.14285714285714285,0.075334266
19.0,0.21428571428571427,0.14285714285714285,0.11927722
19.0,0.2857142857142857,0.14285714285714285,0.1612187
19.0,0.3571428571428571,0.14285714285714285,0.20439404
19.0,0.42857142857142855,0.14285714285714285,0.24340102
19.0,0.5,0.14285714285714285,0.25740123
19.0,0.5714285714285714,0.14285714285714285,0.23640618
19.0,0.6428571428571428,0.14285714285714285,0.19755548
19.0,0.7142857142857142,0.14285714285714285,0.15841794
19.0,0.7857142857142857,0.14285714285714285,0.11917495
19.0,0.8571428571428571,0.14285714285714285,0.07401002
19.0,0.9285714285714285,0.14285714285714285,0.021178499
19.0,1.0,0.14285714285714285,-0.038360238
19.0,0.0,0.21428571428571427,-0.029983059
19.0,0.07142857142857142,0.21428571428571427,0.04622355
19.0,0.14285714285714285,0.21428571428571427,0.118107624
19.0,0.21428571428571427,0.21428571428571427,0.1845226
19.0,0.2857142857142857,0.21428571428571427,0.24717128
19.0,0.3571428571428571,0.21428571428571427,0.30994892
19.0,0.42857142857142855,0.21428571428571427,0.365902
19.0,0.5,0.21428571428571427,0.3876253
19.0,0.5714285714285714,0.21428571428571427,0.36058325
19.0,0.6428571428571428,0.21428571428571427,0.30542547
19.0,0.7142857142857142,0.21428571428571427,0.245482
19.0,0.7857142857142857,0.21428571428571427,0.18360984
19.0,0.8571428571428571,0.21428571428571427,0.11591243
19.0,0.9285714285714285,0.21428571428571427,0.041963138
19.0,1.0,0.21428571428571427,-0.0369913
19.0,0.0,0.2857142857142857,-0.035738774
19.0,0.07142857142857142,0.2857142857142857,0.06454054
19.0,0.14285714285714285,0.2857142857142857,0.15963835
19.0,0.21428571428571427,0.2857142857142857,0.24668339
19.0,0.2857142857142857,0.2857142857142857,0.32765907
19.0,0.3571428571428571,0.2857142857142857,0.40819758
19.0,0.42857142857142855,0.2857142857142857,0.4806326
19.0,0.5,0.2857142857142857,0.5112165
19.0,0.5714285714285714,0.2857142857142857,0.47951066
19.0,0.6428571428571428,0.2857142857142857,0.40876177
19.0,0.7142857142857142,0.2857142857142857,0.3287482
19.0,0.7857142857142857,0.2857142857142857,0.2456823
19.0,0.8571428571428571,0.2857142857142857,0.15718994
19.0,0.9285714285714285,0.2857142857142857,0.06316742
19.0,1.0,0.2857142857142857,-0.034844123
19.0,0.0,0.3571428571428571,-0.039008304
19.0,0.07142857142857142,0.3571428571428571,0.084615014
19.0,0.14285714285714285,0.3571428571428571,0.20227167
19.0,0.21428571428571427,0.3571428571428571,0.30894244
19.0,0.2857142857142857,0.3571428571428571,0.40714437
19.0,0.3571428571428571,0.3571428571428571,0.50461346
19.0,0.42857142857142855,0.3571428571428571,0.5933682
19.0,0.5,0.3571428571428571,0.6332734
19.0,0.5714285714285714,0.3571428571428571,0.59678465
19.0,0.6428571428571428,0.3571428571428571,0.50996894
19.0,0.7142857142857142,0.3571428571428571,0.41036642
19.0,0.7857142857142857,0.3571428571428571,0.30790102
19.0,0.8571428571428571,0.3571428571428571,0.20060769
19.0,0.9285714285714285,0.3571428571428571,0.08772697
19.0,1.0,0.3571428571428571,-0.028471954
19.0,0.0,0.42857142857142855,-0.039450817
19.0,0.07142857142857142,0.42857142857142855,0.1029173
19.0,0.14285714285714285,0.42857142857142855,0.23997486
19.0,0.21428571428571427,0.42857142857142855,0.36464426
19.0,0.2857142857142857,0.42857142857142855,0.47936282
19.0,0.3571428571428571,0.42857142857142855,0.5930403
19.0,0.42857142857142855,0.42857142857142855,0.697087
19.0,0.5,0.42857142857142855,0.74484795
19.0,0.5714285714285714,0.42857142857142855,0.701763
19.0,0.6428571428571428,0.42857142857142855,0.59831214
19.0,0.7142857142857142,0.42857142857142855,0.48071355
19.0,0.7857142857142857,0.42857142857142855,0.36213523
19.0,0.8571428571428571,0.42857142857142855,0.23965243
19.0,0.9285714285714285,0.42857142857142855,0.11125627
19.0,1.0,0.42857142857142855,-0.019658104
19.0,0.0,0.5,-0.039253235
19.0,0.07142857142857142,0.5,0.10998376
19.0,0.14285714285714285,0.5,0.25470874
19.0,0.21428571428571427,0.5,0.3874917
19.0,0.2857142857142857,0.5,0.5108881
19.0,0.3571428571428571,0.5,0.63399255
19.0,0.42857142857142855,0.5,0.7470224
19.0,0.5,0.5,0.79825616
19.0,0.5714285714285714,0.5,0.74933785
19.0,0.6428571428571428,0.5,0.6358756
19.0,0.7142857142857142,0.5,0.5099201
19.0,0.7857142857142857,0.5,0.38533562
19.0,0.8571428571428571,0.5,0.25712103
19.0,0.9285714285714285,0.5,0.12217983
19.0,1.0,0.5,-0.014907286
19.0,0.0,0.5714285714285714,-0.039436184
19.0,0.07142857142857142,0.5714285714285714,0.101782046
19.0,0.14285714285714285,0.5714285714285714,0.23735744
19.0,0.21428571428571427,0.5714285714285714,0.36171588
19.0,0.2857142857142857,0.5714285714285714,0.47833872
19.0,0.3571428571428571,0.5714285714285714,0.5954604
19.0,0.42857142857142855,0.5714285714285714,0.7023337
19.0,0.5,0.5714285714285714,0.74903923
19.0,0.5714285714285714,0.5714285714285714,0.70068234
19.0,0.6428571428571428,0.5714285714285714,0.59351915
19.0,0.7142857142857142,0.5714285714285714,0.476816
19.0,0.7857142857142857,0.5714285714285714,0.3617632
19.0,0.8571428571428571,0.5714285714285714,0.24167603
19.0,0.9285714285714285,0.5714285714285714,0.11328722
19.0,1.0,0.5714285714285714,-0.018120825
19.0,0.0,0.6428571428571428,-0.03826738
19.0,0.07142857142857142,0.6428571428571428,0.085204095
19.0,0.14285714285714285,0.6428571428571428,0.20149368
19.0,0.21428571428571427,0.6428571428571428,0.30802208
19.0,0.2857142857142857,0.6428571428571428,0.4089722
19.0,0.3571428571428571,0.6428571428571428,0.50995487
19.0,0.42857142857142855,0.6428571428571428,0.5992762
19.0,0.5,0.6428571428571428,0.6360164
19.0,0.5714285714285714,0.6428571428571428,0.5943741
19.0,0.6428571428571428,0.6428571428571428,0.5046112
19.0,0.7142857142857142,0.6428571428571428,0.40643
19.0,0.7857142857142857,0.6428571428571428,0.30854043
19.0,0.8571428571428571,0.6428571428571428,0.20473713
19.0,0.9285714285714285,0.6428571428571428,0.09213326
19.0,1.0,0.6428571428571428,-0.024714243
19.0,0.0,0.7142857142857142,-0.034637585
19.0,0.07142857142857142,0.7142857142857142,0.066839725
19.0,0.14285714285714285,0.7142857142857142,0.16033888
19.0,0.21428571428571427,0.7142857142857142,0.24626693
19.0,0.2857142857142857,0.7142857142857142,0.32924157
19.0,0.3571428571428571,0.7142857142857142,0.41208297
19.0,0.42857142857142855,0.7142857142857142,0.48273468
19.0,0.5,0.7142857142857142,0.5107016
19.0,0.5714285714285714,0.7142857142857142,0.47876963
19.0,0.6428571428571428,0.7142857142857142,0.40839007
19.0,0.7142857142857142,0.7142857142857142,0.32888716
19.0,0.7857142857142857,0.7142857142857142,0.24846262
19.0,0.8571428571428571,0.7142857142857142,0.16303548
19.0,0.9285714285714285,0.7142857142857142,0.06987656
19.0,1.0,0.7142857142857142,-0.028479233
19.0,0.0,0.7857142857142857,-0.029439509
19.0,0.07142857142857142,0.7857142857142857,0.04846108
19.0,0.14285714285714285,0.7857142857142857,0.1180832
19.0,0.21428571428571427,0.7857142857142857,0.18230808
19.0,0.2857142857142857,0.7857142857142857,0.246142
19.0,0.3571428571428571,0.7857142857142857,0.31045356
19.0,0.42857142857142855,0.7857142857142857,0.363867
19.0,0.5,0.7857142857142857,0.3847897
19.0,0.5714285714285714,0.7857142857142857,0.36220688
19.0,0.6428571428571428,0.7857142857142857,0.3098665
19.0,0.7142857142857142,0.7857142857142857,0.2483963
19.0,0.7857142857142857,0.7857142857142857,0.18579
19.0,0.8571428571428571,0.7857142857142857,0.11992978
19.0,0.9285714285714285,0.7857142857142857,0.04775527
19.0,1.0,0.7857142857142857,-0.030537084
19.0,0.0,0.8571428571428571,-0.024773374
19.0,0.07142857142857142,0.8571428571428571,0.02918163
19.0,0.14285714285714285,0.8571428571428571,0.07466171
19.0,0.21428571428571427,0.8571428571428571,0.11631469
19.0,0.2857142857142857,0.8571428571428571,0.15931648
19.0,0.3571428571428571,0.8571428571428571,0.2035932
19.0,0.42857142857142855,0.8571428571428571,0.23987946
19.0,0.5,0.8571428571428571,0.25406536
19.0,0.5714285714285714,0.8571428571428571,0.23957258
19.0,0.6428571428571428,0.8571428571428571,0.20448244
19.0,0.7142857142857142,0.8571428571428571,0.16207835
19.0,0.7857142857142857,0.8571428571428571,0.11875894
19.0,0.8571428571428571,0.8571428571428571,0.073271535
19.0,0.9285714285714285,0.8571428571428571,0.0222219
19.0,1.0,0.8571428571428571,-0.03590604
19.0,0.0,0.9285714285714285,-0.024442144
19.0,0.07142857142857142,0.9285714285714285,0.0055050664
19.0,0.14285714285714285,0.9285714285714285,0.02668824
19.0,0.21428571428571427,0.9285714285714285,0.044723753
19.0,0.2857142857142857,0.9285714285714285,0.064754196
19.0,0.3571428571428571,0.9285714285714285,0.087168396
19.0,0.42857142857142855,0.9285714285714285,0.106430076
19.0,0.5,0.9285714285714285,0.11477979
19.0,0.5714285714285714,0.9285714285714285,0.10848808
19.0,0.6428571428571428,0.9285714285714285,0.09116139
19.0,0.7142857142857142,0.9285714285714285,0.06952409
19.0,0.7857142857142857,0.9285714285714285,0.04698414
19.0,0.8571428571428571,0.9285714285714285,0.022089448
19.0,0.9285714285714285,0.9285714285714285,-0.008635178
19.0,1.0,0.9285714285714285,-0.047546025
19.0,0.0,1.0,-0.03435547
19.0,0.07142857142857142,1.0,-0.02844384
19.0,0.14285714285714285,1.0,-0.031391304
19.0,0.21428571428571427,1.0,-0.037146784
19.0,0.2857142857142857,1.0,-0.040365957
19.0,0.3571428571428571,1.0,-0.038900264
19.0,0.42857142857142855,1.0,-0.034065492
19.0,0.5,1.0,-0.02903016
19.0,0.5714285714285714,1.0,-0.026339695
19.0,0.6428571428571428,1.0,-0.026083842
19.0,0.7142857142857142,1.0,-0.026907094
19.0,0.7857142857142857,1.0,-0.02866679
19.0,0.8571428571428571,1.0,-0.033617754
19.0,0.9285714285714285,1.0,-0.045236982
19.0,1.0,1.0,-0.06618436
20.0,0.0,0.0,-0.03458157
20.0,0.07142857142857142,0.0,-0.02701167
20.0,0.14285714285714285,0.0,-0.025547668
20.0,0.21428571428571427,0.0,-0.028134098
20.0,0.2857142857142857,0.0,-0.031345204
20.0,0.3571428571428571,0.0,-0.031121776
20.0,0.42857142857142855,0.0,-0.027325727
20.0,0.5,0.0,-0.026902467
20.0,0.5714285714285714,0.0,-0.03328632
20.0,0.6428571428571428,0.0,-0.039280355
20.0,0.7142857142857142,0.0,-0.03831185
20.0,0.7857142857142857,0.0,-0.03326905
20.0,0.8571428571428571,0.0,-0.0320897
20.0,0.9285714285714285,0.0,-0.04033636
20.0,1.0,0.0,-0.059349544
20.0,0.0,0.07142857142857142,-0.02563928
20.0,0.07142857142857142,0.07142857142857142,0.0036700815
20.0,0.14285714285714285,0.07142857142857142,0.02784691
20.0,0.21428571428571427,0.07142857142857142,0.048192658
20.0,0.2857142857142857,0.07142857142857142,0.06752696
20.0,0.3571428571428571,0.07142857142857142,0.08923577
20.0,0.42857142857142855,0.07142857142857142,0.11031574
20.0,0.5,0.07142857142857142,0.11722108
20.0,0.5714285714285714,0.07142857142857142,0.10379929
20.0,0.6428571428571428,0.07142857142857142,0.081992604
20.0,0.7142857142857142,0.07142857142857142,0.06364318
20.0,0.7857142857142857,0.07142857142857142,0.04739653
20.0,0.8571428571428571,0.07142857142857142,0.02597896
20.0,0.9285714285714285,0.07142857142857142,-0.0044545606
20.0,1.0,0.07142857142857142,-0.04384163
20.0,0.0,0.14285714285714285,-0.025201
20.0,0.07142857142857142,0.14285714285714285,0.027111743
20.0,0.14285714285714285,0.14285714285714285,0.07510441
20.0,0.21428571428571427,0.14285714285714285,0.11904671
20.0,0.2857142857142857,0.14285714285714285,0.16104534
20.0,0.3571428571428571,0.14285714285714285,0.20412529
20.0,0.42857142857142855,0.14285714285714285,0.2425929
20.0,0.5,0.14285714285714285,0.25624654
20.0,0.5714285714285714,0.14285714285714285,0.23565388
20.0,0.6428571428571428,0.14285714285714285,0.1970889
20.0,0.7142857142857142,0.14285714285714285,0.15785623
20.0,0.7857142857142857,0.14285714285714285,0.118680336
20.0,0.8571428571428571,0.14285714285714285,0.07380057
20.0,0.9285714285714285,0.14285714285714285,0.021261662
20.0,1.0,0.14285714285714285,-0.03805595
20.0,0.0,0.21428571428571427,-0.029856537
20.0,0.07142857142857142,0.21428571428571427,0.04609078
20.0,0.14285714285714285,0.21428571428571427,0.11774976
20.0,0.21428571428571427,0.21428571428571427,0.18411377
20.0,0.2857142857142857,0.21428571428571427,0.24694878
20.0,0.3571428571428571,0.21428571428571427,0.30975422
20.0,0.42857142857142855,0.21428571428571427,0.36499244
20.0,0.5,0.21428571428571427,0.3861774
20.0,0.5714285714285714,0.21428571428571427,0.35969663
20.0,0.6428571428571428,0.21428571428571427,0.30503127
20.0,0.7142857142857142,0.21428571428571427,0.24501085
20.0,0.7857142857142857,0.21428571428571427,0.18311876
20.0,0.8571428571428571,0.21428571428571427,0.11559107
20.0,0.9285714285714285,0.21428571428571427,0.041877523
20.0,1.0,0.21428571428571427,-0.036827587
20.0,0.0,0.2857142857142857,-0.035314795
20.0,0.07142857142857142,0.2857142857142857,0.0645217
20.0,0.14285714285714285,0.2857142857142857,0.15920237
20.0,0.21428571428571427,0.2857142857142857,0.24617231
20.0,0.2857142857142857,0.2857142857142857,0.32755744
20.0,0.3571428571428571,0.2857142857142857,0.40834475
20.0,0.42857142857142855,0.2857142857142857,0.47993976
20.0,0.5,0.2857142857142857,0.5097879
20.0,0.5714285714285714,0.2857142857142857,0.47880754
20.0,0.6428571428571428,0.2857142857142857,0.40877128
20.0,0.7142857142857142,0.2857142857142857,0.32863492
20.0,0.7857142857142857,0.2857142857142857,0.24535352
20.0,0.8571428571428571,0.2857142857142857,0.15688601
20.0,0.9285714285714285,0.2857142857142857,0.06310215
20.0,1.0,0.2857142857142857,-0.034569025
20.0,0.0,0.3571428571428571,-0.038390115
20.0,0.07142857142857142,0.3571428571428571,0.08464258
20.0,0.14285714285714285,0.3571428571428571,0.20169255
20.0,0.21428571428571427,0.3571428571428571,0.3082382
20.0,0.2857142857142857,0.3571428571428571,0.4069965
20.0,0.3571428571428571,0.3571428571428571,0.5048004
20.0,0.42857142857142855,0.3571428571428571,0.59246236
20.0,0.5,0.3571428571428571,0.6313432
20.0,0.5714285714285714,0.3571428571428571,0.59575367
20.0,0.6428571428571428,0.3571428571428571,0.5099423
20.0,0.7142857142857142,0.3571428571428571,0.41021064
20.0,0.7857142857142857,0.3571428571428571,0.30740035
20.0,0.8571428571428571,0.3571428571428571,0.20014867
20.0,0.9285714285714285,0.3571428571428571,0.08768861
20.0,1.0,0.3571428571428571,-0.027972631
20.0,0.0,0.42857142857142855,-0.038864397
20.0,0.07142857142857142,0.42857142857142855,0.10280818
20.0,0.14285714285714285,0.42857142857142855,0.23906025
20.0,0.21428571428571427,0.42857142857142855,0.36339772
20.0,0.2857142857142857,0.42857142857142855,0.47849196
20.0,0.3571428571428571,0.42857142857142855,0.59224576
20.0,0.42857142857142855,0.42857142857142855,0.6947525
20.0,0.5,0.42857142857142855,0.7411333
20.0,0.5714285714285714,0.42857142857142855,0.69917226
20.0,0.6428571428571428,0.42857142857142855,0.5971775
20.0,0.7142857142857142,0.42857142857142855,0.4796809
20.0,0.7857142857142857,0.42857142857142855,0.3609143
20.0,0.8571428571428571,0.42857142857142855,0.23876733
20.0,0.9285714285714285,0.42857142857142855,0.11116011
20.0,1.0,0.42857142857142855,-0.018946804
20.0,0.0,0.5,-0.03876424
20.0,0.07142857142857142,0.5,0.10974587
20.0,0.14285714285714285,0.5,0.25358614
20.0,0.21428571428571427,0.5,0.38587993
20.0,0.2857142857142857,0.5,0.5094103
20.0,0.3571428571428571,0.5,0.63231087
20.0,0.42857142857142855,0.5,0.7435172
20.0,0.5,0.5,0.7931833
20.0,0.5714285714285714,0.5,0.7455543
20.0,0.6428571428571428,0.5,0.6338906
20.0,0.7142857142857142,0.5,0.5082802
20.0,0.7857142857142857,0.5,0.38370144
20.0,0.8571428571428571,0.5,0.25607553
20.0,0.9285714285714285,0.5,0.12217357
20.0,1.0,0.5,-0.013964802
20.0,0.0,0.5714285714285714,-0.038903505
20.0,0.07142857142857142,0.5714285714285714,0.10167488
20.0,0.14285714285714285,0.5714285714285714,0.2365602
20.0,0.21428571428571427,0.5714285714285714,0.360639
20.0,0.2857142857142857,0.5714285714285714,0.47752112
20.0,0.3571428571428571,0.5714285714285714,0.5945914
20.0,0.42857142857142855,0.5714285714285714,0.7000229
20.0,0.5,0.5714285714285714,0.74546325
20.0,0.5714285714285714,0.5714285714285714,0.69828063
20.0,0.6428571428571428,0.5714285714285714,0.59264356
20.0,0.7142857142857142,0.5714285714285714,0.47603995
20.0,0.7857142857142857,0.5714285714285714,0.36076838
20.0,0.8571428571428571,0.5714285714285714,0.2410874
20.0,0.9285714285714285,0.5714285714285714,0.11359622
20.0,1.0,0.5714285714285714,-0.01697857
20.0,0.0,0.6428571428571428,-0.037600964
20.0,0.07142857142857142,0.6428571428571428,0.0853207
20.0,0.14285714285714285,0.6428571428571428,0.20114136
20.0,0.21428571428571427,0.6428571428571428,0.3076015
20.0,0.2857142857142857,0.6428571428571428,0.40888304
20.0,0.3571428571428571,0.6428571428571428,0.5099411
20.0,0.42857142857142855,0.6428571428571428,0.59837043
20.0,0.5,0.6428571428571428,0.63432664
20.0,0.5714285714285714,0.6428571428571428,0.59355956
20.0,0.6428571428571428,0.6428571428571428,0.5048345
20.0,0.7142857142857142,0.6428571428571428,0.4065075
20.0,0.7857142857142857,0.6428571428571428,0.3081887
20.0,0.8571428571428571,0.6428571428571428,0.20451358
20.0,0.9285714285714285,0.6428571428571428,0.092532076
20.0,1.0,0.6428571428571428,-0.023659319
20.0,0.0,0.7142857142857142,-0.03385321
20.0,0.07142857142857142,0.7142857142857142,0.06707161
20.0,0.14285714285714285,0.7142857142857142,0.16015145
20.0,0.21428571428571427,0.7142857142857142,0.24599165
20.0,0.2857142857142857,0.7142857142857142,0.3291419
20.0,0.3571428571428571,0.7142857142857142,0.41196066
20.0,0.42857142857142855,0.7142857142857142,0.4819946
20.0,0.5,0.7142857142857142,0.5094539
20.0,0.5714285714285714,0.7142857142857142,0.4781069
20.0,0.6428571428571428,0.7142857142857142,0.40847716
20.0,0.7142857142857142,0.7142857142857142,0.32890275
20.0,0.7857142857142857,0.7142857142857142,0.24813071
20.0,0.8571428571428571,0.7142857142857142,0.16273955
20.0,0.9285714285714285,0.7142857142857142,0.070033856
20.0,1.0,0.7142857142857142,-0.027762864
20.0,0.0,0.7857142857142857,-0.028562173
20.0,0.07142857142857142,0.7857142857142857,0.048706047
20.0,0.14285714285714285,0.7857142857142857,0.1178345
20.0,0.21428571428571427,0.7857142857142857,0.1818479
20.0,0.2857142857142857,0.7857142857142857,0.24568915
20.0,0.3571428571428571,0.7857142857142857,0.30989796
20.0,0.42857142857142855,0.7857142857142857,0.362857
20.0,0.5,0.7857142857142857,0.3834316
20.0,0.5714285714285714,0.7857142857142857,0.36122698
20.0,0.6428571428571428,0.7857142857142857,0.30946416
20.0,0.7142857142857142,0.7857142857142857,0.24806598
20.0,0.7857142857142857,0.7857142857142857,0.18527704
20.0,0.8571428571428571,0.7857142857142857,0.11946783
20.0,0.9285714285714285,0.7857142857142857,0.047675945
20.0,1.0,0.7857142857142857,-0.030101601
20.0,0.0,0.8571428571428571,-0.023802094
20.0,0.07142857142857142,0.8571428571428571,0.029420398
20.0,0.14285714285714285,0.8571428571428571,0.0743326
20.0,0.21428571428571427,0.8571428571428571,0.11573257
20.0,0.2857142857142857,0.8571428571428571,0.1587516
20.0,0.3571428571428571,0.8571428571428571,0.20302519
20.0,0.42857142857142855,0.8571428571428571,0.2390588
20.0,0.5,0.8571428571428571,0.25300378
20.0,0.5714285714285714,0.8571428571428571,0.23868284
20.0,0.6428571428571428,0.8571428571428571,0.20393586
20.0,0.7142857142857142,0.8571428571428571,0.1616078
20.0,0.7857142857142857,0.8571428571428571,0.11818812
20.0,0.8571428571428571,0.8571428571428571,0.072762266
20.0,0.9285714285714285,0.8571428571428571,0.022051834
20.0,1.0,0.8571428571428571,-0.035592295
20.0,0.0,0.9285714285714285,-0.023386773
20.0,0.07142857142857142,0.9285714285714285,0.0057737585
20.0,0.14285714285714285,0.9285714285714285,0.026416704
20.0,0.21428571428571427,0.9285714285714285,0.04432117
20.0,0.2857142857142857,0.9285714285714285,0.064563215
20.0,0.3571428571428571,0.9285714285714285,0.08721159
20.0,0.42857142857142855,0.9285714285714285,0.10645436
20.0,0.5,0.9285714285714285,0.11463634
20.0,0.5714285714285714,0.9285714285714285,0.108300366
20.0,0.6428571428571428,0.9285714285714285,0.09101953
20.0,0.7142857142857142,0.9285714285714285,0.069315225
20.0,0.7857142857142857,0.9285714285714285,0.04662991
20.0,0.8571428571428571,0.9285714285714285,0.021728843
20.0,0.9285714285714285,0.9285714285714285,-0.008753568
20.0,1.0,0.9285714285714285,-0.047254138
20.0,0.0,1.0,-0.0332591
20.0,0.07142857142857142,1.0,-0.028081834
20.0,0.14285714285714285,1.0,-0.031404413
20.0,0.21428571428571427,1.0,-0.037053674
20.0,0.2857142857142857,1.0,-0.039810535
20.0,0.3571428571428571,1.0,-0.03787083
20.0,0.42857142857142855,1.0,-0.032844998
20.0,0.5,1.0,-0.027903937
20.0,0.5714285714285714,1.0,-0.025410175
20.0,0.6428571428571428,1.0,-0.025371652
20.0,0.7142857142857142,1.0,-0.026466548
20.0,0.7857142857142857,1.0,-0.028513383
20.0,0.8571428571428571,1.0,-0.033624236
20.0,0.9285714285714285,1.0,-0.045174796
20.0,1.0,1.0,-0.06585614
21.0,0.0,0.0,-0.034516502
21.0,0.07142857142857142,0.0,-0.026902663
21.0,0.14285714285714285,0.0,-0.025410762
21.0,0.21428571428571427,0.0,-0.027994383
21.0,0.2857142857142857,0.0,-0.031189738
21.0,0.3571428571428571,0.0,-0.030883024
21.0,0.42857142857142855,0.0,-0.026955567
21.0,0.5,0.0,-0.026307179
21.0,0.5714285714285714,0.0,-0.032403335
21.0,0.6428571428571428,0.0,-0.038369667
21.0,0.7142857142857142,0.0,-0.037602626
21.0,0.7857142857142857,0.0,-0.03260048
21.0,0.8571428571428571,0.0,-0.031178646
21.0,0.9285714285714285,0.0,-0.03908294
21.0,1.0,0.0,-0.057829365
21.0,0.0,0.07142857142857142,-0.025643786
21.0,0.07142857142857142,0.07142857142857142,0.003651158
21.0,0.14285714285714285,0.07142857142857142,0.027828574
21.0,0.21428571428571427,0.07142857142857142,0.048186116
21.0,0.2857142857142857,0.07142857142857142,0.067542486
21.0,0.3571428571428571,0.07142857142857142,0.0892077
21.0,0.42857142857142855,0.07142857142857142,0.11006201
21.0,0.5,0.07142857142857142,0.11689413
21.0,0.5714285714285714,0.07142857142857142,0.10377288
21.0,0.6428571428571428,0.07142857142857142,0.082082346
21.0,0.7142857142857142,0.07142857142857142,0.06356841
21.0,0.7857142857142857,0.07142857142857142,0.047351383
21.0,0.8571428571428571,0.07142857142857142,0.026253905
21.0,0.9285714285714285,0.07142857142857142,-0.0038035586
21.0,1.0,0.07142857142857142,-0.042908497
21.0,0.0,0.14285714285714285,-0.02515737
21.0,0.07142857142857142,0.14285714285714285,0.027004562
21.0,0.14285714285714285,0.14285714285714285,0.07488177
21.0,0.21428571428571427,0.14285714285714285,0.11879169
21.0,0.2857142857142857,0.14285714285714285,0.16084597
21.0,0.3571428571428571,0.14285714285714285,0.20383829
21.0,0.42857142857142855,0.14285714285714285,0.24177986
21.0,0.5,0.14285714285714285,0.25511056
21.0,0.5714285714285714,0.14285714285714285,0.23492563
21.0,0.6428571428571428,0.14285714285714285,0.19665623
21.0,0.7142857142857142,0.14285714285714285,0.15732968
21.0,0.7857142857142857,0.14285714285714285,0.118219964
21.0,0.8571428571428571,0.14285714285714285,0.07365943
21.0,0.9285714285714285,0.14285714285714285,0.021476857
21.0,1.0,0.14285714285714285,-0.03754338
21.0,0.0,0.21428571428571427,-0.029606836
21.0,0.07142857142857142,0.21428571428571427,0.04599808
21.0,0.14285714285714285,0.21428571428571427,0.11737069
21.0,0.21428571428571427,0.21428571428571427,0.18366268
21.0,0.2857142857142857,0.21428571428571427,0.24669477
21.0,0.3571428571428571,0.21428571428571427,0.30953363
21.0,0.42857142857142855,0.21428571428571427,0.36407924
21.0,0.5,0.21428571428571427,0.3847609
21.0,0.5714285714285714,0.21428571428571427,0.35883242
21.0,0.6428571428571428,0.21428571428571427,0.30465856
21.0,0.7142857142857142,0.21428571428571427,0.24455923
21.0,0.7857142857142857,0.21428571428571427,0.18264028
21.0,0.8571428571428571,0.21428571428571427,0.11531151
21.0,0.9285714285714285,0.21428571428571427,0.041899778
21.0,1.0,0.21428571428571427,-0.0364713
21.0,0.0,0.2857142857142857,-0.034765188
21.0,0.07142857142857142,0.2857142857142857,0.06452754
21.0,0.14285714285714285,0.2857142857142857,0.15873486
21.0,0.21428571428571427,0.2857142857142857,0.24563193
21.0,0.2857142857142857,0.2857142857142857,0.32744956
21.0,0.3571428571428571,0.2857142857142857,0.40847355
21.0,0.42857142857142855,0.2857142857142857,0.47924277
21.0,0.5,0.2857142857142857,0.5083952
21.0,0.5714285714285714,0.2857142857142857,0.47811142
21.0,0.6428571428571428,0.2857142857142857,0.40877488
21.0,0.7142857142857142,0.2857142857142857,0.32851744
21.0,0.7857142857142857,0.2857142857142857,0.24501511
21.0,0.8571428571428571,0.2857142857142857,0.15659738
21.0,0.9285714285714285,0.2857142857142857,0.06311898
21.0,1.0,0.2857142857142857,-0.034117907
21.0,0.0,0.3571428571428571,-0.037620436
21.0,0.07142857142857142,0.3571428571428571,0.084702216
21.0,0.14285714285714285,0.3571428571428571,0.20109206
21.0,0.21428571428571427,0.3571428571428571,0.30753452
21.0,0.2857142857142857,0.3571428571428571,0.40686992
21.0,0.3571428571428571,0.3571428571428571,0.50496835
21.0,0.42857142857142855,0.3571428571428571,0.591542
21.0,0.5,0.3571428571428571,0.6294446
21.0,0.5714285714285714,0.3571428571428571,0.5947041
21.0,0.6428571428571428,0.3571428571428571,0.5098768
21.0,0.7142857142857142,0.3571428571428571,0.41003534
21.0,0.7857142857142857,0.3571428571428571,0.30688062
21.0,0.8571428571428571,0.3571428571428571,0.19968545
21.0,0.9285714285714285,0.3571428571428571,0.087708384
21.0,1.0,0.3571428571428571,-0.027312152
21.0,0.0,0.42857142857142855,-0.038077854
21.0,0.07142857142857142,0.42857142857142855,0.10276357
21.0,0.14285714285714285,0.42857142857142855,0.2381517
21.0,0.21428571428571427,0.42857142857142855,0.3621836
21.0,0.2857142857142857,0.42857142857142855,0.47767136
21.0,0.3571428571428571,0.42857142857142855,0.59145224
21.0,0.42857142857142855,0.42857142857142855,0.6924278
21.0,0.5,0.42857142857142855,0.7374877
21.0,0.5714285714285714,0.42857142857142855,0.69658613
21.0,0.6428571428571428,0.42857142857142855,0.5960221
21.0,0.7142857142857142,0.42857142857142855,0.478661
21.0,0.7857142857142857,0.42857142857142855,0.35970047
21.0,0.8571428571428571,0.42857142857142855,0.2378805
21.0,0.9285714285714285,0.42857142857142855,0.11111056
21.0,1.0,0.42857142857142855,-0.018082827
21.0,0.0,0.5,-0.03803847
21.0,0.07142857142857142,0.5,0.10960384
21.0,0.14285714285714285,0.5,0.2524925
21.0,0.21428571428571427,0.5,0.38431546
21.0,0.2857142857142857,0.5,0.5079962
21.0,0.3571428571428571,0.5,0.63064855
21.0,0.42857142857142855,0.5,0.7400446
21.0,0.5,0.5,0.78821063
21.0,0.5714285714285714,0.5,0.74180996
21.0,0.6428571428571428,0.5,0.6319205
21.0,0.7142857142857142,0.5,0.50669163
21.0,0.7857142857142857,0.5,0.38209915
21.0,0.8571428571428571,0.5,0.2550284
21.0,0.9285714285714285,0.5,0.12220272
21.0,1.0,0.5,-0.01287552
21.0,0.0,0.5714285714285714,-0.038137972
21.0,0.07142857142857142,0.5714285714285714,0.10166306
21.0,0.14285714285714285,0.5714285714285714,0.2357871
21.0,0.21428571428571427,0.5714285714285714,0.35958385
21.0,0.2857142857142857,0.5714285714285714,0.47672027
21.0,0.3571428571428571,0.5714285714285714,0.5936872
21.0,0.42857142857142855,0.5714285714285714,0.6976725
21.0,0.5,0.5714285714285714,0.74190694
21.0,0.5714285714285714,0.5714285714285714,0.69586617
21.0,0.6428571428571428,0.5714285714285714,0.59175265
21.0,0.7142857142857142,0.5714285714285714,0.47529238
21.0,0.7857142857142857,0.5714285714285714,0.35978362
21.0,0.8571428571428571,0.5714285714285714,0.24047601
21.0,0.9285714285714285,0.5714285714285714,0.113924436
21.0,1.0,0.5714285714285714,-0.015693523
21.0,0.0,0.6428571428571428,-0.036729082
21.0,0.07142857142857142,0.6428571428571428,0.08551839
21.0,0.14285714285714285,0.6428571428571428,0.20080045
21.0,0.21428571428571427,0.6428571428571428,0.30717272
21.0,0.2857142857142857,0.6428571428571428,0.40876597
21.0,0.3571428571428571,0.6428571428571428,0.50985503
21.0,0.42857142857142855,0.6428571428571428,0.59739155
21.0,0.5,0.6428571428571428,0.63262117
21.0,0.5714285714285714,0.6428571428571428,0.5927292
21.0,0.6428571428571428,0.6428571428571428,0.5050457
21.0,0.7142857142857142,0.6428571428571428,0.4065989
21.0,0.7857142857142857,0.6428571428571428,0.30782974
21.0,0.8571428571428571,0.6428571428571428,0.20425916
21.0,0.9285714285714285,0.6428571428571428,0.09295031
21.0,1.0,0.6428571428571428,-0.022455797
21.0,0.0,0.7142857142857142,-0.0328883
21.0,0.07142857142857142,0.7142857142857142,0.067378946
21.0,0.14285714285714285,0.7142857142857142,0.15997723
21.0,0.21428571428571427,0.7142857142857142,0.24570191
21.0,0.2857142857142857,0.7142857142857142,0.32900226
21.0,0.3571428571428571,0.7142857142857142,0.41176918
21.0,0.42857142857142855,0.7142857142857142,0.48119885
21.0,0.5,0.7142857142857142,0.50820905
21.0,0.5714285714285714,0.7142857142857142,0.47745734
21.0,0.6428571428571428,0.7142857142857142,0.40856642
21.0,0.7142857142857142,0.7142857142857142,0.32892126
21.0,0.7857142857142857,0.7142857142857142,0.24778178
21.0,0.8571428571428571,0.7142857142857142,0.1624192
21.0,0.9285714285714285,0.7142857142857142,0.07022437
21.0,1.0,0.7142857142857142,-0.0268891
21.0,0.0,0.7857142857142857,-0.027512982
21.0,0.07142857142857142,0.7857142857142857,0.049037486
21.0,0.14285714285714285,0.7857142857142857,0.11761787
21.0,0.21428571428571427,0.7857142857142857,0.18138865
21.0,0.2857142857142857,0.7857142857142857,0.24520501
21.0,0.3571428571428571,0.7857142857142857,0.30928144
21.0,0.42857142857142855,0.7857142857142857,0.36179718
21.0,0.5,0.7857142857142857,0.3820687
21.0,0.5714285714285714,0.7857142857142857,0.36025217
21.0,0.6428571428571428,0.7857142857142857,0.30905214
21.0,0.7142857142857142,0.7857142857142857,0.24772343
21.0,0.7857142857142857,0.7857142857142857,0.18475053
21.0,0.8571428571428571,0.7857142857142857,0.119005494
21.0,0.9285714285714285,0.7857142857142857,0.04765614
21.0,1.0,0.7857142857142857,-0.029495906
21.0,0.0,0.8571428571428571,-0.02265504
21.0,0.07142857142857142,0.8571428571428571,0.029768981
21.0,0.14285714285714285,0.8571428571428571,0.074071296
21.0,0.21428571428571427,0.8571428571428571,0.115188755
21.0,0.2857142857142857,0.8571428571428571,0.15818813
21.0,0.3571428571428571,0.8571428571428571,0.20242155
21.0,0.42857142857142855,0.8571428571428571,0.23819885
21.0,0.5,0.8571428571428571,0.25192928
21.0,0.5714285714285714,0.8571428571428571,0.2377904
21.0,0.6428571428571428,0.8571428571428571,0.20338187
21.0,0.7142857142857142,0.8571428571428571,0.16113797
21.0,0.7857142857142857,0.8571428571428571,0.11763617
21.0,0.8571428571428571,0.8571428571428571,0.072298855
21.0,0.9285714285714285,0.8571428571428571,0.021982227
21.0,1.0,0.8571428571428571,-0.03508715
21.0,0.0,0.9285714285714285,-0.022147331
21.0,0.07142857142857142,0.9285714285714285,0.0061851963
21.0,0.14285714285714285,0.9285714285714285,0.026267909
21.0,0.21428571428571427,0.9285714285714285,0.0440248
21.0,0.2857142857142857,0.9285714285714285,0.064447545
21.0,0.3571428571428571,0.9285714285714285,0.087293796
21.0,0.42857142857142855,0.9285714285714285,0.10650491
21.0,0.5,0.9285714285714285,0.114530675
21.0,0.5714285714285714,0.9285714285714285,0.10815865
21.0,0.6428571428571428,0.9285714285714285,0.09092428
21.0,0.7142857142857142,0.9285714285714285,0.069163345
21.0,0.7857142857142857,0.9285714285714285,0.046354484
21.0,0.8571428571428571,0.9285714285714285,0.021474738
21.0,0.9285714285714285,0.9285714285714285,-0.008722767
21.0,1.0,0.9285714285714285,-0.04674524
21.0,0.0,1.0,-0.03196365
21.0,0.07142857142857142,1.0,-0.027530205
21.0,0.14285714285714285,1.0,-0.031220008
21.0,0.21428571428571427,1.0,-0.03675633
21.0,0.2857142857142857,1.0,-0.039062276
21.0,0.3571428571428571,1.0,-0.036670554
21.0,0.42857142857142855,1.0,-0.03146752
21.0,0.5,1.0,-0.026621304
21.0,0.5714285714285714,1.0,-0.024325754
21.0,0.6428571428571428,1.0,-0.024509963
21.0,0.7142857142857142,1.0,-0.025876362
21.0,0.7857142857142857,1.0,-0.028199699
21.0,0.8571428571428571,1.0,-0.03345351
21.0,0.9285714285714285,1.0,-0.044909142
21.0,1.0,1.0,-0.065280706
22.0,0.0,0.0,-0.034301683
22.0,0.07142857142857142,0.0,-0.026674848
22.0,0.14285714285714285,0.0,-0.025176726
22.0,0.21428571428571427,0.0,-0.02776103
22.0,0.2857142857142857,0.0,-0.030922418
22.0,0.3571428571428571,0.0,-0.03050844
22.0,0.42857142857142855,0.0,-0.026442494
22.0,0.5,0.0,-0.025570605
22.0,0.5714285714285714,0.0,-0.031380914
22.0,0.6428571428571428,0.0,-0.03732052
22.0,0.7142857142857142,0.0,-0.0367616
22.0,0.7857142857142857,0.0,-0.031807464
22.0,0.8571428571428571,0.0,-0.030126132
22.0,0.9285714285714285,0.0,-0.03764573
22.0,1.0,0.0,-0.056073204
22.0,0.0,0.07142857142857142,-0.025512883
22.0,0.07142857142857142,0.07142857142857142,0.003719138
22.0,0.14285714285714285,0.07142857142857142,0.027854808
22.0,0.21428571428571427,0.07142857142857142,0.048201323
22.0,0.2857142857142857,0.07142857142857142,0.06758071
22.0,0.3571428571428571,0.07142857142857142,0.08921062
22.0,0.42857142857142855,0.07142857142857142,0.109843
22.0,0.5,0.07142857142857142,0.11660757
22.0,0.5714285714285714,0.07142857142857142,0.10379342
22.0,0.6428571428571428,0.07142857142857142,0.082232155
22.0,0.7142857142857142,0.07142857142857142,0.06355816
22.0,0.7857142857142857,0.07142857142857142,0.047371916
22.0,0.8571428571428571,0.07142857142857142,0.026621364
22.0,0.9285714285714285,0.07142857142857142,-0.0030053332
22.0,1.0,0.07142857142857142,-0.041763894
22.0,0.0,0.14285714285714285,-0.024991043
22.0,0.07142857142857142,0.14285714285714285,0.026954211
22.0,0.14285714285714285,0.14285714285714285,0.07466278
22.0,0.21428571428571427,0.14285714285714285,0.11851289
22.0,0.2857142857142857,0.14285714285714285,0.16062278
22.0,0.3571428571428571,0.14285714285714285,0.2035332
22.0,0.42857142857142855,0.14285714285714285,0.24096304
22.0,0.5,0.14285714285714285,0.25399396
22.0,0.5714285714285714,0.14285714285714285,0.23421982
22.0,0.6428571428571428,0.14285714285714285,0.19625828
22.0,0.7142857142857142,0.14285714285714285,0.15684211
22.0,0.7857142857142857,0.14285714285714285,0.1177954
22.0,0.8571428571428571,0.14285714285714285,0.07358017
22.0,0.9285714285714285,0.14285714285714285,0.021813162
22.0,1.0,0.14285714285714285,-0.036837295
22.0,0.0,0.21428571428571427,-0.029245734
22.0,0.07142857142857142,0.21428571428571427,0.045937713
22.0,0.14285714285714285,0.21428571428571427,0.116970114
22.0,0.21428571428571427,0.21428571428571427,0.18317604
22.0,0.2857142857142857,0.21428571428571427,0.2464143
22.0,0.3571428571428571,0.21428571428571427,0.30928725
22.0,0.42857142857142855,0.21428571428571427,0.36315987
22.0,0.5,0.21428571428571427,0.38337335
22.0,0.5714285714285714,0.21428571428571427,0.35798818
22.0,0.6428571428571428,0.21428571428571427,0.30430672
22.0,0.7142857142857142,0.21428571428571427,0.24413091
22.0,0.7857142857142857,0.21428571428571427,0.1821779
22.0,0.8571428571428571,0.21428571428571427,0.115071304
22.0,0.9285714285714285,0.21428571428571427,0.042020656
22.0,1.0,0.21428571428571427,-0.035936795
22.0,0.0,0.2857142857142857,-0.034104664
22.0,0.07142857142857142,0.2857142857142857,0.064550854
22.0,0.14285714285714285,0.2857142857142857,0.15823978
22.0,0.21428571428571427,0.2857142857142857,0.2450729
22.0,0.2857142857142857,0.2857142857142857,0.32733846
22.0,0.3571428571428571,0.2857142857142857,0.40857756
22.0,0.42857142857142855,0.2857142857142857,0.47853354
22.0,0.5,0.2857142857142857,0.50703007
22.0,0.5714285714285714,0.2857142857142857,0.47741392
22.0,0.6428571428571428,0.2857142857142857,0.40876788
22.0,0.7142857142857142,0.2857142857142857,0.32839957
22.0,0.7857142857142857,0.2857142857142857,0.2446737
22.0,0.8571428571428571,0.2857142857142857,0.15632454
22.0,0.9285714285714285,0.2857142857142857,0.0632089
22.0,1.0,0.2857142857142857,-0.033505216
22.0,0.0,0.3571428571428571,-0.036716696
22.0,0.07142857142857142,0.3571428571428571,0.08478608
22.0,0.14285714285714285,0.3571428571428571,0.20047697
22.0,0.21428571428571427,0.3571428571428571,0.3068421
22.0,0.2857142857142857,0.3571428571428571,0.40676397
22.0,0.3571428571428571,0.3571428571428571,0.5051057
22.0,0.42857142857142855,0.3571428571428571,0.59059405
22.0,0.5,0.3571428571428571,0.62756443
22.0,0.5714285714285714,0.3571428571428571,0.59362674
22.0,0.6428571428571428,0.3571428571428571,0.5097666
22.0,0.7142857142857142,0.3571428571428571,0.40984404
22.0,0.7857142857142857,0.3571428571428571,0.3063501
22.0,0.8571428571428571,0.3571428571428571,0.19922125
22.0,0.9285714285714285,0.3571428571428571,0.0877792
22.0,1.0,0.3571428571428571,-0.02650828
22.0,0.0,0.42857142857142855,-0.03710977
22.0,0.07142857142857142,0.42857142857142855,0.10277483
22.0,0.14285714285714285,0.42857142857142855,0.23725581
22.0,0.21428571428571427,0.42857142857142855,0.36100984
22.0,0.2857142857142857,0.42857142857142855,0.47689605
22.0,0.3571428571428571,0.42857142857142855,0.5906451
22.0,0.42857142857142855,0.42857142857142855,0.6901
22.0,0.5,0.42857142857142855,0.7338969
22.0,0.5714285714285714,0.42857142857142855,0.6939956
22.0,0.6428571428571428,0.42857142857142855,0.5948388
22.0,0.7142857142857142,0.42857142857142855,0.47765514
22.0,0.7857142857142857,0.42857142857142855,0.35850272
22.0,0.8571428571428571,0.42857142857142855,0.23699594
22.0,0.9285714285714285,0.42857142857142855,0.11109879
22.0,1.0,0.42857142857142855,-0.017086044
22.0,0.0,0.5,-0.037094712
22.0,0.07142857142857142,0.5,0.10954549
22.0,0.14285714285714285,0.5,0.25143033
22.0,0.21428571428571427,0.5,0.38280213
22.0,0.2857142857142857,0.5,0.50663793
22.0,0.3571428571428571,0.5,0.6289902
22.0,0.42857142857142855,0.5,0.73659104
22.0,0.5,0.5,0.78332436
22.0,0.5714285714285714,0.5,0.7380936
22.0,0.6428571428571428,0.5,0.62995446
22.0,0.7142857142857142,0.5,0.50515115
22.0,0.7857142857142857,0.5,0.3805351
22.0,0.8571428571428571,0.5,0.25398287
22.0,0.9285714285714285,0.5,0.122255586
22.0,1.0,0.5,-0.011661358
22.0,0.0,0.5714285714285714,-0.03715934
22.0,0.07142857142857142,0.5714285714285714,0.10173483
22.0,0.14285714285714285,0.5714285714285714,0.23503736
22.0,0.21428571428571427,0.5714285714285714,0.3585519
22.0,0.2857142857142857,0.5714285714285714,0.4759292
22.0,0.3571428571428571,0.5714285714285714,0.5927342
22.0,0.42857142857142855,0.5714285714285714,0.6952709
22.0,0.5,0.5714285714285714,0.73835593
22.0,0.5714285714285714,0.5714285714285714,0.6934265
22.0,0.6428571428571428,0.5714285714285714,0.59083265
22.0,0.7142857142857142,0.5714285714285714,0.4745679
22.0,0.7857142857142857,0.5714285714285714,0.35881492
22.0,0.8571428571428571,0.5714285714285714,0.23984379
22.0,0.9285714285714285,0.5714285714285714,0.11425995
22.0,1.0,0.5714285714285714,-0.014289506
22.0,0.0,0.6428571428571428,-0.03567227
22.0,0.07142857142857142,0.6428571428571428,0.085785374
22.0,0.14285714285714285,0.6428571428571428,0.20046887
22.0,0.21428571428571427,0.6428571428571428,0.3067363
22.0,0.2857142857142857,0.6428571428571428,0.40861684
22.0,0.3571428571428571,0.6428571428571428,0.50968784
22.0,0.42857142857142855,0.6428571428571428,0.5963284
22.0,0.5,0.6428571428571428,0.63088554
22.0,0.5714285714285714,0.6428571428571428,0.59186804
22.0,0.6428571428571428,0.6428571428571428,0.50523084
22.0,0.7142857142857142,0.6428571428571428,0.40669918
22.0,0.7857142857142857,0.6428571428571428,0.3074683
22.0,0.8571428571428571,0.6428571428571428,0.2039749
22.0,0.9285714285714285,0.6428571428571428,0.09337601
22.0,1.0,0.6428571428571428,-0.021128315
22.0,0.0,0.7142857142857142,-0.031761512
22.0,0.07142857142857142,0.7142857142857142,0.06775115
22.0,0.14285714285714285,0.7142857142857142,0.1598134
22.0,0.21428571428571427,0.7142857142857142,0.24539894
22.0,0.2857142857142857,0.7142857142857142,0.3288236
22.0,0.3571428571428571,0.7142857142857142,0.41150537
22.0,0.42857142857142855,0.7142857142857142,0.48034197
22.0,0.5,0.7142857142857142,0.5069577
22.0,0.5714285714285714,0.7142857142857142,0.47681305
22.0,0.6428571428571428,0.7142857142857142,0.40865391
22.0,0.7142857142857142,0.7142857142857142,0.32894418
22.0,0.7857142857142857,0.7142857142857142,0.24742332
22.0,0.8571428571428571,0.7142857142857142,0.16207588
22.0,0.9285714285714285,0.7142857142857142,0.0704363
22.0,1.0,0.7142857142857142,-0.02588113
22.0,0.0,0.7857142857142857,-0.026310578
22.0,0.07142857142857142,0.7857142857142857,0.04944408
22.0,0.14285714285714285,0.7857142857142857,0.11743086
22.0,0.21428571428571427,0.7857142857142857,0.18093264
22.0,0.2857142857142857,0.7857142857142857,0.24469462
22.0,0.3571428571428571,0.7857142857142857,0.3086094
22.0,0.42857142857142855,0.7857142857142857,0.360691
22.0,0.5,0.7857142857142857,0.38070175
22.0,0.5714285714285714,0.7857142857142857,0.3592837
22.0,0.6428571428571428,0.7857142857142857,0.3086347
22.0,0.7142857142857142,0.7857142857142857,0.24737573
22.0,0.7857142857142857,0.7857142857142857,0.18421793
22.0,0.8571428571428571,0.7857142857142857,0.11854418
22.0,0.9285714285714285,0.7857142857142857,0.047685374
22.0,1.0,0.7857142857142857,-0.028741866
22.0,0.0,0.8571428571428571,-0.021352269
22.0,0.07142857142857142,0.8571428571428571,0.030216023
22.0,0.14285714285714285,0.8571428571428571,0.073875226
22.0,0.21428571428571427,0.8571428571428571,0.114686646
22.0,0.2857142857142857,0.8571428571428571,0.15763178
22.0,0.3571428571428571,0.8571428571428571,0.20178854
22.0,0.42857142857142855,0.8571428571428571,0.23730624
22.0,0.5,0.8571428571428571,0.25084764
22.0,0.5714285714285714,0.8571428571428571,0.23690099
22.0,0.6428571428571428,0.8571428571428571,0.20282799
22.0,0.7142857142857142,0.8571428571428571,0.16067716
22.0,0.7857142857142857,0.8571428571428571,0.1171081
22.0,0.8571428571428571,0.8571428571428571,0.07188135
22.0,0.9285714285714285,0.8571428571428571,0.022003345
22.0,1.0,0.8571428571428571,-0.03441127
22.0,0.0,0.9285714285714285,-0.020744588
22.0,0.07142857142857142,0.9285714285714285,0.006727822
22.0,0.14285714285714285,0.9285714285714285,0.026236456
22.0,0.21428571428571427,0.9285714285714285,0.043832626
22.0,0.2857142857142857,0.9285714285714285,0.06440578
22.0,0.3571428571428571,0.9285714285714285,0.087412424
22.0,0.42857142857142855,0.9285714285714285,0.106577925
22.0,0.5,0.9285714285714285,0.114459045
22.0,0.5714285714285714,0.9285714285714285,0.10806049
22.0,0.6428571428571428,0.9285714285714285,0.090875715
22.0,0.7142857142857142,0.9285714285714285,0.06907045
22.0,0.7857142857142857,0.9285714285714285,0.046157703
22.0,0.8571428571428571,0.9285714285714285,0.02132301
22.0,0.9285714285714285,0.9285714285714285,-0.008553069
22.0,1.0,0.9285714285714285,-0.046038304
22.0,0.0,1.0,-0.030490633
22.0,0.07142857142857142,1.0,-0.02680339
22.0,0.14285714285714285,1.0,-0.030847525
22.0,0.21428571428571427,1.0,-0.036264904
22.0,0.2857142857142857,1.0,-0.03813472
22.0,0.3571428571428571,1.0,-0.035317738
22.0,0.42857142857142855,1.0,-0.029953636
22.0,0.5,1.0,-0.025203738
22.0,0.5714285714285714,1.0,-0.023104832
22.0,0.6428571428571428,1.0,-0.02351423
22.0,0.7142857142857142,1.0,-0.02514859
22.0,0.7857142857142857,1.0,-0.02773701
22.0,0.8571428571428571,1.0,-0.033117417
22.0,0.9285714285714285,1.0,-0.044454396
22.0,1.0,1.0,-0.064476885
23.0,0.0,0.0,-0.033945974
23.0,0.07142857142857142,0.0,-0.026337372
23.0,0.14285714285714285,0.0,-0.024854071
23.0,0.21428571428571427,0.0,-0.027442448
23.0,0.2857142857142857,0.0,-0.030552413
23.0,0.3571428571428571,0.0,-0.030009745
23.0,0.42857142857142855,0.0,-0.025800468
23.0,0.5,0.0,-0.02471149
23.0,0.5714285714285714,0.0,-0.030240158
23.0,0.6428571428571428,0.0,-0.03615059
23.0,0.7142857142857142,0.0,-0.035804257
23.0,0.7857142857142857,0.0,-0.030903738
23.0,0.8571428571428571,0.0,-0.028948769
23.0,0.9285714285714285,0.0,-0.036043867
23.0,1.0,0.0,-0.054100566
23.0,0.0,0.07142857142857142,-0.025254756
23.0,0.07142857142857142,0.07142857142857142,0.0038650054
23.0,0.14285714285714285,0.07142857142857142,0.027919129
23.0,0.21428571428571427,0.07142857142857142,0.048233695
23.0,0.2857142857142857,0.07142857142857142,0.0676387
23.0,0.3571428571428571,0.07142857142857142,0.08924096
23.0,0.42857142857142855,0.07142857142857142,0.109653875
23.0,0.5,0.07142857142857142,0.116356485
23.0,0.5714285714285714,0.07142857142857142,0.10385197
23.0,0.6428571428571428,0.07142857142857142,0.082435206
23.0,0.7142857142857142,0.07142857142857142,0.06360931
23.0,0.7857142857142857,0.07142857142857142,0.047452174
23.0,0.8571428571428571,0.07142857142857142,0.027070038
23.0,0.9285714285714285,0.07142857142857142,-0.0020767115
23.0,1.0,0.07142857142857142,-0.040426053
23.0,0.0,0.14285714285714285,-0.024712646
23.0,0.07142857142857142,0.14285714285714285,0.026953675
23.0,0.14285714285714285,0.14285714285714285,0.07444488
23.0,0.21428571428571427,0.14285714285714285,0.1182121
23.0,0.2857142857142857,0.14285714285714285,0.1603786
23.0,0.3571428571428571,0.14285714285714285,0.20321035
23.0,0.42857142857142855,0.14285714285714285,0.24014243
23.0,0.5,0.14285714285714285,0.25289682
23.0,0.5714285714285714,0.14285714285714285,0.23353559
23.0,0.6428571428571428,0.14285714285714285,0.19589356
23.0,0.7142857142857142,0.14285714285714285,0.1563958
23.0,0.7857142857142857,0.14285714285714285,0.11740696
23.0,0.8571428571428571,0.14285714285714285,0.07355677
23.0,0.9285714285714285,0.14285714285714285,0.022257093
23.0,1.0,0.14285714285714285,-0.035954677
23.0,0.0,0.21428571428571427,-0.028785197
23.0,0.07142857142857142,0.21428571428571427,0.045903232
23.0,0.14285714285714285,0.21428571428571427,0.11654999
23.0,0.21428571428571427,0.21428571428571427,0.18266135
23.0,0.2857142857142857,0.21428571428571427,0.24611363
23.0,0.3571428571428571,0.21428571428571427,0.30901432
23.0,0.42857142857142855,0.21428571428571427,0.3622316
23.0,0.5,0.21428571428571427,0.38201174
23.0,0.5714285714285714,0.21428571428571427,0.3571599
23.0,0.6428571428571428,0.21428571428571427,0.3039749
23.0,0.7142857142857142,0.21428571428571427,0.2437303
23.0,0.7857142857142857,0.21428571428571427,0.18173686
23.0,0.8571428571428571,0.21428571428571427,0.11486795
23.0,0.9285714285714285,0.21428571428571427,0.042229176
23.0,1.0,0.21428571428571427,-0.035240278
23.0,0.0,0.2857142857142857,-0.03334866
23.0,0.07142857142857142,0.2857142857142857,0.064586274
23.0,0.14285714285714285,0.2857142857142857,0.1577228
23.0,0.21428571428571427,0.2857142857142857,0.24450678
23.0,0.2857142857142857,0.2857142857142857,0.32722747
23.0,0.3571428571428571,0.2857142857142857,0.40865055
23.0,0.42857142857142855,0.2857142857142857,0.47780272
23.0,0.5,0.2857142857142857,0.50568247
23.0,0.5714285714285714,0.2857142857142857,0.47670826
23.0,0.6428571428571428,0.2857142857142857,0.40874654
23.0,0.7142857142857142,0.2857142857142857,0.3282845
23.0,0.7857142857142857,0.2857142857142857,0.2443349
23.0,0.8571428571428571,0.2857142857142857,0.15606815
23.0,0.9285714285714285,0.2857142857142857,0.06336375
23.0,1.0,0.2857142857142857,-0.032748975
23.0,0.0,0.3571428571428571,-0.03569687
23.0,0.07142857142857142,0.3571428571428571,0.08488796
23.0,0.14285714285714285,0.3571428571428571,0.19985521
23.0,0.21428571428571427,0.3571428571428571,0.30617067
23.0,0.2857142857142857,0.3571428571428571,0.40667528
23.0,0.3571428571428571,0.3571428571428571,0.5052007
23.0,0.42857142857142855,0.3571428571428571,0.5896076
23.0,0.5,0.3571428571428571,0.62569124
23.0,0.5714285714285714,0.3571428571428571,0.59251267
23.0,0.6428571428571428,0.3571428571428571,0.50960636
23.0,0.7142857142857142,0.3571428571428571,0.40963784
23.0,0.7857142857142857,0.3571428571428571,0.30581754
23.0,0.8571428571428571,0.3571428571428571,0.19876018
23.0,0.9285714285714285,0.3571428571428571,0.08789233
23.0,1.0,0.3571428571428571,-0.02557844
23.0,0.0,0.42857142857142855,-0.03598082
23.0,0.07142857142857142,0.42857142857142855,0.10283404
23.0,0.14285714285714285,0.42857142857142855,0.23637691
23.0,0.21428571428571427,0.42857142857142855,0.35988143
23.0,0.2857142857142857,0.42857142857142855,0.47615817
23.0,0.3571428571428571,0.42857142857142855,0.58981067
23.0,0.42857142857142855,0.42857142857142855,0.68775773
23.0,0.5,0.42857142857142855,0.73035073
23.0,0.5714285714285714,0.42857142857142855,0.69139194
23.0,0.6428571428571428,0.42857142857142855,0.59361994
23.0,0.7142857142857142,0.42857142857142855,0.4766626
23.0,0.7857142857142857,0.42857142857142855,0.35732937
23.0,0.8571428571428571,0.42857142857142855,0.23611864
23.0,0.9285714285714285,0.42857142857142855,0.11111631
23.0,1.0,0.42857142857142855,-0.015976526
23.0,0.0,0.5,-0.03595692
23.0,0.07142857142857142,0.5,0.10956057
23.0,0.14285714285714285,0.5,0.25040013
23.0,0.21428571428571427,0.5,0.38134292
23.0,0.2857142857142857,0.5,0.50532657
23.0,0.3571428571428571,0.5,0.6273214
23.0,0.42857142857142855,0.5,0.7331461
23.0,0.5,0.5,0.77851236
23.0,0.5714285714285714,0.5,0.7343964
23.0,0.6428571428571428,0.5,0.6279824
23.0,0.7142857142857142,0.5,0.5036558
23.0,0.7857142857142857,0.5,0.37901604
23.0,0.8571428571428571,0.5,0.2529427
23.0,0.9285714285714285,0.5,0.12232285
23.0,1.0,0.5,-0.010345548
23.0,0.0,0.5714285714285714,-0.03599067
23.0,0.07142857142857142,0.5714285714285714,0.10187704
23.0,0.14285714285714285,0.5714285714285714,0.23430917
23.0,0.21428571428571427,0.5714285714285714,0.35754257
23.0,0.2857142857142857,0.5714285714285714,0.4751398
23.0,0.3571428571428571,0.5714285714285714,0.5917216
23.0,0.42857142857142855,0.5714285714285714,0.69280964
23.0,0.5,0.5714285714285714,0.7347999
23.0,0.5714285714285714,0.5714285714285714,0.6909502
23.0,0.6428571428571428,0.5714285714285714,0.5898728
23.0,0.7142857142857142,0.5714285714285714,0.47386009
23.0,0.7857142857142857,0.5714285714285714,0.35786635
23.0,0.8571428571428571,0.5714285714285714,0.23919424
23.0,0.9285714285714285,0.5714285714285714,0.114591785
23.0,1.0,0.5714285714285714,-0.012790911
23.0,0.0,0.6428571428571428,-0.034452975
23.0,0.07142857142857142,0.6428571428571428,0.086109236
23.0,0.14285714285714285,0.6428571428571428,0.20014411
23.0,0.21428571428571427,0.6428571428571428,0.3062924
23.0,0.2857142857142857,0.6428571428571428,0.40843046
23.0,0.3571428571428571,0.6428571428571428,0.5094317
23.0,0.42857142857142855,0.6428571428571428,0.5951734
23.0,0.5,0.6428571428571428,0.62910753
23.0,0.5714285714285714,0.6428571428571428,0.5909626
23.0,0.6428571428571428,0.6428571428571428,0.50537837
23.0,0.7142857142857142,0.6428571428571428,0.4068039
23.0,0.7857142857142857,0.6428571428571428,0.30710948
23.0,0.8571428571428571,0.6428571428571428,0.20366412
23.0,0.9285714285714285,0.6428571428571428,0.09379814
23.0,1.0,0.6428571428571428,-0.019701991
23.0,0.0,0.7142857142857142,-0.0304958
23.0,0.07142857142857142,0.7142857142857142,0.068175346
23.0,0.14285714285714285,0.7142857142857142,0.1596578
23.0,0.21428571428571427,0.7142857142857142,0.24508512
23.0,0.2857142857142857,0.7142857142857142,0.32860667
23.0,0.3571428571428571,0.7142857142857142,0.4111691
23.0,0.42857142857142855,0.7142857142857142,0.47942126
23.0,0.5,0.7142857142857142,0.50569284
23.0,0.5714285714285714,0.7142857142857142,0.47616613
23.0,0.6428571428571428,0.7142857142857142,0.40873456
23.0,0.7142857142857142,0.7142857142857142,0.32897255
23.0,0.7857142857142857,0.7142857142857142,0.24706069
23.0,0.8571428571428571,0.7142857142857142,0.16171321
23.0,0.9285714285714285,0.7142857142857142,0.07065981
23.0,1.0,0.7142857142857142,-0.024764672
23.0,0.0,0.7857142857142857,-0.024977133
23.0,0.07142857142857142,0.7857142857142857,0.0499136
23.0,0.14285714285714285,0.7857142857142857,0.11727118
23.0,0.21428571428571427,0.7857142857142857,0.1804843
23.0,0.2857142857142857,0.7857142857142857,0.2441647
23.0,0.3571428571428571,0.7857142857142857,0.30788857
23.0,0.42857142857142855,0.7857142857142857,0.35954368
23.0,0.5,0.7857142857142857,0.3793329
23.0,0.5714285714285714,0.7857142857142857,0.3583237
23.0,0.6428571428571428,0.7857142857142857,0.30821568
23.0,0.7142857142857142,0.7857142857142857,0.24702865
23.0,0.7857142857142857,0.7857142857142857,0.18368667
23.0,0.8571428571428571,0.7857142857142857,0.118085854
23.0,0.9285714285714285,0.7857142857142857,0.047752775
23.0,1.0,0.7857142857142857,-0.02786481
23.0,0.0,0.8571428571428571,-0.019916438
23.0,0.07142857142857142,0.8571428571428571,0.030747727
23.0,0.14285714285714285,0.8571428571428571,0.07374006
23.0,0.21428571428571427,0.8571428571428571,0.11422814
23.0,0.2857142857142857,0.8571428571428571,0.15708846
23.0,0.3571428571428571,0.8571428571428571,0.20113406
23.0,0.42857142857142855,0.8571428571428571,0.23638776
23.0,0.5,0.8571428571428571,0.24976376
23.0,0.5714285714285714,0.8571428571428571,0.23601997
23.0,0.6428571428571428,0.8571428571428571,0.20228046
23.0,0.7142857142857142,0.8571428571428571,0.16023108
23.0,0.7857142857142857,0.8571428571428571,0.11660992
23.0,0.8571428571428571,0.8571428571428571,0.07150839
23.0,0.9285714285714285,0.8571428571428571,0.022103958
23.0,1.0,0.8571428571428571,-0.033588197
23.0,0.0,0.9285714285714285,-0.01920142
23.0,0.07142857142857142,0.9285714285714285,0.0073859133
23.0,0.14285714285714285,0.9285714285714285,0.02631493
23.0,0.21428571428571427,0.9285714285714285,0.043741763
23.0,0.2857142857142857,0.9285714285714285,0.06443577
23.0,0.3571428571428571,0.9285714285714285,0.08756535
23.0,0.42857142857142855,0.9285714285714285,0.10667115
23.0,0.5,0.9285714285714285,0.114418276
23.0,0.5714285714285714,0.9285714285714285,0.108004116
23.0,0.6428571428571428,0.9285714285714285,0.0908739
23.0,0.7142857142857142,0.9285714285714285,0.069036
23.0,0.7857142857142857,0.9285714285714285,0.04603803
23.0,0.8571428571428571,0.9285714285714285,0.0212682
23.0,0.9285714285714285,0.9285714285714285,-0.008258212
23.0,1.0,0.9285714285714285,-0.045155294
23.0,0.0,1.0,-0.028864097
23.0,0.07142857142857142,1.0,-0.025918514
23.0,0.14285714285714285,1.0,-0.030300168
23.0,0.21428571428571427,1.0,-0.035592668
23.0,0.2857142857142857,1.0,-0.037043717
23.0,0.3571428571428571,1.0,-0.033832125
23.0,0.42857142857142855,1.0,-0.028326262
23.0,0.5,1.0,-0.023673475
23.0,0.5714285714285714,1.0,-0.021768566
23.0,0.6428571428571428,1.0,-0.022400897
23.0,0.7142857142857142,1.0,-0.024297059
23.0,0.7857142857142857,1.0,-0.027138349
23.0,0.8571428571428571,1.0,-0.03263034
23.0,0.9285714285714285,1.0,-0.04382792
23.0,1.0,1.0,-0.0634677
24.0,0.0,0.0,-0.03346035
24.0,0.07142857142857142,0.0,-0.02590068
24.0,0.14285714285714285,0.0,-0.02445346
24.0,0.21428571428571427,0.0,-0.027047042
24.0,0.2857142857142857,0.0,-0.030087685
24.0,0.3571428571428571,0.0,-0.029398756
24.0,0.42857142857142855,0.0,-0.025046192
24.0,0.5,0.0,-0.023749208
24.0,0.5714285714285714,0.0,-0.029002601
24.0,0.6428571428571428,0.0,-0.034878746
24.0,0.7142857142857142,0.0,-0.034744576
24.0,0.7857142857142857,0.0,-0.029904071
24.0,0.8571428571428571,0.0,-0.027664822
24.0,0.9285714285714285,0.0,-0.034299362
24.0,1.0,0.0,-0.05193536
24.0,0.0,0.07142857142857142,-0.024881743
24.0,0.07142857142857142,0.07142857142857142,0.004079301
24.0,0.14285714285714285,0.07142857142857142,0.028014705
24.0,0.21428571428571427,0.07142857142857142,0.048279993
24.0,0.2857142857142857,0.07142857142857142,0.067713685
24.0,0.3571428571428571,0.07142857142857142,0.08929301
24.0,0.42857142857142855,0.07142857142857142,0.109489374
24.0,0.5,0.07142857142857142,0.11613425
24.0,0.5714285714285714,0.07142857142857142,0.10394214
24.0,0.6428571428571428,0.07142857142857142,0.08268438
24.0,0.7142857142857142,0.07142857142857142,0.06371665
24.0,0.7857142857142857,0.07142857142857142,0.047586046
24.0,0.8571428571428571,0.07142857142857142,0.027587071
24.0,0.9285714285714285,0.07142857142857142,-0.0010350384
24.0,1.0,0.07142857142857142,-0.038917035
24.0,0.0,0.14285714285714285,-0.024333922
24.0,0.07142857142857142,0.14285714285714285,0.02699421
24.0,0.14285714285714285,0.14285714285714285,0.074225344
24.0,0.21428571428571427,0.14285714285714285,0.117891885
24.0,0.2857142857142857,0.14285714285714285,0.16011685
24.0,0.3571428571428571,0.14285714285714285,0.20287016
24.0,0.42857142857142855,0.14285714285714285,0.23931837
24.0,0.5,0.14285714285714285,0.25181776
24.0,0.5714285714285714,0.14285714285714285,0.2328698
24.0,0.6428571428571428,0.14285714285714285,0.19556078
24.0,0.7142857142857142,0.14285714285714285,0.1559917
24.0,0.7857142857142857,0.14285714285714285,0.117054276
24.0,0.8571428571428571,0.14285714285714285,0.07358222
24.0,0.9285714285714285,0.14285714285714285,0.022794306
24.0,1.0,0.14285714285714285,-0.03491515
24.0,0.0,0.21428571428571427,-0.028238893
24.0,0.07142857142857142,0.21428571428571427,0.045888
24.0,0.14285714285714285,0.21428571428571427,0.11611331
24.0,0.21428571428571427,0.21428571428571427,0.18212777
24.0,0.2857142857142857,0.21428571428571427,0.24579814
24.0,0.3571428571428571,0.21428571428571427,0.30871373
24.0,0.42857142857142855,0.21428571428571427,0.36129284
24.0,0.5,0.21428571428571427,0.38067165
24.0,0.5714285714285714,0.21428571428571427,0.35634425
24.0,0.6428571428571428,0.21428571428571427,0.30366072
24.0,0.7142857142857142,0.21428571428571427,0.24336019
24.0,0.7857142857142857,0.21428571428571427,0.1813195
24.0,0.8571428571428571,0.21428571428571427,0.11469846
24.0,0.9285714285714285,0.21428571428571427,0.04251323
24.0,1.0,0.21428571428571427,-0.03440182
24.0,0.0,0.2857142857142857,-0.0325124
24.0,0.07142857142857142,0.2857142857142857,0.06462834
24.0,0.14285714285714285,0.2857142857142857,0.15719196
24.0,0.21428571428571427,0.2857142857142857,0.24394375
24.0,0.2857142857142857,0.2857142857142857,0.3271194
24.0,0.3571428571428571,0.2857142857142857,0.40868643
24.0,0.42857142857142855,0.2857142857142857,0.47704417
24.0,0.5,0.2857142857142857,0.50434434
24.0,0.5714285714285714,0.2857142857142857,0.47598797
24.0,0.6428571428571428,0.2857142857142857,0.40870652
24.0,0.7142857142857142,0.2857142857142857,0.32817376
24.0,0.7857142857142857,0.2857142857142857,0.24400541
24.0,0.8571428571428571,0.2857142857142857,0.15582886
24.0,0.9285714285714285,0.2857142857142857,0.06357359
24.0,1.0,0.2857142857142857,-0.03186851
24.0,0.0,0.3571428571428571,-0.03457985
24.0,0.07142857142857142,0.3571428571428571,0.08500369
24.0,0.14285714285714285,0.3571428571428571,0.19923466
24.0,0.21428571428571427,0.3571428571428571,0.3055288
24.0,0.2857142857142857,0.3571428571428571,0.40660042
24.0,0.3571428571428571,0.3571428571428571,0.5052426
24.0,0.42857142857142855,0.3571428571428571,0.5885738
24.0,0.5,0.3571428571428571,0.6238146
24.0,0.5714285714285714,0.3571428571428571,0.59135556
24.0,0.6428571428571428,0.3571428571428571,0.50939023
24.0,0.7142857142857142,0.3571428571428571,0.40941978
24.0,0.7857142857142857,0.3571428571428571,0.30529055
24.0,0.8571428571428571,0.3571428571428571,0.19830617
24.0,0.9285714285714285,0.3571428571428571,0.08804071
24.0,1.0,0.3571428571428571,-0.024543174
24.0,0.0,0.42857142857142855,-0.034713537
24.0,0.07142857142857142,0.42857142857142855,0.10293334
24.0,0.14285714285714285,0.42857142857142855,0.23552042
24.0,0.21428571428571427,0.42857142857142855,0.35880345
24.0,0.2857142857142857,0.42857142857142855,0.47544944
24.0,0.3571428571428571,0.42857142857142855,0.5889365
24.0,0.42857142857142855,0.42857142857142855,0.6853926
24.0,0.5,0.42857142857142855,0.7268381
24.0,0.5714285714285714,0.42857142857142855,0.68876886
24.0,0.6428571428571428,0.42857142857142855,0.59236
24.0,0.7142857142857142,0.42857142857142855,0.47568312
24.0,0.7857142857142857,0.42857142857142855,0.3561882
24.0,0.8571428571428571,0.42857142857142855,0.23525381
24.0,0.9285714285714285,0.42857142857142855,0.11115461
24.0,1.0,0.42857142857142855,-0.014776267
24.0,0.0,0.5,-0.03464845
24.0,0.07142857142857142,0.5,0.10963744
24.0,0.14285714285714285,0.5,0.24940315
24.0,0.21428571428571427,0.5,0.3799375
24.0,0.2857142857142857,0.5,0.504053
24.0,0.3571428571428571,0.5,0.625631
24.0,0.42857142857142855,0.5,0.7297018
24.0,0.5,0.5,0.7737654
24.0,0.5714285714285714,0.5,0.7307105
24.0,0.6428571428571428,0.5,0.6259963
24.0,0.7142857142857142,0.5,0.5022002
24.0,0.7857142857142857,0.5,0.3775473
24.0,0.8571428571428571,0.5,0.25191304
24.0,0.9285714285714285,0.5,0.12239557
24.0,1.0,0.5,-0.008951612
24.0,0.0,0.5714285714285714,-0.034657843
24.0,0.07142857142857142,0.5714285714285714,0.10207653
24.0,0.14285714285714285,0.5714285714285714,0.23360002
24.0,0.21428571428571427,0.5714285714285714,0.35655528
24.0,0.2857142857142857,0.5714285714285714,0.4743444
24.0,0.3571428571428571,0.5714285714285714,0.59064
24.0,0.42857142857142855,0.5714285714285714,0.6902827
24.0,0.5,0.5714285714285714,0.7312315
24.0,0.5714285714285714,0.5714285714285714,0.6884299
24.0,0.6428571428571428,0.5714285714285714,0.58886313
24.0,0.7142857142857142,0.5714285714285714,0.47316325
24.0,0.7857142857142857,0.5714285714285714,0.3569413
24.0,0.8571428571428571,0.5714285714285714,0.23853081
24.0,0.9285714285714285,0.5714285714285714,0.11491031
24.0,1.0,0.5714285714285714,-0.011223257
24.0,0.0,0.6428571428571428,-0.033096
24.0,0.07142857142857142,0.6428571428571428,0.086476095
24.0,0.14285714285714285,0.6428571428571428,0.19982249
24.0,0.21428571428571427,0.6428571428571428,0.30584073
24.0,0.2857142857142857,0.6428571428571428,0.40820456
24.0,0.3571428571428571,0.6428571428571428,0.5090828
24.0,0.42857142857142855,0.6428571428571428,0.59392256
24.0,0.5,0.6428571428571428,0.6272784
24.0,0.5714285714285714,0.6428571428571428,0.59000295
24.0,0.6428571428571428,0.6428571428571428,0.50547785
24.0,0.7142857142857142,0.6428571428571428,0.40690684
24.0,0.7857142857142857,0.6428571428571428,0.30675566
24.0,0.8571428571428571,0.6428571428571428,0.20333028
24.0,0.9285714285714285,0.6428571428571428,0.094206855
24.0,1.0,0.6428571428571428,-0.01820257
24.0,0.0,0.7142857142857142,-0.029113345
24.0,0.07142857142857142,0.7142857142857142,0.06863916
24.0,0.14285714285714285,0.7142857142857142,0.15950704
24.0,0.21428571428571427,0.7142857142857142,0.24476212
24.0,0.2857142857142857,0.7142857142857142,0.32835415
24.0,0.3571428571428571,0.7142857142857142,0.41076338
24.0,0.42857142857142855,0.7142857142857142,0.4784369
24.0,0.5,0.7142857142857142,0.5044093
24.0,0.5714285714285714,0.7142857142857142,0.4755101
24.0,0.6428571428571428,0.7142857142857142,0.4088035
24.0,0.7142857142857142,0.7142857142857142,0.3290066
24.0,0.7857142857142857,0.7142857142857142,0.2467007
24.0,0.8571428571428571,0.7142857142857142,0.16133446
24.0,0.9285714285714285,0.7142857142857142,0.07088504
24.0,1.0,0.7142857142857142,-0.02356492
24.0,0.0,0.7857142857142857,-0.023536123
24.0,0.07142857142857142,0.7857142857142857,0.05043283
24.0,0.14285714285714285,0.7857142857142857,0.11713495
24.0,0.21428571428571427,0.7857142857142857,0.18004683
24.0,0.2857142857142857,0.7857142857142857,0.24362102
24.0,0.3571428571428571,0.7857142857142857,0.3071272
24.0,0.42857142857142855,0.7857142857142857,0.35836315
24.0,0.5,0.7857142857142857,0.3779653
24.0,0.5714285714285714,0.7857142857142857,0.35737374
24.0,0.6428571428571428,0.7857142857142857,0.3077988
24.0,0.7142857142857142,0.7857142857142857,0.24668846
24.0,0.7857142857142857,0.7857142857142857,0.18316293
24.0,0.8571428571428571,0.7857142857142857,0.117632456
24.0,0.9285714285714285,0.7857142857142857,0.047848117
24.0,1.0,0.7857142857142857,-0.026890054
24.0,0.0,0.8571428571428571,-0.018372424
24.0,0.07142857142857142,0.8571428571428571,0.031349458
24.0,0.14285714285714285,0.8571428571428571,0.07366122
24.0,0.21428571428571427,0.8571428571428571,0.113815226
24.0,0.2857142857142857,0.8571428571428571,0.15656346
24.0,0.3571428571428571,0.8571428571428571,0.20046598
24.0,0.42857142857142855,0.8571428571428571,0.23545185
24.0,0.5,0.8571428571428571,0.24868375
24.0,0.5714285714285714,0.8571428571428571,0.23515233
24.0,0.6428571428571428,0.8571428571428571,0.20174482
24.0,0.7142857142857142,0.8571428571428571,0.15980625
24.0,0.7857142857142857,0.8571428571428571,0.1161449
24.0,0.8571428571428571,0.8571428571428571,0.07117931
24.0,0.9285714285714285,0.8571428571428571,0.022271268
24.0,1.0,0.8571428571428571,-0.03264348
24.0,0.0,0.9285714285714285,-0.01754567
24.0,0.07142857142857142,0.9285714285714285,0.008142268
24.0,0.14285714285714285,0.9285714285714285,0.026494026
24.0,0.21428571428571427,0.9285714285714285,0.043747507
24.0,0.2857142857142857,0.9285714285714285,0.06453449
24.0,0.3571428571428571,0.9285714285714285,0.08775112
24.0,0.42857142857142855,0.9285714285714285,0.10678233
24.0,0.5,0.9285714285714285,0.11440588
24.0,0.5714285714285714,0.9285714285714285,0.10798649
24.0,0.6428571428571428,0.9285714285714285,0.09091761
24.0,0.7142857142857142,0.9285714285714285,0.069059506
24.0,0.7857142857142857,0.9285714285714285,0.045992695
24.0,0.8571428571428571,0.9285714285714285,0.02130225
24.0,0.9285714285714285,0.9285714285714285,-0.007852962
24.0,1.0,0.9285714285714285,-0.044121854
24.0,0.0,1.0,-0.027111419
24.0,0.07142857142857142,1.0,-0.024895057
24.0,0.14285714285714285,1.0,-0.029594218
24.0,0.21428571428571427,1.0,-0.0347554
24.0,0.2857142857142857,1.0,-0.035808392
24.0,0.3571428571428571,1.0,-0.032234795
24.0,0.42857142857142855,1.0,-0.026606623
24.0,0.5,1.0,-0.022052437
24.0,0.5714285714285714,1.0,-0.020336628
24.0,0.6428571428571428,1.0,-0.021187693
24.0,0.7142857142857142,1.0,-0.023337603
24.0,0.7857142857142857,1.0,-0.026418678
24.0,0.8571428571428571,1.0,-0.032008756
24.0,0.9285714285714285,1.0,-0.043050423
24.0,1.0,1.0,-0.062278844
25.0,0.0,0.0,-0.032856513
25.0,0.07142857142857142,0.0,-0.025376529
25.0,0.14285714285714285,0.0,-0.023984587
25.0,0.21428571428571427,0.0,-0.026583951
25.0,0.2857142857142857,0.0,-0.02953826
25.0,0.3571428571428571,0.0,-0.028687645
25.0,0.42857142857142855,0.0,-0.02419556
25.0,0.5,0.0,-0.022702772
25.0,0.5714285714285714,0.0,-0.027687173
25.0,0.6428571428571428,0.0,-0.03352382
25.0,0.7142857142857142,0.0,-0.033598766
25.0,0.7857142857142857,0.0,-0.028824262
25.0,0.8571428571428571,0.0,-0.026293848
25.0,0.9285714285714285,0.0,-0.032435443
25.0,1.0,0.0,-0.049603116
25.0,0.0,0.07142857142857142,-0.02440605
25.0,0.07142857142857142,0.07142857142857142,0.004351519
25.0,0.14285714285714285,0.07142857142857142,0.02813419
25.0,0.21428571428571427,0.07142857142857142,0.048337538
25.0,0.2857142857142857,0.07142857142857142,0.06780301
25.0,0.3571428571428571,0.07142857142857142,0.089364
25.0,0.42857142857142855,0.07142857142857142,0.10934504
25.0,0.5,0.07142857142857142,0.11593496
25.0,0.5714285714285714,0.07142857142857142,0.10405528
25.0,0.6428571428571428,0.07142857142857142,0.08297179
25.0,0.7142857142857142,0.07142857142857142,0.06387446
25.0,0.7857142857142857,0.07142857142857142,0.047766574
25.0,0.8571428571428571,0.07142857142857142,0.028160024
25.0,0.9285714285714285,0.07142857142857142,9.9271536e-05
25.0,1.0,0.07142857142857142,-0.037260994
25.0,0.0,0.14285714285714285,-0.02386869
25.0,0.07142857142857142,0.14285714285714285,0.027068079
25.0,0.14285714285714285,0.14285714285714285,0.07400236
25.0,0.21428571428571427,0.14285714285714285,0.11755746
25.0,0.2857142857142857,0.14285714285714285,0.15984076
25.0,0.3571428571428571,0.14285714285714285,0.20251378
25.0,0.42857142857142855,0.14285714285714285,0.23849088
25.0,0.5,0.14285714285714285,0.25075623
25.0,0.5714285714285714,0.14285714285714285,0.23222029
25.0,0.6428571428571428,0.14285714285714285,0.19525748
25.0,0.7142857142857142,0.14285714285714285,0.1556302
25.0,0.7857142857142857,0.14285714285714285,0.11673703
25.0,0.8571428571428571,0.14285714285714285,0.073648416
25.0,0.9285714285714285,0.14285714285714285,0.023408525
25.0,1.0,0.14285714285714285,-0.033742025
25.0,0.0,0.21428571428571427,-0.027621416
25.0,0.07142857142857142,0.21428571428571427,0.045886703
25.0,0.14285714285714285,0.21428571428571427,0.11566425
25.0,0.21428571428571427,0.21428571428571427,0.18158439
25.0,0.2857142857142857,0.21428571428571427,0.24547285
25.0,0.3571428571428571,0.21428571428571427,0.30838552
25.0,0.42857142857142855,0.21428571428571427,0.36034083
25.0,0.5,0.21428571428571427,0.37934974
25.0,0.5714285714285714,0.21428571428571427,0.35553694
25.0,0.6428571428571428,0.21428571428571427,0.30336073
25.0,0.7142857142857142,0.21428571428571427,0.24302053
25.0,0.7857142857142857,0.21428571428571427,0.18092912
25.0,0.8571428571428571,0.21428571428571427,0.11455964
25.0,0.9285714285714285,0.21428571428571427,0.042860888
25.0,1.0,0.21428571428571427,-0.033442624
25.0,0.0,0.2857142857142857,-0.031612616
25.0,0.07142857142857142,0.2857142857142857,0.06467391
25.0,0.14285714285714285,0.2857142857142857,0.15665504
25.0,0.21428571428571427,0.2857142857142857,0.2433953
25.0,0.2857142857142857,0.2857142857142857,0.32701486
25.0,0.3571428571428571,0.2857142857142857,0.4086802
25.0,0.42857142857142855,0.2857142857142857,0.47625217
25.0,0.5,0.2857142857142857,0.5030088
25.0,0.5714285714285714,0.2857142857142857,0.47524652
25.0,0.6428571428571428,0.2857142857142857,0.40864223
25.0,0.7142857142857142,0.2857142857142857,0.32806864
25.0,0.7857142857142857,0.2857142857142857,0.24368954
25.0,0.8571428571428571,0.2857142857142857,0.15560839
25.0,0.9285714285714285,0.2857142857142857,0.063828096
25.0,1.0,0.2857142857142857,-0.030884378
25.0,0.0,0.3571428571428571,-0.03338404
25.0,0.07142857142857142,0.3571428571428571,0.08512867
25.0,0.14285714285714285,0.3571428571428571,0.19862404
25.0,0.21428571428571427,0.3571428571428571,0.30492306
25.0,0.2857142857142857,0.3571428571428571,0.40653402
25.0,0.3571428571428571,0.3571428571428571,0.5052228
25.0,0.42857142857142855,0.3571428571428571,0.587486
25.0,0.5,0.3571428571428571,0.6219271
25.0,0.5714285714285714,0.3571428571428571,0.5901488
25.0,0.6428571428571428,0.3571428571428571,0.5091142
25.0,0.7142857142857142,0.3571428571428571,0.4091885
25.0,0.7857142857142857,0.3571428571428571,0.304776
25.0,0.8571428571428571,0.3571428571428571,0.19786388
25.0,0.9285714285714285,0.3571428571428571,0.08821573
25.0,1.0,0.3571428571428571,-0.023422897
25.0,0.0,0.42857142857142855,-0.033329226
25.0,0.07142857142857142,0.42857142857142855,0.10306488
25.0,0.14285714285714285,0.42857142857142855,0.23469144
25.0,0.21428571428571427,0.42857142857142855,0.35777718
25.0,0.2857142857142857,0.42857142857142855,0.47476208
25.0,0.3571428571428571,0.42857142857142855,0.5880139
25.0,0.42857142857142855,0.42857142857142855,0.6829984
25.0,0.5,0.42857142857142855,0.7233522
25.0,0.5714285714285714,0.42857142857142855,0.68612254
25.0,0.6428571428571428,0.42857142857142855,0.5910539
25.0,0.7142857142857142,0.42857142857142855,0.47471508
25.0,0.7857142857142857,0.42857142857142855,0.35508534
25.0,0.8571428571428571,0.42857142857142855,0.23440671
25.0,0.9285714285714285,0.42857142857142855,0.111207366
25.0,1.0,0.42857142857142855,-0.013506852
25.0,0.0,0.5,-0.033196017
25.0,0.07142857142857142,0.5,0.10976311
25.0,0.14285714285714285,0.5,0.2484389
25.0,0.21428571428571427,0.5,0.3785842
25.0,0.2857142857142857,0.5,0.5028064
25.0,0.3571428571428571,0.5,0.62390876
25.0,0.42857142857142855,0.5,0.7262525
25.0,0.5,0.5,0.76907706
25.0,0.5714285714285714,0.5,0.72703195
25.0,0.6428571428571428,0.5,0.62399036
25.0,0.7142857142857142,0.5,0.5007807
25.0,0.7857142857142857,0.5,0.37613267
25.0,0.8571428571428571,0.5,0.250898
25.0,0.9285714285714285,0.5,0.12246587
25.0,1.0,0.5,-0.0075030774
25.0,0.0,0.5714285714285714,-0.03318788
25.0,0.07142857142857142,0.5714285714285714,0.10231964
25.0,0.14285714285714285,0.5714285714285714,0.23290822
25.0,0.21428571428571427,0.5714285714285714,0.3555884
25.0,0.2857142857142857,0.5714285714285714,0.4735365
25.0,0.3571428571428571,0.5714285714285714,0.5894842
25.0,0.42857142857142855,0.5714285714285714,0.68768954
25.0,0.5,0.5714285714285714,0.72764754
25.0,0.5714285714285714,0.5714285714285714,0.6858618
25.0,0.6428571428571428,0.5714285714285714,0.5877975
25.0,0.7142857142857142,0.5714285714285714,0.4724726
25.0,0.7857142857142857,0.5714285714285714,0.3560429
25.0,0.8571428571428571,0.5714285714285714,0.23785773
25.0,0.9285714285714285,0.5714285714285714,0.11520665
25.0,1.0,0.5714285714285714,-0.009611584
25.0,0.0,0.6428571428571428,-0.031626813
25.0,0.07142857142857142,0.6428571428571428,0.08687338
25.0,0.14285714285714285,0.6428571428571428,0.19950211
25.0,0.21428571428571427,0.6428571428571428,0.30538112
25.0,0.2857142857142857,0.6428571428571428,0.40793622
25.0,0.3571428571428571,0.6428571428571428,0.5086385
25.0,0.42857142857142855,0.6428571428571428,0.5925745
25.0,0.5,0.6428571428571428,0.6253941
25.0,0.5714285714285714,0.6428571428571428,0.5889814
25.0,0.6428571428571428,0.6428571428571428,0.5055206
25.0,0.7142857142857142,0.6428571428571428,0.40700328
25.0,0.7857142857142857,0.6428571428571428,0.3064107
25.0,0.8571428571428571,0.6428571428571428,0.20297685
25.0,0.9285714285714285,0.6428571428571428,0.094593585
25.0,1.0,0.6428571428571428,-0.016655855
25.0,0.0,0.7142857142857142,-0.027640298
25.0,0.07142857142857142,0.7142857142857142,0.06912987
25.0,0.14285714285714285,0.7142857142857142,0.15935937
25.0,0.21428571428571427,0.7142857142857142,0.24443293
25.0,0.2857142857142857,0.7142857142857142,0.32806903
25.0,0.3571428571428571,0.7142857142857142,0.41029048
25.0,0.42857142857142855,0.7142857142857142,0.47739172
25.0,0.5,0.7142857142857142,0.50310427
25.0,0.5714285714285714,0.7142857142857142,0.47483876
25.0,0.6428571428571428,0.7142857142857142,0.4088564
25.0,0.7142857142857142,0.7142857142857142,0.32904583
25.0,0.7857142857142857,0.7142857142857142,0.24634874
25.0,0.8571428571428571,0.7142857142857142,0.16094446
25.0,0.9285714285714285,0.7142857142857142,0.07110415
25.0,1.0,0.7142857142857142,-0.022307266
25.0,0.0,0.7857142857142857,-0.02201309
25.0,0.07142857142857142,0.7857142857142857,0.0509877
25.0,0.14285714285714285,0.7857142857142857,0.11702084
25.0,0.21428571428571427,0.7857142857142857,0.179625
25.0,0.2857142857142857,0.7857142857142857,0.24307218
25.0,0.3571428571428571,0.7857142857142857,0.30633524
25.0,0.42857142857142855,0.7857142857142857,0.35715786
25.0,0.5,0.7857142857142857,0.37660366
25.0,0.5714285714285714,0.7857142857142857,0.35643598
25.0,0.6428571428571428,0.7857142857142857,0.30738655
25.0,0.7142857142857142,0.7857142857142857,0.24635991
25.0,0.7857142857142857,0.7857142857142857,0.18265414
25.0,0.8571428571428571,0.7857142857142857,0.11718678
25.0,0.9285714285714285,0.7857142857142857,0.04796102
25.0,1.0,0.7857142857142857,-0.025843538
25.0,0.0,0.8571428571428571,-0.016746975
25.0,0.07142857142857142,0.8571428571428571,0.032005444
25.0,0.14285714285714285,0.8571428571428571,0.07363319
25.0,0.21428571428571427,0.8571428571428571,0.113450386
25.0,0.2857142857142857,0.8571428571428571,0.15606362
25.0,0.3571428571428571,0.8571428571428571,0.19979376
25.0,0.42857142857142855,0.8571428571428571,0.23450842
25.0,0.5,0.8571428571428571,0.24761426
25.0,0.5714285714285714,0.8571428571428571,0.23430353
25.0,0.6428571428571428,0.8571428571428571,0.20122659
25.0,0.7142857142857142,0.8571428571428571,0.15940699
25.0,0.7857142857142857,0.8571428571428571,0.11571682
25.0,0.8571428571428571,0.8571428571428571,0.07089165
25.0,0.9285714285714285,0.8571428571428571,0.022492662
25.0,1.0,0.8571428571428571,-0.031604048
25.0,0.0,0.9285714285714285,-0.015804753
25.0,0.07142857142857142,0.9285714285714285,0.008978507
25.0,0.14285714285714285,0.9285714285714285,0.02676364
25.0,0.21428571428571427,0.9285714285714285,0.043843515
25.0,0.2857142857142857,0.9285714285714285,0.064698584
25.0,0.3571428571428571,0.9285714285714285,0.08796702
25.0,0.42857142857142855,0.9285714285714285,0.1069104
25.0,0.5,0.9285714285714285,0.114419155
25.0,0.5714285714285714,0.9285714285714285,0.108005606
25.0,0.6428571428571428,0.9285714285714285,0.09100399
25.0,0.7142857142857142,0.9285714285714285,0.06913782
25.0,0.7857142857142857,0.9285714285714285,0.04601716
25.0,0.8571428571428571,0.9285714285714285,0.021417465
25.0,0.9285714285714285,0.9285714285714285,-0.007353965
25.0,1.0,0.9285714285714285,-0.042965278
25.0,0.0,1.0,-0.025261596
25.0,0.07142857142857142,1.0,-0.023756364
25.0,0.14285714285714285,1.0,-0.028747307
25.0,0.21428571428571427,1.0,-0.03377137
25.0,0.2857142857142857,1.0,-0.034448966
25.0,0.3571428571428571,1.0,-0.030547459
25.0,0.42857142857142855,1.0,-0.024817944
25.0,0.5,1.0,-0.02036354
25.0,0.5714285714285714,1.0,-0.018830527
25.0,0.6428571428571428,1.0,-0.019892786
25.0,0.7142857142857142,1.0,-0.022286098
25.0,0.7857142857142857,1.0,-0.025594786
25.0,0.8571428571428571,1.0,-0.031270757
25.0,0.9285714285714285,1.0,-0.04214339
25.0,1.0,1.0,-0.060938258
26.0,0.0,0.0,-0.032149047
26.0,0.07142857142857142,0.0,-0.02477721
26.0,0.14285714285714285,0.0,-0.023458391
26.0,0.21428571428571427,0.0,-0.02606244
26.0,0.2857142857142857,0.0,-0.028913382
26.0,0.3571428571428571,0.0,-0.02788965
26.0,0.42857142857142855,0.0,-0.023264201
26.0,0.5,0.0,-0.021590298
26.0,0.5714285714285714,0.0,-0.026314694
26.0,0.6428571428571428,0.0,-0.032104384
26.0,0.7142857142857142,0.0,-0.032381997
26.0,0.7857142857142857,0.0,-0.027679898
26.0,0.8571428571428571,0.0,-0.024856005
26.0,0.9285714285714285,0.0,-0.03047724
26.0,1.0,0.0,-0.047132876
26.0,0.0,0.07142857142857142,-0.02384108
26.0,0.07142857142857142,0.07142857142857142,0.004670944
26.0,0.14285714285714285,0.07142857142857142,0.028272182
26.0,0.21428571428571427,0.07142857142857142,0.04840304
26.0,0.2857142857142857,0.07142857142857142,0.067905344
26.0,0.3571428571428571,0.07142857142857142,0.08944959
26.0,0.42857142857142855,0.07142857142857142,0.10921668
26.0,0.5,0.07142857142857142,0.11575376
26.0,0.5714285714285714,0.07142857142857142,0.10418432
26.0,0.6428571428571428,0.07142857142857142,0.08329049
26.0,0.7142857142857142,0.07142857142857142,0.064077206
26.0,0.7857142857142857,0.07142857142857142,0.047985923
26.0,0.8571428571428571,0.07142857142857142,0.028774839
26.0,0.9285714285714285,0.07142857142857142,0.0013055578
26.0,1.0,0.07142857142857142,-0.03548339
26.0,0.0,0.14285714285714285,-0.023329891
26.0,0.07142857142857142,0.14285714285714285,0.027167425
26.0,0.14285714285714285,0.14285714285714285,0.07377612
26.0,0.21428571428571427,0.14285714285714285,0.11721217
26.0,0.2857142857142857,0.14285714285714285,0.15955505
26.0,0.3571428571428571,0.14285714285714285,0.20214173
26.0,0.42857142857142855,0.14285714285714285,0.23765987
26.0,0.5,0.14285714285714285,0.24971011
26.0,0.5714285714285714,0.14285714285714285,0.23158416
26.0,0.6428571428571428,0.14285714285714285,0.19498011
26.0,0.7142857142857142,0.14285714285714285,0.15531057
26.0,0.7857142857142857,0.14285714285714285,0.11645316
26.0,0.8571428571428571,0.14285714285714285,0.073748015
26.0,0.9285714285714285,0.14285714285714285,0.024083268
26.0,1.0,0.14285714285714285,-0.032458596
26.0,0.0,0.21428571428571427,-0.02694689
26.0,0.07142857142857142,0.21428571428571427,0.045893975
26.0,0.14285714285714285,0.21428571428571427,0.115208514
26.0,0.21428571428571427,0.21428571428571427,0.18104115
26.0,0.2857142857142857,0.21428571428571427,0.24514303
26.0,0.3571428571428571,0.21428571428571427,0.3080299
26.0,0.42857142857142855,0.21428571428571427,0.359375
26.0,0.5,0.21428571428571427,0.378043
26.0,0.5714285714285714,0.21428571428571427,0.35473418
26.0,0.6428571428571428,0.21428571428571427,0.3030712
26.0,0.7142857142857142,0.21428571428571427,0.24271268
26.0,0.7857142857142857,0.21428571428571427,0.18056685
26.0,0.8571428571428571,0.21428571428571427,0.11444848
26.0,0.9285714285714285,0.21428571428571427,0.043258373
26.0,1.0,0.21428571428571427,-0.03238474
26.0,0.0,0.2857142857142857,-0.030664042
26.0,0.07142857142857142,0.2857142857142857,0.06472044
26.0,0.14285714285714285,0.2857142857142857,0.15612122
26.0,0.21428571428571427,0.2857142857142857,0.24286962
26.0,0.2857142857142857,0.2857142857142857,0.32691512
26.0,0.3571428571428571,0.2857142857142857,0.40862817
26.0,0.42857142857142855,0.2857142857142857,0.4754232
26.0,0.5,0.2857142857142857,0.5016696
26.0,0.5714285714285714,0.2857142857142857,0.47447908
26.0,0.6428571428571428,0.2857142857142857,0.40854993
26.0,0.7142857142857142,0.2857142857142857,0.32796842
26.0,0.7857142857142857,0.2857142857142857,0.24339205
26.0,0.8571428571428571,0.2857142857142857,0.15540656
26.0,0.9285714285714285,0.2857142857142857,0.06411857
26.0,1.0,0.2857142857142857,-0.029817961
26.0,0.0,0.3571428571428571,-0.032127485
26.0,0.07142857142857142,0.3571428571428571,0.085260995
26.0,0.14285714285714285,0.3571428571428571,0.19803157
26.0,0.21428571428571427,0.3571428571428571,0.30435815
26.0,0.2857142857142857,0.3571428571428571,0.4064711
26.0,0.3571428571428571,0.3571428571428571,0.50513494
26.0,0.42857142857142855,0.3571428571428571,0.58634055
26.0,0.5,0.3571428571428571,0.6200235
26.0,0.5714285714285714,0.3571428571428571,0.58889
26.0,0.6428571428571428,0.3571428571428571,0.50877464
26.0,0.7142857142857142,0.3571428571428571,0.40894493
26.0,0.7857142857142857,0.3571428571428571,0.30427995
26.0,0.8571428571428571,0.3571428571428571,0.19743723
26.0,0.9285714285714285,0.3571428571428571,0.0884105
26.0,1.0,0.3571428571428571,-0.022238612
26.0,0.0,0.42857142857142855,-0.031851582
26.0,0.07142857142857142,0.42857142857142855,0.10322216
26.0,0.14285714285714285,0.42857142857142855,0.23389366
26.0,0.21428571428571427,0.42857142857142855,0.3568024
26.0,0.2857142857142857,0.42857142857142855,0.474086
26.0,0.3571428571428571,0.42857142857142855,0.5870349
26.0,0.42857142857142855,0.42857142857142855,0.6805723
26.0,0.5,0.42857142857142855,0.7198889
26.0,0.5714285714285714,0.42857142857142855,0.6834502
26.0,0.6428571428571428,0.42857142857142855,0.5896995
26.0,0.7142857142857142,0.42857142857142855,0.47375688
26.0,0.7857142857142857,0.42857142857142855,0.3540259
26.0,0.8571428571428571,0.42857142857142855,0.2335825
26.0,0.9285714285714285,0.42857142857142855,0.11126736
26.0,1.0,0.42857142857142855,-0.012189567
26.0,0.0,0.5,-0.031626858
26.0,0.07142857142857142,0.5,0.10992684
26.0,0.14285714285714285,0.5,0.24750707
26.0,0.21428571428571427,0.5,0.377281
26.0,0.2857142857142857,0.5,0.5015778
26.0,0.3571428571428571,0.5,0.62214816
26.0,0.42857142857142855,0.5,0.72279626
26.0,0.5,0.5,0.7644434
26.0,0.5714285714285714,0.5,0.72335887
26.0,0.6428571428571428,0.5,0.6219609
26.0,0.7142857142857142,0.5,0.49939287
26.0,0.7857142857142857,0.5,0.37477517
26.0,0.8571428571428571,0.5,0.24990228
26.0,0.9285714285714285,0.5,0.12252686
26.0,1.0,0.5,-0.006022729
26.0,0.0,0.5714285714285714,-0.031609423
26.0,0.07142857142857142,0.5714285714285714,0.102592885
26.0,0.14285714285714285,0.5714285714285714,0.23223048
26.0,0.21428571428571427,0.5714285714285714,0.35463873
26.0,0.2857142857142857,0.5714285714285714,0.4727096
26.0,0.3571428571428571,0.5714285714285714,0.58825046
26.0,0.42857142857142855,0.5714285714285714,0.6850305
26.0,0.5,0.5714285714285714,0.72404754
26.0,0.5714285714285714,0.5714285714285714,0.68324506
26.0,0.6428571428571428,0.5714285714285714,0.58667135
26.0,0.7142857142857142,0.5714285714285714,0.47178215
26.0,0.7857142857142857,0.5714285714285714,0.35517365
26.0,0.8571428571428571,0.5714285714285714,0.23717952
26.0,0.9285714285714285,0.5714285714285714,0.115474544
26.0,1.0,0.5714285714285714,-0.007979713
26.0,0.0,0.6428571428571428,-0.030072704
26.0,0.07142857142857142,0.6428571428571428,0.087287866
26.0,0.14285714285714285,0.6428571428571428,0.1991803
26.0,0.21428571428571427,0.6428571428571428,0.30491415
26.0,0.2857142857142857,0.6428571428571428,0.40762445
26.0,0.3571428571428571,0.6428571428571428,0.5081005
26.0,0.42857142857142855,0.6428571428571428,0.5911333
26.0,0.5,0.6428571428571428,0.62345314
26.0,0.5714285714285714,0.6428571428571428,0.5878938
26.0,0.6428571428571428,0.6428571428571428,0.50550014
26.0,0.7142857142857142,0.6428571428571428,0.40708748
26.0,0.7857142857142857,0.6428571428571428,0.30607617
26.0,0.8571428571428571,0.6428571428571428,0.20260888
26.0,0.9285714285714285,0.6428571428571428,0.09495222
26.0,1.0,0.6428571428571428,-0.015086416
26.0,0.0,0.7142857142857142,-0.026100978
26.0,0.07142857142857142,0.7142857142857142,0.069634795
26.0,0.14285714285714285,0.7142857142857142,0.15921342
26.0,0.21428571428571427,0.7142857142857142,0.24410063
26.0,0.2857142857142857,0.7142857142857142,0.32775587
26.0,0.3571428571428571,0.7142857142857142,0.40975717
26.0,0.42857142857142855,0.7142857142857142,0.47629124
26.0,0.5,0.7142857142857142,0.5017778
26.0,0.5714285714285714,0.7142857142857142,0.47414875
26.0,0.6428571428571428,0.7142857142857142,0.4088885
26.0,0.7142857142857142,0.7142857142857142,0.32908925
26.0,0.7857142857142857,0.7142857142857142,0.24600965
26.0,0.8571428571428571,0.7142857142857142,0.16054747
26.0,0.9285714285714285,0.7142857142857142,0.071310274
26.0,1.0,0.7142857142857142,-0.021016352
26.0,0.0,0.7857142857142857,-0.020433404
26.0,0.07142857142857142,0.7857142857142857,0.051566377
26.0,0.14285714285714285,0.7857142857142857,0.11692556
26.0,0.21428571428571427,0.7857142857142857,0.17922297
26.0,0.2857142857142857,0.7857142857142857,0.24252594
26.0,0.3571428571428571,0.7857142857142857,0.3055236
26.0,0.42857142857142855,0.7857142857142857,0.3559383
26.0,0.5,0.7857142857142857,0.37525338
26.0,0.5714285714285714,0.7857142857142857,0.35551333
26.0,0.6428571428571428,0.7857142857142857,0.30698198
26.0,0.7142857142857142,0.7857142857142857,0.24604663
26.0,0.7857142857142857,0.7857142857142857,0.18216556
26.0,0.8571428571428571,0.7857142857142857,0.11675065
26.0,0.9285714285714285,0.7857142857142857,0.048083123
26.0,1.0,0.7857142857142857,-0.024751086
26.0,0.0,0.8571428571428571,-0.015067458
26.0,0.07142857142857142,0.8571428571428571,0.032700382
26.0,0.14285714285714285,0.8571428571428571,0.07365088
26.0,0.21428571428571427,0.8571428571428571,0.113134734
26.0,0.2857142857142857,0.8571428571428571,0.15559474
26.0,0.3571428571428571,0.8571428571428571,0.19912738
26.0,0.42857142857142855,0.8571428571428571,0.233567
26.0,0.5,0.8571428571428571,0.24656251
26.0,0.5714285714285714,0.8571428571428571,0.23347747
26.0,0.6428571428571428,0.8571428571428571,0.20073014
26.0,0.7142857142857142,0.8571428571428571,0.15903747
26.0,0.7857142857142857,0.8571428571428571,0.11532747
26.0,0.8571428571428571,0.8571428571428571,0.07064291
26.0,0.9285714285714285,0.8571428571428571,0.022755526
26.0,1.0,0.8571428571428571,-0.030496333
26.0,0.0,0.9285714285714285,-0.014008526
26.0,0.07142857142857142,0.9285714285714285,0.009875055
26.0,0.14285714285714285,0.9285714285714285,0.02711181
26.0,0.21428571428571427,0.9285714285714285,0.044023145
26.0,0.2857142857142857,0.9285714285714285,0.06492268
26.0,0.3571428571428571,0.9285714285714285,0.0882113
26.0,0.42857142857142855,0.9285714285714285,0.10705356
26.0,0.5,0.9285714285714285,0.1144559
26.0,0.5714285714285714,0.9285714285714285,0.10805712
26.0,0.6428571428571428,0.9285714285714285,0.09113055
26.0,0.7142857142857142,0.9285714285714285,0.06926765
26.0,0.7857142857142857,0.9285714285714285,0.04610614
26.0,0.8571428571428571,0.9285714285714285,0.021603417
26.0,0.9285714285714285,0.9285714285714285,-0.006778976
26.0,1.0,0.9285714285714285,-0.04171271
26.0,0.0,1.0,-0.023345947
26.0,0.07142857142857142,1.0,-0.022525357
26.0,0.14285714285714285,1.0,-0.02778077
26.0,0.21428571428571427,1.0,-0.032661635
26.0,0.2857142857142857,1.0,-0.032987446
26.0,0.3571428571428571,1.0,-0.02879249
26.0,0.42857142857142855,1.0,-0.022981659
26.0,0.5,1.0,-0.018627916
26.0,0.5714285714285714,1.0,-0.017269973
26.0,0.6428571428571428,1.0,-0.01853526
26.0,0.7142857142857142,1.0,-0.021160178
26.0,0.7857142857142857,1.0,-0.024683133
26.0,0.8571428571428571,1.0,-0.030434944
26.0,0.9285714285714285,1.0,-0.04113041
26.0,1.0,1.0,-0.05947587
27.0,0.0,0.0,-0.031353436
27.0,0.07142857142857142,0.0,-0.024117224
27.0,0.14285714285714285,0.0,-0.022885462
27.0,0.21428571428571427,0.0,-0.025490928
27.0,0.2857142857142857,0.0,-0.028222647
27.0,0.3571428571428571,0.0,-0.027017407
27.0,0.42857142857142855,0.0,-0.022267615
27.0,0.5,0.0,-0.020428555
27.0,0.5714285714285714,0.0,-0.024903897
27.0,0.6428571428571428,0.0,-0.030638892
27.0,0.7142857142857142,0.0,-0.03111101
27.0,0.7857142857142857,0.0,-0.026487062
27.0,0.8571428571428571,0.0,-0.023371119
27.0,0.9285714285714285,0.0,-0.028451294
27.0,1.0,0.0,-0.04455423
27.0,0.0,0.07142857142857142,-0.02320243
27.0,0.07142857142857142,0.07142857142857142,0.005027117
27.0,0.14285714285714285,0.07142857142857142,0.028422851
27.0,0.21428571428571427,0.07142857142857142,0.048475586
27.0,0.2857142857142857,0.07142857142857142,0.06801857
27.0,0.3571428571428571,0.07142857142857142,0.08954647
27.0,0.42857142857142855,0.07142857142857142,0.10909987
27.0,0.5,0.07142857142857142,0.11558481
27.0,0.5714285714285714,0.07142857142857142,0.10432269
27.0,0.6428571428571428,0.07142857142857142,0.08363191
27.0,0.7142857142857142,0.07142857142857142,0.064318
27.0,0.7857142857142857,0.07142857142857142,0.048237815
27.0,0.8571428571428571,0.07142857142857142,0.029418156
27.0,0.9285714285714285,0.07142857142857142,0.0025624968
27.0,1.0,0.07142857142857142,-0.033612832
27.0,0.0,0.14285714285714285,-0.022732664
27.0,0.07142857142857142,0.14285714285714285,0.027284585
27.0,0.14285714285714285,0.14285714285714285,0.073546745
27.0,0.21428571428571427,0.14285714285714285,0.116861336
27.0,0.2857142857142857,0.14285714285714285,0.15926313
27.0,0.3571428571428571,0.14285714285714285,0.20175552
27.0,0.42857142857142855,0.14285714285714285,0.23682567
27.0,0.5,0.14285714285714285,0.24867898
27.0,0.5714285714285714,0.14285714285714285,0.23095891
27.0,0.6428571428571428,0.14285714285714285,0.19472483
27.0,0.7142857142857142,0.14285714285714285,0.15503067
27.0,0.7857142857142857,0.14285714285714285,0.11620142
27.0,0.8571428571428571,0.14285714285714285,0.073872484
27.0,0.9285714285714285,0.14285714285714285,0.024801865
27.0,1.0,0.14285714285714285,-0.031090565
27.0,0.0,0.21428571428571427,-0.026228588
27.0,0.07142857142857142,0.21428571428571427,0.045907065
27.0,0.14285714285714285,0.21428571428571427,0.114751495
27.0,0.21428571428571427,0.21428571428571427,0.18050608
27.0,0.2857142857142857,0.21428571428571427,0.24481338
27.0,0.3571428571428571,0.21428571428571427,0.30764756
27.0,0.42857142857142855,0.21428571428571427,0.35839483
27.0,0.5,0.21428571428571427,0.37674814
27.0,0.5714285714285714,0.21428571428571427,0.35393253
27.0,0.6428571428571428,0.21428571428571427,0.30278873
27.0,0.7142857142857142,0.21428571428571427,0.24243489
27.0,0.7857142857142857,0.21428571428571427,0.18023494
27.0,0.8571428571428571,0.21428571428571427,0.11436137
27.0,0.9285714285714285,0.21428571428571427,0.04369425
27.0,1.0,0.21428571428571427,-0.03125056
27.0,0.0,0.2857142857142857,-0.029681921
27.0,0.07142857142857142,0.2857142857142857,0.0647668
27.0,0.14285714285714285,0.2857142857142857,0.15559924
27.0,0.21428571428571427,0.2857142857142857,0.24237525
27.0,0.2857142857142857,0.2857142857142857,0.32681945
27.0,0.3571428571428571,0.2857142857142857,0.40852767
27.0,0.42857142857142855,0.2857142857142857,0.47455463
27.0,0.5,0.2857142857142857,0.50032306
27.0,0.5714285714285714,0.2857142857142857,0.47368184
27.0,0.6428571428571428,0.2857142857142857,0.4084254
27.0,0.7142857142857142,0.2857142857142857,0.32787266
27.0,0.7857142857142857,0.2857142857142857,0.24311635
27.0,0.8571428571428571,0.2857142857142857,0.15522516
27.0,0.9285714285714285,0.2857142857142857,0.06443552
27.0,1.0,0.2857142857142857,-0.0286903
27.0,0.0,0.3571428571428571,-0.030827824
27.0,0.07142857142857142,0.3571428571428571,0.08539877
27.0,0.14285714285714285,0.3571428571428571,0.19746447
27.0,0.21428571428571427,0.3571428571428571,0.30383795
27.0,0.2857142857142857,0.3571428571428571,0.40640584
27.0,0.3571428571428571,0.3571428571428571,0.50497526
27.0,0.42857142857142855,0.3571428571428571,0.58513576
27.0,0.5,0.3571428571428571,0.61810017
27.0,0.5714285714285714,0.3571428571428571,0.58757687
27.0,0.6428571428571428,0.3571428571428571,0.5083696
27.0,0.7142857142857142,0.3571428571428571,0.40868795
27.0,0.7857142857142857,0.3571428571428571,0.3038065
27.0,0.8571428571428571,0.3571428571428571,0.19703016
27.0,0.9285714285714285,0.3571428571428571,0.08861885
27.0,1.0,0.3571428571428571,-0.021010868
27.0,0.0,0.42857142857142855,-0.030303255
27.0,0.07142857142857142,0.42857142857142855,0.103399016
27.0,0.14285714285714285,0.42857142857142855,0.23312971
27.0,0.21428571428571427,0.42857142857142855,0.35587817
27.0,0.2857142857142857,0.42857142857142855,0.473414
27.0,0.3571428571428571,0.42857142857142855,0.58599514
27.0,0.42857142857142855,0.42857142857142855,0.6781135
27.0,0.5,0.42857142857142855,0.71644527
27.0,0.5714285714285714,0.42857142857142855,0.6807527
27.0,0.6428571428571428,0.42857142857142855,0.5882949
27.0,0.7142857142857142,0.42857142857142855,0.47280583
27.0,0.7857142857142857,0.42857142857142855,0.35301334
27.0,0.8571428571428571,0.42857142857142855,0.23278648
27.0,0.9285714285714285,0.42857142857142855,0.11132989
27.0,1.0,0.42857142857142855,-0.01084584
27.0,0.0,0.5,-0.029968008
27.0,0.07142857142857142,0.5,0.110116675
27.0,0.14285714285714285,0.5,0.2466059
27.0,0.21428571428571427,0.5,0.37602428
27.0,0.2857142857142857,0.5,0.50035876
27.0,0.3571428571428571,0.5,0.62034434
27.0,0.42857142857142855,0.5,0.71933377
27.0,0.5,0.5,0.759864
27.0,0.5714285714285714,0.5,0.71969235
27.0,0.6428571428571428,0.5,0.61990565
27.0,0.7142857142857142,0.5,0.4980322
27.0,0.7857142857142857,0.5,0.3734765
27.0,0.8571428571428571,0.5,0.24893057
27.0,0.9285714285714285,0.5,0.122573756
27.0,1.0,0.5,-0.004532598
27.0,0.0,0.5714285714285714,-0.02995044
27.0,0.07142857142857142,0.5714285714285714,0.10288281
27.0,0.14285714285714285,0.5714285714285714,0.2315642
27.0,0.21428571428571427,0.5714285714285714,0.3537046
27.0,0.2857142857142857,0.5714285714285714,0.47185874
27.0,0.3571428571428571,0.5714285714285714,0.5869386
27.0,0.42857142857142855,0.5714285714285714,0.6823112
27.0,0.5,0.5714285714285714,0.72043437
27.0,0.5714285714285714,0.5714285714285714,0.6805819
27.0,0.6428571428571428,0.5714285714285714,0.58548355
27.0,0.7142857142857142,0.5714285714285714,0.4710887
27.0,0.7857142857142857,0.5714285714285714,0.35433388
27.0,0.8571428571428571,0.5714285714285714,0.23650056
27.0,0.9285714285714285,0.5714285714285714,0.115708046
27.0,1.0,0.5714285714285714,-0.0063505843
27.0,0.0,0.6428571428571428,-0.02846054
27.0,0.07142857142857142,0.6428571428571428,0.08770754
27.0,0.14285714285714285,0.6428571428571428,0.19885543
27.0,0.21428571428571427,0.6428571428571428,0.30443996
27.0,0.2857142857142857,0.6428571428571428,0.40726972
27.0,0.3571428571428571,0.6428571428571428,0.50747174
27.0,0.42857142857142855,0.6428571428571428,0.58960426
27.0,0.5,0.6428571428571428,0.6214579
27.0,0.5714285714285714,0.6428571428571428,0.58673877
27.0,0.6428571428571428,0.6428571428571428,0.50541216
27.0,0.7142857142857142,0.6428571428571428,0.40715483
27.0,0.7857142857142857,0.6428571428571428,0.30575413
27.0,0.8571428571428571,0.6428571428571428,0.2022301
27.0,0.9285714285714285,0.6428571428571428,0.09527701
27.0,1.0,0.6428571428571428,-0.013516977
27.0,0.0,0.7142857142857142,-0.024521746
27.0,0.07142857142857142,0.7142857142857142,0.07014315
27.0,0.14285714285714285,0.7142857142857142,0.15906832
27.0,0.21428571428571427,0.7142857142857142,0.24376875
27.0,0.2857142857142857,0.7142857142857142,0.32741925
27.0,0.3571428571428571,0.7142857142857142,0.40917066
27.0,0.42857142857142855,0.7142857142857142,0.4751424
27.0,0.5,0.7142857142857142,0.5004313
27.0,0.5714285714285714,0.7142857142857142,0.47343782
27.0,0.6428571428571428,0.7142857142857142,0.4088971
27.0,0.7142857142857142,0.7142857142857142,0.3291351
27.0,0.7857142857142857,0.7142857142857142,0.2456871
27.0,0.8571428571428571,0.7142857142857142,0.16014871
27.0,0.9285714285714285,0.7142857142857142,0.07149811
27.0,1.0,0.7142857142857142,-0.019714803
27.0,0.0,0.7857142857142857,-0.018822685
27.0,0.07142857142857142,0.7857142857142857,0.05215524
27.0,0.14285714285714285,0.7857142857142857,0.116848625
27.0,0.21428571428571427,0.7857142857142857,0.1788458
27.0,0.2857142857142857,0.7857142857142857,0.24199066
27.0,0.3571428571428571,0.7857142857142857,0.30470318
27.0,0.42857142857142855,0.7857142857142857,0.3547141
27.0,0.5,0.7857142857142857,0.37391976
27.0,0.5714285714285714,0.7857142857142857,0.35460734
27.0,0.6428571428571428,0.7857142857142857,0.306586
27.0,0.7142857142857142,0.7857142857142857,0.24575171
27.0,0.7857142857142857,0.7857142857142857,0.18170163
27.0,0.8571428571428571,0.7857142857142857,0.116327696
27.0,0.9285714285714285,0.7857142857142857,0.04820693
27.0,1.0,0.7857142857142857,-0.02363567
27.0,0.0,0.8571428571428571,-0.013361536
27.0,0.07142857142857142,0.8571428571428571,0.033418722
27.0,0.14285714285714285,0.8571428571428571,0.07370953
27.0,0.21428571428571427,0.8571428571428571,0.112869985
27.0,0.2857142857142857,0.8571428571428571,0.15516216
27.0,0.3571428571428571,0.8571428571428571,0.19847474
27.0,0.42857142857142855,0.8571428571428571,0.2326363
27.0,0.5,0.8571428571428571,0.24553448
27.0,0.5714285714285714,0.8571428571428571,0.23267862
27.0,0.6428571428571428,0.8571428571428571,0.20025775
27.0,0.7142857142857142,0.8571428571428571,0.15869969
27.0,0.7857142857142857,0.8571428571428571,0.11497853
27.0,0.8571428571428571,0.8571428571428571,0.07043008
27.0,0.9285714285714285,0.8571428571428571,0.023047693
27.0,1.0,0.8571428571428571,-0.02934619
27.0,0.0,0.9285714285714285,-0.012186639
27.0,0.07142857142857142,0.9285714285714285,0.010812424
27.0,0.14285714285714285,0.9285714285714285,0.027526494
27.0,0.21428571428571427,0.9285714285714285,0.044278055
27.0,0.2857142857142857,0.9285714285714285,0.06520208
27.0,0.3571428571428571,0.9285714285714285,0.0884809
27.0,0.42857142857142855,0.9285714285714285,0.10720995
27.0,0.5,0.9285714285714285,0.114512615
27.0,0.5714285714285714,0.9285714285714285,0.10813724
27.0,0.6428571428571428,0.9285714285714285,0.09129224
27.0,0.7142857142857142,0.9285714285714285,0.06944393
27.0,0.7857142857142857,0.9285714285714285,0.04625277
27.0,0.8571428571428571,0.9285714285714285,0.021849923
27.0,0.9285714285714285,0.9285714285714285,-0.006144805
27.0,1.0,0.9285714285714285,-0.04039202
27.0,0.0,1.0,-0.021395553
27.0,0.07142857142857142,1.0,-0.021227917
27.0,0.14285714285714285,1.0,-0.026716381
27.0,0.21428571428571427,1.0,-0.031447783
27.0,0.2857142857142857,1.0,-0.03144609
27.0,0.3571428571428571,1.0,-0.02699165
27.0,0.42857142857142855,1.0,-0.021119393
27.0,0.5,1.0,-0.016866848
27.0,0.5714285714285714,1.0,-0.015676107
27.0,0.6428571428571428,1.0,-0.017133687
27.0,0.7142857142857142,1.0,-0.019976974
27.0,0.7857142857142857,1.0,-0.023701496
27.0,0.8571428571428571,1.0,-0.029521087
27.0,0.9285714285714285,1.0,-0.04003425
27.0,1.0,1.0,-0.057920776
28.0,0.0,0.0,-0.030485967
28.0,0.07142857142857142,0.0,-0.02340952
28.0,0.14285714285714285,0.0,-0.022276552
28.0,0.21428571428571427,0.0,-0.024878338
28.0,0.2857142857142857,0.0,-0.027475234
28.0,0.3571428571428571,0.0,-0.026082464
28.0,0.42857142857142855,0.0,-0.021220488
28.0,0.5,0.0,-0.019234842
28.0,0.5714285714285714,0.0,-0.02347083
28.0,0.6428571428571428,0.0,-0.02914391
28.0,0.7142857142857142,0.0,-0.029800175
28.0,0.7857142857142857,0.0,-0.025261085
28.0,0.8571428571428571,0.0,-0.021859853
28.0,0.9285714285714285,0.0,-0.026384663
28.0,1.0,0.0,-0.04189955
28.0,0.0,0.07142857142857142,-0.022505451
28.0,0.07142857142857142,0.07142857142857142,0.0054086503
28.0,0.14285714285714285,0.07142857142857142,0.028580751
28.0,0.21428571428571427,0.07142857142857142,0.048552755
28.0,0.2857142857142857,0.07142857142857142,0.06814166
28.0,0.3571428571428571,0.07142857142857142,0.08965066
28.0,0.42857142857142855,0.07142857142857142,0.10898981
28.0,0.5,0.07142857142857142,0.115423344
28.0,0.5714285714285714,0.07142857142857142,0.10446399
28.0,0.6428571428571428,0.07142857142857142,0.083989196
28.0,0.7142857142857142,0.07142857142857142,0.06459107
28.0,0.7857142857142857,0.07142857142857142,0.04851362
28.0,0.8571428571428571,0.07142857142857142,0.03007643
28.0,0.9285714285714285,0.07142857142857142,0.0038481653
28.0,1.0,0.07142857142857142,-0.031677455
28.0,0.0,0.14285714285714285,-0.022091018
28.0,0.07142857142857142,0.14285714285714285,0.02741301
28.0,0.14285714285714285,0.14285714285714285,0.07331585
28.0,0.21428571428571427,0.14285714285714285,0.11651068
28.0,0.2857142857142857,0.14285714285714285,0.15896851
28.0,0.3571428571428571,0.14285714285714285,0.20135584
28.0,0.42857142857142855,0.14285714285714285,0.23598859
28.0,0.5,0.14285714285714285,0.24766093
28.0,0.5714285714285714,0.14285714285714285,0.23034137
28.0,0.6428571428571428,0.14285714285714285,0.19448811
28.0,0.7142857142857142,0.14285714285714285,0.15478763
28.0,0.7857142857142857,0.14285714285714285,0.11597901
28.0,0.8571428571428571,0.14285714285714285,0.074014746
28.0,0.9285714285714285,0.14285714285714285,0.025547493
28.0,1.0,0.14285714285714285,-0.029662564
28.0,0.0,0.21428571428571427,-0.025481071
28.0,0.07142857142857142,0.21428571428571427,0.045922525
28.0,0.14285714285714285,0.21428571428571427,0.11430002
28.0,0.21428571428571427,0.21428571428571427,0.17998841
28.0,0.2857142857142857,0.21428571428571427,0.24448666
28.0,0.3571428571428571,0.21428571428571427,0.30723882
28.0,0.42857142857142855,0.21428571428571427,0.35740054
28.0,0.5,0.21428571428571427,0.37546366
28.0,0.5714285714285714,0.21428571428571427,0.35312933
28.0,0.6428571428571428,0.21428571428571427,0.3025088
28.0,0.7142857142857142,0.21428571428571427,0.24218547
28.0,0.7857142857142857,0.21428571428571427,0.17993295
28.0,0.8571428571428571,0.21428571428571427,0.11429573
28.0,0.9285714285714285,0.21428571428571427,0.044155203
28.0,1.0,0.21428571428571427,-0.030064084
28.0,0.0,0.2857142857142857,-0.028679624
28.0,0.07142857142857142,0.2857142857142857,0.064813696
28.0,0.14285714285714285,0.2857142857142857,0.15509811
28.0,0.21428571428571427,0.2857142857142857,0.24191844
28.0,0.2857142857142857,0.2857142857142857,0.3267273
28.0,0.3571428571428571,0.2857142857142857,0.4083774
28.0,0.42857142857142855,0.2857142857142857,0.473647
28.0,0.5,0.2857142857142857,0.49896628
28.0,0.5714285714285714,0.2857142857142857,0.4728523
28.0,0.6428571428571428,0.2857142857142857,0.40826547
28.0,0.7142857142857142,0.2857142857142857,0.32777923
28.0,0.7857142857142857,0.2857142857142857,0.2428641
28.0,0.8571428571428571,0.2857142857142857,0.15506515
28.0,0.9285714285714285,0.2857142857142857,0.064770676
28.0,1.0,0.2857142857142857,-0.027522236
28.0,0.0,0.3571428571428571,-0.029501624
28.0,0.07142857142857142,0.3571428571428571,0.08554111
28.0,0.14285714285714285,0.3571428571428571,0.19693029
28.0,0.21428571428571427,0.3571428571428571,0.3033628
28.0,0.2857142857142857,0.3571428571428571,0.40633324
28.0,0.3571428571428571,0.3571428571428571,0.504741
28.0,0.42857142857142855,0.3571428571428571,0.5838729
28.0,0.5,0.3571428571428571,0.6161562
28.0,0.5714285714285714,0.3571428571428571,0.58620983
28.0,0.6428571428571428,0.3571428571428571,0.5078979
28.0,0.7142857142857142,0.3571428571428571,0.4084173
28.0,0.7857142857142857,0.3571428571428571,0.30335993
28.0,0.8571428571428571,0.3571428571428571,0.19664657
28.0,0.9285714285714285,0.3571428571428571,0.08883509
28.0,1.0,0.3571428571428571,-0.019759476
28.0,0.0,0.42857142857142855,-0.028705433
28.0,0.07142857142857142,0.42857142857142855,0.10358953
28.0,0.14285714285714285,0.42857142857142855,0.23240131
28.0,0.21428571428571427,0.42857142857142855,0.35500056
28.0,0.2857142857142857,0.42857142857142855,0.47273713
28.0,0.3571428571428571,0.42857142857142855,0.5848922
28.0,0.42857142857142855,0.42857142857142855,0.67562425
28.0,0.5,0.42857142857142855,0.7130217
28.0,0.5714285714285714,0.42857142857142855,0.67803186
28.0,0.6428571428571428,0.42857142857142855,0.5868412
28.0,0.7142857142857142,0.42857142857142855,0.47186095
28.0,0.7857142857142857,0.42857142857142855,0.35204968
28.0,0.8571428571428571,0.42857142857142855,0.23202267
28.0,0.9285714285714285,0.42857142857142855,0.111389674
28.0,1.0,0.42857142857142855,-0.009494558
28.0,0.0,0.5,-0.028247766
28.0,0.07142857142857142,0.5,0.11032207
28.0,0.14285714285714285,0.5,0.24573365
28.0,0.21428571428571427,0.5,0.3748089
28.0,0.2857142857142857,0.5,0.4991418
28.0,0.3571428571428571,0.5,0.6184963
28.0,0.42857142857142855,0.5,0.71586835
28.0,0.5,0.5,0.7553393
28.0,0.5714285714285714,0.5,0.7160352
28.0,0.6428571428571428,0.5,0.61782575
28.0,0.7142857142857142,0.5,0.49669623
28.0,0.7857142857142857,0.5,0.3722369
28.0,0.8571428571428571,0.5,0.24798685
28.0,0.9285714285714285,0.5,0.122600876
28.0,1.0,0.5,-0.00305295
28.0,0.0,0.5714285714285714,-0.028239414
28.0,0.07142857142857142,0.5714285714285714,0.103177175
28.0,0.14285714285714285,0.5714285714285714,0.23090714
28.0,0.21428571428571427,0.5714285714285714,0.35278332
28.0,0.2857142857142857,0.5714285714285714,0.4709815
28.0,0.3571428571428571,0.5714285714285714,0.5855514
28.0,0.42857142857142855,0.5714285714285714,0.67953944
28.0,0.5,0.5714285714285714,0.71681386
28.0,0.5714285714285714,0.5714285714285714,0.6778775
28.0,0.6428571428571428,0.5714285714285714,0.58423465
28.0,0.7142857142857142,0.5714285714285714,0.4703874
28.0,0.7857142857142857,0.5714285714285714,0.3535243
28.0,0.8571428571428571,0.5714285714285714,0.23582387
28.0,0.9285714285714285,0.5714285714285714,0.11590343
28.0,1.0,0.5714285714285714,-0.0047451556
28.0,0.0,0.6428571428571428,-0.026816145
28.0,0.07142857142857142,0.6428571428571428,0.0881216
28.0,0.14285714285714285,0.6428571428571428,0.19852686
28.0,0.21428571428571427,0.6428571428571428,0.30396038
28.0,0.2857142857142857,0.6428571428571428,0.40687373
28.0,0.3571428571428571,0.6428571428571428,0.5067583
28.0,0.42857142857142855,0.6428571428571428,0.58799636
28.0,0.5,0.6428571428571428,0.61941296
28.0,0.5714285714285714,0.6428571428571428,0.58551747
28.0,0.6428571428571428,0.6428571428571428,0.50525355
28.0,0.7142857142857142,0.6428571428571428,0.4072012
28.0,0.7857142857142857,0.6428571428571428,0.30544436
28.0,0.8571428571428571,0.6428571428571428,0.20184553
28.0,0.9285714285714285,0.6428571428571428,0.09556487
28.0,1.0,0.6428571428571428,-0.011968397
28.0,0.0,0.7142857142857142,-0.02292639
28.0,0.07142857142857142,0.7142857142857142,0.07064487
28.0,0.14285714285714285,0.7142857142857142,0.15892369
28.0,0.21428571428571427,0.7142857142857142,0.24344176
28.0,0.2857142857142857,0.7142857142857142,0.32706574
28.0,0.3571428571428571,0.7142857142857142,0.40853965
28.0,0.42857142857142855,0.7142857142857142,0.47395426
28.0,0.5,0.7142857142857142,0.49906862
28.0,0.5714285714285714,0.7142857142857142,0.47270423
28.0,0.6428571428571428,0.7142857142857142,0.40887907
28.0,0.7142857142857142,0.7142857142857142,0.3291819
28.0,0.7857142857142857,0.7142857142857142,0.24538401
28.0,0.8571428571428571,0.7142857142857142,0.15975332
28.0,0.9285714285714285,0.7142857142857142,0.07166485
28.0,1.0,0.7142857142857142,-0.01842321
28.0,0.0,0.7857142857142857,-0.017205492
28.0,0.07142857142857142,0.7857142857142857,0.052743867
28.0,0.14285714285714285,0.7857142857142857,0.11678883
28.0,0.21428571428571427,0.7857142857142857,0.17849824
28.0,0.2857142857142857,0.7857142857142857,0.24147469
28.0,0.3571428571428571,0.7857142857142857,0.30388492
28.0,0.42857142857142855,0.7857142857142857,0.35349715
28.0,0.5,0.7857142857142857,0.37260902
28.0,0.5714285714285714,0.7857142857142857,0.35371986
28.0,0.6428571428571428,0.7857142857142857,0.30620047
28.0,0.7142857142857142,0.7857142857142857,0.2454769
28.0,0.7857142857142857,0.7857142857142857,0.18126664
28.0,0.8571428571428571,0.7857142857142857,0.115919806
28.0,0.9285714285714285,0.7857142857142857,0.048326276
28.0,1.0,0.7857142857142857,-0.022519674
28.0,0.0,0.8571428571428571,-0.011655226
28.0,0.07142857142857142,0.8571428571428571,0.03414592
28.0,0.14285714285714285,0.8571428571428571,0.07380317
28.0,0.21428571428571427,0.8571428571428571,0.11265576
28.0,0.2857142857142857,0.8571428571428571,0.15477112
28.0,0.3571428571428571,0.8571428571428571,0.19784492
28.0,0.42857142857142855,0.8571428571428571,0.23172614
28.0,0.5,0.8571428571428571,0.24453595
28.0,0.5714285714285714,0.8571428571428571,0.23190984
28.0,0.6428571428571428,0.8571428571428571,0.19981155
28.0,0.7142857142857142,0.8571428571428571,0.15839523
28.0,0.7857142857142857,0.8571428571428571,0.11467043
28.0,0.8571428571428571,0.8571428571428571,0.07025088
28.0,0.9285714285714285,0.8571428571428571,0.023358434
28.0,1.0,0.8571428571428571,-0.028177131
28.0,0.0,0.9285714285714285,-0.010367777
28.0,0.07142857142857142,0.9285714285714285,0.011771433
28.0,0.14285714285714285,0.9285714285714285,0.027995028
28.0,0.21428571428571427,0.9285714285714285,0.044599056
28.0,0.2857142857142857,0.9285714285714285,0.06553034
28.0,0.3571428571428571,0.9285714285714285,0.088772565
28.0,0.42857142857142855,0.9285714285714285,0.1073777
28.0,0.5,0.9285714285714285,0.11458593
28.0,0.5714285714285714,0.9285714285714285,0.108241335
28.0,0.6428571428571428,0.9285714285714285,0.09148375
28.0,0.7142857142857142,0.9285714285714285,0.06966049
28.0,0.7857142857142857,0.9285714285714285,0.046449635
28.0,0.8571428571428571,0.9285714285714285,0.022146307
28.0,0.9285714285714285,0.9285714285714285,-0.005468238
28.0,1.0,0.9285714285714285,-0.03902936
28.0,0.0,1.0,-0.01944109
28.0,0.07142857142857142,1.0,-0.019888496
28.0,0.14285714285714285,1.0,-0.025577124
28.0,0.21428571428571427,1.0,-0.030153405
28.0,0.2857142857142857,1.0,-0.02984743
28.0,0.3571428571428571,1.0,-0.025166437
28.0,0.42857142857142855,1.0,-0.01925163
28.0,0.5,1.0,-0.015100773
28.0,0.5714285714285714,1.0,-0.014068618
28.0,0.6428571428571428,1.0,-0.015706647
28.0,0.7142857142857142,1.0,-0.01875497
28.0,0.7857142857142857,1.0,-0.022667564
28.0,0.8571428571428571,1.0,-0.028548017
28.0,0.9285714285714285,1.0,-0.03887841
28.0,1.0,1.0,-0.056301948
29.0,0.0,0.0,-0.029564634
29.0,0.07142857142857142,0.0,-0.022668758
29.0,0.14285714285714285,0.0,-0.021642499
29.0,0.21428571428571427,0.0,-0.02423263
29.0,0.2857142857142857,0.0,-0.026680302
29.0,0.3571428571428571,0.0,-0.025098424
29.0,0.42857142857142855,0.0,-0.020137016
29.0,0.5,0.0,-0.018022114
29.0,0.5714285714285714,0.0,-0.022032082
29.0,0.6428571428571428,0.0,-0.02763583
29.0,0.7142857142857142,0.0,-0.028465372
29.0,0.7857142857142857,0.0,-0.024017788
29.0,0.8571428571428571,0.0,-0.02034223
29.0,0.9285714285714285,0.0,-0.024303071
29.0,1.0,0.0,-0.03920122
29.0,0.0,0.07142857142857142,-0.021766772
29.0,0.07142857142857142,0.07142857142857142,0.005805306
29.0,0.14285714285714285,0.07142857142857142,0.02874149
29.0,0.21428571428571427,0.07142857142857142,0.048634417
29.0,0.2857142857142857,0.07142857142857142,0.06827251
29.0,0.3571428571428571,0.07142857142857142,0.089759715
29.0,0.42857142857142855,0.07142857142857142,0.10888415
29.0,0.5,0.07142857142857142,0.11526596
29.0,0.5714285714285714,0.07142857142857142,0.104602784
29.0,0.6428571428571428,0.07142857142857142,0.08435486
29.0,0.7142857142857142,0.07142857142857142,0.06488859
29.0,0.7857142857142857,0.07142857142857142,0.048806585
29.0,0.8571428571428571,0.07142857142857142,0.030736927
29.0,0.9285714285714285,0.07142857142857142,0.005141828
29.0,1.0,0.07142857142857142,-0.029705692
29.0,0.0,0.14285714285714285,-0.021419311
29.0,0.07142857142857142,0.14285714285714285,0.027546443
29.0,0.14285714285714285,0.14285714285714285,0.073084645
29.0,0.21428571428571427,0.14285714285714285,0.11616524
29.0,0.2857142857142857,0.14285714285714285,0.15867549
29.0,0.3571428571428571,0.14285714285714285,0.20094463
29.0,0.42857142857142855,0.14285714285714285,0.23514965
29.0,0.5,0.14285714285714285,0.24665517
29.0,0.5714285714285714,0.14285714285714285,0.2297301
29.0,0.6428571428571428,0.14285714285714285,0.19426537
29.0,0.7142857142857142,0.14285714285714285,0.15457839
29.0,0.7857142857142857,0.14285714285714285,0.11578422
29.0,0.8571428571428571,0.14285714285714285,0.07416684
29.0,0.9285714285714285,0.14285714285714285,0.02630397
29.0,1.0,0.14285714285714285,-0.028200634
29.0,0.0,0.21428571428571427,-0.02471647
29.0,0.07142857142857142,0.21428571428571427,0.045939635
29.0,0.14285714285714285,0.21428571428571427,0.11386088
29.0,0.21428571428571427,0.21428571428571427,0.17949498
29.0,0.2857142857142857,0.21428571428571427,0.24416673
29.0,0.3571428571428571,0.21428571428571427,0.3068056
29.0,0.42857142857142855,0.21428571428571427,0.35639343
29.0,0.5,0.21428571428571427,0.37418795
29.0,0.5714285714285714,0.21428571428571427,0.35232228
29.0,0.6428571428571428,0.21428571428571427,0.3022282
29.0,0.7142857142857142,0.21428571428571427,0.2419621
29.0,0.7857142857142857,0.21428571428571427,0.17966112
29.0,0.8571428571428571,0.21428571428571427,0.1142483
29.0,0.9285714285714285,0.21428571428571427,0.044629935
29.0,1.0,0.21428571428571427,-0.02884695
29.0,0.0,0.2857142857142857,-0.027669836
29.0,0.07142857142857142,0.2857142857142857,0.06486166
29.0,0.14285714285714285,0.2857142857142857,0.15462595
29.0,0.21428571428571427,0.2857142857142857,0.24150375
29.0,0.2857142857142857,0.2857142857142857,0.3266377
29.0,0.3571428571428571,0.2857142857142857,0.4081775
29.0,0.42857142857142855,0.2857142857142857,0.4727014
29.0,0.5,0.2857142857142857,0.4975987
29.0,0.5714285714285714,0.2857142857142857,0.47198957
29.0,0.6428571428571428,0.2857142857142857,0.40806764
29.0,0.7142857142857142,0.2857142857142857,0.32768667
29.0,0.7857142857142857,0.2857142857142857,0.24263695
29.0,0.8571428571428571,0.2857142857142857,0.15492585
29.0,0.9285714285714285,0.2857142857142857,0.06511625
29.0,1.0,0.2857142857142857,-0.026334628
29.0,0.0,0.3571428571428571,-0.028163705
29.0,0.07142857142857142,0.3571428571428571,0.08568843
29.0,0.14285714285714285,0.3571428571428571,0.19643348
29.0,0.21428571428571427,0.3571428571428571,0.30293304
29.0,0.2857142857142857,0.3571428571428571,0.40624833
29.0,0.3571428571428571,0.3571428571428571,0.50443256
29.0,0.42857142857142855,0.3571428571428571,0.5825552
29.0,0.5,0.3571428571428571,0.61419326
29.0,0.5714285714285714,0.3571428571428571,0.5847914
29.0,0.6428571428571428,0.3571428571428571,0.50736094
29.0,0.7142857142857142,0.3571428571428571,0.40813118
29.0,0.7857142857142857,0.3571428571428571,0.30294082
29.0,0.8571428571428571,0.3571428571428571,0.19628888
29.0,0.9285714285714285,0.3571428571428571,0.08905394
29.0,1.0,0.3571428571428571,-0.018502869
29.0,0.0,0.42857142857142855,-0.027080089
29.0,0.07142857142857142,0.42857142857142855,0.10378822
29.0,0.14285714285714285,0.42857142857142855,0.23170877
29.0,0.21428571428571427,0.42857142857142855,0.3541661
29.0,0.2857142857142857,0.42857142857142855,0.4720492
29.0,0.3571428571428571,0.42857142857142855,0.5837265
29.0,0.42857142857142855,0.42857142857142855,0.6731085
29.0,0.5,0.42857142857142855,0.7096208
29.0,0.5714285714285714,0.42857142857142855,0.6752916
29.0,0.6428571428571428,0.42857142857142855,0.5853399
29.0,0.7142857142857142,0.42857142857142855,0.47092
29.0,0.7857142857142857,0.42857142857142855,0.35113573
29.0,0.8571428571428571,0.42857142857142855,0.23129362
29.0,0.9285714285714285,0.42857142857142855,0.1114432
29.0,1.0,0.42857142857142855,-0.008154899
29.0,0.0,0.5,-0.026490912
29.0,0.07142857142857142,0.5,0.11053257
29.0,0.14285714285714285,0.5,0.24488753
29.0,0.21428571428571427,0.5,0.37362975
29.0,0.2857142857142857,0.5,0.49792045
29.0,0.3571428571428571,0.5,0.6166055
29.0,0.42857142857142855,0.5,0.7124052
29.0,0.5,0.5,0.7508738
29.0,0.5714285714285714,0.5,0.71239287
29.0,0.6428571428571428,0.5,0.6157232
29.0,0.7142857142857142,0.5,0.4953814
29.0,0.7857142857142857,0.5,0.3710556
29.0,0.8571428571428571,0.5,0.247073
29.0,0.9285714285714285,0.5,0.12260518
29.0,1.0,0.5,-0.0016021729
29.0,0.0,0.5714285714285714,-0.026503451
29.0,0.07142857142857142,0.5714285714285714,0.103466034
29.0,0.14285714285714285,0.5714285714285714,0.2302568
29.0,0.21428571428571427,0.5714285714285714,0.35187358
29.0,0.2857142857142857,0.5714285714285714,0.47007564
29.0,0.3571428571428571,0.5714285714285714,0.58409387
29.0,0.42857142857142855,0.5714285714285714,0.67672443
29.0,0.5,0.5714285714285714,0.7131945
29.0,0.5714285714285714,0.5714285714285714,0.67513883
29.0,0.6428571428571428,0.5714285714285714,0.58292794
29.0,0.7142857142857142,0.5714285714285714,0.46967712
29.0,0.7857142857142857,0.5714285714285714,0.35274452
29.0,0.8571428571428571,0.5714285714285714,0.23515427
29.0,0.9285714285714285,0.5714285714285714,0.116057836
29.0,1.0,0.5714285714285714,-0.0031823143
29.0,0.0,0.6428571428571428,-0.025164694
29.0,0.07142857142857142,0.6428571428571428,0.088520475
29.0,0.14285714285714285,0.6428571428571428,0.19819343
29.0,0.21428571428571427,0.6428571428571428,0.30347684
29.0,0.2857142857142857,0.6428571428571428,0.40643972
29.0,0.3571428571428571,0.6428571428571428,0.50596833
29.0,0.42857142857142855,0.6428571428571428,0.58632004
29.0,0.5,0.6428571428571428,0.61732525
29.0,0.5714285714285714,0.6428571428571428,0.5842333
29.0,0.6428571428571428,0.6428571428571428,0.50502425
29.0,0.7142857142857142,0.6428571428571428,0.40722284
29.0,0.7857142857142857,0.6428571428571428,0.3051473
29.0,0.8571428571428571,0.6428571428571428,0.20145786
29.0,0.9285714285714285,0.6428571428571428,0.09581325
29.0,1.0,0.6428571428571428,-0.010459356
29.0,0.0,0.7142857142857142,-0.021337628
29.0,0.07142857142857142,0.7142857142857142,0.0711316
29.0,0.14285714285714285,0.7142857142857142,0.15878186
29.0,0.21428571428571427,0.7142857142857142,0.24312443
29.0,0.2857142857142857,0.7142857142857142,0.32670176
29.0,0.3571428571428571,0.7142857142857142,0.40787435
29.0,0.42857142857142855,0.7142857142857142,0.4727363
29.0,0.5,0.7142857142857142,0.49769402
29.0,0.5714285714285714,0.7142857142857142,0.47194824
29.0,0.6428571428571428,0.7142857142857142,0.40883175
29.0,0.7142857142857142,0.7142857142857142,0.3292271
29.0,0.7857142857142857,0.7142857142857142,0.24510184
29.0,0.8571428571428571,0.7142857142857142,0.15936509
29.0,0.9285714285714285,0.7142857142857142,0.07180806
29.0,1.0,0.7142857142857142,-0.017159157
29.0,0.0,0.7857142857142857,-0.015604474
29.0,0.07142857142857142,0.7857142857142857,0.053323142
29.0,0.14285714285714285,0.7857142857142857,0.11674624
29.0,0.21428571428571427,0.7857142857142857,0.17818463
29.0,0.2857142857142857,0.7857142857142857,0.24098548
29.0,0.3571428571428571,0.7857142857142857,0.30308044
29.0,0.42857142857142855,0.7857142857142857,0.35229704
29.0,0.5,0.7857142857142857,0.37132663
29.0,0.5714285714285714,0.7857142857142857,0.35285312
29.0,0.6428571428571428,0.7857142857142857,0.30582577
29.0,0.7142857142857142,0.7857142857142857,0.24522293
29.0,0.7857142857142857,0.7857142857142857,0.18086287
29.0,0.8571428571428571,0.7857142857142857,0.115530245
29.0,0.9285714285714285,0.7857142857142857,0.04843637
29.0,1.0,0.7857142857142857,-0.021421708
29.0,0.0,0.8571428571428571,-0.009973884
29.0,0.07142857142857142,0.8571428571428571,0.034869418
29.0,0.14285714285714285,0.8571428571428571,0.07392797
29.0,0.21428571428571427,0.8571428571428571,0.11249319
29.0,0.2857142857142857,0.8571428571428571,0.15442508
29.0,0.3571428571428571,0.8571428571428571,0.19724488
29.0,0.42857142857142855,0.8571428571428571,0.23084381
29.0,0.5,0.8571428571428571,0.2435717
29.0,0.5714285714285714,0.8571428571428571,0.23117277
29.0,0.6428571428571428,0.8571428571428571,0.19939241
29.0,0.7142857142857142,0.8571428571428571,0.15812331
29.0,0.7857142857142857,0.8571428571428571,0.11440144
29.0,0.8571428571428571,0.8571428571428571,0.07010112
29.0,0.9285714285714285,0.8571428571428571,0.023676574
29.0,1.0,0.8571428571428571,-0.02701175
29.0,0.0,0.9285714285714285,-0.008579336
29.0,0.07142857142857142,0.9285714285714285,0.0127337575
29.0,0.14285714285714285,0.9285714285714285,0.02850458
29.0,0.21428571428571427,0.9285714285714285,0.0449757
29.0,0.2857142857142857,0.9285714285714285,0.06590033
29.0,0.3571428571428571,0.9285714285714285,0.08908269
29.0,0.42857142857142855,0.9285714285714285,0.10755453
29.0,0.5,0.9285714285714285,0.11467264
29.0,0.5714285714285714,0.9285714285714285,0.10836414
29.0,0.6428571428571428,0.9285714285714285,0.09169939
29.0,0.7142857142857142,0.9285714285714285,0.06991025
29.0,0.7857142857142857,0.9285714285714285,0.046688482
29.0,0.8571428571428571,0.9285714285714285,0.022481658
29.0,0.9285714285714285,0.9285714285714285,-0.004765911
29.0,1.0,0.9285714285714285,-0.03764964
29.0,0.0,1.0,-0.017512139
29.0,0.07142857142857142,1.0,-0.018531982
29.0,0.14285714285714285,1.0,-0.024385717
29.0,0.21428571428571427,1.0,-0.02880111
29.0,0.2857142857142857,1.0,-0.028214263
29.0,0.3571428571428571,1.0,-0.023337428
29.0,0.42857142857142855,1.0,-0.017397255
29.0,0.5,1.0,-0.013347965
29.0,0.5714285714285714,1.0,-0.0124656595
29.0,0.6428571428571428,1.0,-0.014272239
29.0,0.7142857142857142,1.0,-0.017511386
29.0,0.7857142857142857,1.0,-0.021598782
29.0,0.8571428571428571,1.0,-0.027534338
29.0,0.9285714285714285,1.0,-0.0376839
29.0,1.0,1.0,-0.05464726
30.0,0.0,0.0,-0.028606726
30.0,0.07142857142857142,0.0,-0.021909026
30.0,0.14285714285714285,0.0,-0.020993568
30.0,0.21428571428571427,0.0,-0.02356238
30.0,0.2857142857142857,0.0,-0.025847767
30.0,0.3571428571428571,0.0,-0.02407661
30.0,0.42857142857142855,0.0,-0.019030172
30.0,0.5,0.0,-0.016804712
30.0,0.5714285714285714,0.0,-0.020601617
30.0,0.6428571428571428,0.0,-0.0261292
30.0,0.7142857142857142,0.0,-0.027120309
30.0,0.7857142857142857,0.0,-0.02277157
30.0,0.8571428571428571,0.0,-0.018836552
30.0,0.9285714285714285,0.0,-0.022232398
30.0,1.0,0.0,-0.03649085
30.0,0.0,0.07142857142857142,-0.02100195
30.0,0.07142857142857142,0.07142857142857142,0.006207604
30.0,0.14285714285714285,0.07142857142857142,0.028901163
30.0,0.21428571428571427,0.07142857142857142,0.04871944
30.0,0.2857142857142857,0.07142857142857142,0.06841058
30.0,0.3571428571428571,0.07142857142857142,0.08987034
30.0,0.42857142857142855,0.07142857142857142,0.10877959
30.0,0.5,0.07142857142857142,0.11510915
30.0,0.5714285714285714,0.07142857142857142,0.1047344
30.0,0.6428571428571428,0.07142857142857142,0.08472253
30.0,0.7142857142857142,0.07142857142857142,0.065204285
30.0,0.7857142857142857,0.07142857142857142,0.049109682
30.0,0.8571428571428571,0.07142857142857142,0.031387426
30.0,0.9285714285714285,0.07142857142857142,0.0064226165
30.0,1.0,0.07142857142857142,-0.027726546
30.0,0.0,0.14285714285714285,-0.020731557
30.0,0.07142857142857142,0.14285714285714285,0.027680092
30.0,0.14285714285714285,0.14285714285714285,0.07285584
30.0,0.21428571428571427,0.14285714285714285,0.11582907
30.0,0.2857142857142857,0.14285714285714285,0.15838581
30.0,0.3571428571428571,0.14285714285714285,0.20052335
30.0,0.42857142857142855,0.14285714285714285,0.23431027
30.0,0.5,0.14285714285714285,0.24566221
30.0,0.5714285714285714,0.14285714285714285,0.22912225
30.0,0.6428571428571428,0.14285714285714285,0.19405314
30.0,0.7142857142857142,0.14285714285714285,0.15439907
30.0,0.7857142857142857,0.14285714285714285,0.115613215
30.0,0.8571428571428571,0.14285714285714285,0.07432281
30.0,0.9285714285714285,0.14285714285714285,0.027056348
30.0,1.0,0.14285714285714285,-0.026729211
30.0,0.0,0.21428571428571427,-0.02394658
30.0,0.07142857142857142,0.21428571428571427,0.045956682
30.0,0.14285714285714285,0.21428571428571427,0.11344021
30.0,0.21428571428571427,0.21428571428571427,0.17903152
30.0,0.2857142857142857,0.21428571428571427,0.243855
30.0,0.3571428571428571,0.21428571428571427,0.30635077
30.0,0.42857142857142855,0.21428571428571427,0.35537526
30.0,0.5,0.21428571428571427,0.37292218
30.0,0.5714285714285714,0.21428571428571427,0.35151023
30.0,0.6428571428571428,0.21428571428571427,0.3019433
30.0,0.7142857142857142,0.21428571428571427,0.24176103
30.0,0.7857142857142857,0.21428571428571427,0.1794186
30.0,0.8571428571428571,0.21428571428571427,0.11421641
30.0,0.9285714285714285,0.21428571428571427,0.045108244
30.0,1.0,0.21428571428571427,-0.027621157
30.0,0.0,0.2857142857142857,-0.026663776
30.0,0.07142857142857142,0.2857142857142857,0.06491227
30.0,0.14285714285714285,0.2857142857142857,0.15418893
30.0,0.21428571428571427,0.2857142857142857,0.24113396
30.0,0.2857142857142857,0.2857142857142857,0.32654896
30.0,0.3571428571428571,0.2857142857142857,0.40793014
30.0,0.42857142857142855,0.2857142857142857,0.47172147
30.0,0.5,0.2857142857142857,0.4962213
30.0,0.5714285714285714,0.2857142857142857,0.4710942
30.0,0.6428571428571428,0.2857142857142857,0.40783098
30.0,0.7142857142857142,0.2857142857142857,0.3275927
30.0,0.7857142857142857,0.2857142857142857,0.24243528
30.0,0.8571428571428571,0.2857142857142857,0.15480861
30.0,0.9285714285714285,0.2857142857142857,0.06546553
30.0,1.0,0.2857142857142857,-0.025145292
30.0,0.0,0.3571428571428571,-0.02682753
30.0,0.07142857142857142,0.3571428571428571,0.08584027
30.0,0.14285714285714285,0.3571428571428571,0.1959781
30.0,0.21428571428571427,0.3571428571428571,0.30254608
30.0,0.2857142857142857,0.3571428571428571,0.40614676
30.0,0.3571428571428571,0.3571428571428571,0.5040518
30.0,0.42857142857142855,0.3571428571428571,0.5811877
30.0,0.5,0.3571428571428571,0.61221373
30.0,0.5714285714285714,0.3571428571428571,0.5833249
30.0,0.6428571428571428,0.3571428571428571,0.5067599
30.0,0.7142857142857142,0.3571428571428571,0.4078297
30.0,0.7857142857142857,0.3571428571428571,0.30255088
30.0,0.8571428571428571,0.3571428571428571,0.19595939
30.0,0.9285714285714285,0.3571428571428571,0.089271106
30.0,1.0,0.3571428571428571,-0.017258368
30.0,0.0,0.42857142857142855,-0.025446378
30.0,0.07142857142857142,0.42857142857142855,0.10398985
30.0,0.14285714285714285,0.42857142857142855,0.23105192
30.0,0.21428571428571427,0.42857142857142855,0.35336873
30.0,0.2857142857142857,0.42857142857142855,0.47134513
30.0,0.3571428571428571,0.42857142857142855,0.5825002
30.0,0.42857142857142855,0.42857142857142855,0.6705727
30.0,0.5,0.42857142857142855,0.70624626
30.0,0.5714285714285714,0.42857142857142855,0.6725384
30.0,0.6428571428571428,0.42857142857142855,0.5837957
30.0,0.7142857142857142,0.42857142857142855,0.46998173
30.0,0.7857142857142857,0.42857142857142855,0.35027117
30.0,0.8571428571428571,0.42857142857142855,0.23060212
30.0,0.9285714285714285,0.42857142857142855,0.11148732
30.0,1.0,0.42857142857142855,-0.006842524
30.0,0.0,0.5,-0.024724491
30.0,0.07142857142857142,0.5,0.110739
30.0,0.14285714285714285,0.5,0.24406523
30.0,0.21428571428571427,0.5,0.37248313
30.0,0.2857142857142857,0.5,0.496691
30.0,0.3571428571428571,0.5,0.61467373
30.0,0.42857142857142855,0.5,0.70895153
30.0,0.5,0.5,0.74647206
30.0,0.5714285714285714,0.5,0.70877206
30.0,0.6428571428571428,0.5,0.613603
30.0,0.7142857142857142,0.5,0.4940853
30.0,0.7857142857142857,0.5,0.36993024
30.0,0.8571428571428571,0.5,0.24619189
30.0,0.9285714285714285,0.5,0.12258469
30.0,1.0,0.5,-0.00019724667
30.0,0.0,0.5714285714285714,-0.024768077
30.0,0.07142857142857142,0.5714285714285714,0.10373889
30.0,0.14285714285714285,0.5714285714285714,0.22961247
30.0,0.21428571428571427,0.5714285714285714,0.3509733
30.0,0.2857142857142857,0.5714285714285714,0.46914154
30.0,0.3571428571428571,0.5714285714285714,0.58257306
30.0,0.42857142857142855,0.5714285714285714,0.67387825
30.0,0.5,0.5714285714285714,0.70958555
30.0,0.5714285714285714,0.5714285714285714,0.6723752
30.0,0.6428571428571428,0.5714285714285714,0.58156806
30.0,0.7142857142857142,0.5714285714285714,0.46895552
30.0,0.7857142857142857,0.5714285714285714,0.35199264
30.0,0.8571428571428571,0.5714285714285714,0.23449337
30.0,0.9285714285714285,0.5714285714285714,0.116169296
30.0,1.0,0.5714285714285714,-0.0016782358
30.0,0.0,0.6428571428571428,-0.023528516
30.0,0.07142857142857142,0.6428571428571428,0.088897094
30.0,0.14285714285714285,0.6428571428571428,0.19785672
30.0,0.21428571428571427,0.6428571428571428,0.30299187
30.0,0.2857142857142857,0.6428571428571428,0.4059717
30.0,0.3571428571428571,0.6428571428571428,0.5051111
30.0,0.42857142857142855,0.6428571428571428,0.5845875
30.0,0.5,0.6428571428571428,0.61520404
30.0,0.5714285714285714,0.6428571428571428,0.5828915
30.0,0.6428571428571428,0.6428571428571428,0.5047253
30.0,0.7142857142857142,0.6428571428571428,0.40721673
30.0,0.7857142857142857,0.6428571428571428,0.3048616
30.0,0.8571428571428571,0.6428571428571428,0.20107138
30.0,0.9285714285714285,0.6428571428571428,0.09602104
30.0,1.0,0.6428571428571428,-0.009005215
30.0,0.0,0.7142857142857142,-0.01977624
30.0,0.07142857142857142,0.7142857142857142,0.07159684
30.0,0.14285714285714285,0.7142857142857142,0.15864366
30.0,0.21428571428571427,0.7142857142857142,0.24282074
30.0,0.2857142857142857,0.7142857142857142,0.326334
30.0,0.3571428571428571,0.7142857142857142,0.4071843
30.0,0.42857142857142855,0.7142857142857142,0.47149915
30.0,0.5,0.7142857142857142,0.4963125
30.0,0.5714285714285714,0.7142857142857142,0.47117049
30.0,0.6428571428571428,0.7142857142857142,0.40875328
30.0,0.7142857142857142,0.7142857142857142,0.3292679
30.0,0.7857142857142857,0.7142857142857142,0.24484253
30.0,0.8571428571428571,0.7142857142857142,0.15898824
30.0,0.9285714285714285,0.7142857142857142,0.07192684
30.0,1.0,0.7142857142857142,-0.015937869
30.0,0.0,0.7857142857142857,-0.0140404105
30.0,0.07142857142857142,0.7857142857142857,0.05388459
30.0,0.14285714285714285,0.7857142857142857,0.116721414
30.0,0.21428571428571427,0.7857142857142857,0.17790934
30.0,0.2857142857142857,0.7857142857142857,0.24052987
30.0,0.3571428571428571,0.7857142857142857,0.30229884
30.0,0.42857142857142855,0.7857142857142857,0.35112336
30.0,0.5,0.7857142857142857,0.37007716
30.0,0.5714285714285714,0.7857142857142857,0.35200778
30.0,0.6428571428571428,0.7857142857142857,0.30546093
30.0,0.7142857142857142,0.7857142857142857,0.24499023
30.0,0.7857142857142857,0.7857142857142857,0.18049222
30.0,0.8571428571428571,0.7857142857142857,0.1151604
30.0,0.9285714285714285,0.7857142857142857,0.04853364
30.0,1.0,0.7857142857142857,-0.020358127
30.0,0.0,0.8571428571428571,-0.008339837
30.0,0.07142857142857142,0.8571428571428571,0.035577096
30.0,0.14285714285714285,0.8571428571428571,0.074079074
30.0,0.21428571428571427,0.8571428571428571,0.11238059
30.0,0.2857142857142857,0.8571428571428571,0.15412638
30.0,0.3571428571428571,0.8571428571428571,0.19668055
30.0,0.42857142857142855,0.8571428571428571,0.2299948
30.0,0.5,0.8571428571428571,0.24264497
30.0,0.5714285714285714,0.8571428571428571,0.2304681
30.0,0.6428571428571428,0.8571428571428571,0.1989994
30.0,0.7142857142857142,0.8571428571428571,0.15788275
30.0,0.7857142857142857,0.8571428571428571,0.11416977
30.0,0.8571428571428571,0.8571428571428571,0.06997776
30.0,0.9285714285714285,0.8571428571428571,0.023994446
30.0,1.0,0.8571428571428571,-0.02586888
30.0,0.0,0.9285714285714285,-0.0068468675
30.0,0.07142857142857142,0.9285714285714285,0.013681725
30.0,0.14285714285714285,0.9285714285714285,0.02904234
30.0,0.21428571428571427,0.9285714285714285,0.045398705
30.0,0.2857142857142857,0.9285714285714285,0.06630488
30.0,0.3571428571428571,0.9285714285714285,0.0894077
30.0,0.42857142857142855,0.9285714285714285,0.10773755
30.0,0.5,0.9285714285714285,0.11476835
30.0,0.5714285714285714,0.9285714285714285,0.10850013
30.0,0.6428571428571428,0.9285714285714285,0.091931455
30.0,0.7142857142857142,0.9285714285714285,0.0701861
30.0,0.7857142857142857,0.9285714285714285,0.0469605
30.0,0.8571428571428571,0.9285714285714285,0.022846103
30.0,0.9285714285714285,0.9285714285714285,-0.0040521584
30.0,1.0,0.9285714285714285,-0.03627506
30.0,0.0,1.0,-0.015636887
30.0,0.07142857142857142,1.0,-0.017182732
30.0,0.14285714285714285,1.0,-0.02316538
30.0,0.21428571428571427,1.0,-0.027413923
30.0,0.2857142857142857,1.0,-0.026568323
30.0,0.3571428571428571,1.0,-0.021524504
30.0,0.42857142857142855,1.0,-0.015574105
30.0,0.5,1.0,-0.011625744
30.0,0.5714285714285714,1.0,-0.010883994
30.0,0.6428571428571428,1.0,-0.012847174
30.0,0.7142857142857142,1.0,-0.016261943
30.0,0.7857142857142857,1.0,-0.02051168
30.0,0.8571428571428571,1.0,-0.026497837
30.0,0.9285714285714285,1.0,-0.036471926
30.0,1.0,1.0,-0.052981693
31.0,0.0,0.0,-0.02762995
31.0,0.07142857142857142,0.0,-0.02114398
31.0,0.14285714285714285,0.0,-0.02033937
31.0,0.21428571428571427,0.0,-0.022875417
31.0,0.2857142857142857,0.0,-0.024986103
31.0,0.3571428571428571,0.0,-0.023027804
31.0,0.42857142857142855,0.0,-0.017911356
31.0,0.5,0.0,-0.015593752
31.0,0.5714285714285714,0.0,-0.019190464
31.0,0.6428571428571428,0.0,-0.024637185
31.0,0.7142857142857142,0.0,-0.025778282
31.0,0.7857142857142857,0.0,-0.02153568
31.0,0.8571428571428571,0.0,-0.017361188
31.0,0.9285714285714285,0.0,-0.020197645
31.0,1.0,0.0,-0.033799533
31.0,0.0,0.07142857142857142,-0.020226177
31.0,0.07142857142857142,0.07142857142857142,0.006605897
31.0,0.14285714285714285,0.07142857142857142,0.029056158
31.0,0.21428571428571427,0.07142857142857142,0.04880705
31.0,0.2857142857142857,0.07142857142857142,0.068554215
31.0,0.3571428571428571,0.07142857142857142,0.08998061
31.0,0.42857142857142855,0.07142857142857142,0.10867395
31.0,0.5,0.07142857142857142,0.11494983
31.0,0.5714285714285714,0.07142857142857142,0.104855075
31.0,0.6428571428571428,0.07142857142857142,0.085086234
31.0,0.7142857142857142,0.07142857142857142,0.06553103
31.0,0.7857142857142857,0.07142857142857142,0.04941553
31.0,0.8571428571428571,0.07142857142857142,0.032017283
31.0,0.9285714285714285,0.07142857142857142,0.0076722316
31.0,1.0,0.07142857142857142,-0.025766209
31.0,0.0,0.14285714285714285,-0.020040195
31.0,0.07142857142857142,0.14285714285714285,0.02780975
31.0,0.14285714285714285,0.14285714285714285,0.07263134
31.0,0.21428571428571427,0.14285714285714285,0.11550679
31.0,0.2857142857142857,0.14285714285714285,0.15810242
31.0,0.3571428571428571,0.14285714285714285,0.20009452
31.0,0.42857142857142855,0.14285714285714285,0.23347166
31.0,0.5,0.14285714285714285,0.24468124
31.0,0.5714285714285714,0.14285714285714285,0.2285169
31.0,0.6428571428571428,0.14285714285714285,0.1938475
31.0,0.7142857142857142,0.14285714285714285,0.15424487
31.0,0.7857142857142857,0.14285714285714285,0.11546289
31.0,0.8571428571428571,0.14285714285714285,0.07447608
31.0,0.9285714285714285,0.14285714285714285,0.027790532
31.0,1.0,0.14285714285714285,-0.025270957
31.0,0.0,0.21428571428571427,-0.023182139
31.0,0.07142857142857142,0.21428571428571427,0.04597445
31.0,0.14285714285714285,0.21428571428571427,0.113043614
31.0,0.21428571428571427,0.21428571428571427,0.17860293
31.0,0.2857142857142857,0.21428571428571427,0.24355382
31.0,0.3571428571428571,0.21428571428571427,0.30587593
31.0,0.42857142857142855,0.21428571428571427,0.35435045
31.0,0.5,0.21428571428571427,0.37166536
31.0,0.5714285714285714,0.21428571428571427,0.3506923
31.0,0.6428571428571428,0.21428571428571427,0.30165145
31.0,0.7142857142857142,0.21428571428571427,0.24157843
31.0,0.7857142857142857,0.21428571428571427,0.1792033
31.0,0.8571428571428571,0.21428571428571427,0.11419674
31.0,0.9285714285714285,0.21428571428571427,0.04557997
31.0,1.0,0.21428571428571427,-0.026405547
31.0,0.0,0.2857142857142857,-0.025670476
31.0,0.07142857142857142,0.2857142857142857,0.064968176
31.0,0.14285714285714285,0.2857142857142857,0.15379333
31.0,0.21428571428571427,0.2857142857142857,0.24081016
31.0,0.2857142857142857,0.2857142857142857,0.32646078
31.0,0.3571428571428571,0.2857142857142857,0.40763706
31.0,0.42857142857142855,0.2857142857142857,0.47071064
31.0,0.5,0.2857142857142857,0.49483562
31.0,0.5714285714285714,0.2857142857142857,0.47016764
31.0,0.6428571428571428,0.2857142857142857,0.4075546
31.0,0.7142857142857142,0.2857142857142857,0.32749486
31.0,0.7857142857142857,0.2857142857142857,0.24225822
31.0,0.8571428571428571,0.2857142857142857,0.15471241
31.0,0.9285714285714285,0.2857142857142857,0.065812156
31.0,1.0,0.2857142857142857,-0.02397164
31.0,0.0,0.3571428571428571,-0.025506295
31.0,0.07142857142857142,0.3571428571428571,0.0859966
31.0,0.14285714285714285,0.3571428571428571,0.19556573
31.0,0.21428571428571427,0.3571428571428571,0.30219844
31.0,0.2857142857142857,0.3571428571428571,0.40602493
31.0,0.3571428571428571,0.3571428571428571,0.5036018
31.0,0.42857142857142855,0.3571428571428571,0.5797766
31.0,0.5,0.3571428571428571,0.6102225
31.0,0.5714285714285714,0.3571428571428571,0.58181614
31.0,0.6428571428571428,0.3571428571428571,0.5060985
31.0,0.7142857142857142,0.3571428571428571,0.4075112
31.0,0.7857142857142857,0.3571428571428571,0.3021893
31.0,0.8571428571428571,0.3571428571428571,0.19565892
31.0,0.9285714285714285,0.3571428571428571,0.0894831
31.0,1.0,0.3571428571428571,-0.01604101
31.0,0.0,0.42857142857142855,-0.023823746
31.0,0.07142857142857142,0.42857142857142855,0.10419075
31.0,0.14285714285714285,0.42857142857142855,0.23042902
31.0,0.21428571428571427,0.42857142857142855,0.3526036
31.0,0.2857142857142857,0.42857142857142855,0.4706206
31.0,0.3571428571428571,0.42857142857142855,0.58121765
31.0,0.42857142857142855,0.42857142857142855,0.66802347
31.0,0.5,0.42857142857142855,0.70290315
31.0,0.5714285714285714,0.42857142857142855,0.6697791
31.0,0.6428571428571428,0.42857142857142855,0.58221334
31.0,0.7142857142857142,0.42857142857142855,0.46904564
31.0,0.7857142857142857,0.42857142857142855,0.34945318
31.0,0.8571428571428571,0.42857142857142855,0.22994849
31.0,0.9285714285714285,0.42857142857142855,0.11151877
31.0,1.0,0.42857142857142855,-0.0055732727
31.0,0.0,0.5,-0.022970222
31.0,0.07142857142857142,0.5,0.110933065
31.0,0.14285714285714285,0.5,0.2432631
31.0,0.21428571428571427,0.5,0.37136257
31.0,0.2857142857142857,0.5,0.4954499
31.0,0.3571428571428571,0.5,0.61270714
31.0,0.42857142857142855,0.5,0.7055156
31.0,0.5,0.5,0.74214077
31.0,0.5714285714285714,0.5,0.70518064
31.0,0.6428571428571428,0.5,0.6114697
31.0,0.7142857142857142,0.5,0.4928066
31.0,0.7857142857142857,0.5,0.36885792
31.0,0.8571428571428571,0.5,0.24534333
31.0,0.9285714285714285,0.5,0.12253674
31.0,1.0,0.5,0.0011472851
31.0,0.0,0.5714285714285714,-0.023055658
31.0,0.07142857142857142,0.5714285714285714,0.10398824
31.0,0.14285714285714285,0.5714285714285714,0.22897199
31.0,0.21428571428571427,0.5714285714285714,0.35008162
31.0,0.2857142857142857,0.5714285714285714,0.46818045
31.0,0.3571428571428571,0.5714285714285714,0.5809976
31.0,0.42857142857142855,0.5714285714285714,0.67101276
31.0,0.5,0.5714285714285714,0.7059968
31.0,0.5714285714285714,0.5714285714285714,0.6695964
31.0,0.6428571428571428,0.5714285714285714,0.5801609
31.0,0.7142857142857142,0.5714285714285714,0.46822095
31.0,0.7857142857142857,0.5714285714285714,0.3512665
31.0,0.8571428571428571,0.5714285714285714,0.2338427
31.0,0.9285714285714285,0.5714285714285714,0.11623753
31.0,1.0,0.5714285714285714,-0.0002468638
31.0,0.0,0.6428571428571428,-0.021927811
31.0,0.07142857142857142,0.6428571428571428,0.08924522
31.0,0.14285714285714285,0.6428571428571428,0.19751817
31.0,0.21428571428571427,0.6428571428571428,0.30250847
31.0,0.2857142857142857,0.6428571428571428,0.40547508
31.0,0.3571428571428571,0.6428571428571428,0.5041975
31.0,0.42857142857142855,0.6428571428571428,0.58281213
31.0,0.5,0.6428571428571428,0.61305887
31.0,0.5714285714285714,0.6428571428571428,0.58149874
31.0,0.6428571428571428,0.6428571428571428,0.50435805
31.0,0.7142857142857142,0.6428571428571428,0.4071805
31.0,0.7857142857142857,0.6428571428571428,0.30458617
31.0,0.8571428571428571,0.6428571428571428,0.2006883
31.0,0.9285714285714285,0.6428571428571428,0.0961886
31.0,1.0,0.6428571428571428,-0.007619966
31.0,0.0,0.7142857142857142,-0.018259682
31.0,0.07142857142857142,0.7142857142857142,0.072036274
31.0,0.14285714285714285,0.7142857142857142,0.15851185
31.0,0.21428571428571427,0.7142857142857142,0.24253562
31.0,0.2857142857142857,0.7142857142857142,0.3259692
31.0,0.3571428571428571,0.7142857142857142,0.4064798
31.0,0.42857142857142855,0.7142857142857142,0.47025287
31.0,0.5,0.7142857142857142,0.4949298
31.0,0.5714285714285714,0.7142857142857142,0.47037235
31.0,0.6428571428571428,0.7142857142857142,0.40864238
31.0,0.7142857142857142,0.7142857142857142,0.3293019
31.0,0.7857142857142857,0.7142857142857142,0.24460453
31.0,0.8571428571428571,0.7142857142857142,0.15862635
31.0,0.9285714285714285,0.7142857142857142,0.07202107
31.0,1.0,0.7142857142857142,-0.014771793
31.0,0.0,0.7857142857142857,-0.012531348
31.0,0.07142857142857142,0.7857142857142857,0.054422833
31.0,0.14285714285714285,0.7857142857142857,0.11671465
31.0,0.21428571428571427,0.7857142857142857,0.17767543
31.0,0.2857142857142857,0.7857142857142857,0.2401138
31.0,0.3571428571428571,0.7857142857142857,0.30154806
31.0,0.42857142857142855,0.7857142857142857,0.3499838
31.0,0.5,0.7857142857142857,0.36886483
31.0,0.5714285714285714,0.7857142857142857,0.35118505
31.0,0.6428571428571428,0.7857142857142857,0.30510604
31.0,0.7142857142857142,0.7857142857142857,0.24477684
31.0,0.7857142857142857,0.7857142857142857,0.18015432
31.0,0.8571428571428571,0.7857142857142857,0.11481192
31.0,0.9285714285714285,0.7857142857142857,0.048616573
31.0,1.0,0.7857142857142857,-0.019341685
31.0,0.0,0.8571428571428571,-0.006773524
31.0,0.07142857142857142,0.8571428571428571,0.036258735
31.0,0.14285714285714285,0.8571428571428571,0.07425173
31.0,0.21428571428571427,0.8571428571428571,0.1123163
31.0,0.2857142857142857,0.8571428571428571,0.15387589
31.0,0.3571428571428571,0.8571428571428571,0.19615594
31.0,0.42857142857142855,0.8571428571428571,0.22918439
31.0,0.5,0.8571428571428571,0.24175817
31.0,0.5714285714285714,0.8571428571428571,0.22979552
31.0,0.6428571428571428,0.8571428571428571,0.1986309
31.0,0.7142857142857142,0.8571428571428571,0.1576711
31.0,0.7857142857142857,0.8571428571428571,0.11397306
31.0,0.8571428571428571,0.8571428571428571,0.06987716
31.0,0.9285714285714285,0.8571428571428571,0.024303868
31.0,1.0,0.8571428571428571,-0.024764925
31.0,0.0,0.9285714285714285,-0.0051934645
31.0,0.07142857142857142,0.9285714285714285,0.014599666
31.0,0.14285714285714285,0.9285714285714285,0.029595535
31.0,0.21428571428571427,0.9285714285714285,0.045856394
31.0,0.2857142857142857,0.9285714285714285,0.06673599
31.0,0.3571428571428571,0.9285714285714285,0.08974169
31.0,0.42857142857142855,0.9285714285714285,0.10792252
31.0,0.5,0.9285714285714285,0.11486871
31.0,0.5714285714285714,0.9285714285714285,0.108642876
31.0,0.6428571428571428,0.9285714285714285,0.09217402
31.0,0.7142857142857142,0.9285714285714285,0.07047949
31.0,0.7857142857142857,0.9285714285714285,0.04725697
31.0,0.8571428571428571,0.9285714285714285,0.023229115
31.0,0.9285714285714285,0.9285714285714285,-0.0033405554
31.0,1.0,0.9285714285714285,-0.034925975
31.0,0.0,1.0,-0.013840869
31.0,0.07142857142857142,1.0,-0.01586265
31.0,0.14285714285714285,1.0,-0.021938492
31.0,0.21428571428571427,1.0,-0.026013983
31.0,0.2857142857142857,1.0,-0.024930013
31.0,0.3571428571428571,1.0,-0.019745188
31.0,0.42857142857142855,1.0,-0.013798509
31.0,0.5,1.0,-0.009949539
31.0,0.5714285714285714,1.0,-0.009339843
31.0,0.6428571428571428,1.0,-0.011446487
31.0,0.7142857142857142,1.0,-0.015022997
31.0,0.7857142857142857,1.0,-0.0194223
31.0,0.8571428571428571,1.0,-0.025454996
31.0,0.9285714285714285,1.0,-0.035260573
31.0,1.0,1.0,-0.05132868
32.0,0.0,0.0,-0.026652051
32.0,0.07142857142857142,0.0,-0.020386351
32.0,0.14285714285714285,0.0,-0.019689132
32.0,0.21428571428571427,0.0,-0.022179242
32.0,0.2857142857142857,0.0,-0.024104398
32.0,0.3571428571428571,0.0,-0.021963332
32.0,0.42857142857142855,0.0,-0.016791489
32.0,0.5,0.0,-0.014399454
32.0,0.5714285714285714,0.0,-0.017809829
32.0,0.6428571428571428,0.0,-0.023172375
32.0,0.7142857142857142,0.0,-0.024452545
32.0,0.7857142857142857,0.0,-0.0203231
32.0,0.8571428571428571,0.0,-0.01593142
32.0,0.9285714285714285,0.0,-0.018221471
32.0,1.0,0.0,-0.031157639
32.0,0.0,0.07142857142857142,-0.01945503
32.0,0.07142857142857142,0.07142857142857142,0.0069917142
32.0,0.14285714285714285,0.07142857142857142,0.02920314
32.0,0.21428571428571427,0.07142857142857142,0.048896614
32.0,0.2857142857142857,0.07142857142857142,0.068701394
32.0,0.3571428571428571,0.07142857142857142,0.09008799
32.0,0.42857142857142855,0.07142857142857142,0.108564906
32.0,0.5,0.07142857142857142,0.1147865
32.0,0.5714285714285714,0.07142857142857142,0.1049617
32.0,0.6428571428571428,0.07142857142857142,0.08544001
32.0,0.7142857142857142,0.07142857142857142,0.06586267
32.0,0.7857142857142857,0.07142857142857142,0.049717482
32.0,0.8571428571428571,0.07142857142857142,0.03261599
32.0,0.9285714285714285,0.07142857142857142,0.008873008
32.0,1.0,0.07142857142857142,-0.023851056
32.0,0.0,0.14285714285714285,-0.019358248
32.0,0.07142857142857142,0.14285714285714285,0.027931519
32.0,0.14285714285714285,0.14285714285714285,0.0724132
32.0,0.21428571428571427,0.14285714285714285,0.11520108
32.0,0.2857142857142857,0.14285714285714285,0.15782768
32.0,0.3571428571428571,0.14285714285714285,0.19965938
32.0,0.42857142857142855,0.14285714285714285,0.23263651
32.0,0.5,0.14285714285714285,0.24371338
32.0,0.5714285714285714,0.14285714285714285,0.22791341
32.0,0.6428571428571428,0.14285714285714285,0.19364429
32.0,0.7142857142857142,0.14285714285714285,0.15411195
32.0,0.7857142857142857,0.14285714285714285,0.11532996
32.0,0.8571428571428571,0.14285714285714285,0.07462135
32.0,0.9285714285714285,0.14285714285714285,0.028494548
32.0,1.0,0.14285714285714285,-0.02384771
32.0,0.0,0.21428571428571427,-0.022432383
32.0,0.07142857142857142,0.21428571428571427,0.045993168
32.0,0.14285714285714285,0.21428571428571427,0.112675324
32.0,0.21428571428571427,0.21428571428571427,0.17821214
32.0,0.2857142857142857,0.21428571428571427,0.2432644
32.0,0.3571428571428571,0.21428571428571427,0.30538505
32.0,0.42857142857142855,0.21428571428571427,0.35332114
32.0,0.5,0.21428571428571427,0.37041974
32.0,0.5714285714285714,0.21428571428571427,0.34986904
32.0,0.6428571428571428,0.21428571428571427,0.3013503
32.0,0.7142857142857142,0.21428571428571427,0.2414116
32.0,0.7857142857142857,0.21428571428571427,0.1790134
32.0,0.8571428571428571,0.21428571428571427,0.11418668
32.0,0.9285714285714285,0.21428571428571427,0.04603729
32.0,1.0,0.21428571428571427,-0.025218785
32.0,0.0,0.2857142857142857,-0.024698973
32.0,0.07142857142857142,0.2857142857142857,0.06503067
32.0,0.14285714285714285,0.2857142857142857,0.15344194
32.0,0.21428571428571427,0.2857142857142857,0.24053186
32.0,0.2857142857142857,0.2857142857142857,0.32637075
32.0,0.3571428571428571,0.2857142857142857,0.40730214
32.0,0.42857142857142855,0.2857142857142857,0.46967465
32.0,0.5,0.2857142857142857,0.49344552
32.0,0.5714285714285714,0.2857142857142857,0.46921307
32.0,0.6428571428571428,0.2857142857142857,0.40723974
32.0,0.7142857142857142,0.2857142857142857,0.32739174
32.0,0.7857142857142857,0.2857142857142857,0.24210387
32.0,0.8571428571428571,0.2857142857142857,0.1546363
32.0,0.9285714285714285,0.2857142857142857,0.06615081
32.0,1.0,0.2857142857142857,-0.022828981
32.0,0.0,0.3571428571428571,-0.024209753
32.0,0.07142857142857142,0.3571428571428571,0.0861581
32.0,0.14285714285714285,0.3571428571428571,0.19519645
32.0,0.21428571428571427,0.3571428571428571,0.30188602
32.0,0.2857142857142857,0.3571428571428571,0.40587988
32.0,0.3571428571428571,0.3571428571428571,0.50308794
32.0,0.42857142857142855,0.3571428571428571,0.5783292
32.0,0.5,0.3571428571428571,0.6082247
32.0,0.5714285714285714,0.3571428571428571,0.58027047
32.0,0.6428571428571428,0.3571428571428571,0.5053815
32.0,0.7142857142857142,0.3571428571428571,0.4071761
32.0,0.7857142857142857,0.3571428571428571,0.3018547
32.0,0.8571428571428571,0.3571428571428571,0.19538713
32.0,0.9285714285714285,0.3571428571428571,0.08968629
32.0,1.0,0.3571428571428571,-0.014864497
32.0,0.0,0.42857142857142855,-0.022228226
32.0,0.07142857142857142,0.42857142857142855,0.104384646
32.0,0.14285714285714285,0.42857142857142855,0.22983617
32.0,0.21428571428571427,0.42857142857142855,0.35186487
32.0,0.2857142857142857,0.42857142857142855,0.46987247
32.0,0.3571428571428571,0.42857142857142855,0.57988364
32.0,0.42857142857142855,0.42857142857142855,0.66546965
32.0,0.5,0.42857142857142855,0.69959784
32.0,0.5714285714285714,0.42857142857142855,0.6670215
32.0,0.6428571428571428,0.42857142857142855,0.58059937
32.0,0.7142857142857142,0.42857142857142855,0.4681105
32.0,0.7857142857142857,0.42857142857142855,0.34867942
32.0,0.8571428571428571,0.42857142857142855,0.22933221
32.0,0.9285714285714285,0.42857142857142855,0.11153555
32.0,1.0,0.42857142857142855,-0.004359126
32.0,0.0,0.5,-0.02124948
32.0,0.07142857142857142,0.5,0.11110715
32.0,0.14285714285714285,0.5,0.24247849
32.0,0.21428571428571427,0.5,0.37026486
32.0,0.2857142857142857,0.5,0.49419618
32.0,0.3571428571428571,0.5,0.61071163
32.0,0.42857142857142855,0.5,0.7021068
32.0,0.5,0.5,0.73788637
32.0,0.5714285714285714,0.5,0.7016264
32.0,0.6428571428571428,0.5,0.6093292
32.0,0.7142857142857142,0.5,0.4915434
32.0,0.7857142857142857,0.5,0.3678352
32.0,0.8571428571428571,0.5,0.24452734
32.0,0.9285714285714285,0.5,0.12245979
32.0,1.0,0.5,0.0024194345
32.0,0.0,0.5714285714285714,-0.021387704
32.0,0.07142857142857142,0.5714285714285714,0.104207784
32.0,0.14285714285714285,0.5714285714285714,0.22833526
32.0,0.21428571428571427,0.5714285714285714,0.34919816
32.0,0.2857142857142857,0.5714285714285714,0.46719527
32.0,0.3571428571428571,0.5714285714285714,0.5793769
32.0,0.42857142857142855,0.5714285714285714,0.668141
32.0,0.5,0.5714285714285714,0.70243996
32.0,0.5714285714285714,0.5714285714285714,0.6668126
32.0,0.6428571428571428,0.5714285714285714,0.5787126
32.0,0.7142857142857142,0.5714285714285714,0.4674732
32.0,0.7857142857142857,0.5714285714285714,0.35056445
32.0,0.8571428571428571,0.5714285714285714,0.23320398
32.0,0.9285714285714285,0.5714285714285714,0.116261564
32.0,1.0,0.5714285714285714,0.0011000186
32.0,0.0,0.6428571428571428,-0.020380117
32.0,0.07142857142857142,0.6428571428571428,0.08956137
32.0,0.14285714285714285,0.6428571428571428,0.19717905
32.0,0.21428571428571427,0.6428571428571428,0.30202964
32.0,0.2857142857142857,0.6428571428571428,0.40495571
32.0,0.3571428571428571,0.6428571428571428,0.50323796
32.0,0.42857142857142855,0.6428571428571428,0.581006
32.0,0.5,0.6428571428571428,0.6108986
32.0,0.5714285714285714,0.6428571428571428,0.5800619
32.0,0.6428571428571428,0.6428571428571428,0.5039262
32.0,0.7142857142857142,0.6428571428571428,0.407112
32.0,0.7857142857142857,0.6428571428571428,0.30431914
32.0,0.8571428571428571,0.6428571428571428,0.20031011
32.0,0.9285714285714285,0.6428571428571428,0.09631581
32.0,1.0,0.6428571428571428,-0.0063131563
32.0,0.0,0.7142857142857142,-0.01680351
32.0,0.07142857142857142,0.7142857142857142,0.07244677
32.0,0.14285714285714285,0.7142857142857142,0.15838918
32.0,0.21428571428571427,0.7142857142857142,0.24227288
32.0,0.2857142857142857,0.7142857142857142,0.32561284
32.0,0.3571428571428571,0.7142857142857142,0.40577024
32.0,0.42857142857142855,0.7142857142857142,0.46900705
32.0,0.5,0.7142857142857142,0.49355102
32.0,0.5714285714285714,0.7142857142857142,0.46955532
32.0,0.6428571428571428,0.7142857142857142,0.40849853
32.0,0.7142857142857142,0.7142857142857142,0.32932666
32.0,0.7857142857142857,0.7142857142857142,0.24438775
32.0,0.8571428571428571,0.7142857142857142,0.15828153
32.0,0.9285714285714285,0.7142857142857142,0.072091855
32.0,1.0,0.7142857142857142,-0.013670489
32.0,0.0,0.7857142857142857,-0.0110918805
32.0,0.07142857142857142,0.7857142857142857,0.054932825
32.0,0.14285714285714285,0.7857142857142857,0.11672675
32.0,0.21428571428571427,0.7857142857142857,0.17748496
32.0,0.2857142857142857,0.7857142857142857,0.23974141
32.0,0.3571428571428571,0.7857142857142857,0.30083603
32.0,0.42857142857142855,0.7857142857142857,0.34888485
32.0,0.5,0.7857142857142857,0.3676922
32.0,0.5714285714285714,0.7857142857142857,0.35038432
32.0,0.6428571428571428,0.7857142857142857,0.304759
32.0,0.7142857142857142,0.7857142857142857,0.2445812
32.0,0.7857142857142857,0.7857142857142857,0.17984894
32.0,0.8571428571428571,0.7857142857142857,0.11448606
32.0,0.9285714285714285,0.7857142857142857,0.04868339
32.0,1.0,0.7857142857142857,-0.018383108
32.0,0.0,0.8571428571428571,-0.005292006
32.0,0.07142857142857142,0.8571428571428571,0.036906198
32.0,0.14285714285714285,0.8571428571428571,0.074441604
32.0,0.21428571428571427,0.8571428571428571,0.112297274
32.0,0.2857142857142857,0.8571428571428571,0.15367398
32.0,0.3571428571428571,0.8571428571428571,0.19567364
32.0,0.42857142857142855,0.8571428571428571,0.22841543
32.0,0.5,0.8571428571428571,0.24091151
32.0,0.5714285714285714,0.8571428571428571,0.22915387
32.0,0.6428571428571428,0.8571428571428571,0.19828436
32.0,0.7142857142857142,0.8571428571428571,0.15748465
32.0,0.7857142857142857,0.8571428571428571,0.113806985
32.0,0.8571428571428571,0.8571428571428571,0.06979554
32.0,0.9285714285714285,0.8571428571428571,0.02459887
32.0,1.0,0.8571428571428571,-0.02371294
32.0,0.0,0.9285714285714285,-0.0036382675
32.0,0.07142857142857142,0.9285714285714285,0.015473526
32.0,0.14285714285714285,0.9285714285714285,0.030152347
32.0,0.21428571428571427,0.9285714285714285,0.046337735
32.0,0.2857142857142857,0.9285714285714285,0.067185104
32.0,0.3571428571428571,0.9285714285714285,0.09008047
32.0,0.42857142857142855,0.9285714285714285,0.10810632
32.0,0.5,0.9285714285714285,0.114968844
32.0,0.5714285714285714,0.9285714285714285,0.10878693
32.0,0.6428571428571428,0.9285714285714285,0.09241968
32.0,0.7142857142857142,0.9285714285714285,0.07078236
32.0,0.7857142857142857,0.9285714285714285,0.047569163
32.0,0.8571428571428571,0.9285714285714285,0.02362093
32.0,0.9285714285714285,0.9285714285714285,-0.002642896
32.0,1.0,0.9285714285714285,-0.0336198
32.0,0.0,1.0,-0.012146946
32.0,0.07142857142857142,1.0,-0.014592731
32.0,0.14285714285714285,1.0,-0.020725705
32.0,0.21428571428571427,1.0,-0.024622492
32.0,0.2857142857142857,1.0,-0.023318522
32.0,0.3571428571428571,1.0,-0.018015064
32.0,0.42857142857142855,1.0,-0.012083296
32.0,0.5,1.0,-0.008333065
32.0,0.5714285714285714,1.0,-0.00784656
32.0,0.6428571428571428,1.0,-0.010085203
32.0,0.7142857142857142,1.0,-0.013808642
32.0,0.7857142857142857,1.0,-0.01834495
32.0,0.8571428571428571,1.0,-0.024421018
32.0,0.9285714285714285,1.0,-0.03406667
32.0,1.0,1.0,-0.04970872
33.0,0.0,0.0,-0.025690194
33.0,0.07142857142857142,0.0,-0.019648768
33.0,0.14285714285714285,0.0,-0.01905099
33.0,0.21428571428571427,0.0,-0.021480627
33.0,0.2857142857142857,0.0,-0.023210451
33.0,0.3571428571428571,0.0,-0.020892847
33.0,0.42857142857142855,0.0,-0.01567977
33.0,0.5,0.0,-0.013229847
33.0,0.5714285714285714,0.0,-0.016468342
33.0,0.6428571428571428,0.0,-0.021744635
33.0,0.7142857142857142,0.0,-0.023153251
33.0,0.7857142857142857,0.0,-0.019145768
33.0,0.8571428571428571,0.0,-0.014562406
33.0,0.9285714285714285,0.0,-0.016324878
33.0,1.0,0.0,-0.02859297
33.0,0.0,0.07142857142857142,-0.018702347
33.0,0.07142857142857142,0.07142857142857142,0.0073571987
33.0,0.14285714285714285,0.07142857142857142,0.029339973
33.0,0.21428571428571427,0.07142857142857142,0.04898706
33.0,0.2857142857142857,0.07142857142857142,0.068851635
33.0,0.3571428571428571,0.07142857142857142,0.09019075
33.0,0.42857142857142855,0.07142857142857142,0.10845209
33.0,0.5,0.07142857142857142,0.11461749
33.0,0.5714285714285714,0.07142857142857142,0.10505178
33.0,0.6428571428571428,0.07142857142857142,0.08577912
33.0,0.7142857142857142,0.07142857142857142,0.06619227
33.0,0.7857142857142857,0.07142857142857142,0.05001018
33.0,0.8571428571428571,0.07142857142857142,0.03317552
33.0,0.9285714285714285,0.07142857142857142,0.010010105
33.0,1.0,0.07142857142857142,-0.022003952
33.0,0.0,0.14285714285714285,-0.018695686
33.0,0.07142857142857142,0.14285714285714285,0.028042056
33.0,0.14285714285714285,0.14285714285714285,0.07220302
33.0,0.21428571428571427,0.14285714285714285,0.11491469
33.0,0.2857142857142857,0.14285714285714285,0.15756202
33.0,0.3571428571428571,0.14285714285714285,0.19922042
33.0,0.42857142857142855,0.14285714285714285,0.23180687
33.0,0.5,0.14285714285714285,0.24275866
33.0,0.5714285714285714,0.14285714285714285,0.22731087
33.0,0.6428571428571428,0.14285714285714285,0.193441
33.0,0.7142857142857142,0.14285714285714285,0.15399522
33.0,0.7857142857142857,0.14285714285714285,0.1152106
33.0,0.8571428571428571,0.14285714285714285,0.07475296
33.0,0.9285714285714285,0.14285714285714285,0.029157713
33.0,1.0,0.14285714285714285,-0.022478573
33.0,0.0,0.21428571428571427,-0.021705333
33.0,0.07142857142857142,0.21428571428571427,0.046013035
33.0,0.14285714285714285,0.21428571428571427,0.112339795
33.0,0.21428571428571427,0.21428571428571427,0.17786026
33.0,0.2857142857142857,0.21428571428571427,0.242987
33.0,0.3571428571428571,0.21428571428571427,0.3048813
33.0,0.42857142857142855,0.21428571428571427,0.35229203
33.0,0.5,0.21428571428571427,0.36918733
33.0,0.5714285714285714,0.21428571428571427,0.34904057
33.0,0.6428571428571428,0.21428571428571427,0.30103824
33.0,0.7142857142857142,0.21428571428571427,0.24125642
33.0,0.7857142857142857,0.21428571428571427,0.17884561
33.0,0.8571428571428571,0.21428571428571427,0.11418357
33.0,0.9285714285714285,0.21428571428571427,0.04647254
33.0,1.0,0.21428571428571427,-0.02407638
33.0,0.0,0.2857142857142857,-0.023755517
33.0,0.07142857142857142,0.2857142857142857,0.06510142
33.0,0.14285714285714285,0.2857142857142857,0.15313658
33.0,0.21428571428571427,0.2857142857142857,0.24029648
33.0,0.2857142857142857,0.2857142857142857,0.32627785
33.0,0.3571428571428571,0.2857142857142857,0.40692997
33.0,0.42857142857142855,0.2857142857142857,0.4686194
33.0,0.5,0.2857142857142857,0.49205422
33.0,0.5714285714285714,0.2857142857142857,0.46823323
33.0,0.6428571428571428,0.2857142857142857,0.406887
33.0,0.7142857142857142,0.2857142857142857,0.32728088
33.0,0.7857142857142857,0.2857142857142857,0.24197096
33.0,0.8571428571428571,0.2857142857142857,0.1545783
33.0,0.9285714285714285,0.2857142857142857,0.06647727
33.0,1.0,0.2857142857142857,-0.021730438
33.0,0.0,0.3571428571428571,-0.022948131
33.0,0.07142857142857142,0.3571428571428571,0.08632325
33.0,0.14285714285714285,0.3571428571428571,0.19486904
33.0,0.21428571428571427,0.3571428571428571,0.30160388
33.0,0.2857142857142857,0.3571428571428571,0.40570998
33.0,0.3571428571428571,0.3571428571428571,0.50251555
33.0,0.42857142857142855,0.3571428571428571,0.57685405
33.0,0.5,0.3571428571428571,0.60622686
33.0,0.5714285714285714,0.3571428571428571,0.57869554
33.0,0.6428571428571428,0.3571428571428571,0.5046132
33.0,0.7142857142857142,0.3571428571428571,0.40682387
33.0,0.7857142857142857,0.3571428571428571,0.3015445
33.0,0.8571428571428571,0.3571428571428571,0.1951431
33.0,0.9285714285714285,0.3571428571428571,0.08987816
33.0,1.0,0.3571428571428571,-0.013740845
33.0,0.0,0.42857142857142855,-0.02067466
33.0,0.07142857142857142,0.42857142857142855,0.10456812
33.0,0.14285714285714285,0.42857142857142855,0.2292707
33.0,0.21428571428571427,0.42857142857142855,0.3511459
33.0,0.2857142857142857,0.42857142857142855,0.46909958
33.0,0.3571428571428571,0.42857142857142855,0.5785056
33.0,0.42857142857142855,0.42857142857142855,0.66291904
33.0,0.5,0.42857142857142855,0.6963364
33.0,0.5714285714285714,0.42857142857142855,0.6642734
33.0,0.6428571428571428,0.42857142857142855,0.57895994
33.0,0.7142857142857142,0.42857142857142855,0.4671773
33.0,0.7857142857142857,0.42857142857142855,0.34794626
33.0,0.8571428571428571,0.42857142857142855,0.22875205
33.0,0.9285714285714285,0.42857142857142855,0.11153527
33.0,1.0,0.42857142857142855,-0.0032110065
33.0,0.0,0.5,-0.01958239
33.0,0.07142857142857142,0.5,0.1112555
33.0,0.14285714285714285,0.5,0.24170774
33.0,0.21428571428571427,0.5,0.36918557
33.0,0.2857142857142857,0.5,0.49292982
33.0,0.3571428571428571,0.5,0.60869443
33.0,0.42857142857142855,0.5,0.6987331
33.0,0.5,0.5,0.73371553
33.0,0.5714285714285714,0.5,0.69811815
33.0,0.6428571428571428,0.5,0.6071883
33.0,0.7142857142857142,0.5,0.49029565
33.0,0.7857142857142857,0.5,0.36685795
33.0,0.8571428571428571,0.5,0.24374235
33.0,0.9285714285714285,0.5,0.1223531
33.0,1.0,0.5,0.0036089905
33.0,0.0,0.5714285714285714,-0.01978121
33.0,0.07142857142857142,0.5714285714285714,0.10439287
33.0,0.14285714285714285,0.5714285714285714,0.22770178
33.0,0.21428571428571427,0.5714285714285714,0.34832293
33.0,0.2857142857142857,0.5714285714285714,0.46618938
33.0,0.3571428571428571,0.5714285714285714,0.5777218
33.0,0.42857142857142855,0.5714285714285714,0.6652756
33.0,0.5,0.5714285714285714,0.6989244
33.0,0.5714285714285714,0.5714285714285714,0.6640339
33.0,0.6428571428571428,0.5714285714285714,0.57723075
33.0,0.7142857142857142,0.5714285714285714,0.46671167
33.0,0.7857142857142857,0.5714285714285714,0.34988293
33.0,0.8571428571428571,0.5714285714285714,0.23257664
33.0,0.9285714285714285,0.5714285714285714,0.11624239
33.0,1.0,0.5714285714285714,0.002353534
33.0,0.0,0.6428571428571428,-0.018899433
33.0,0.07142857142857142,0.6428571428571428,0.08984283
33.0,0.14285714285714285,0.6428571428571428,0.19684252
33.0,0.21428571428571427,0.6428571428571428,0.30155787
33.0,0.2857142857142857,0.6428571428571428,0.4044193
33.0,0.3571428571428571,0.6428571428571428,0.5022437
33.0,0.42857142857142855,0.6428571428571428,0.5791818
33.0,0.5,0.6428571428571428,0.6087339
33.0,0.5714285714285714,0.6428571428571428,0.57858783
33.0,0.6428571428571428,0.6428571428571428,0.50343275
33.0,0.7142857142857142,0.6428571428571428,0.4070099
33.0,0.7857142857142857,0.6428571428571428,0.30405807
33.0,0.8571428571428571,0.6428571428571428,0.19993868
33.0,0.9285714285714285,0.6428571428571428,0.0964048
33.0,1.0,0.6428571428571428,-0.005093366
33.0,0.0,0.7142857142857142,-0.015419029
33.0,0.07142857142857142,0.7142857142857142,0.072826706
33.0,0.14285714285714285,0.7142857142857142,0.15827829
33.0,0.21428571428571427,0.7142857142857142,0.2420358
33.0,0.2857142857142857,0.7142857142857142,0.32527116
33.0,0.3571428571428571,0.7142857142857142,0.4050635
33.0,0.42857142857142855,0.7142857142857142,0.4677694
33.0,0.5,0.7142857142857142,0.49218148
33.0,0.5714285714285714,0.7142857142857142,0.4687214
33.0,0.6428571428571428,0.7142857142857142,0.40832028
33.0,0.7142857142857142,0.7142857142857142,0.3293385
33.0,0.7857142857142857,0.7142857142857142,0.24418983
33.0,0.8571428571428571,0.7142857142857142,0.1579547
33.0,0.9285714285714285,0.7142857142857142,0.07214063
33.0,1.0,0.7142857142857142,-0.012640685
33.0,0.0,0.7857142857142857,-0.009734549
33.0,0.07142857142857142,0.7857142857142857,0.055411644
33.0,0.14285714285714285,0.7857142857142857,0.11675801
33.0,0.21428571428571427,0.7857142857142857,0.17733902
33.0,0.2857142857142857,0.7857142857142857,0.23941505
33.0,0.3571428571428571,0.7857142857142857,0.30016676
33.0,0.42857142857142855,0.7857142857142857,0.34783155
33.0,0.5,0.7857142857142857,0.36656103
33.0,0.5714285714285714,0.7857142857142857,0.3496051
33.0,0.6428571428571428,0.7857142857142857,0.30441824
33.0,0.7142857142857142,0.7857142857142857,0.24440047
33.0,0.7857142857142857,0.7857142857142857,0.17957428
33.0,0.8571428571428571,0.7857142857142857,0.11418293
33.0,0.9285714285714285,0.7857142857142857,0.048733175
33.0,1.0,0.7857142857142857,-0.017489329
33.0,0.0,0.8571428571428571,-0.003909223
33.0,0.07142857142857142,0.8571428571428571,0.03751225
33.0,0.14285714285714285,0.8571428571428571,0.074643895
33.0,0.21428571428571427,0.8571428571428571,0.11231997
33.0,0.2857142857142857,0.8571428571428571,0.15351856
33.0,0.3571428571428571,0.8571428571428571,0.19523448
33.0,0.42857142857142855,0.8571428571428571,0.22768897
33.0,0.5,0.8571428571428571,0.24010432
33.0,0.5714285714285714,0.8571428571428571,0.22854057
33.0,0.6428571428571428,0.8571428571428571,0.19795668
33.0,0.7142857142857142,0.8571428571428571,0.15731981
33.0,0.7857142857142857,0.8571428571428571,0.113667674
33.0,0.8571428571428571,0.8571428571428571,0.069729194
33.0,0.9285714285714285,0.8571428571428571,0.024873942
33.0,1.0,0.8571428571428571,-0.022724101
33.0,0.0,0.9285714285714285,-0.002198115
33.0,0.07142857142857142,0.9285714285714285,0.016290508
33.0,0.14285714285714285,0.9285714285714285,0.030701254
33.0,0.21428571428571427,0.9285714285714285,0.046832666
33.0,0.2857142857142857,0.9285714285714285,0.06764383
33.0,0.3571428571428571,0.9285714285714285,0.09041813
33.0,0.42857142857142855,0.9285714285714285,0.10828478
33.0,0.5,0.9285714285714285,0.11506399
33.0,0.5714285714285714,0.9285714285714285,0.10892584
33.0,0.6428571428571428,0.9285714285714285,0.0926615
33.0,0.7142857142857142,0.9285714285714285,0.071087204
33.0,0.7857142857142857,0.9285714285714285,0.047888465
33.0,0.8571428571428571,0.9285714285714285,0.024012819
33.0,0.9285714285714285,0.9285714285714285,-0.0019696318
33.0,1.0,0.9285714285714285,-0.032370068
33.0,0.0,1.0,-0.010574307
33.0,0.07142857142857142,1.0,-0.013391834
33.0,0.14285714285714285,1.0,-0.019546635
33.0,0.21428571428571427,1.0,-0.023258697
33.0,0.2857142857142857,1.0,-0.02175041
33.0,0.3571428571428571,1.0,-0.01634852
33.0,0.42857142857142855,1.0,-0.010441694
33.0,0.5,1.0,-0.0067879967
33.0,0.5714285714285714,1.0,-0.0064163767
33.0,0.6428571428571428,1.0,-0.008774709
33.0,0.7142857142857142,1.0,-0.012631241
33.0,0.7857142857142857,1.0,-0.017293282
33.0,0.8571428571428571,1.0,-0.02340945
33.0,0.9285714285714285,1.0,-0.032905377
33.0,1.0,1.0,-0.04813895
34.0,0.0,0.0,-0.024760325
34.0,0.07142857142857142,0.0,-0.018942825
34.0,0.14285714285714285,0.0,-0.01843359
34.0,0.21428571428571427,0.0,-0.02078652
34.0,0.2857142857142857,0.0,-0.022312932
34.0,0.3571428571428571,0.0,-0.01982478
34.0,0.42857142857142855,0.0,-0.014584124
34.0,0.5,0.0,-0.012091786
34.0,0.5714285714285714,0.0,-0.0151735395
34.0,0.6428571428571428,0.0,-0.020362439
34.0,0.7142857142857142,0.0,-0.021891149
34.0,0.7857142857142857,0.0,-0.018013027
34.0,0.8571428571428571,0.0,-0.013266228
34.0,0.9285714285714285,0.0,-0.014525754
34.0,1.0,0.0,-0.026131097
34.0,0.0,0.07142857142857142,-0.017981734
34.0,0.07142857142857142,0.07142857142857142,0.0076957233
34.0,0.14285714285714285,0.07142857142857142,0.029463638
34.0,0.21428571428571427,0.07142857142857142,0.04907787
34.0,0.2857142857142857,0.07142857142857142,0.06900257
34.0,0.3571428571428571,0.07142857142857142,0.09028755
34.0,0.42857142857142855,0.07142857142857142,0.10833407
34.0,0.5,0.07142857142857142,0.114441924
34.0,0.5714285714285714,0.07142857142857142,0.105122864
34.0,0.6428571428571428,0.07142857142857142,0.08609877
34.0,0.7142857142857142,0.07142857142857142,0.066514336
34.0,0.7857142857142857,0.07142857142857142,0.050287034
34.0,0.8571428571428571,0.07142857142857142,0.033688076
34.0,0.9285714285714285,0.07142857142857142,0.011070326
34.0,1.0,0.07142857142857142,-0.020245261
34.0,0.0,0.14285714285714285,-0.018062897
34.0,0.07142857142857142,0.14285714285714285,0.02813929
34.0,0.14285714285714285,0.14285714285714285,0.072002545
34.0,0.21428571428571427,0.14285714285714285,0.11464877
34.0,0.2857142857142857,0.14285714285714285,0.15730697
34.0,0.3571428571428571,0.14285714285714285,0.19877964
34.0,0.42857142857142855,0.14285714285714285,0.23098493
34.0,0.5,0.14285714285714285,0.24181905
34.0,0.5714285714285714,0.14285714285714285,0.22670841
34.0,0.6428571428571428,0.14285714285714285,0.19323409
34.0,0.7142857142857142,0.14285714285714285,0.15389031
34.0,0.7857142857142857,0.14285714285714285,0.115101136
34.0,0.8571428571428571,0.14285714285714285,0.07486724
34.0,0.9285714285714285,0.14285714285714285,0.029770672
34.0,1.0,0.14285714285714285,-0.021179877
34.0,0.0,0.21428571428571427,-0.02100847
34.0,0.07142857142857142,0.21428571428571427,0.046034243
34.0,0.14285714285714285,0.21428571428571427,0.11203793
34.0,0.21428571428571427,0.21428571428571427,0.17754754
34.0,0.2857142857142857,0.21428571428571427,0.24272183
34.0,0.3571428571428571,0.21428571428571427,0.30436766
34.0,0.42857142857142855,0.21428571428571427,0.35126737
34.0,0.5,0.21428571428571427,0.36797044
34.0,0.5714285714285714,0.21428571428571427,0.34820908
34.0,0.6428571428571428,0.21428571428571427,0.30071357
34.0,0.7142857142857142,0.21428571428571427,0.24110931
34.0,0.7857142857142857,0.21428571428571427,0.17869714
34.0,0.8571428571428571,0.21428571428571427,0.114184044
34.0,0.9285714285714285,0.21428571428571427,0.046879735
34.0,1.0,0.21428571428571427,-0.022991505
34.0,0.0,0.2857142857142857,-0.022846721
34.0,0.07142857142857142,0.2857142857142857,0.06518125
34.0,0.14285714285714285,0.2857142857142857,0.15287751
34.0,0.21428571428571427,0.2857142857142857,0.24010137
34.0,0.2857142857142857,0.2857142857142857,0.3261809
34.0,0.3571428571428571,0.2857142857142857,0.4065242
34.0,0.42857142857142855,0.2857142857142857,0.4675507
34.0,0.5,0.2857142857142857,0.49066603
34.0,0.5714285714285714,0.2857142857142857,0.46723306
34.0,0.6428571428571428,0.2857142857142857,0.4064987
34.0,0.7142857142857142,0.2857142857142857,0.32716095
34.0,0.7857142857142857,0.2857142857142857,0.24185607
34.0,0.8571428571428571,0.2857142857142857,0.15453663
34.0,0.9285714285714285,0.2857142857142857,0.066786684
34.0,1.0,0.2857142857142857,-0.020687494
34.0,0.0,0.3571428571428571,-0.021729149
34.0,0.07142857142857142,0.3571428571428571,0.08649109
34.0,0.14285714285714285,0.3571428571428571,0.19458038
34.0,0.21428571428571427,0.3571428571428571,0.30134588
34.0,0.2857142857142857,0.3571428571428571,0.4055133
34.0,0.3571428571428571,0.3571428571428571,0.5018911
34.0,0.42857142857142855,0.3571428571428571,0.5753586
34.0,0.5,0.3571428571428571,0.6042347
34.0,0.5714285714285714,0.3571428571428571,0.57709837
34.0,0.6428571428571428,0.3571428571428571,0.5038
34.0,0.7142857142857142,0.3571428571428571,0.40645579
34.0,0.7857142857142857,0.3571428571428571,0.30125648
34.0,0.8571428571428571,0.3571428571428571,0.19492435
34.0,0.9285714285714285,0.3571428571428571,0.09005556
34.0,1.0,0.3571428571428571,-0.012678657
34.0,0.0,0.42857142857142855,-0.019176714
34.0,0.07142857142857142,0.42857142857142855,0.104736626
34.0,0.14285714285714285,0.42857142857142855,0.22872722
34.0,0.21428571428571427,0.42857142857142855,0.3504418
34.0,0.2857142857142857,0.42857142857142855,0.46830127
34.0,0.3571428571428571,0.42857142857142855,0.57708985
34.0,0.42857142857142855,0.42857142857142855,0.66038007
34.0,0.5,0.42857142857142855,0.69312525
34.0,0.5714285714285714,0.42857142857142855,0.66154313
34.0,0.6428571428571428,0.42857142857142855,0.5773021
34.0,0.7142857142857142,0.42857142857142855,0.46624523
34.0,0.7857142857142857,0.42857142857142855,0.34725037
34.0,0.8571428571428571,0.42857142857142855,0.22820476
34.0,0.9285714285714285,0.42857142857142855,0.11151648
34.0,1.0,0.42857142857142855,-0.0021372698
34.0,0.0,0.5,-0.017982453
34.0,0.07142857142857142,0.5,0.11137277
34.0,0.14285714285714285,0.5,0.24094889
34.0,0.21428571428571427,0.5,0.36812162
34.0,0.2857142857142857,0.5,0.49165207
34.0,0.3571428571428571,0.5,0.6066638
34.0,0.42857142857142855,0.5,0.6954038
34.0,0.5,0.5,0.7296343
34.0,0.5714285714285714,0.5,0.6946632
34.0,0.6428571428571428,0.5,0.6050535
34.0,0.7142857142857142,0.5,0.489062
34.0,0.7857142857142857,0.5,0.36592138
34.0,0.8571428571428571,0.5,0.24298635
34.0,0.9285714285714285,0.5,0.12221562
34.0,1.0,0.5,0.0047082677
34.0,0.0,0.5714285714285714,-0.018251032
34.0,0.07142857142857142,0.5714285714285714,0.10454031
34.0,0.14285714285714285,0.5714285714285714,0.227072
34.0,0.21428571428571427,0.5714285714285714,0.34745649
34.0,0.2857142857142857,0.5714285714285714,0.46516734
34.0,0.3571428571428571,0.5714285714285714,0.57604176
34.0,0.42857142857142855,0.5714285714285714,0.66242766
34.0,0.5,0.5714285714285714,0.69546
34.0,0.5714285714285714,0.5714285714285714,0.6612699
34.0,0.6428571428571428,0.5714285714285714,0.5757214
34.0,0.7142857142857142,0.5714285714285714,0.46593645
34.0,0.7857142857142857,0.5714285714285714,0.34921923
34.0,0.8571428571428571,0.5714285714285714,0.23196086
34.0,0.9285714285714285,0.5714285714285714,0.11618083
34.0,1.0,0.5714285714285714,0.0035077855
34.0,0.0,0.6428571428571428,-0.017497025
34.0,0.07142857142857142,0.6428571428571428,0.090089165
34.0,0.14285714285714285,0.6428571428571428,0.19651043
34.0,0.21428571428571427,0.6428571428571428,0.3010969
34.0,0.2857142857142857,0.6428571428571428,0.40387127
34.0,0.3571428571428571,0.6428571428571428,0.50122476
34.0,0.42857142857142855,0.6428571428571428,0.5773509
34.0,0.5,0.6428571428571428,0.60657305
34.0,0.5714285714285714,0.6428571428571428,0.5770846
34.0,0.6428571428571428,0.6428571428571428,0.5028822
34.0,0.7142857142857142,0.6428571428571428,0.4068724
34.0,0.7857142857142857,0.6428571428571428,0.30380046
34.0,0.8571428571428571,0.6428571428571428,0.19957423
34.0,0.9285714285714285,0.6428571428571428,0.09645682
34.0,1.0,0.6428571428571428,-0.003965609
34.0,0.0,0.7142857142857142,-0.014115527
34.0,0.07142857142857142,0.7142857142857142,0.07317638
34.0,0.14285714285714285,0.7142857142857142,0.15818149
34.0,0.21428571428571427,0.7142857142857142,0.24182716
34.0,0.2857142857142857,0.7142857142857142,0.32494757
34.0,0.3571428571428571,0.7142857142857142,0.4043668
34.0,0.42857142857142855,0.7142857142857142,0.46654743
34.0,0.5,0.7142857142857142,0.49082416
34.0,0.5714285714285714,0.7142857142857142,0.46787202
34.0,0.6428571428571428,0.7142857142857142,0.40810746
34.0,0.7142857142857142,0.7142857142857142,0.32933512
34.0,0.7857142857142857,0.7142857142857142,0.24400863
34.0,0.8571428571428571,0.7142857142857142,0.15764725
34.0,0.9285714285714285,0.7142857142857142,0.07216906
34.0,1.0,0.7142857142857142,-0.011687156
34.0,0.0,0.7857142857142857,-0.00846836
34.0,0.07142857142857142,0.7857142857142857,0.055858
34.0,0.14285714285714285,0.7857142857142857,0.116808556
34.0,0.21428571428571427,0.7857142857142857,0.17723742
34.0,0.2857142857142857,0.7857142857142857,0.23913637
34.0,0.3571428571428571,0.7857142857142857,0.29954362
34.0,0.42857142857142855,0.7857142857142857,0.3468255
34.0,0.5,0.7857142857142857,0.36547142
34.0,0.5714285714285714,0.7857142857142857,0.34884557
34.0,0.6428571428571428,0.7857142857142857,0.30408117
34.0,0.7142857142857142,0.7857142857142857,0.24423146
34.0,0.7857142857142857,0.7857142857142857,0.1793276
34.0,0.8571428571428571,0.7857142857142857,0.1139018
34.0,0.9285714285714285,0.7857142857142857,0.04876613
34.0,1.0,0.7857142857142857,-0.016666457
34.0,0.0,0.8571428571428571,-0.0026360676
34.0,0.07142857142857142,0.8571428571428571,0.03807103
34.0,0.14285714285714285,0.8571428571428571,0.07485402
34.0,0.21428571428571427,0.8571428571428571,0.11237983
34.0,0.2857142857142857,0.8571428571428571,0.15340677
34.0,0.3571428571428571,0.8571428571428571,0.19483799
34.0,0.42857142857142855,0.8571428571428571,0.22700447
34.0,0.5,0.8571428571428571,0.2393355
34.0,0.5714285714285714,0.8571428571428571,0.22795326
34.0,0.6428571428571428,0.8571428571428571,0.19764459
34.0,0.7142857142857142,0.8571428571428571,0.15717188
34.0,0.7857142857142857,0.8571428571428571,0.11355039
34.0,0.8571428571428571,0.8571428571428571,0.069673814
34.0,0.9285714285714285,0.8571428571428571,0.025125083
34.0,1.0,0.8571428571428571,-0.021806264
34.0,0.0,0.9285714285714285,-0.00088699907
34.0,0.07142857142857142,0.9285714285714285,0.017040297
34.0,0.14285714285714285,0.9285714285714285,0.03123137
34.0,0.21428571428571427,0.9285714285714285,0.04733024
34.0,0.2857142857142857,0.9285714285714285,0.06810416
34.0,0.3571428571428571,0.9285714285714285,0.09074979
34.0,0.42857142857142855,0.9285714285714285,0.108453535
34.0,0.5,0.9285714285714285,0.11514937
34.0,0.5714285714285714,0.9285714285714285,0.10905405
34.0,0.6428571428571428,0.9285714285714285,0.09289256
34.0,0.7142857142857142,0.9285714285714285,0.071386635
34.0,0.7857142857142857,0.9285714285714285,0.0482063
34.0,0.8571428571428571,0.9285714285714285,0.024396636
34.0,0.9285714285714285,0.9285714285714285,-0.0013294332
34.0,1.0,0.9285714285714285,-0.031189267
34.0,0.0,1.0,-0.009139936
34.0,0.07142857142857142,1.0,-0.012275588
34.0,0.14285714285714285,1.0,-0.018418077
34.0,0.21428571428571427,1.0,-0.021939468
34.0,0.2857142857142857,1.0,-0.020241298
34.0,0.3571428571428571,1.0,-0.014757751
34.0,0.42857142857142855,1.0,-0.008882698
34.0,0.5,1.0,-0.0053234734
34.0,0.5714285714285714,1.0,-0.005058922
34.0,0.6428571428571428,1.0,-0.007525943
34.0,0.7142857142857142,1.0,-0.011502486
34.0,0.7857142857142857,1.0,-0.016278138
34.0,0.8571428571428571,1.0,-0.022431893
34.0,0.9285714285714285,1.0,-0.031788595
34.0,1.0,1.0,-0.046634775
35.0,0.0,0.0,-0.023877459
35.0,0.07142857142857142,0.0,-0.018278904
35.0,0.14285714285714285,0.0,-0.017843522
35.0,0.21428571428571427,0.0,-0.02010329
35.0,0.2857142857142857,0.0,-0.021418706
35.0,0.3571428571428571,0.0,-0.018767562
35.0,0.42857142857142855,0.0,-0.0135117695
35.0,0.5,0.0,-0.010992125
35.0,0.5714285714285714,0.0,-0.01393066
35.0,0.6428571428571428,0.0,-0.019034514
35.0,0.7142857142857142,0.0,-0.020674985
35.0,0.7857142857142857,0.0,-0.016933845
35.0,0.8571428571428571,0.0,-0.012053647
35.0,0.9285714285714285,0.0,-0.012840515
35.0,1.0,0.0,-0.023794152
35.0,0.0,0.07142857142857142,-0.017305013
35.0,0.07142857142857142,0.07142857142857142,0.008001205
35.0,0.14285714285714285,0.07142857142857142,0.029572345
35.0,0.21428571428571427,0.07142857142857142,0.04916679
35.0,0.2857142857142857,0.07142857142857142,0.069152676
35.0,0.3571428571428571,0.07142857142857142,0.09037738
35.0,0.42857142857142855,0.07142857142857142,0.10821032
35.0,0.5,0.07142857142857142,0.11425903
35.0,0.5714285714285714,0.07142857142857142,0.10517378
35.0,0.6428571428571428,0.07142857142857142,0.0863961
35.0,0.7142857142857142,0.07142857142857142,0.06682385
35.0,0.7857142857142857,0.07142857142857142,0.050544426
35.0,0.8571428571428571,0.07142857142857142,0.03414798
35.0,0.9285714285714285,0.07142857142857142,0.01204269
35.0,1.0,0.07142857142857142,-0.018593606
35.0,0.0,0.14285714285714285,-0.017469082
35.0,0.07142857142857142,0.14285714285714285,0.02822074
35.0,0.14285714285714285,0.14285714285714285,0.07181208
35.0,0.21428571428571427,0.14285714285714285,0.1144033
35.0,0.2857142857142857,0.14285714285714285,0.15706283
35.0,0.3571428571428571,0.14285714285714285,0.19833961
35.0,0.42857142857142855,0.14285714285714285,0.2301729
35.0,0.5,0.14285714285714285,0.24089521
35.0,0.5714285714285714,0.14285714285714285,0.22610655
35.0,0.6428571428571428,0.14285714285714285,0.19302163
35.0,0.7142857142857142,0.14285714285714285,0.15379214
35.0,0.7857142857142857,0.14285714285714285,0.114997946
35.0,0.8571428571428571,0.14285714285714285,0.07495966
35.0,0.9285714285714285,0.14285714285714285,0.030326523
35.0,1.0,0.14285714285714285,-0.019966386
35.0,0.0,0.21428571428571427,-0.02034773
35.0,0.07142857142857142,0.21428571428571427,0.04605691
35.0,0.14285714285714285,0.21428571428571427,0.11177048
35.0,0.21428571428571427,0.21428571428571427,0.17727223
35.0,0.2857142857142857,0.21428571428571427,0.24246892
35.0,0.3571428571428571,0.21428571428571427,0.30384815
35.0,0.42857142857142855,0.21428571428571427,0.35025045
35.0,0.5,0.21428571428571427,0.36677095
35.0,0.5714285714285714,0.21428571428571427,0.347375
35.0,0.6428571428571428,0.21428571428571427,0.30037645
35.0,0.7142857142857142,0.21428571428571427,0.24096671
35.0,0.7857142857142857,0.21428571428571427,0.17856497
35.0,0.8571428571428571,0.21428571428571427,0.11418488
35.0,0.9285714285714285,0.21428571428571427,0.04725364
35.0,1.0,0.21428571428571427,-0.021976594
35.0,0.0,0.2857142857142857,-0.02197703
35.0,0.07142857142857142,0.2857142857142857,0.065270215
35.0,0.14285714285714285,0.2857142857142857,0.1526629
35.0,0.21428571428571427,0.2857142857142857,0.23994201
35.0,0.2857142857142857,0.2857142857142857,0.32607877
35.0,0.3571428571428571,0.2857142857142857,0.4060908
35.0,0.42857142857142855,0.2857142857142857,0.4664746
35.0,0.5,0.2857142857142857,0.48928505
35.0,0.5714285714285714,0.2857142857142857,0.46621603
35.0,0.6428571428571428,0.2857142857142857,0.40607834
35.0,0.7142857142857142,0.2857142857142857,0.3270308
35.0,0.7857142857142857,0.2857142857142857,0.24175665
35.0,0.8571428571428571,0.2857142857142857,0.1545085
35.0,0.9285714285714285,0.2857142857142857,0.067076035
35.0,1.0,0.2857142857142857,-0.019708801
35.0,0.0,0.3571428571428571,-0.020560034
35.0,0.07142857142857142,0.3571428571428571,0.08665979
35.0,0.14285714285714285,0.3571428571428571,0.19432607
35.0,0.21428571428571427,0.3571428571428571,0.30110624
35.0,0.2857142857142857,0.3571428571428571,0.4052891
35.0,0.3571428571428571,0.3571428571428571,0.5012204
35.0,0.42857142857142855,0.3571428571428571,0.5738506
35.0,0.5,0.3571428571428571,0.60225415
35.0,0.5714285714285714,0.3571428571428571,0.575486
35.0,0.6428571428571428,0.3571428571428571,0.50294757
35.0,0.7142857142857142,0.3571428571428571,0.40607154
35.0,0.7857142857142857,0.3571428571428571,0.30098745
35.0,0.8571428571428571,0.3571428571428571,0.1947282
35.0,0.9285714285714285,0.3571428571428571,0.090216525
35.0,1.0,0.3571428571428571,-0.011685841
35.0,0.0,0.42857142857142855,-0.017745174
35.0,0.07142857142857142,0.42857142857142855,0.10488628
35.0,0.14285714285714285,0.42857142857142855,0.22820234
35.0,0.21428571428571427,0.42857142857142855,0.34974748
35.0,0.2857142857142857,0.42857142857142855,0.4674773
35.0,0.3571428571428571,0.42857142857142855,0.5756438
35.0,0.42857142857142855,0.42857142857142855,0.6578607
35.0,0.5,0.42857142857142855,0.68997
35.0,0.5714285714285714,0.42857142857142855,0.6588378
35.0,0.6428571428571428,0.42857142857142855,0.57563275
35.0,0.7142857142857142,0.42857142857142855,0.46531558
35.0,0.7857142857142857,0.42857142857142855,0.34658667
35.0,0.8571428571428571,0.42857142857142855,0.22768751
35.0,0.9285714285714285,0.42857142857142855,0.11147736
35.0,1.0,0.42857142857142855,-0.0011451915
35.0,0.0,0.5,-0.016464703
35.0,0.07142857142857142,0.5,0.111455515
35.0,0.14285714285714285,0.5,0.2401984
35.0,0.21428571428571427,0.5,0.36707067
35.0,0.2857142857142857,0.5,0.4903643
35.0,0.3571428571428571,0.5,0.60462683
35.0,0.42857142857142855,0.5,0.6921266
35.0,0.5,0.5,0.72564805
35.0,0.5714285714285714,0.5,0.6912686
35.0,0.6428571428571428,0.5,0.60293007
35.0,0.7142857142857142,0.5,0.4878421
35.0,0.7857142857142857,0.5,0.36502114
35.0,0.8571428571428571,0.5,0.2422567
35.0,0.9285714285714285,0.5,0.12204742
35.0,1.0,0.5,0.005712118
35.0,0.0,0.5714285714285714,-0.016808286
35.0,0.07142857142857142,0.5714285714285714,0.10464913
35.0,0.14285714285714285,0.5714285714285714,0.2264463
35.0,0.21428571428571427,0.5714285714285714,0.34660035
35.0,0.2857142857142857,0.5714285714285714,0.46413368
35.0,0.3571428571428571,0.5714285714285714,0.57434714
35.0,0.42857142857142855,0.5714285714285714,0.65960807
35.0,0.5,0.5714285714285714,0.6920552
35.0,0.5714285714285714,0.5714285714285714,0.65852916
35.0,0.6428571428571428,0.5714285714285714,0.57419145
35.0,0.7142857142857142,0.5714285714285714,0.46514755
35.0,0.7857142857142857,0.5714285714285714,0.34856957
35.0,0.8571428571428571,0.5714285714285714,0.2313557
35.0,0.9285714285714285,0.5714285714285714,0.11607825
35.0,1.0,0.5714285714285714,0.0045577697
35.0,0.0,0.6428571428571428,-0.016181044
35.0,0.07142857142857142,0.6428571428571428,0.09030129
35.0,0.14285714285714285,0.6428571428571428,0.19618553
35.0,0.21428571428571427,0.6428571428571428,0.30064937
35.0,0.2857142857142857,0.6428571428571428,0.40331763
35.0,0.3571428571428571,0.6428571428571428,0.5001899
35.0,0.42857142857142855,0.6428571428571428,0.5755234
35.0,0.5,0.6428571428571428,0.6044242
35.0,0.5714285714285714,0.6428571428571428,0.57555795
35.0,0.6428571428571428,0.6428571428571428,0.5022777
35.0,0.7142857142857142,0.6428571428571428,0.40669942
35.0,0.7857142857142857,0.6428571428571428,0.3035439
35.0,0.8571428571428571,0.6428571428571428,0.19921666
35.0,0.9285714285714285,0.6428571428571428,0.0964738
35.0,1.0,0.6428571428571428,-0.0029330775
35.0,0.0,0.7142857142857142,-0.012899108
35.0,0.07142857142857142,0.7142857142857142,0.07349705
35.0,0.14285714285714285,0.7142857142857142,0.15810156
35.0,0.21428571428571427,0.7142857142857142,0.24164838
35.0,0.2857142857142857,0.7142857142857142,0.32464543
35.0,0.3571428571428571,0.7142857142857142,0.40368578
35.0,0.42857142857142855,0.7142857142857142,0.46534637
35.0,0.5,0.7142857142857142,0.48948348
35.0,0.5714285714285714,0.7142857142857142,0.46700838
35.0,0.6428571428571428,0.7142857142857142,0.40785983
35.0,0.7142857142857142,0.7142857142857142,0.32931396
35.0,0.7857142857142857,0.7142857142857142,0.24384126
35.0,0.8571428571428571,0.7142857142857142,0.15735927
35.0,0.9285714285714285,0.7142857142857142,0.07217851
35.0,1.0,0.7142857142857142,-0.010811813
35.0,0.0,0.7857142857142857,-0.007299274
35.0,0.07142857142857142,0.7857142857142857,0.056270152
35.0,0.14285714285714285,0.7857142857142857,0.11687716
35.0,0.21428571428571427,0.7857142857142857,0.17717862
35.0,0.2857142857142857,0.7857142857142857,0.23890471
35.0,0.3571428571428571,0.7857142857142857,0.29896814
35.0,0.42857142857142855,0.7857142857142857,0.3458691
35.0,0.5,0.7857142857142857,0.36442304
35.0,0.5714285714285714,0.7857142857142857,0.34810442
35.0,0.6428571428571428,0.7857142857142857,0.3037457
35.0,0.7142857142857142,0.7857142857142857,0.24407136
35.0,0.7857142857142857,0.7857142857142857,0.17910606
35.0,0.8571428571428571,0.7857142857142857,0.11364209
35.0,0.9285714285714285,0.7857142857142857,0.04878296
35.0,1.0,0.7857142857142857,-0.01591628
35.0,0.0,0.8571428571428571,-0.0014800876
35.0,0.07142857142857142,0.8571428571428571,0.03857793
35.0,0.14285714285714285,0.8571428571428571,0.07506699
35.0,0.21428571428571427,0.8571428571428571,0.112471156
35.0,0.2857142857142857,0.8571428571428571,0.15333438
35.0,0.3571428571428571,0.8571428571428571,0.19448161
35.0,0.42857142857142855,0.8571428571428571,0.22636092
35.0,0.5,0.8571428571428571,0.23860228
35.0,0.5714285714285714,0.8571428571428571,0.22738847
35.0,0.6428571428571428,0.8571428571428571,0.1973446
35.0,0.7142857142857142,0.8571428571428571,0.15703654
35.0,0.7857142857142857,0.8571428571428571,0.11345025
35.0,0.8571428571428571,0.8571428571428571,0.069626115
35.0,0.9285714285714285,0.8571428571428571,0.025349557
35.0,1.0,0.8571428571428571,-0.020964969
35.0,0.0,0.9285714285714285,0.00028496608
35.0,0.07142857142857142,0.9285714285714285,0.017713163
35.0,0.14285714285714285,0.9285714285714285,0.031733356
35.0,0.21428571428571427,0.9285714285714285,0.04782074
35.0,0.2857142857142857,0.9285714285714285,0.06855811
35.0,0.3571428571428571,0.9285714285714285,0.09107029
35.0,0.42857142857142855,0.9285714285714285,0.10860864
35.0,0.5,0.9285714285714285,0.115221165
35.0,0.5714285714285714,0.9285714285714285,0.10916665
35.0,0.6428571428571428,0.9285714285714285,0.09310714
35.0,0.7142857142857142,0.9285714285714285,0.071673125
35.0,0.7857142857142857,0.9285714285714285,0.048515808
35.0,0.8571428571428571,0.9285714285714285,0.024764735
35.0,0.9285714285714285,0.9285714285714285,-0.00072972104
35.0,1.0,0.9285714285714285,-0.030085962
35.0,0.0,1.0,-0.007857472
35.0,0.07142857142857142,1.0,-0.011258166
35.0,0.14285714285714285,1.0,-0.017355662
35.0,0.21428571428571427,1.0,-0.020680096
35.0,0.2857142857142857,1.0,-0.018803323
35.0,0.3571428571428571,1.0,-0.013251439
35.0,0.42857142857142855,1.0,-0.007414989
35.0,0.5,1.0,-0.0039471015
35.0,0.5714285714285714,1.0,-0.00378187
35.0,0.6428571428571428,1.0,-0.006347604
35.0,0.7142857142857142,1.0,-0.010431573
35.0,0.7857142857142857,1.0,-0.015309578
35.0,0.8571428571428571,1.0,-0.021498794
35.0,0.9285714285714285,1.0,-0.030727671
35.0,1.0,1.0,-0.04520768
36.0,0.0,0.0,-0.023055244
36.0,0.07142857142857142,0.0,-0.017666087
36.0,0.14285714285714285,0.0,-0.017287526
36.0,0.21428571428571427,0.0,-0.019436914
36.0,0.2857142857142857,0.0,-0.02053484
36.0,0.3571428571428571,0.0,-0.017728392
36.0,0.42857142857142855,0.0,-0.01246836
36.0,0.5,0.0,-0.009934023
36.0,0.5714285714285714,0.0,-0.012744218
36.0,0.6428571428571428,0.0,-0.017766176
36.0,0.7142857142857142,0.0,-0.019512285
36.0,0.7857142857142857,0.0,-0.01591625
36.0,0.8571428571428571,0.0,-0.010933735
36.0,0.9285714285714285,0.0,-0.011281738
36.0,1.0,0.0,-0.02160196
36.0,0.0,0.07142857142857142,-0.016682442
36.0,0.07142857142857142,0.07142857142857142,0.008268483
36.0,0.14285714285714285,0.07142857142857142,0.02966319
36.0,0.21428571428571427,0.07142857142857142,0.04925275
36.0,0.2857142857142857,0.07142857142857142,0.06930029
36.0,0.3571428571428571,0.07142857142857142,0.09045934
36.0,0.42857142857142855,0.07142857142857142,0.108080894
36.0,0.5,0.07142857142857142,0.11406901
36.0,0.5714285714285714,0.07142857142857142,0.10520426
36.0,0.6428571428571428,0.07142857142857142,0.086667426
36.0,0.7142857142857142,0.07142857142857142,0.067114934
36.0,0.7857142857142857,0.07142857142857142,0.050776698
36.0,0.8571428571428571,0.07142857142857142,0.034550115
36.0,0.9285714285714285,0.07142857142857142,0.012918575
36.0,1.0,0.07142857142857142,-0.017064016
36.0,0.0,0.14285714285714285,-0.016920827
36.0,0.07142857142857142,0.14285714285714285,0.02828436
36.0,0.14285714285714285,0.14285714285714285,0.07163114
36.0,0.21428571428571427,0.14285714285714285,0.11417847
36.0,0.2857142857142857,0.14285714285714285,0.15682948
36.0,0.3571428571428571,0.14285714285714285,0.19790187
36.0,0.42857142857142855,0.14285714285714285,0.22937426
36.0,0.5,0.14285714285714285,0.23998836
36.0,0.5714285714285714,0.14285714285714285,0.22550547
36.0,0.6428571428571428,0.14285714285714285,0.19280174
36.0,0.7142857142857142,0.14285714285714285,0.15369755
36.0,0.7857142857142857,0.14285714285714285,0.11489736
36.0,0.8571428571428571,0.14285714285714285,0.07502782
36.0,0.9285714285714285,0.14285714285714285,0.030819051
36.0,1.0,0.14285714285714285,-0.018849146
36.0,0.0,0.21428571428571427,-0.019727036
36.0,0.07142857142857142,0.21428571428571427,0.046080828
36.0,0.14285714285714285,0.21428571428571427,0.111536734
36.0,0.21428571428571427,0.21428571428571427,0.17703241
36.0,0.2857142857142857,0.21428571428571427,0.24222744
36.0,0.3571428571428571,0.21428571428571427,0.3033257
36.0,0.42857142857142855,0.21428571428571427,0.34924614
36.0,0.5,0.21428571428571427,0.36559173
36.0,0.5714285714285714,0.21428571428571427,0.34654096
36.0,0.6428571428571428,0.21428571428571427,0.30002657
36.0,0.7142857142857142,0.21428571428571427,0.24082679
36.0,0.7857142857142857,0.21428571428571427,0.17844489
36.0,0.8571428571428571,0.21428571428571427,0.11418422
36.0,0.9285714285714285,0.21428571428571427,0.04759033
36.0,1.0,0.21428571428571427,-0.021039452
36.0,0.0,0.2857142857142857,-0.021150544
36.0,0.07142857142857142,0.2857142857142857,0.06536797
36.0,0.14285714285714285,0.2857142857142857,0.15248957
36.0,0.21428571428571427,0.2857142857142857,0.23981369
36.0,0.2857142857142857,0.2857142857142857,0.32597005
36.0,0.3571428571428571,0.2857142857142857,0.40563285
36.0,0.42857142857142855,0.2857142857142857,0.4653963
36.0,0.5,0.2857142857142857,0.48791564
36.0,0.5714285714285714,0.2857142857142857,0.4651866
36.0,0.6428571428571428,0.2857142857142857,0.40562823
36.0,0.7142857142857142,0.2857142857142857,0.32688993
36.0,0.7857142857142857,0.2857142857142857,0.24166948
36.0,0.8571428571428571,0.2857142857142857,0.1544913
36.0,0.9285714285714285,0.2857142857142857,0.06734232
36.0,1.0,0.2857142857142857,-0.018801525
36.0,0.0,0.3571428571428571,-0.019446813
36.0,0.07142857142857142,0.3571428571428571,0.086827286
36.0,0.14285714285714285,0.3571428571428571,0.19410136
36.0,0.21428571428571427,0.3571428571428571,0.3008798
36.0,0.2857142857142857,0.3571428571428571,0.4050378
36.0,0.3571428571428571,0.3571428571428571,0.5005106
36.0,0.42857142857142855,0.3571428571428571,0.5723369
36.0,0.5,0.3571428571428571,0.60029083
36.0,0.5714285714285714,0.3571428571428571,0.57386494
36.0,0.6428571428571428,0.3571428571428571,0.50206256
36.0,0.7142857142857142,0.3571428571428571,0.40567285
36.0,0.7857142857142857,0.3571428571428571,0.3007342
36.0,0.8571428571428571,0.3571428571428571,0.19455135
36.0,0.9285714285714285,0.3571428571428571,0.090358235
36.0,1.0,0.3571428571428571,-0.010768678
36.0,0.0,0.42857142857142855,-0.016389161
36.0,0.07142857142857142,0.42857142857142855,0.105013244
36.0,0.14285714285714285,0.42857142857142855,0.22769049
36.0,0.21428571428571427,0.42857142857142855,0.34905928
36.0,0.2857142857142857,0.42857142857142855,0.46662962
36.0,0.3571428571428571,0.42857142857142855,0.57417464
36.0,0.42857142857142855,0.42857142857142855,0.6553675
36.0,0.5,0.42857142857142855,0.6868749
36.0,0.5714285714285714,0.42857142857142855,0.6561643
36.0,0.6428571428571428,0.42857142857142855,0.57395774
36.0,0.7142857142857142,0.42857142857142855,0.46438846
36.0,0.7857142857142857,0.42857142857142855,0.3459514
36.0,0.8571428571428571,0.42857142857142855,0.22719687
36.0,0.9285714285714285,0.42857142857142855,0.11141613
36.0,1.0,0.42857142857142855,-0.0002387315
36.0,0.0,0.5,-0.015038423
36.0,0.07142857142857142,0.5,0.111500815
36.0,0.14285714285714285,0.5,0.23945424
36.0,0.21428571428571427,0.5,0.36603066
36.0,0.2857142857142857,0.5,0.48906922
36.0,0.3571428571428571,0.5,0.6025911
36.0,0.42857142857142855,0.5,0.6889078
36.0,0.5,0.5,0.72176033
36.0,0.5714285714285714,0.5,0.6879398
36.0,0.6428571428571428,0.5,0.60082406
36.0,0.7142857142857142,0.5,0.48663595
36.0,0.7857142857142857,0.5,0.3641523
36.0,0.8571428571428571,0.5,0.24155039
36.0,0.9285714285714285,0.5,0.121848576
36.0,1.0,0.5,0.0066165775
36.0,0.0,0.5714285714285714,-0.015460797
36.0,0.07142857142857142,0.5714285714285714,0.10471854
36.0,0.14285714285714285,0.5714285714285714,0.22582567
36.0,0.21428571428571427,0.5714285714285714,0.34575516
36.0,0.2857142857142857,0.5714285714285714,0.46309316
36.0,0.3571428571428571,0.5714285714285714,0.5726468
36.0,0.42857142857142855,0.5714285714285714,0.6568256
36.0,0.5,0.5714285714285714,0.6887165
36.0,0.5714285714285714,0.5714285714285714,0.6558187
36.0,0.6428571428571428,0.5714285714285714,0.5726463
36.0,0.7142857142857142,0.5714285714285714,0.46434563
36.0,0.7857142857142857,0.5714285714285714,0.3479316
36.0,0.8571428571428571,0.5714285714285714,0.23076034
36.0,0.9285714285714285,0.5714285714285714,0.1159366
36.0,1.0,0.5714285714285714,0.0055019334
36.0,0.0,0.6428571428571428,-0.014956281
36.0,0.07142857142857142,0.6428571428571428,0.09048057
36.0,0.14285714285714285,0.6428571428571428,0.19587061
36.0,0.21428571428571427,0.6428571428571428,0.30021688
36.0,0.2857142857142857,0.6428571428571428,0.4027624
36.0,0.3571428571428571,0.6428571428571428,0.49914795
36.0,0.42857142857142855,0.6428571428571428,0.57370764
36.0,0.5,0.6428571428571428,0.6022939
36.0,0.5714285714285714,0.6428571428571428,0.5740144
36.0,0.6428571428571428,0.6428571428571428,0.5016241
36.0,0.7142857142857142,0.6428571428571428,0.40649018
36.0,0.7857142857142857,0.6428571428571428,0.30328527
36.0,0.8571428571428571,0.6428571428571428,0.19886553
36.0,0.9285714285714285,0.6428571428571428,0.09645837
36.0,1.0,0.6428571428571428,-0.0019971505
36.0,0.0,0.7142857142857142,-0.011773236
36.0,0.07142857142857142,0.7142857142857142,0.07378965
36.0,0.14285714285714285,0.7142857142857142,0.15803924
36.0,0.21428571428571427,0.7142857142857142,0.24149984
36.0,0.2857142857142857,0.7142857142857142,0.324367
36.0,0.3571428571428571,0.7142857142857142,0.4030248
36.0,0.42857142857142855,0.7142857142857142,0.46417028
36.0,0.5,0.7142857142857142,0.48816013
36.0,0.5714285714285714,0.7142857142857142,0.46613222
36.0,0.6428571428571428,0.7142857142857142,0.40757757
36.0,0.7142857142857142,0.7142857142857142,0.32927242
36.0,0.7857142857142857,0.7142857142857142,0.24368489
36.0,0.8571428571428571,0.7142857142857142,0.15708977
36.0,0.9285714285714285,0.7142857142857142,0.07217092
36.0,1.0,0.7142857142857142,-0.0100155845
36.0,0.0,0.7857142857142857,-0.00623136
36.0,0.07142857142857142,0.7857142857142857,0.056648053
36.0,0.14285714285714285,0.7857142857142857,0.11696326
36.0,0.21428571428571427,0.7857142857142857,0.1771599
36.0,0.2857142857142857,0.7857142857142857,0.23871827
36.0,0.3571428571428571,0.7857142857142857,0.29843974
36.0,0.42857142857142855,0.7857142857142857,0.3449611
36.0,0.5,0.7857142857142857,0.3634142
36.0,0.5714285714285714,0.7857142857142857,0.3473793
36.0,0.6428571428571428,0.7857142857142857,0.30340955
36.0,0.7142857142857142,0.7857142857142857,0.24391651
36.0,0.7857142857142857,0.7857142857142857,0.17890614
36.0,0.8571428571428571,0.7857142857142857,0.11340215
36.0,0.9285714285714285,0.7857142857142857,0.048783906
36.0,1.0,0.7857142857142857,-0.015240304
36.0,0.0,0.8571428571428571,-0.00044796616
36.0,0.07142857142857142,0.8571428571428571,0.039029717
36.0,0.14285714285714285,0.8571428571428571,0.07527833
36.0,0.21428571428571427,0.8571428571428571,0.11258842
36.0,0.2857142857142857,0.8571428571428571,0.15329686
36.0,0.3571428571428571,0.8571428571428571,0.1941629
36.0,0.42857142857142855,0.8571428571428571,0.22575524
36.0,0.5,0.8571428571428571,0.2379016
36.0,0.5714285714285714,0.8571428571428571,0.2268427
36.0,0.6428571428571428,0.8571428571428571,0.19705182
36.0,0.7142857142857142,0.8571428571428571,0.15690926
36.0,0.7857142857142857,0.8571428571428571,0.11336284
36.0,0.8571428571428571,0.8571428571428571,0.06958231
36.0,0.9285714285714285,0.8571428571428571,0.025544621
36.0,1.0,0.8571428571428571,-0.020203307
36.0,0.0,0.9285714285714285,0.0013102666
36.0,0.07142857142857142,0.9285714285714285,0.018303297
36.0,0.14285714285714285,0.9285714285714285,0.032198176
36.0,0.21428571428571427,0.9285714285714285,0.048295286
36.0,0.2857142857142857,0.9285714285714285,0.06899865
36.0,0.3571428571428571,0.9285714285714285,0.091374286
36.0,0.42857142857142855,0.9285714285714285,0.10874659
36.0,0.5,0.9285714285714285,0.1152749
36.0,0.5714285714285714,0.9285714285714285,0.10925906
36.0,0.6428571428571428,0.9285714285714285,0.09330059
36.0,0.7142857142857142,0.9285714285714285,0.071941234
36.0,0.7857142857142857,0.9285714285714285,0.048810065
36.0,0.8571428571428571,0.9285714285714285,0.02511134
36.0,0.9285714285714285,0.9285714285714285,-0.00017571263
36.0,1.0,0.9285714285714285,-0.02906721
36.0,0.0,1.0,-0.0067359954
36.0,0.07142857142857142,1.0,-0.010350529
36.0,0.14285714285714285,1.0,-0.016371937
36.0,0.21428571428571427,1.0,-0.019493155
36.0,0.2857142857142857,1.0,-0.017447067
36.0,0.3571428571428571,1.0,-0.011837972
36.0,0.42857142857142855,1.0,-0.0060440116
36.0,0.5,1.0,-0.0026645623
36.0,0.5714285714285714,1.0,-0.0025916435
36.0,0.6428571428571428,1.0,-0.005245831
36.0,0.7142857142857142,1.0,-0.009425722
36.0,0.7857142857142857,1.0,-0.014396541
36.0,0.8571428571428571,1.0,-0.020618152
36.0,0.9285714285714285,1.0,-0.029729942
36.0,1.0,1.0,-0.043868266
37.0,0.0,0.0,-0.022306286
37.0,0.07142857142857142,0.0,-0.017112482
37.0,0.14285714285714285,0.0,-0.016771257
37.0,0.21428571428571427,0.0,-0.018792637
37.0,0.2857142857142857,0.0,-0.019667536
37.0,0.3571428571428571,0.0,-0.016712777
37.0,0.42857142857142855,0.0,-0.011458393
37.0,0.5,0.0,-0.008921295
37.0,0.5714285714285714,0.0,-0.011617765
37.0,0.6428571428571428,0.0,-0.016562548
37.0,0.7142857142857142,0.0,-0.018409288
37.0,0.7857142857142857,0.0,-0.014966395
37.0,0.8571428571428571,0.0,-0.009912657
37.0,0.9285714285714285,0.0,-0.009859387
37.0,1.0,0.0,-0.019570503
37.0,0.0,0.07142857142857142,-0.01612385
37.0,0.07142857142857142,0.07142857142857142,0.008492794
37.0,0.14285714285714285,0.07142857142857142,0.029734798
37.0,0.21428571428571427,0.07142857142857142,0.04933396
37.0,0.2857142857142857,0.07142857142857142,0.06944343
37.0,0.3571428571428571,0.07142857142857142,0.09053242
37.0,0.42857142857142855,0.07142857142857142,0.10794592
37.0,0.5,0.07142857142857142,0.113871194
37.0,0.5714285714285714,0.07142857142857142,0.105213046
37.0,0.6428571428571428,0.07142857142857142,0.086910374
37.0,0.7142857142857142,0.07142857142857142,0.06738429
37.0,0.7857142857142857,0.07142857142857142,0.05098047
37.0,0.8571428571428571,0.07142857142857142,0.034891278
37.0,0.9285714285714285,0.07142857142857142,0.013692057
37.0,1.0,0.07142857142857142,-0.015668087
37.0,0.0,0.14285714285714285,-0.01642489
37.0,0.07142857142857142,0.14285714285714285,0.028327975
37.0,0.14285714285714285,0.14285714285714285,0.07145907
37.0,0.21428571428571427,0.14285714285714285,0.11397239
37.0,0.2857142857142857,0.14285714285714285,0.15660623
37.0,0.3571428571428571,0.14285714285714285,0.19746831
37.0,0.42857142857142855,0.14285714285714285,0.22859022
37.0,0.5,0.14285714285714285,0.23909944
37.0,0.5714285714285714,0.14285714285714285,0.22490549
37.0,0.6428571428571428,0.14285714285714285,0.19257236
37.0,0.7142857142857142,0.14285714285714285,0.15360242
37.0,0.7857142857142857,0.14285714285714285,0.1147958
37.0,0.8571428571428571,0.14285714285714285,0.075068735
37.0,0.9285714285714285,0.14285714285714285,0.031244047
37.0,1.0,0.14285714285714285,-0.017837968
37.0,0.0,0.21428571428571427,-0.019152
37.0,0.07142857142857142,0.21428571428571427,0.046104386
37.0,0.14285714285714285,0.21428571428571427,0.11133473
37.0,0.21428571428571427,0.21428571428571427,0.17682555
37.0,0.2857142857142857,0.21428571428571427,0.24199721
37.0,0.3571428571428571,0.21428571428571427,0.30280334
37.0,0.42857142857142855,0.21428571428571427,0.34825674
37.0,0.5,0.21428571428571427,0.36443448
37.0,0.5714285714285714,0.21428571428571427,0.34570828
37.0,0.6428571428571428,0.21428571428571427,0.29966348
37.0,0.7142857142857142,0.21428571428571427,0.24068612
37.0,0.7857142857142857,0.21428571428571427,0.17833495
37.0,0.8571428571428571,0.21428571428571427,0.114178814
37.0,0.9285714285714285,0.21428571428571427,0.047886074
37.0,1.0,0.21428571428571427,-0.020186946
37.0,0.0,0.2857142857142857,-0.020371318
37.0,0.07142857142857142,0.2857142857142857,0.06547231
37.0,0.14285714285714285,0.2857142857142857,0.15235326
37.0,0.21428571428571427,0.2857142857142857,0.23971117
37.0,0.2857142857142857,0.2857142857142857,0.3258541
37.0,0.3571428571428571,0.2857142857142857,0.40515575
37.0,0.42857142857142855,0.2857142857142857,0.4643214
37.0,0.5,0.2857142857142857,0.48656133
37.0,0.5714285714285714,0.2857142857142857,0.46414936
37.0,0.6428571428571428,0.2857142857142857,0.40515134
37.0,0.7142857142857142,0.2857142857142857,0.32673782
37.0,0.7857142857142857,0.2857142857142857,0.24159211
37.0,0.8571428571428571,0.2857142857142857,0.1544812
37.0,0.9285714285714285,0.2857142857142857,0.06758308
37.0,1.0,0.2857142857142857,-0.017970927
37.0,0.0,0.3571428571428571,-0.018394336
37.0,0.07142857142857142,0.3571428571428571,0.08698934
37.0,0.14285714285714285,0.3571428571428571,0.19390032
37.0,0.21428571428571427,0.3571428571428571,0.3006609
37.0,0.2857142857142857,0.3571428571428571,0.40475854
37.0,0.3571428571428571,0.3571428571428571,0.49976683
37.0,0.42857142857142855,0.3571428571428571,0.57082397
37.0,0.5,0.3571428571428571,0.5983497
37.0,0.5714285714285714,0.3571428571428571,0.5722415
37.0,0.6428571428571428,0.3571428571428571,0.5011503
37.0,0.7142857142857142,0.3571428571428571,0.40526026
37.0,0.7857142857142857,0.3571428571428571,0.3004936
37.0,0.8571428571428571,0.3571428571428571,0.19439048
37.0,0.9285714285714285,0.3571428571428571,0.09047923
37.0,1.0,0.3571428571428571,-0.009930573
37.0,0.0,0.42857142857142855,-0.015116513
37.0,0.07142857142857142,0.42857142857142855,0.10511385
37.0,0.14285714285714285,0.42857142857142855,0.22718742
37.0,0.21428571428571427,0.42857142857142855,0.34837228
37.0,0.2857142857142857,0.42857142857142855,0.46575892
37.0,0.3571428571428571,0.42857142857142855,0.57268846
37.0,0.42857142857142855,0.42857142857142855,0.65290654
37.0,0.5,0.42857142857142855,0.6838444
37.0,0.5714285714285714,0.42857142857142855,0.65352833
37.0,0.6428571428571428,0.42857142857142855,0.57228357
37.0,0.7142857142857142,0.42857142857142855,0.4634647
37.0,0.7857142857142857,0.42857142857142855,0.3453404
37.0,0.8571428571428571,0.42857142857142855,0.22672868
37.0,0.9285714285714285,0.42857142857142855,0.11133199
37.0,1.0,0.42857142857142855,0.0005786456
37.0,0.0,0.5,-0.013712108
37.0,0.07142857142857142,0.5,0.11150688
37.0,0.14285714285714285,0.5,0.23871544
37.0,0.21428571428571427,0.5,0.36500093
37.0,0.2857142857142857,0.5,0.4877697
37.0,0.3571428571428571,0.5,0.60056317
37.0,0.42857142857142855,0.5,0.68575335
37.0,0.5,0.5,0.71797454
37.0,0.5714285714285714,0.5,0.6846816
37.0,0.6428571428571428,0.5,0.59873956
37.0,0.7142857142857142,0.5,0.48544294
37.0,0.7857142857142857,0.5,0.36331108
37.0,0.8571428571428571,0.5,0.24086449
37.0,0.9285714285714285,0.5,0.12161913
37.0,1.0,0.5,0.007420115
37.0,0.0,0.5714285714285714,-0.014214404
37.0,0.07142857142857142,0.5714285714285714,0.104749136
37.0,0.14285714285714285,0.5714285714285714,0.22521147
37.0,0.21428571428571427,0.5714285714285714,0.34492198
37.0,0.2857142857142857,0.5714285714285714,0.46204987
37.0,0.3571428571428571,0.5714285714285714,0.5709482
37.0,0.42857142857142855,0.5714285714285714,0.6540879
37.0,0.5,0.5714285714285714,0.68544877
37.0,0.5714285714285714,0.5714285714285714,0.6531452
37.0,0.6428571428571428,0.5714285714285714,0.57109135
37.0,0.7142857142857142,0.5714285714285714,0.46352997
37.0,0.7857142857142857,0.5714285714285714,0.34730145
37.0,0.8571428571428571,0.5714285714285714,0.23017266
37.0,0.9285714285714285,0.5714285714285714,0.11575759
37.0,1.0,0.5714285714285714,0.00634012
37.0,0.0,0.6428571428571428,-0.013825558
37.0,0.07142857142857142,0.6428571428571428,0.09062901
37.0,0.14285714285714285,0.6428571428571428,0.19556773
37.0,0.21428571428571427,0.6428571428571428,0.29980183
37.0,0.2857142857142857,0.6428571428571428,0.40221024
37.0,0.3571428571428571,0.6428571428571428,0.49810565
37.0,0.42857142857142855,0.6428571428571428,0.5719105
37.0,0.5,0.6428571428571428,0.60018706
37.0,0.5714285714285714,0.6428571428571428,0.57245886
37.0,0.6428571428571428,0.6428571428571428,0.5009247
37.0,0.7142857142857142,0.6428571428571428,0.40624413
37.0,0.7857142857142857,0.6428571428571428,0.30302262
37.0,0.8571428571428571,0.6428571428571428,0.19852003
37.0,0.9285714285714285,0.6428571428571428,0.09641237
37.0,1.0,0.6428571428571428,-0.0011567883
37.0,0.0,0.7142857142857142,-0.010738805
37.0,0.07142857142857142,0.7142857142857142,0.07405632
37.0,0.14285714285714285,0.7142857142857142,0.15799505
37.0,0.21428571428571427,0.7142857142857142,0.24138084
37.0,0.2857142857142857,0.7142857142857142,0.32411245
37.0,0.3571428571428571,0.7142857142857142,0.4023853
37.0,0.42857142857142855,0.7142857142857142,0.46302187
37.0,0.5,0.7142857142857142,0.4868564
37.0,0.5714285714285714,0.7142857142857142,0.46524417
37.0,0.6428571428571428,0.7142857142857142,0.40726086
37.0,0.7142857142857142,0.7142857142857142,0.3292089
37.0,0.7857142857142857,0.7142857142857142,0.2435362
37.0,0.8571428571428571,0.7142857142857142,0.1568374
37.0,0.9285714285714285,0.7142857142857142,0.07214806
37.0,1.0,0.7142857142857142,-0.009297766
37.0,0.0,0.7857142857142857,-0.0052663684
37.0,0.07142857142857142,0.7857142857142857,0.056991592
37.0,0.14285714285714285,0.7857142857142857,0.11706387
37.0,0.21428571428571427,0.7857142857142857,0.17717782
37.0,0.2857142857142857,0.7857142857142857,0.23857412
37.0,0.3571428571428571,0.7857142857142857,0.29795668
37.0,0.42857142857142855,0.7857142857142857,0.34410036
37.0,0.5,0.7857142857142857,0.3624422
37.0,0.5714285714285714,0.7857142857142857,0.3466678
37.0,0.6428571428571428,0.7857142857142857,0.30306986
37.0,0.7142857142857142,0.7857142857142857,0.24376369
37.0,0.7857142857142857,0.7857142857142857,0.17872408
37.0,0.8571428571428571,0.7857142857142857,0.11318026
37.0,0.9285714285714285,0.7857142857142857,0.0487701
37.0,1.0,0.7857142857142857,-0.014637619
37.0,0.0,0.8571428571428571,0.0004580766
37.0,0.07142857142857142,0.8571428571428571,0.03942337
37.0,0.14285714285714285,0.8571428571428571,0.075483054
37.0,0.21428571428571427,0.8571428571428571,0.11272491
37.0,0.2857142857142857,0.8571428571428571,0.15328884
37.0,0.3571428571428571,0.8571428571428571,0.19387755
37.0,0.42857142857142855,0.8571428571428571,0.2251845
37.0,0.5,0.8571428571428571,0.23723027
37.0,0.5714285714285714,0.8571428571428571,0.22631267
37.0,0.6428571428571428,0.8571428571428571,0.19676387
37.0,0.7142857142857142,0.8571428571428571,0.15678576
37.0,0.7857142857142857,0.8571428571428571,0.11328388
37.0,0.8571428571428571,0.8571428571428571,0.06953891
37.0,0.9285714285714285,0.8571428571428571,0.025709227
37.0,1.0,0.8571428571428571,-0.019522969
37.0,0.0,0.9285714285714285,0.0021842234
37.0,0.07142857142857142,0.9285714285714285,0.01880432
37.0,0.14285714285714285,0.9285714285714285,0.032618646
37.0,0.21428571428571427,0.9285714285714285,0.048745338
37.0,0.2857142857142857,0.9285714285714285,0.06941918
37.0,0.3571428571428571,0.9285714285714285,0.09165731
37.0,0.42857142857142855,0.9285714285714285,0.10886349
37.0,0.5,0.9285714285714285,0.11530738
37.0,0.5714285714285714,0.9285714285714285,0.1093271
37.0,0.6428571428571428,0.9285714285714285,0.093467824
37.0,0.7142857142857142,0.9285714285714285,0.072185464
37.0,0.7857142857142857,0.9285714285714285,0.049083292
37.0,0.8571428571428571,0.9285714285714285,0.025430664
37.0,0.9285714285714285,0.9285714285714285,0.0003277175
37.0,1.0,0.9285714285714285,-0.028137455
37.0,0.0,1.0,-0.0057831667
37.0,0.07142857142857142,1.0,-0.009561427
37.0,0.14285714285714285,1.0,-0.015477514
37.0,0.21428571428571427,1.0,-0.01838851
37.0,0.2857142857142857,1.0,-0.016180594
37.0,0.3571428571428571,1.0,-0.010522626
37.0,0.42857142857142855,1.0,-0.004773693
37.0,0.5,1.0,-0.0014788806
37.0,0.5714285714285714,1.0,-0.0014924444
37.0,0.6428571428571428,1.0,-0.0042261966
37.0,0.7142857142857142,1.0,-0.008491173
37.0,0.7857142857142857,1.0,-0.0135448035
37.0,0.8571428571428571,1.0,-0.01979731
37.0,0.9285714285714285,1.0,-0.028802874
37.0,1.0,1.0,-0.042622633
38.0,0.0,0.0,-0.02164051
38.0,0.07142857142857142,0.0,-0.016625147
38.0,0.14285714285714285,0.0,-0.016299471
38.0,0.21428571428571427,0.0,-0.018175185
38.0,0.2857142857142857,0.0,-0.018822506
38.0,0.3571428571428571,0.0,-0.015726194
38.0,0.42857142857142855,0.0,-0.0104858205
38.0,0.5,0.0,-0.0079564005
38.0,0.5714285714285714,0.0,-0.010553479
38.0,0.6428571428571428,0.0,-0.015426792
38.0,0.7142857142857142,0.0,-0.017371142
38.0,0.7857142857142857,0.0,-0.014089264
38.0,0.8571428571428571,0.0,-0.0089955535
38.0,0.9285714285714285,0.0,-0.008581694
38.0,1.0,0.0,-0.017712437
38.0,0.0,0.07142857142857142,-0.015636504
38.0,0.07142857142857142,0.07142857142857142,0.008670703
38.0,0.14285714285714285,0.07142857142857142,0.029784836
38.0,0.21428571428571427,0.07142857142857142,0.049408585
38.0,0.2857142857142857,0.07142857142857142,0.06958063
38.0,0.3571428571428571,0.07142857142857142,0.0905964
38.0,0.42857142857142855,0.07142857142857142,0.107805654
38.0,0.5,0.07142857142857142,0.11366639
38.0,0.5714285714285714,0.07142857142857142,0.105199896
38.0,0.6428571428571428,0.07142857142857142,0.087122954
38.0,0.7142857142857142,0.07142857142857142,0.067627914
38.0,0.7857142857142857,0.07142857142857142,0.05115258
38.0,0.8571428571428571,0.07142857142857142,0.035168618
38.0,0.9285714285714285,0.07142857142857142,0.014358327
38.0,1.0,0.07142857142857142,-0.01441507
38.0,0.0,0.14285714285714285,-0.015987016
38.0,0.07142857142857142,0.14285714285714285,0.02835004
38.0,0.14285714285714285,0.14285714285714285,0.07129428
38.0,0.21428571428571427,0.14285714285714285,0.113782994
38.0,0.2857142857142857,0.14285714285714285,0.15639266
38.0,0.3571428571428571,0.14285714285714285,0.19704032
38.0,0.42857142857142855,0.14285714285714285,0.22782233
38.0,0.5,0.14285714285714285,0.2382296
38.0,0.5714285714285714,0.14285714285714285,0.22430703
38.0,0.6428571428571428,0.14285714285714285,0.19233254
38.0,0.7142857142857142,0.14285714285714285,0.15350363
38.0,0.7857142857142857,0.14285714285714285,0.11469058
38.0,0.8571428571428571,0.14285714285714285,0.075080104
38.0,0.9285714285714285,0.14285714285714285,0.031598367
38.0,1.0,0.14285714285714285,-0.016938448
38.0,0.0,0.21428571428571427,-0.018624973
38.0,0.07142857142857142,0.21428571428571427,0.04612647
38.0,0.14285714285714285,0.21428571428571427,0.11116134
38.0,0.21428571428571427,0.21428571428571427,0.17664662
38.0,0.2857142857142857,0.21428571428571427,0.24177575
38.0,0.3571428571428571,0.21428571428571427,0.30228335
38.0,0.42857142857142855,0.21428571428571427,0.34728572
38.0,0.5,0.21428571428571427,0.36330107
38.0,0.5714285714285714,0.21428571428571427,0.34487885
38.0,0.6428571428571428,0.21428571428571427,0.29928845
38.0,0.7142857142857142,0.21428571428571427,0.24054286
38.0,0.7857142857142857,0.21428571428571427,0.17823085
38.0,0.8571428571428571,0.21428571428571427,0.114165656
38.0,0.9285714285714285,0.21428571428571427,0.048139215
38.0,1.0,0.21428571428571427,-0.019424755
38.0,0.0,0.2857142857142857,-0.019641079
38.0,0.07142857142857142,0.2857142857142857,0.065581195
38.0,0.14285714285714285,0.2857142857142857,0.15224883
38.0,0.21428571428571427,0.2857142857142857,0.23962867
38.0,0.2857142857142857,0.2857142857142857,0.32572952
38.0,0.3571428571428571,0.2857142857142857,0.4046628
38.0,0.42857142857142855,0.2857142857142857,0.46325317
38.0,0.5,0.2857142857142857,0.48522466
38.0,0.5714285714285714,0.2857142857142857,0.46310833
38.0,0.6428571428571428,0.2857142857142857,0.4046514
38.0,0.7142857142857142,0.2857142857142857,0.3265738
38.0,0.7857142857142857,0.2857142857142857,0.2415216
38.0,0.8571428571428571,0.2857142857142857,0.15447551
38.0,0.9285714285714285,0.2857142857142857,0.06779657
38.0,1.0,0.2857142857142857,-0.017220277
38.0,0.0,0.3571428571428571,-0.017406464
38.0,0.07142857142857142,0.3571428571428571,0.087143786
38.0,0.14285714285714285,0.3571428571428571,0.193717
38.0,0.21428571428571427,0.3571428571428571,0.30044347
38.0,0.2857142857142857,0.3571428571428571,0.40445238
38.0,0.3571428571428571,0.3571428571428571,0.4989949
38.0,0.42857142857142855,0.3571428571428571,0.56931746
38.0,0.5,0.3571428571428571,0.59643424
38.0,0.5714285714285714,0.3571428571428571,0.5706212
38.0,0.6428571428571428,0.3571428571428571,0.5002163
38.0,0.7142857142857142,0.3571428571428571,0.40483543
38.0,0.7857142857142857,0.3571428571428571,0.30026278
38.0,0.8571428571428571,0.3571428571428571,0.19424188
38.0,0.9285714285714285,0.3571428571428571,0.090577945
38.0,1.0,0.3571428571428571,-0.009174079
38.0,0.0,0.42857142857142855,-0.013932407
38.0,0.07142857142857142,0.42857142857142855,0.1051857
38.0,0.14285714285714285,0.42857142857142855,0.22668892
38.0,0.21428571428571427,0.42857142857142855,0.34768385
38.0,0.2857142857142857,0.42857142857142855,0.46486765
38.0,0.3571428571428571,0.42857142857142855,0.5711913
38.0,0.42857142857142855,0.42857142857142855,0.6504822
38.0,0.5,0.42857142857142855,0.6808805
38.0,0.5714285714285714,0.42857142857142855,0.65093434
38.0,0.6428571428571428,0.42857142857142855,0.5706153
38.0,0.7142857142857142,0.42857142857142855,0.46254462
38.0,0.7857142857142857,0.42857142857142855,0.3447499
38.0,0.8571428571428571,0.42857142857142855,0.22627872
38.0,0.9285714285714285,0.42857142857142855,0.11122402
38.0,1.0,0.42857142857142855,0.0013051778
38.0,0.0,0.5,-0.012490585
38.0,0.07142857142857142,0.5,0.111472726
38.0,0.14285714285714285,0.5,0.23798051
38.0,0.21428571428571427,0.5,0.36397997
38.0,0.2857142857142857,0.5,0.4864686
38.0,0.3571428571428571,0.5,0.59854925
38.0,0.42857142857142855,0.5,0.6826663
38.0,0.5,0.5,0.7142922
38.0,0.5714285714285714,0.5,0.68149716
38.0,0.6428571428571428,0.5,0.5966802
38.0,0.7142857142857142,0.5,0.48426244
38.0,0.7857142857142857,0.5,0.3624926
38.0,0.8571428571428571,0.5,0.24019554
38.0,0.9285714285714285,0.5,0.12135973
38.0,1.0,0.5,0.008122884
38.0,0.0,0.5714285714285714,-0.013071604
38.0,0.07142857142857142,0.5714285714285714,0.10474337
38.0,0.14285714285714285,0.5714285714285714,0.22460476
38.0,0.21428571428571427,0.5714285714285714,0.3441026
38.0,0.2857142857142857,0.5714285714285714,0.4610077
38.0,0.3571428571428571,0.5714285714285714,0.5692588
38.0,0.42857142857142855,0.5714285714285714,0.6514004
38.0,0.5,0.5714285714285714,0.6822565
38.0,0.5714285714285714,0.5714285714285714,0.6505123
38.0,0.6428571428571428,0.5714285714285714,0.56953084
38.0,0.7142857142857142,0.5714285714285714,0.46270204
38.0,0.7857142857142857,0.5714285714285714,0.34667656
38.0,0.8571428571428571,0.5714285714285714,0.22959223
38.0,0.9285714285714285,0.5714285714285714,0.115543745
38.0,1.0,0.5714285714285714,0.0070738234
38.0,0.0,0.6428571428571428,-0.012789078
38.0,0.07142857142857142,0.6428571428571428,0.09075018
38.0,0.14285714285714285,0.6428571428571428,0.1952776
38.0,0.21428571428571427,0.6428571428571428,0.29940444
38.0,0.2857142857142857,0.6428571428571428,0.40166342
38.0,0.3571428571428571,0.6428571428571428,0.49706793
38.0,0.42857142857142855,0.6428571428571428,0.57013726
38.0,0.5,0.6428571428571428,0.5981084
38.0,0.5714285714285714,0.6428571428571428,0.570896
38.0,0.6428571428571428,0.6428571428571428,0.50018334
38.0,0.7142857142857142,0.6428571428571428,0.40596205
38.0,0.7857142857142857,0.6428571428571428,0.30275285
38.0,0.8571428571428571,0.6428571428571428,0.19818014
38.0,0.9285714285714285,0.6428571428571428,0.09633842
38.0,1.0,0.6428571428571428,-0.0004102327
38.0,0.0,0.7142857142857142,-0.009795591
38.0,0.07142857142857142,0.7142857142857142,0.07429945
38.0,0.14285714285714285,0.7142857142857142,0.15796888
38.0,0.21428571428571427,0.7142857142857142,0.24129009
38.0,0.2857142857142857,0.7142857142857142,0.3238815
38.0,0.3571428571428571,0.7142857142857142,0.40176982
38.0,0.42857142857142855,0.7142857142857142,0.46190196
38.0,0.5,0.7142857142857142,0.48557243
38.0,0.5714285714285714,0.7142857142857142,0.46434456
38.0,0.6428571428571428,0.7142857142857142,0.40691
38.0,0.7142857142857142,0.7142857142857142,0.32912135
38.0,0.7857142857142857,0.7142857142857142,0.24339202
38.0,0.8571428571428571,0.7142857142857142,0.15660116
38.0,0.9285714285714285,0.7142857142857142,0.07211201
38.0,1.0,0.7142857142857142,-0.008656062
38.0,0.0,0.7857142857142857,-0.0044036657
38.0,0.07142857142857142,0.7857142857142857,0.05730062
38.0,0.14285714285714285,0.7857142857142857,0.11717733
38.0,0.21428571428571427,0.7857142857142857,0.17722791
38.0,0.2857142857142857,0.7857142857142857,0.23846802
38.0,0.3571428571428571,0.7857142857142857,0.29751605
38.0,0.42857142857142855,0.7857142857142857,0.34328377
38.0,0.5,0.7857142857142857,0.3615042
38.0,0.5714285714285714,0.7857142857142857,0.34596762
38.0,0.6428571428571428,0.7857142857142857,0.30272493
38.0,0.7142857142857142,0.7857142857142857,0.24360955
38.0,0.7857142857142857,0.7857142857142857,0.17855668
38.0,0.8571428571428571,0.7857142857142857,0.11297475
38.0,0.9285714285714285,0.7857142857142857,0.048742197
38.0,1.0,0.7857142857142857,-0.014106577
38.0,0.0,0.8571428571428571,0.0012373552
38.0,0.07142857142857142,0.8571428571428571,0.039757363
38.0,0.14285714285714285,0.8571428571428571,0.0756761
38.0,0.21428571428571427,0.8571428571428571,0.11287501
38.0,0.2857142857142857,0.8571428571428571,0.15330437
38.0,0.3571428571428571,0.8571428571428571,0.19362146
38.0,0.42857142857142855,0.8571428571428571,0.22464478
38.0,0.5,0.8571428571428571,0.23658407
38.0,0.5714285714285714,0.8571428571428571,0.22579509
38.0,0.6428571428571428,0.8571428571428571,0.19647685
38.0,0.7142857142857142,0.8571428571428571,0.15666226
38.0,0.7857142857142857,0.8571428571428571,0.1132083
38.0,0.8571428571428571,0.8571428571428571,0.06949329
38.0,0.9285714285714285,0.8571428571428571,0.02584213
38.0,1.0,0.8571428571428571,-0.018923944
38.0,0.0,0.9285714285714285,0.0029040761
38.0,0.07142857142857142,0.9285714285714285,0.0192125
38.0,0.14285714285714285,0.9285714285714285,0.03298863
38.0,0.21428571428571427,0.9285714285714285,0.049164735
38.0,0.2857142857142857,0.9285714285714285,0.0698142
38.0,0.3571428571428571,0.9285714285714285,0.09191566
38.0,0.42857142857142855,0.9285714285714285,0.10895676
38.0,0.5,0.9285714285714285,0.115315385
38.0,0.5714285714285714,0.9285714285714285,0.109368235
38.0,0.6428571428571428,0.9285714285714285,0.09360576
38.0,0.7142857142857142,0.9285714285714285,0.07240175
38.0,0.7857142857142857,0.9285714285714285,0.049330942
38.0,0.8571428571428571,0.9285714285714285,0.025718495
38.0,0.9285714285714285,0.9285714285714285,0.0007778425
38.0,1.0,0.9285714285714285,-0.02729927
38.0,0.0,1.0,-0.005003087
38.0,0.07142857142857142,1.0,-0.008897647
38.0,0.14285714285714285,1.0,-0.014680618
38.0,0.21428571428571427,1.0,-0.01737504
38.0,0.2857142857142857,1.0,-0.01500928
38.0,0.3571428571428571,1.0,-0.009308856
38.0,0.42857142857142855,1.0,-0.0036055166
38.0,0.5,1.0,-0.00039259717
38.0,0.5714285714285714,1.0,-0.00048554316
38.0,0.6428571428571428,1.0,-0.003291402
38.0,0.7142857142857142,1.0,-0.0076316483
38.0,0.7857142857142857,1.0,-0.012760028
38.0,0.8571428571428571,1.0,-0.019041004
38.0,0.9285714285714285,1.0,-0.027951336
38.0,1.0,1.0,-0.04147608
39.0,0.0,0.0,-0.02106655
39.0,0.07142857142857142,0.0,-0.016209688
39.0,0.14285714285714285,0.0,-0.015876144
39.0,0.21428571428571427,0.0,-0.017589338
39.0,0.2857142857142857,0.0,-0.018004261
39.0,0.3571428571428571,0.0,-0.014773071
39.0,0.42857142857142855,0.0,-0.009553615
39.0,0.5,0.0,-0.0070414357
39.0,0.5714285714285714,0.0,-0.009552807
39.0,0.6428571428571428,0.0,-0.014361829
39.0,0.7142857142857142,0.0,-0.016401736
39.0,0.7857142857142857,0.0,-0.013288492
39.0,0.8571428571428571,0.0,-0.008185526
39.0,0.9285714285714285,0.0,-0.0074533615
39.0,1.0,0.0,-0.016036713
39.0,0.0,0.07142857142857142,-0.0152269825
39.0,0.07142857142857142,0.07142857142857142,0.008798838
39.0,0.14285714285714285,0.07142857142857142,0.029811293
39.0,0.21428571428571427,0.07142857142857142,0.04947404
39.0,0.2857142857142857,0.07142857142857142,0.06971019
39.0,0.3571428571428571,0.07142857142857142,0.0906506
39.0,0.42857142857142855,0.07142857142857142,0.10765995
39.0,0.5,0.07142857142857142,0.11345448
39.0,0.5714285714285714,0.07142857142857142,0.10516492
39.0,0.6428571428571428,0.07142857142857142,0.08730421
39.0,0.7142857142857142,0.07142857142857142,0.067842886
39.0,0.7857142857142857,0.07142857142857142,0.051290326
39.0,0.8571428571428571,0.07142857142857142,0.035380956
39.0,0.9285714285714285,0.07142857142857142,0.0149150845
39.0,1.0,0.07142857142857142,-0.0133107975
39.0,0.0,0.14285714285714285,-0.015610617
39.0,0.07142857142857142,0.14285714285714285,0.028347991
39.0,0.14285714285714285,0.14285714285714285,0.07113461
39.0,0.21428571428571427,0.14285714285714285,0.11360841
39.0,0.2857142857142857,0.14285714285714285,0.15618768
39.0,0.3571428571428571,0.14285714285714285,0.19661888
39.0,0.42857142857142855,0.14285714285714285,0.22707242
39.0,0.5,0.14285714285714285,0.23737916
39.0,0.5714285714285714,0.14285714285714285,0.2237106
39.0,0.6428571428571428,0.14285714285714285,0.19208187
39.0,0.7142857142857142,0.14285714285714285,0.15339896
39.0,0.7857142857142857,0.14285714285714285,0.114578806
39.0,0.8571428571428571,0.14285714285714285,0.07506111
39.0,0.9285714285714285,0.14285714285714285,0.031881247
39.0,1.0,0.14285714285714285,-0.016155448
39.0,0.0,0.21428571428571427,-0.018149469
39.0,0.07142857142857142,0.21428571428571427,0.046145365
39.0,0.14285714285714285,0.21428571428571427,0.11101272
39.0,0.21428571428571427,0.21428571428571427,0.17649212
39.0,0.2857142857142857,0.21428571428571427,0.24156323
39.0,0.3571428571428571,0.21428571428571427,0.30176777
39.0,0.42857142857142855,0.21428571428571427,0.34633532
39.0,0.5,0.21428571428571427,0.36219275
39.0,0.5714285714285714,0.21428571428571427,0.34405398
39.0,0.6428571428571428,0.21428571428571427,0.29890218
39.0,0.7142857142857142,0.21428571428571427,0.24039584
39.0,0.7857142857142857,0.21428571428571427,0.17813072
39.0,0.8571428571428571,0.21428571428571427,0.11414338
39.0,0.9285714285714285,0.21428571428571427,0.048348464
39.0,1.0,0.21428571428571427,-0.018754914
39.0,0.0,0.2857142857142857,-0.01896371
39.0,0.07142857142857142,0.2857142857142857,0.06569112
39.0,0.14285714285714285,0.2857142857142857,0.1521698
39.0,0.21428571428571427,0.2857142857142857,0.23956078
39.0,0.2857142857142857,0.2857142857142857,0.32559508
39.0,0.3571428571428571,0.2857142857142857,0.40415657
39.0,0.42857142857142855,0.2857142857142857,0.46219525
39.0,0.5,0.2857142857142857,0.48390868
39.0,0.5714285714285714,0.2857142857142857,0.46206632
39.0,0.6428571428571428,0.2857142857142857,0.40413192
39.0,0.7142857142857142,0.2857142857142857,0.32639945
39.0,0.7857142857142857,0.2857142857142857,0.24145514
39.0,0.8571428571428571,0.2857142857142857,0.15447205
39.0,0.9285714285714285,0.2857142857142857,0.06798055
39.0,1.0,0.2857142857142857,-0.016551215
39.0,0.0,0.3571428571428571,-0.016486436
39.0,0.07142857142857142,0.3571428571428571,0.087286815
39.0,0.14285714285714285,0.3571428571428571,0.19354552
39.0,0.21428571428571427,0.3571428571428571,0.3002243
39.0,0.2857142857142857,0.3571428571428571,0.40411943
39.0,0.3571428571428571,0.3571428571428571,0.49819916
39.0,0.42857142857142855,0.3571428571428571,0.56782055
39.0,0.5,0.3571428571428571,0.5945472
39.0,0.5714285714285714,0.3571428571428571,0.56900895
39.0,0.6428571428571428,0.3571428571428571,0.4992659
39.0,0.7142857142857142,0.3571428571428571,0.40439987
39.0,0.7857142857142857,0.3571428571428571,0.30003914
39.0,0.8571428571428571,0.3571428571428571,0.19410217
39.0,0.9285714285714285,0.3571428571428571,0.090652764
39.0,1.0,0.3571428571428571,-0.008500025
39.0,0.0,0.42857142857142855,-0.0128407255
39.0,0.07142857142857142,0.42857142857142855,0.10522637
39.0,0.14285714285714285,0.42857142857142855,0.22619188
39.0,0.21428571428571427,0.42857142857142855,0.34699154
39.0,0.2857142857142857,0.42857142857142855,0.46395773
39.0,0.3571428571428571,0.42857142857142855,0.5696881
39.0,0.42857142857142855,0.42857142857142855,0.64809763
39.0,0.5,0.42857142857142855,0.67798513
39.0,0.5714285714285714,0.42857142857142855,0.6483863
39.0,0.6428571428571428,0.42857142857142855,0.56895673
39.0,0.7142857142857142,0.42857142857142855,0.46162954
39.0,0.7857142857142857,0.42857142857142855,0.3441762
39.0,0.8571428571428571,0.42857142857142855,0.22584331
39.0,0.9285714285714285,0.42857142857142855,0.11109186
39.0,1.0,0.42857142857142855,0.0019417629
39.0,0.0,0.5,-0.011376269
39.0,0.07142857142857142,0.5,0.111399226
39.0,0.14285714285714285,0.5,0.23724833
39.0,0.21428571428571427,0.5,0.36296815
39.0,0.2857142857142857,0.5,0.48516905
39.0,0.3571428571428571,0.5,0.59655356
39.0,0.42857142857142855,0.5,0.6796502
39.0,0.5,0.5,0.7107129
39.0,0.5714285714285714,0.5,0.6783883
39.0,0.6428571428571428,0.5,0.5946493
39.0,0.7142857142857142,0.5,0.48309398
39.0,0.7857142857142857,0.5,0.36169374
39.0,0.8571428571428571,0.5,0.2395412
39.0,0.9285714285714285,0.5,0.12107163
39.0,1.0,0.5,0.008726489
39.0,0.0,0.5714285714285714,-0.012032166
39.0,0.07142857142857142,0.5714285714285714,0.10470313
39.0,0.14285714285714285,0.5714285714285714,0.22400716
39.0,0.21428571428571427,0.5714285714285714,0.34329796
39.0,0.2857142857142857,0.5714285714285714,0.4599701
39.0,0.3571428571428571,0.5714285714285714,0.5675831
39.0,0.42857142857142855,0.5714285714285714,0.6487665
39.0,0.5,0.5714285714285714,0.67914045
39.0,0.5714285714285714,0.5714285714285714,0.64792377
39.0,0.6428571428571428,0.5714285714285714,0.5679681
39.0,0.7142857142857142,0.5714285714285714,0.46186072
39.0,0.7857142857142857,0.5714285714285714,0.3460546
39.0,0.8571428571428571,0.5714285714285714,0.22901711
39.0,0.9285714285714285,0.5714285714285714,0.11529764
39.0,1.0,0.5714285714285714,0.0077061094
39.0,0.0,0.6428571428571428,-0.0118453875
39.0,0.07142857142857142,0.6428571428571428,0.09084664
39.0,0.14285714285714285,0.6428571428571428,0.19500217
39.0,0.21428571428571427,0.6428571428571428,0.2990251
39.0,0.2857142857142857,0.6428571428571428,0.40112388
39.0,0.3571428571428571,0.6428571428571428,0.49603885
39.0,0.42857142857142855,0.6428571428571428,0.56839126
39.0,0.5,0.6428571428571428,0.5960603
39.0,0.5714285714285714,0.6428571428571428,0.56932914
39.0,0.6428571428571428,0.6428571428571428,0.49940354
39.0,0.7142857142857142,0.6428571428571428,0.40564403
39.0,0.7857142857142857,0.6428571428571428,0.30247486
39.0,0.8571428571428571,0.6428571428571428,0.19784385
39.0,0.9285714285714285,0.6428571428571428,0.096239395
39.0,1.0,0.6428571428571428,0.00024591386
39.0,0.0,0.7142857142857142,-0.008941524
39.0,0.07142857142857142,0.7142857142857142,0.07452066
39.0,0.14285714285714285,0.7142857142857142,0.15795997
39.0,0.21428571428571427,0.7142857142857142,0.24122491
39.0,0.2857142857142857,0.7142857142857142,0.32367286
39.0,0.3571428571428571,0.7142857142857142,0.40117714
39.0,0.42857142857142855,0.7142857142857142,0.46081057
39.0,0.5,0.7142857142857142,0.484308
39.0,0.5714285714285714,0.7142857142857142,0.46343482
39.0,0.6428571428571428,0.7142857142857142,0.40652534
39.0,0.7142857142857142,0.7142857142857142,0.32900855
39.0,0.7857142857142857,0.7142857142857142,0.24324948
39.0,0.8571428571428571,0.7142857142857142,0.1563789
39.0,0.9285714285714285,0.7142857142857142,0.07206384
39.0,1.0,0.7142857142857142,-0.008087132
39.0,0.0,0.7857142857142857,-0.00364279
39.0,0.07142857142857142,0.7857142857142857,0.05757601
39.0,0.14285714285714285,0.7857142857142857,0.11729964
39.0,0.21428571428571427,0.7857142857142857,0.17730501
39.0,0.2857142857142857,0.7857142857142857,0.23839596
39.0,0.3571428571428571,0.7857142857142857,0.29711407
39.0,0.42857142857142855,0.7857142857142857,0.3425077
39.0,0.5,0.7857142857142857,0.3605967
39.0,0.5714285714285714,0.7857142857142857,0.3452764
39.0,0.6428571428571428,0.7857142857142857,0.30237243
39.0,0.7142857142857142,0.7857142857142857,0.24345165
39.0,0.7857142857142857,0.7857142857142857,0.17840031
39.0,0.8571428571428571,0.7857142857142857,0.112782955
39.0,0.9285714285714285,0.7857142857142857,0.04870124
39.0,1.0,0.7857142857142857,-0.013644591
39.0,0.0,0.8571428571428571,0.0018897951
39.0,0.07142857142857142,0.8571428571428571,0.04003062
39.0,0.14285714285714285,0.8571428571428571,0.075853735
39.0,0.21428571428571427,0.8571428571428571,0.113032766
39.0,0.2857142857142857,0.8571428571428571,0.15333861
39.0,0.3571428571428571,0.8571428571428571,0.19339004
39.0,0.42857142857142855,0.8571428571428571,0.22413158
39.0,0.5,0.8571428571428571,0.23595929
39.0,0.5714285714285714,0.8571428571428571,0.22528648
39.0,0.6428571428571428,0.8571428571428571,0.19618851
39.0,0.7142857142857142,0.8571428571428571,0.15653625
39.0,0.7857142857142857,0.8571428571428571,0.113133416
39.0,0.8571428571428571,0.8571428571428571,0.06944261
39.0,0.9285714285714285,0.8571428571428571,0.025943354
39.0,1.0,0.8571428571428571,-0.018404528
39.0,0.0,0.9285714285714285,0.003470406
39.0,0.07142857142857142,0.9285714285714285,0.019525632
39.0,0.14285714285714285,0.9285714285714285,0.033302415
39.0,0.21428571428571427,0.9285714285714285,0.049546942
39.0,0.2857142857142857,0.9285714285714285,0.07017836
39.0,0.3571428571428571,0.9285714285714285,0.09214636
39.0,0.42857142857142855,0.9285714285714285,0.1090239
39.0,0.5,0.9285714285714285,0.1152977
39.0,0.5714285714285714,0.9285714285714285,0.109380476
39.0,0.6428571428571428,0.9285714285714285,0.09371129
39.0,0.7142857142857142,0.9285714285714285,0.07258662
39.0,0.7857142857142857,0.9285714285714285,0.04954935
39.0,0.8571428571428571,0.9285714285714285,0.025971882
39.0,0.9285714285714285,0.9285714285714285,0.0011721719
39.0,1.0,0.9285714285714285,-0.02655361
39.0,0.0,1.0,-0.0043976307
39.0,0.07142857142857142,1.0,-0.008362621
39.0,0.14285714285714285,1.0,-0.01398645
39.0,0.21428571428571427,1.0,-0.016457217
39.0,0.2857142857142857,1.0,-0.013937441
39.0,0.3571428571428571,1.0,-0.008198084
39.0,0.42857142857142855,1.0,-0.0025406368
39.0,0.5,1.0,0.0005944371
39.0,0.5714285714285714,1.0,0.0004275106
39.0,0.6428571428571428,1.0,-0.0024432726
39.0,0.7142857142857142,1.0,-0.0068503115
39.0,0.7857142857142857,1.0,-0.0120451
39.0,0.8571428571428571,1.0,-0.018353106
39.0,0.9285714285714285,1.0,-0.027178276
39.0,1.0,1.0,-0.040432155
40.0,0.0,0.0,-0.020592272
40.0,0.07142857142857142,0.0,-0.015870206
40.0,0.14285714285714285,0.0,-0.01550547
40.0,0.21428571428571427,0.0,-0.017038569
40.0,0.2857142857142857,0.0,-0.017217934
40.0,0.3571428571428571,0.0,-0.013857283
40.0,0.42857142857142855,0.0,-0.00866387
40.0,0.5,0.0,-0.0061768703
40.0,0.5714285714285714,0.0,-0.008615922
40.0,0.6428571428571428,0.0,-0.013369003
40.0,0.7142857142857142,0.0,-0.015503926
40.0,0.7857142857142857,0.0,-0.012565985
40.0,0.8571428571428571,0.0,-0.007483787
40.0,0.9285714285714285,0.0,-0.006476567
40.0,1.0,0.0,-0.014550367
40.0,0.0,0.07142857142857142,-0.014899965
40.0,0.07142857142857142,0.07142857142857142,0.008874796
40.0,0.14285714285714285,0.07142857142857142,0.029811807
40.0,0.21428571428571427,0.07142857142857142,0.049528517
40.0,0.2857142857142857,0.07142857142857142,0.06982994
40.0,0.3571428571428571,0.07142857142857142,0.090694465
40.0,0.42857142857142855,0.07142857142857142,0.10750954
40.0,0.5,0.07142857142857142,0.11323596
40.0,0.5714285714285714,0.07142857142857142,0.10510874
40.0,0.6428571428571428,0.07142857142857142,0.08745294
40.0,0.7142857142857142,0.07142857142857142,0.06802705
40.0,0.7857142857142857,0.07142857142857142,0.05139231
40.0,0.8571428571428571,0.07142857142857142,0.03552796
40.0,0.9285714285714285,0.07142857142857142,0.0153618045
40.0,1.0,0.07142857142857142,-0.012359556
40.0,0.0,0.14285714285714285,-0.01529951
40.0,0.07142857142857142,0.14285714285714285,0.028320536
40.0,0.14285714285714285,0.14285714285714285,0.070977874
40.0,0.21428571428571427,0.14285714285714285,0.11344545
40.0,0.2857142857142857,0.14285714285714285,0.15598994
40.0,0.3571428571428571,0.14285714285714285,0.19620472
40.0,0.42857142857142855,0.14285714285714285,0.22634166
40.0,0.5,0.14285714285714285,0.23654905
40.0,0.5714285714285714,0.14285714285714285,0.22311628
40.0,0.6428571428571428,0.14285714285714285,0.19181943
40.0,0.7142857142857142,0.14285714285714285,0.15328574
40.0,0.7857142857142857,0.14285714285714285,0.11445891
40.0,0.8571428571428571,0.14285714285714285,0.07501068
40.0,0.9285714285714285,0.14285714285714285,0.032091998
40.0,1.0,0.14285714285714285,-0.015490375
40.0,0.0,0.21428571428571427,-0.017726876
40.0,0.07142857142857142,0.21428571428571427,0.046157934
40.0,0.14285714285714285,0.21428571428571427,0.11088445
40.0,0.21428571428571427,0.21428571428571427,0.17635742
40.0,0.2857142857142857,0.21428571428571427,0.24135661
40.0,0.3571428571428571,0.21428571428571427,0.30125788
40.0,0.42857142857142855,0.21428571428571427,0.34540683
40.0,0.5,0.21428571428571427,0.36111042
40.0,0.5714285714285714,0.21428571428571427,0.34323585
40.0,0.6428571428571428,0.21428571428571427,0.29850578
40.0,0.7142857142857142,0.21428571428571427,0.24024403
40.0,0.7857142857142857,0.21428571428571427,0.17803231
40.0,0.8571428571428571,0.21428571428571427,0.11411003
40.0,0.9285714285714285,0.21428571428571427,0.048512332
40.0,1.0,0.21428571428571427,-0.018178705
40.0,0.0,0.2857142857142857,-0.018339477
40.0,0.07142857142857142,0.2857142857142857,0.06579993
40.0,0.14285714285714285,0.2857142857142857,0.15211135
40.0,0.21428571428571427,0.2857142857142857,0.23950219
40.0,0.2857142857142857,0.2857142857142857,0.32544985
40.0,0.3571428571428571,0.2857142857142857,0.4036402
40.0,0.42857142857142855,0.2857142857142857,0.46114975
40.0,0.5,0.2857142857142857,0.48261467
40.0,0.5714285714285714,0.2857142857142857,0.46102676
40.0,0.6428571428571428,0.2857142857142857,0.4035964
40.0,0.7142857142857142,0.2857142857142857,0.32621425
40.0,0.7857142857142857,0.2857142857142857,0.24139097
40.0,0.8571428571428571,0.2857142857142857,0.15446723
40.0,0.9285714285714285,0.2857142857142857,0.06813458
40.0,1.0,0.2857142857142857,-0.015964586
40.0,0.0,0.3571428571428571,-0.015636541
40.0,0.07142857142857142,0.3571428571428571,0.08741481
40.0,0.14285714285714285,0.3571428571428571,0.19338071
40.0,0.21428571428571427,0.3571428571428571,0.29999813
40.0,0.2857142857142857,0.3571428571428571,0.40376055
40.0,0.3571428571428571,0.3571428571428571,0.49738407
40.0,0.42857142857142855,0.3571428571428571,0.56633663
40.0,0.5,0.3571428571428571,0.592691
40.0,0.5714285714285714,0.3571428571428571,0.56740785
40.0,0.6428571428571428,0.3571428571428571,0.49830317
40.0,0.7142857142857142,0.3571428571428571,0.4039547
40.0,0.7857142857142857,0.3571428571428571,0.29982007
40.0,0.8571428571428571,0.3571428571428571,0.19396761
40.0,0.9285714285714285,0.3571428571428571,0.090703
40.0,1.0,0.3571428571428571,-0.007908057
40.0,0.0,0.42857142857142855,-0.011844017
40.0,0.07142857142857142,0.42857142857142855,0.10523395
40.0,0.14285714285714285,0.42857142857142855,0.22569233
40.0,0.21428571428571427,0.42857142857142855,0.3462937
40.0,0.2857142857142857,0.42857142857142855,0.46303114
40.0,0.3571428571428571,0.42857142857142855,0.5681833
40.0,0.42857142857142855,0.42857142857142855,0.6457552
40.0,0.5,0.42857142857142855,0.67515767
40.0,0.5714285714285714,0.42857142857142855,0.6458854
40.0,0.6428571428571428,0.42857142857142855,0.56731206
40.0,0.7142857142857142,0.42857142857142855,0.4607189
40.0,0.7857142857142857,0.42857142857142855,0.34361544
40.0,0.8571428571428571,0.42857142857142855,0.22541943
40.0,0.9285714285714285,0.42857142857142855,0.110935055
40.0,1.0,0.42857142857142855,0.0024899542
40.0,0.0,0.5,-0.010369562
40.0,0.07142857142857142,0.5,0.11128703
40.0,0.14285714285714285,0.5,0.23651889
40.0,0.21428571428571427,0.5,0.36196503
40.0,0.2857142857142857,0.5,0.48387283
40.0,0.3571428571428571,0.5,0.5945799
40.0,0.42857142857142855,0.5,0.67670465
40.0,0.5,0.5,0.7072351
40.0,0.5714285714285714,0.5,0.6753555
40.0,0.6428571428571428,0.5,0.5926484
40.0,0.7142857142857142,0.5,0.48193663
40.0,0.7857142857142857,0.5,0.3609103
40.0,0.8571428571428571,0.5,0.23889822
40.0,0.9285714285714285,0.5,0.12075596
40.0,1.0,0.5,0.009234026
40.0,0.0,0.5714285714285714,-0.01109501
40.0,0.07142857142857142,0.5714285714285714,0.10463135
40.0,0.14285714285714285,0.5714285714285714,0.22341904
40.0,0.21428571428571427,0.5714285714285714,0.34250847
40.0,0.2857142857142857,0.5714285714285714,0.45894027
40.0,0.3571428571428571,0.5714285714285714,0.56592554
40.0,0.42857142857142855,0.5714285714285714,0.646189
40.0,0.5,0.5714285714285714,0.67610204
40.0,0.5714285714285714,0.5714285714285714,0.6453817
40.0,0.6428571428571428,0.5714285714285714,0.56640613
40.0,0.7142857142857142,0.5714285714285714,0.46100664
40.0,0.7857142857142857,0.5714285714285714,0.34543312
40.0,0.8571428571428571,0.5714285714285714,0.2284466
40.0,0.9285714285714285,0.5714285714285714,0.11502173
40.0,1.0,0.5714285714285714,0.008240949
40.0,0.0,0.6428571428571428,-0.010991789
40.0,0.07142857142857142,0.6428571428571428,0.090920776
40.0,0.14285714285714285,0.6428571428571428,0.19474149
40.0,0.21428571428571427,0.6428571428571428,0.2986642
40.0,0.2857142857142857,0.6428571428571428,0.40059355
40.0,0.3571428571428571,0.6428571428571428,0.4950211
40.0,0.42857142857142855,0.6428571428571428,0.5666746
40.0,0.5,0.6428571428571428,0.59404415
40.0,0.5714285714285714,0.6428571428571428,0.5677615
40.0,0.6428571428571428,0.6428571428571428,0.49858803
40.0,0.7142857142857142,0.6428571428571428,0.4052903
40.0,0.7857142857142857,0.6428571428571428,0.30218574
40.0,0.8571428571428571,0.6428571428571428,0.19751024
40.0,0.9285714285714285,0.6428571428571428,0.09611706
40.0,1.0,0.6428571428571428,0.0008162372
40.0,0.0,0.7142857142857142,-0.008173317
40.0,0.07142857142857142,0.7142857142857142,0.07472155
40.0,0.14285714285714285,0.7142857142857142,0.1579668
40.0,0.21428571428571427,0.7142857142857142,0.24118283
40.0,0.2857142857142857,0.7142857142857142,0.32348433
40.0,0.3571428571428571,0.7142857142857142,0.40060678
40.0,0.42857142857142855,0.7142857142857142,0.4597468
40.0,0.5,0.7142857142857142,0.4830618
40.0,0.5714285714285714,0.7142857142857142,0.46251485
40.0,0.6428571428571428,0.7142857142857142,0.40610823
40.0,0.7142857142857142,0.7142857142857142,0.32886988
40.0,0.7857142857142857,0.7142857142857142,0.24310637
40.0,0.8571428571428571,0.7142857142857142,0.15616918
40.0,0.9285714285714285,0.7142857142857142,0.07200498
40.0,1.0,0.7142857142857142,-0.0075871497
40.0,0.0,0.7857142857142857,-0.0029799938
40.0,0.07142857142857142,0.7857142857142857,0.057817876
40.0,0.14285714285714285,0.7857142857142857,0.11742804
40.0,0.21428571428571427,0.7857142857142857,0.17740393
40.0,0.2857142857142857,0.7857142857142857,0.23835218
40.0,0.3571428571428571,0.7857142857142857,0.29674673
40.0,0.42857142857142855,0.7857142857142857,0.34176806
40.0,0.5,0.7857142857142857,0.35971677
40.0,0.5714285714285714,0.7857142857142857,0.34459165
40.0,0.6428571428571428,0.7857142857142857,0.3020115
40.0,0.7142857142857142,0.7857142857142857,0.24328798
40.0,0.7857142857142857,0.7857142857142857,0.17825219
40.0,0.8571428571428571,0.7857142857142857,0.11260311
40.0,0.9285714285714285,0.7857142857142857,0.048647895
40.0,1.0,0.7857142857142857,-0.013247948
40.0,0.0,0.8571428571428571,0.0024179518
40.0,0.07142857142857142,0.8571428571428571,0.040242583
40.0,0.14285714285714285,0.8571428571428571,0.07601178
40.0,0.21428571428571427,0.8571428571428571,0.11319203
40.0,0.2857142857142857,0.8571428571428571,0.15338516
40.0,0.3571428571428571,0.8571428571428571,0.1931785
40.0,0.42857142857142855,0.8571428571428571,0.22364217
40.0,0.5,0.8571428571428571,0.23535308
40.0,0.5714285714285714,0.8571428571428571,0.22478455
40.0,0.6428571428571428,0.8571428571428571,0.1958963
40.0,0.7142857142857142,0.8571428571428571,0.15640381
40.0,0.7857142857142857,0.8571428571428571,0.113055885
40.0,0.8571428571428571,0.8571428571428571,0.06938439
40.0,0.9285714285714285,0.8571428571428571,0.02601254
40.0,1.0,0.8571428571428571,-0.01796245
40.0,0.0,0.9285714285714285,0.003884647
40.0,0.07142857142857142,0.9285714285714285,0.019742645
40.0,0.14285714285714285,0.9285714285714285,0.033557445
40.0,0.21428571428571427,0.9285714285714285,0.04988762
40.0,0.2857142857142857,0.9285714285714285,0.07050866
40.0,0.3571428571428571,0.9285714285714285,0.09234669
40.0,0.42857142857142855,0.9285714285714285,0.109063976
40.0,0.5,0.9285714285714285,0.11525244
40.0,0.5714285714285714,0.9285714285714285,0.109362155
40.0,0.6428571428571428,0.9285714285714285,0.09378397
40.0,0.7142857142857142,0.9285714285714285,0.0727385
40.0,0.7857142857142857,0.9285714285714285,0.049735498
40.0,0.8571428571428571,0.9285714285714285,0.026187822
40.0,0.9285714285714285,0.9285714285714285,0.001510499
40.0,1.0,0.9285714285714285,-0.025899958
40.0,0.0,1.0,-0.0039661117
40.0,0.07142857142857142,1.0,-0.0079583265
40.0,0.14285714285714285,1.0,-0.013399538
40.0,0.21428571428571427,1.0,-0.015639383
40.0,0.2857142857142857,1.0,-0.012966551
40.0,0.3571428571428571,1.0,-0.0071901977
40.0,0.42857142857142855,1.0,-0.001577843
40.0,0.5,1.0,0.0014829747
40.0,0.5714285714285714,1.0,0.0012478791
40.0,0.6428571428571428,1.0,-0.0016815122
40.0,0.7142857142857142,1.0,-0.006147573
40.0,0.7857142857142857,1.0,-0.011401886
40.0,0.8571428571428571,1.0,-0.017735967
40.0,0.9285714285714285,1.0,-0.02648577
40.0,1.0,1.0,-0.039491408
41.0,0.0,0.0,-0.020222567
41.0,0.07142857142857142,0.0,-0.015610341
41.0,0.14285714285714285,0.0,-0.015189029
41.0,0.21428571428571427,0.0,-0.01652594
41.0,0.2857142857142857,0.0,-0.016466007
41.0,0.3571428571428571,0.0,-0.012980476
41.0,0.42857142857142855,0.0,-0.007817507
41.0,0.5,0.0,-0.005363442
41.0,0.5714285714285714,0.0,-0.007743068
41.0,0.6428571428571428,0.0,-0.012448985
41.0,0.7142857142857142,0.0,-0.014678948
41.0,0.7857142857142857,0.0,-0.0119233765
41.0,0.8571428571428571,0.0,-0.0068904343
41.0,0.9285714285714285,0.0,-0.0056516184
41.0,1.0,0.0,-0.013255639
41.0,0.0,0.07142857142857142,-0.0146599
41.0,0.07142857142857142,0.07142857142857142,0.00889644
41.0,0.14285714285714285,0.07142857142857142,0.029785223
41.0,0.21428571428571427,0.07142857142857142,0.049569994
41.0,0.2857142857142857,0.07142857142857142,0.06993881
41.0,0.3571428571428571,0.07142857142857142,0.09072838
41.0,0.42857142857142855,0.07142857142857142,0.10735447
41.0,0.5,0.07142857142857142,0.113010846
41.0,0.5714285714285714,0.07142857142857142,0.10503102
41.0,0.6428571428571428,0.07142857142857142,0.0875692
41.0,0.7142857142857142,0.07142857142857142,0.0681796
41.0,0.7857142857142857,0.07142857142857142,0.051457733
41.0,0.8571428571428571,0.07142857142857142,0.035610147
41.0,0.9285714285714285,0.07142857142857142,0.015699625
41.0,1.0,0.07142857142857142,-0.0115619525
41.0,0.0,0.14285714285714285,-0.015055846
41.0,0.07142857142857142,0.14285714285714285,0.02826593
41.0,0.14285714285714285,0.14285714285714285,0.07082052
41.0,0.21428571428571427,0.14285714285714285,0.11329099
41.0,0.2857142857142857,0.14285714285714285,0.15579805
41.0,0.3571428571428571,0.14285714285714285,0.19579855
41.0,0.42857142857142855,0.14285714285714285,0.22562999
41.0,0.5,0.14285714285714285,0.23573893
41.0,0.5714285714285714,0.14285714285714285,0.22252467
41.0,0.6428571428571428,0.14285714285714285,0.19154543
41.0,0.7142857142857142,0.14285714285714285,0.15316296
41.0,0.7857142857142857,0.14285714285714285,0.11432878
41.0,0.8571428571428571,0.14285714285714285,0.07492841
41.0,0.9285714285714285,0.14285714285714285,0.032231264
41.0,1.0,0.14285714285714285,-0.0149436705
41.0,0.0,0.21428571428571427,-0.017359734
41.0,0.07142857142857142,0.21428571428571427,0.046161994
41.0,0.14285714285714285,0.21428571428571427,0.11077156
41.0,0.21428571428571427,0.21428571428571427,0.17623764
41.0,0.2857142857142857,0.21428571428571427,0.24115485
41.0,0.3571428571428571,0.21428571428571427,0.3007543
41.0,0.42857142857142855,0.21428571428571427,0.34450102
41.0,0.5,0.21428571428571427,0.36005408
41.0,0.5714285714285714,0.21428571428571427,0.34242472
41.0,0.6428571428571428,0.21428571428571427,0.29810083
41.0,0.7142857142857142,0.21428571428571427,0.24008682
41.0,0.7857142857142857,0.21428571428571427,0.17793405
41.0,0.8571428571428571,0.21428571428571427,0.11406437
41.0,0.9285714285714285,0.21428571428571427,0.048631735
41.0,1.0,0.21428571428571427,-0.017695483
41.0,0.0,0.2857142857142857,-0.017770797
41.0,0.07142857142857142,0.2857142857142857,0.06590305
41.0,0.14285714285714285,0.2857142857142857,0.15206644
41.0,0.21428571428571427,0.2857142857142857,0.23944807
41.0,0.2857142857142857,0.2857142857142857,0.32529327
41.0,0.3571428571428571,0.2857142857142857,0.40311557
41.0,0.42857142857142855,0.2857142857142857,0.46011794
41.0,0.5,0.2857142857142857,0.48134306
41.0,0.5714285714285714,0.2857142857142857,0.45999163
41.0,0.6428571428571428,0.2857142857142857,0.40304697
41.0,0.7142857142857142,0.2857142857142857,0.3260197
41.0,0.7857142857142857,0.2857142857142857,0.24132776
41.0,0.8571428571428571,0.2857142857142857,0.15445977
41.0,0.9285714285714285,0.2857142857142857,0.068258174
41.0,1.0,0.2857142857142857,-0.015458692
41.0,0.0,0.3571428571428571,-0.014858648
41.0,0.07142857142857142,0.3571428571428571,0.087524645
41.0,0.14285714285714285,0.3571428571428571,0.19321665
41.0,0.21428571428571427,0.3571428571428571,0.29976186
41.0,0.2857142857142857,0.3571428571428571,0.40337625
41.0,0.3571428571428571,0.3571428571428571,0.496552
41.0,0.42857142857142855,0.3571428571428571,0.5648671
41.0,0.5,0.3571428571428571,0.59086585
41.0,0.5714285714285714,0.3571428571428571,0.5658211
41.0,0.6428571428571428,0.3571428571428571,0.49733216
41.0,0.7142857142857142,0.3571428571428571,0.40350127
41.0,0.7857142857142857,0.3571428571428571,0.29960394
41.0,0.8571428571428571,0.3571428571428571,0.1938357
41.0,0.9285714285714285,0.3571428571428571,0.090728216
41.0,1.0,0.3571428571428571,-0.007396426
41.0,0.0,0.42857142857142855,-0.010942809
41.0,0.07142857142857142,0.42857142857142855,0.105207466
41.0,0.14285714285714285,0.42857142857142855,0.22518787
41.0,0.21428571428571427,0.42857142857142855,0.34558937
41.0,0.2857142857142857,0.42857142857142855,0.46208975
41.0,0.3571428571428571,0.42857142857142855,0.5666799
41.0,0.42857142857142855,0.42857142857142855,0.64345556
41.0,0.5,0.42857142857142855,0.6723981
41.0,0.5714285714285714,0.42857142857142855,0.6434337
41.0,0.6428571428571428,0.42857142857142855,0.5656829
41.0,0.7142857142857142,0.42857142857142855,0.45981297
41.0,0.7857142857142857,0.42857142857142855,0.34306556
41.0,0.8571428571428571,0.42857142857142855,0.2250036
41.0,0.9285714285714285,0.42857142857142855,0.11075419
41.0,1.0,0.42857142857142855,0.0029517487
41.0,0.0,0.5,-0.009469487
41.0,0.07142857142857142,0.5,0.11113791
41.0,0.14285714285714285,0.5,0.23579273
41.0,0.21428571428571427,0.5,0.3609711
41.0,0.2857142857142857,0.5,0.48258272
41.0,0.3571428571428571,0.5,0.59263104
41.0,0.42857142857142855,0.5,0.6738305
41.0,0.5,0.5,0.70385665
41.0,0.5714285714285714,0.5,0.67239773
41.0,0.6428571428571428,0.5,0.5906779
41.0,0.7142857142857142,0.5,0.48078966
41.0,0.7857142857142857,0.5,0.36013907
41.0,0.8571428571428571,0.5,0.23826468
41.0,0.9285714285714285,0.5,0.120415084
41.0,1.0,0.5,0.009650037
41.0,0.0,0.5714285714285714,-0.0102566555
41.0,0.07142857142857142,0.5714285714285714,0.10453157
41.0,0.14285714285714285,0.5714285714285714,0.22284201
41.0,0.21428571428571427,0.5714285714285714,0.34173498
41.0,0.2857142857142857,0.5714285714285714,0.45791996
41.0,0.3571428571428571,0.5714285714285714,0.56428903
41.0,0.42857142857142855,0.5714285714285714,0.6436687
41.0,0.5,0.5714285714285714,0.6731403
41.0,0.5714285714285714,0.5714285714285714,0.64288646
41.0,0.6428571428571428,0.5714285714285714,0.56484693
41.0,0.7142857142857142,0.5714285714285714,0.46014017
41.0,0.7857142857142857,0.5714285714285714,0.34480992
41.0,0.8571428571428571,0.5714285714285714,0.22787938
41.0,0.9285714285714285,0.5714285714285714,0.1147191
41.0,1.0,0.5714285714285714,0.0086843
41.0,0.0,0.6428571428571428,-0.010223351
41.0,0.07142857142857142,0.6428571428571428,0.09097651
41.0,0.14285714285714285,0.6428571428571428,0.19449568
41.0,0.21428571428571427,0.6428571428571428,0.29832017
41.0,0.2857142857142857,0.6428571428571428,0.4000721
41.0,0.3571428571428571,0.6428571428571428,0.4940157
41.0,0.42857142857142855,0.6428571428571428,0.5649885
41.0,0.5,0.6428571428571428,0.59206057
41.0,0.5714285714285714,0.6428571428571428,0.5661948
41.0,0.6428571428571428,0.6428571428571428,0.49773985
41.0,0.7142857142857142,0.6428571428571428,0.40490237
41.0,0.7857142857142857,0.6428571428571428,0.30188486
41.0,0.8571428571428571,0.6428571428571428,0.19717908
41.0,0.9285714285714285,0.6428571428571428,0.09597433
41.0,1.0,0.6428571428571428,0.0013059564
41.0,0.0,0.7142857142857142,-0.00748723
41.0,0.07142857142857142,0.7142857142857142,0.07490367
41.0,0.14285714285714285,0.7142857142857142,0.15798688
41.0,0.21428571428571427,0.7142857142857142,0.24115983
41.0,0.2857142857142857,0.7142857142857142,0.3233131
41.0,0.3571428571428571,0.7142857142857142,0.40005642
41.0,0.42857142857142855,0.7142857142857142,0.45870844
41.0,0.5,0.7142857142857142,0.4818333
41.0,0.5714285714285714,0.7142857142857142,0.46158507
41.0,0.6428571428571428,0.7142857142857142,0.40565977
41.0,0.7142857142857142,0.7142857142857142,0.3287046
41.0,0.7857142857142857,0.7142857142857142,0.24296004
41.0,0.8571428571428571,0.7142857142857142,0.15596968
41.0,0.9285714285714285,0.7142857142857142,0.07193712
41.0,1.0,0.7142857142857142,-0.007152058
41.0,0.0,0.7857142857142857,-0.002412051
41.0,0.07142857142857142,0.7857142857142857,0.058025815
41.0,0.14285714285714285,0.7857142857142857,0.11755855
41.0,0.21428571428571427,0.7857142857142857,0.17751962
41.0,0.2857142857142857,0.7857142857142857,0.23833185
41.0,0.3571428571428571,0.7857142857142857,0.29640818
41.0,0.42857142857142855,0.7857142857142857,0.34106064
41.0,0.5,0.7857142857142857,0.3588607
41.0,0.5714285714285714,0.7857142857142857,0.3439117
41.0,0.6428571428571428,0.7857142857142857,0.30164048
41.0,0.7142857142857142,0.7857142857142857,0.2431167
41.0,0.7857142857142857,0.7857142857142857,0.17810908
41.0,0.8571428571428571,0.7857142857142857,0.11243327
41.0,0.9285714285714285,0.7857142857142857,0.04858342
41.0,1.0,0.7857142857142857,-0.0129123125
41.0,0.0,0.8571428571428571,0.0028254986
41.0,0.07142857142857142,0.8571428571428571,0.040392853
41.0,0.14285714285714285,0.8571428571428571,0.07614637
41.0,0.21428571428571427,0.8571428571428571,0.11334788
41.0,0.2857142857142857,0.8571428571428571,0.15343985
41.0,0.3571428571428571,0.8571428571428571,0.19298229
41.0,0.42857142857142855,0.8571428571428571,0.2231709
41.0,0.5,0.8571428571428571,0.23476207
41.0,0.5714285714285714,0.8571428571428571,0.22428685
41.0,0.6428571428571428,0.8571428571428571,0.19559827
41.0,0.7142857142857142,0.8571428571428571,0.15626353
41.0,0.7857142857142857,0.8571428571428571,0.11297303
41.0,0.8571428571428571,0.8571428571428571,0.069317214
41.0,0.9285714285714285,0.8571428571428571,0.026050873
41.0,1.0,0.8571428571428571,-0.017594388
41.0,0.0,0.9285714285714285,0.0041502193
41.0,0.07142857142857142,0.9285714285714285,0.019864094
41.0,0.14285714285714285,0.9285714285714285,0.033749823
41.0,0.21428571428571427,0.9285714285714285,0.050183386
41.0,0.2857142857142857,0.9285714285714285,0.07080182
41.0,0.3571428571428571,0.9285714285714285,0.09251515
41.0,0.42857142857142855,0.9285714285714285,0.10907515
41.0,0.5,0.9285714285714285,0.11517898
41.0,0.5714285714285714,0.9285714285714285,0.109312765
41.0,0.6428571428571428,0.9285714285714285,0.09382216
41.0,0.7142857142857142,0.9285714285714285,0.072855555
41.0,0.7857142857142857,0.9285714285714285,0.04988754
41.0,0.8571428571428571,0.9285714285714285,0.02636569
41.0,0.9285714285714285,0.9285714285714285,0.0017920043
41.0,1.0,0.9285714285714285,-0.025336735
41.0,0.0,1.0,-0.003705576
41.0,0.07142857142857142,1.0,-0.0076848865
41.0,0.14285714285714285,1.0,-0.012920439
41.0,0.21428571428571427,1.0,-0.014922546
41.0,0.2857142857142857,1.0,-0.012097189
41.0,0.3571428571428571,1.0,-0.00628376
41.0,0.42857142857142855,1.0,-0.0007141605
41.0,0.5,1.0,0.0022764374
41.0,0.5714285714285714,1.0,0.0019769575
41.0,0.6428571428571428,1.0,-0.001004966
41.0,0.7142857142857142,1.0,-0.005523864
41.0,0.7857142857142857,1.0,-0.010831937
41.0,0.8571428571428571,1.0,-0.01719037
41.0,0.9285714285714285,1.0,-0.025874246
41.0,1.0,1.0,-0.038654078
42.0,0.0,0.0,-0.019961208
42.0,0.07142857142857142,0.0,-0.015432116
42.0,0.14285714285714285,0.0,-0.014929831
42.0,0.21428571428571427,0.0,-0.016054511
42.0,0.2857142857142857,0.0,-0.015752092
42.0,0.3571428571428571,0.0,-0.012145691
42.0,0.42857142857142855,0.0,-0.0070160255
42.0,0.5,0.0,-0.0046010017
42.0,0.5714285714285714,0.0,-0.0069335364
42.0,0.6428571428571428,0.0,-0.011601351
42.0,0.7142857142857142,0.0,-0.013927123
42.0,0.7857142857142857,0.0,-0.011360377
42.0,0.8571428571428571,0.0,-0.0064035985
42.0,0.9285714285714285,0.0,-0.0049767494
42.0,1.0,0.0,-0.0121535435
42.0,0.0,0.07142857142857142,-0.014508355
42.0,0.07142857142857142,0.07142857142857142,0.008862466
42.0,0.14285714285714285,0.07142857142857142,0.029729731
42.0,0.21428571428571427,0.07142857142857142,0.049596354
42.0,0.2857142857142857,0.07142857142857142,0.07003556
42.0,0.3571428571428571,0.07142857142857142,0.09075157
42.0,0.42857142857142855,0.07142857142857142,0.107195005
42.0,0.5,0.07142857142857142,0.11277954
42.0,0.5714285714285714,0.07142857142857142,0.104933284
42.0,0.6428571428571428,0.07142857142857142,0.08765318
42.0,0.7142857142857142,0.07142857142857142,0.06829909
42.0,0.7857142857142857,0.07142857142857142,0.05148591
42.0,0.8571428571428571,0.07142857142857142,0.03562983
42.0,0.9285714285714285,0.07142857142857142,0.0159305
42.0,1.0,0.07142857142857142,-0.0109163355
42.0,0.0,0.14285714285714285,-0.014881641
42.0,0.07142857142857142,0.14285714285714285,0.028181843
42.0,0.14285714285714285,0.14285714285714285,0.07066011
42.0,0.21428571428571427,0.14285714285714285,0.11314207
42.0,0.2857142857142857,0.14285714285714285,0.15560985
42.0,0.3571428571428571,0.14285714285714285,0.19540039
42.0,0.42857142857142855,0.14285714285714285,0.22493768
42.0,0.5,0.14285714285714285,0.2349486
42.0,0.5714285714285714,0.14285714285714285,0.22193646
42.0,0.6428571428571428,0.14285714285714285,0.19126049
42.0,0.7142857142857142,0.14285714285714285,0.15303016
42.0,0.7857142857142857,0.14285714285714285,0.11418801
42.0,0.8571428571428571,0.14285714285714285,0.07481489
42.0,0.9285714285714285,0.14285714285714285,0.032301135
42.0,1.0,0.14285714285714285,-0.014512915
42.0,0.0,0.21428571428571427,-0.01704926
42.0,0.07142857142857142,0.21428571428571427,0.04615459
42.0,0.14285714285714285,0.21428571428571427,0.110669516
42.0,0.21428571428571427,0.21428571428571427,0.17612863
42.0,0.2857142857142857,0.21428571428571427,0.24095598
42.0,0.3571428571428571,0.21428571428571427,0.30025792
42.0,0.42857142857142855,0.21428571428571427,0.3436177
42.0,0.5,0.21428571428571427,0.3590237
42.0,0.5714285714285714,0.21428571428571427,0.34162235
42.0,0.6428571428571428,0.21428571428571427,0.29768804
42.0,0.7142857142857142,0.21428571428571427,0.23992428
42.0,0.7857142857142857,0.21428571428571427,0.17783448
42.0,0.8571428571428571,0.21428571428571427,0.1140058
42.0,0.9285714285714285,0.21428571428571427,0.04870627
42.0,1.0,0.21428571428571427,-0.01730331
42.0,0.0,0.2857142857142857,-0.017258562
42.0,0.07142857142857142,0.2857142857142857,0.065996975
42.0,0.14285714285714285,0.2857142857142857,0.15202945
42.0,0.21428571428571427,0.2857142857142857,0.23939362
42.0,0.2857142857142857,0.2857142857142857,0.3251236
42.0,0.3571428571428571,0.2857142857142857,0.4025836
42.0,0.42857142857142855,0.2857142857142857,0.45910117
42.0,0.5,0.2857142857142857,0.48009446
42.0,0.5714285714285714,0.2857142857142857,0.45896283
42.0,0.6428571428571428,0.2857142857142857,0.40248704
42.0,0.7142857142857142,0.2857142857142857,0.32581666
42.0,0.7857142857142857,0.2857142857142857,0.24126431
42.0,0.8571428571428571,0.2857142857142857,0.15444726
42.0,0.9285714285714285,0.2857142857142857,0.068351336
42.0,1.0,0.2857142857142857,-0.01503187
42.0,0.0,0.3571428571428571,-0.014152944
42.0,0.07142857142857142,0.3571428571428571,0.08761359
42.0,0.14285714285714285,0.3571428571428571,0.19304913
42.0,0.21428571428571427,0.3571428571428571,0.2995126
42.0,0.2857142857142857,0.3571428571428571,0.4029677
42.0,0.3571428571428571,0.3571428571428571,0.4957056
42.0,0.42857142857142855,0.3571428571428571,0.56341356
42.0,0.5,0.3571428571428571,0.5890717
42.0,0.5714285714285714,0.3571428571428571,0.56425005
42.0,0.6428571428571428,0.3571428571428571,0.49635655
42.0,0.7142857142857142,0.3571428571428571,0.4030406
42.0,0.7857142857142857,0.3571428571428571,0.299389
42.0,0.8571428571428571,0.3571428571428571,0.19370416
42.0,0.9285714285714285,0.3571428571428571,0.09072858
42.0,1.0,0.3571428571428571,-0.006962482
42.0,0.0,0.42857142857142855,-0.010135844
42.0,0.07142857142857142,0.42857142857142855,0.10514693
42.0,0.14285714285714285,0.42857142857142855,0.22467735
42.0,0.21428571428571427,0.42857142857142855,0.34487724
42.0,0.2857142857142857,0.42857142857142855,0.4611358
42.0,0.3571428571428571,0.42857142857142855,0.56517994
42.0,0.42857142857142855,0.42857142857142855,0.6411979
42.0,0.5,0.42857142857142855,0.6697035
42.0,0.5714285714285714,0.42857142857142855,0.64103043
42.0,0.6428571428571428,0.42857142857142855,0.56407166
42.0,0.7142857142857142,0.42857142857142855,0.45891207
42.0,0.7857142857142857,0.42857142857142855,0.34252363
42.0,0.8571428571428571,0.42857142857142855,0.22459334
42.0,0.9285714285714285,0.42857142857142855,0.11054986
42.0,1.0,0.42857142857142855,0.0033317097
42.0,0.0,0.5,-0.008672543
42.0,0.07142857142857142,0.5,0.11095444
42.0,0.14285714285714285,0.5,0.23506892
42.0,0.21428571428571427,0.5,0.35998666
42.0,0.2857142857142857,0.5,0.4813003
42.0,0.3571428571428571,0.5,0.5907086
42.0,0.42857142857142855,0.5,0.67102563
42.0,0.5,0.5,0.7005738
42.0,0.5714285714285714,0.5,0.66951376
42.0,0.6428571428571428,0.5,0.58873904
42.0,0.7142857142857142,0.5,0.47965148
42.0,0.7857142857142857,0.5,0.35937792
42.0,0.8571428571428571,0.5,0.23763895
42.0,0.9285714285714285,0.5,0.12005032
42.0,1.0,0.5,0.009978838
42.0,0.0,0.5714285714285714,-0.009512626
42.0,0.07142857142857142,0.5714285714285714,0.10440698
42.0,0.14285714285714285,0.5714285714285714,0.22227657
42.0,0.21428571428571427,0.5714285714285714,0.34097776
42.0,0.2857142857142857,0.5714285714285714,0.45690995
42.0,0.3571428571428571,0.5714285714285714,0.56267476
42.0,0.42857142857142855,0.5714285714285714,0.6412047
42.0,0.5,0.5714285714285714,0.6702526
42.0,0.5714285714285714,0.5714285714285714,0.6404384
42.0,0.6428571428571428,0.5714285714285714,0.5632918
42.0,0.7142857142857142,0.5714285714285714,0.45926145
42.0,0.7857142857142857,0.5714285714285714,0.34418318
42.0,0.8571428571428571,0.5714285714285714,0.22731462
42.0,0.9285714285714285,0.5714285714285714,0.11439311
42.0,1.0,0.5714285714285714,0.009041917
42.0,0.0,0.6428571428571428,-0.009535931
42.0,0.07142857142857142,0.6428571428571428,0.09101561
42.0,0.14285714285714285,0.6428571428571428,0.19426435
42.0,0.21428571428571427,0.6428571428571428,0.29799196
42.0,0.2857142857142857,0.6428571428571428,0.39955965
42.0,0.3571428571428571,0.6428571428571428,0.49302304
42.0,0.42857142857142855,0.6428571428571428,0.563332
42.0,0.5,0.6428571428571428,0.590109
42.0,0.5714285714285714,0.6428571428571428,0.5646304
42.0,0.6428571428571428,0.6428571428571428,0.49686164
42.0,0.7142857142857142,0.6428571428571428,0.4044808
42.0,0.7857142857142857,0.6428571428571428,0.30157086
42.0,0.8571428571428571,0.6428571428571428,0.19684887
42.0,0.9285714285714285,0.6428571428571428,0.09581346
42.0,1.0,0.6428571428571428,0.0017199144
42.0,0.0,0.7142857142857142,-0.0068788007
42.0,0.07142857142857142,0.7142857142857142,0.075067535
42.0,0.14285714285714285,0.7142857142857142,0.15801814
42.0,0.21428571428571427,0.7142857142857142,0.24115252
42.0,0.2857142857142857,0.7142857142857142,0.32315618
42.0,0.3571428571428571,0.7142857142857142,0.3995236
42.0,0.42857142857142855,0.7142857142857142,0.45769346
42.0,0.5,0.7142857142857142,0.48062074
42.0,0.5714285714285714,0.7142857142857142,0.4606456
42.0,0.6428571428571428,0.7142857142857142,0.40518054
42.0,0.7142857142857142,0.7142857142857142,0.32851323
42.0,0.7857142857142857,0.7142857142857142,0.2428084
42.0,0.8571428571428571,0.7142857142857142,0.15577891
42.0,0.9285714285714285,0.7142857142857142,0.07186107
42.0,1.0,0.7142857142857142,-0.0067768097
42.0,0.0,0.7857142857142857,-0.0019354448
42.0,0.07142857142857142,0.7857142857142857,0.0582008
42.0,0.14285714285714285,0.7857142857142857,0.117687784
42.0,0.21428571428571427,0.7857142857142857,0.17764667
42.0,0.2857142857142857,0.7857142857142857,0.23832965
42.0,0.3571428571428571,0.7857142857142857,0.29609478
42.0,0.42857142857142855,0.7857142857142857,0.3403813
42.0,0.5,0.7857142857142857,0.35802495
42.0,0.5714285714285714,0.7857142857142857,0.34323478
42.0,0.6428571428571428,0.7857142857142857,0.30125883
42.0,0.7142857142857142,0.7857142857142857,0.24293604
42.0,0.7857142857142857,0.7857142857142857,0.17796889
42.0,0.8571428571428571,0.7857142857142857,0.11227142
42.0,0.9285714285714285,0.7857142857142857,0.04850877
42.0,1.0,0.7857142857142857,-0.012633676
42.0,0.0,0.8571428571428571,0.0031169206
42.0,0.07142857142857142,0.8571428571428571,0.04048255
42.0,0.14285714285714285,0.8571428571428571,0.076255016
42.0,0.21428571428571427,0.8571428571428571,0.11349588
42.0,0.2857142857142857,0.8571428571428571,0.15349752
42.0,0.3571428571428571,0.8571428571428571,0.19279772
42.0,0.42857142857142855,0.8571428571428571,0.22271547
42.0,0.5,0.8571428571428571,0.23418322
42.0,0.5714285714285714,0.8571428571428571,0.22379166
42.0,0.6428571428571428,0.8571428571428571,0.1952937
42.0,0.7142857142857142,0.8571428571428571,0.15611446
42.0,0.7857142857142857,0.8571428571428571,0.112883106
42.0,0.8571428571428571,0.8571428571428571,0.06923976
42.0,0.9285714285714285,0.8571428571428571,0.026059657
42.0,1.0,0.8571428571428571,-0.017296694
42.0,0.0,0.9285714285714285,0.004272133
42.0,0.07142857142857142,0.9285714285714285,0.019891158
42.0,0.14285714285714285,0.9285714285714285,0.033879176
42.0,0.21428571428571427,0.9285714285714285,0.05043167
42.0,0.2857142857142857,0.9285714285714285,0.07105621
42.0,0.3571428571428571,0.9285714285714285,0.09265063
42.0,0.42857142857142855,0.9285714285714285,0.109057575
42.0,0.5,0.9285714285714285,0.1150778
42.0,0.5714285714285714,0.9285714285714285,0.10923324
42.0,0.6428571428571428,0.9285714285714285,0.09382715
42.0,0.7142857142857142,0.9285714285714285,0.07293763
42.0,0.7857142857142857,0.9285714285714285,0.050004885
42.0,0.8571428571428571,0.9285714285714285,0.026503619
42.0,0.9285714285714285,0.9285714285714285,0.0020177849
42.0,1.0,0.9285714285714285,-0.024860833
42.0,0.0,1.0,-0.003611818
42.0,0.07142857142857142,1.0,-0.007540662
42.0,0.14285714285714285,1.0,-0.012550237
42.0,0.21428571428571427,1.0,-0.0143066
42.0,0.2857142857142857,1.0,-0.011326987
42.0,0.3571428571428571,1.0,-0.0054764133
42.0,0.42857142857142855,1.0,5.3230673e-05
42.0,0.5,1.0,0.002977781
42.0,0.5714285714285714,1.0,0.002618719
42.0,0.6428571428571428,1.0,-0.00041112304
42.0,0.7142857142857142,1.0,-0.004977744
42.0,0.7857142857142857,1.0,-0.010334527
42.0,0.8571428571428571,1.0,-0.016717056
42.0,0.9285714285714285,1.0,-0.025343725
42.0,1.0,1.0,-0.03791865
43.0,0.0,0.0,-0.01981093
43.0,0.07142857142857142,0.0,-0.015336525
43.0,0.14285714285714285,0.0,-0.014728427
43.0,0.21428571428571427,0.0,-0.015626028
43.0,0.2857142857142857,0.0,-0.015078157
43.0,0.3571428571428571,0.0,-0.011353664
43.0,0.42857142857142855,0.0,-0.0062594786
43.0,0.5,0.0,-0.0038885586
43.0,0.5714285714285714,0.0,-0.0061862282
43.0,0.6428571428571428,0.0,-0.010824773
43.0,0.7142857142857142,0.0,-0.013248388
43.0,0.7857142857142857,0.0,-0.010875975
43.0,0.8571428571428571,0.0,-0.0060208775
43.0,0.9285714285714285,0.0,-0.004448628
43.0,1.0,0.0,-0.011241894
43.0,0.0,0.07142857142857142,-0.014447011
43.0,0.07142857142857142,0.07142857142857142,0.0087726265
43.0,0.14285714285714285,0.07142857142857142,0.029643834
43.0,0.21428571428571427,0.07142857142857142,0.049605586
43.0,0.2857142857142857,0.07142857142857142,0.07011876
43.0,0.3571428571428571,0.07142857142857142,0.090763584
43.0,0.42857142857142855,0.07142857142857142,0.10703075
43.0,0.5,0.07142857142857142,0.11254226
43.0,0.5714285714285714,0.07142857142857142,0.10481628
43.0,0.6428571428571428,0.07142857142857142,0.08770576
43.0,0.7142857142857142,0.07142857142857142,0.068386205
43.0,0.7857142857142857,0.07142857142857142,0.051477462
43.0,0.8571428571428571,0.07142857142857142,0.03558818
43.0,0.9285714285714285,0.07142857142857142,0.01605853
43.0,1.0,0.07142857142857142,-0.010420047
43.0,0.0,0.14285714285714285,-0.014777437
43.0,0.07142857142857142,0.14285714285714285,0.028067417
43.0,0.14285714285714285,0.14285714285714285,0.07049417
43.0,0.21428571428571427,0.14285714285714285,0.11299541
43.0,0.2857142857142857,0.14285714285714285,0.15542468
43.0,0.3571428571428571,0.14285714285714285,0.19500992
43.0,0.42857142857142855,0.14285714285714285,0.22426486
43.0,0.5,0.14285714285714285,0.23417804
43.0,0.5714285714285714,0.14285714285714285,0.22135228
43.0,0.6428571428571428,0.14285714285714285,0.19096512
43.0,0.7142857142857142,0.14285714285714285,0.15288663
43.0,0.7857142857142857,0.14285714285714285,0.114036016
43.0,0.8571428571428571,0.14285714285714285,0.07467125
43.0,0.9285714285714285,0.14285714285714285,0.032304034
43.0,1.0,0.14285714285714285,-0.014195513
43.0,0.0,0.21428571428571427,-0.016795382
43.0,0.07142857142857142,0.21428571428571427,0.046132736
43.0,0.14285714285714285,0.21428571428571427,0.110573694
43.0,0.21428571428571427,0.21428571428571427,0.17602551
43.0,0.2857142857142857,0.21428571428571427,0.24075791
43.0,0.3571428571428571,0.21428571428571427,0.2997682
43.0,0.42857142857142855,0.21428571428571427,0.34275666
43.0,0.5,0.21428571428571427,0.35801905
43.0,0.5714285714285714,0.21428571428571427,0.3408286
43.0,0.6428571428571428,0.21428571428571427,0.29726934
43.0,0.7142857142857142,0.21428571428571427,0.23975658
43.0,0.7857142857142857,0.21428571428571427,0.17773318
43.0,0.8571428571428571,0.21428571428571427,0.11393347
43.0,0.9285714285714285,0.21428571428571427,0.04873883
43.0,1.0,0.21428571428571427,-0.016999483
43.0,0.0,0.2857142857142857,-0.016803324
43.0,0.07142857142857142,0.2857142857142857,0.06607923
43.0,0.14285714285714285,0.2857142857142857,0.15199566
43.0,0.21428571428571427,0.2857142857142857,0.23933452
43.0,0.2857142857142857,0.2857142857142857,0.32494012
43.0,0.3571428571428571,0.2857142857142857,0.40204525
43.0,0.42857142857142855,0.2857142857142857,0.45809886
43.0,0.5,0.2857142857142857,0.4788685
43.0,0.5714285714285714,0.2857142857142857,0.45794135
43.0,0.6428571428571428,0.2857142857142857,0.4019183
43.0,0.7142857142857142,0.2857142857142857,0.32560578
43.0,0.7857142857142857,0.2857142857142857,0.24119923
43.0,0.8571428571428571,0.2857142857142857,0.15442872
43.0,0.9285714285714285,0.2857142857142857,0.06841412
43.0,1.0,0.2857142857142857,-0.014680594
43.0,0.0,0.3571428571428571,-0.013519339
43.0,0.07142857142857142,0.3571428571428571,0.0876795
43.0,0.14285714285714285,0.3571428571428571,0.19287467
43.0,0.21428571428571427,0.3571428571428571,0.2992484
43.0,0.2857142857142857,0.3571428571428571,0.40253502
43.0,0.3571428571428571,0.3571428571428571,0.49484688
43.0,0.42857142857142855,0.3571428571428571,0.5619758
43.0,0.5,0.3571428571428571,0.58730763
43.0,0.5714285714285714,0.3571428571428571,0.5626958
43.0,0.6428571428571428,0.3571428571428571,0.49537754
43.0,0.7142857142857142,0.3571428571428571,0.40257347
43.0,0.7857142857142857,0.3571428571428571,0.2991735
43.0,0.8571428571428571,0.3571428571428571,0.19357058
43.0,0.9285714285714285,0.3571428571428571,0.09070442
43.0,1.0,0.3571428571428571,-0.00660241
43.0,0.0,0.42857142857142855,-0.009421624
43.0,0.07142857142857142,0.42857142857142855,0.10505218
43.0,0.14285714285714285,0.42857142857142855,0.22415924
43.0,0.21428571428571427,0.42857142857142855,0.34415764
43.0,0.2857142857142857,0.42857142857142855,0.46017003
43.0,0.3571428571428571,0.42857142857142855,0.56368554
43.0,0.42857142857142855,0.42857142857142855,0.6389822
43.0,0.5,0.42857142857142855,0.66707164
43.0,0.5714285714285714,0.42857142857142855,0.6386752
43.0,0.6428571428571428,0.42857142857142855,0.56247854
43.0,0.7142857142857142,0.42857142857142855,0.45801577
43.0,0.7857142857142857,0.42857142857142855,0.3419871
43.0,0.8571428571428571,0.42857142857142855,0.22418657
43.0,0.9285714285714285,0.42857142857142855,0.11032321
43.0,1.0,0.42857142857142855,0.003633853
43.0,0.0,0.5,-0.007975258
43.0,0.07142857142857142,0.5,0.1107393
43.0,0.14285714285714285,0.5,0.23434934
43.0,0.21428571428571427,0.5,0.35901207
43.0,0.2857142857142857,0.5,0.48002648
43.0,0.3571428571428571,0.5,0.5888135
43.0,0.42857142857142855,0.5,0.668288
43.0,0.5,0.5,0.69738257
43.0,0.5714285714285714,0.5,0.6667009
43.0,0.6428571428571428,0.5,0.58683044
43.0,0.7142857142857142,0.5,0.4785219
43.0,0.7857142857142857,0.5,0.35862377
43.0,0.8571428571428571,0.5,0.23701924
43.0,0.9285714285714285,0.5,0.11966484
43.0,1.0,0.5,0.010227233
43.0,0.0,0.5714285714285714,-0.008857012
43.0,0.07142857142857142,0.5714285714285714,0.104260676
43.0,0.14285714285714285,0.5714285714285714,0.2217235
43.0,0.21428571428571427,0.5714285714285714,0.3402367
43.0,0.2857142857142857,0.5714285714285714,0.45591176
43.0,0.3571428571428571,0.5714285714285714,0.5610827
43.0,0.42857142857142855,0.5714285714285714,0.6387956
43.0,0.5,0.5714285714285714,0.6674372
43.0,0.5714285714285714,0.5714285714285714,0.6380365
43.0,0.6428571428571428,0.5714285714285714,0.5617414
43.0,0.7142857142857142,0.5714285714285714,0.4583703
43.0,0.7857142857142857,0.5714285714285714,0.34355238
43.0,0.8571428571428571,0.5714285714285714,0.22675195
43.0,0.9285714285714285,0.5714285714285714,0.114046656
43.0,1.0,0.5714285714285714,0.009320363
43.0,0.0,0.6428571428571428,-0.008923426
43.0,0.07142857142857142,0.6428571428571428,0.09104047
43.0,0.14285714285714285,0.6428571428571428,0.19404593
43.0,0.21428571428571427,0.6428571428571428,0.29767767
43.0,0.2857142857142857,0.6428571428571428,0.39905483
43.0,0.3571428571428571,0.6428571428571428,0.49204326
43.0,0.42857142857142855,0.6428571428571428,0.5617048
43.0,0.5,0.6428571428571428,0.5881888
43.0,0.5714285714285714,0.6428571428571428,0.5630701
43.0,0.6428571428571428,0.6428571428571428,0.49595618
43.0,0.7142857142857142,0.6428571428571428,0.40402716
43.0,0.7857142857142857,0.6428571428571428,0.30124307
43.0,0.8571428571428571,0.6428571428571428,0.19651937
43.0,0.9285714285714285,0.6428571428571428,0.09563749
43.0,1.0,0.6428571428571428,0.002065204
43.0,0.0,0.7142857142857142,-0.006343223
43.0,0.07142857142857142,0.7142857142857142,0.0752149
43.0,0.14285714285714285,0.7142857142857142,0.15805757
43.0,0.21428571428571427,0.7142857142857142,0.24115723
43.0,0.2857142857142857,0.7142857142857142,0.3230101
43.0,0.3571428571428571,0.7142857142857142,0.39900532
43.0,0.42857142857142855,0.7142857142857142,0.45669907
43.0,0.5,0.7142857142857142,0.47942215
43.0,0.5714285714285714,0.7142857142857142,0.45969746
43.0,0.6428571428571428,0.7142857142857142,0.40467307
43.0,0.7142857142857142,0.7142857142857142,0.3282956
43.0,0.7857142857142857,0.7142857142857142,0.24265105
43.0,0.8571428571428571,0.7142857142857142,0.15559569
43.0,0.9285714285714285,0.7142857142857142,0.07177826
43.0,1.0,0.7142857142857142,-0.0064564794
43.0,0.0,0.7857142857142857,-0.0015452802
43.0,0.07142857142857142,0.7857142857142857,0.058342747
43.0,0.14285714285714285,0.7857142857142857,0.11781251
43.0,0.21428571428571427,0.7857142857142857,0.17778039
43.0,0.2857142857142857,0.7857142857142857,0.23834056
43.0,0.3571428571428571,0.7857142857142857,0.29580104
43.0,0.42857142857142855,0.7857142857142857,0.33972543
43.0,0.5,0.7857142857142857,0.35720658
43.0,0.5714285714285714,0.7857142857142857,0.34255934
43.0,0.6428571428571428,0.7857142857142857,0.30086616
43.0,0.7142857142857142,0.7857142857142857,0.24274582
43.0,0.7857142857142857,0.7857142857142857,0.17782989
43.0,0.8571428571428571,0.7857142857142857,0.11211645
43.0,0.9285714285714285,0.7857142857142857,0.04842481
43.0,1.0,0.7857142857142857,-0.012406865
43.0,0.0,0.8571428571428571,0.003296852
43.0,0.07142857142857142,0.8571428571428571,0.040512703
43.0,0.14285714285714285,0.8571428571428571,0.07633545
43.0,0.21428571428571427,0.8571428571428571,0.113632105
43.0,0.2857142857142857,0.8571428571428571,0.1535542
43.0,0.3571428571428571,0.8571428571428571,0.1926203
43.0,0.42857142857142855,0.8571428571428571,0.22227257
43.0,0.5,0.8571428571428571,0.23361444
43.0,0.5714285714285714,0.8571428571428571,0.22329816
43.0,0.6428571428571428,0.8571428571428571,0.19498199
43.0,0.7142857142857142,0.8571428571428571,0.15595484
43.0,0.7857142857142857,0.8571428571428571,0.112784654
43.0,0.8571428571428571,0.8571428571428571,0.069151476
43.0,0.9285714285714285,0.8571428571428571,0.02603969
43.0,1.0,0.8571428571428571,-0.017064786
43.0,0.0,0.9285714285714285,0.004256081
43.0,0.07142857142857142,0.9285714285714285,0.01982604
43.0,0.14285714285714285,0.9285714285714285,0.03394504
43.0,0.21428571428571427,0.9285714285714285,0.050631877
43.0,0.2857142857142857,0.9285714285714285,0.071271144
43.0,0.3571428571428571,0.9285714285714285,0.09275342
43.0,0.42857142857142855,0.9285714285714285,0.10901182
43.0,0.5,0.9285714285714285,0.11494928
43.0,0.5714285714285714,0.9285714285714285,0.109124206
43.0,0.6428571428571428,0.9285714285714285,0.093798816
43.0,0.7142857142857142,0.9285714285714285,0.07298486
43.0,0.7857142857142857,0.9285714285714285,0.050087284
43.0,0.8571428571428571,0.9285714285714285,0.02660247
43.0,0.9285714285714285,0.9285714285714285,0.002189139
43.0,1.0,0.9285714285714285,-0.024469545
43.0,0.0,1.0,-0.0036787167
43.0,0.07142857142857142,1.0,-0.0075220503
43.0,0.14285714285714285,1.0,-0.012286486
43.0,0.21428571428571427,1.0,-0.01378973
43.0,0.2857142857142857,1.0,-0.010653787
43.0,0.3571428571428571,1.0,-0.0047634766
43.0,0.42857142857142855,1.0,0.0007294528
43.0,0.5,1.0,0.003591925
43.0,0.5714285714285714,1.0,0.003177017
43.0,0.6428571428571428,1.0,0.00010245666
43.0,0.7142857142857142,1.0,-0.004506603
43.0,0.7857142857142857,1.0,-0.00990797
43.0,0.8571428571428571,1.0,-0.016314307
43.0,0.9285714285714285,1.0,-0.024892502
43.0,1.0,1.0,-0.037283085
44.0,0.0,0.0,-0.019771863
44.0,0.07142857142857142,0.0,-0.015323617
44.0,0.14285714285714285,0.0,-0.0145858675
44.0,0.21428571428571427,0.0,-0.015241802
44.0,0.2857142857142857,0.0,-0.014445744
44.0,0.3571428571428571,0.0,-0.010605715
44.0,0.42857142857142855,0.0,-0.0055473074
44.0,0.5,0.0,-0.0032253116
44.0,0.5714285714285714,0.0,-0.005498536
44.0,0.6428571428571428,0.0,-0.010117341
44.0,0.7142857142857142,0.0,-0.012640836
44.0,0.7857142857142857,0.0,-0.01046752
44.0,0.8571428571428571,0.0,-0.005737913
44.0,0.9285714285714285,0.0,-0.0040614675
44.0,1.0,0.0,-0.010515759
44.0,0.0,0.07142857142857142,-0.014475953
44.0,0.07142857142857142,0.07142857142857142,0.008626364
44.0,0.14285714285714285,0.07142857142857142,0.029526666
44.0,0.21428571428571427,0.07142857142857142,0.049596637
44.0,0.2857142857142857,0.07142857142857142,0.07018686
44.0,0.3571428571428571,0.07142857142857142,0.090764605
44.0,0.42857142857142855,0.07142857142857142,0.10686235
44.0,0.5,0.07142857142857142,0.112300165
44.0,0.5714285714285714,0.07142857142857142,0.10468032
44.0,0.6428571428571428,0.07142857142857142,0.087728284
44.0,0.7142857142857142,0.07142857142857142,0.06844119
44.0,0.7857142857142857,0.07142857142857142,0.051433645
44.0,0.8571428571428571,0.07142857142857142,0.035489134
44.0,0.9285714285714285,0.07142857142857142,0.016088873
44.0,1.0,0.07142857142857142,-0.010068789
44.0,0.0,0.14285714285714285,-0.014743231
44.0,0.07142857142857142,0.14285714285714285,0.027920961
44.0,0.14285714285714285,0.14285714285714285,0.07031969
44.0,0.21428571428571427,0.14285714285714285,0.112848766
44.0,0.2857142857142857,0.14285714285714285,0.15524033
44.0,0.3571428571428571,0.14285714285714285,0.19462642
44.0,0.42857142857142855,0.14285714285714285,0.22361049
44.0,0.5,0.14285714285714285,0.23342648
44.0,0.5714285714285714,0.14285714285714285,0.22077188
44.0,0.6428571428571428,0.14285714285714285,0.1906603
44.0,0.7142857142857142,0.14285714285714285,0.15273279
44.0,0.7857142857142857,0.14285714285714285,0.1138731
44.0,0.8571428571428571,0.14285714285714285,0.07449935
44.0,0.9285714285714285,0.14285714285714285,0.03224333
44.0,1.0,0.14285714285714285,-0.013987087
44.0,0.0,0.21428571428571427,-0.016598709
44.0,0.07142857142857142,0.21428571428571427,0.046094537
44.0,0.14285714285714285,0.21428571428571427,0.11047926
44.0,0.21428571428571427,0.21428571428571427,0.17592523
44.0,0.2857142857142857,0.21428571428571427,0.24055961
44.0,0.3571428571428571,0.21428571428571427,0.29928452
44.0,0.42857142857142855,0.21428571428571427,0.34191748
44.0,0.5,0.21428571428571427,0.35703838
44.0,0.5714285714285714,0.21428571428571427,0.34004462
44.0,0.6428571428571428,0.21428571428571427,0.29684627
44.0,0.7142857142857142,0.21428571428571427,0.2395843
44.0,0.7857142857142857,0.21428571428571427,0.17762983
44.0,0.8571428571428571,0.21428571428571427,0.113848485
44.0,0.9285714285714285,0.21428571428571427,0.04873064
44.0,1.0,0.21428571428571427,-0.016779356
44.0,0.0,0.2857142857142857,-0.01640515
44.0,0.07142857142857142,0.2857142857142857,0.06614593
44.0,0.14285714285714285,0.2857142857142857,0.1519596
44.0,0.21428571428571427,0.2857142857142857,0.23926741
44.0,0.2857142857142857,0.2857142857142857,0.32474223
44.0,0.3571428571428571,0.2857142857142857,0.40150046
44.0,0.42857142857142855,0.2857142857142857,0.4571101
44.0,0.5,0.2857142857142857,0.4776634
44.0,0.5714285714285714,0.2857142857142857,0.45692796
44.0,0.6428571428571428,0.2857142857142857,0.40134332
44.0,0.7142857142857142,0.2857142857142857,0.3253883
44.0,0.7857142857142857,0.2857142857142857,0.24113196
44.0,0.8571428571428571,0.2857142857142857,0.15440312
44.0,0.9285714285714285,0.2857142857142857,0.068449035
44.0,1.0,0.2857142857142857,-0.014401954
44.0,0.0,0.3571428571428571,-0.01295682
44.0,0.07142857142857142,0.3571428571428571,0.08772005
44.0,0.14285714285714285,0.3571428571428571,0.19268942
44.0,0.21428571428571427,0.3571428571428571,0.298967
44.0,0.2857142857142857,0.3571428571428571,0.40207887
44.0,0.3571428571428571,0.3571428571428571,0.49397677
44.0,0.42857142857142855,0.3571428571428571,0.5605524
44.0,0.5,0.3571428571428571,0.58557236
44.0,0.5714285714285714,0.3571428571428571,0.56115866
44.0,0.6428571428571428,0.3571428571428571,0.4943974
44.0,0.7142857142857142,0.3571428571428571,0.4021006
44.0,0.7857142857142857,0.3571428571428571,0.29895648
44.0,0.8571428571428571,0.3571428571428571,0.19343415
44.0,0.9285714285714285,0.3571428571428571,0.090656616
44.0,1.0,0.3571428571428571,-0.0063126944
44.0,0.0,0.42857142857142855,-0.008796684
44.0,0.07142857142857142,0.42857142857142855,0.10492492
44.0,0.14285714285714285,0.42857142857142855,0.22363296
44.0,0.21428571428571427,0.42857142857142855,0.3434307
44.0,0.2857142857142857,0.42857142857142855,0.4591949
44.0,0.3571428571428571,0.42857142857142855,0.5621972
44.0,0.42857142857142855,0.42857142857142855,0.63680536
44.0,0.5,0.42857142857142855,0.66449904
44.0,0.5714285714285714,0.42857142857142855,0.6363662
44.0,0.6428571428571428,0.42857142857142855,0.56090415
44.0,0.7142857142857142,0.42857142857142855,0.4571231
44.0,0.7857142857142857,0.42857142857142855,0.34145415
44.0,0.8571428571428571,0.42857142857142855,0.22378159
44.0,0.9285714285714285,0.42857142857142855,0.110076465
44.0,1.0,0.42857142857142855,0.0038638264
44.0,0.0,0.5,-0.007371545
44.0,0.07142857142857142,0.5,0.11049546
44.0,0.14285714285714285,0.5,0.23363414
44.0,0.21428571428571427,0.5,0.35804793
44.0,0.2857142857142857,0.5,0.47876263
44.0,0.3571428571428571,0.5,0.5869445
44.0,0.42857142857142855,0.5,0.66561395
44.0,0.5,0.5,0.6942771
44.0,0.5714285714285714,0.5,0.66395575
44.0,0.6428571428571428,0.5,0.58495164
44.0,0.7142857142857142,0.5,0.4773992
44.0,0.7857142857142857,0.5,0.3578753
44.0,0.8571428571428571,0.5,0.23640415
44.0,0.9285714285714285,0.5,0.11926093
44.0,1.0,0.5,0.010401316
44.0,0.0,0.5714285714285714,-0.008283898
44.0,0.07142857142857142,0.5714285714285714,0.10409633
44.0,0.14285714285714285,0.5714285714285714,0.22118336
44.0,0.21428571428571427,0.5714285714285714,0.33951122
44.0,0.2857142857142857,0.5714285714285714,0.45492476
44.0,0.3571428571428571,0.5714285714285714,0.5595142
44.0,0.42857142857142855,0.5714285714285714,0.63643956
44.0,0.5,0.5714285714285714,0.6646899
44.0,0.5714285714285714,0.5714285714285714,0.6356791
44.0,0.6428571428571428,0.5714285714285714,0.5601966
44.0,0.7142857142857142,0.5714285714285714,0.45746666
44.0,0.7857142857142857,0.5714285714285714,0.34291577
44.0,0.8571428571428571,0.5714285714285714,0.22619128
44.0,0.9285714285714285,0.5714285714285714,0.113682576
44.0,1.0,0.5714285714285714,0.009526767
44.0,0.0,0.6428571428571428,-0.008380406
44.0,0.07142857142857142,0.6428571428571428,0.0910534
44.0,0.14285714285714285,0.6428571428571428,0.19384
44.0,0.21428571428571427,0.6428571428571428,0.2973752
44.0,0.2857142857142857,0.6428571428571428,0.39855677
44.0,0.3571428571428571,0.6428571428571428,0.49107486
44.0,0.42857142857142855,0.6428571428571428,0.56010455
44.0,0.5,0.6428571428571428,0.5862988
44.0,0.5714285714285714,0.6428571428571428,0.5615143
44.0,0.6428571428571428,0.6428571428571428,0.49502498
44.0,0.7142857142857142,0.6428571428571428,0.4035424
44.0,0.7857142857142857,0.6428571428571428,0.300901
44.0,0.8571428571428571,0.6428571428571428,0.19619
44.0,0.9285714285714285,0.6428571428571428,0.09544811
44.0,1.0,0.6428571428571428,0.0023483522
44.0,0.0,0.7142857142857142,-0.0058754757
44.0,0.07142857142857142,0.7142857142857142,0.07534562
44.0,0.14285714285714285,0.7142857142857142,0.15810248
44.0,0.21428571428571427,0.7142857142857142,0.24116972
44.0,0.2857142857142857,0.7142857142857142,0.3228711
44.0,0.3571428571428571,0.7142857142857142,0.39849854
44.0,0.42857142857142855,0.7142857142857142,0.45572257
44.0,0.5,0.7142857142857142,0.4782362
44.0,0.5714285714285714,0.7142857142857142,0.45874012
44.0,0.6428571428571428,0.7142857142857142,0.40413797
44.0,0.7142857142857142,0.7142857142857142,0.32805294
44.0,0.7857142857142857,0.7142857142857142,0.24248579
44.0,0.8571428571428571,0.7142857142857142,0.15541855
44.0,0.9285714285714285,0.7142857142857142,0.071690015
44.0,1.0,0.7142857142857142,-0.006185977
44.0,0.0,0.7857142857142857,-0.0012366399
44.0,0.07142857142857142,0.7857142857142857,0.058452226
44.0,0.14285714285714285,0.7857142857142857,0.11792935
44.0,0.21428571428571427,0.7857142857142857,0.17791542
44.0,0.2857142857142857,0.7857142857142857,0.23835987
44.0,0.3571428571428571,0.7857142857142857,0.2955227
44.0,0.42857142857142855,0.7857142857142857,0.33908874
44.0,0.5,0.7857142857142857,0.35640293
44.0,0.5714285714285714,0.7857142857142857,0.34188497
44.0,0.6428571428571428,0.7857142857142857,0.30046237
44.0,0.7142857142857142,0.7857142857142857,0.2425453
44.0,0.7857142857142857,0.7857142857142857,0.17769086
44.0,0.8571428571428571,0.7857142857142857,0.111966394
44.0,0.9285714285714285,0.7857142857142857,0.04833298
44.0,1.0,0.7857142857142857,-0.012227578
44.0,0.0,0.8571428571428571,0.0033712685
44.0,0.07142857142857142,0.8571428571428571,0.040485017
44.0,0.14285714285714285,0.8571428571428571,0.07638543
44.0,0.21428571428571427,0.8571428571428571,0.11375346
44.0,0.2857142857142857,0.8571428571428571,0.15360624
44.0,0.3571428571428571,0.8571428571428571,0.19244707
44.0,0.42857142857142855,0.8571428571428571,0.22183889
44.0,0.5,0.8571428571428571,0.2330541
44.0,0.5714285714285714,0.8571428571428571,0.22280562
44.0,0.6428571428571428,0.8571428571428571,0.19466302
44.0,0.7142857142857142,0.8571428571428571,0.15578523
44.0,0.7857142857142857,0.8571428571428571,0.112676896
44.0,0.8571428571428571,0.8571428571428571,0.06905144
44.0,0.9285714285714285,0.8571428571428571,0.025992677
44.0,1.0,0.8571428571428571,-0.016894089
44.0,0.0,0.9285714285714285,0.004108507
44.0,0.07142857142857142,0.9285714285714285,0.019672036
44.0,0.14285714285714285,0.9285714285714285,0.033948015
44.0,0.21428571428571427,0.9285714285714285,0.050783806
44.0,0.2857142857142857,0.9285714285714285,0.071446665
44.0,0.3571428571428571,0.9285714285714285,0.09282318
44.0,0.42857142857142855,0.9285714285714285,0.10893838
44.0,0.5,0.9285714285714285,0.11479523
44.0,0.5714285714285714,0.9285714285714285,0.108987056
44.0,0.6428571428571428,0.9285714285714285,0.09373909
44.0,0.7142857142857142,0.9285714285714285,0.07299901
44.0,0.7857142857142857,0.9285714285714285,0.05013493
44.0,0.8571428571428571,0.9285714285714285,0.026662916
44.0,0.9285714285714285,0.9285714285714285,0.0023078509
44.0,1.0,0.9285714285714285,-0.02415849
44.0,0.0,1.0,-0.003899876
44.0,0.07142857142857142,1.0,-0.007624831
44.0,0.14285714285714285,1.0,-0.012126576
44.0,0.21428571428571427,1.0,-0.013369381
44.0,0.2857142857142857,1.0,-0.010073675
44.0,0.3571428571428571,1.0,-0.0041408837
44.0,0.42857142857142855,1.0,0.0013193283
44.0,0.5,1.0,0.0041242465
44.0,0.5714285714285714,1.0,0.00365665
44.0,0.6428571428571428,1.0,0.0005408246
44.0,0.7142857142857142,1.0,-0.0041075293
44.0,0.7857142857142857,1.0,-0.009550177
44.0,0.8571428571428571,1.0,-0.015980447
44.0,0.9285714285714285,1.0,-0.024518363
44.0,1.0,1.0,-0.036743943
45.0,0.0,0.0,-0.019843515
45.0,0.07142857142857142,0.0,-0.015392974
45.0,0.14285714285714285,0.0,-0.014501929
45.0,0.21428571428571427,0.0,-0.014903054
45.0,0.2857142857142857,0.0,-0.013855889
45.0,0.3571428571428571,0.0,-0.0099019855
45.0,0.42857142857142855,0.0,-0.004879527
45.0,0.5,0.0,-0.002609603
45.0,0.5714285714285714,0.0,-0.0048689134
45.0,0.6428571428571428,0.0,-0.009477049
45.0,0.7142857142857142,0.0,-0.0121024065
45.0,0.7857142857142857,0.0,-0.01013305
45.0,0.8571428571428571,0.0,-0.0055501466
45.0,0.9285714285714285,0.0,-0.0038093412
45.0,1.0,0.0,-0.0099698845
45.0,0.0,0.07142857142857142,-0.014594309
45.0,0.07142857142857142,0.07142857142857142,0.008423917
45.0,0.14285714285714285,0.07142857142857142,0.02937714
45.0,0.21428571428571427,0.07142857142857142,0.04956802
45.0,0.2857142857142857,0.07142857142857142,0.0702397
45.0,0.3571428571428571,0.07142857142857142,0.09075484
45.0,0.42857142857142855,0.07142857142857142,0.10669033
45.0,0.5,0.07142857142857142,0.11205204
45.0,0.5714285714285714,0.07142857142857142,0.10452766
45.0,0.6428571428571428,0.07142857142857142,0.08772207
45.0,0.7142857142857142,0.07142857142857142,0.068465985
45.0,0.7857142857142857,0.07142857142857142,0.051356502
45.0,0.8571428571428571,0.07142857142857142,0.0353359
45.0,0.9285714285714285,0.07142857142857142,0.016026206
45.0,1.0,0.07142857142857142,-0.009855021
45.0,0.0,0.14285714285714285,-0.01477889
45.0,0.07142857142857142,0.14285714285714285,0.027741678
45.0,0.14285714285714285,0.14285714285714285,0.070133805
45.0,0.21428571428571427,0.14285714285714285,0.11269926
45.0,0.2857142857142857,0.14285714285714285,0.15505591
45.0,0.3571428571428571,0.14285714285714285,0.19424963
45.0,0.42857142857142855,0.14285714285714285,0.22297406
45.0,0.5,0.14285714285714285,0.23269308
45.0,0.5714285714285714,0.14285714285714285,0.22019622
45.0,0.6428571428571428,0.14285714285714285,0.19034755
45.0,0.7142857142857142,0.14285714285714285,0.15256989
45.0,0.7857142857142857,0.14285714285714285,0.113700636
45.0,0.8571428571428571,0.14285714285714285,0.07430109
45.0,0.9285714285714285,0.14285714285714285,0.03212325
45.0,1.0,0.14285714285714285,-0.013881685
45.0,0.0,0.21428571428571427,-0.016458757
45.0,0.07142857142857142,0.21428571428571427,0.046037197
45.0,0.14285714285714285,0.21428571428571427,0.11038281
45.0,0.21428571428571427,0.21428571428571427,0.17582452
45.0,0.2857142857142857,0.21428571428571427,0.24035865
45.0,0.3571428571428571,0.21428571428571427,0.2988071
45.0,0.42857142857142855,0.21428571428571427,0.3410983
45.0,0.5,0.21428571428571427,0.3560814
45.0,0.5714285714285714,0.21428571428571427,0.33927065
45.0,0.6428571428571428,0.21428571428571427,0.29641992
45.0,0.7142857142857142,0.21428571428571427,0.23940861
45.0,0.7857142857142857,0.21428571428571427,0.17752457
45.0,0.8571428571428571,0.21428571428571427,0.11375018
45.0,0.9285714285714285,0.21428571428571427,0.04868407
45.0,1.0,0.21428571428571427,-0.016638998
45.0,0.0,0.2857142857142857,-0.016063154
45.0,0.07142857142857142,0.2857142857142857,0.06619411
45.0,0.14285714285714285,0.2857142857142857,0.15191802
45.0,0.21428571428571427,0.2857142857142857,0.23918986
45.0,0.2857142857142857,0.2857142857142857,0.32452846
45.0,0.3571428571428571,0.2857142857142857,0.40094942
45.0,0.42857142857142855,0.2857142857142857,0.4561342
45.0,0.5,0.2857142857142857,0.4764783
45.0,0.5714285714285714,0.2857142857142857,0.45592326
45.0,0.6428571428571428,0.2857142857142857,0.40076342
45.0,0.7142857142857142,0.2857142857142857,0.32516497
45.0,0.7857142857142857,0.2857142857142857,0.24106273
45.0,0.8571428571428571,0.2857142857142857,0.15437096
45.0,0.9285714285714285,0.2857142857142857,0.06845644
45.0,1.0,0.2857142857142857,-0.014190525
45.0,0.0,0.3571428571428571,-0.012463823
45.0,0.07142857142857142,0.3571428571428571,0.08773433
45.0,0.14285714285714285,0.3571428571428571,0.19249156
45.0,0.21428571428571427,0.3571428571428571,0.2986679
45.0,0.2857142857142857,0.3571428571428571,0.40160045
45.0,0.3571428571428571,0.3571428571428571,0.49309576
45.0,0.42857142857142855,0.3571428571428571,0.5591426
45.0,0.5,0.3571428571428571,0.5838636
45.0,0.5714285714285714,0.3571428571428571,0.55963856
45.0,0.6428571428571428,0.3571428571428571,0.49341786
45.0,0.7142857142857142,0.3571428571428571,0.40162253
45.0,0.7857142857142857,0.3571428571428571,0.29873678
45.0,0.8571428571428571,0.3571428571428571,0.19329375
45.0,0.9285714285714285,0.3571428571428571,0.09058662
45.0,1.0,0.3571428571428571,-0.0060876235
45.0,0.0,0.42857142857142855,-0.008257359
45.0,0.07142857142857142,0.42857142857142855,0.10476587
45.0,0.14285714285714285,0.42857142857142855,0.22309819
45.0,0.21428571428571427,0.42857142857142855,0.34269577
45.0,0.2857142857142857,0.42857142857142855,0.4582109
45.0,0.3571428571428571,0.42857142857142855,0.56071514
45.0,0.42857142857142855,0.42857142857142855,0.6346655
45.0,0.5,0.42857142857142855,0.66198194
45.0,0.5714285714285714,0.42857142857142855,0.63410145
45.0,0.6428571428571428,0.42857142857142855,0.55934787
45.0,0.7142857142857142,0.42857142857142855,0.45623416
45.0,0.7857142857142857,0.42857142857142855,0.34092337
45.0,0.8571428571428571,0.42857142857142855,0.2233774
45.0,0.9285714285714285,0.42857142857142855,0.10981042
45.0,1.0,0.42857142857142855,0.0040274
45.0,0.0,0.5,-0.0068553686
45.0,0.07142857142857142,0.5,0.110226355
45.0,0.14285714285714285,0.5,0.23292485
45.0,0.21428571428571427,0.5,0.3570943
45.0,0.2857142857142857,0.5,0.47750908
45.0,0.3571428571428571,0.5,0.5851019
45.0,0.42857142857142855,0.5,0.66300005
45.0,0.5,0.5,0.69125307
45.0,0.5714285714285714,0.5,0.66127485
45.0,0.6428571428571428,0.5,0.5831006
45.0,0.7142857142857142,0.5,0.47628176
45.0,0.7857142857142857,0.5,0.35712993
45.0,0.8571428571428571,0.5,0.2357938
45.0,0.9285714285714285,0.5,0.11884124
45.0,1.0,0.5,0.010508385
45.0,0.0,0.5714285714285714,-0.0077863336
45.0,0.07142857142857142,0.5714285714285714,0.10391704
45.0,0.14285714285714285,0.5714285714285714,0.22065622
45.0,0.21428571428571427,0.5714285714285714,0.33880103
45.0,0.2857142857142857,0.5714285714285714,0.4539488
45.0,0.3571428571428571,0.5714285714285714,0.55796707
45.0,0.42857142857142855,0.5714285714285714,0.6341326
45.0,0.5,0.5714285714285714,0.66200703
45.0,0.5714285714285714,0.5714285714285714,0.6333639
45.0,0.6428571428571428,0.5714285714285714,0.55865747
45.0,0.7142857142857142,0.5714285714285714,0.45655122
45.0,0.7857142857142857,0.5714285714285714,0.34227297
45.0,0.8571428571428571,0.5714285714285714,0.22563243
45.0,0.9285714285714285,0.5714285714285714,0.11330456
45.0,1.0,0.5714285714285714,0.0096689835
45.0,0.0,0.6428571428571428,-0.007901669
45.0,0.07142857142857142,0.6428571428571428,0.09105575
45.0,0.14285714285714285,0.6428571428571428,0.19364521
45.0,0.21428571428571427,0.6428571428571428,0.29708305
45.0,0.2857142857142857,0.6428571428571428,0.3980631
45.0,0.3571428571428571,0.6428571428571428,0.49011636
45.0,0.42857142857142855,0.6428571428571428,0.55852973
45.0,0.5,0.6428571428571428,0.584437
45.0,0.5714285714285714,0.6428571428571428,0.55996287
45.0,0.6428571428571428,0.6428571428571428,0.49407107
45.0,0.7142857142857142,0.6428571428571428,0.4030286
45.0,0.7857142857142857,0.6428571428571428,0.30054477
45.0,0.8571428571428571,0.6428571428571428,0.19586095
45.0,0.9285714285714285,0.6428571428571428,0.09524783
45.0,1.0,0.6428571428571428,0.0025744848
45.0,0.0,0.7142857142857142,-0.0054708794
45.0,0.07142857142857142,0.7142857142857142,0.07546025
45.0,0.14285714285714285,0.7142857142857142,0.15815032
45.0,0.21428571428571427,0.7142857142857142,0.24118662
45.0,0.2857142857142857,0.7142857142857142,0.32273594
45.0,0.3571428571428571,0.7142857142857142,0.39800006
45.0,0.42857142857142855,0.7142857142857142,0.45476046
45.0,0.5,0.7142857142857142,0.4770611
45.0,0.5714285714285714,0.7142857142857142,0.4577749
45.0,0.6428571428571428,0.7142857142857142,0.40357807
45.0,0.7142857142857142,0.7142857142857142,0.32778603
45.0,0.7857142857142857,0.7142857142857142,0.24231252
45.0,0.8571428571428571,0.7142857142857142,0.15524644
45.0,0.9285714285714285,0.7142857142857142,0.071597524
45.0,1.0,0.7142857142857142,-0.0059598926
45.0,0.0,0.7857142857142857,-0.0010046288
45.0,0.07142857142857142,0.7857142857142857,0.058530048
45.0,0.14285714285714285,0.7857142857142857,0.11803567
45.0,0.21428571428571427,0.7857142857142857,0.17804897
45.0,0.2857142857142857,0.7857142857142857,0.23838347
45.0,0.3571428571428571,0.7857142857142857,0.29525518
45.0,0.42857142857142855,0.7857142857142857,0.33846843
45.0,0.5,0.7857142857142857,0.35561174
45.0,0.5714285714285714,0.7857142857142857,0.34121057
45.0,0.6428571428571428,0.7857142857142857,0.30004892
45.0,0.7142857142857142,0.7857142857142857,0.24233475
45.0,0.7857142857142857,0.7857142857142857,0.17755005
45.0,0.8571428571428571,0.7857142857142857,0.111821264
45.0,0.9285714285714285,0.7857142857142857,0.048234176
45.0,1.0,0.7857142857142857,-0.012091413
45.0,0.0,0.8571428571428571,0.0033465773
45.0,0.07142857142857142,0.8571428571428571,0.040401235
45.0,0.14285714285714285,0.8571428571428571,0.07640455
45.0,0.21428571428571427,0.8571428571428571,0.11385702
45.0,0.2857142857142857,0.8571428571428571,0.15365115
45.0,0.3571428571428571,0.8571428571428571,0.19227573
45.0,0.42857142857142855,0.8571428571428571,0.2214129
45.0,0.5,0.8571428571428571,0.23250073
45.0,0.5714285714285714,0.8571428571428571,0.22231352
45.0,0.6428571428571428,0.8571428571428571,0.1943374
45.0,0.7142857142857142,0.8571428571428571,0.1556054
45.0,0.7857142857142857,0.8571428571428571,0.112559855
45.0,0.8571428571428571,0.8571428571428571,0.06894
45.0,0.9285714285714285,0.8571428571428571,0.025920607
45.0,1.0,0.8571428571428571,-0.016779928
45.0,0.0,0.9285714285714285,0.0038374104
45.0,0.07142857142857142,0.9285714285714285,0.019433934
45.0,0.14285714285714285,0.9285714285714285,0.033890426
45.0,0.21428571428571427,0.9285714285714285,0.050887227
45.0,0.2857142857142857,0.9285714285714285,0.07158286
45.0,0.3571428571428571,0.9285714285714285,0.09286158
45.0,0.42857142857142855,0.9285714285714285,0.108838975
45.0,0.5,0.9285714285714285,0.11461707
45.0,0.5714285714285714,0.9285714285714285,0.10882465
45.0,0.6428571428571428,0.9285714285714285,0.09365083
45.0,0.7142857142857142,0.9285714285714285,0.0729815
45.0,0.7857142857142857,0.9285714285714285,0.050149556
45.0,0.8571428571428571,0.9285714285714285,0.026686028
45.0,0.9285714285714285,0.9285714285714285,0.0023765564
45.0,1.0,0.9285714285714285,-0.023922857
45.0,0.0,1.0,-0.0042660907
45.0,0.07142857142857142,1.0,-0.00784358
45.0,0.14285714285714285,1.0,-0.012066031
45.0,0.21428571428571427,1.0,-0.013040953
45.0,0.2857142857142857,1.0,-0.009581838
45.0,0.3571428571428571,1.0,-0.003603015
45.0,0.42857142857142855,1.0,0.0018287748
45.0,0.5,1.0,0.004579833
45.0,0.5714285714285714,1.0,0.0040628873
45.0,0.6428571428571428,1.0,0.00090875477
45.0,0.7142857142857142,1.0,-0.0037765596
45.0,0.7857142857142857,1.0,-0.009258321
45.0,0.8571428571428571,1.0,-0.015713198
45.0,0.9285714285714285,1.0,-0.024218189
45.0,1.0,1.0,-0.036296733
46.0,0.0,0.0,-0.020023998
46.0,0.07142857142857142,0.0,-0.015542343
46.0,0.14285714285714285,0.0,-0.014475949
46.0,0.21428571428571427,0.0,-0.014609292
46.0,0.2857142857142857,0.0,-0.013309307
46.0,0.3571428571428571,0.0,-0.009242311
46.0,0.42857142857142855,0.0,-0.004254952
46.0,0.5,0.0,-0.002039872
46.0,0.5714285714285714,0.0,-0.0042945296
46.0,0.6428571428571428,0.0,-0.008900039
46.0,0.7142857142857142,0.0,-0.011629013
46.0,0.7857142857142857,0.0,-0.009868052
46.0,0.8571428571428571,0.0,-0.005452264
46.0,0.9285714285714285,0.0,-0.0036849603
46.0,1.0,0.0,-0.009595839
46.0,0.0,0.07142857142857142,-0.014800794
46.0,0.07142857142857142,0.07142857142857142,0.0081667155
46.0,0.14285714285714285,0.07142857142857142,0.029195368
46.0,0.21428571428571427,0.07142857142857142,0.049518585
46.0,0.2857142857142857,0.07142857142857142,0.07027611
46.0,0.3571428571428571,0.07142857142857142,0.090733334
46.0,0.42857142857142855,0.07142857142857142,0.10651361
46.0,0.5,0.07142857142857142,0.11179993
46.0,0.5714285714285714,0.07142857142857142,0.10435913
46.0,0.6428571428571428,0.07142857142857142,0.087689735
46.0,0.7142857142857142,0.07142857142857142,0.06846247
46.0,0.7857142857142857,0.07142857142857142,0.05124861
46.0,0.8571428571428571,0.07142857142857142,0.03513302
46.0,0.9285714285714285,0.07142857142857142,0.015877148
46.0,1.0,0.07142857142857142,-0.009772567
46.0,0.0,0.14285714285714285,-0.014882401
46.0,0.07142857142857142,0.14285714285714285,0.027529083
46.0,0.14285714285714285,0.14285714285714285,0.069935225
46.0,0.21428571428571427,0.14285714285714285,0.11254481
46.0,0.2857142857142857,0.14285714285714285,0.15486917
46.0,0.3571428571428571,0.14285714285714285,0.19387892
46.0,0.42857142857142855,0.14285714285714285,0.22235405
46.0,0.5,0.14285714285714285,0.23197758
46.0,0.5714285714285714,0.14285714285714285,0.21962589
46.0,0.6428571428571428,0.14285714285714285,0.19002783
46.0,0.7142857142857142,0.14285714285714285,0.15239894
46.0,0.7857142857142857,0.14285714285714285,0.11351868
46.0,0.8571428571428571,0.14285714285714285,0.07407851
46.0,0.9285714285714285,0.14285714285714285,0.031947985
46.0,1.0,0.14285714285714285,-0.013873573
46.0,0.0,0.21428571428571427,-0.0163747
46.0,0.07142857142857142,0.21428571428571427,0.04595933
46.0,0.14285714285714285,0.21428571428571427,0.11028089
46.0,0.21428571428571427,0.21428571428571427,0.17571941
46.0,0.2857142857142857,0.21428571428571427,0.24015424
46.0,0.3571428571428571,0.21428571428571427,0.29833367
46.0,0.42857142857142855,0.21428571428571427,0.34029815
46.0,0.5,0.21428571428571427,0.35514593
46.0,0.5714285714285714,0.21428571428571427,0.3385063
46.0,0.6428571428571428,0.21428571428571427,0.2959916
46.0,0.7142857142857142,0.21428571428571427,0.23923007
46.0,0.7857142857142857,0.21428571428571427,0.17741826
46.0,0.8571428571428571,0.21428571428571427,0.11364164
46.0,0.9285714285714285,0.21428571428571427,0.04860206
46.0,1.0,0.21428571428571427,-0.016572703
46.0,0.0,0.2857142857142857,-0.015776731
46.0,0.07142857142857142,0.2857142857142857,0.06622344
46.0,0.14285714285714285,0.2857142857142857,0.15186715
46.0,0.21428571428571427,0.2857142857142857,0.23909914
46.0,0.2857142857142857,0.2857142857142857,0.32429856
46.0,0.3571428571428571,0.2857142857142857,0.40039194
46.0,0.42857142857142855,0.2857142857142857,0.45516908
46.0,0.5,0.2857142857142857,0.4753115
46.0,0.5714285714285714,0.2857142857142857,0.4549271
46.0,0.6428571428571428,0.2857142857142857,0.40017992
46.0,0.7142857142857142,0.2857142857142857,0.32493693
46.0,0.7857142857142857,0.2857142857142857,0.24099141
46.0,0.8571428571428571,0.2857142857142857,0.1543316
46.0,0.9285714285714285,0.2857142857142857,0.06843863
46.0,1.0,0.2857142857142857,-0.014041733
46.0,0.0,0.3571428571428571,-0.012038216
46.0,0.07142857142857142,0.3571428571428571,0.08772209
46.0,0.14285714285714285,0.3571428571428571,0.19227928
46.0,0.21428571428571427,0.3571428571428571,0.29835021
46.0,0.2857142857142857,0.3571428571428571,0.40110013
46.0,0.3571428571428571,0.3571428571428571,0.4922043
46.0,0.42857142857142855,0.3571428571428571,0.557745
46.0,0.5,0.3571428571428571,0.58217865
46.0,0.5714285714285714,0.3571428571428571,0.5581344
46.0,0.6428571428571428,0.3571428571428571,0.4924389
46.0,0.7142857142857142,0.3571428571428571,0.4011397
46.0,0.7857142857142857,0.3571428571428571,0.2985138
46.0,0.8571428571428571,0.3571428571428571,0.19314817
46.0,0.9285714285714285,0.3571428571428571,0.09049595
46.0,1.0,0.3571428571428571,-0.005922217
46.0,0.0,0.42857142857142855,-0.007799037
46.0,0.07142857142857142,0.42857142857142855,0.10457756
46.0,0.14285714285714285,0.42857142857142855,0.22255617
46.0,0.21428571428571427,0.42857142857142855,0.34195477
46.0,0.2857142857142857,0.42857142857142855,0.4572189
46.0,0.3571428571428571,0.42857142857142855,0.55923915
46.0,0.42857142857142855,0.42857142857142855,0.6325591
46.0,0.5,0.42857142857142855,0.6595162
46.0,0.5714285714285714,0.42857142857142855,0.63187814
46.0,0.6428571428571428,0.42857142857142855,0.5578094
46.0,0.7142857142857142,0.42857142857142855,0.45534647
46.0,0.7857142857142857,0.42857142857142855,0.34039322
46.0,0.8571428571428571,0.42857142857142855,0.22297293
46.0,0.9285714285714285,0.42857142857142855,0.10952828
46.0,1.0,0.42857142857142855,0.004130684
46.0,0.0,0.5,-0.006420113
46.0,0.07142857142857142,0.5,0.10993574
46.0,0.14285714285714285,0.5,0.23222166
46.0,0.21428571428571427,0.5,0.35615182
46.0,0.2857142857142857,0.5,0.47626576
46.0,0.3571428571428571,0.5,0.58328474
46.0,0.42857142857142855,0.5,0.66044194
46.0,0.5,0.5,0.688304
46.0,0.5714285714285714,0.5,0.6586541
46.0,0.6428571428571428,0.5,0.58127564
46.0,0.7142857142857142,0.5,0.47516906
46.0,0.7857142857142857,0.5,0.35638654
46.0,0.8571428571428571,0.5,0.235187
46.0,0.9285714285714285,0.5,0.11840888
46.0,1.0,0.5,0.01055523
46.0,0.0,0.5714285714285714,-0.0073574334
46.0,0.07142857142857142,0.5714285714285714,0.10372614
46.0,0.14285714285714285,0.5714285714285714,0.2201421
46.0,0.21428571428571427,0.5714285714285714,0.33810496
46.0,0.2857142857142857,0.5714285714285714,0.45298326
46.0,0.3571428571428571,0.5714285714285714,0.55643946
46.0,0.42857142857142855,0.5714285714285714,0.6318718
46.0,0.5,0.5714285714285714,0.65938467
46.0,0.5714285714285714,0.5714285714285714,0.63108844
46.0,0.6428571428571428,0.5714285714285714,0.55712336
46.0,0.7142857142857142,0.5714285714285714,0.4556243
46.0,0.7857142857142857,0.5714285714285714,0.34162354
46.0,0.8571428571428571,0.5714285714285714,0.22507527
46.0,0.9285714285714285,0.5714285714285714,0.112915896
46.0,1.0,0.5714285714285714,0.009753641
46.0,0.0,0.6428571428571428,-0.0074804723
46.0,0.07142857142857142,0.6428571428571428,0.09104951
46.0,0.14285714285714285,0.6428571428571428,0.1934599
46.0,0.21428571428571427,0.6428571428571428,0.29679883
46.0,0.2857142857142857,0.6428571428571428,0.39757273
46.0,0.3571428571428571,0.6428571428571428,0.48916584
46.0,0.42857142857142855,0.6428571428571428,0.5569776
46.0,0.5,0.6428571428571428,0.5826015
46.0,0.5714285714285714,0.6428571428571428,0.5584168
46.0,0.6428571428571428,0.6428571428571428,0.49309564
46.0,0.7142857142857142,0.6428571428571428,0.40248722
46.0,0.7857142857142857,0.6428571428571428,0.30017468
46.0,0.8571428571428571,0.6428571428571428,0.19553149
46.0,0.9285714285714285,0.6428571428571428,0.09503971
46.0,1.0,0.6428571428571428,0.0027512982
46.0,0.0,0.7142857142857142,-0.005124554
46.0,0.07142857142857142,0.7142857142857142,0.07555969
46.0,0.14285714285714285,0.7142857142857142,0.15819821
46.0,0.21428571428571427,0.7142857142857142,0.24120447
46.0,0.2857142857142857,0.7142857142857142,0.3226016
46.0,0.3571428571428571,0.7142857142857142,0.39750656
46.0,0.42857142857142855,0.7142857142857142,0.45381063
46.0,0.5,0.7142857142857142,0.47589514
46.0,0.5714285714285714,0.7142857142857142,0.45680222
46.0,0.6428571428571428,0.7142857142857142,0.40299416
46.0,0.7142857142857142,0.7142857142857142,0.3274961
46.0,0.7857142857142857,0.7142857142857142,0.24213108
46.0,0.8571428571428571,0.7142857142857142,0.15507802
46.0,0.9285714285714285,0.7142857142857142,0.071501784
46.0,1.0,0.7142857142857142,-0.005773686
46.0,0.0,0.7857142857142857,-0.000844121
46.0,0.07142857142857142,0.7857142857142857,0.05857645
46.0,0.14285714285714285,0.7857142857142857,0.11812907
46.0,0.21428571428571427,0.7857142857142857,0.17817688
46.0,0.2857142857142857,0.7857142857142857,0.23840743
46.0,0.3571428571428571,0.7857142857142857,0.2949952
46.0,0.42857142857142855,0.7857142857142857,0.3378605
46.0,0.5,0.7857142857142857,0.35483116
46.0,0.5714285714285714,0.7857142857142857,0.34053624
46.0,0.6428571428571428,0.7857142857142857,0.29962528
46.0,0.7142857142857142,0.7857142857142857,0.24211454
46.0,0.7857142857142857,0.7857142857142857,0.17740762
46.0,0.8571428571428571,0.7857142857142857,0.11167955
46.0,0.9285714285714285,0.7857142857142857,0.048129827
46.0,1.0,0.7857142857142857,-0.0119927935
46.0,0.0,0.8571428571428571,0.0032285228
46.0,0.07142857142857142,0.8571428571428571,0.040264174
46.0,0.14285714285714285,0.8571428571428571,0.076392226
46.0,0.21428571428571427,0.8571428571428571,0.11394199
46.0,0.2857142857142857,0.8571428571428571,0.15368676
46.0,0.3571428571428571,0.8571428571428571,0.19210365
46.0,0.42857142857142855,0.8571428571428571,0.22099224
46.0,0.5,0.8571428571428571,0.23195401
46.0,0.5714285714285714,0.8571428571428571,0.22182232
46.0,0.6428571428571428,0.8571428571428571,0.19400582
46.0,0.7142857142857142,0.8571428571428571,0.15541655
46.0,0.7857142857142857,0.8571428571428571,0.11243372
46.0,0.8571428571428571,0.8571428571428571,0.06881791
46.0,0.9285714285714285,0.8571428571428571,0.025825508
46.0,1.0,0.8571428571428571,-0.016716788
46.0,0.0,0.9285714285714285,0.0034504272
46.0,0.07142857142857142,0.9285714285714285,0.019115588
46.0,0.14285714285714285,0.9285714285714285,0.033773504
46.0,0.21428571428571427,0.9285714285714285,0.050944567
46.0,0.2857142857142857,0.9285714285714285,0.071681805
46.0,0.3571428571428571,0.9285714285714285,0.09286975
46.0,0.42857142857142855,0.9285714285714285,0.10871548
46.0,0.5,0.9285714285714285,0.11441731
46.0,0.5714285714285714,0.9285714285714285,0.10863904
46.0,0.6428571428571428,0.9285714285714285,0.0935356
46.0,0.7142857142857142,0.9285714285714285,0.07293453
46.0,0.7857142857142857,0.9285714285714285,0.050132617
46.0,0.8571428571428571,0.9285714285714285,0.026673302
46.0,0.9285714285714285,0.9285714285714285,0.0023982357
46.0,1.0,0.9285714285714285,-0.023759048
46.0,0.0,1.0,-0.0047700815
46.0,0.07142857142857142,1.0,-0.008171361
46.0,0.14285714285714285,1.0,-0.012099678
46.0,0.21428571428571427,1.0,-0.012799869
46.0,0.2857142857142857,1.0,-0.009172763
46.0,0.3571428571428571,1.0,-0.0031433813
46.0,0.42857142857142855,1.0,0.0022645425
46.0,0.5,1.0,0.004965203
46.0,0.5714285714285714,1.0,0.0044022836
46.0,0.6428571428571428,1.0,0.0012112409
46.0,0.7142857142857142,1.0,-0.003509283
46.0,0.7857142857142857,1.0,-0.009028949
46.0,0.8571428571428571,1.0,-0.015509412
46.0,0.9285714285714285,1.0,-0.023989107
46.0,1.0,1.0,-0.035938416
47.0,0.0,0.0,-0.020311229
47.0,0.07142857142857142,0.0,-0.015769854
47.0,0.14285714285714285,0.0,-0.014506444
47.0,0.21428571428571427,0.0,-0.014361173
47.0,0.2857142857142857,0.0,-0.012805827
47.0,0.3571428571428571,0.0,-0.008625567
47.0,0.42857142857142855,0.0,-0.0036722198
47.0,0.5,0.0,-0.0015141368
47.0,0.5714285714285714,0.0,-0.0037722848
47.0,0.6428571428571428,0.0,-0.008382898
47.0,0.7142857142857142,0.0,-0.011218041
47.0,0.7857142857142857,0.0,-0.009668488
47.0,0.8571428571428571,0.0,-0.0054368703
47.0,0.9285714285714285,0.0,-0.0036793724
47.0,1.0,0.0,-0.009385129
47.0,0.0,0.07142857142857142,-0.015091822
47.0,0.07142857142857142,0.07142857142857142,0.00785543
47.0,0.14285714285714285,0.07142857142857142,0.028981201
47.0,0.21428571428571427,0.07142857142857142,0.04944825
47.0,0.2857142857142857,0.07142857142857142,0.070296295
47.0,0.3571428571428571,0.07142857142857142,0.09070116
47.0,0.42857142857142855,0.07142857142857142,0.10633343
47.0,0.5,0.07142857142857142,0.11154399
47.0,0.5714285714285714,0.07142857142857142,0.10417646
47.0,0.6428571428571428,0.07142857142857142,0.08763334
47.0,0.7142857142857142,0.07142857142857142,0.068433076
47.0,0.7857142857142857,0.07142857142857142,0.05111268
47.0,0.8571428571428571,0.07142857142857142,0.034885246
47.0,0.9285714285714285,0.07142857142857142,0.015648754
47.0,1.0,0.07142857142857142,-0.009813089
47.0,0.0,0.14285714285714285,-0.015052587
47.0,0.07142857142857142,0.14285714285714285,0.027283005
47.0,0.14285714285714285,0.14285714285714285,0.06972168
47.0,0.21428571428571427,0.14285714285714285,0.11238297
47.0,0.2857142857142857,0.14285714285714285,0.15467948
47.0,0.3571428571428571,0.14285714285714285,0.19351327
47.0,0.42857142857142855,0.14285714285714285,0.2217507
47.0,0.5,0.14285714285714285,0.23127899
47.0,0.5714285714285714,0.14285714285714285,0.21906126
47.0,0.6428571428571428,0.14285714285714285,0.18970326
47.0,0.7142857142857142,0.14285714285714285,0.15222108
47.0,0.7857142857142857,0.14285714285714285,0.1133303
47.0,0.8571428571428571,0.14285714285714285,0.07383518
47.0,0.9285714285714285,0.14285714285714285,0.031722926
47.0,1.0,0.14285714285714285,-0.013954934
47.0,0.0,0.21428571428571427,-0.016345665
47.0,0.07142857142857142,0.21428571428571427,0.045858853
47.0,0.14285714285714285,0.21428571428571427,0.11017049
47.0,0.21428571428571427,0.21428571428571427,0.17560798
47.0,0.2857142857142857,0.21428571428571427,0.2399438
47.0,0.3571428571428571,0.21428571428571427,0.29786456
47.0,0.42857142857142855,0.21428571428571427,0.3395149
47.0,0.5,0.21428571428571427,0.354231
47.0,0.5714285714285714,0.21428571428571427,0.33775255
47.0,0.6428571428571428,0.21428571428571427,0.2955631
47.0,0.7142857142857142,0.21428571428571427,0.23905
47.0,0.7857142857142857,0.21428571428571427,0.1773111
47.0,0.8571428571428571,0.21428571428571427,0.113522775
47.0,0.9285714285714285,0.21428571428571427,0.048487768
47.0,1.0,0.21428571428571427,-0.016573822
47.0,0.0,0.2857142857142857,-0.015544154
47.0,0.07142857142857142,0.2857142857142857,0.06623091
47.0,0.14285714285714285,0.2857142857142857,0.15180427
47.0,0.21428571428571427,0.2857142857142857,0.23899388
47.0,0.2857142857142857,0.2857142857142857,0.32405233
47.0,0.3571428571428571,0.2857142857142857,0.3998272
47.0,0.42857142857142855,0.2857142857142857,0.45421344
47.0,0.5,0.2857142857142857,0.47416073
47.0,0.5714285714285714,0.2857142857142857,0.4539386
47.0,0.6428571428571428,0.2857142857142857,0.39959413
47.0,0.7142857142857142,0.2857142857142857,0.3247044
47.0,0.7857142857142857,0.2857142857142857,0.24091807
47.0,0.8571428571428571,0.2857142857142857,0.15428558
47.0,0.9285714285714285,0.2857142857142857,0.06839751
47.0,1.0,0.2857142857142857,-0.013949476
47.0,0.0,0.3571428571428571,-0.011676408
47.0,0.07142857142857142,0.3571428571428571,0.087683484
47.0,0.14285714285714285,0.3571428571428571,0.19205245
47.0,0.21428571428571427,0.3571428571428571,0.298014
47.0,0.2857142857142857,0.3571428571428571,0.400579
47.0,0.3571428571428571,0.3571428571428571,0.49130237
47.0,0.42857142857142855,0.3571428571428571,0.55635685
47.0,0.5,0.3571428571428571,0.5805154
47.0,0.5714285714285714,0.3571428571428571,0.5566451
47.0,0.6428571428571428,0.3571428571428571,0.49146134
47.0,0.7142857142857142,0.3571428571428571,0.40065193
47.0,0.7857142857142857,0.3571428571428571,0.29828763
47.0,0.8571428571428571,0.3571428571428571,0.19299787
47.0,0.9285714285714285,0.3571428571428571,0.09038717
47.0,1.0,0.3571428571428571,-0.005810473
47.0,0.0,0.42857142857142855,-0.007415414
47.0,0.07142857142857142,0.42857142857142855,0.104362756
47.0,0.14285714285714285,0.42857142857142855,0.22200722
47.0,0.21428571428571427,0.42857142857142855,0.34120756
47.0,0.2857142857142857,0.42857142857142855,0.45622
47.0,0.3571428571428571,0.42857142857142855,0.55776864
47.0,0.42857142857142855,0.42857142857142855,0.63048345
47.0,0.5,0.42857142857142855,0.6570969
47.0,0.5714285714285714,0.42857142857142855,0.62969357
47.0,0.6428571428571428,0.42857142857142855,0.55628705
47.0,0.7142857142857142,0.42857142857142855,0.4544611
47.0,0.7857142857142857,0.42857142857142855,0.33986193
47.0,0.8571428571428571,0.42857142857142855,0.2225683
47.0,0.9285714285714285,0.42857142857142855,0.109232105
47.0,1.0,0.42857142857142855,0.0041801035
47.0,0.0,0.5,-0.006058641
47.0,0.07142857142857142,0.5,0.10962708
47.0,0.14285714285714285,0.5,0.23152691
47.0,0.21428571428571427,0.5,0.35522038
47.0,0.2857142857142857,0.5,0.47503257
47.0,0.3571428571428571,0.5,0.5814894
47.0,0.42857142857142855,0.5,0.6579355
47.0,0.5,0.5,0.68542445
47.0,0.5714285714285714,0.5,0.6560891
47.0,0.6428571428571428,0.5,0.5794748
47.0,0.7142857142857142,0.5,0.4740596
47.0,0.7857142857142857,0.5,0.35564426
47.0,0.8571428571428571,0.5,0.2345837
47.0,0.9285714285714285,0.5,0.117967315
47.0,1.0,0.5,0.010549266
47.0,0.0,0.5714285714285714,-0.006990835
47.0,0.07142857142857142,0.5714285714285714,0.103526264
47.0,0.14285714285714285,0.5714285714285714,0.2196415
47.0,0.21428571428571427,0.5714285714285714,0.3374225
47.0,0.2857142857142857,0.5714285714285714,0.45202717
47.0,0.3571428571428571,0.5714285714285714,0.55493057
47.0,0.42857142857142855,0.5714285714285714,0.62965345
47.0,0.5,0.5714285714285714,0.6568178
47.0,0.5714285714285714,0.5714285714285714,0.6288505
47.0,0.6428571428571428,0.5714285714285714,0.5555944
47.0,0.7142857142857142,0.5714285714285714,0.45468524
47.0,0.7857142857142857,0.5714285714285714,0.34096742
47.0,0.8571428571428571,0.5714285714285714,0.22452056
47.0,0.9285714285714285,0.5714285714285714,0.11251918
47.0,1.0,0.5714285714285714,0.009788435
47.0,0.0,0.6428571428571428,-0.007111348
47.0,0.07142857142857142,0.6428571428571428,0.091035634
47.0,0.14285714285714285,0.6428571428571428,0.19328296
47.0,0.21428571428571427,0.6428571428571428,0.29651943
47.0,0.2857142857142857,0.6428571428571428,0.39708337
47.0,0.3571428571428571,0.6428571428571428,0.4882207
47.0,0.42857142857142855,0.6428571428571428,0.55544543
47.0,0.5,0.6428571428571428,0.58078986
47.0,0.5714285714285714,0.6428571428571428,0.5568757
47.0,0.6428571428571428,0.6428571428571428,0.4921009
47.0,0.7142857142857142,0.6428571428571428,0.40191993
47.0,0.7857142857142857,0.6428571428571428,0.2997909
47.0,0.8571428571428571,0.6428571428571428,0.1952022
47.0,0.9285714285714285,0.6428571428571428,0.0948252
47.0,1.0,0.6428571428571428,0.002884455
47.0,0.0,0.7142857142857142,-0.0048318356
47.0,0.07142857142857142,0.7142857142857142,0.0756439
47.0,0.14285714285714285,0.7142857142857142,0.15824378
47.0,0.21428571428571427,0.7142857142857142,0.24122024
47.0,0.2857142857142857,0.7142857142857142,0.3224648
47.0,0.3571428571428571,0.7142857142857142,0.3970154
47.0,0.42857142857142855,0.7142857142857142,0.4528705
47.0,0.5,0.7142857142857142,0.4747372
47.0,0.5714285714285714,0.7142857142857142,0.45582274
47.0,0.6428571428571428,0.7142857142857142,0.40238914
47.0,0.7142857142857142,0.7142857142857142,0.3271849
47.0,0.7857142857142857,0.7142857142857142,0.24194098
47.0,0.8571428571428571,0.7142857142857142,0.15491349
47.0,0.9285714285714285,0.7142857142857142,0.07140391
47.0,1.0,0.7142857142857142,-0.0056221373
47.0,0.0,0.7857142857142857,-0.00075010955
47.0,0.07142857142857142,0.7857142857142857,0.05859226
47.0,0.14285714285714285,0.7857142857142857,0.11820813
47.0,0.21428571428571427,0.7857142857142857,0.17829606
47.0,0.2857142857142857,0.7857142857142857,0.23842865
47.0,0.3571428571428571,0.7857142857142857,0.29473945
47.0,0.42857142857142855,0.7857142857142857,0.33726263
47.0,0.5,0.7857142857142857,0.3540594
47.0,0.5714285714285714,0.7857142857142857,0.33986184
47.0,0.6428571428571428,0.7857142857142857,0.29919344
47.0,0.7142857142857142,0.7857142857142857,0.24188519
47.0,0.7857142857142857,0.7857142857142857,0.1772635
47.0,0.8571428571428571,0.7857142857142857,0.11154136
47.0,0.9285714285714285,0.7857142857142857,0.048020806
47.0,1.0,0.7857142857142857,-0.011927776
47.0,0.0,0.8571428571428571,0.0030246302
47.0,0.07142857142857142,0.8571428571428571,0.040076062
47.0,0.14285714285714285,0.8571428571428571,0.076348744
47.0,0.21428571428571427,0.8571428571428571,0.11400644
47.0,0.2857142857142857,0.8571428571428571,0.15371141
47.0,0.3571428571428571,0.8571428571428571,0.19192949
47.0,0.42857142857142855,0.8571428571428571,0.22057626
47.0,0.5,0.8571428571428571,0.23141283
47.0,0.5714285714285714,0.8571428571428571,0.22133288
47.0,0.6428571428571428,0.8571428571428571,0.19366965
47.0,0.7142857142857142,0.8571428571428571,0.15521938
47.0,0.7857142857142857,0.8571428571428571,0.11229937
47.0,0.8571428571428571,0.8571428571428571,0.068685494
47.0,0.9285714285714285,0.8571428571428571,0.025709681
47.0,1.0,0.8571428571428571,-0.0167007
47.0,0.0,0.9285714285714285,0.002955854
47.0,0.07142857142857142,0.9285714285714285,0.018722307
47.0,0.14285714285714285,0.9285714285714285,0.033601273
47.0,0.21428571428571427,0.9285714285714285,0.050957546
47.0,0.2857142857142857,0.9285714285714285,0.0717447
47.0,0.3571428571428571,0.9285714285714285,0.09285015
47.0,0.42857142857142855,0.9285714285714285,0.10857044
47.0,0.5,0.9285714285714285,0.11419899
47.0,0.5714285714285714,0.9285714285714285,0.10843353
47.0,0.6428571428571428,0.9285714285714285,0.09339728
47.0,0.7142857142857142,0.9285714285714285,0.07286053
47.0,0.7857142857142857,0.9285714285714285,0.050086558
47.0,0.8571428571428571,0.9285714285714285,0.026627436
47.0,0.9285714285714285,0.9285714285714285,0.0023757191
47.0,1.0,0.9285714285714285,-0.023661045
47.0,0.0,1.0,-0.005401626
47.0,0.07142857142857142,1.0,-0.00860215
47.0,0.14285714285714285,1.0,-0.012222221
47.0,0.21428571428571427,1.0,-0.012640352
47.0,0.2857142857142857,1.0,-0.00884085
47.0,0.3571428571428571,1.0,-0.0027562985
47.0,0.42857142857142855,1.0,0.0026323535
47.0,0.5,1.0,0.0052875057
47.0,0.5714285714285714,1.0,0.0046802275
47.0,0.6428571428571428,1.0,0.0014535058
47.0,0.7142857142857142,1.0,-0.003301138
47.0,0.7857142857142857,1.0,-0.008857666
47.0,0.8571428571428571,1.0,-0.015365345
47.0,0.9285714285714285,1.0,-0.023826838
47.0,1.0,1.0,-0.035663337
48.0,0.0,0.0,-0.020700626
48.0,0.07142857142857142,0.0,-0.01607284
48.0,0.14285714285714285,0.0,-0.014592096
48.0,0.21428571428571427,0.0,-0.01415766
48.0,0.2857142857142857,0.0,-0.012344286
48.0,0.3571428571428571,0.0,-0.008050911
48.0,0.42857142857142855,0.0,-0.003129378
48.0,0.5,0.0,-0.0010296851
48.0,0.5714285714285714,0.0,-0.003298521
48.0,0.6428571428571428,0.0,-0.00792174
48.0,0.7142857142857142,0.0,-0.010864437
48.0,0.7857142857142857,0.0,-0.009528555
48.0,0.8571428571428571,0.0,-0.0054986533
48.0,0.9285714285714285,0.0,-0.0037843306
48.0,1.0,0.0,-0.009327271
48.0,0.0,0.07142857142857142,-0.015464991
48.0,0.07142857142857142,0.07142857142857142,0.007491909
48.0,0.14285714285714285,0.07142857142857142,0.02873499
48.0,0.21428571428571427,0.07142857142857142,0.049356222
48.0,0.2857142857142857,0.07142857142857142,0.07029947
48.0,0.3571428571428571,0.07142857142857142,0.09065785
48.0,0.42857142857142855,0.07142857142857142,0.1061493
48.0,0.5,0.07142857142857142,0.111284256
48.0,0.5714285714285714,0.07142857142857142,0.10398161
48.0,0.6428571428571428,0.07142857142857142,0.08755573
48.0,0.7142857142857142,0.07142857142857142,0.06838064
48.0,0.7857142857142857,0.07142857142857142,0.05095178
48.0,0.8571428571428571,0.07142857142857142,0.034597225
48.0,0.9285714285714285,0.07142857142857142,0.015348405
48.0,1.0,0.07142857142857142,-0.009967232
48.0,0.0,0.14285714285714285,-0.015286505
48.0,0.07142857142857142,0.14285714285714285,0.027003437
48.0,0.14285714285714285,0.14285714285714285,0.06949224
48.0,0.21428571428571427,0.14285714285714285,0.11221293
48.0,0.2857142857142857,0.14285714285714285,0.15448642
48.0,0.3571428571428571,0.14285714285714285,0.19315225
48.0,0.42857142857142855,0.14285714285714285,0.22116151
48.0,0.5,0.14285714285714285,0.23059657
48.0,0.5714285714285714,0.14285714285714285,0.21850294
48.0,0.6428571428571428,0.14285714285714285,0.18937558
48.0,0.7142857142857142,0.14285714285714285,0.15203893
48.0,0.7857142857142857,0.14285714285714285,0.11313648
48.0,0.8571428571428571,0.14285714285714285,0.073573925
48.0,0.9285714285714285,0.14285714285714285,0.03145234
48.0,1.0,0.14285714285714285,-0.01411942
48.0,0.0,0.21428571428571427,-0.016369112
48.0,0.07142857142857142,0.21428571428571427,0.045735553
48.0,0.14285714285714285,0.21428571428571427,0.11004957
48.0,0.21428571428571427,0.21428571428571427,0.17548862
48.0,0.2857142857142857,0.21428571428571427,0.2397278
48.0,0.3571428571428571,0.21428571428571427,0.2973979
48.0,0.42857142857142855,0.21428571428571427,0.33874726
48.0,0.5,0.21428571428571427,0.3533346
48.0,0.5714285714285714,0.21428571428571427,0.33700842
48.0,0.6428571428571428,0.21428571428571427,0.29513466
48.0,0.7142857142857142,0.21428571428571427,0.23887014
48.0,0.7857142857142857,0.21428571428571427,0.17720449
48.0,0.8571428571428571,0.21428571428571427,0.113395266
48.0,0.9285714285714285,0.21428571428571427,0.048344966
48.0,1.0,0.21428571428571427,-0.016636794
48.0,0.0,0.2857142857142857,-0.015362836
48.0,0.07142857142857142,0.2857142857142857,0.06621624
48.0,0.14285714285714285,0.2857142857142857,0.15172789
48.0,0.21428571428571427,0.2857142857142857,0.23887226
48.0,0.2857142857142857,0.2857142857142857,0.32378918
48.0,0.3571428571428571,0.2857142857142857,0.39925462
48.0,0.42857142857142855,0.2857142857142857,0.4532653
48.0,0.5,0.2857142857142857,0.4730239
48.0,0.5714285714285714,0.2857142857142857,0.45295796
48.0,0.6428571428571428,0.2857142857142857,0.39900655
48.0,0.7142857142857142,0.2857142857142857,0.32446873
48.0,0.7857142857142857,0.2857142857142857,0.2408424
48.0,0.8571428571428571,0.2857142857142857,0.15423313
48.0,0.9285714285714285,0.2857142857142857,0.06833589
48.0,1.0,0.2857142857142857,-0.0139089
48.0,0.0,0.3571428571428571,-0.0113752335
48.0,0.07142857142857142,0.3571428571428571,0.08761904
48.0,0.14285714285714285,0.3571428571428571,0.19181004
48.0,0.21428571428571427,0.3571428571428571,0.29765952
48.0,0.2857142857142857,0.3571428571428571,0.40003723
48.0,0.3571428571428571,0.3571428571428571,0.49038976
48.0,0.42857142857142855,0.3571428571428571,0.55497706
48.0,0.5,0.3571428571428571,0.57887083
48.0,0.5714285714285714,0.3571428571428571,0.55516917
48.0,0.6428571428571428,0.3571428571428571,0.49048454
48.0,0.7142857142857142,0.3571428571428571,0.4001593
48.0,0.7857142857142857,0.3571428571428571,0.29805705
48.0,0.8571428571428571,0.3571428571428571,0.19284242
48.0,0.9285714285714285,0.3571428571428571,0.09026209
48.0,1.0,0.3571428571428571,-0.0057471395
48.0,0.0,0.42857142857142855,-0.0071013644
48.0,0.07142857142857142,0.42857142857142855,0.10412399
48.0,0.14285714285714285,0.42857142857142855,0.22145277
48.0,0.21428571428571427,0.42857142857142855,0.34045577
48.0,0.2857142857142857,0.42857142857142855,0.45521513
48.0,0.3571428571428571,0.42857142857142855,0.5563025
48.0,0.42857142857142855,0.42857142857142855,0.62843496
48.0,0.5,0.42857142857142855,0.65472
48.0,0.5714285714285714,0.42857142857142855,0.62754387
48.0,0.6428571428571428,0.42857142857142855,0.5547794
48.0,0.7142857142857142,0.42857142857142855,0.45357653
48.0,0.7857142857142857,0.42857142857142855,0.33932903
48.0,0.8571428571428571,0.42857142857142855,0.22216281
48.0,0.9285714285714285,0.42857142857142855,0.10892487
48.0,1.0,0.42857142857142855,0.004182555
48.0,0.0,0.5,-0.0057632476
48.0,0.07142857142857142,0.5,0.10930394
48.0,0.14285714285714285,0.5,0.23084033
48.0,0.21428571428571427,0.5,0.35430032
48.0,0.2857142857142857,0.5,0.47380906
48.0,0.3571428571428571,0.5,0.5797154
48.0,0.42857142857142855,0.5,0.6554755
48.0,0.5,0.5,0.68260854
48.0,0.5714285714285714,0.5,0.65357536
48.0,0.6428571428571428,0.5,0.5776962
48.0,0.7142857142857142,0.5,0.47295204
48.0,0.7857142857142857,0.5,0.3549016
48.0,0.8571428571428571,0.5,0.23398444
48.0,0.9285714285714285,0.5,0.117518686
48.0,1.0,0.5,0.010497816
48.0,0.0,0.5714285714285714,-0.0066787526
48.0,0.07142857142857142,0.5714285714285714,0.103319876
48.0,0.14285714285714285,0.5714285714285714,0.21915361
48.0,0.21428571428571427,0.5714285714285714,0.33675277
48.0,0.2857142857142857,0.5714285714285714,0.4510786
48.0,0.3571428571428571,0.5714285714285714,0.55343795
48.0,0.42857142857142855,0.5714285714285714,0.6274741
48.0,0.5,0.5714285714285714,0.6543023
48.0,0.5714285714285714,0.5714285714285714,0.62664694
48.0,0.6428571428571428,0.5714285714285714,0.55406994
48.0,0.7142857142857142,0.5714285714285714,0.45373538
48.0,0.7857142857142857,0.5714285714285714,0.34030467
48.0,0.8571428571428571,0.5714285714285714,0.22396818
48.0,0.9285714285714285,0.5714285714285714,0.11211801
48.0,1.0,0.5714285714285714,0.009780508
48.0,0.0,0.6428571428571428,-0.006789133
48.0,0.07142857142857142,0.6428571428571428,0.09101566
48.0,0.14285714285714285,0.6428571428571428,0.19311234
48.0,0.21428571428571427,0.6428571428571428,0.29624444
48.0,0.2857142857142857,0.6428571428571428,0.39659286
48.0,0.3571428571428571,0.6428571428571428,0.48727965
48.0,0.42857142857142855,0.6428571428571428,0.55393076
48.0,0.5,0.6428571428571428,0.5790004
48.0,0.5714285714285714,0.6428571428571428,0.55533963
48.0,0.6428571428571428,0.6428571428571428,0.4910881
48.0,0.7142857142857142,0.6428571428571428,0.40132865
48.0,0.7857142857142857,0.6428571428571428,0.29939422
48.0,0.8571428571428571,0.6428571428571428,0.19487342
48.0,0.9285714285714285,0.6428571428571428,0.09460682
48.0,1.0,0.6428571428571428,0.0029802676
48.0,0.0,0.7142857142857142,-0.0045874864
48.0,0.07142857142857142,0.7142857142857142,0.07571337
48.0,0.14285714285714285,0.7142857142857142,0.15828535
48.0,0.21428571428571427,0.7142857142857142,0.24123126
48.0,0.2857142857142857,0.7142857142857142,0.32232288
48.0,0.3571428571428571,0.7142857142857142,0.396524
48.0,0.42857142857142855,0.7142857142857142,0.4519375
48.0,0.5,0.7142857142857142,0.4735863
48.0,0.5714285714285714,0.7142857142857142,0.4548368
48.0,0.6428571428571428,0.7142857142857142,0.40176466
48.0,0.7142857142857142,0.7142857142857142,0.32685372
48.0,0.7857142857142857,0.7142857142857142,0.2417433
48.0,0.8571428571428571,0.7142857142857142,0.15475228
48.0,0.9285714285714285,0.7142857142857142,0.071305744
48.0,1.0,0.7142857142857142,-0.0055003297
48.0,0.0,0.7857142857142857,-0.0007170364
48.0,0.07142857142857142,0.7857142857142857,0.058579184
48.0,0.14285714285714285,0.7857142857142857,0.11827134
48.0,0.21428571428571427,0.7857142857142857,0.17840472
48.0,0.2857142857142857,0.7857142857142857,0.23844373
48.0,0.3571428571428571,0.7857142857142857,0.29448467
48.0,0.42857142857142855,0.7857142857142857,0.33667257
48.0,0.5,0.7857142857142857,0.35329545
48.0,0.5714285714285714,0.7857142857142857,0.33918828
48.0,0.6428571428571428,0.7857142857142857,0.2987545
48.0,0.7142857142857142,0.7857142857142857,0.24164832
48.0,0.7857142857142857,0.7857142857142857,0.1771175
48.0,0.8571428571428571,0.7857142857142857,0.111406125
48.0,0.9285714285714285,0.7857142857142857,0.047908664
48.0,1.0,0.7857142857142857,-0.011891881
48.0,0.0,0.8571428571428571,0.0027413145
48.0,0.07142857142857142,0.8571428571428571,0.039840743
48.0,0.14285714285714285,0.8571428571428571,0.076274395
48.0,0.21428571428571427,0.8571428571428571,0.11405022
48.0,0.2857142857142857,0.8571428571428571,0.15372366
48.0,0.3571428571428571,0.8571428571428571,0.19175172
48.0,0.42857142857142855,0.8571428571428571,0.22016397
48.0,0.5,0.8571428571428571,0.23087755
48.0,0.5714285714285714,0.8571428571428571,0.22084597
48.0,0.6428571428571428,0.8571428571428571,0.19333032
48.0,0.7142857142857142,0.8571428571428571,0.15501562
48.0,0.7857142857142857,0.8571428571428571,0.11215735
48.0,0.8571428571428571,0.8571428571428571,0.06854385
48.0,0.9285714285714285,0.8571428571428571,0.025575113
48.0,1.0,0.8571428571428571,-0.016726295
48.0,0.0,0.9285714285714285,0.0023620874
48.0,0.07142857142857142,0.9285714285714285,0.018259808
48.0,0.14285714285714285,0.9285714285714285,0.03337668
48.0,0.21428571428571427,0.9285714285714285,0.050928377
48.0,0.2857142857142857,0.9285714285714285,0.07177412
48.0,0.3571428571428571,0.9285714285714285,0.09280516
48.0,0.42857142857142855,0.9285714285714285,0.108405896
48.0,0.5,0.9285714285714285,0.113964655
48.0,0.5714285714285714,0.9285714285714285,0.10821124
48.0,0.6428571428571428,0.9285714285714285,0.093238614
48.0,0.7142857142857142,0.9285714285714285,0.07276319
48.0,0.7857142857142857,0.9285714285714285,0.050014094
48.0,0.8571428571428571,0.9285714285714285,0.026550591
48.0,0.9285714285714285,0.9285714285714285,0.0023121266
48.0,1.0,0.9285714285714285,-0.023624174
48.0,0.0,1.0,-0.006151546
48.0,0.07142857142857142,1.0,-0.009127472
48.0,0.14285714285714285,1.0,-0.012426937
48.0,0.21428571428571427,1.0,-0.01255618
48.0,0.2857142857142857,1.0,-0.008579411
48.0,0.3571428571428571,1.0,-0.0024345275
48.0,0.42857142857142855,1.0,0.0029399432
48.0,0.5,1.0,0.0055526868
48.0,0.5714285714285714,1.0,0.0049037747
48.0,0.6428571428571428,1.0,0.00164227
48.0,0.7142857142857142,1.0,-0.0031466596
48.0,0.7857142857142857,1.0,-0.008740345
48.0,0.8571428571428571,1.0,-0.015277049
48.0,0.9285714285714285,1.0,-0.023727681
48.0,1.0,1.0,-0.03546636
49.0,0.0,0.0,-0.021187827
49.0,0.07142857142857142,0.0,-0.016447261
49.0,0.14285714285714285,0.0,-0.014730722
49.0,0.21428571428571427,0.0,-0.013997495
49.0,0.2857142857142857,0.0,-0.011924528
49.0,0.3571428571428571,0.0,-0.0075172335
49.0,0.42857142857142855,0.0,-0.0026251003
49.0,0.5,0.0,-0.00058448315
49.0,0.5714285714285714,0.0,-0.0028700978
49.0,0.6428571428571428,0.0,-0.007511895
49.0,0.7142857142857142,0.0,-0.0105636865
49.0,0.7857142857142857,0.0,-0.009443551
49.0,0.8571428571428571,0.0,-0.0056295637
49.0,0.9285714285714285,0.0,-0.003990134
49.0,1.0,0.0,-0.0094121685
49.0,0.0,0.07142857142857142,-0.015915789
49.0,0.07142857142857142,0.07142857142857142,0.0070791245
49.0,0.14285714285714285,0.07142857142857142,0.028457932
49.0,0.21428571428571427,0.07142857142857142,0.049243033
49.0,0.2857142857142857,0.07142857142857142,0.070286214
49.0,0.3571428571428571,0.07142857142857142,0.09060413
49.0,0.42857142857142855,0.07142857142857142,0.1059624
49.0,0.5,0.07142857142857142,0.1110222
49.0,0.5714285714285714,0.07142857142857142,0.10377636
49.0,0.6428571428571428,0.07142857142857142,0.08746018
49.0,0.7142857142857142,0.07142857142857142,0.068308525
49.0,0.7857142857142857,0.07142857142857142,0.05077046
49.0,0.8571428571428571,0.07142857142857142,0.03427448
49.0,0.9285714285714285,0.07142857142857142,0.014982667
49.0,1.0,0.07142857142857142,-0.010226076
49.0,0.0,0.14285714285714285,-0.015580952
49.0,0.07142857142857142,0.14285714285714285,0.026691504
49.0,0.14285714285714285,0.14285714285714285,0.069246
49.0,0.21428571428571427,0.14285714285714285,0.11203339
49.0,0.2857142857142857,0.14285714285714285,0.15428802
49.0,0.3571428571428571,0.14285714285714285,0.19279441
49.0,0.42857142857142855,0.14285714285714285,0.22058669
49.0,0.5,0.14285714285714285,0.22992945
49.0,0.5714285714285714,0.14285714285714285,0.2179518
49.0,0.6428571428571428,0.14285714285714285,0.18904588
49.0,0.7142857142857142,0.14285714285714285,0.15185425
49.0,0.7857142857142857,0.14285714285714285,0.11293949
49.0,0.8571428571428571,0.14285714285714285,0.073297925
49.0,0.9285714285714285,0.14285714285714285,0.031142563
49.0,1.0,0.14285714285714285,-0.014358273
49.0,0.0,0.21428571428571427,-0.016442865
49.0,0.07142857142857142,0.21428571428571427,0.045589082
49.0,0.14285714285714285,0.21428571428571427,0.10991637
49.0,0.21428571428571427,0.21428571428571427,0.17535967
49.0,0.2857142857142857,0.21428571428571427,0.23950422
49.0,0.3571428571428571,0.21428571428571427,0.29693308
49.0,0.42857142857142855,0.21428571428571427,0.3379934
49.0,0.5,0.21428571428571427,0.35245556
49.0,0.5714285714285714,0.21428571428571427,0.33627412
49.0,0.6428571428571428,0.21428571428571427,0.29470858
49.0,0.7142857142857142,0.21428571428571427,0.238691
49.0,0.7857142857142857,0.21428571428571427,0.17709965
49.0,0.8571428571428571,0.21428571428571427,0.11326244
49.0,0.9285714285714285,0.21428571428571427,0.048177443
49.0,1.0,0.21428571428571427,-0.016755475
49.0,0.0,0.2857142857142857,-0.015231349
49.0,0.07142857142857142,0.2857142857142857,0.06617972
49.0,0.14285714285714285,0.2857142857142857,0.15163708
49.0,0.21428571428571427,0.2857142857142857,0.23873407
49.0,0.2857142857142857,0.2857142857142857,0.323509
49.0,0.3571428571428571,0.2857142857142857,0.3986741
49.0,0.42857142857142855,0.2857142857142857,0.45232326
49.0,0.5,0.2857142857142857,0.47189945
49.0,0.5714285714285714,0.2857142857142857,0.4519837
49.0,0.6428571428571428,0.2857142857142857,0.39841732
49.0,0.7142857142857142,0.2857142857142857,0.32423013
49.0,0.7857142857142857,0.2857142857142857,0.24076581
49.0,0.8571428571428571,0.2857142857142857,0.15417579
49.0,0.9285714285714285,0.2857142857142857,0.068256624
49.0,1.0,0.2857142857142857,-0.013913747
49.0,0.0,0.3571428571428571,-0.011130899
49.0,0.07142857142857142,0.3571428571428571,0.08753037
49.0,0.14285714285714285,0.3571428571428571,0.19155255
49.0,0.21428571428571427,0.3571428571428571,0.29728746
49.0,0.2857142857142857,0.3571428571428571,0.39947566
49.0,0.3571428571428571,0.3571428571428571,0.4894662
49.0,0.42857142857142855,0.3571428571428571,0.5536022
49.0,0.5,0.3571428571428571,0.5772418
49.0,0.5714285714285714,0.3571428571428571,0.553705
49.0,0.6428571428571428,0.3571428571428571,0.4895085
49.0,0.7142857142857142,0.3571428571428571,0.39966124
49.0,0.7857142857142857,0.3571428571428571,0.29782146
49.0,0.8571428571428571,0.3571428571428571,0.19268247
49.0,0.9285714285714285,0.3571428571428571,0.090123214
49.0,1.0,0.3571428571428571,-0.0057257116
49.0,0.0,0.42857142857142855,-0.0068502873
49.0,0.07142857142857142,0.42857142857142855,0.10386423
49.0,0.14285714285714285,0.42857142857142855,0.22089383
49.0,0.21428571428571427,0.42857142857142855,0.33969992
49.0,0.2857142857142857,0.42857142857142855,0.45420405
49.0,0.3571428571428571,0.42857142857142855,0.55484015
49.0,0.42857142857142855,0.42857142857142855,0.62640977
49.0,0.5,0.42857142857142855,0.6523809
49.0,0.5714285714285714,0.42857142857142855,0.625426
49.0,0.6428571428571428,0.42857142857142855,0.55328476
49.0,0.7142857142857142,0.42857142857142855,0.45269096
49.0,0.7857142857142857,0.42857142857142855,0.3387938
49.0,0.8571428571428571,0.42857142857142855,0.2217567
49.0,0.9285714285714285,0.42857142857142855,0.1086087
49.0,1.0,0.42857142857142855,0.0041446425
49.0,0.0,0.5,-0.005527042
49.0,0.07142857142857142,0.5,0.108970016
49.0,0.14285714285714285,0.5,0.23016414
49.0,0.21428571428571427,0.5,0.35339153
49.0,0.2857142857142857,0.5,0.47259456
49.0,0.3571428571428571,0.5,0.5779605
49.0,0.42857142857142855,0.5,0.6530582
49.0,0.5,0.5,0.6798509
49.0,0.5714285714285714,0.5,0.65110904
49.0,0.6428571428571428,0.5,0.5759373
49.0,0.7142857142857142,0.5,0.4718452
49.0,0.7857142857142857,0.5,0.3541585
49.0,0.8571428571428571,0.5,0.23338953
49.0,0.9285714285714285,0.5,0.11706712
49.0,1.0,0.5,0.010408271
49.0,0.0,0.5714285714285714,-0.006415248
49.0,0.07142857142857142,0.5714285714285714,0.10310993
49.0,0.14285714285714285,0.5714285714285714,0.2186797
49.0,0.21428571428571427,0.5714285714285714,0.33609414
49.0,0.2857142857142857,0.5714285714285714,0.45013732
49.0,0.3571428571428571,0.5714285714285714,0.551959
49.0,0.42857142857142855,0.5714285714285714,0.6253295
49.0,0.5,0.5714285714285714,0.6518336
49.0,0.5714285714285714,0.5714285714285714,0.6244753
49.0,0.6428571428571428,0.5714285714285714,0.55254936
49.0,0.7142857142857142,0.5714285714285714,0.4527744
49.0,0.7857142857142857,0.5714285714285714,0.33963507
49.0,0.8571428571428571,0.5714285714285714,0.22341958
49.0,0.9285714285714285,0.5714285714285714,0.11171527
49.0,1.0,0.5714285714285714,0.009736866
49.0,0.0,0.6428571428571428,-0.00650803
49.0,0.07142857142857142,0.6428571428571428,0.09099085
49.0,0.14285714285714285,0.6428571428571428,0.19294721
49.0,0.21428571428571427,0.6428571428571428,0.2959711
49.0,0.2857142857142857,0.6428571428571428,0.39610007
49.0,0.3571428571428571,0.6428571428571428,0.48634052
49.0,0.42857142857142855,0.6428571428571428,0.5524315
49.0,0.5,0.6428571428571428,0.57723117
49.0,0.5714285714285714,0.6428571428571428,0.5538079
49.0,0.6428571428571428,0.6428571428571428,0.4900598
49.0,0.7142857142857142,0.6428571428571428,0.40071487
49.0,0.7857142857142857,0.6428571428571428,0.29898563
49.0,0.8571428571428571,0.6428571428571428,0.19454548
49.0,0.9285714285714285,0.6428571428571428,0.0943871
49.0,1.0,0.6428571428571428,0.0030447952
49.0,0.0,0.7142857142857142,-0.004387468
49.0,0.07142857142857142,0.7142857142857142,0.075768724
49.0,0.14285714285714285,0.7142857142857142,0.15832138
49.0,0.21428571428571427,0.7142857142857142,0.24123558
49.0,0.2857142857142857,0.7142857142857142,0.322174
49.0,0.3571428571428571,0.7142857142857142,0.39603013
49.0,0.42857142857142855,0.7142857142857142,0.45100963
49.0,0.5,0.7142857142857142,0.47244155
49.0,0.5714285714285714,0.7142857142857142,0.45384604
49.0,0.6428571428571428,0.7142857142857142,0.40112284
49.0,0.7142857142857142,0.7142857142857142,0.32650498
49.0,0.7857142857142857,0.7142857142857142,0.24153775
49.0,0.8571428571428571,0.7142857142857142,0.15459427
49.0,0.9285714285714285,0.7142857142857142,0.07120784
49.0,1.0,0.7142857142857142,-0.0054040477
49.0,0.0,0.7857142857142857,-0.00073987246
49.0,0.07142857142857142,0.7857142857142857,0.058538243
49.0,0.14285714285714285,0.7857142857142857,0.11831764
49.0,0.21428571428571427,0.7857142857142857,0.1785008
49.0,0.2857142857142857,0.7857142857142857,0.23845124
49.0,0.3571428571428571,0.7857142857142857,0.2942287
49.0,0.42857142857142855,0.7857142857142857,0.33608818
49.0,0.5,0.7857142857142857,0.3525388
49.0,0.5714285714285714,0.7857142857142857,0.33851567
49.0,0.6428571428571428,0.7857142857142857,0.2983098
49.0,0.7142857142857142,0.7857142857142857,0.24140516
49.0,0.7857142857142857,0.7857142857142857,0.17697012
49.0,0.8571428571428571,0.7857142857142857,0.111274354
49.0,0.9285714285714285,0.7857142857142857,0.047794223
49.0,1.0,0.7857142857142857,-0.011880808
49.0,0.0,0.8571428571428571,0.0023851246
49.0,0.07142857142857142,0.8571428571428571,0.039561354
49.0,0.14285714285714285,0.8571428571428571,0.076170914
49.0,0.21428571428571427,0.8571428571428571,0.11407339
49.0,0.2857142857142857,0.8571428571428571,0.15372354
49.0,0.3571428571428571,0.8571428571428571,0.19156986
49.0,0.42857142857142855,0.8571428571428571,0.21975493
49.0,0.5,0.8571428571428571,0.230349
49.0,0.5714285714285714,0.8571428571428571,0.2203626
49.0,0.6428571428571428,0.8571428571428571,0.19298959
49.0,0.7142857142857142,0.8571428571428571,0.15480712
49.0,0.7857142857142857,0.8571428571428571,0.112009026
49.0,0.8571428571428571,0.8571428571428571,0.06839452
49.0,0.9285714285714285,0.8571428571428571,0.025424588
49.0,1.0,0.8571428571428571,-0.016789163
49.0,0.0,0.9285714285714285,0.0016776919
49.0,0.07142857142857142,0.9285714285714285,0.017733932
49.0,0.14285714285714285,0.9285714285714285,0.033103824
49.0,0.21428571428571427,0.9285714285714285,0.05086103
49.0,0.2857142857142857,0.9285714285714285,0.07177306
49.0,0.3571428571428571,0.9285714285714285,0.092737116
49.0,0.42857142857142855,0.9285714285714285,0.10822562
49.0,0.5,0.9285714285714285,0.11371719
49.0,0.5714285714285714,0.9285714285714285,0.10797572
49.0,0.6428571428571428,0.9285714285714285,0.09306353
49.0,0.7142857142857142,0.9285714285714285,0.07264552
49.0,0.7857142857142857,0.9285714285714285,0.04991758
49.0,0.8571428571428571,0.9285714285714285,0.026445583
49.0,0.9285714285714285,0.9285714285714285,0.0022111582
49.0,1.0,0.9285714285714285,-0.023643058
49.0,0.0,1.0,-0.0070099495
49.0,0.07142857142857142,1.0,-0.009740252
49.0,0.14285714285714285,1.0,-0.01270715
49.0,0.21428571428571427,1.0,-0.012541107
49.0,0.2857142857142857,1.0,-0.008381824
49.0,0.3571428571428571,1.0,-0.0021720715
49.0,0.42857142857142855,1.0,0.003193289
49.0,0.5,1.0,0.0057678744
49.0,0.5714285714285714,1.0,0.0050791223
49.0,0.6428571428571428,1.0,0.0017827842
49.0,0.7142857142857142,1.0,-0.0030402802
49.0,0.7857142857142857,1.0,-0.0086723305
49.0,0.8571428571428571,1.0,-0.0152412355
49.0,0.9285714285714285,1.0,-0.023687534
49.0,1.0,1.0,-0.035342902
50.0,0.0,0.0,-0.021767646
50.0,0.07142857142857142,0.0,-0.016889296
50.0,0.14285714285714285,0.0,-0.014920019
50.0,0.21428571428571427,0.0,-0.013878964
50.0,0.2857142857142857,0.0,-0.011544563
50.0,0.3571428571428571,0.0,-0.007022947
50.0,0.42857142857142855,0.0,-0.0021572113
50.0,0.5,0.0,-0.0001752451
50.0,0.5714285714285714,0.0,-0.002483137
50.0,0.6428571428571428,0.0,-0.007148385
50.0,0.7142857142857142,0.0,-0.010310363
50.0,0.7857142857142857,0.0,-0.009407511
50.0,0.8571428571428571,0.0,-0.005821649
50.0,0.9285714285714285,0.0,-0.0042874585
50.0,1.0,0.0,-0.009628268
50.0,0.0,0.07142857142857142,-0.01644028
50.0,0.07142857142857142,0.07142857142857142,0.006618902
50.0,0.14285714285714285,0.07142857142857142,0.028150767
50.0,0.21428571428571427,0.07142857142857142,0.049108967
50.0,0.2857142857142857,0.07142857142857142,0.07025683
50.0,0.3571428571428571,0.07142857142857142,0.090540245
50.0,0.42857142857142855,0.07142857142857142,0.10577245
50.0,0.5,0.07142857142857142,0.110758714
50.0,0.5714285714285714,0.07142857142857142,0.10356309
50.0,0.6428571428571428,0.07142857142857142,0.08734971
50.0,0.7142857142857142,0.07142857142857142,0.06822019
50.0,0.7857142857142857,0.07142857142857142,0.05057151
50.0,0.8571428571428571,0.07142857142857142,0.03392233
50.0,0.9285714285714285,0.07142857142857142,0.014560105
50.0,1.0,0.07142857142857142,-0.010580119
50.0,0.0,0.14285714285714285,-0.01593306
50.0,0.07142857142857142,0.14285714285714285,0.026348457
50.0,0.14285714285714285,0.14285714285714285,0.06898314
50.0,0.21428571428571427,0.14285714285714285,0.11184418
50.0,0.2857142857142857,0.14285714285714285,0.15408513
50.0,0.3571428571428571,0.14285714285714285,0.19244036
50.0,0.42857142857142855,0.14285714285714285,0.22002459
50.0,0.5,0.14285714285714285,0.22927809
50.0,0.5714285714285714,0.14285714285714285,0.21740863
50.0,0.6428571428571428,0.14285714285714285,0.1887173
50.0,0.7142857142857142,0.14285714285714285,0.15166831
50.0,0.7857142857142857,0.14285714285714285,0.112741955
50.0,0.8571428571428571,0.14285714285714285,0.07301124
50.0,0.9285714285714285,0.14285714285714285,0.030798372
50.0,1.0,0.14285714285714285,-0.0146646425
50.0,0.0,0.21428571428571427,-0.016564101
50.0,0.07142857142857142,0.21428571428571427,0.04541988
50.0,0.14285714285714285,0.21428571428571427,0.10977056
50.0,0.21428571428571427,0.21428571428571427,0.17521971
50.0,0.2857142857142857,0.21428571428571427,0.23927316
50.0,0.3571428571428571,0.21428571428571427,0.29646906
50.0,0.42857142857142855,0.21428571428571427,0.3372519
50.0,0.5,0.21428571428571427,0.35159248
50.0,0.5714285714285714,0.21428571428571427,0.3355494
50.0,0.6428571428571428,0.21428571428571427,0.29428476
50.0,0.7142857142857142,0.21428571428571427,0.23851368
50.0,0.7857142857142857,0.21428571428571427,0.17699724
50.0,0.8571428571428571,0.21428571428571427,0.11312434
50.0,0.9285714285714285,0.21428571428571427,0.047988895
50.0,1.0,0.21428571428571427,-0.016922979
50.0,0.0,0.2857142857142857,-0.015145704
50.0,0.07142857142857142,0.2857142857142857,0.06612124
50.0,0.14285714285714285,0.2857142857142857,0.15153077
50.0,0.21428571428571427,0.2857142857142857,0.23857951
50.0,0.2857142857142857,0.2857142857142857,0.32321197
50.0,0.3571428571428571,0.2857142857142857,0.39808458
50.0,0.42857142857142855,0.2857142857142857,0.45138478
50.0,0.5,0.2857142857142857,0.47078502
50.0,0.5714285714285714,0.2857142857142857,0.45101565
50.0,0.6428571428571428,0.2857142857142857,0.39782766
50.0,0.7142857142857142,0.2857142857142857,0.3239886
50.0,0.7857142857142857,0.2857142857142857,0.24068707
50.0,0.8571428571428571,0.2857142857142857,0.15411419
50.0,0.9285714285714285,0.2857142857142857,0.06816257
50.0,1.0,0.2857142857142857,-0.013957901
50.0,0.0,0.3571428571428571,-0.010938421
50.0,0.07142857142857142,0.3571428571428571,0.08741911
50.0,0.14285714285714285,0.3571428571428571,0.19128081
50.0,0.21428571428571427,0.3571428571428571,0.29689872
50.0,0.2857142857142857,0.3571428571428571,0.3988958
50.0,0.3571428571428571,0.3571428571428571,0.4885313
50.0,0.42857142857142855,0.3571428571428571,0.5522311
50.0,0.5,0.3571428571428571,0.57562613
50.0,0.5714285714285714,0.3571428571428571,0.5522507
50.0,0.6428571428571428,0.3571428571428571,0.48853254
50.0,0.7142857142857142,0.3571428571428571,0.39915806
50.0,0.7857142857142857,0.3571428571428571,0.29758108
50.0,0.8571428571428571,0.3571428571428571,0.19251814
50.0,0.9285714285714285,0.3571428571428571,0.08997327
50.0,1.0,0.3571428571428571,-0.00574008
50.0,0.0,0.42857142857142855,-0.0066558644
50.0,0.07142857142857142,0.42857142857142855,0.10358688
50.0,0.14285714285714285,0.42857142857142855,0.22033262
50.0,0.21428571428571427,0.42857142857142855,0.33894098
50.0,0.2857142857142857,0.42857142857142855,0.45318794
50.0,0.3571428571428571,0.42857142857142855,0.55337995
50.0,0.42857142857142855,0.42857142857142855,0.62440544
50.0,0.5,0.42857142857142855,0.6500755
50.0,0.5714285714285714,0.42857142857142855,0.62333703
50.0,0.6428571428571428,0.42857142857142855,0.55180126
50.0,0.7142857142857142,0.42857142857142855,0.45180398
50.0,0.7857142857142857,0.42857142857142855,0.33825526
50.0,0.8571428571428571,0.42857142857142855,0.22135058
50.0,0.9285714285714285,0.42857142857142855,0.10828631
50.0,1.0,0.42857142857142855,0.0040731803
50.0,0.0,0.5,-0.005342819
50.0,0.07142857142857142,0.5,0.108628914
50.0,0.14285714285714285,0.5,0.22949922
50.0,0.21428571428571427,0.5,0.35249448
50.0,0.2857142857142857,0.5,0.4713887
50.0,0.3571428571428571,0.5,0.5762221
50.0,0.42857142857142855,0.5,0.65067863
50.0,0.5,0.5,0.67714554
50.0,0.5714285714285714,0.5,0.6486852
50.0,0.6428571428571428,0.5,0.5741957
50.0,0.7142857142857142,0.5,0.47073868
50.0,0.7857142857142857,0.5,0.3534141
50.0,0.8571428571428571,0.5,0.23279887
50.0,0.9285714285714285,0.5,0.11661496
50.0,1.0,0.5,0.010287061
50.0,0.0,0.5714285714285714,-0.006193213
50.0,0.07142857142857142,0.5714285714285714,0.10289911
50.0,0.14285714285714285,0.5714285714285714,0.21821827
50.0,0.21428571428571427,0.5714285714285714,0.33544582
50.0,0.2857142857142857,0.5714285714285714,0.44920146
50.0,0.3571428571428571,0.5714285714285714,0.55049175
50.0,0.42857142857142855,0.5714285714285714,0.62321585
50.0,0.5,0.5714285714285714,0.6494078
50.0,0.5714285714285714,0.5714285714285714,0.62233275
50.0,0.6428571428571428,0.5714285714285714,0.5510324
50.0,0.7142857142857142,0.5714285714285714,0.45180333
50.0,0.7857142857142857,0.5714285714285714,0.33896008
50.0,0.8571428571428571,0.5714285714285714,0.22287506
50.0,0.9285714285714285,0.5714285714285714,0.111313656
50.0,1.0,0.5714285714285714,0.0096648
50.0,0.0,0.6428571428571428,-0.0062636137
50.0,0.07142857142857142,0.6428571428571428,0.09096168
50.0,0.14285714285714285,0.6428571428571428,0.19278717
50.0,0.21428571428571427,0.6428571428571428,0.29569808
50.0,0.2857142857142857,0.6428571428571428,0.39560288
50.0,0.3571428571428571,0.6428571428571428,0.4854015
50.0,0.42857142857142855,0.6428571428571428,0.55094516
50.0,0.5,0.6428571428571428,0.57548004
50.0,0.5714285714285714,0.6428571428571428,0.5522812
50.0,0.6428571428571428,0.6428571428571428,0.4890169
50.0,0.7142857142857142,0.6428571428571428,0.40008107
50.0,0.7857142857142857,0.6428571428571428,0.29856616
50.0,0.8571428571428571,0.6428571428571428,0.19421929
50.0,0.9285714285714285,0.6428571428571428,0.09416764
50.0,1.0,0.6428571428571428,0.0030831918
50.0,0.0,0.7142857142857142,-0.0042268634
50.0,0.07142857142857142,0.7142857142857142,0.075811066
50.0,0.14285714285714285,0.7142857142857142,0.15835059
50.0,0.21428571428571427,0.7142857142857142,0.24123144
50.0,0.2857142857142857,0.7142857142857142,0.3220157
50.0,0.3571428571428571,0.7142857142857142,0.39553127
50.0,0.42857142857142855,0.7142857142857142,0.45008525
50.0,0.5,0.7142857142857142,0.47130182
50.0,0.5714285714285714,0.7142857142857142,0.45285118
50.0,0.6428571428571428,0.7142857142857142,0.40046594
50.0,0.7142857142857142,0.7142857142857142,0.32614002
50.0,0.7857142857142857,0.7142857142857142,0.24132612
50.0,0.8571428571428571,0.7142857142857142,0.15443957
50.0,0.9285714285714285,0.7142857142857142,0.07111166
50.0,1.0,0.7142857142857142,-0.0053285025
50.0,0.0,0.7857142857142857,-0.0008136481
50.0,0.07142857142857142,0.7857142857142857,0.058471166
50.0,0.14285714285714285,0.7857142857142857,0.11834697
50.0,0.21428571428571427,0.7857142857142857,0.17858353
50.0,0.2857142857142857,0.7857142857142857,0.23844951
50.0,0.3571428571428571,0.7857142857142857,0.29397035
50.0,0.42857142857142855,0.7857142857142857,0.33550808
50.0,0.5,0.7857142857142857,0.35178846
50.0,0.5714285714285714,0.7857142857142857,0.3378452
50.0,0.6428571428571428,0.7857142857142857,0.2978612
50.0,0.7142857142857142,0.7857142857142857,0.24115679
50.0,0.7857142857142857,0.7857142857142857,0.17682222
50.0,0.8571428571428571,0.7857142857142857,0.11114639
50.0,0.9285714285714285,0.7857142857142857,0.04767948
50.0,1.0,0.7857142857142857,-0.011890879
50.0,0.0,0.8571428571428571,0.0019632503
50.0,0.07142857142857142,0.8571428571428571,0.0392413
50.0,0.14285714285714285,0.8571428571428571,0.076039515
50.0,0.21428571428571427,0.8571428571428571,0.11407664
50.0,0.2857142857142857,0.8571428571428571,0.15371078
50.0,0.3571428571428571,0.8571428571428571,0.19138402
50.0,0.42857142857142855,0.8571428571428571,0.21934956
50.0,0.5,0.8571428571428571,0.22982726
50.0,0.5714285714285714,0.8571428571428571,0.21988505
50.0,0.6428571428571428,0.8571428571428571,0.19265005
50.0,0.7142857142857142,0.8571428571428571,0.15459538
50.0,0.7857142857142857,0.8571428571428571,0.11185654
50.0,0.8571428571428571,0.8571428571428571,0.06823887
50.0,0.9285714285714285,0.8571428571428571,0.025260173
50.0,1.0,0.8571428571428571,-0.016884364
50.0,0.0,0.9285714285714285,0.0009114072
50.0,0.07142857142857142,0.9285714285714285,0.017150022
50.0,0.14285714285714285,0.9285714285714285,0.03278712
50.0,0.21428571428571427,0.9285714285714285,0.05075819
50.0,0.2857142857142857,0.9285714285714285,0.07174389
50.0,0.3571428571428571,0.9285714285714285,0.09264902
50.0,0.42857142857142855,0.9285714285714285,0.10803167
50.0,0.5,0.9285714285714285,0.11346053
50.0,0.5714285714285714,0.9285714285714285,0.107730575
50.0,0.6428571428571428,0.9285714285714285,0.092875764
50.0,0.7142857142857142,0.9285714285714285,0.07251086
50.0,0.7857142857142857,0.9285714285714285,0.04980068
50.0,0.8571428571428571,0.9285714285714285,0.026315607
50.0,0.9285714285714285,0.9285714285714285,0.0020759609
50.0,1.0,0.9285714285714285,-0.02371316
50.0,0.0,1.0,-0.00796742
50.0,0.07142857142857142,1.0,-0.010432318
50.0,0.14285714285714285,1.0,-0.013055852
50.0,0.21428571428571427,1.0,-0.012588363
50.0,0.2857142857142857,1.0,-0.00824226
50.0,0.3571428571428571,1.0,-0.0019616503
50.0,0.42857142857142855,1.0,0.0033992007
50.0,0.5,1.0,0.005939575
50.0,0.5714285714285714,1.0,0.005212119
50.0,0.6428571428571428,1.0,0.0018812902
50.0,0.7142857142857142,1.0,-0.0029773954
50.0,0.7857142857142857,1.0,-0.008649178
50.0,0.8571428571428571,1.0,-0.01525229
50.0,0.9285714285714285,1.0,-0.023701735
50.0,1.0,1.0,-0.03528704
51.0,0.0,0.0,-0.022434123
51.0,0.07142857142857142,0.0,-0.017394818
51.0,0.14285714285714285,0.0,-0.015156567
51.0,0.21428571428571427,0.0,-0.013800815
51.0,0.2857142857142857,0.0,-0.011203244
51.0,0.3571428571428571,0.0,-0.006565526
51.0,0.42857142857142855,0.0,-0.0017225668
51.0,0.5,0.0,0.00020060688
51.0,0.5714285714285714,0.0,-0.0021332838
51.0,0.6428571428571428,0.0,-0.0068270117
51.0,0.7142857142857142,0.0,-0.010099232
51.0,0.7857142857142857,0.0,-0.009414028
51.0,0.8571428571428571,0.0,-0.0060682744
51.0,0.9285714285714285,0.0,-0.004666497
51.0,1.0,0.0,-0.009964424
51.0,0.0,0.07142857142857142,-0.01703377
51.0,0.07142857142857142,0.07142857142857142,0.006114498
51.0,0.14285714285714285,0.07142857142857142,0.027815342
51.0,0.21428571428571427,0.07142857142857142,0.048954353
51.0,0.2857142857142857,0.07142857142857142,0.0702121
51.0,0.3571428571428571,0.07142857142857142,0.09046706
51.0,0.42857142857142855,0.07142857142857142,0.10558039
51.0,0.5,0.07142857142857142,0.11049473
51.0,0.5714285714285714,0.07142857142857142,0.10334393
51.0,0.6428571428571428,0.07142857142857142,0.08722689
51.0,0.7142857142857142,0.07142857142857142,0.068119474
51.0,0.7857142857142857,0.07142857142857142,0.050359815
51.0,0.8571428571428571,0.07142857142857142,0.033546105
51.0,0.9285714285714285,0.07142857142857142,0.014087271
51.0,1.0,0.07142857142857142,-0.011019546
51.0,0.0,0.14285714285714285,-0.01633928
51.0,0.07142857142857142,0.14285714285714285,0.025975555
51.0,0.14285714285714285,0.14285714285714285,0.068703346
51.0,0.21428571428571427,0.14285714285714285,0.111644566
51.0,0.2857142857142857,0.14285714285714285,0.15387642
51.0,0.3571428571428571,0.14285714285714285,0.19208941
51.0,0.42857142857142855,0.14285714285714285,0.21947545
51.0,0.5,0.14285714285714285,0.2286408
51.0,0.5714285714285714,0.14285714285714285,0.21687424
51.0,0.6428571428571428,0.14285714285714285,0.18839091
51.0,0.7142857142857142,0.14285714285714285,0.151485
51.0,0.7857142857142857,0.14285714285714285,0.11254626
51.0,0.8571428571428571,0.14285714285714285,0.07271693
51.0,0.9285714285714285,0.14285714285714285,0.030425593
51.0,1.0,0.14285714285714285,-0.015030125
51.0,0.0,0.21428571428571427,-0.016729772
51.0,0.07142857142857142,0.21428571428571427,0.045227967
51.0,0.14285714285714285,0.21428571428571427,0.1096112
51.0,0.21428571428571427,0.21428571428571427,0.17506936
51.0,0.2857142857142857,0.21428571428571427,0.23903406
51.0,0.3571428571428571,0.21428571428571427,0.2960057
51.0,0.42857142857142855,0.21428571428571427,0.33652115
51.0,0.5,0.21428571428571427,0.3507437
51.0,0.5714285714285714,0.21428571428571427,0.33483437
51.0,0.6428571428571428,0.21428571428571427,0.29386517
51.0,0.7142857142857142,0.21428571428571427,0.23833981
51.0,0.7857142857142857,0.21428571428571427,0.17689914
51.0,0.8571428571428571,0.21428571428571427,0.11298465
51.0,0.9285714285714285,0.21428571428571427,0.04778297
51.0,1.0,0.21428571428571427,-0.017132638
51.0,0.0,0.2857142857142857,-0.015102841
51.0,0.07142857142857142,0.2857142857142857,0.06604189
51.0,0.14285714285714285,0.2857142857142857,0.15140972
51.0,0.21428571428571427,0.2857142857142857,0.2384085
51.0,0.2857142857142857,0.2857142857142857,0.3228988
51.0,0.3571428571428571,0.2857142857142857,0.39748597
51.0,0.42857142857142855,0.2857142857142857,0.45044872
51.0,0.5,0.2857142857142857,0.46967888
51.0,0.5714285714285714,0.2857142857142857,0.45005223
51.0,0.6428571428571428,0.2857142857142857,0.39723653
51.0,0.7142857142857142,0.2857142857142857,0.3237451
51.0,0.7857142857142857,0.2857142857142857,0.24060816
51.0,0.8571428571428571,0.2857142857142857,0.15404975
51.0,0.9285714285714285,0.2857142857142857,0.06805589
51.0,1.0,0.2857142857142857,-0.014036102
51.0,0.0,0.3571428571428571,-0.010793038
51.0,0.07142857142857142,0.3571428571428571,0.08728733
51.0,0.14285714285714285,0.3571428571428571,0.19099623
51.0,0.21428571428571427,0.3571428571428571,0.2964943
51.0,0.2857142857142857,0.3571428571428571,0.3982981
51.0,0.3571428571428571,0.3571428571428571,0.48758447
51.0,0.42857142857142855,0.3571428571428571,0.5508612
51.0,0.5,0.3571428571428571,0.5740208
51.0,0.5714285714285714,0.3571428571428571,0.55080444
51.0,0.6428571428571428,0.3571428571428571,0.48755592
51.0,0.7142857142857142,0.3571428571428571,0.3986493
51.0,0.7857142857142857,0.3571428571428571,0.2973359
51.0,0.8571428571428571,0.3571428571428571,0.19235018
51.0,0.9285714285714285,0.3571428571428571,0.08981483
51.0,1.0,0.3571428571428571,-0.005784191
51.0,0.0,0.42857142857142855,-0.0065115243
51.0,0.07142857142857142,0.42857142857142855,0.10329565
51.0,0.14285714285714285,0.42857142857142855,0.21977046
51.0,0.21428571428571427,0.42857142857142855,0.3381806
51.0,0.2857142857142857,0.42857142857142855,0.45216712
51.0,0.3571428571428571,0.42857142857142855,0.55192095
51.0,0.42857142857142855,0.42857142857142855,0.6224183
51.0,0.5,0.42857142857142855,0.6477996
51.0,0.5714285714285714,0.42857142857142855,0.62127346
51.0,0.6428571428571428,0.42857142857142855,0.5503274
51.0,0.7142857142857142,0.42857142857142855,0.4509141
51.0,0.7857142857142857,0.42857142857142855,0.33771273
51.0,0.8571428571428571,0.42857142857142855,0.22094446
51.0,0.9285714285714285,0.42857142857142855,0.10796098
51.0,1.0,0.42857142857142855,0.0039737485
51.0,0.0,0.5,-0.005202666
51.0,0.07142857142857142,0.5,0.10828439
51.0,0.14285714285714285,0.5,0.22884607
51.0,0.21428571428571427,0.5,0.35160887
51.0,0.2857142857142857,0.5,0.47019002
51.0,0.3571428571428571,0.5,0.57449853
51.0,0.42857142857142855,0.5,0.64833283
51.0,0.5,0.5,0.67448795
51.0,0.5714285714285714,0.5,0.6462997
51.0,0.6428571428571428,0.5,0.57246923
51.0,0.7142857142857142,0.5,0.46963093
51.0,0.7857142857142857,0.5,0.35266802
51.0,0.8571428571428571,0.5,0.23221335
51.0,0.9285714285714285,0.5,0.11616462
51.0,1.0,0.5,0.010141399
51.0,0.0,0.5714285714285714,-0.0060069636
51.0,0.07142857142857142,0.5714285714285714,0.102688916
51.0,0.14285714285714285,0.5714285714285714,0.2177701
51.0,0.21428571428571427,0.5714285714285714,0.33480752
51.0,0.2857142857142857,0.5714285714285714,0.44826928
51.0,0.3571428571428571,0.5714285714285714,0.5490341
51.0,0.42857142857142855,0.5714285714285714,0.62113005
51.0,0.5,0.5714285714285714,0.64702046
51.0,0.5714285714285714,0.5714285714285714,0.62021685
51.0,0.6428571428571428,0.5714285714285714,0.549518
51.0,0.7142857142857142,0.5714285714285714,0.45082232
51.0,0.7857142857142857,0.5714285714285714,0.33827904
51.0,0.8571428571428571,0.5714285714285714,0.22233513
51.0,0.9285714285714285,0.5714285714285714,0.1109154
51.0,1.0,0.5714285714285714,0.009569496
51.0,0.0,0.6428571428571428,-0.00605011
51.0,0.07142857142857142,0.6428571428571428,0.090929724
51.0,0.14285714285714285,0.6428571428571428,0.19263029
51.0,0.21428571428571427,0.6428571428571428,0.29542387
51.0,0.2857142857142857,0.6428571428571428,0.3951001
51.0,0.3571428571428571,0.6428571428571428,0.48446047
51.0,0.42857142857142855,0.6428571428571428,0.54946953
51.0,0.5,0.6428571428571428,0.57374495
51.0,0.5714285714285714,0.6428571428571428,0.5507589
51.0,0.6428571428571428,0.6428571428571428,0.4879611
51.0,0.7142857142857142,0.6428571428571428,0.39942858
51.0,0.7857142857142857,0.6428571428571428,0.29813695
51.0,0.8571428571428571,0.6428571428571428,0.1938948
51.0,0.9285714285714285,0.6428571428571428,0.09395095
51.0,1.0,0.6428571428571428,0.00310117
51.0,0.0,0.7142857142857142,-0.0041017085
51.0,0.07142857142857142,0.7142857142857142,0.07584012
51.0,0.14285714285714285,0.7142857142857142,0.15837198
51.0,0.21428571428571427,0.7142857142857142,0.24121734
51.0,0.2857142857142857,0.7142857142857142,0.32184702
51.0,0.3571428571428571,0.7142857142857142,0.39502648
51.0,0.42857142857142855,0.7142857142857142,0.44916293
51.0,0.5,0.7142857142857142,0.47016725
51.0,0.5714285714285714,0.7142857142857142,0.4518529
51.0,0.6428571428571428,0.7142857142857142,0.3997959
51.0,0.7142857142857142,0.7142857142857142,0.32576108
51.0,0.7857142857142857,0.7142857142857142,0.24110824
51.0,0.8571428571428571,0.7142857142857142,0.15428835
51.0,0.9285714285714285,0.7142857142857142,0.07101862
51.0,1.0,0.7142857142857142,-0.0052703973
51.0,0.0,0.7857142857142857,-0.0009331107
51.0,0.07142857142857142,0.7857142857142857,0.058379903
51.0,0.14285714285714285,0.7857142857142857,0.11835932
51.0,0.21428571428571427,0.7857142857142857,0.17865148
51.0,0.2857142857142857,0.7857142857142857,0.2384367
51.0,0.3571428571428571,0.7857142857142857,0.29370725
51.0,0.42857142857142855,0.7857142857142857,0.33493164
51.0,0.5,0.7857142857142857,0.35104513
51.0,0.5714285714285714,0.7857142857142857,0.33717775
51.0,0.6428571428571428,0.7857142857142857,0.29741025
51.0,0.7142857142857142,0.7857142857142857,0.24090487
51.0,0.7857142857142857,0.7857142857142857,0.1766747
51.0,0.8571428571428571,0.7857142857142857,0.11102232
51.0,0.9285714285714285,0.7857142857142857,0.04756531
51.0,1.0,0.7857142857142857,-0.011917984
51.0,0.0,0.8571428571428571,0.0014818087
51.0,0.07142857142857142,0.8571428571428571,0.038884267
51.0,0.14285714285714285,0.8571428571428571,0.07588247
51.0,0.21428571428571427,0.8571428571428571,0.11406053
51.0,0.2857142857142857,0.8571428571428571,0.15368536
51.0,0.3571428571428571,0.8571428571428571,0.191194
51.0,0.42857142857142855,0.8571428571428571,0.21894795
51.0,0.5,0.8571428571428571,0.22931367
51.0,0.5714285714285714,0.8571428571428571,0.21941385
51.0,0.6428571428571428,0.8571428571428571,0.19231305
51.0,0.7142857142857142,0.8571428571428571,0.15438297
51.0,0.7857142857142857,0.8571428571428571,0.11170127
51.0,0.8571428571428571,0.8571428571428571,0.06807804
51.0,0.9285714285714285,0.8571428571428571,0.025084153
51.0,1.0,0.8571428571428571,-0.017008001
51.0,0.0,0.9285714285714285,7.1555376e-05
51.0,0.07142857142857142,0.9285714285714285,0.016513962
51.0,0.14285714285714285,0.9285714285714285,0.032430593
51.0,0.21428571428571427,0.9285714285714285,0.05062322
51.0,0.2857142857142857,0.9285714285714285,0.0716902
51.0,0.3571428571428571,0.9285714285714285,0.09254403
51.0,0.42857142857142855,0.9285714285714285,0.10782766
51.0,0.5,0.9285714285714285,0.11319791
51.0,0.5714285714285714,0.9285714285714285,0.10747924
51.0,0.6428571428571428,0.9285714285714285,0.09267855
51.0,0.7142857142857142,0.9285714285714285,0.07236303
51.0,0.7857142857142857,0.9285714285714285,0.049666427
51.0,0.8571428571428571,0.9285714285714285,0.026163109
51.0,0.9285714285714285,0.9285714285714285,0.0019106371
51.0,1.0,0.9285714285714285,-0.023829296
51.0,0.0,1.0,-0.009013943
51.0,0.07142857142857142,1.0,-0.01119573
51.0,0.14285714285714285,1.0,-0.013466127
51.0,0.21428571428571427,1.0,-0.012691531
51.0,0.2857142857142857,1.0,-0.008153095
51.0,0.3571428571428571,1.0,-0.0017970838
51.0,0.42857142857142855,1.0,0.0035648867
51.0,0.5,1.0,0.006074032
51.0,0.5714285714285714,1.0,0.005310364
51.0,0.6428571428571428,1.0,0.0019440763
51.0,0.7142857142857142,1.0,-0.002951743
51.0,0.7857142857142857,1.0,-0.008665746
51.0,0.8571428571428571,1.0,-0.01530665
51.0,0.9285714285714285,1.0,-0.023765676
51.0,1.0,1.0,-0.03529412
52.0,0.0,0.0,-0.02318184
52.0,0.07142857142857142,0.0,-0.01795943
52.0,0.14285714285714285,0.0,-0.015437186
52.0,0.21428571428571427,0.0,-0.013759814
52.0,0.2857142857142857,0.0,-0.010898486
52.0,0.3571428571428571,0.0,-0.0061428472
52.0,0.42857142857142855,0.0,-0.0013199672
52.0,0.5,0.0,0.0005463138
52.0,0.5714285714285714,0.0,-0.0018167123
52.0,0.6428571428571428,0.0,-0.006542016
52.0,0.7142857142857142,0.0,-0.009924911
52.0,0.7857142857142857,0.0,-0.009457154
52.0,0.8571428571428571,0.0,-0.006361304
52.0,0.9285714285714285,0.0,-0.0051171086
52.0,1.0,0.0,-0.010408577
52.0,0.0,0.07142857142857142,-0.01769077
52.0,0.07142857142857142,0.07142857142857142,0.0055696145
52.0,0.14285714285714285,0.07142857142857142,0.027452767
52.0,0.21428571428571427,0.07142857142857142,0.048781164
52.0,0.2857142857142857,0.07142857142857142,0.07015266
52.0,0.3571428571428571,0.07142857142857142,0.09038513
52.0,0.42857142857142855,0.07142857142857142,0.10538712
52.0,0.5,0.07142857142857142,0.11023177
52.0,0.5714285714285714,0.07142857142857142,0.10312102
52.0,0.6428571428571428,0.07142857142857142,0.08709576
52.0,0.7142857142857142,0.07142857142857142,0.06800956
52.0,0.7857142857142857,0.07142857142857142,0.050139382
52.0,0.8571428571428571,0.07142857142857142,0.033151664
52.0,0.9285714285714285,0.07142857142857142,0.01357249
52.0,1.0,0.07142857142857142,-0.011535044
52.0,0.0,0.14285714285714285,-0.016794927
52.0,0.07142857142857142,0.14285714285714285,0.025574535
52.0,0.14285714285714285,0.14285714285714285,0.06840785
52.0,0.21428571428571427,0.14285714285714285,0.111434944
52.0,0.2857142857142857,0.14285714285714285,0.15366259
52.0,0.3571428571428571,0.14285714285714285,0.19174123
52.0,0.42857142857142855,0.14285714285714285,0.21893764
52.0,0.5,0.14285714285714285,0.22801846
52.0,0.5714285714285714,0.14285714285714285,0.21634975
52.0,0.6428571428571428,0.14285714285714285,0.18806875
52.0,0.7142857142857142,0.14285714285714285,0.15130514
52.0,0.7857142857142857,0.14285714285714285,0.11235476
52.0,0.8571428571428571,0.14285714285714285,0.07241855
52.0,0.9285714285714285,0.14285714285714285,0.030029356
52.0,1.0,0.14285714285714285,-0.015447205
52.0,0.0,0.21428571428571427,-0.016936727
52.0,0.07142857142857142,0.21428571428571427,0.045015104
52.0,0.14285714285714285,0.21428571428571427,0.109438494
52.0,0.21428571428571427,0.21428571428571427,0.17490822
52.0,0.2857142857142857,0.21428571428571427,0.23878723
52.0,0.3571428571428571,0.21428571428571427,0.2955421
52.0,0.42857142857142855,0.21428571428571427,0.3358003
52.0,0.5,0.21428571428571427,0.34990835
52.0,0.5714285714285714,0.21428571428571427,0.3341291
52.0,0.6428571428571428,0.21428571428571427,0.29344997
52.0,0.7142857142857142,0.21428571428571427,0.23817012
52.0,0.7857142857142857,0.21428571428571427,0.1768055
52.0,0.8571428571428571,0.21428571428571427,0.11284484
52.0,0.9285714285714285,0.21428571428571427,0.04756365
52.0,1.0,0.21428571428571427,-0.017378513
52.0,0.0,0.2857142857142857,-0.015099302
52.0,0.07142857142857142,0.2857142857142857,0.06594317
52.0,0.14285714285714285,0.2857142857142857,0.15127426
52.0,0.21428571428571427,0.2857142857142857,0.23822156
52.0,0.2857142857142857,0.2857142857142857,0.32256967
52.0,0.3571428571428571,0.2857142857142857,0.39687797
52.0,0.42857142857142855,0.2857142857142857,0.44951352
52.0,0.5,0.2857142857142857,0.4685789
52.0,0.5714285714285714,0.2857142857142857,0.44909322
52.0,0.6428571428571428,0.2857142857142857,0.3966449
52.0,0.7142857142857142,0.2857142857142857,0.32349893
52.0,0.7857142857142857,0.2857142857142857,0.2405279
52.0,0.8571428571428571,0.2857142857142857,0.15398297
52.0,0.9285714285714285,0.2857142857142857,0.067940444
52.0,1.0,0.2857142857142857,-0.014141858
52.0,0.0,0.3571428571428571,-0.010690384
52.0,0.07142857142857142,0.3571428571428571,0.087138
52.0,0.14285714285714285,0.3571428571428571,0.19070047
52.0,0.21428571428571427,0.3571428571428571,0.29607567
52.0,0.2857142857142857,0.3571428571428571,0.39768374
52.0,0.3571428571428571,0.3571428571428571,0.4866261
52.0,0.42857142857142855,0.3571428571428571,0.54949087
52.0,0.5,0.3571428571428571,0.5724231
52.0,0.5714285714285714,0.3571428571428571,0.5493649
52.0,0.6428571428571428,0.3571428571428571,0.48657754
52.0,0.7142857142857142,0.3571428571428571,0.39813346
52.0,0.7857142857142857,0.3571428571428571,0.29708466
52.0,0.8571428571428571,0.3571428571428571,0.19217932
52.0,0.9285714285714285,0.3571428571428571,0.089650124
52.0,1.0,0.3571428571428571,-0.005853262
52.0,0.0,0.42857142857142855,-0.0064109266
52.0,0.07142857142857142,0.42857142857142855,0.102994174
52.0,0.14285714285714285,0.42857142857142855,0.21920934
52.0,0.21428571428571427,0.42857142857142855,0.33741948
52.0,0.2857142857142857,0.42857142857142855,0.45114163
52.0,0.3571428571428571,0.42857142857142855,0.55046254
52.0,0.42857142857142855,0.42857142857142855,0.62044585
52.0,0.5,0.42857142857142855,0.6455495
52.0,0.5714285714285714,0.42857142857142855,0.6192323
52.0,0.6428571428571428,0.42857142857142855,0.54886067
52.0,0.7142857142857142,0.42857142857142855,0.45002115
52.0,0.7857142857142857,0.42857142857142855,0.3371664
52.0,0.8571428571428571,0.42857142857142855,0.22053915
52.0,0.9285714285714285,0.42857142857142855,0.10763485
52.0,1.0,0.42857142857142855,0.0038529653
52.0,0.0,0.5,-0.005100444
52.0,0.07142857142857142,0.5,0.10793888
52.0,0.14285714285714285,0.5,0.22820628
52.0,0.21428571428571427,0.5,0.3507346
52.0,0.2857142857142857,0.5,0.4689988
52.0,0.3571428571428571,0.5,0.5727868
52.0,0.42857142857142855,0.5,0.6460171
52.0,0.5,0.5,0.67187285
52.0,0.5714285714285714,0.5,0.64394945
52.0,0.6428571428571428,0.5,0.5707561
52.0,0.7142857142857142,0.5,0.4685212
52.0,0.7857142857142857,0.5,0.35192016
52.0,0.8571428571428571,0.5,0.23163348
52.0,0.9285714285714285,0.5,0.11571971
52.0,1.0,0.5,0.009977765
52.0,0.0,0.5714285714285714,-0.005850315
52.0,0.07142857142857142,0.5714285714285714,0.10248197
52.0,0.14285714285714285,0.5714285714285714,0.21733478
52.0,0.21428571428571427,0.5714285714285714,0.33417773
52.0,0.2857142857142857,0.5714285714285714,0.4473403
52.0,0.3571428571428571,0.5714285714285714,0.54758406
52.0,0.42857142857142855,0.5714285714285714,0.619068
52.0,0.5,0.5714285714285714,0.6446682
52.0,0.5714285714285714,0.5714285714285714,0.6181249
52.0,0.6428571428571428,0.5714285714285714,0.5480059
52.0,0.7142857142857142,0.5714285714285714,0.44983146
52.0,0.7857142857142857,0.5714285714285714,0.3375932
52.0,0.8571428571428571,0.5714285714285714,0.22180116
52.0,0.9285714285714285,0.5714285714285714,0.11052413
52.0,1.0,0.5714285714285714,0.009457558
52.0,0.0,0.6428571428571428,-0.005863175
52.0,0.07142857142857142,0.6428571428571428,0.09089593
52.0,0.14285714285714285,0.6428571428571428,0.19247648
52.0,0.21428571428571427,0.6428571428571428,0.29514742
52.0,0.2857142857142857,0.6428571428571428,0.39459035
52.0,0.3571428571428571,0.6428571428571428,0.48351595
52.0,0.42857142857142855,0.6428571428571428,0.54800266
52.0,0.5,0.6428571428571428,0.57202494
52.0,0.5714285714285714,0.6428571428571428,0.5492406
52.0,0.6428571428571428,0.6428571428571428,0.4868938
52.0,0.7142857142857142,0.6428571428571428,0.39875948
52.0,0.7857142857142857,0.6428571428571428,0.29769948
52.0,0.8571428571428571,0.6428571428571428,0.19357392
52.0,0.9285714285714285,0.6428571428571428,0.093738444
52.0,1.0,0.6428571428571428,0.0031033438
52.0,0.0,0.7142857142857142,-0.004007682
52.0,0.07142857142857142,0.7142857142857142,0.07585808
52.0,0.14285714285714285,0.7142857142857142,0.15838486
52.0,0.21428571428571427,0.7142857142857142,0.24119204
52.0,0.2857142857142857,0.7142857142857142,0.32166654
52.0,0.3571428571428571,0.7142857142857142,0.39451376
52.0,0.42857142857142855,0.7142857142857142,0.44824144
52.0,0.5,0.7142857142857142,0.4690369
52.0,0.5714285714285714,0.7142857142857142,0.4508526
52.0,0.6428571428571428,0.7142857142857142,0.39911506
52.0,0.7142857142857142,0.7142857142857142,0.32537
52.0,0.7857142857142857,0.7142857142857142,0.24088597
52.0,0.8571428571428571,0.7142857142857142,0.1541416
52.0,0.9285714285714285,0.7142857142857142,0.070929386
52.0,1.0,0.7142857142857142,-0.0052251685
52.0,0.0,0.7857142857142857,-0.0010936856
52.0,0.07142857142857142,0.7857142857142857,0.058266178
52.0,0.14285714285714285,0.7857142857142857,0.11835504
52.0,0.21428571428571427,0.7857142857142857,0.17870471
52.0,0.2857142857142857,0.7857142857142857,0.23841274
52.0,0.3571428571428571,0.7857142857142857,0.29343954
52.0,0.42857142857142855,0.7857142857142857,0.33435774
52.0,0.5,0.7857142857142857,0.35030857
52.0,0.5714285714285714,0.7857142857142857,0.3365148
52.0,0.6428571428571428,0.7857142857142857,0.29695922
52.0,0.7142857142857142,0.7857142857142857,0.24065137
52.0,0.7857142857142857,0.7857142857142857,0.17652833
52.0,0.8571428571428571,0.7857142857142857,0.110903144
52.0,0.9285714285714285,0.7857142857142857,0.047453202
52.0,1.0,0.7857142857142857,-0.011958618
52.0,0.0,0.8571428571428571,0.00094830245
52.0,0.07142857142857142,0.8571428571428571,0.038494624
52.0,0.14285714285714285,0.8571428571428571,0.07570168
52.0,0.21428571428571427,0.8571428571428571,0.11402642
52.0,0.2857142857142857,0.8571428571428571,0.15364847
52.0,0.3571428571428571,0.8571428571428571,0.19099987
52.0,0.42857142857142855,0.8571428571428571,0.2185505
52.0,0.5,0.8571428571428571,0.22880936
52.0,0.5714285714285714,0.8571428571428571,0.21895167
52.0,0.6428571428571428,0.8571428571428571,0.1919809
52.0,0.7142857142857142,0.8571428571428571,0.15417194
52.0,0.7857142857142857,0.8571428571428571,0.11154515
52.0,0.8571428571428571,0.8571428571428571,0.067914605
52.0,0.9285714285714285,0.8571428571428571,0.02489923
52.0,1.0,0.8571428571428571,-0.017155979
52.0,0.0,0.9285714285714285,-0.0008338541
52.0,0.07142857142857142,0.9285714285714285,0.015832536
52.0,0.14285714285714285,0.9285714285714285,0.03203912
52.0,0.21428571428571427,0.9285714285714285,0.050460543
52.0,0.2857142857142857,0.9285714285714285,0.071615644
52.0,0.3571428571428571,0.9285714285714285,0.09242469
52.0,0.42857142857142855,0.9285714285714285,0.10761687
52.0,0.5,0.9285714285714285,0.11293232
52.0,0.5714285714285714,0.9285714285714285,0.1072255
52.0,0.6428571428571428,0.9285714285714285,0.09247647
52.0,0.7142857142857142,0.9285714285714285,0.07220478
52.0,0.7857142857142857,0.9285714285714285,0.049517456
52.0,0.8571428571428571,0.9285714285714285,0.025991566
52.0,0.9285714285714285,0.9285714285714285,0.0017184103
52.0,1.0,0.9285714285714285,-0.023986869
52.0,0.0,1.0,-0.010140277
52.0,0.07142857142857142,1.0,-0.012022935
52.0,0.14285714285714285,1.0,-0.013931299
52.0,0.21428571428571427,1.0,-0.012843951
52.0,0.2857142857142857,1.0,-0.008108277
52.0,0.3571428571428571,1.0,-0.001671439
52.0,0.42857142857142855,1.0,0.0036963224
52.0,0.5,1.0,0.0061786193
52.0,0.5714285714285714,1.0,0.0053788777
52.0,0.6428571428571428,1.0,0.0019764379
52.0,0.7142857142857142,1.0,-0.002958648
52.0,0.7857142857142857,1.0,-0.008717135
52.0,0.8571428571428571,1.0,-0.0153999925
52.0,0.9285714285714285,1.0,-0.02387534
52.0,1.0,1.0,-0.03535892
53.0,0.0,0.0,-0.024003938
53.0,0.07142857142857142,0.0,-0.01857733
53.0,0.14285714285714285,0.0,-0.015758954
53.0,0.21428571428571427,0.0,-0.0137544125
53.0,0.2857142857142857,0.0,-0.010627776
53.0,0.3571428571428571,0.0,-0.0057530627
53.0,0.42857142857142855,0.0,-0.0009454712
53.0,0.5,0.0,0.00086544454
53.0,0.5714285714285714,0.0,-0.001528658
53.0,0.6428571428571428,0.0,-0.006288465
53.0,0.7142857142857142,0.0,-0.009781174
53.0,0.7857142857142857,0.0,-0.009531284
53.0,0.8571428571428571,0.0,-0.006693555
53.0,0.9285714285714285,0.0,-0.005630482
53.0,1.0,0.0,-0.010950061
53.0,0.0,0.07142857142857142,-0.01840607
53.0,0.07142857142857142,0.07142857142857142,0.0049867854
53.0,0.14285714285714285,0.07142857142857142,0.027065724
53.0,0.21428571428571427,0.07142857142857142,0.04859016
53.0,0.2857142857142857,0.07142857142857142,0.07007969
53.0,0.3571428571428571,0.07142857142857142,0.09029606
53.0,0.42857142857142855,0.07142857142857142,0.105193265
53.0,0.5,0.07142857142857142,0.109971024
53.0,0.5714285714285714,0.07142857142857142,0.10289725
53.0,0.6428571428571428,0.07142857142857142,0.086959355
53.0,0.7142857142857142,0.07142857142857142,0.06789445
53.0,0.7857142857142857,0.07142857142857142,0.0499137
53.0,0.8571428571428571,0.07142857142857142,0.032743286
53.0,0.9285714285714285,0.07142857142857142,0.013022361
53.0,1.0,0.07142857142857142,-0.0121171735
53.0,0.0,0.14285714285714285,-0.017295927
53.0,0.07142857142857142,0.14285714285714285,0.025148347
53.0,0.14285714285714285,0.14285714285714285,0.06809743
53.0,0.21428571428571427,0.14285714285714285,0.11121591
53.0,0.2857142857142857,0.14285714285714285,0.15344444
53.0,0.3571428571428571,0.14285714285714285,0.19139585
53.0,0.42857142857142855,0.14285714285714285,0.21841142
53.0,0.5,0.14285714285714285,0.22741017
53.0,0.5714285714285714,0.14285714285714285,0.21583554
53.0,0.6428571428571428,0.14285714285714285,0.18775287
53.0,0.7142857142857142,0.14285714285714285,0.15113127
53.0,0.7857142857142857,0.14285714285714285,0.1121696
53.0,0.8571428571428571,0.14285714285714285,0.072119355
53.0,0.9285714285714285,0.14285714285714285,0.029614992
53.0,1.0,0.14285714285714285,-0.01590819
53.0,0.0,0.21428571428571427,-0.017180838
53.0,0.07142857142857142,0.21428571428571427,0.044782907
53.0,0.14285714285714285,0.21428571428571427,0.10925359
53.0,0.21428571428571427,0.21428571428571427,0.17473635
53.0,0.2857142857142857,0.21428571428571427,0.23853266
53.0,0.3571428571428571,0.21428571428571427,0.29507798
53.0,0.42857142857142855,0.21428571428571427,0.33508784
53.0,0.5,0.21428571428571427,0.34908548
53.0,0.5714285714285714,0.21428571428571427,0.3334333
53.0,0.6428571428571428,0.21428571428571427,0.29304007
53.0,0.7142857142857142,0.21428571428571427,0.23800549
53.0,0.7857142857142857,0.21428571428571427,0.17671835
53.0,0.8571428571428571,0.21428571428571427,0.11270634
53.0,0.9285714285714285,0.21428571428571427,0.047334313
53.0,1.0,0.21428571428571427,-0.017654125
53.0,0.0,0.2857142857142857,-0.015130661
53.0,0.07142857142857142,0.2857142857142857,0.06582672
53.0,0.14285714285714285,0.2857142857142857,0.1511252
53.0,0.21428571428571427,0.2857142857142857,0.23801973
53.0,0.2857142857142857,0.2857142857142857,0.32222548
53.0,0.3571428571428571,0.2857142857142857,0.39626017
53.0,0.42857142857142855,0.2857142857142857,0.44857806
53.0,0.5,0.2857142857142857,0.467484
53.0,0.5714285714285714,0.2857142857142857,0.44813782
53.0,0.6428571428571428,0.2857142857142857,0.39605194
53.0,0.7142857142857142,0.2857142857142857,0.323251
53.0,0.7857142857142857,0.2857142857142857,0.24044725
53.0,0.8571428571428571,0.2857142857142857,0.153916
53.0,0.9285714285714285,0.2857142857142857,0.06781798
53.0,1.0,0.2857142857142857,-0.014270045
53.0,0.0,0.3571428571428571,-0.010625362
53.0,0.07142857142857142,0.3571428571428571,0.086973116
53.0,0.14285714285714285,0.3571428571428571,0.19039467
53.0,0.21428571428571427,0.3571428571428571,0.29564476
53.0,0.2857142857142857,0.3571428571428571,0.3970536
53.0,0.3571428571428571,0.3571428571428571,0.4856553
53.0,0.42857142857142855,0.3571428571428571,0.54811853
53.0,0.5,0.3571428571428571,0.5708314
53.0,0.5714285714285714,0.3571428571428571,0.54793
53.0,0.6428571428571428,0.3571428571428571,0.4855971
53.0,0.7142857142857142,0.3571428571428571,0.39761066
53.0,0.7857142857142857,0.3571428571428571,0.29682848
53.0,0.8571428571428571,0.3571428571428571,0.19200593
53.0,0.9285714285714285,0.3571428571428571,0.08948193
53.0,1.0,0.3571428571428571,-0.005940648
53.0,0.0,0.42857142857142855,-0.00634782
53.0,0.07142857142857142,0.42857142857142855,0.102685
53.0,0.14285714285714285,0.42857142857142855,0.2186513
53.0,0.21428571428571427,0.42857142857142855,0.33665895
53.0,0.2857142857142857,0.42857142857142855,0.45011193
53.0,0.3571428571428571,0.42857142857142855,0.549003
53.0,0.42857142857142855,0.42857142857142855,0.6184846
53.0,0.5,0.42857142857142855,0.6433214
53.0,0.5714285714285714,0.42857142857142855,0.61721015
53.0,0.6428571428571428,0.42857142857142855,0.54740006
53.0,0.7142857142857142,0.42857142857142855,0.4491232
53.0,0.7857142857142857,0.42857142857142855,0.3366156
53.0,0.8571428571428571,0.42857142857142855,0.22013491
53.0,0.9285714285714285,0.42857142857142855,0.10731099
53.0,1.0,0.42857142857142855,0.0037167016
53.0,0.0,0.5,-0.0050290152
53.0,0.07142857142857142,0.5,0.10759615
53.0,0.14285714285714285,0.5,0.22758076
53.0,0.21428571428571427,0.5,0.3498718
53.0,0.2857142857142857,0.5,0.46781355
53.0,0.3571428571428571,0.5,0.5710854
53.0,0.42857142857142855,0.5,0.64372736
53.0,0.5,0.5,0.66929567
53.0,0.5714285714285714,0.5,0.64162976
53.0,0.6428571428571428,0.5,0.56905425
53.0,0.7142857142857142,0.5,0.46740922
53.0,0.7857142857142857,0.5,0.35117036
53.0,0.8571428571428571,0.5,0.2310602
53.0,0.9285714285714285,0.5,0.11528226
53.0,1.0,0.5,0.009800939
53.0,0.0,0.5714285714285714,-0.0057172626
53.0,0.07142857142857142,0.5714285714285714,0.102280624
53.0,0.14285714285714285,0.5714285714285714,0.21691245
53.0,0.21428571428571427,0.5714285714285714,0.33355588
53.0,0.2857142857142857,0.5714285714285714,0.4464129
53.0,0.3571428571428571,0.5714285714285714,0.54614
53.0,0.42857142857142855,0.5714285714285714,0.617028
53.0,0.5,0.5714285714285714,0.64234704
53.0,0.5714285714285714,0.5714285714285714,0.6160542
53.0,0.6428571428571428,0.5714285714285714,0.54649544
53.0,0.7142857142857142,0.5714285714285714,0.44883254
53.0,0.7857142857142857,0.5714285714285714,0.33690292
53.0,0.8571428571428571,0.5714285714285714,0.22127363
53.0,0.9285714285714285,0.5714285714285714,0.110140964
53.0,1.0,0.5714285714285714,0.009334616
53.0,0.0,0.6428571428571428,-0.0056985766
53.0,0.07142857142857142,0.6428571428571428,0.09086204
53.0,0.14285714285714285,0.6428571428571428,0.19232544
53.0,0.21428571428571427,0.6428571428571428,0.2948682
53.0,0.2857142857142857,0.6428571428571428,0.39407316
53.0,0.3571428571428571,0.6428571428571428,0.48256728
53.0,0.42857142857142855,0.6428571428571428,0.5465429
53.0,0.5,0.6428571428571428,0.5703181
53.0,0.5714285714285714,0.6428571428571428,0.54772705
53.0,0.6428571428571428,0.6428571428571428,0.4858163
53.0,0.7142857142857142,0.6428571428571428,0.39807582
53.0,0.7857142857142857,0.6428571428571428,0.2972545
53.0,0.8571428571428571,0.6428571428571428,0.19325691
53.0,0.9285714285714285,0.6428571428571428,0.0935323
53.0,1.0,0.6428571428571428,0.0030942913
53.0,0.0,0.7142857142857142,-0.0039405897
53.0,0.07142857142857142,0.7142857142857142,0.07586534
53.0,0.14285714285714285,0.7142857142857142,0.15838912
53.0,0.21428571428571427,0.7142857142857142,0.24115539
53.0,0.2857142857142857,0.7142857142857142,0.32147324
53.0,0.3571428571428571,0.7142857142857142,0.39399287
53.0,0.42857142857142855,0.7142857142857142,0.44732046
53.0,0.5,0.7142857142857142,0.4679111
53.0,0.5714285714285714,0.7142857142857142,0.44985104
53.0,0.6428571428571428,0.7142857142857142,0.39842492
53.0,0.7142857142857142,0.7142857142857142,0.32496914
53.0,0.7857142857142857,0.7142857142857142,0.24066028
53.0,0.8571428571428571,0.7142857142857142,0.15399897
53.0,0.9285714285714285,0.7142857142857142,0.070845746
53.0,1.0,0.7142857142857142,-0.0051895697
53.0,0.0,0.7857142857142857,-0.0012898147
53.0,0.07142857142857142,0.7857142857142857,0.058132403
53.0,0.14285714285714285,0.7857142857142857,0.118334584
53.0,0.21428571428571427,0.7857142857142857,0.1787431
53.0,0.2857142857142857,0.7857142857142857,0.23837686
53.0,0.3571428571428571,0.7857142857142857,0.2931661
53.0,0.42857142857142855,0.7857142857142857,0.33378628
53.0,0.5,0.7857142857142857,0.34957913
53.0,0.5714285714285714,0.7857142857142857,0.33585727
53.0,0.6428571428571428,0.7857142857142857,0.29650906
53.0,0.7142857142857142,0.7857142857142857,0.24039808
53.0,0.7857142857142857,0.7857142857142857,0.17638472
53.0,0.8571428571428571,0.7857142857142857,0.110789396
53.0,0.9285714285714285,0.7857142857142857,0.047344428
53.0,1.0,0.7857142857142857,-0.012010191
53.0,0.0,0.8571428571428571,0.00036818534
53.0,0.07142857142857142,0.8571428571428571,0.038075477
53.0,0.14285714285714285,0.8571428571428571,0.0754996
53.0,0.21428571428571427,0.8571428571428571,0.11397568
53.0,0.2857142857142857,0.8571428571428571,0.15360045
53.0,0.3571428571428571,0.8571428571428571,0.19080284
53.0,0.42857142857142855,0.8571428571428571,0.21815866
53.0,0.5,0.8571428571428571,0.22831503
53.0,0.5714285714285714,0.8571428571428571,0.21849987
53.0,0.6428571428571428,0.8571428571428571,0.19165593
53.0,0.7142857142857142,0.8571428571428571,0.15396407
53.0,0.7857142857142857,0.8571428571428571,0.111389786
53.0,0.8571428571428571,0.8571428571428571,0.067749985
53.0,0.9285714285714285,0.8571428571428571,0.024707466
53.0,1.0,0.8571428571428571,-0.017323924
53.0,0.0,0.9285714285714285,-0.0017965138
53.0,0.07142857142857142,0.9285714285714285,0.015110973
53.0,0.14285714285714285,0.9285714285714285,0.03161693
53.0,0.21428571428571427,0.9285714285714285,0.05027317
53.0,0.2857142857142857,0.9285714285714285,0.07152221
53.0,0.3571428571428571,0.9285714285714285,0.09229475
53.0,0.42857142857142855,0.9285714285714285,0.10740219
53.0,0.5,0.9285714285714285,0.1126674
53.0,0.5714285714285714,0.9285714285714285,0.106972836
53.0,0.6428571428571428,0.9285714285714285,0.09227207
53.0,0.7142857142857142,0.9285714285714285,0.072040685
53.0,0.7857142857142857,0.9285714285714285,0.049358033
53.0,0.8571428571428571,0.9285714285714285,0.025804445
53.0,0.9285714285714285,0.9285714285714285,0.0015028939
53.0,1.0,0.9285714285714285,-0.024180789
53.0,0.0,1.0,-0.011337172
53.0,0.07142857142857142,1.0,-0.012905374
53.0,0.14285714285714285,1.0,-0.014443807
53.0,0.21428571428571427,1.0,-0.013038976
53.0,0.2857142857142857,1.0,-0.008101623
53.0,0.3571428571428571,1.0,-0.0015788144
53.0,0.42857142857142855,1.0,0.0037996434
53.0,0.5,1.0,0.006258065
53.0,0.5714285714285714,1.0,0.0054244157
53.0,0.6428571428571428,1.0,0.0019848775
53.0,0.7142857142857142,1.0,-0.0029924512
53.0,0.7857142857142857,1.0,-0.008798694
53.0,0.8571428571428571,1.0,-0.015527613
53.0,0.9285714285714285,1.0,-0.024025634
53.0,1.0,1.0,-0.035476
54.0,0.0,0.0,-0.024893902
54.0,0.07142857142857142,0.0,-0.019245021
54.0,0.14285714285714285,0.0,-0.016117923
54.0,0.21428571428571427,0.0,-0.01378151
54.0,0.2857142857142857,0.0,-0.010388598
54.0,0.3571428571428571,0.0,-0.0053927675
54.0,0.42857142857142855,0.0,-0.0005970523
54.0,0.5,0.0,0.0011612773
54.0,0.5714285714285714,0.0,-0.0012656599
54.0,0.6428571428571428,0.0,-0.006061211
54.0,0.7142857142857142,0.0,-0.009663038
54.0,0.7857142857142857,0.0,-0.009629374
54.0,0.8571428571428571,0.0,-0.007057868
54.0,0.9285714285714285,0.0,-0.0061971396
54.0,1.0,0.0,-0.011577411
54.0,0.0,0.07142857142857142,-0.019174606
54.0,0.07142857142857142,0.07142857142857142,0.0043705776
54.0,0.14285714285714285,0.07142857142857142,0.026656985
54.0,0.21428571428571427,0.07142857142857142,0.04838285
54.0,0.2857142857142857,0.07142857142857142,0.06999489
54.0,0.3571428571428571,0.07142857142857142,0.09020057
54.0,0.42857142857142855,0.07142857142857142,0.10500063
54.0,0.5,0.07142857142857142,0.109713756
54.0,0.5714285714285714,0.07142857142857142,0.10267436
54.0,0.6428571428571428,0.07142857142857142,0.08682165
54.0,0.7142857142857142,0.07142857142857142,0.067778096
54.0,0.7857142857142857,0.07142857142857142,0.049687356
54.0,0.8571428571428571,0.07142857142857142,0.032326665
54.0,0.9285714285714285,0.07142857142857142,0.012444284
54.0,1.0,0.07142857142857142,-0.012756702
54.0,0.0,0.14285714285714285,-0.017837673
54.0,0.07142857142857142,0.14285714285714285,0.024698898
54.0,0.14285714285714285,0.14285714285714285,0.06777321
54.0,0.21428571428571427,0.14285714285714285,0.11098794
54.0,0.2857142857142857,0.14285714285714285,0.153222
54.0,0.3571428571428571,0.14285714285714285,0.19105357
54.0,0.42857142857142855,0.14285714285714285,0.21789679
54.0,0.5,0.14285714285714285,0.22681698
54.0,0.5714285714285714,0.14285714285714285,0.21533346
54.0,0.6428571428571428,0.14285714285714285,0.1874454
54.0,0.7142857142857142,0.14285714285714285,0.15096575
54.0,0.7857142857142857,0.14285714285714285,0.1119929
54.0,0.8571428571428571,0.14285714285714285,0.07182292
54.0,0.9285714285714285,0.14285714285714285,0.029187422
54.0,1.0,0.14285714285714285,-0.016406156
54.0,0.0,0.21428571428571427,-0.017458312
54.0,0.07142857142857142,0.21428571428571427,0.04453306
54.0,0.14285714285714285,0.21428571428571427,0.109056644
54.0,0.21428571428571427,0.21428571428571427,0.17455503
54.0,0.2857142857142857,0.21428571428571427,0.23827139
54.0,0.3571428571428571,0.21428571428571427,0.294614
54.0,0.42857142857142855,0.21428571428571427,0.33438343
54.0,0.5,0.21428571428571427,0.3482746
54.0,0.5714285714285714,0.21428571428571427,0.33274686
54.0,0.6428571428571428,0.21428571428571427,0.29263622
54.0,0.7142857142857142,0.21428571428571427,0.23784661
54.0,0.7857142857142857,0.21428571428571427,0.17663836
54.0,0.8571428571428571,0.21428571428571427,0.11257159
54.0,0.9285714285714285,0.21428571428571427,0.047098465
54.0,1.0,0.21428571428571427,-0.017953731
54.0,0.0,0.2857142857142857,-0.015193753
54.0,0.07142857142857142,0.2857142857142857,0.06569486
54.0,0.14285714285714285,0.2857142857142857,0.15096447
54.0,0.21428571428571427,0.2857142857142857,0.23780486
54.0,0.2857142857142857,0.2857142857142857,0.32186753
54.0,0.3571428571428571,0.2857142857142857,0.39563328
54.0,0.42857142857142855,0.2857142857142857,0.44764084
54.0,0.5,0.2857142857142857,0.46639287
54.0,0.5714285714285714,0.2857142857142857,0.44718468
54.0,0.6428571428571428,0.2857142857142857,0.39545783
54.0,0.7142857142857142,0.2857142857142857,0.32300067
54.0,0.7857142857142857,0.2857142857142857,0.24036679
54.0,0.8571428571428571,0.2857142857142857,0.15384841
54.0,0.9285714285714285,0.2857142857142857,0.06769211
54.0,1.0,0.2857142857142857,-0.014415866
54.0,0.0,0.3571428571428571,-0.0105923265
54.0,0.07142857142857142,0.3571428571428571,0.08679658
54.0,0.14285714285714285,0.3571428571428571,0.19008201
54.0,0.21428571428571427,0.3571428571428571,0.29520246
54.0,0.2857142857142857,0.3571428571428571,0.3964084
54.0,0.3571428571428571,0.3571428571428571,0.4846723
54.0,0.42857142857142855,0.3571428571428571,0.5467427
54.0,0.5,0.3571428571428571,0.56924325
54.0,0.5714285714285714,0.3571428571428571,0.54649806
54.0,0.6428571428571428,0.3571428571428571,0.4846131
54.0,0.7142857142857142,0.3571428571428571,0.3970807
54.0,0.7857142857142857,0.3571428571428571,0.2965662
54.0,0.8571428571428571,0.3571428571428571,0.19183108
54.0,0.9285714285714285,0.3571428571428571,0.08931276
54.0,1.0,0.3571428571428571,-0.006041469
54.0,0.0,0.42857142857142855,-0.0063152686
54.0,0.07142857142857142,0.42857142857142855,0.10237217
54.0,0.14285714285714285,0.42857142857142855,0.21809787
54.0,0.21428571428571427,0.42857142857142855,0.3358997
54.0,0.2857142857142857,0.42857142857142855,0.44907844
54.0,0.3571428571428571,0.42857142857142855,0.5475414
54.0,0.42857142857142855,0.42857142857142855,0.61653274
54.0,0.5,0.42857142857142855,0.64111274
54.0,0.5714285714285714,0.42857142857142855,0.6152048
54.0,0.6428571428571428,0.42857142857142855,0.5459433
54.0,0.7142857142857142,0.42857142857142855,0.44821993
54.0,0.7857142857142857,0.42857142857142855,0.33605963
54.0,0.8571428571428571,0.42857142857142855,0.21973285
54.0,0.9285714285714285,0.42857142857142855,0.106991164
54.0,1.0,0.42857142857142855,0.003570443
54.0,0.0,0.5,-0.0049821064
54.0,0.07142857142857142,0.5,0.10725913
54.0,0.14285714285714285,0.5,0.22697034
54.0,0.21428571428571427,0.5,0.34902078
54.0,0.2857142857142857,0.5,0.4666335
54.0,0.3571428571428571,0.5,0.5693931
54.0,0.42857142857142855,0.5,0.6414609
54.0,0.5,0.5,0.6667528
54.0,0.5714285714285714,0.5,0.6393382
54.0,0.6428571428571428,0.5,0.56736153
54.0,0.7142857142857142,0.5,0.466294
54.0,0.7857142857142857,0.5,0.350419
54.0,0.8571428571428571,0.5,0.23049375
54.0,0.9285714285714285,0.5,0.11485485
54.0,1.0,0.5,0.009617457
54.0,0.0,0.5714285714285714,-0.0056029186
54.0,0.07142857142857142,0.5714285714285714,0.10208597
54.0,0.14285714285714285,0.5714285714285714,0.21650326
54.0,0.21428571428571427,0.5714285714285714,0.33294144
54.0,0.2857142857142857,0.5714285714285714,0.44548598
54.0,0.3571428571428571,0.5714285714285714,0.54469943
54.0,0.42857142857142855,0.5714285714285714,0.6150064
54.0,0.5,0.5714285714285714,0.6400542
54.0,0.5714285714285714,0.5714285714285714,0.6140028
54.0,0.6428571428571428,0.5714285714285714,0.5449862
54.0,0.7142857142857142,0.5714285714285714,0.4478248
54.0,0.7857142857142857,0.5714285714285714,0.3362092
54.0,0.8571428571428571,0.5714285714285714,0.2207537
54.0,0.9285714285714285,0.5714285714285714,0.10976847
54.0,1.0,0.5714285714285714,0.009205319
54.0,0.0,0.6428571428571428,-0.0055519193
54.0,0.07142857142857142,0.6428571428571428,0.09082826
54.0,0.14285714285714285,0.6428571428571428,0.19217616
54.0,0.21428571428571427,0.6428571428571428,0.2945851
54.0,0.2857142857142857,0.6428571428571428,0.39354685
54.0,0.3571428571428571,0.6428571428571428,0.4816128
54.0,0.42857142857142855,0.6428571428571428,0.54508865
54.0,0.5,0.6428571428571428,0.5686237
54.0,0.5714285714285714,0.6428571428571428,0.5462173
54.0,0.6428571428571428,0.6428571428571428,0.4847301
54.0,0.7142857142857142,0.6428571428571428,0.39737865
54.0,0.7857142857142857,0.6428571428571428,0.2968034
54.0,0.8571428571428571,0.6428571428571428,0.19294494
54.0,0.9285714285714285,0.6428571428571428,0.093333825
54.0,1.0,0.6428571428571428,0.0030784793
54.0,0.0,0.7142857142857142,-0.0038969442
54.0,0.07142857142857142,0.7142857142857142,0.07586345
54.0,0.14285714285714285,0.7142857142857142,0.15838471
54.0,0.21428571428571427,0.7142857142857142,0.24110669
54.0,0.2857142857142857,0.7142857142857142,0.32126707
54.0,0.3571428571428571,0.7142857142857142,0.39346284
54.0,0.42857142857142855,0.7142857142857142,0.4463988
54.0,0.5,0.7142857142857142,0.46678987
54.0,0.5714285714285714,0.7142857142857142,0.44884977
54.0,0.6428571428571428,0.7142857142857142,0.3977281
54.0,0.7142857142857142,0.7142857142857142,0.32455972
54.0,0.7857142857142857,0.7142857142857142,0.24043217
54.0,0.8571428571428571,0.7142857142857142,0.15386197
54.0,0.9285714285714285,0.7142857142857142,0.07076834
54.0,1.0,0.7142857142857142,-0.0051604137
54.0,0.0,0.7857142857142857,-0.0015175417
54.0,0.07142857142857142,0.7857142857142857,0.057980567
54.0,0.14285714285714285,0.7857142857142857,0.11829925
54.0,0.21428571428571427,0.7857142857142857,0.178767
54.0,0.2857142857142857,0.7857142857142857,0.23832902
54.0,0.3571428571428571,0.7857142857142857,0.29288658
54.0,0.42857142857142855,0.7857142857142857,0.33321744
54.0,0.5,0.7857142857142857,0.34885752
54.0,0.5714285714285714,0.7857142857142857,0.33520666
54.0,0.6428571428571428,0.7857142857142857,0.2960623
54.0,0.7142857142857142,0.7857142857142857,0.24014646
54.0,0.7857142857142857,0.7857142857142857,0.17624444
54.0,0.8571428571428571,0.7857142857142857,0.110681996
54.0,0.9285714285714285,0.7857142857142857,0.047240235
54.0,1.0,0.7857142857142857,-0.0120688975
54.0,0.0,0.8571428571428571,-0.00025194138
54.0,0.07142857142857142,0.8571428571428571,0.037631422
54.0,0.14285714285714285,0.8571428571428571,0.07527831
54.0,0.21428571428571427,0.8571428571428571,0.11391003
54.0,0.2857142857142857,0.8571428571428571,0.1535432
54.0,0.3571428571428571,0.8571428571428571,0.19060364
54.0,0.42857142857142855,0.8571428571428571,0.2177726
54.0,0.5,0.8571428571428571,0.22783285
54.0,0.5714285714285714,0.8571428571428571,0.21806061
54.0,0.6428571428571428,0.8571428571428571,0.19134071
54.0,0.7142857142857142,0.8571428571428571,0.15376204
54.0,0.7857142857142857,0.8571428571428571,0.11123778
54.0,0.8571428571428571,0.8571428571428571,0.06758588
54.0,0.9285714285714285,0.8571428571428571,0.024511702
54.0,1.0,0.8571428571428571,-0.017508484
54.0,0.0,0.9285714285714285,-0.0028088465
54.0,0.07142857142857142,0.9285714285714285,0.014355473
54.0,0.14285714285714285,0.9285714285714285,0.031169102
54.0,0.21428571428571427,0.9285714285714285,0.050065592
54.0,0.2857142857142857,0.9285714285714285,0.07141434
54.0,0.3571428571428571,0.9285714285714285,0.092156924
54.0,0.42857142857142855,0.9285714285714285,0.107186615
54.0,0.5,0.9285714285714285,0.11240649
54.0,0.5714285714285714,0.9285714285714285,0.10672491
54.0,0.6428571428571428,0.9285714285714285,0.09206944
54.0,0.7142857142857142,0.9285714285714285,0.071873866
54.0,0.7857142857142857,0.9285714285714285,0.04919067
54.0,0.8571428571428571,0.9285714285714285,0.0256042
54.0,0.9285714285714285,0.9285714285714285,0.0012672842
54.0,1.0,0.9285714285714285,-0.024406953
54.0,0.0,1.0,-0.012595676
54.0,0.07142857142857142,1.0,-0.0138363205
54.0,0.14285714285714285,1.0,-0.014997508
54.0,0.21428571428571427,1.0,-0.013270325
54.0,0.2857142857142857,1.0,-0.008127177
54.0,0.3571428571428571,1.0,-0.001513401
54.0,0.42857142857142855,1.0,0.0038812235
54.0,0.5,1.0,0.0063193385
54.0,0.5714285714285714,1.0,0.005452119
54.0,0.6428571428571428,1.0,0.0019742046
54.0,0.7142857142857142,1.0,-0.0030476637
54.0,0.7857142857142857,1.0,-0.00890594
54.0,0.8571428571428571,1.0,-0.01568523
54.0,0.9285714285714285,1.0,-0.024212461
54.0,1.0,1.0,-0.035640806
55.0,0.0,0.0,-0.025845349
55.0,0.07142857142857142,0.0,-0.019956052
55.0,0.14285714285714285,0.0,-0.016511232
55.0,0.21428571428571427,0.0,-0.013838291
55.0,0.2857142857142857,0.0,-0.010178976
55.0,0.3571428571428571,0.0,-0.0050599948
55.0,0.42857142857142855,0.0,-0.00027113408
55.0,0.5,0.0,0.0014374107
55.0,0.5714285714285714,0.0,-0.0010227934
55.0,0.6428571428571428,0.0,-0.005855508
55.0,0.7142857142857142,0.0,-0.009564497
55.0,0.7857142857142857,0.0,-0.009745751
55.0,0.8571428571428571,0.0,-0.0074470155
55.0,0.9285714285714285,0.0,-0.0068081627
55.0,1.0,0.0,-0.01227971
55.0,0.0,0.07142857142857142,-0.019990146
55.0,0.07142857142857142,0.07142857142857142,0.0037243739
55.0,0.14285714285714285,0.07142857142857142,0.02622816
55.0,0.21428571428571427,0.07142857142857142,0.048161015
55.0,0.2857142857142857,0.07142857142857142,0.069899164
55.0,0.3571428571428571,0.07142857142857142,0.090100154
55.0,0.42857142857142855,0.07142857142857142,0.10480966
55.0,0.5,0.07142857142857142,0.10946187
55.0,0.5714285714285714,0.07142857142857142,0.10245557
55.0,0.6428571428571428,0.07142857142857142,0.08668525
55.0,0.7142857142857142,0.07142857142857142,0.067663796
55.0,0.7857142857142857,0.07142857142857142,0.049464103
55.0,0.8571428571428571,0.07142857142857142,0.03190628
55.0,0.9285714285714285,0.07142857142857142,0.011844527
55.0,1.0,0.07142857142857142,-0.01344471
55.0,0.0,0.14285714285714285,-0.018415816
55.0,0.07142857142857142,0.14285714285714285,0.02422911
55.0,0.14285714285714285,0.14285714285714285,0.067436755
55.0,0.21428571428571427,0.14285714285714285,0.11075248
55.0,0.2857142857142857,0.14285714285714285,0.15299591
55.0,0.3571428571428571,0.14285714285714285,0.19071484
55.0,0.42857142857142855,0.14285714285714285,0.2173937
55.0,0.5,0.14285714285714285,0.22623852
55.0,0.5714285714285714,0.14285714285714285,0.21484381
55.0,0.6428571428571428,0.14285714285714285,0.18714753
55.0,0.7142857142857142,0.14285714285714285,0.15080988
55.0,0.7857142857142857,0.14285714285714285,0.111827336
55.0,0.8571428571428571,0.14285714285714285,0.07153134
55.0,0.9285714285714285,0.14285714285714285,0.028751489
55.0,1.0,0.14285714285714285,-0.016933957
55.0,0.0,0.21428571428571427,-0.017765068
55.0,0.07142857142857142,0.21428571428571427,0.044267975
55.0,0.14285714285714285,0.21428571428571427,0.10885003
55.0,0.21428571428571427,0.21428571428571427,0.17436576
55.0,0.2857142857142857,0.21428571428571427,0.23800364
55.0,0.3571428571428571,0.21428571428571427,0.29414922
55.0,0.42857142857142855,0.21428571428571427,0.3336864
55.0,0.5,0.21428571428571427,0.34747437
55.0,0.5714285714285714,0.21428571428571427,0.33206975
55.0,0.6428571428571428,0.21428571428571427,0.29223925
55.0,0.7142857142857142,0.21428571428571427,0.23769435
55.0,0.7857142857142857,0.21428571428571427,0.17656577
55.0,0.8571428571428571,0.21428571428571427,0.11244208
55.0,0.9285714285714285,0.21428571428571427,0.046860136
55.0,1.0,0.21428571428571427,-0.018271377
55.0,0.0,0.2857142857142857,-0.015283324
55.0,0.07142857142857142,0.2857142857142857,0.06555014
55.0,0.14285714285714285,0.2857142857142857,0.15079299
55.0,0.21428571428571427,0.2857142857142857,0.23757786
55.0,0.2857142857142857,0.2857142857142857,0.32149616
55.0,0.3571428571428571,0.2857142857142857,0.39499664
55.0,0.42857142857142855,0.2857142857142857,0.44670165
55.0,0.5,0.2857142857142857,0.46530393
55.0,0.5714285714285714,0.2857142857142857,0.4462338
55.0,0.6428571428571428,0.2857142857142857,0.39486247
55.0,0.7142857142857142,0.2857142857142857,0.32274836
55.0,0.7857142857142857,0.2857142857142857,0.2402856
55.0,0.8571428571428571,0.2857142857142857,0.15378207
55.0,0.9285714285714285,0.2857142857142857,0.06756481
55.0,1.0,0.2857142857142857,-0.014573526
55.0,0.0,0.3571428571428571,-0.010586865
55.0,0.07142857142857142,0.3571428571428571,0.08661034
55.0,0.14285714285714285,0.3571428571428571,0.18976277
55.0,0.21428571428571427,0.3571428571428571,0.2947511
55.0,0.2857142857142857,0.3571428571428571,0.39574987
55.0,0.3571428571428571,0.3571428571428571,0.4836772
55.0,0.42857142857142855,0.3571428571428571,0.54536194
55.0,0.5,0.3571428571428571,0.5676571
55.0,0.5714285714285714,0.3571428571428571,0.54506826
55.0,0.6428571428571428,0.3571428571428571,0.48362455
55.0,0.7142857142857142,0.3571428571428571,0.39654246
55.0,0.7857142857142857,0.3571428571428571,0.2962979
55.0,0.8571428571428571,0.3571428571428571,0.19165528
55.0,0.9285714285714285,0.3571428571428571,0.08914467
55.0,1.0,0.3571428571428571,-0.0061513316
55.0,0.0,0.42857142857142855,-0.006307684
55.0,0.07142857142857142,0.42857142857142855,0.10205942
55.0,0.14285714285714285,0.42857142857142855,0.21755126
55.0,0.21428571428571427,0.42857142857142855,0.33514315
55.0,0.2857142857142857,0.42857142857142855,0.4480415
55.0,0.3571428571428571,0.42857142857142855,0.5460773
55.0,0.42857142857142855,0.42857142857142855,0.61458814
55.0,0.5,0.42857142857142855,0.63892007
55.0,0.5714285714285714,0.42857142857142855,0.61321336
55.0,0.6428571428571428,0.42857142857142855,0.54448897
55.0,0.7142857142857142,0.42857142857142855,0.4473104
55.0,0.7857142857142857,0.42857142857142855,0.33549884
55.0,0.8571428571428571,0.42857142857142855,0.21933302
55.0,0.9285714285714285,0.42857142857142855,0.10667816
55.0,1.0,0.42857142857142855,0.0034186803
55.0,0.0,0.5,-0.0049537644
55.0,0.07142857142857142,0.5,0.10693029
55.0,0.14285714285714285,0.5,0.226376
55.0,0.21428571428571427,0.5,0.34818095
55.0,0.2857142857142857,0.5,0.46545827
55.0,0.3571428571428571,0.5,0.56770736
55.0,0.42857142857142855,0.5,0.63921386
55.0,0.5,0.5,0.6642401
55.0,0.5714285714285714,0.5,0.63707066
55.0,0.6428571428571428,0.5,0.5656764
55.0,0.7142857142857142,0.5,0.46517512
55.0,0.7857142857142857,0.5,0.34966552
55.0,0.8571428571428571,0.5,0.22993472
55.0,0.9285714285714285,0.5,0.11443918
55.0,1.0,0.5,0.009431783
55.0,0.0,0.5714285714285714,-0.0055017695
55.0,0.07142857142857142,0.5714285714285714,0.101900585
55.0,0.14285714285714285,0.5714285714285714,0.21610719
55.0,0.21428571428571427,0.5714285714285714,0.33233362
55.0,0.2857142857142857,0.5714285714285714,0.44455937
55.0,0.3571428571428571,0.5714285714285714,0.5432612
55.0,0.42857142857142855,0.5714285714285714,0.6130006
55.0,0.5,0.5714285714285714,0.63778675
55.0,0.5714285714285714,0.5714285714285714,0.61196876
55.0,0.6428571428571428,0.5714285714285714,0.54347765
55.0,0.7142857142857142,0.5714285714285714,0.4468094
55.0,0.7857142857142857,0.5714285714285714,0.33551326
55.0,0.8571428571428571,0.5714285714285714,0.2202419
55.0,0.9285714285714285,0.5714285714285714,0.10940877
55.0,1.0,0.5714285714285714,0.009074306
55.0,0.0,0.6428571428571428,-0.0054196715
55.0,0.07142857142857142,0.6428571428571428,0.09079669
55.0,0.14285714285714285,0.6428571428571428,0.19202918
55.0,0.21428571428571427,0.6428571428571428,0.2942977
55.0,0.2857142857142857,0.6428571428571428,0.3930118
55.0,0.3571428571428571,0.6428571428571428,0.48065174
55.0,0.42857142857142855,0.6428571428571428,0.5436387
55.0,0.5,0.6428571428571428,0.56693983
55.0,0.5714285714285714,0.6428571428571428,0.5447117
55.0,0.6428571428571428,0.6428571428571428,0.4836359
55.0,0.7142857142857142,0.6428571428571428,0.3966702
55.0,0.7857142857142857,0.6428571428571428,0.29634777
55.0,0.8571428571428571,0.6428571428571428,0.19263804
55.0,0.9285714285714285,0.6428571428571428,0.09314462
55.0,1.0,0.6428571428571428,0.0030593127
55.0,0.0,0.7142857142857142,-0.003872551
55.0,0.07142857142857142,0.7142857142857142,0.07585372
55.0,0.14285714285714285,0.7142857142857142,0.15837201
55.0,0.21428571428571427,0.7142857142857142,0.24104562
55.0,0.2857142857142857,0.7142857142857142,0.3210476
55.0,0.3571428571428571,0.7142857142857142,0.3929237
55.0,0.42857142857142855,0.7142857142857142,0.4454768
55.0,0.5,0.7142857142857142,0.46567315
55.0,0.5714285714285714,0.7142857142857142,0.4478496
55.0,0.6428571428571428,0.7142857142857142,0.3970261
55.0,0.7142857142857142,0.7142857142857142,0.32414418
55.0,0.7857142857142857,0.7142857142857142,0.24020314
55.0,0.8571428571428571,0.7142857142857142,0.15373087
55.0,0.9285714285714285,0.7142857142857142,0.07069872
55.0,1.0,0.7142857142857142,-0.005134715
55.0,0.0,0.7857142857142857,-0.0017719343
55.0,0.07142857142857142,0.7857142857142857,0.05781296
55.0,0.14285714285714285,0.7857142857142857,0.11824993
55.0,0.21428571428571427,0.7857142857142857,0.1787771
55.0,0.2857142857142857,0.7857142857142857,0.23826915
55.0,0.3571428571428571,0.7857142857142857,0.2926015
55.0,0.42857142857142855,0.7857142857142857,0.33265096
55.0,0.5,0.7857142857142857,0.3481442
55.0,0.5714285714285714,0.7857142857142857,0.3345642
55.0,0.6428571428571428,0.7857142857142857,0.29562104
55.0,0.7142857142857142,0.7857142857142857,0.23989818
55.0,0.7857142857142857,0.7857142857142857,0.17610925
55.0,0.8571428571428571,0.7857142857142857,0.11058179
55.0,0.9285714285714285,0.7857142857142857,0.04714211
55.0,1.0,0.7857142857142857,-0.012132451
55.0,0.0,0.8571428571428571,-0.0009064749
55.0,0.07142857142857142,0.8571428571428571,0.037165858
55.0,0.14285714285714285,0.8571428571428571,0.07504102
55.0,0.21428571428571427,0.8571428571428571,0.11383126
55.0,0.2857142857142857,0.8571428571428571,0.15347713
55.0,0.3571428571428571,0.8571428571428571,0.19040355
55.0,0.42857142857142855,0.8571428571428571,0.21739385
55.0,0.5,0.8571428571428571,0.2273637
55.0,0.5714285714285714,0.8571428571428571,0.2176353
55.0,0.6428571428571428,0.8571428571428571,0.19103676
55.0,0.7142857142857142,0.8571428571428571,0.153568
55.0,0.7857142857142857,0.8571428571428571,0.11109021
55.0,0.8571428571428571,0.8571428571428571,0.0674242
55.0,0.9285714285714285,0.8571428571428571,0.024313092
55.0,1.0,0.8571428571428571,-0.017705917
55.0,0.0,0.9285714285714285,-0.0038637146
55.0,0.07142857142857142,0.9285714285714285,0.013570532
55.0,0.14285714285714285,0.9285714285714285,0.03069894
55.0,0.21428571428571427,0.9285714285714285,0.049840987
55.0,0.2857142857142857,0.9285714285714285,0.07129454
55.0,0.3571428571428571,0.9285714285714285,0.09201439
55.0,0.42857142857142855,0.9285714285714285,0.10697344
55.0,0.5,0.9285714285714285,0.11215248
55.0,0.5714285714285714,0.9285714285714285,0.10648457
55.0,0.6428571428571428,0.9285714285714285,0.09187211
55.0,0.7142857142857142,0.9285714285714285,0.071707286
55.0,0.7857142857142857,0.9285714285714285,0.049018648
55.0,0.8571428571428571,0.9285714285714285,0.025394477
55.0,0.9285714285714285,0.9285714285714285,0.0010149311
55.0,1.0,0.9285714285714285,-0.024660783
55.0,0.0,1.0,-0.013907261
55.0,0.07142857142857142,1.0,-0.014808327
55.0,0.14285714285714285,1.0,-0.015585706
55.0,0.21428571428571427,1.0,-0.013531925
55.0,0.2857142857142857,1.0,-0.008178433
55.0,0.3571428571428571,1.0,-0.0014685979
55.0,0.42857142857142855,1.0,0.0039464347
55.0,0.5,1.0,0.0063675847
55.0,0.5714285714285714,1.0,0.005468227
55.0,0.6428571428571428,1.0,0.0019499939
55.0,0.7142857142857142,1.0,-0.0031198598
55.0,0.7857142857142857,1.0,-0.009033762
55.0,0.8571428571428571,1.0,-0.015868466
55.0,0.9285714285714285,1.0,-0.02443203
55.0,1.0,1.0,-0.035848487
56.0,0.0,0.0,-0.026851214
56.0,0.07142857142857142,0.0,-0.020706832
56.0,0.14285714285714285,0.0,-0.016934298
56.0,0.21428571428571427,0.0,-0.013922125
56.0,0.2857142857142857,0.0,-0.009995267
56.0,0.3571428571428571,0.0,-0.0047511384
56.0,0.42857142857142855,0.0,3.477931e-05
56.0,0.5,0.0,0.0016963556
56.0,0.5714285714285714,0.0,-0.0007962212
56.0,0.6428571428571428,0.0,-0.005666103
56.0,0.7142857142857142,0.0,-0.009480625
56.0,0.7857142857142857,0.0,-0.009875197
56.0,0.8571428571428571,0.0,-0.007854516
56.0,0.9285714285714285,0.0,-0.007455525
56.0,1.0,0.0,-0.013046671
56.0,0.0,0.07142857142857142,-0.020847306
56.0,0.07142857142857142,0.07142857142857142,0.0030519515
56.0,0.14285714285714285,0.07142857142857142,0.02578213
56.0,0.21428571428571427,0.07142857142857142,0.047927044
56.0,0.2857142857142857,0.07142857142857142,0.06979446
56.0,0.3571428571428571,0.07142857142857142,0.08999605
56.0,0.42857142857142855,0.07142857142857142,0.1046224
56.0,0.5,0.07142857142857142,0.109217286
56.0,0.5714285714285714,0.07142857142857142,0.102242745
56.0,0.6428571428571428,0.07142857142857142,0.086552635
56.0,0.7142857142857142,0.07142857142857142,0.06755423
56.0,0.7857142857142857,0.07142857142857142,0.049247134
56.0,0.8571428571428571,0.07142857142857142,0.031487033
56.0,0.9285714285714285,0.07142857142857142,0.011229014
56.0,1.0,0.07142857142857142,-0.01417331
56.0,0.0,0.14285714285714285,-0.019025318
56.0,0.07142857142857142,0.14285714285714285,0.023742221
56.0,0.14285714285714285,0.14285714285714285,0.06709031
56.0,0.21428571428571427,0.14285714285714285,0.110510655
56.0,0.2857142857142857,0.14285714285714285,0.15276751
56.0,0.3571428571428571,0.14285714285714285,0.19038057
56.0,0.42857142857142855,0.14285714285714285,0.21690232
56.0,0.5,0.14285714285714285,0.2256751
56.0,0.5714285714285714,0.14285714285714285,0.2143681
56.0,0.6428571428571428,0.14285714285714285,0.18686113
56.0,0.7142857142857142,0.14285714285714285,0.15066609
56.0,0.7857142857142857,0.14285714285714285,0.11167391
56.0,0.8571428571428571,0.14285714285714285,0.07124834
56.0,0.9285714285714285,0.14285714285714285,0.028311048
56.0,1.0,0.14285714285714285,-0.017485574
56.0,0.0,0.21428571428571427,-0.018097073
56.0,0.07142857142857142,0.21428571428571427,0.04398989
56.0,0.14285714285714285,0.21428571428571427,0.10863438
56.0,0.21428571428571427,0.21428571428571427,0.17416805
56.0,0.2857142857142857,0.21428571428571427,0.23773059
56.0,0.3571428571428571,0.21428571428571427,0.29368478
56.0,0.42857142857142855,0.21428571428571427,0.33299685
56.0,0.5,0.21428571428571427,0.34668505
56.0,0.5714285714285714,0.21428571428571427,0.3314025
56.0,0.6428571428571428,0.21428571428571427,0.2918491
56.0,0.7142857142857142,0.21428571428571427,0.23754919
56.0,0.7857142857142857,0.21428571428571427,0.17650166
56.0,0.8571428571428571,0.21428571428571427,0.11231937
56.0,0.9285714285714285,0.21428571428571427,0.04662123
56.0,1.0,0.21428571428571427,-0.018601835
56.0,0.0,0.2857142857142857,-0.015396088
56.0,0.07142857142857142,0.2857142857142857,0.065394305
56.0,0.14285714285714285,0.2857142857142857,0.15061352
56.0,0.21428571428571427,0.2857142857142857,0.23734021
56.0,0.2857142857142857,0.2857142857142857,0.3211135
56.0,0.3571428571428571,0.2857142857142857,0.39435083
56.0,0.42857142857142855,0.2857142857142857,0.44575906
56.0,0.5,0.2857142857142857,0.46421653
56.0,0.5714285714285714,0.2857142857142857,0.4452834
56.0,0.6428571428571428,0.2857142857142857,0.39426517
56.0,0.7142857142857142,0.2857142857142857,0.32249302
56.0,0.7857142857142857,0.2857142857142857,0.2402043
56.0,0.8571428571428571,0.2857142857142857,0.15371767
56.0,0.9285714285714285,0.2857142857142857,0.06743864
56.0,1.0,0.2857142857142857,-0.014738511
56.0,0.0,0.3571428571428571,-0.01060342
56.0,0.07142857142857142,0.3571428571428571,0.08641785
56.0,0.14285714285714285,0.3571428571428571,0.18944073
56.0,0.21428571428571427,0.3571428571428571,0.29429176
56.0,0.2857142857142857,0.3571428571428571,0.3950791
56.0,0.3571428571428571,0.3571428571428571,0.4826705
56.0,0.42857142857142855,0.3571428571428571,0.5439753
56.0,0.5,0.3571428571428571,0.56607157
56.0,0.5714285714285714,0.3571428571428571,0.5436387
56.0,0.6428571428571428,0.3571428571428571,0.48263112
56.0,0.7142857142857142,0.3571428571428571,0.39599574
56.0,0.7857142857142857,0.3571428571428571,0.29602358
56.0,0.8571428571428571,0.3571428571428571,0.19147947
56.0,0.9285714285714285,0.3571428571428571,0.088979974
56.0,1.0,0.3571428571428571,-0.006264884
56.0,0.0,0.42857142857142855,-0.006319821
56.0,0.07142857142857142,0.42857142857142855,0.101749234
56.0,0.14285714285714285,0.42857142857142855,0.21701285
56.0,0.21428571428571427,0.42857142857142855,0.3343902
56.0,0.2857142857142857,0.42857142857142855,0.4470014
56.0,0.3571428571428571,0.42857142857142855,0.5446098
56.0,0.42857142857142855,0.42857142857142855,0.61264825
56.0,0.5,0.42857142857142855,0.6367412
56.0,0.5714285714285714,0.42857142857142855,0.6112339
56.0,0.6428571428571428,0.42857142857142855,0.5430357
56.0,0.7142857142857142,0.42857142857142855,0.44639423
56.0,0.7857142857142857,0.42857142857142855,0.3349332
56.0,0.8571428571428571,0.42857142857142855,0.21893677
56.0,0.9285714285714285,0.42857142857142855,0.10637378
56.0,1.0,0.42857142857142855,0.0032668803
56.0,0.0,0.5,-0.004938416
56.0,0.07142857142857142,0.5,0.10661229
56.0,0.14285714285714285,0.5,0.22579879
56.0,0.21428571428571427,0.5,0.34735262
56.0,0.2857142857142857,0.5,0.4642873
56.0,0.3571428571428571,0.5,0.56602734
56.0,0.42857142857142855,0.5,0.63698435
56.0,0.5,0.5,0.6617544
56.0,0.5714285714285714,0.5,0.6348249
56.0,0.6428571428571428,0.5,0.5639973
56.0,0.7142857142857142,0.5,0.46405208
56.0,0.7857142857142857,0.5,0.34891063
56.0,0.8571428571428571,0.5,0.22938451
56.0,0.9285714285714285,0.5,0.11403755
56.0,1.0,0.5,0.009248801
56.0,0.0,0.5714285714285714,-0.005409859
56.0,0.07142857142857142,0.5714285714285714,0.101725884
56.0,0.14285714285714285,0.5714285714285714,0.21572429
56.0,0.21428571428571427,0.5714285714285714,0.3317325
56.0,0.2857142857142857,0.5714285714285714,0.44363177
56.0,0.3571428571428571,0.5714285714285714,0.54182476
56.0,0.42857142857142855,0.5714285714285714,0.6110085
56.0,0.5,0.5714285714285714,0.6355418
56.0,0.5714285714285714,0.5714285714285714,0.6099511
56.0,0.6428571428571428,0.5714285714285714,0.5419702
56.0,0.7142857142857142,0.5714285714285714,0.44578695
56.0,0.7857142857142857,0.5714285714285714,0.33481455
56.0,0.8571428571428571,0.5714285714285714,0.21973899
56.0,0.9285714285714285,0.5714285714285714,0.109063186
56.0,1.0,0.5714285714285714,0.008945787
56.0,0.0,0.6428571428571428,-0.0052975044
56.0,0.07142857142857142,0.6428571428571428,0.09076778
56.0,0.14285714285714285,0.6428571428571428,0.19188449
56.0,0.21428571428571427,0.6428571428571428,0.29400617
56.0,0.2857142857142857,0.6428571428571428,0.39246657
56.0,0.3571428571428571,0.6428571428571428,0.4796838
56.0,0.42857142857142855,0.6428571428571428,0.5421922
56.0,0.5,0.6428571428571428,0.5652663
56.0,0.5714285714285714,0.6428571428571428,0.54321027
56.0,0.6428571428571428,0.6428571428571428,0.48253557
56.0,0.7142857142857142,0.6428571428571428,0.3959515
56.0,0.7857142857142857,0.6428571428571428,0.29588848
56.0,0.8571428571428571,0.6428571428571428,0.19233766
56.0,0.9285714285714285,0.6428571428571428,0.092966594
56.0,1.0,0.6428571428571428,0.0030403528
56.0,0.0,0.7142857142857142,-0.0038634613
56.0,0.07142857142857142,0.7142857142857142,0.0758375
56.0,0.14285714285714285,0.7142857142857142,0.15835181
56.0,0.21428571428571427,0.7142857142857142,0.24097359
56.0,0.2857142857142857,0.7142857142857142,0.3208143
56.0,0.3571428571428571,0.7142857142857142,0.39237487
56.0,0.42857142857142855,0.7142857142857142,0.4445539
56.0,0.5,0.7142857142857142,0.4645614
56.0,0.5714285714285714,0.7142857142857142,0.44685164
56.0,0.6428571428571428,0.7142857142857142,0.3963205
56.0,0.7142857142857142,0.7142857142857142,0.32372394
56.0,0.7857142857142857,0.7142857142857142,0.23997429
56.0,0.8571428571428571,0.7142857142857142,0.15360668
56.0,0.9285714285714285,0.7142857142857142,0.07063747
56.0,1.0,0.7142857142857142,-0.0051095635
56.0,0.0,0.7857142857142857,-0.0020485967
56.0,0.07142857142857142,0.7857142857142857,0.057632312
56.0,0.14285714285714285,0.7857142857142857,0.11818852
56.0,0.21428571428571427,0.7857142857142857,0.17877427
56.0,0.2857142857142857,0.7857142857142857,0.23819858
56.0,0.3571428571428571,0.7857142857142857,0.29231066
56.0,0.42857142857142855,0.7857142857142857,0.33208805
56.0,0.5,0.7857142857142857,0.34744
56.0,0.5714285714285714,0.7857142857142857,0.3339312
56.0,0.6428571428571428,0.7857142857142857,0.29518613
56.0,0.7142857142857142,0.7857142857142857,0.2396552
56.0,0.7857142857142857,0.7857142857142857,0.17598012
56.0,0.8571428571428571,0.7857142857142857,0.110489815
56.0,0.9285714285714285,0.7857142857142857,0.047050778
56.0,1.0,0.7857142857142857,-0.012197651
56.0,0.0,0.8571428571428571,-0.0015894622
56.0,0.07142857142857142,0.8571428571428571,0.036682516
56.0,0.14285714285714285,0.8571428571428571,0.07478959
56.0,0.21428571428571427,0.8571428571428571,0.11374115
56.0,0.2857142857142857,0.8571428571428571,0.15340394
56.0,0.3571428571428571,0.8571428571428571,0.19020343
56.0,0.42857142857142855,0.8571428571428571,0.2170242
56.0,0.5,0.8571428571428571,0.22690937
56.0,0.5714285714285714,0.8571428571428571,0.217226
56.0,0.6428571428571428,0.8571428571428571,0.19074625
56.0,0.7142857142857142,0.8571428571428571,0.15338358
56.0,0.7857142857142857,0.8571428571428571,0.110949725
56.0,0.8571428571428571,0.8571428571428571,0.06726648
56.0,0.9285714285714285,0.8571428571428571,0.024114378
56.0,1.0,0.8571428571428571,-0.017913815
56.0,0.0,0.9285714285714285,-0.0049540848
56.0,0.07142857142857142,0.9285714285714285,0.012762696
56.0,0.14285714285714285,0.9285714285714285,0.03021188
56.0,0.21428571428571427,0.9285714285714285,0.04960263
56.0,0.2857142857142857,0.9285714285714285,0.07116667
56.0,0.3571428571428571,0.9285714285714285,0.091870375
56.0,0.42857142857142855,0.9285714285714285,0.10676569
56.0,0.5,0.9285714285714285,0.11190874
56.0,0.5714285714285714,0.9285714285714285,0.10625573
56.0,0.6428571428571428,0.9285714285714285,0.091683574
56.0,0.7142857142857142,0.9285714285714285,0.07154507
56.0,0.7857142857142857,0.9285714285714285,0.0488457
56.0,0.8571428571428571,0.9285714285714285,0.025178168
56.0,0.9285714285714285,0.9285714285714285,0.00074935984
56.0,1.0,0.9285714285714285,-0.024938934
56.0,0.0,1.0,-0.015263878
56.0,0.07142857142857142,1.0,-0.01581407
56.0,0.14285714285714285,1.0,-0.016202195
56.0,0.21428571428571427,1.0,-0.013817989
56.0,0.2857142857142857,1.0,-0.008250257
56.0,0.3571428571428571,1.0,-0.0014398796
56.0,0.42857142857142855,1.0,0.0040004943
56.0,0.5,1.0,0.0064083748
56.0,0.5714285714285714,1.0,0.005477313
56.0,0.6428571428571428,1.0,0.0019174181
56.0,0.7142857142857142,1.0,-0.0032043085
56.0,0.7857142857142857,1.0,-0.009177819
56.0,0.8571428571428571,1.0,-0.016073294
56.0,0.9285714285714285,1.0,-0.024679614
56.0,1.0,1.0,-0.036094338
57.0,0.0,0.0,-0.027905375
57.0,0.07142857142857142,0.0,-0.021491311
57.0,0.14285714285714285,0.0,-0.017383814
57.0,0.21428571428571427,0.0,-0.014029846
57.0,0.2857142857142857,0.0,-0.0098351315
57.0,0.3571428571428571,0.0,-0.004463941
57.0,0.42857142857142855,0.0,0.00032410026
57.0,0.5,0.0,0.0019427463
57.0,0.5714285714285714,0.0,-0.0005819127
57.0,0.6428571428571428,0.0,-0.0054882094
57.0,0.7142857142857142,0.0,-0.009406269
57.0,0.7857142857142857,0.0,-0.0100118555
57.0,0.8571428571428571,0.0,-0.008273559
57.0,0.9285714285714285,0.0,-0.008130775
57.0,1.0,0.0,-0.01386863
57.0,0.0,0.07142857142857142,-0.021740593
57.0,0.07142857142857142,0.07142857142857142,0.0023574308
57.0,0.14285714285714285,0.07142857142857142,0.025321819
57.0,0.21428571428571427,0.07142857142857142,0.04768277
57.0,0.2857142857142857,0.07142857142857142,0.069682755
57.0,0.3571428571428571,0.07142857142857142,0.08989032
57.0,0.42857142857142855,0.07142857142857142,0.10443974
57.0,0.5,0.07142857142857142,0.10898135
57.0,0.5714285714285714,0.07142857142857142,0.10203841
57.0,0.6428571428571428,0.07142857142857142,0.08642801
57.0,0.7142857142857142,0.07142857142857142,0.067453705
57.0,0.7857142857142857,0.07142857142857142,0.049039982
57.0,0.8571428571428571,0.07142857142857142,0.031072736
57.0,0.9285714285714285,0.07142857142857142,0.010603983
57.0,1.0,0.07142857142857142,-0.014934532
57.0,0.0,0.14285714285714285,-0.01966165
57.0,0.07142857142857142,0.14285714285714285,0.02324073
57.0,0.14285714285714285,0.14285714285714285,0.06673547
57.0,0.21428571428571427,0.14285714285714285,0.110264346
57.0,0.2857142857142857,0.14285714285714285,0.15253827
57.0,0.3571428571428571,0.14285714285714285,0.19005102
57.0,0.42857142857142855,0.14285714285714285,0.21642274
57.0,0.5,0.14285714285714285,0.22512728
57.0,0.5714285714285714,0.14285714285714285,0.2139073
57.0,0.6428571428571428,0.14285714285714285,0.1865873
57.0,0.7142857142857142,0.14285714285714285,0.15053532
57.0,0.7857142857142857,0.14285714285714285,0.11153495
57.0,0.8571428571428571,0.14285714285714285,0.07097552
57.0,0.9285714285714285,0.14285714285714285,0.027870495
57.0,1.0,0.14285714285714285,-0.018053789
57.0,0.0,0.21428571428571427,-0.018449858
57.0,0.07142857142857142,0.21428571428571427,0.04370162
57.0,0.14285714285714285,0.21428571428571427,0.10841263
57.0,0.21428571428571427,0.21428571428571427,0.1739653
57.0,0.2857142857142857,0.21428571428571427,0.23745352
57.0,0.3571428571428571,0.21428571428571427,0.29322103
57.0,0.42857142857142855,0.21428571428571427,0.33231354
57.0,0.5,0.21428571428571427,0.3459061
57.0,0.5714285714285714,0.21428571428571427,0.33074445
57.0,0.6428571428571428,0.21428571428571427,0.29146677
57.0,0.7142857142857142,0.21428571428571427,0.23741165
57.0,0.7857142857142857,0.21428571428571427,0.17644688
57.0,0.8571428571428571,0.21428571428571427,0.1122046
57.0,0.9285714285714285,0.21428571428571427,0.04638541
57.0,1.0,0.21428571428571427,-0.01894046
57.0,0.0,0.2857142857142857,-0.015527017
57.0,0.07142857142857142,0.2857142857142857,0.06523102
57.0,0.14285714285714285,0.2857142857142857,0.1504271
57.0,0.21428571428571427,0.2857142857142857,0.23709399
57.0,0.2857142857142857,0.2857142857142857,0.32071948
57.0,0.3571428571428571,0.2857142857142857,0.3936968
57.0,0.42857142857142855,0.2857142857142857,0.4448136
57.0,0.5,0.2857142857142857,0.46313006
57.0,0.5714285714285714,0.2857142857142857,0.44433415
57.0,0.6428571428571428,0.2857142857142857,0.39366597
57.0,0.7142857142857142,0.2857142857142857,0.3222349
57.0,0.7857142857142857,0.2857142857142857,0.24012291
57.0,0.8571428571428571,0.2857142857142857,0.15365571
57.0,0.9285714285714285,0.2857142857142857,0.067316
57.0,1.0,0.2857142857142857,-0.014906811
57.0,0.0,0.3571428571428571,-0.010637552
57.0,0.07142857142857142,0.3571428571428571,0.086221844
57.0,0.14285714285714285,0.3571428571428571,0.1891172
57.0,0.21428571428571427,0.3571428571428571,0.29382694
57.0,0.2857142857142857,0.3571428571428571,0.3943972
57.0,0.3571428571428571,0.3571428571428571,0.48165125
57.0,0.42857142857142855,0.3571428571428571,0.54258263
57.0,0.5,0.3571428571428571,0.564485
57.0,0.5714285714285714,0.3571428571428571,0.54220814
57.0,0.6428571428571428,0.3571428571428571,0.48163155
57.0,0.7142857142857142,0.3571428571428571,0.39544028
57.0,0.7857142857142857,0.3571428571428571,0.29574317
57.0,0.8571428571428571,0.3571428571428571,0.19130388
57.0,0.9285714285714285,0.3571428571428571,0.08882065
57.0,1.0,0.3571428571428571,-0.0063785594
57.0,0.0,0.42857142857142855,-0.0063448697
57.0,0.07142857142857142,0.42857142857142855,0.10144493
57.0,0.14285714285714285,0.42857142857142855,0.21648487
57.0,0.21428571428571427,0.42857142857142855,0.3336419
57.0,0.2857142857142857,0.42857142857142855,0.44595867
57.0,0.3571428571428571,0.42857142857142855,0.54313874
57.0,0.42857142857142855,0.42857142857142855,0.61071235
57.0,0.5,0.42857142857142855,0.6345736
57.0,0.5714285714285714,0.42857142857142855,0.6092642
57.0,0.6428571428571428,0.42857142857142855,0.5415818
57.0,0.7142857142857142,0.42857142857142855,0.4454706
57.0,0.7857142857142857,0.42857142857142855,0.33436245
57.0,0.8571428571428571,0.42857142857142855,0.21854442
57.0,0.9285714285714285,0.42857142857142855,0.10608007
57.0,1.0,0.42857142857142855,0.003118366
57.0,0.0,0.5,-0.0049308687
57.0,0.07142857142857142,0.5,0.10630774
57.0,0.14285714285714285,0.5,0.22523907
57.0,0.21428571428571427,0.5,0.3465358
57.0,0.2857142857142857,0.5,0.46312004
57.0,0.3571428571428571,0.5,0.5643514
57.0,0.42857142857142855,0.5,0.63476944
57.0,0.5,0.5,0.65929264
57.0,0.5714285714285714,0.5,0.63259846
57.0,0.6428571428571428,0.5,0.562323
57.0,0.7142857142857142,0.5,0.462925
57.0,0.7857142857142857,0.5,0.34815466
57.0,0.8571428571428571,0.5,0.2288433
57.0,0.9285714285714285,0.5,0.113651894
57.0,1.0,0.5,0.009072162
57.0,0.0,0.5714285714285714,-0.0053222254
57.0,0.07142857142857142,0.5714285714285714,0.10156307
57.0,0.14285714285714285,0.5714285714285714,0.2153548
57.0,0.21428571428571427,0.5714285714285714,0.33113688
57.0,0.2857142857142857,0.5714285714285714,0.44270235
57.0,0.3571428571428571,0.5714285714285714,0.5403882
57.0,0.42857142857142855,0.5714285714285714,0.60902876
57.0,0.5,0.5714285714285714,0.6333171
57.0,0.5714285714285714,0.5714285714285714,0.60794646
57.0,0.6428571428571428,0.5714285714285714,0.54046255
57.0,0.7142857142857142,0.5714285714285714,0.44475833
57.0,0.7857142857142857,0.5714285714285714,0.33411524
57.0,0.8571428571428571,0.5714285714285714,0.21924648
57.0,0.9285714285714285,0.5714285714285714,0.10873377
57.0,1.0,0.5714285714285714,0.008823888
57.0,0.0,0.6428571428571428,-0.005182095
57.0,0.07142857142857142,0.6428571428571428,0.09074292
57.0,0.14285714285714285,0.6428571428571428,0.19174215
57.0,0.21428571428571427,0.6428571428571428,0.29371
57.0,0.2857142857142857,0.6428571428571428,0.3919121
57.0,0.3571428571428571,0.6428571428571428,0.47870862
57.0,0.42857142857142855,0.6428571428571428,0.54074854
57.0,0.5,0.6428571428571428,0.56360155
57.0,0.5714285714285714,0.6428571428571428,0.54171324
57.0,0.6428571428571428,0.6428571428571428,0.48142993
57.0,0.7142857142857142,0.6428571428571428,0.39522523
57.0,0.7857142857142857,0.6428571428571428,0.29542732
57.0,0.8571428571428571,0.6428571428571428,0.19204521
57.0,0.9285714285714285,0.6428571428571428,0.09280027
57.0,1.0,0.6428571428571428,0.0030254554
57.0,0.0,0.7142857142857142,-0.0038674548
57.0,0.07142857142857142,0.7142857142857142,0.07581627
57.0,0.14285714285714285,0.7142857142857142,0.15832433
57.0,0.21428571428571427,0.7142857142857142,0.24089
57.0,0.2857142857142857,0.7142857142857142,0.32056856
57.0,0.3571428571428571,0.7142857142857142,0.3918165
57.0,0.42857142857142855,0.7142857142857142,0.44363013
57.0,0.5,0.7142857142857142,0.4634547
57.0,0.5714285714285714,0.7142857142857142,0.44585693
57.0,0.6428571428571428,0.7142857142857142,0.39561325
57.0,0.7142857142857142,0.7142857142857142,0.3233011
57.0,0.7857142857142857,0.7142857142857142,0.23974681
57.0,0.8571428571428571,0.7142857142857142,0.15348953
57.0,0.9285714285714285,0.7142857142857142,0.07058625
57.0,1.0,0.7142857142857142,-0.005082473
57.0,0.0,0.7857142857142857,-0.0023437068
57.0,0.07142857142857142,0.7857142857142857,0.05744037
57.0,0.14285714285714285,0.7857142857142857,0.118115865
57.0,0.21428571428571427,0.7857142857142857,0.17875922
57.0,0.2857142857142857,0.7857142857142857,0.23811734
57.0,0.3571428571428571,0.7857142857142857,0.29201496
57.0,0.42857142857142855,0.7857142857142857,0.33152866
57.0,0.5,0.7857142857142857,0.34674588
57.0,0.5714285714285714,0.7857142857142857,0.333309
57.0,0.6428571428571428,0.7857142857142857,0.29475954
57.0,0.7142857142857142,0.7857142857142857,0.23941916
57.0,0.7857142857142857,0.7857142857142857,0.1758588
57.0,0.8571428571428571,0.7857142857142857,0.11040678
57.0,0.9285714285714285,0.7857142857142857,0.046968002
57.0,1.0,0.7857142857142857,-0.012262472
57.0,0.0,0.8571428571428571,-0.0022960305
57.0,0.07142857142857142,0.8571428571428571,0.036184944
57.0,0.14285714285714285,0.8571428571428571,0.07452712
57.0,0.21428571428571427,0.8571428571428571,0.11364185
57.0,0.2857142857142857,0.8571428571428571,0.15332538
57.0,0.3571428571428571,0.8571428571428571,0.1900047
57.0,0.42857142857142855,0.8571428571428571,0.2166639
57.0,0.5,0.8571428571428571,0.22647095
57.0,0.5714285714285714,0.8571428571428571,0.21683463
57.0,0.6428571428571428,0.8571428571428571,0.19047144
57.0,0.7142857142857142,0.8571428571428571,0.15321106
57.0,0.7857142857142857,0.8571428571428571,0.11081805
57.0,0.8571428571428571,0.8571428571428571,0.067115
57.0,0.9285714285714285,0.8571428571428571,0.023918044
57.0,1.0,0.8571428571428571,-0.018128164
57.0,0.0,0.9285714285714285,-0.0060735643
57.0,0.07142857142857142,0.9285714285714285,0.011936657
57.0,0.14285714285714285,0.9285714285714285,0.02971118
57.0,0.21428571428571427,0.9285714285714285,0.049354702
57.0,0.2857142857142857,0.9285714285714285,0.07103348
57.0,0.3571428571428571,0.9285714285714285,0.091727376
57.0,0.42857142857142855,0.9285714285714285,0.10656598
57.0,0.5,0.9285714285714285,0.11167767
57.0,0.5714285714285714,0.9285714285714285,0.10604048
57.0,0.6428571428571428,0.9285714285714285,0.09150639
57.0,0.7142857142857142,0.9285714285714285,0.07138955
57.0,0.7857142857142857,0.9285714285714285,0.048674334
57.0,0.8571428571428571,0.9285714285714285,0.024957601
57.0,0.9285714285714285,0.9285714285714285,0.00047335215
57.0,1.0,0.9285714285714285,-0.02523703
57.0,0.0,1.0,-0.01665812
57.0,0.07142857142857142,1.0,-0.01684773
57.0,0.14285714285714285,1.0,-0.01684096
57.0,0.21428571428571427,1.0,-0.014123291
57.0,0.2857142857142857,1.0,-0.008337445
57.0,0.3571428571428571,1.0,-0.0014219433
57.0,0.42857142857142855,1.0,0.0040484276
57.0,0.5,1.0,0.00644606
57.0,0.5714285714285714,1.0,0.005484313
57.0,0.6428571428571428,1.0,0.0018810052
57.0,0.7142857142857142,1.0,-0.0032961704
57.0,0.7857142857142857,1.0,-0.009334696
57.0,0.8571428571428571,1.0,-0.016295575
57.0,0.9285714285714285,1.0,-0.024951672
57.0,1.0,1.0,-0.036373995
58.0,0.0,0.0,-0.029001266
58.0,0.07142857142857142,0.0,-0.022304721
58.0,0.14285714285714285,0.0,-0.017855585
58.0,0.21428571428571427,0.0,-0.014157787
58.0,0.2857142857142857,0.0,-0.009695873
58.0,0.3571428571428571,0.0,-0.004195027
58.0,0.42857142857142855,0.0,0.0005992204
58.0,0.5,0.0,0.0021792874
58.0,0.5714285714285714,0.0,-0.0003754124
58.0,0.6428571428571428,0.0,-0.005317632
58.0,0.7142857142857142,0.0,-0.009336207
58.0,0.7857142857142857,0.0,-0.010150984
58.0,0.8571428571428571,0.0,-0.008699043
58.0,0.9285714285714285,0.0,-0.008826699
58.0,1.0,0.0,-0.014735959
58.0,0.0,0.07142857142857142,-0.02266433
58.0,0.07142857142857142,0.07142857142857142,0.0016444102
58.0,0.14285714285714285,0.07142857142857142,0.024850063
58.0,0.21428571428571427,0.07142857142857142,0.0474303
58.0,0.2857142857142857,0.07142857142857142,0.06956562
58.0,0.3571428571428571,0.07142857142857142,0.089784645
58.0,0.42857142857142855,0.07142857142857142,0.10426342
58.0,0.5,0.07142857142857142,0.10875573
58.0,0.5714285714285714,0.07142857142857142,0.10184505
58.0,0.6428571428571428,0.07142857142857142,0.08631364
58.0,0.7142857142857142,0.07142857142857142,0.06736482
58.0,0.7857142857142857,0.07142857142857142,0.04884545
58.0,0.8571428571428571,0.07142857142857142,0.03066723
58.0,0.9285714285714285,0.07142857142857142,0.009975024
58.0,1.0,0.07142857142857142,-0.015721189
58.0,0.0,0.14285714285714285,-0.020320036
58.0,0.07142857142857142,0.14285714285714285,0.022728272
58.0,0.14285714285714285,0.14285714285714285,0.06637503
58.0,0.21428571428571427,0.14285714285714285,0.11001463
58.0,0.2857142857142857,0.14285714285714285,0.15230903
58.0,0.3571428571428571,0.14285714285714285,0.18972778
58.0,0.42857142857142855,0.14285714285714285,0.21595603
58.0,0.5,0.14285714285714285,0.22459635
58.0,0.5714285714285714,0.14285714285714285,0.21346211
58.0,0.6428571428571428,0.14285714285714285,0.18632865
58.0,0.7142857142857142,0.14285714285714285,0.15041918
58.0,0.7857142857142857,0.14285714285714285,0.11141152
58.0,0.8571428571428571,0.14285714285714285,0.07071589
58.0,0.9285714285714285,0.14285714285714285,0.027433071
58.0,1.0,0.14285714285714285,-0.018634047
58.0,0.0,0.21428571428571427,-0.018819638
58.0,0.07142857142857142,0.21428571428571427,0.043405786
58.0,0.14285714285714285,0.21428571428571427,0.10818555
58.0,0.21428571428571427,0.21428571428571427,0.17375791
58.0,0.2857142857142857,0.21428571428571427,0.2371735
58.0,0.3571428571428571,0.21428571428571427,0.29275814
58.0,0.42857142857142855,0.21428571428571427,0.3316378
58.0,0.5,0.21428571428571427,0.34513742
58.0,0.5714285714285714,0.21428571428571427,0.3300966
58.0,0.6428571428571428,0.21428571428571427,0.29109192
58.0,0.7142857142857142,0.21428571428571427,0.23728207
58.0,0.7857142857142857,0.21428571428571427,0.17640135
58.0,0.8571428571428571,0.21428571428571427,0.1120993
58.0,0.9285714285714285,0.21428571428571427,0.046154834
58.0,1.0,0.21428571428571427,-0.0192829
58.0,0.0,0.2857142857142857,-0.015672475
58.0,0.07142857142857142,0.2857142857142857,0.06506232
58.0,0.14285714285714285,0.2857142857142857,0.15023682
58.0,0.21428571428571427,0.2857142857142857,0.2368406
58.0,0.2857142857142857,0.2857142857142857,0.32031685
58.0,0.3571428571428571,0.2857142857142857,0.39303526
58.0,0.42857142857142855,0.2857142857142857,0.4438651
58.0,0.5,0.2857142857142857,0.46204403
58.0,0.5714285714285714,0.2857142857142857,0.44338498
58.0,0.6428571428571428,0.2857142857142857,0.3930646
58.0,0.7142857142857142,0.2857142857142857,0.3219738
58.0,0.7857142857142857,0.2857142857142857,0.2400412
58.0,0.8571428571428571,0.2857142857142857,0.15359777
58.0,0.9285714285714285,0.2857142857142857,0.0671982
58.0,1.0,0.2857142857142857,-0.015074575
58.0,0.0,0.3571428571428571,-0.0106842
58.0,0.07142857142857142,0.3571428571428571,0.08602587
58.0,0.14285714285714285,0.3571428571428571,0.18879455
58.0,0.21428571428571427,0.3571428571428571,0.29335776
58.0,0.2857142857142857,0.3571428571428571,0.39370495
58.0,0.3571428571428571,0.3571428571428571,0.4806212
58.0,0.42857142857142855,0.3571428571428571,0.5411826
58.0,0.5,0.3571428571428571,0.56289667
58.0,0.5714285714285714,0.3571428571428571,0.54077613
58.0,0.6428571428571428,0.3571428571428571,0.4806258
58.0,0.7142857142857142,0.3571428571428571,0.39487463
58.0,0.7857142857142857,0.3571428571428571,0.29545626
58.0,0.8571428571428571,0.3571428571428571,0.19112906
58.0,0.9285714285714285,0.3571428571428571,0.08866841
58.0,1.0,0.3571428571428571,-0.0064880587
58.0,0.0,0.42857142857142855,-0.006378658
58.0,0.07142857142857142,0.42857142857142855,0.10114949
58.0,0.14285714285714285,0.42857142857142855,0.21596816
58.0,0.21428571428571427,0.42857142857142855,0.3328991
58.0,0.2857142857142857,0.42857142857142855,0.44491354
58.0,0.3571428571428571,0.42857142857142855,0.5416632
58.0,0.42857142857142855,0.42857142857142855,0.6087786
58.0,0.5,0.42857142857142855,0.6324157
58.0,0.5714285714285714,0.42857142857142855,0.60730237
58.0,0.6428571428571428,0.42857142857142855,0.5401268
58.0,0.7142857142857142,0.42857142857142855,0.44453874
58.0,0.7857142857142857,0.42857142857142855,0.3337867
58.0,0.8571428571428571,0.42857142857142855,0.21815649
58.0,0.9285714285714285,0.42857142857142855,0.10579853
58.0,1.0,0.42857142857142855,0.0029776823
58.0,0.0,0.5,-0.004926011
58.0,0.07142857142857142,0.5,0.10601873
58.0,0.14285714285714285,0.5,0.22469813
58.0,0.21428571428571427,0.5,0.3457306
58.0,0.2857142857142857,0.5,0.4619563
58.0,0.3571428571428571,0.5,0.5626787
58.0,0.42857142857142855,0.5,0.6325678
58.0,0.5,0.5,0.65685207
58.0,0.5714285714285714,0.5,0.63038844
58.0,0.6428571428571428,0.5,0.5606521
58.0,0.7142857142857142,0.5,0.46179295
58.0,0.7857142857142857,0.5,0.34739745
58.0,0.8571428571428571,0.5,0.22831145
58.0,0.9285714285714285,0.5,0.113283284
58.0,1.0,0.5,0.008906189
58.0,0.0,0.5714285714285714,-0.005235769
58.0,0.07142857142857142,0.5714285714285714,0.10141418
58.0,0.14285714285714285,0.5714285714285714,0.21499911
58.0,0.21428571428571427,0.5714285714285714,0.3305475
58.0,0.2857142857142857,0.5714285714285714,0.4417718
58.0,0.3571428571428571,0.5714285714285714,0.5389512
58.0,0.42857142857142855,0.5714285714285714,0.60705924
58.0,0.5,0.5714285714285714,0.63111055
58.0,0.5714285714285714,0.5714285714285714,0.60595495
58.0,0.6428571428571428,0.5714285714285714,0.538955
58.0,0.7142857142857142,0.5714285714285714,0.44372368
58.0,0.7857142857142857,0.5714285714285714,0.33341557
58.0,0.8571428571428571,0.5714285714285714,0.21876416
58.0,0.9285714285714285,0.5714285714285714,0.10842133
58.0,1.0,0.5714285714285714,0.008711288
58.0,0.0,0.6428571428571428,-0.0050699785
58.0,0.07142857142857142,0.6428571428571428,0.09072328
58.0,0.14285714285714285,0.6428571428571428,0.19160268
58.0,0.21428571428571427,0.6428571428571428,0.2934096
58.0,0.2857142857142857,0.6428571428571428,0.3913479
58.0,0.3571428571428571,0.6428571428571428,0.47772568
58.0,0.42857142857142855,0.6428571428571428,0.53930676
58.0,0.5,0.6428571428571428,0.5619457
58.0,0.5714285714285714,0.6428571428571428,0.54022
58.0,0.6428571428571428,0.6428571428571428,0.48031968
58.0,0.7142857142857142,0.6428571428571428,0.39449185
58.0,0.7857142857142857,0.6428571428571428,0.2949652
58.0,0.8571428571428571,0.6428571428571428,0.19176105
58.0,0.9285714285714285,0.6428571428571428,0.09264705
58.0,1.0,0.6428571428571428,0.0030165315
58.0,0.0,0.7142857142857142,-0.0038803965
58.0,0.07142857142857142,0.7142857142857142,0.07579172
58.0,0.14285714285714285,0.7142857142857142,0.15829065
58.0,0.21428571428571427,0.7142857142857142,0.24079567
58.0,0.2857142857142857,0.7142857142857142,0.32031006
58.0,0.3571428571428571,0.7142857142857142,0.39124945
58.0,0.42857142857142855,0.7142857142857142,0.44270608
58.0,0.5,0.7142857142857142,0.4623537
58.0,0.5714285714285714,0.7142857142857142,0.44486678
58.0,0.6428571428571428,0.7142857142857142,0.39490604
58.0,0.7142857142857142,0.7142857142857142,0.32287693
58.0,0.7857142857142857,0.7142857142857142,0.23952201
58.0,0.8571428571428571,0.7142857142857142,0.15338099
58.0,0.9285714285714285,0.7142857142857142,0.07054572
58.0,1.0,0.7142857142857142,-0.005051231
58.0,0.0,0.7857142857142857,-0.0026530325
58.0,0.07142857142857142,0.7857142857142857,0.057240315
58.0,0.14285714285714285,0.7857142857142857,0.11803355
58.0,0.21428571428571427,0.7857142857142857,0.17873353
58.0,0.2857142857142857,0.7857142857142857,0.23802611
58.0,0.3571428571428571,0.7857142857142857,0.29171494
58.0,0.42857142857142855,0.7857142857142857,0.33097336
58.0,0.5,0.7857142857142857,0.34606275
58.0,0.5714285714285714,0.7857142857142857,0.33269912
58.0,0.6428571428571428,0.7857142857142857,0.29434332
58.0,0.7142857142857142,0.7857142857142857,0.23919168
58.0,0.7857142857142857,0.7857142857142857,0.175746
58.0,0.8571428571428571,0.7857142857142857,0.110334165
58.0,0.9285714285714285,0.7857142857142857,0.046894677
58.0,1.0,0.7857142857142857,-0.012325009
58.0,0.0,0.8571428571428571,-0.0030204877
58.0,0.07142857142857142,0.8571428571428571,0.035676934
58.0,0.14285714285714285,0.8571428571428571,0.07425613
58.0,0.21428571428571427,0.8571428571428571,0.1135347
58.0,0.2857142857142857,0.8571428571428571,0.15324238
58.0,0.3571428571428571,0.8571428571428571,0.18980843
58.0,0.42857142857142855,0.8571428571428571,0.21631536
58.0,0.5,0.8571428571428571,0.22605014
58.0,0.5714285714285714,0.8571428571428571,0.21646264
58.0,0.6428571428571428,0.8571428571428571,0.19021416
58.0,0.7142857142857142,0.8571428571428571,0.15305308
58.0,0.7857142857142857,0.8571428571428571,0.11069713
58.0,0.8571428571428571,0.8571428571428571,0.066971116
58.0,0.9285714285714285,0.8571428571428571,0.023725111
58.0,1.0,0.8571428571428571,-0.018346641
58.0,0.0,0.9285714285714285,-0.0072156414
58.0,0.07142857142857142,0.9285714285714285,0.011096559
58.0,0.14285714285714285,0.9285714285714285,0.029201053
58.0,0.21428571428571427,0.9285714285714285,0.049100265
58.0,0.2857142857142857,0.9285714285714285,0.070897594
58.0,0.3571428571428571,0.9285714285714285,0.09158811
58.0,0.42857142857142855,0.9285714285714285,0.10637705
58.0,0.5,0.9285714285714285,0.11146222
58.0,0.5714285714285714,0.9285714285714285,0.10584223
58.0,0.6428571428571428,0.9285714285714285,0.091343746
58.0,0.7142857142857142,0.9285714285714285,0.07124404
58.0,0.7857142857142857,0.9285714285714285,0.048507366
58.0,0.8571428571428571,0.9285714285714285,0.024736024
58.0,0.9285714285714285,0.9285714285714285,0.00019004196
58.0,1.0,0.9285714285714285,-0.025551887
58.0,0.0,1.0,-0.018082563
58.0,0.07142857142857142,1.0,-0.017902587
58.0,0.14285714285714285,1.0,-0.017496608
58.0,0.21428571428571427,1.0,-0.014442212
58.0,0.2857142857142857,1.0,-0.008435338
58.0,0.3571428571428571,1.0,-0.0014097495
58.0,0.42857142857142855,1.0,0.0040947143
58.0,0.5,1.0,0.0064853095
58.0,0.5714285714285714,1.0,0.005493831
58.0,0.6428571428571428,1.0,0.0018451344
58.0,0.7142857142857142,1.0,-0.0033906605
58.0,0.7857142857142857,1.0,-0.00949947
58.0,0.8571428571428571,1.0,-0.016531866
58.0,0.9285714285714285,1.0,-0.02524421
58.0,1.0,1.0,-0.036683735
59.0,0.0,0.0,-0.030132756
59.0,0.07142857142857142,0.0,-0.02314283
59.0,0.14285714285714285,0.0,-0.01834657
59.0,0.21428571428571427,0.0,-0.014303803
59.0,0.2857142857142857,0.0,-0.009574071
59.0,0.3571428571428571,0.0,-0.003941722
59.0,0.42857142857142855,0.0,0.000864394
59.0,0.5,0.0,0.002409704
59.0,0.5714285714285714,0.0,-0.00017314404
59.0,0.6428571428571428,0.0,-0.0051494874
59.0,0.7142857142857142,0.0,-0.009266131
59.0,0.7857142857142857,0.0,-0.010287501
59.0,0.8571428571428571,0.0,-0.009124868
59.0,0.9285714285714285,0.0,-0.009536836
59.0,1.0,0.0,-0.015640182
59.0,0.0,0.07142857142857142,-0.02361352
59.0,0.07142857142857142,0.07142857142857142,0.0009171739
59.0,0.14285714285714285,0.07142857142857142,0.024369188
59.0,0.21428571428571427,0.07142857142857142,0.04717181
59.0,0.2857142857142857,0.07142857142857142,0.06944516
59.0,0.3571428571428571,0.07142857142857142,0.08968014
59.0,0.42857142857142855,0.07142857142857142,0.10409547
59.0,0.5,0.07142857142857142,0.10854256
59.0,0.5714285714285714,0.07142857142857142,0.10166471
59.0,0.6428571428571428,0.07142857142857142,0.08621223
59.0,0.7142857142857142,0.07142857142857142,0.06728977
59.0,0.7857142857142857,0.07142857142857142,0.04866677
59.0,0.8571428571428571,0.07142857142857142,0.030274086
59.0,0.9285714285714285,0.07142857142857142,0.009346174
59.0,1.0,0.07142857142857142,-0.016526278
59.0,0.0,0.14285714285714285,-0.020996027
59.0,0.07142857142857142,0.14285714285714285,0.022207394
59.0,0.14285714285714285,0.14285714285714285,0.06601067
59.0,0.21428571428571427,0.14285714285714285,0.10976398
59.0,0.2857142857142857,0.14285714285714285,0.1520814
59.0,0.3571428571428571,0.14285714285714285,0.18941098
59.0,0.42857142857142855,0.14285714285714285,0.21550298
59.0,0.5,0.14285714285714285,0.22408178
59.0,0.5714285714285714,0.14285714285714285,0.21303412
59.0,0.6428571428571428,0.14285714285714285,0.18608525
59.0,0.7142857142857142,0.14285714285714285,0.15031916
59.0,0.7857142857142857,0.14285714285714285,0.11130523
59.0,0.8571428571428571,0.14285714285714285,0.070470475
59.0,0.9285714285714285,0.14285714285714285,0.027002737
59.0,1.0,0.14285714285714285,-0.019220628
59.0,0.0,0.21428571428571427,-0.019201636
59.0,0.07142857142857142,0.21428571428571427,0.043105163
59.0,0.14285714285714285,0.21428571428571427,0.107955925
59.0,0.21428571428571427,0.21428571428571427,0.17354852
59.0,0.2857142857142857,0.21428571428571427,0.23689151
59.0,0.3571428571428571,0.21428571428571427,0.29229754
59.0,0.42857142857142855,0.21428571428571427,0.33096918
59.0,0.5,0.21428571428571427,0.34437904
59.0,0.5714285714285714,0.21428571428571427,0.3294586
59.0,0.6428571428571428,0.21428571428571427,0.2907258
59.0,0.7142857142857142,0.21428571428571427,0.23716027
59.0,0.7857142857142857,0.21428571428571427,0.17636538
59.0,0.8571428571428571,0.21428571428571427,0.11200403
59.0,0.9285714285714285,0.21428571428571427,0.04593198
59.0,1.0,0.21428571428571427,-0.019625045
59.0,0.0,0.2857142857142857,-0.015828118
59.0,0.07142857142857142,0.2857142857142857,0.064891055
59.0,0.14285714285714285,0.2857142857142857,0.15004411
59.0,0.21428571428571427,0.2857142857142857,0.23658249
59.0,0.2857142857142857,0.2857142857142857,0.31990656
59.0,0.3571428571428571,0.2857142857142857,0.39236587
59.0,0.42857142857142855,0.2857142857142857,0.44291264
59.0,0.5,0.2857142857142857,0.4609575
59.0,0.5714285714285714,0.2857142857142857,0.44243607
59.0,0.6428571428571428,0.2857142857142857,0.39246032
59.0,0.7142857142857142,0.2857142857142857,0.32170972
59.0,0.7857142857142857,0.2857142857142857,0.23995882
59.0,0.8571428571428571,0.2857142857142857,0.15354341
59.0,0.9285714285714285,0.2857142857142857,0.06708738
59.0,1.0,0.2857142857142857,-0.015237803
59.0,0.0,0.3571428571428571,-0.010739282
59.0,0.07142857142857142,0.3571428571428571,0.08583237
59.0,0.14285714285714285,0.3571428571428571,0.18847445
59.0,0.21428571428571427,0.3571428571428571,0.29288623
59.0,0.2857142857142857,0.3571428571428571,0.393004
59.0,0.3571428571428571,0.3571428571428571,0.47958
59.0,0.42857142857142855,0.3571428571428571,0.53977525
59.0,0.5,0.3571428571428571,0.56130606
59.0,0.5714285714285714,0.3571428571428571,0.5393416
59.0,0.6428571428571428,0.3571428571428571,0.4796129
59.0,0.7142857142857142,0.3571428571428571,0.39429942
59.0,0.7857142857142857,0.3571428571428571,0.29516333
59.0,0.8571428571428571,0.3571428571428571,0.19095585
59.0,0.9285714285714285,0.3571428571428571,0.08852479
59.0,1.0,0.3571428571428571,-0.006590303
59.0,0.0,0.42857142857142855,-0.006416209
59.0,0.07142857142857142,0.42857142857142855,0.100864775
59.0,0.14285714285714285,0.42857142857142855,0.21546435
59.0,0.21428571428571427,0.42857142857142855,0.33216327
59.0,0.2857142857142857,0.42857142857142855,0.44386697
59.0,0.3571428571428571,0.42857142857142855,0.5401837
59.0,0.42857142857142855,0.42857142857142855,0.6068459
59.0,0.5,0.42857142857142855,0.63026506
59.0,0.5714285714285714,0.42857142857142855,0.60534674
59.0,0.6428571428571428,0.42857142857142855,0.53866893
59.0,0.7142857142857142,0.42857142857142855,0.44359875
59.0,0.7857142857142857,0.42857142857142855,0.3332062
59.0,0.8571428571428571,0.42857142857142855,0.21777353
59.0,0.9285714285714285,0.42857142857142855,0.1055306
59.0,1.0,0.42857142857142855,0.0028480478
59.0,0.0,0.5,-0.004919514
59.0,0.07142857142857142,0.5,0.10574732
59.0,0.14285714285714285,0.5,0.22417563
59.0,0.21428571428571427,0.5,0.34493697
59.0,0.2857142857142857,0.5,0.46079552
59.0,0.3571428571428571,0.5,0.5610081
59.0,0.42857142857142855,0.5,0.63037735
59.0,0.5,0.5,0.6544305
59.0,0.5714285714285714,0.5,0.6281932
59.0,0.6428571428571428,0.5,0.55898404
59.0,0.7142857142857142,0.5,0.4606564
59.0,0.7857142857142857,0.5,0.34664002
59.0,0.8571428571428571,0.5,0.22779024
59.0,0.9285714285714285,0.5,0.11293288
59.0,1.0,0.5,0.008753635
59.0,0.0,0.5714285714285714,-0.005146019
59.0,0.07142857142857142,0.5714285714285714,0.10127998
59.0,0.14285714285714285,0.5714285714285714,0.2146571
59.0,0.21428571428571427,0.5714285714285714,0.32996362
59.0,0.2857142857142857,0.5714285714285714,0.44083887
59.0,0.3571428571428571,0.5714285714285714,0.53751314
59.0,0.42857142857142855,0.5714285714285714,0.6050983
59.0,0.5,0.5714285714285714,0.6289203
59.0,0.5714285714285714,0.5714285714285714,0.6039742
59.0,0.6428571428571428,0.5714285714285714,0.53744704
59.0,0.7142857142857142,0.5714285714285714,0.4426839
59.0,0.7857142857142857,0.5714285714285714,0.3327161
59.0,0.8571428571428571,0.5714285714285714,0.21829349
59.0,0.9285714285714285,0.5714285714285714,0.108127736
59.0,1.0,0.5714285714285714,0.008611415
59.0,0.0,0.6428571428571428,-0.0049588755
59.0,0.07142857142857142,0.6428571428571428,0.09071045
59.0,0.14285714285714285,0.6428571428571428,0.19146591
59.0,0.21428571428571427,0.6428571428571428,0.29310513
59.0,0.2857142857142857,0.6428571428571428,0.39077455
59.0,0.3571428571428571,0.6428571428571428,0.476735
59.0,0.42857142857142855,0.6428571428571428,0.5378667
59.0,0.5,0.6428571428571428,0.56029767
59.0,0.5714285714285714,0.6428571428571428,0.53873163
59.0,0.6428571428571428,0.6428571428571428,0.47920597
59.0,0.7142857142857142,0.6428571428571428,0.3937531
59.0,0.7857142857142857,0.6428571428571428,0.29450303
59.0,0.8571428571428571,0.6428571428571428,0.19148561
59.0,0.9285714285714285,0.6428571428571428,0.09250881
59.0,1.0,0.6428571428571428,0.0030166116
59.0,0.0,0.7142857142857142,-0.003899254
59.0,0.07142857142857142,0.7142857142857142,0.075765334
59.0,0.14285714285714285,0.7142857142857142,0.15825188
59.0,0.21428571428571427,0.7142857142857142,0.24069148
59.0,0.2857142857142857,0.7142857142857142,0.3200394
59.0,0.3571428571428571,0.7142857142857142,0.39067364
59.0,0.42857142857142855,0.7142857142857142,0.44178188
59.0,0.5,0.7142857142857142,0.4612589
59.0,0.5714285714285714,0.7142857142857142,0.44388136
59.0,0.6428571428571428,0.7142857142857142,0.39419985
59.0,0.7142857142857142,0.7142857142857142,0.32245317
59.0,0.7857142857142857,0.7142857142857142,0.239301
59.0,0.8571428571428571,0.7142857142857142,0.1532813
59.0,0.9285714285714285,0.7142857142857142,0.07051645
59.0,1.0,0.7142857142857142,-0.005013671
59.0,0.0,0.7857142857142857,-0.0029729605
59.0,0.07142857142857142,0.7857142857142857,0.05703342
59.0,0.14285714285714285,0.7857142857142857,0.11794377
59.0,0.21428571428571427,0.7857142857142857,0.178698
59.0,0.2857142857142857,0.7857142857142857,0.23792616
59.0,0.3571428571428571,0.7857142857142857,0.29141176
59.0,0.42857142857142855,0.7857142857142857,0.3304236
59.0,0.5,0.7857142857142857,0.34539178
59.0,0.5714285714285714,0.7857142857142857,0.3321024
59.0,0.6428571428571428,0.7857142857142857,0.29393843
59.0,0.7142857142857142,0.7857142857142857,0.23897362
59.0,0.7857142857142857,0.7857142857142857,0.17564347
59.0,0.8571428571428571,0.7857142857142857,0.110272214
59.0,0.9285714285714285,0.7857142857142857,0.046831395
59.0,1.0,0.7857142857142857,-0.012382723
59.0,0.0,0.8571428571428571,-0.003759019
59.0,0.07142857142857142,0.8571428571428571,0.03516143
59.0,0.14285714285714285,0.8571428571428571,0.07397887
59.0,0.21428571428571427,0.8571428571428571,0.11342239
59.0,0.2857142857142857,0.8571428571428571,0.15315753
59.0,0.3571428571428571,0.8571428571428571,0.18961677
59.0,0.42857142857142855,0.8571428571428571,0.21597907
59.0,0.5,0.8571428571428571,0.22564846
59.0,0.5714285714285714,0.8571428571428571,0.21611175
59.0,0.6428571428571428,0.8571428571428571,0.1899761
59.0,0.7142857142857142,0.8571428571428571,0.15291044
59.0,0.7857142857142857,0.8571428571428571,0.11058826
59.0,0.8571428571428571,0.8571428571428571,0.06683669
59.0,0.9285714285714285,0.8571428571428571,0.023537602
59.0,1.0,0.8571428571428571,-0.01856692
59.0,0.0,0.9285714285714285,-0.0083749145
59.0,0.07142857142857142,0.9285714285714285,0.01024805
59.0,0.14285714285714285,0.9285714285714285,0.028685234
59.0,0.21428571428571427,0.9285714285714285,0.04884208
59.0,0.2857142857142857,0.9285714285714285,0.070762075
59.0,0.3571428571428571,0.9285714285714285,0.09145548
59.0,0.42857142857142855,0.9285714285714285,0.1062008
59.0,0.5,0.9285714285714285,0.11126517
59.0,0.5714285714285714,0.9285714285714285,0.10566398
59.0,0.6428571428571428,0.9285714285714285,0.091198675
59.0,0.7142857142857142,0.9285714285714285,0.07111138
59.0,0.7857142857142857,0.9285714285714285,0.04834764
59.0,0.8571428571428571,0.9285714285714285,0.024516359
59.0,0.9285714285714285,0.9285714285714285,-9.799283e-05
59.0,1.0,0.9285714285714285,-0.025879513
59.0,0.0,1.0,-0.019530278
59.0,0.07142857142857142,1.0,-0.018973209
59.0,0.14285714285714285,1.0,-0.01816436
59.0,0.21428571428571427,1.0,-0.014770417
59.0,0.2857142857142857,1.0,-0.008538969
59.0,0.3571428571428571,1.0,-0.0013997098
59.0,0.42857142857142855,1.0,0.0041443035
59.0,0.5,1.0,0.0065308567
59.0,0.5714285714285714,1.0,0.0055104997
59.0,0.6428571428571428,1.0,0.0018141456
59.0,0.7142857142857142,1.0,-0.003484968
59.0,0.7857142857142857,1.0,-0.009668397
59.0,0.8571428571428571,1.0,-0.016778402
59.0,0.9285714285714285,1.0,-0.025553865
59.0,1.0,1.0,-0.037019122
60.0,0.0,0.0,-0.031293526
60.0,0.07142857142857142,0.0,-0.02400057
60.0,0.14285714285714285,0.0,-0.018852688
60.0,0.21428571428571427,0.0,-0.014464065
60.0,0.2857142857142857,0.0,-0.009466954
60.0,0.3571428571428571,0.0,-0.0037007555
60.0,0.42857142857142855,0.0,0.0011216253
60.0,0.5,0.0,0.0026370063
60.0,0.5714285714285714,0.0,2.8140843e-05
60.0,0.6428571428571428,0.0,-0.0049800575
60.0,0.7142857142857142,0.0,-0.009191994
60.0,0.7857142857142857,0.0,-0.010417391
60.0,0.8571428571428571,0.0,-0.009546492
60.0,0.9285714285714285,0.0,-0.01025412
60.0,1.0,0.0,-0.016573073
60.0,0.0,0.07142857142857142,-0.024582393
60.0,0.07142857142857142,0.07142857142857142,0.00017934293
60.0,0.14285714285714285,0.07142857142857142,0.02388312
60.0,0.21428571428571427,0.07142857142857142,0.046909727
60.0,0.2857142857142857,0.07142857142857142,0.06932382
60.0,0.3571428571428571,0.07142857142857142,0.08957939
60.0,0.42857142857142855,0.07142857142857142,0.10393719
60.0,0.5,0.07142857142857142,0.1083434
60.0,0.5714285714285714,0.07142857142857142,0.10149967
60.0,0.6428571428571428,0.07142857142857142,0.0861264
60.0,0.7142857142857142,0.07142857142857142,0.06723153
60.0,0.7857142857142857,0.07142857142857142,0.048506297
60.0,0.8571428571428571,0.07142857142857142,0.029895656
60.0,0.9285714285714285,0.07142857142857142,0.008722121
60.0,1.0,0.07142857142857142,-0.017343566
60.0,0.0,0.14285714285714285,-0.021685094
60.0,0.07142857142857142,0.14285714285714285,0.02168183
60.0,0.14285714285714285,0.14285714285714285,0.0656455
60.0,0.21428571428571427,0.14285714285714285,0.10951402
60.0,0.2857142857142857,0.14285714285714285,0.15185663
60.0,0.3571428571428571,0.14285714285714285,0.18910244
60.0,0.42857142857142855,0.14285714285714285,0.21506363
60.0,0.5,0.14285714285714285,0.22358516
60.0,0.5714285714285714,0.14285714285714285,0.21262401
60.0,0.6428571428571428,0.14285714285714285,0.1858586
60.0,0.7142857142857142,0.14285714285714285,0.15023595
60.0,0.7857142857142857,0.14285714285714285,0.11121694
60.0,0.8571428571428571,0.14285714285714285,0.07024146
60.0,0.9285714285714285,0.14285714285714285,0.026581697
60.0,1.0,0.14285714285714285,-0.019809203
60.0,0.0,0.21428571428571427,-0.019592904
60.0,0.07142857142857142,0.21428571428571427,0.04280234
60.0,0.14285714285714285,0.21428571428571427,0.10772571
60.0,0.21428571428571427,0.21428571428571427,0.17333809
60.0,0.2857142857142857,0.21428571428571427,0.23660967
60.0,0.3571428571428571,0.21428571428571427,0.2918396
60.0,0.42857142857142855,0.21428571428571427,0.33030808
60.0,0.5,0.21428571428571427,0.3436311
60.0,0.5714285714285714,0.21428571428571427,0.32883102
60.0,0.6428571428571428,0.21428571428571427,0.290368
60.0,0.7142857142857142,0.21428571428571427,0.23704663
60.0,0.7857142857142857,0.21428571428571427,0.17633957
60.0,0.8571428571428571,0.21428571428571427,0.111919716
60.0,0.9285714285714285,0.21428571428571427,0.045718748
60.0,1.0,0.21428571428571427,-0.019961936
60.0,0.0,0.2857142857142857,-0.015990011
60.0,0.07142857142857142,0.2857142857142857,0.064719744
60.0,0.14285714285714285,0.2857142857142857,0.14985144
60.0,0.21428571428571427,0.2857142857142857,0.2363204
60.0,0.2857142857142857,0.2857142857142857,0.3194892
60.0,0.3571428571428571,0.2857142857142857,0.39169034
60.0,0.42857142857142855,0.2857142857142857,0.44195756
60.0,0.5,0.2857142857142857,0.4598712
60.0,0.5714285714285714,0.2857142857142857,0.44148663
60.0,0.6428571428571428,0.2857142857142857,0.39185324
60.0,0.7142857142857142,0.2857142857142857,0.3214417
60.0,0.7857142857142857,0.2857142857142857,0.23987621
60.0,0.8571428571428571,0.2857142857142857,0.15349364
60.0,0.9285714285714285,0.2857142857142857,0.066985644
60.0,1.0,0.2857142857142857,-0.015393042
60.0,0.0,0.3571428571428571,-0.010797806
60.0,0.07142857142857142,0.3571428571428571,0.08564424
60.0,0.14285714285714285,0.3571428571428571,0.18815953
60.0,0.21428571428571427,0.3571428571428571,0.2924136
60.0,0.2857142857142857,0.3571428571428571,0.39229554
60.0,0.3571428571428571,0.3571428571428571,0.4785291
60.0,0.42857142857142855,0.3571428571428571,0.53836066
60.0,0.5,0.3571428571428571,0.55971193
60.0,0.5714285714285714,0.3571428571428571,0.53790396
60.0,0.6428571428571428,0.3571428571428571,0.47859198
60.0,0.7142857142857142,0.3571428571428571,0.39371383
60.0,0.7857142857142857,0.3571428571428571,0.29486397
60.0,0.8571428571428571,0.3571428571428571,0.19078454
60.0,0.9285714285714285,0.3571428571428571,0.08839123
60.0,1.0,0.3571428571428571,-0.0066821575
60.0,0.0,0.42857142857142855,-0.006452985
60.0,0.07142857142857142,0.42857142857142855,0.10059462
60.0,0.14285714285714285,0.42857142857142855,0.2149758
60.0,0.21428571428571427,0.42857142857142855,0.3314346
60.0,0.2857142857142857,0.42857142857142855,0.44281894
60.0,0.3571428571428571,0.42857142857142855,0.5387
60.0,0.42857142857142855,0.42857142857142855,0.6049135
60.0,0.5,0.42857142857142855,0.6281213
60.0,0.5714285714285714,0.42857142857142855,0.60339606
60.0,0.6428571428571428,0.42857142857142855,0.53720814
60.0,0.7142857142857142,0.42857142857142855,0.44265026
60.0,0.7857142857142857,0.42857142857142855,0.33262086
60.0,0.8571428571428571,0.42857142857142855,0.21739632
60.0,0.9285714285714285,0.42857142857142855,0.10527792
60.0,1.0,0.42857142857142855,0.0027323347
60.0,0.0,0.5,-0.0049070194
60.0,0.07142857142857142,0.5,0.10549504
60.0,0.14285714285714285,0.5,0.22367322
60.0,0.21428571428571427,0.5,0.3441552
60.0,0.2857142857142857,0.5,0.45963782
60.0,0.3571428571428571,0.5,0.5593395
60.0,0.42857142857142855,0.5,0.62819624
60.0,0.5,0.5,0.6520253
60.0,0.5714285714285714,0.5,0.62601054
60.0,0.6428571428571428,0.5,0.55731714
60.0,0.7142857142857142,0.5,0.45951518
60.0,0.7857142857142857,0.5,0.34588152
60.0,0.8571428571428571,0.5,0.22727951
60.0,0.9285714285714285,0.5,0.112602904
60.0,1.0,0.5,0.008617617
60.0,0.0,0.5714285714285714,-0.0050499216
60.0,0.07142857142857142,0.5714285714285714,0.10116228
60.0,0.14285714285714285,0.5714285714285714,0.21432936
60.0,0.21428571428571427,0.5714285714285714,0.32938516
60.0,0.2857142857142857,0.5714285714285714,0.43990386
60.0,0.3571428571428571,0.5714285714285714,0.53607315
60.0,0.42857142857142855,0.5714285714285714,0.6031452
60.0,0.5,0.5714285714285714,0.6267455
60.0,0.5714285714285714,0.5714285714285714,0.6020038
60.0,0.6428571428571428,0.5714285714285714,0.5359393
60.0,0.7142857142857142,0.5714285714285714,0.44164002
60.0,0.7857142857142857,0.5714285714285714,0.33201826
60.0,0.8571428571428571,0.5714285714285714,0.21783456
60.0,0.9285714285714285,0.5714285714285714,0.107853405
60.0,1.0,0.5714285714285714,0.008526724
60.0,0.0,0.6428571428571428,-0.0048450604
60.0,0.07142857142857142,0.6428571428571428,0.090704866
60.0,0.14285714285714285,0.6428571428571428,0.19133314
60.0,0.21428571428571427,0.6428571428571428,0.2927968
60.0,0.2857142857142857,0.6428571428571428,0.39019185
60.0,0.3571428571428571,0.6428571428571428,0.47573745
60.0,0.42857142857142855,0.6428571428571428,0.53642774
60.0,0.5,0.6428571428571428,0.5586573
60.0,0.5714285714285714,0.6428571428571428,0.53724754
60.0,0.6428571428571428,0.6428571428571428,0.47809
60.0,0.7142857142857142,0.6428571428571428,0.39300987
60.0,0.7857142857142857,0.6428571428571428,0.2940421
60.0,0.8571428571428571,0.6428571428571428,0.19122058
60.0,0.9285714285714285,0.6428571428571428,0.09238558
60.0,1.0,0.6428571428571428,0.0030276664
60.0,0.0,0.7142857142857142,-0.0039212033
60.0,0.07142857142857142,0.7142857142857142,0.07573832
60.0,0.14285714285714285,0.7142857142857142,0.15820834
60.0,0.21428571428571427,0.7142857142857142,0.24057788
60.0,0.2857142857142857,0.7142857142857142,0.31975773
60.0,0.3571428571428571,0.7142857142857142,0.39008978
60.0,0.42857142857142855,0.7142857142857142,0.4408581
60.0,0.5,0.7142857142857142,0.46017072
60.0,0.5714285714285714,0.7142857142857142,0.44290274
60.0,0.6428571428571428,0.7142857142857142,0.39349654
60.0,0.7142857142857142,0.7142857142857142,0.32203114
60.0,0.7857142857142857,0.7142857142857142,0.2390849
60.0,0.8571428571428571,0.7142857142857142,0.15319163
60.0,0.9285714285714285,0.7142857142857142,0.07049985
60.0,1.0,0.7142857142857142,-0.0049680807
60.0,0.0,0.7857142857142857,-0.0033003837
60.0,0.07142857142857142,0.7857142857142857,0.056822345
60.0,0.14285714285714285,0.7857142857142857,0.11784715
60.0,0.21428571428571427,0.7857142857142857,0.17865384
60.0,0.2857142857142857,0.7857142857142857,0.23781851
60.0,0.3571428571428571,0.7857142857142857,0.2911056
60.0,0.42857142857142855,0.7857142857142857,0.32987922
60.0,0.5,0.7857142857142857,0.3447331
60.0,0.5714285714285714,0.7857142857142857,0.33152017
60.0,0.6428571428571428,0.7857142857142857,0.29354626
60.0,0.7142857142857142,0.7857142857142857,0.23876691
60.0,0.7857142857142857,0.7857142857142857,0.17555177
60.0,0.8571428571428571,0.7857142857142857,0.1102223
60.0,0.9285714285714285,0.7857142857142857,0.046780396
60.0,1.0,0.7857142857142857,-0.012434345
60.0,0.0,0.8571428571428571,-0.004506491
60.0,0.07142857142857142,0.8571428571428571,0.03464169
60.0,0.14285714285714285,0.8571428571428571,0.07369743
60.0,0.21428571428571427,0.8571428571428571,0.113306366
60.0,0.2857142857142857,0.8571428571428571,0.1530715
60.0,0.3571428571428571,0.8571428571428571,0.18943036
60.0,0.42857142857142855,0.8571428571428571,0.21565652
60.0,0.5,0.8571428571428571,0.22526687
60.0,0.5714285714285714,0.8571428571428571,0.21578285
60.0,0.6428571428571428,0.8571428571428571,0.18975899
60.0,0.7142857142857142,0.8571428571428571,0.15278554
60.0,0.7857142857142857,0.8571428571428571,0.110493265
60.0,0.8571428571428571,0.8571428571428571,0.06671309
60.0,0.9285714285714285,0.8571428571428571,0.023357816
60.0,1.0,0.8571428571428571,-0.01878611
60.0,0.0,0.9285714285714285,-0.009545393
60.0,0.07142857142857142,0.9285714285714285,0.009394087
60.0,0.14285714285714285,0.9285714285714285,0.028167218
60.0,0.21428571428571427,0.9285714285714285,0.048583545
60.0,0.2857142857142857,0.9285714285714285,0.07062956
60.0,0.3571428571428571,0.9285714285714285,0.09133154
60.0,0.42857142857142855,0.9285714285714285,0.10604047
60.0,0.5,0.9285714285714285,0.11108805
60.0,0.5714285714285714,0.9285714285714285,0.10550679
60.0,0.6428571428571428,0.9285714285714285,0.09107345
60.0,0.7142857142857142,0.9285714285714285,0.070994094
60.0,0.7857142857142857,0.9285714285714285,0.048198037
60.0,0.8571428571428571,0.9285714285714285,0.024300791
60.0,0.9285714285714285,0.9285714285714285,-0.00038800482
60.0,1.0,0.9285714285714285,-0.026217561
60.0,0.0,1.0,-0.020995304
60.0,0.07142857142857142,1.0,-0.020053692
60.0,0.14285714285714285,1.0,-0.018838324
60.0,0.21428571428571427,1.0,-0.015103068
60.0,0.2857142857142857,1.0,-0.008644249
60.0,0.3571428571428571,1.0,-0.0013871426
60.0,0.42857142857142855,1.0,0.004200354
60.0,0.5,1.0,0.006586032
60.0,0.5714285714285714,1.0,0.0055375528
60.0,0.6428571428571428,1.0,0.0017921012
60.0,0.7142857142857142,1.0,-0.003574146
60.0,0.7857142857142857,1.0,-0.009838406
60.0,0.8571428571428571,1.0,-0.01703156
60.0,0.9285714285714285,1.0,-0.025876842
60.0,1.0,1.0,-0.037376888
