time,x,y,temperature
1.0,0.0,0.0,-0.011306533
1.0,0.07142857142857142,0.0,-0.0021684887
1.0,0.14285714285714285,0.0,0.0013526967
1.0,0.21428571428571427,0.0,-0.00012821052
1.0,0.2857142857142857,0.0,-0.0037600817
1.0,0.3571428571428571,0.0,-0.003975556
1.0,0.42857142857142855,0.0,0.0015685139
1.0,0.5,0.0,0.0041506877
1.0,0.5714285714285714,0.0,-0.0019610533
1.0,0.6428571428571428,0.0,-0.007166044
1.0,0.7142857142857142,0.0,-0.0059148194
1.0,0.7857142857142857,0.0,-0.002933533
1.0,0.8571428571428571,0.0,-0.0027689422
1.0,0.9285714285714285,0.0,-0.0068429867
1.0,1.0,0.0,-0.015596175
1.0,0.0,0.07142857142857142,-0.0022972943
1.0,0.07142857142857142,0.07142857142857142,0.022757884
1.0,0.14285714285714285,0.07142857142857142,0.044247527
1.0,0.21428571428571427,0.07142857142857142,0.062210523
1.0,0.2857142857142857,0.07142857142857142,0.078683846
1.0,0.3571428571428571,0.07142857142857142,0.09882297
1.0,0.42857142857142855,0.07142857142857142,0.12376828
1.0,0.5,0.07142857142857142,0.13571881
1.0,0.5714285714285714,0.07142857142857142,0.120900564
1.0,0.6428571428571428,0.07142857142857142,0.09778529
1.0,0.7142857142857142,0.07142857142857142,0.0794139
1.0,0.7857142857142857,0.07142857142857142,0.06219767
1.0,0.8571428571428571,0.07142857142857142,0.042914517
1.0,0.9285714285714285,0.07142857142857142,0.021071933
1.0,1.0,0.07142857142857142,-0.003986166
1.0,0.0,0.14285714285714285,0.0010030558
1.0,0.07142857142857142,0.14285714285714285,0.04323709
1.0,0.14285714285714285,0.14285714285714285,0.08428722
1.0,0.21428571428571427,0.14285714285714285,0.12345194
1.0,0.2857142857142857,0.14285714285714285,0.1616909
1.0,0.3571428571428571,0.14285714285714285,0.20374295
1.0,0.42857142857142855,0.14285714285714285,0.25068715
1.0,0.5,0.14285714285714285,0.2742505
1.0,0.5714285714285714,0.14285714285714285,0.24860759
1.0,0.6428571428571428,0.14285714285714285,0.20452523
1.0,0.7142857142857142,0.14285714285714285,0.1638618
1.0,0.7857142857142857,0.14285714285714285,0.12418362
1.0,0.8571428571428571,0.14285714285714285,0.08391672
1.0,0.9285714285714285,0.14285714285714285,0.043028176
1.0,1.0,0.14285714285714285,0.00020626094
1.0,0.0,0.21428571428571427,-0.00012032967
1.0,0.07142857142857142,0.21428571428571427,0.06062931
1.0,0.14285714285714285,0.21428571428571427,0.12242069
1.0,0.21428571428571427,0.21428571428571427,0.18345857
1.0,0.2857142857142857,0.21428571428571427,0.24330442
1.0,0.3571428571428571,0.21428571428571427,0.3063479
1.0,0.42857142857142855,0.21428571428571427,0.37521607
1.0,0.5,0.21428571428571427,0.41130581
1.0,0.5714285714285714,0.21428571428571427,0.37339482
1.0,0.6428571428571428,0.21428571428571427,0.30777523
1.0,0.7142857142857142,0.21428571428571427,0.24487816
1.0,0.7857142857142857,0.21428571428571427,0.18303524
1.0,0.8571428571428571,0.21428571428571427,0.121936284
1.0,0.9285714285714285,0.21428571428571427,0.061292425
1.0,1.0,0.21428571428571427,-0.0006949315
1.0,0.0,0.2857142857142857,-0.0036810879
1.0,0.07142857142857142,0.2857142857142857,0.07722723
1.0,0.14285714285714285,0.2857142857142857,0.16079712
1.0,0.21428571428571427,0.2857142857142857,0.2436799
1.0,0.2857142857142857,0.2857142857142857,0.32390675
1.0,0.3571428571428571,0.2857142857142857,0.40589744
1.0,0.42857142857142855,0.2857142857142857,0.4953492
1.0,0.5,0.2857142857142857,0.544206
1.0,0.5714285714285714,0.2857142857142857,0.4932421
1.0,0.6428571428571428,0.2857142857142857,0.4069801
1.0,0.7142857142857142,0.2857142857142857,0.32368556
1.0,0.7857142857142857,0.2857142857142857,0.24168472
1.0,0.8571428571428571,0.2857142857142857,0.16053587
1.0,0.9285714285714285,0.2857142857142857,0.07926098
1.0,1.0,0.2857142857142857,-0.0032641077
1.0,0.0,0.3571428571428571,-0.00596164
1.0,0.07142857142857142,0.3571428571428571,0.09676001
1.0,0.14285714285714285,0.3571428571428571,0.2030489
1.0,0.21428571428571427,0.3571428571428571,0.30768076
1.0,0.2857142857142857,0.3571428571428571,0.4074479
1.0,0.3571428571428571,0.3571428571428571,0.5075059
1.0,0.42857142857142855,0.3571428571428571,0.6174027
1.0,0.5,0.3571428571428571,0.6802161
1.0,0.5714285714285714,0.3571428571428571,0.6155702
1.0,0.6428571428571428,0.3571428571428571,0.50839967
1.0,0.7142857142857142,0.3571428571428571,0.40591234
1.0,0.7857142857142857,0.3571428571428571,0.30507135
1.0,0.8571428571428571,0.3571428571428571,0.20348243
1.0,0.9285714285714285,0.3571428571428571,0.10008617
1.0,1.0,0.3571428571428571,-0.0037735635
1.0,0.0,0.42857142857142855,-0.0023010308
1.0,0.07142857142857142,0.42857142857142855,0.1215164
1.0,0.14285714285714285,0.42857142857142855,0.24979894
1.0,0.21428571428571427,0.42857142857142855,0.37568942
1.0,0.2857142857142857,0.42857142857142855,0.49541816
1.0,0.3571428571428571,0.42857142857142855,0.61536235
1.0,0.42857142857142855,0.42857142857142855,0.7481219
1.0,0.5,0.42857142857142855,0.8281303
1.0,0.5714285714285714,0.42857142857142855,0.74961215
1.0,0.6428571428571428,0.42857142857142855,0.61827564
1.0,0.7142857142857142,0.42857142857142855,0.49458423
1.0,0.7857142857142857,0.42857142857142855,0.3732149
1.0,0.8571428571428571,0.42857142857142855,0.24941404
1.0,0.9285714285714285,0.42857142857142855,0.1233997
1.0,1.0,0.42857142857142855,-0.00015994254
1.0,0.0,0.5,0.0019743582
1.0,0.07142857142857142,0.5,0.13567382
1.0,0.14285714285714285,0.5,0.27485046
1.0,0.21428571428571427,0.5,0.4124784
1.0,0.2857142857142857,0.5,0.5449966
1.0,0.3571428571428571,0.5,0.67906034
1.0,0.42857142857142855,0.5,0.82724464
1.0,0.5,0.5,0.92005193
1.0,0.5714285714285714,0.5,0.83328086
1.0,0.6428571428571428,0.5,0.68419325
1.0,0.7142857142857142,0.5,0.5464801
1.0,0.7857142857142857,0.5,0.41245466
1.0,0.8571428571428571,0.5,0.27533996
1.0,0.9285714285714285,0.5,0.13663314
1.0,1.0,0.5,0.0033610454
1.0,0.0,0.5714285714285714,-0.0010700384
1.0,0.07142857142857142,0.5714285714285714,0.12188908
1.0,0.14285714285714285,0.5714285714285714,0.24832691
1.0,0.21428571428571427,0.5714285714285714,0.37300783
1.0,0.2857142857142857,0.5714285714285714,0.49388126
1.0,0.3571428571428571,0.5714285714285714,0.6167416
1.0,0.42857142857142855,0.5714285714285714,0.74951464
1.0,0.5,0.5714285714285714,0.8294845
1.0,0.5714285714285714,0.5714285714285714,0.7483489
1.0,0.6428571428571428,0.5714285714285714,0.6129677
1.0,0.7142857142857142,0.5714285714285714,0.49191502
1.0,0.7857142857142857,0.5714285714285714,0.37384814
1.0,0.8571428571428571,0.5714285714285714,0.25019625
1.0,0.9285714285714285,0.5714285714285714,0.122855835
1.0,1.0,0.5714285714285714,-0.00040800218
1.0,0.0,0.6428571428571428,-0.0041193226
1.0,0.07142857142857142,0.6428571428571428,0.09911113
1.0,0.14285714285714285,0.6428571428571428,0.20306079
1.0,0.21428571428571427,0.6428571428571428,0.30522326
1.0,0.2857142857142857,0.6428571428571428,0.40596393
1.0,0.3571428571428571,0.6428571428571428,0.5103387
1.0,0.42857142857142855,0.6428571428571428,0.6202734
1.0,0.5,0.6428571428571428,0.6820291
1.0,0.5714285714285714,0.6428571428571428,0.6164871
1.0,0.6428571428571428,0.6428571428571428,0.5052182
1.0,0.7142857142857142,0.6428571428571428,0.404516
1.0,0.7857142857142857,0.6428571428571428,0.3066202
1.0,0.8571428571428571,0.6428571428571428,0.2044529
1.0,0.9285714285714285,0.6428571428571428,0.09914954
1.0,1.0,0.6428571428571428,-0.0036100755
1.0,0.0,0.7142857142857142,-0.0043466846
1.0,0.07142857142857142,0.7142857142857142,0.07888568
1.0,0.14285714285714285,0.7142857142857142,0.16085263
1.0,0.21428571428571427,0.7142857142857142,0.24111544
1.0,0.2857142857142857,0.7142857142857142,0.32154074
1.0,0.3571428571428571,0.7142857142857142,0.40658286
1.0,0.42857142857142855,0.7142857142857142,0.49506864
1.0,0.5,0.7142857142857142,0.5434572
1.0,0.5714285714285714,0.7142857142857142,0.49577942
1.0,0.6428571428571428,0.7142857142857142,0.40757525
1.0,0.7142857142857142,0.7142857142857142,0.3243111
1.0,0.7857142857142857,0.7142857142857142,0.24426214
1.0,0.8571428571428571,0.7142857142857142,0.16262926
1.0,0.9285714285714285,0.7142857142857142,0.07939354
1.0,1.0,0.7142857142857142,-0.0024524787
1.0,0.0,0.7857142857142857,-0.0032539451
1.0,0.07142857142857142,0.7857142857142857,0.061202243
1.0,0.14285714285714285,0.7857142857142857,0.12273487
1.0,0.21428571428571427,0.7857142857142857,0.18206409
1.0,0.2857142857142857,0.7857142857142857,0.24179353
1.0,0.3571428571428571,0.7857142857142857,0.30605307
1.0,0.42857142857142855,0.7857142857142857,0.37262195
1.0,0.5,0.7857142857142857,0.40850836
1.0,0.5714285714285714,0.7857142857142857,0.37548095
1.0,0.6428571428571428,0.7857142857142857,0.30902925
1.0,0.7142857142857142,0.7857142857142857,0.24458577
1.0,0.7857142857142857,0.7857142857142857,0.1839791
1.0,0.8571428571428571,0.7857142857142857,0.12331585
1.0,0.9285714285714285,0.7857142857142857,0.06120591
1.0,1.0,0.7857142857142857,-0.0013990412
1.0,0.0,0.8571428571428571,-0.0026061917
1.0,0.07142857142857142,0.8571428571428571,0.04400456
1.0,0.14285714285714285,0.8571428571428571,0.085900895
1.0,0.21428571428571427,0.8571428571428571,0.12438508
1.0,0.2857142857142857,0.8571428571428571,0.16255747
1.0,0.3571428571428571,0.8571428571428571,0.20452605
1.0,0.42857142857142855,0.8571428571428571,0.24842243
1.0,0.5,0.8571428571428571,0.27177584
1.0,0.5714285714285714,0.8571428571428571,0.2504667
1.0,0.6428571428571428,0.8571428571428571,0.20561334
1.0,0.7142857142857142,0.8571428571428571,0.16235928
1.0,0.7857142857142857,0.8571428571428571,0.12314852
1.0,0.8571428571428571,0.8571428571428571,0.08399362
1.0,0.9285714285714285,0.8571428571428571,0.042244244
1.0,1.0,0.8571428571428571,-0.002497268
1.0,0.0,0.9285714285714285,-0.0047160694
1.0,0.07142857142857142,0.9285714285714285,0.02426698
1.0,0.14285714285714285,0.9285714285714285,0.04654236
1.0,0.21428571428571427,0.9285714285714285,0.06391281
1.0,0.2857142857142857,0.9285714285714285,0.08011327
1.0,0.3571428571428571,0.9285714285714285,0.099590175
1.0,0.42857142857142855,0.9285714285714285,0.12195041
1.0,0.5,0.9285714285714285,0.13425124
1.0,0.5714285714285714,0.9285714285714285,0.123010345
1.0,0.6428571428571428,0.9285714285714285,0.099400334
1.0,0.7142857142857142,0.9285714285714285,0.078480996
1.0,0.7857142857142857,0.9285714285714285,0.06122011
1.0,0.8571428571428571,0.9285714285714285,0.04319209
1.0,0.9285714285714285,0.9285714285714285,0.020855725
1.0,1.0,0.9285714285714285,-0.0070479857
1.0,0.0,1.0,-0.0129251825
1.0,0.07142857142857142,1.0,-0.001947199
1.0,0.14285714285714285,1.0,0.0006141681
1.0,0.21428571428571427,1.0,-0.002609509
1.0,0.2857142857142857,1.0,-0.0069977203
1.0,0.3571428571428571,1.0,-0.0074996846
1.0,0.42857142857142855,1.0,-0.0026033306
1.0,0.5,1.0,0.001958034
1.0,0.5714285714285714,1.0,-0.00032430235
1.0,0.6428571428571428,1.0,-0.0046728635
1.0,0.7142857142857142,1.0,-0.0044568935
1.0,0.7857142857142857,1.0,-0.0011372389
1.0,0.8571428571428571,1.0,0.00034378376
1.0,0.9285714285714285,1.0,-0.004075405
1.0,1.0,1.0,-0.016221743
2.0,0.0,0.0,-0.011635472
2.0,0.07142857142857142,0.0,-0.0024954723
2.0,0.14285714285714285,0.0,0.0010206467
2.0,0.21428571428571427,0.0,-0.00049101654
2.0,0.2857142857142857,0.0,-0.004215383
2.0,0.3571428571428571,0.0,-0.0046400847
2.0,0.42857142857142855,0.0,0.00058437046
2.0,0.5,0.0,0.0030038161
2.0,0.5714285714285714,0.0,-0.0029223533
2.0,0.6428571428571428,0.0,-0.00784661
2.0,0.7142857142857142,0.0,-0.006379393
2.0,0.7857142857142857,0.0,-0.0032611126
2.0,0.8571428571428571,0.0,-0.0030563185
2.0,0.9285714285714285,0.0,-0.007173949
2.0,1.0,0.0,-0.016022086
2.0,0.0,0.07142857142857142,-0.0027377168
2.0,0.07142857142857142,0.07142857142857142,0.022369012
2.0,0.14285714285714285,0.07142857142857142,0.04392555
2.0,0.21428571428571427,0.07142857142857142,0.061956912
2.0,0.2857142857142857,0.07142857142857142,0.07844748
2.0,0.3571428571428571,0.07142857142857142,0.09843344
2.0,0.42857142857142855,0.07142857142857142,0.122971036
2.0,0.5,0.07142857142857142,0.13465485
2.0,0.5714285714285714,0.07142857142857142,0.120091476
2.0,0.6428571428571428,0.07142857142857142,0.09730167
2.0,0.7142857142857142,0.07142857142857142,0.07910258
2.0,0.7857142857142857,0.07142857142857142,0.06194195
2.0,0.8571428571428571,0.07142857142857142,0.042611293
2.0,0.9285714285714285,0.07142857142857142,0.020654604
2.0,1.0,0.07142857142857142,-0.004549072
2.0,0.0,0.14285714285714285,0.00047343504
2.0,0.07142857142857142,0.14285714285714285,0.042809002
2.0,0.14285714285714285,0.14285714285714285,0.08399661
2.0,0.21428571428571427,0.14285714285714285,0.12332488
2.0,0.2857142857142857,0.14285714285714285,0.16168654
2.0,0.3571428571428571,0.14285714285714285,0.20362787
2.0,0.42857142857142855,0.14285714285714285,0.25000936
2.0,0.5,0.14285714285714285,0.27311453
2.0,0.5714285714285714,0.14285714285714285,0.24784096
2.0,0.6428571428571428,0.14285714285714285,0.20418823
2.0,0.7142857142857142,0.14285714285714285,0.16369523
2.0,0.7857142857142857,0.14285714285714285,0.12402176
2.0,0.8571428571428571,0.14285714285714285,0.08364311
2.0,0.9285714285714285,0.14285714285714285,0.042584397
2.0,1.0,0.14285714285714285,-0.00042819325
2.0,0.0,0.21428571428571427,-0.00067912135
2.0,0.07142857142857142,0.21428571428571427,0.060224555
2.0,0.14285714285714285,0.21428571428571427,0.12221884
2.0,0.21428571428571427,0.21428571428571427,0.18349876
2.0,0.2857142857142857,0.21428571428571427,0.24354486
2.0,0.3571428571428571,0.21428571428571427,0.30649173
2.0,0.42857142857142855,0.21428571428571427,0.3745802
2.0,0.5,0.21428571428571427,0.40995267
2.0,0.5714285714285714,0.21428571428571427,0.37260318
2.0,0.6428571428571428,0.21428571428571427,0.3075772
2.0,0.7142857142857142,0.21428571428571427,0.2448773
2.0,0.7857142857142857,0.21428571428571427,0.18300815
2.0,0.8571428571428571,0.21428571428571427,0.12175255
2.0,0.9285714285714285,0.21428571428571427,0.060891382
2.0,1.0,0.21428571428571427,-0.0013318444
2.0,0.0,0.2857142857142857,-0.00421385
2.0,0.07142857142857142,0.2857142857142857,0.076905146
2.0,0.14285714285714285,0.2857142857142857,0.16073033
2.0,0.21428571428571427,0.2857142857142857,0.24389626
2.0,0.2857142857142857,0.2857142857142857,0.32434937
2.0,0.3571428571428571,0.2857142857142857,0.4062214
2.0,0.42857142857142855,0.2857142857142857,0.49465194
2.0,0.5,0.2857142857142857,0.5425284
2.0,0.5714285714285714,0.2857142857142857,0.49242738
2.0,0.6428571428571428,0.2857142857142857,0.40694308
2.0,0.7142857142857142,0.2857142857142857,0.32384843
2.0,0.7857142857142857,0.2857142857142857,0.24178426
2.0,0.8571428571428571,0.2857142857142857,0.16044468
2.0,0.9285714285714285,0.2857142857142857,0.07891993
2.0,1.0,0.2857142857142857,-0.003872984
2.0,0.0,0.3571428571428571,-0.0065481607
2.0,0.07142857142857142,0.3571428571428571,0.096441254
2.0,0.14285714285714285,0.3571428571428571,0.20300812
2.0,0.21428571428571427,0.3571428571428571,0.3078982
2.0,0.2857142857142857,0.3571428571428571,0.4078287
2.0,0.3571428571428571,0.3571428571428571,0.5076845
2.0,0.42857142857142855,0.3571428571428571,0.6163093
2.0,0.5,0.3571428571428571,0.6779128
2.0,0.5714285714285714,0.3571428571428571,0.6145517
2.0,0.6428571428571428,0.3571428571428571,0.5083389
2.0,0.7142857142857142,0.3571428571428571,0.40600982
2.0,0.7857142857142857,0.3571428571428571,0.30507582
2.0,0.8571428571428571,0.3571428571428571,0.20331337
2.0,0.9285714285714285,0.3571428571428571,0.09969939
2.0,1.0,0.3571428571428571,-0.0044022957
2.0,0.0,0.42857142857142855,-0.003295918
2.0,0.07142857142857142,0.42857142857142855,0.12079268
2.0,0.14285714285714285,0.42857142857142855,0.24929331
2.0,0.21428571428571427,0.42857142857142855,0.375284
2.0,0.2857142857142857,0.42857142857142855,0.49493238
2.0,0.3571428571428571,0.42857142857142855,0.6143922
2.0,0.42857142857142855,0.42857142857142855,0.7454928
2.0,0.5,0.42857142857142855,0.8240097
2.0,0.5714285714285714,0.42857142857142855,0.74730915
2.0,0.6428571428571428,0.42857142857142855,0.6172438
2.0,0.7142857142857142,0.42857142857142855,0.49381605
2.0,0.7857142857142857,0.42857142857142855,0.37252358
2.0,0.8571428571428571,0.42857142857142855,0.24877383
2.0,0.9285714285714285,0.42857142857142855,0.122738026
2.0,1.0,0.42857142857142855,-0.00092475954
2.0,0.0,0.5,0.0005806675
2.0,0.07142857142857142,0.5,0.13446377
2.0,0.14285714285714285,0.5,0.273712
2.0,0.21428571428571427,0.5,0.4111953
2.0,0.2857142857142857,0.5,0.5432751
2.0,0.3571428571428571,0.5,0.6764056
2.0,0.42857142857142855,0.5,0.8224168
2.0,0.5,0.5,0.913342
2.0,0.5714285714285714,0.5,0.8288266
2.0,0.6428571428571428,0.5,0.68155235
2.0,0.7142857142857142,0.5,0.54451877
2.0,0.7857142857142857,0.5,0.41096944
2.0,0.8571428571428571,0.5,0.27423772
2.0,0.9285714285714285,0.5,0.13573284
2.0,1.0,0.5,0.0024834266
2.0,0.0,0.5714285714285714,-0.0021182084
2.0,0.07142857142857142,0.5714285714285714,0.121055745
2.0,0.14285714285714285,0.5714285714285714,0.24764426
2.0,0.21428571428571427,0.5714285714285714,0.3723421
2.0,0.2857142857142857,0.5714285714285714,0.4930499
2.0,0.3571428571428571,0.5714285714285714,0.61535865
2.0,0.42857142857142855,0.5714285714285714,0.74645245
2.0,0.5,0.5714285714285714,0.8247916
2.0,0.5714285714285714,0.5714285714285714,0.745669
2.0,0.6428571428571428,0.5714285714285714,0.6118228
2.0,0.7142857142857142,0.5714285714285714,0.49110928
2.0,0.7857142857142857,0.5714285714285714,0.37319311
2.0,0.8571428571428571,0.5714285714285714,0.24965264
2.0,0.9285714285714285,0.5714285714285714,0.12229993
2.0,1.0,0.5714285714285714,-0.0010944391
2.0,0.0,0.6428571428571428,-0.0047427723
2.0,0.07142857142857142,0.6428571428571428,0.09870173
2.0,0.14285714285714285,0.6428571428571428,0.20285946
2.0,0.21428571428571427,0.6428571428571428,0.3052045
2.0,0.2857142857142857,0.6428571428571428,0.40606275
2.0,0.3571428571428571,0.6428571428571428,0.5102522
2.0,0.42857142857142855,0.6428571428571428,0.6190176
2.0,0.5,0.6428571428571428,0.67950845
2.0,0.5714285714285714,0.6428571428571428,0.6154697
2.0,0.6428571428571428,0.6428571428571428,0.5054059
2.0,0.7142857142857142,0.6428571428571428,0.40481374
2.0,0.7857142857142857,0.6428571428571428,0.3067836
2.0,0.8571428571428571,0.6428571428571428,0.20445032
2.0,0.9285714285714285,0.6428571428571428,0.09892216
2.0,1.0,0.6428571428571428,-0.0041052857
2.0,0.0,0.7142857142857142,-0.0047785724
2.0,0.07142857142857142,0.7142857142857142,0.07859456
2.0,0.14285714285714285,0.7142857142857142,0.16072305
2.0,0.21428571428571427,0.7142857142857142,0.2411726
2.0,0.2857142857142857,0.7142857142857142,0.32176372
2.0,0.3571428571428571,0.7142857142857142,0.40670213
2.0,0.42857142857142855,0.7142857142857142,0.49424943
2.0,0.5,0.7142857142857142,0.54163057
2.0,0.5714285714285714,0.7142857142857142,0.49501184
2.0,0.6428571428571428,0.7142857142857142,0.4078019
2.0,0.7142857142857142,0.7142857142857142,0.32466033
2.0,0.7857142857142857,0.7142857142857142,0.2444704
2.0,0.8571428571428571,0.7142857142857142,0.16264932
2.0,0.9285714285714285,0.7142857142857142,0.07918737
2.0,1.0,0.7142857142857142,-0.0029082457
2.0,0.0,0.7857142857142857,-0.003594757
2.0,0.07142857142857142,0.7857142857142857,0.060921177
2.0,0.14285714285714285,0.7857142857142857,0.122545786
2.0,0.21428571428571427,0.7857142857142857,0.18201159
2.0,0.2857142857142857,0.7857142857142857,0.24187802
2.0,0.3571428571428571,0.7857142857142857,0.306048
2.0,0.42857142857142855,0.7857142857142857,0.37188637
2.0,0.5,0.7857142857142857,0.40706238
2.0,0.5714285714285714,0.7857142857142857,0.37478057
2.0,0.6428571428571428,0.7857142857142857,0.3090805
2.0,0.7142857142857142,0.7857142857142857,0.24473108
2.0,0.7857142857142857,0.7857142857142857,0.18400863
2.0,0.8571428571428571,0.7857142857142857,0.12320914
2.0,0.9285714285714285,0.7857142857142857,0.06094484
2.0,1.0,0.7857142857142857,-0.0018372396
2.0,0.0,0.8571428571428571,-0.002861389
2.0,0.07142857142857142,0.8571428571428571,0.043739162
2.0,0.14285714285714285,0.8571428571428571,0.08565871
2.0,0.21428571428571427,0.8571428571428571,0.1242177
2.0,0.2857142857142857,0.8571428571428571,0.16247983
2.0,0.3571428571428571,0.8571428571428571,0.20436497
2.0,0.42857142857142855,0.8571428571428571,0.24773516
2.0,0.5,0.8571428571428571,0.2706469
2.0,0.5714285714285714,0.8571428571428571,0.2498572
2.0,0.6428571428571428,0.8571428571428571,0.20552559
2.0,0.7142857142857142,0.8571428571428571,0.1623152
2.0,0.7857142857142857,0.8571428571428571,0.12300935
2.0,0.8571428571428571,0.8571428571428571,0.08377839
2.0,0.9285714285714285,0.8571428571428571,0.041955657
2.0,1.0,0.8571428571428571,-0.0028858567
2.0,0.0,0.9285714285714285,-0.0048723975
2.0,0.07142857142857142,0.9285714285714285,0.02404181
2.0,0.14285714285714285,0.9285714285714285,0.04628077
2.0,0.21428571428571427,0.9285714285714285,0.06366732
2.0,0.2857142857142857,0.9285714285714285,0.079909414
2.0,0.3571428571428571,0.9285714285714285,0.09929958
2.0,0.42857142857142855,0.9285714285714285,0.12129428
2.0,0.5,0.9285714285714285,0.13333423
2.0,0.5714285714285714,0.9285714285714285,0.12243941
2.0,0.6428571428571428,0.9285714285714285,0.09917786
2.0,0.7142857142857142,0.9285714285714285,0.078278065
2.0,0.7857142857142857,0.9285714285714285,0.06095294
2.0,0.8571428571428571,0.9285714285714285,0.04290551
2.0,0.9285714285714285,0.9285714285714285,0.020568438
2.0,1.0,0.9285714285714285,-0.0073652873
2.0,0.0,1.0,-0.012989287
2.0,0.07142857142857142,1.0,-0.0021274267
2.0,0.14285714285714285,1.0,0.00035084318
2.0,0.21428571428571427,1.0,-0.0029026615
2.0,0.2857142857142857,1.0,-0.0073002325
2.0,0.3571428571428571,1.0,-0.007907168
2.0,0.42857142857142855,1.0,-0.003281788
2.0,0.5,1.0,0.0011083847
2.0,0.5714285714285714,1.0,-0.0009609917
2.0,0.6428571428571428,1.0,-0.0050703
2.0,0.7142857142857142,1.0,-0.004820288
2.0,0.7857142857142857,1.0,-0.0015141899
2.0,0.8571428571428571,1.0,3.9739534e-06
2.0,0.9285714285714285,1.0,-0.0043532858
2.0,1.0,1.0,-0.016467765
3.0,0.0,0.0,-0.011942063
3.0,0.07142857142857142,0.0,-0.0028018104
3.0,0.14285714285714285,0.0,0.00070879515
3.0,0.21428571428571427,0.0,-0.0008293139
3.0,0.2857142857142857,0.0,-0.0046348693
3.0,0.3571428571428571,0.0,-0.0052494453
3.0,0.42857142857142855,0.0,-0.00032194052
3.0,0.5,0.0,0.0019477447
3.0,0.5714285714285714,0.0,-0.0037949244
3.0,0.6428571428571428,0.0,-0.008453828
3.0,0.7142857142857142,0.0,-0.006790974
3.0,0.7857142857142857,0.0,-0.00355021
3.0,0.8571428571428571,0.0,-0.003310592
3.0,0.9285714285714285,0.0,-0.007473626
3.0,1.0,0.0,-0.016416252
3.0,0.0,0.07142857142857142,-0.0031520473
3.0,0.07142857142857142,0.07142857142857142,0.022003662
3.0,0.14285714285714285,0.07142857142857142,0.043624386
3.0,0.21428571428571427,0.07142857142857142,0.06172443
3.0,0.2857142857142857,0.07142857142857142,0.07823874
3.0,0.3571428571428571,0.07142857142857142,0.09808509
3.0,0.42857142857142855,0.07142857142857142,0.12223167
3.0,0.5,0.07142857142857142,0.13365488
3.0,0.5714285714285714,0.07142857142857142,0.11934417
3.0,0.6428571428571428,0.07142857142857142,0.09686772
3.0,0.7142857142857142,0.07142857142857142,0.07882623
3.0,0.7857142857142857,0.07142857142857142,0.061714374
3.0,0.8571428571428571,0.07142857142857142,0.042336322
3.0,0.9285714285714285,0.07142857142857142,0.020267576
3.0,1.0,0.07142857142857142,-0.005077892
3.0,0.0,0.14285714285714285,-2.529379e-05
3.0,0.07142857142857142,0.14285714285714285,0.042406764
3.0,0.14285714285714285,0.14285714285714285,0.083726116
3.0,0.21428571428571427,0.14285714285714285,0.12321367
3.0,0.2857142857142857,0.14285714285714285,0.16169812
3.0,0.3571428571428571,0.14285714285714285,0.20353822
3.0,0.42857142857142855,0.14285714285714285,0.24936669
3.0,0.5,0.14285714285714285,0.272013
3.0,0.5714285714285714,0.14285714285714285,0.24710785
3.0,0.6428571428571428,0.14285714285714285,0.20387946
3.0,0.7142857142857142,0.14285714285714285,0.16354954
3.0,0.7857142857142857,0.14285714285714285,0.12388035
3.0,0.8571428571428571,0.14285714285714285,0.08339563
3.0,0.9285714285714285,0.14285714285714285,0.04217261
3.0,1.0,0.14285714285714285,-0.001025022
3.0,0.0,0.21428571428571427,-0.0012016864
3.0,0.07142857142857142,0.21428571428571427,0.059848383
3.0,0.14285714285714285,0.21428571428571427,0.12203545
3.0,0.21428571428571427,0.21428571428571427,0.18354712
3.0,0.2857142857142857,0.21428571428571427,0.24378769
3.0,0.3571428571428571,0.21428571428571427,0.3066428
3.0,0.42857142857142855,0.21428571428571427,0.3739584
3.0,0.5,0.21428571428571427,0.4086108
3.0,0.5714285714285714,0.21428571428571427,0.3718259
3.0,0.6428571428571428,0.21428571428571427,0.30739465
3.0,0.7142857142857142,0.21428571428571427,0.24488877
3.0,0.7857142857142857,0.21428571428571427,0.18299846
3.0,0.8571428571428571,0.21428571428571427,0.12159418
3.0,0.9285714285714285,0.21428571428571427,0.060524523
3.0,1.0,0.21428571428571427,-0.0019270862
3.0,0.0,0.2857142857142857,-0.0047014654
3.0,0.07142857142857142,0.2857142857142857,0.07661517
3.0,0.14285714285714285,0.2857142857142857,0.16067845
3.0,0.21428571428571427,0.2857142857142857,0.24410938
3.0,0.2857142857142857,0.2857142857142857,0.32477626
3.0,0.3571428571428571,0.2857142857142857,0.40653223
3.0,0.42857142857142855,0.2857142857142857,0.49395236
3.0,0.5,0.2857142857142857,0.5408469
3.0,0.5714285714285714,0.2857142857142857,0.49161717
3.0,0.6428571428571428,0.2857142857142857,0.40691662
3.0,0.7142857142857142,0.2857142857142857,0.3240198
3.0,0.7857142857142857,0.2857142857142857,0.24189739
3.0,0.8571428571428571,0.2857142857142857,0.16037704
3.0,0.9285714285714285,0.2857142857142857,0.07861395
3.0,1.0,0.2857142857142857,-0.0044361213
3.0,0.0,0.3571428571428571,-0.0070743104
3.0,0.07142857142857142,0.3571428571428571,0.09616159
3.0,0.14285714285714285,0.3571428571428571,0.20297886
3.0,0.21428571428571427,0.3571428571428571,0.3080972
3.0,0.2857142857142857,0.3571428571428571,0.408171
3.0,0.3571428571428571,0.3571428571428571,0.5078257
3.0,0.42857142857142855,0.3571428571428571,0.615195
3.0,0.5,0.3571428571428571,0.67558837
3.0,0.5714285714285714,0.3571428571428571,0.6135229
3.0,0.6428571428571428,0.3571428571428571,0.50828123
3.0,0.7142857142857142,0.3571428571428571,0.40611026
3.0,0.7857142857142857,0.3571428571428571,0.30508742
3.0,0.8571428571428571,0.3571428571428571,0.20316541
3.0,0.9285714285714285,0.3571428571428571,0.099349014
3.0,1.0,0.3571428571428571,-0.004979619
3.0,0.0,0.42857142857142855,-0.0042103427
3.0,0.07142857142857142,0.42857142857142855,0.12012061
3.0,0.14285714285714285,0.42857142857142855,0.24880068
3.0,0.21428571428571427,0.42857142857142855,0.3748516
3.0,0.2857142857142857,0.42857142857142855,0.49439332
3.0,0.3571428571428571,0.42857142857142855,0.6133681
3.0,0.42857142857142855,0.42857142857142855,0.7428273
3.0,0.5,0.42857142857142855,0.8198391
3.0,0.5714285714285714,0.42857142857142855,0.74495906
3.0,0.6428571428571428,0.42857142857142855,0.6161948
3.0,0.7142857142857142,0.42857142857142855,0.49304035
3.0,0.7857142857142857,0.42857142857142855,0.37183708
3.0,0.8571428571428571,0.42857142857142855,0.24815722
3.0,0.9285714285714285,0.42857142857142855,0.12212104
3.0,1.0,0.42857142857142855,-0.0016282955
3.0,0.0,0.5,-0.0007172385
3.0,0.07142857142857142,0.5,0.13332106
3.0,0.14285714285714285,0.5,0.27260375
3.0,0.21428571428571427,0.5,0.4099064
3.0,0.2857142857142857,0.5,0.54153
3.0,0.3571428571428571,0.5,0.67373776
3.0,0.42857142857142855,0.5,0.8176026
3.0,0.5,0.5,0.9066199
3.0,0.5714285714285714,0.5,0.8243324
3.0,0.6428571428571428,0.5,0.67890304
3.0,0.7142857142857142,0.5,0.5425587
3.0,0.7857142857142857,0.5,0.4094946
3.0,0.8571428571428571,0.5,0.27316424
3.0,0.9285714285714285,0.5,0.13488242
3.0,1.0,0.5,0.0016740179
3.0,0.0,0.5714285714285714,-0.0030746395
3.0,0.07142857142857142,0.5714285714285714,0.120291345
3.0,0.14285714285714285,0.5714285714285714,0.24700154
3.0,0.21428571428571427,0.5714285714285714,0.37169212
3.0,0.2857142857142857,0.5714285714285714,0.492224
3.0,0.3571428571428571,0.5714285714285714,0.6139934
3.0,0.42857142857142855,0.5714285714285714,0.7434342
3.0,0.5,0.5714285714285714,0.82013017
3.0,0.5714285714285714,0.5714285714285714,0.74298215
3.0,0.6428571428571428,0.5714285714285714,0.6106867
3.0,0.7142857142857142,0.5714285714285714,0.49030736
3.0,0.7857142857142857,0.5714285714285714,0.3725387
3.0,0.8571428571428571,0.5714285714285714,0.24912293
3.0,0.9285714285714285,0.5714285714285714,0.12177906
3.0,1.0,0.5714285714285714,-0.0017251456
3.0,0.0,0.6428571428571428,-0.0052957023
3.0,0.07142857142857142,0.6428571428571428,0.09834307
3.0,0.14285714285714285,0.6428571428571428,0.20268585
3.0,0.21428571428571427,0.6428571428571428,0.30519438
3.0,0.2857142857142857,0.6428571428571428,0.4061593
3.0,0.3571428571428571,0.6428571428571428,0.51016414
3.0,0.42857142857142855,0.6428571428571428,0.6177744
3.0,0.5,0.6428571428571428,0.6769962
3.0,0.5714285714285714,0.6428571428571428,0.6144265
3.0,0.6428571428571428,0.6428571428571428,0.5055797
3.0,0.7142857142857142,0.6428571428571428,0.40510044
3.0,0.7857142857142857,0.6428571428571428,0.30693597
3.0,0.8571428571428571,0.6428571428571428,0.20444812
3.0,0.9285714285714285,0.6428571428571428,0.09871437
3.0,1.0,0.6428571428571428,-0.0045623193
3.0,0.0,0.7142857142857142,-0.00515923
3.0,0.07142857142857142,0.7142857142857142,0.078337245
3.0,0.14285714285714285,0.7142857142857142,0.16061072
3.0,0.21428571428571427,0.7142857142857142,0.2412334
3.0,0.2857142857142857,0.7142857142857142,0.3219829
3.0,0.3571428571428571,0.7142857142857142,0.40681714
3.0,0.42857142857142855,0.7142857142857142,0.49343798
3.0,0.5,0.7142857142857142,0.53981197
3.0,0.5714285714285714,0.7142857142857142,0.4942195
3.0,0.6428571428571428,0.7142857142857142,0.40800825
3.0,0.7142857142857142,0.7142857142857142,0.32499456
3.0,0.7857142857142857,0.7142857142857142,0.24466701
3.0,0.8571428571428571,0.7142857142857142,0.16266762
3.0,0.9285714285714285,0.7142857142857142,0.078994945
3.0,1.0,0.7142857142857142,-0.0033344785
3.0,0.0,0.7857142857142857,-0.0038984576
3.0,0.07142857142857142,0.7857142857142857,0.060663417
3.0,0.14285714285714285,0.7857142857142857,0.122368775
3.0,0.21428571428571427,0.7857142857142857,0.18196274
3.0,0.2857142857142857,0.7857142857142857,0.24196337
3.0,0.3571428571428571,0.7857142857142857,0.3060468
3.0,0.42857142857142855,0.7857142857142857,0.37116826
3.0,0.5,0.7857142857142857,0.40563396
3.0,0.5714285714285714,0.7857142857142857,0.37406924
3.0,0.6428571428571428,0.7857142857142857,0.30911928
3.0,0.7142857142857142,0.7857142857142857,0.24486692
3.0,0.7857142857142857,0.7857142857142857,0.18403053
3.0,0.8571428571428571,0.7857142857142857,0.12310193
3.0,0.9285714285714285,0.7857142857142857,0.060695775
3.0,1.0,0.7857142857142857,-0.0022499869
3.0,0.0,0.8571428571428571,-0.003089943
3.0,0.07142857142857142,0.8571428571428571,0.043491147
3.0,0.14285714285714285,0.8571428571428571,0.08542702
3.0,0.21428571428571427,0.8571428571428571,0.12405581
3.0,0.2857142857142857,0.8571428571428571,0.16240977
3.0,0.3571428571428571,0.8571428571428571,0.20421933
3.0,0.42857142857142855,0.8571428571428571,0.2470795
3.0,0.5,0.8571428571428571,0.26955146
3.0,0.5714285714285714,0.8571428571428571,0.2492571
3.0,0.6428571428571428,0.8571428571428571,0.20544076
3.0,0.7142857142857142,0.8571428571428571,0.16227324
3.0,0.7857142857142857,0.8571428571428571,0.12286896
3.0,0.8571428571428571,0.8571428571428571,0.083564155
3.0,0.9285714285714285,0.8571428571428571,0.041677058
3.0,1.0,0.8571428571428571,-0.0032539153
3.0,0.0,0.9285714285714285,-0.005010118
3.0,0.07142857142857142,0.9285714285714285,0.023829803
3.0,0.14285714285714285,0.9285714285714285,0.046028186
3.0,0.21428571428571427,0.9285714285714285,0.06343257
3.0,0.2857142857142857,0.9285714285714285,0.07972192
3.0,0.3571428571428571,0.9285714285714285,0.099038735
3.0,0.42857142857142855,0.9285714285714285,0.12068597
3.0,0.5,0.9285714285714285,0.13247019
3.0,0.5714285714285714,0.9285714285714285,0.121902
3.0,0.6428571428571428,0.9285714285714285,0.09897839
3.0,0.7142857142857142,0.9285714285714285,0.078091405
3.0,0.7857142857142857,0.9285714285714285,0.060692966
3.0,0.8571428571428571,0.9285714285714285,0.04262279
3.0,0.9285714285714285,0.9285714285714285,0.020289086
3.0,1.0,0.9285714285714285,-0.007667211
3.0,0.0,1.0,-0.013039746
3.0,0.07142857142857142,1.0,-0.0022967057
3.0,0.14285714285714285,1.0,9.922031e-05
3.0,0.21428571428571427,1.0,-0.0031786682
3.0,0.2857142857142857,1.0,-0.007575159
3.0,0.3571428571428571,1.0,-0.008270306
3.0,0.42857142857142855,1.0,-0.0038959468
3.0,0.5,1.0,0.00033062603
3.0,0.5714285714285714,1.0,-0.001539194
3.0,0.6428571428571428,1.0,-0.0054223547
3.0,0.7142857142857142,1.0,-0.0051514814
3.0,0.7857142857142857,1.0,-0.0018733079
3.0,0.8571428571428571,1.0,-0.00032734592
3.0,0.9285714285714285,1.0,-0.0046242187
3.0,1.0,1.0,-0.016702853
4.0,0.0,0.0,-0.012226422
4.0,0.07142857142857142,0.0,-0.0030872049
4.0,0.14285714285714285,0.0,0.00041706394
4.0,0.21428571428571427,0.0,-0.0011443207
4.0,0.2857142857142857,0.0,-0.005020776
4.0,0.3571428571428571,0.0,-0.00580508
4.0,0.42857142857142855,0.0,-0.0011527697
4.0,0.5,0.0,0.000980786
4.0,0.5714285714285714,0.0,-0.0045803795
4.0,0.6428571428571428,0.0,-0.00898951
4.0,0.7142857142857142,0.0,-0.0071522454
4.0,0.7857142857142857,0.0,-0.0038025016
4.0,0.8571428571428571,0.0,-0.003534303
4.0,0.9285714285714285,0.0,-0.0077426666
4.0,1.0,0.0,-0.016779266
4.0,0.0,0.07142857142857142,-0.0035395632
4.0,0.07142857142857142,0.07142857142857142,0.021661445
4.0,0.14285714285714285,0.07142857142857142,0.04334351
4.0,0.21428571428571427,0.07142857142857142,0.061511643
4.0,0.2857142857142857,0.07142857142857142,0.07805535
4.0,0.3571428571428571,0.07142857142857142,0.09777651
4.0,0.42857142857142855,0.07142857142857142,0.12154736
4.0,0.5,0.07142857142857142,0.1327158
4.0,0.5714285714285714,0.07142857142857142,0.11865535
4.0,0.6428571428571428,0.07142857142857142,0.096481465
4.0,0.7142857142857142,0.07142857142857142,0.07858228
4.0,0.7857142857142857,0.07142857142857142,0.061512277
4.0,0.8571428571428571,0.07142857142857142,0.042087696
4.0,0.9285714285714285,0.07142857142857142,0.01991067
4.0,1.0,0.07142857142857142,-0.0055733705
4.0,0.0,0.14285714285714285,-0.00049378444
4.0,0.07142857142857142,0.14285714285714285,0.042030398
4.0,0.14285714285714285,0.14285714285714285,0.08347504
4.0,0.21428571428571427,0.14285714285714285,0.1231175
4.0,0.2857142857142857,0.14285714285714285,0.16172497
4.0,0.3571428571428571,0.14285714285714285,0.20347162
4.0,0.42857142857142855,0.14285714285714285,0.24875589
4.0,0.5,0.14285714285714285,0.27094388
4.0,0.5714285714285714,0.14285714285714285,0.24640645
4.0,0.6428571428571428,0.14285714285714285,0.20359729
4.0,0.7142857142857142,0.14285714285714285,0.1634215
4.0,0.7857142857142857,0.14285714285714285,0.123758145
4.0,0.8571428571428571,0.14285714285714285,0.08317311
4.0,0.9285714285714285,0.14285714285714285,0.041792832
4.0,1.0,0.14285714285714285,-0.0015840614
4.0,0.0,0.21428571428571427,-0.0016883891
4.0,0.07142857142857142,0.21428571428571427,0.05950015
4.0,0.14285714285714285,0.21428571428571427,0.121869735
4.0,0.21428571428571427,0.21428571428571427,0.18360204
4.0,0.2857142857142857,0.21428571428571427,0.24403109
4.0,0.3571428571428571,0.21428571428571427,0.30679816
4.0,0.42857142857142855,0.21428571428571427,0.3733486
4.0,0.5,0.21428571428571427,0.40727922
4.0,0.5714285714285714,0.21428571428571427,0.37106273
4.0,0.6428571428571428,0.21428571428571427,0.3072265
4.0,0.7142857142857142,0.21428571428571427,0.24491169
4.0,0.7857142857142857,0.21428571428571427,0.18300432
4.0,0.8571428571428571,0.21428571428571427,0.12146019
4.0,0.9285714285714285,0.21428571428571427,0.06019105
4.0,1.0,0.21428571428571427,-0.0024809474
4.0,0.0,0.2857142857142857,-0.005144651
4.0,0.07142857142857142,0.2857142857142857,0.076356106
4.0,0.14285714285714285,0.2857142857142857,0.16064014
4.0,0.21428571428571427,0.2857142857142857,0.24431698
4.0,0.2857142857142857,0.2857142857142857,0.32518506
4.0,0.3571428571428571,0.2857142857142857,0.40682673
4.0,0.42857142857142855,0.2857142857142857,0.49324784
4.0,0.5,0.2857142857142857,0.53916246
4.0,0.5714285714285714,0.2857142857142857,0.49081138
4.0,0.6428571428571428,0.2857142857142857,0.4068987
4.0,0.7142857142857142,0.2857142857142857,0.3241978
4.0,0.7857142857142857,0.2857142857142857,0.24202184
4.0,0.8571428571428571,0.2857142857142857,0.16033097
4.0,0.9285714285714285,0.2857142857142857,0.07834164
4.0,1.0,0.2857142857142857,-0.0049537206
4.0,0.0,0.3571428571428571,-0.0075415904
4.0,0.07142857142857142,0.3571428571428571,0.09591852
4.0,0.14285714285714285,0.3571428571428571,0.20295869
4.0,0.21428571428571427,0.3571428571428571,0.30827615
4.0,0.2857142857142857,0.3571428571428571,0.40847448
4.0,0.3571428571428571,0.3571428571428571,0.5079275
4.0,0.42857142857142855,0.3571428571428571,0.6140584
4.0,0.5,0.3571428571428571,0.67324424
4.0,0.5714285714285714,0.3571428571428571,0.61248124
4.0,0.6428571428571428,0.3571428571428571,0.5082229
4.0,0.7142857142857142,0.3571428571428571,0.40620935
4.0,0.7857142857142857,0.3571428571428571,0.30510402
4.0,0.8571428571428571,0.3571428571428571,0.20303585
4.0,0.9285714285714285,0.3571428571428571,0.09903394
4.0,1.0,0.3571428571428571,-0.0055055553
4.0,0.0,0.42857142857142855,-0.005046104
4.0,0.07142857142857142,0.42857142857142855,0.11949765
4.0,0.14285714285714285,0.42857142857142855,0.24831907
4.0,0.21428571428571427,0.42857142857142855,0.3743911
4.0,0.2857142857142857,0.42857142857142855,0.49380073
4.0,0.3571428571428571,0.42857142857142855,0.6122904
4.0,0.42857142857142855,0.42857142857142855,0.7401269
4.0,0.5,0.42857142857142855,0.8156242
4.0,0.5714285714285714,0.42857142857142855,0.74256074
4.0,0.6428571428571428,0.42857142857142855,0.61512583
4.0,0.7142857142857142,0.42857142857142855,0.49225637
4.0,0.7857142857142857,0.42857142857142855,0.37115356
4.0,0.8571428571428571,0.42857142857142855,0.24756216
4.0,0.9285714285714285,0.42857142857142855,0.12154653
4.0,1.0,0.42857142857142855,-0.0022712136
4.0,0.0,0.5,-0.0019210065
4.0,0.07142857142857142,0.5,0.13224392
4.0,0.14285714285714285,0.5,0.2715245
4.0,0.21428571428571427,0.5,0.40861148
4.0,0.2857142857142857,0.5,0.5397628
4.0,0.3571428571428571,0.5,0.6710607
4.0,0.42857142857142855,0.5,0.81280804
4.0,0.5,0.5,0.899898
4.0,0.5714285714285714,0.5,0.8198053
4.0,0.6428571428571428,0.5,0.6762468
4.0,0.7142857142857142,0.5,0.5406012
4.0,0.7857142857142857,0.5,0.4080296
4.0,0.8571428571428571,0.5,0.27211842
4.0,0.9285714285714285,0.5,0.13408102
4.0,1.0,0.5,0.0009318879
4.0,0.0,0.5714285714285714,-0.003941388
4.0,0.07142857142857142,0.5714285714285714,0.119592674
4.0,0.14285714285714285,0.5714285714285714,0.24639668
4.0,0.21428571428571427,0.5714285714285714,0.3710558
4.0,0.2857142857142857,0.5714285714285714,0.49140272
4.0,0.3571428571428571,0.5714285714285714,0.6126441
4.0,0.42857142857142855,0.5714285714285714,0.7404578
4.0,0.5,0.5714285714285714,0.8155027
4.0,0.5714285714285714,0.5714285714285714,0.74028766
4.0,0.6428571428571428,0.5714285714285714,0.6095568
4.0,0.7142857142857142,0.5714285714285714,0.48950836
4.0,0.7857142857142857,0.5714285714285714,0.37188438
4.0,0.8571428571428571,0.5714285714285714,0.24860533
4.0,0.9285714285714285,0.5714285714285714,0.12129276
4.0,1.0,0.5714285714285714,-0.0023006657
4.0,0.0,0.6428571428571428,-0.005779759
4.0,0.07142857142857142,0.6428571428571428,0.09803166
4.0,0.14285714285714285,0.6428571428571428,0.20253742
4.0,0.21428571428571427,0.6428571428571428,0.30519018
4.0,0.2857142857142857,0.6428571428571428,0.40625083
4.0,0.3571428571428571,0.6428571428571428,0.5100718
4.0,0.42857142857142855,0.6428571428571428,0.61654073
4.0,0.5,0.6428571428571428,0.67449427
4.0,0.5714285714285714,0.6428571428571428,0.6133573
4.0,0.6428571428571428,0.6428571428571428,0.5057372
4.0,0.7142857142857142,0.6428571428571428,0.40537506
4.0,0.7857142857142857,0.6428571428571428,0.30707687
4.0,0.8571428571428571,0.6428571428571428,0.20444573
4.0,0.9285714285714285,0.6428571428571428,0.09852539
4.0,1.0,0.6428571428571428,-0.0049807886
4.0,0.0,0.7142857142857142,-0.00549055
4.0,0.07142857142857142,0.7142857142857142,0.07811193
4.0,0.14285714285714285,0.7142857142857142,0.1605136
4.0,0.21428571428571427,0.7142857142857142,0.24129613
4.0,0.2857142857142857,0.7142857142857142,0.3221964
4.0,0.3571428571428571,0.7142857142857142,0.4069261
4.0,0.42857142857142855,0.7142857142857142,0.49263206
4.0,0.5,0.7142857142857142,0.5380022
4.0,0.5714285714285714,0.7142857142857142,0.49340352
4.0,0.6428571428571428,0.7142857142857142,0.40819368
4.0,0.7142857142857142,0.7142857142857142,0.32531413
4.0,0.7857142857142857,0.7142857142857142,0.24485163
4.0,0.8571428571428571,0.7142857142857142,0.1626842
4.0,0.9285714285714285,0.7142857142857142,0.078816555
4.0,1.0,0.7142857142857142,-0.0037304917
4.0,0.0,0.7857142857142857,-0.0041666487
4.0,0.07142857142857142,0.7857142857142857,0.060428627
4.0,0.14285714285714285,0.7857142857142857,0.12220275
4.0,0.21428571428571427,0.7857142857142857,0.18191665
4.0,0.2857142857142857,0.7857142857142857,0.24204786
4.0,0.3571428571428571,0.7857142857142857,0.30604774
4.0,0.42857142857142855,0.7857142857142857,0.37046537
4.0,0.5,0.7857142857142857,0.4042242
4.0,0.5714285714285714,0.7857142857142857,0.3733475
4.0,0.6428571428571428,0.7857142857142857,0.3091444
4.0,0.7142857142857142,0.7857142857142857,0.24499382
4.0,0.7857142857142857,0.7857142857142857,0.18404487
4.0,0.8571428571428571,0.7857142857142857,0.122994624
4.0,0.9285714285714285,0.7857142857142857,0.060459465
4.0,1.0,0.7857142857142857,-0.0026370706
4.0,0.0,0.8571428571428571,-0.0032930681
4.0,0.07142857142857142,0.8571428571428571,0.043259226
4.0,0.14285714285714285,0.8571428571428571,0.08520437
4.0,0.21428571428571427,0.8571428571428571,0.1238999
4.0,0.2857142857142857,0.8571428571428571,0.16234672
4.0,0.3571428571428571,0.8571428571428571,0.2040874
4.0,0.42857142857142855,0.8571428571428571,0.2464536
4.0,0.5,0.8571428571428571,0.26848897
4.0,0.5714285714285714,0.8571428571428571,0.24866535
4.0,0.6428571428571428,0.8571428571428571,0.20535794
4.0,0.7142857142857142,0.8571428571428571,0.16223241
4.0,0.7857142857142857,0.8571428571428571,0.122727744
4.0,0.8571428571428571,0.8571428571428571,0.083351575
4.0,0.9285714285714285,0.8571428571428571,0.041409053
4.0,1.0,0.8571428571428571,-0.0036006542
4.0,0.0,0.9285714285714285,-0.0051291035
4.0,0.07142857142857142,0.9285714285714285,0.023629993
4.0,0.14285714285714285,0.9285714285714285,0.04578501
4.0,0.21428571428571427,0.9285714285714285,0.0632077
4.0,0.2857142857142857,0.9285714285714285,0.07955065
4.0,0.3571428571428571,0.9285714285714285,0.09880585
4.0,0.42857142857142855,0.9285714285714285,0.12012418
4.0,0.5,0.9285714285714285,0.13165736
4.0,0.5714285714285714,0.9285714285714285,0.1213971
4.0,0.6428571428571428,0.9285714285714285,0.09880159
4.0,0.7142857142857142,0.9285714285714285,0.07792025
4.0,0.7857142857142857,0.9285714285714285,0.060441054
4.0,0.8571428571428571,0.9285714285714285,0.04234458
4.0,0.9285714285714285,0.9285714285714285,0.020017546
4.0,1.0,0.9285714285714285,-0.007952926
4.0,0.0,1.0,-0.013076776
4.0,0.07142857142857142,1.0,-0.002455513
4.0,0.14285714285714285,1.0,-0.00014062691
4.0,0.21428571428571427,1.0,-0.0034377472
4.0,0.2857142857142857,1.0,-0.007822727
4.0,0.3571428571428571,1.0,-0.008591072
4.0,0.42857142857142855,1.0,-0.0044472227
4.0,0.5,1.0,-0.00037667248
4.0,0.5714285714285714,1.0,-0.0020601833
4.0,0.6428571428571428,1.0,-0.005730384
4.0,0.7142857142857142,1.0,-0.005450503
4.0,0.7857142857142857,1.0,-0.0022140155
4.0,0.8571428571428571,1.0,-0.00064965803
4.0,0.9285714285714285,1.0,-0.004888353
4.0,1.0,1.0,-0.016927548
5.0,0.0,0.0,-0.01248847
5.0,0.07142857142857142,0.0,-0.0033525163
5.0,0.14285714285714285,0.0,0.00014544558
5.0,0.21428571428571427,0.0,-0.0014367225
5.0,0.2857142857142857,0.0,-0.0053727897
5.0,0.3571428571428571,0.0,-0.0063089402
5.0,0.42857142857142855,0.0,-0.0019102255
5.0,0.5,0.0,0.00010001939
5.0,0.5714285714285714,0.0,-0.0052818554
5.0,0.6428571428571428,0.0,-0.009456457
5.0,0.7142857142857142,0.0,-0.0074650915
5.0,0.7857142857142857,0.0,-0.0040204683
5.0,0.8571428571428571,0.0,-0.0037278393
5.0,0.9285714285714285,0.0,-0.00798192
5.0,1.0,0.0,-0.017110884
5.0,0.0,0.07142857142857142,-0.0039017769
5.0,0.07142857142857142,0.07142857142857142,0.021341741
5.0,0.14285714285714285,0.07142857142857142,0.043082386
5.0,0.21428571428571427,0.07142857142857142,0.061317988
5.0,0.2857142857142857,0.07142857142857142,0.077896066
5.0,0.3571428571428571,0.07142857142857142,0.0975048
5.0,0.42857142857142855,0.07142857142857142,0.12091451
5.0,0.5,0.07142857142857142,0.13183655
5.0,0.5714285714285714,0.07142857142857142,0.11802273
5.0,0.6428571428571428,0.07142857142857142,0.09613929
5.0,0.7142857142857142,0.07142857142857142,0.078369
5.0,0.7857142857142857,0.07142857142857142,0.06133461
5.0,0.8571428571428571,0.07142857142857142,0.041864835
5.0,0.9285714285714285,0.07142857142857142,0.0195833
5.0,1.0,0.07142857142857142,-0.006034472
5.0,0.0,0.14285714285714285,-0.000931642
5.0,0.07142857142857142,0.14285714285714285,0.041678786
5.0,0.14285714285714285,0.14285714285714285,0.08324295
5.0,0.21428571428571427,0.14285714285714285,0.123034485
5.0,0.2857142857142857,0.14285714285714285,0.16176426
5.0,0.3571428571428571,0.14285714285714285,0.20342423
5.0,0.42857142857142855,0.14285714285714285,0.248174
5.0,0.5,0.14285714285714285,0.26990563
5.0,0.5714285714285714,0.14285714285714285,0.24573348
5.0,0.6428571428571428,0.14285714285714285,0.20333908
5.0,0.7142857142857142,0.14285714285714285,0.1633109
5.0,0.7857142857142857,0.14285714285714285,0.12365369
5.0,0.8571428571428571,0.14285714285714285,0.08297512
5.0,0.9285714285714285,0.14285714285714285,0.041444615
5.0,1.0,0.14285714285714285,-0.002105386
5.0,0.0,0.21428571428571427,-0.002139424
5.0,0.07142857142857142,0.21428571428571427,0.059178866
5.0,0.14285714285714285,0.21428571428571427,0.12171999
5.0,0.21428571428571427,0.21428571428571427,0.18366154
5.0,0.2857142857142857,0.21428571428571427,0.2442726
5.0,0.3571428571428571,0.21428571428571427,0.306954
5.0,0.42857142857142855,0.21428571428571427,0.37274724
5.0,0.5,0.21428571428571427,0.40595737
5.0,0.5714285714285714,0.21428571428571427,0.37031075
5.0,0.6428571428571428,0.21428571428571427,0.30707043
5.0,0.7142857142857142,0.21428571428571427,0.24494337
5.0,0.7857142857142857,0.21428571428571427,0.18302391
5.0,0.8571428571428571,0.21428571428571427,0.12134945
5.0,0.9285714285714285,0.21428571428571427,0.059890777
5.0,1.0,0.21428571428571427,-0.0029925788
5.0,0.0,0.2857142857142857,-0.0055443873
5.0,0.07142857142857142,0.2857142857142857,0.07612732
5.0,0.14285714285714285,0.2857142857142857,0.16061331
5.0,0.21428571428571427,0.2857142857142857,0.24451698
5.0,0.2857142857142857,0.2857142857142857,0.3255735
5.0,0.3571428571428571,0.2857142857142857,0.40710202
5.0,0.42857142857142855,0.2857142857142857,0.49253544
5.0,0.5,0.2857142857142857,0.5374754
5.0,0.5714285714285714,0.2857142857142857,0.49000773
5.0,0.6428571428571428,0.2857142857142857,0.4068875
5.0,0.7142857142857142,0.2857142857142857,0.32438073
5.0,0.7857142857142857,0.2857142857142857,0.24215616
5.0,0.8571428571428571,0.2857142857142857,0.16030553
5.0,0.9285714285714285,0.2857142857142857,0.078102745
5.0,1.0,0.2857142857142857,-0.005425931
5.0,0.0,0.3571428571428571,-0.007952184
5.0,0.07142857142857142,0.3571428571428571,0.09571088
5.0,0.14285714285714285,0.3571428571428571,0.20294525
5.0,0.21428571428571427,0.3571428571428571,0.30843303
5.0,0.2857142857142857,0.3571428571428571,0.40873554
5.0,0.3571428571428571,0.3571428571428571,0.50798863
5.0,0.42857142857142855,0.3571428571428571,0.61289835
5.0,0.5,0.3571428571428571,0.6708824
5.0,0.5714285714285714,0.3571428571428571,0.6114261
5.0,0.6428571428571428,0.3571428571428571,0.5081617
5.0,0.7142857142857142,0.3571428571428571,0.4063064
5.0,0.7857142857142857,0.3571428571428571,0.30512363
5.0,0.8571428571428571,0.3571428571428571,0.20292325
5.0,0.9285714285714285,0.3571428571428571,0.09875355
5.0,1.0,0.3571428571428571,-0.005980962
5.0,0.0,0.42857142857142855,-0.005804495
5.0,0.07142857142857142,0.42857142857142855,0.11892196
5.0,0.14285714285714285,0.42857142857142855,0.2478454
5.0,0.21428571428571427,0.42857142857142855,0.37390092
5.0,0.2857142857142857,0.42857142857142855,0.49315563
5.0,0.3571428571428571,0.42857142857142855,0.61116105
5.0,0.42857142857142855,0.42857142857142855,0.7373937
5.0,0.5,0.42857142857142855,0.8113724
5.0,0.5714285714285714,0.42857142857142855,0.7401155
5.0,0.6428571428571428,0.42857142857142855,0.6140351
5.0,0.7142857142857142,0.42857142857142855,0.4914616
5.0,0.7857142857142857,0.42857142857142855,0.3704701
5.0,0.8571428571428571,0.42857142857142855,0.24698664
5.0,0.9285714285714285,0.42857142857142855,0.12101368
5.0,1.0,0.42857142857142855,-0.0028541991
5.0,0.0,0.5,-0.0030320892
5.0,0.07142857142857142,0.5,0.13123047
5.0,0.14285714285714285,0.5,0.27047163
5.0,0.21428571428571427,0.5,0.40731078
5.0,0.2857142857142857,0.5,0.5379757
5.0,0.3571428571428571,0.5,0.66837853
5.0,0.42857142857142855,0.5,0.80803955
5.0,0.5,0.5,0.8931885
5.0,0.5714285714285714,0.5,0.8152516
5.0,0.6428571428571428,0.5,0.6735863
5.0,0.7142857142857142,0.5,0.5386467
5.0,0.7857142857142857,0.5,0.40657416
5.0,0.8571428571428571,0.5,0.27109852
5.0,0.9285714285714285,0.5,0.13332702
5.0,1.0,0.5,0.00025603827
5.0,0.0,0.5714285714285714,-0.0047209943
5.0,0.07142857142857142,0.5714285714285714,0.11895735
5.0,0.14285714285714285,0.5714285714285714,0.24582674
5.0,0.21428571428571427,0.5714285714285714,0.37043026
5.0,0.2857142857142857,0.5714285714285714,0.49058405
5.0,0.3571428571428571,0.5714285714285714,0.61130804
5.0,0.42857142857142855,0.5714285714285714,0.7375213
5.0,0.5,0.5714285714285714,0.81091243
5.0,0.5714285714285714,0.5714285714285714,0.73758614
5.0,0.6428571428571428,0.5714285714285714,0.6084313
5.0,0.7142857142857142,0.5714285714285714,0.48871204
5.0,0.7857142857142857,0.5714285714285714,0.37122825
5.0,0.8571428571428571,0.5714285714285714,0.24809922
5.0,0.9285714285714285,0.5714285714285714,0.12083898
5.0,1.0,0.5714285714285714,-0.0028215805
5.0,0.0,0.6428571428571428,-0.0061972523
5.0,0.07142857142857142,0.6428571428571428,0.09776524
5.0,0.14285714285714285,0.6428571428571428,0.20241083
5.0,0.21428571428571427,0.6428571428571428,0.3051891
5.0,0.2857142857142857,0.6428571428571428,0.4063361
5.0,0.3571428571428571,0.6428571428571428,0.50997305
5.0,0.42857142857142855,0.6428571428571428,0.6153142
5.0,0.5,0.6428571428571428,0.67200285
5.0,0.5714285714285714,0.6428571428571428,0.6122615
5.0,0.6428571428571428,0.6428571428571428,0.50587595
5.0,0.7142857142857142,0.6428571428571428,0.40563667
5.0,0.7857142857142857,0.6428571428571428,0.30720562
5.0,0.8571428571428571,0.6428571428571428,0.2044424
5.0,0.9285714285714285,0.6428571428571428,0.0983555
5.0,1.0,0.6428571428571428,-0.0053605074
5.0,0.0,0.7142857142857142,-0.005774283
5.0,0.07142857142857142,0.7142857142857142,0.077916786
5.0,0.14285714285714285,0.7142857142857142,0.16043007
5.0,0.21428571428571427,0.7142857142857142,0.24135955
5.0,0.2857142857142857,0.7142857142857142,0.32240334
5.0,0.3571428571428571,0.7142857142857142,0.40702707
5.0,0.42857142857142855,0.7142857142857142,0.49182984
5.0,0.5,0.7142857142857142,0.536202
5.0,0.5714285714285714,0.7142857142857142,0.49256536
5.0,0.6428571428571428,0.7142857142857142,0.4083574
5.0,0.7142857142857142,0.7142857142857142,0.32561862
5.0,0.7857142857142857,0.7142857142857142,0.2450247
5.0,0.8571428571428571,0.7142857142857142,0.16269936
5.0,0.9285714285714285,0.7142857142857142,0.07865312
5.0,1.0,0.7142857142857142,-0.004095667
5.0,0.0,0.7857142857142857,-0.0044007683
5.0,0.07142857142857142,0.7857142857142857,0.06021469
5.0,0.14285714285714285,0.7857142857142857,0.12204664
5.0,0.21428571428571427,0.7857142857142857,0.18187301
5.0,0.2857142857142857,0.7857142857142857,0.24213101
5.0,0.3571428571428571,0.7857142857142857,0.30604884
5.0,0.42857142857142855,0.7857142857142857,0.36977547
5.0,0.5,0.7857142857142857,0.4028321
5.0,0.5714285714285714,0.7857142857142857,0.37261602
5.0,0.6428571428571428,0.7857142857142857,0.30915633
5.0,0.7142857142857142,0.7857142857142857,0.2451113
5.0,0.7857142857142857,0.7857142857142857,0.18405193
5.0,0.8571428571428571,0.7857142857142857,0.12288753
5.0,0.9285714285714285,0.7857142857142857,0.060236
5.0,1.0,0.7857142857142857,-0.0029970938
5.0,0.0,0.8571428571428571,-0.0034705484
5.0,0.07142857142857142,0.8571428571428571,0.043043233
5.0,0.14285714285714285,0.8571428571428571,0.08499058
5.0,0.21428571428571427,0.8571428571428571,0.12374898
5.0,0.2857142857142857,0.8571428571428571,0.16228972
5.0,0.3571428571428571,0.8571428571428571,0.20396824
5.0,0.42857142857142855,0.8571428571428571,0.24585547
5.0,0.5,0.8571428571428571,0.2674583
5.0,0.5714285714285714,0.8571428571428571,0.24808218
5.0,0.6428571428571428,0.8571428571428571,0.20527615
5.0,0.7142857142857142,0.8571428571428571,0.16219339
5.0,0.7857142857142857,0.8571428571428571,0.122585826
5.0,0.8571428571428571,0.8571428571428571,0.08314139
5.0,0.9285714285714285,0.8571428571428571,0.04115166
5.0,1.0,0.8571428571428571,-0.003925373
5.0,0.0,0.9285714285714285,-0.0052300813
5.0,0.07142857142857142,0.9285714285714285,0.023442216
5.0,0.14285714285714285,0.9285714285714285,0.045550637
5.0,0.21428571428571427,0.9285714285714285,0.06299285
5.0,0.2857142857142857,0.9285714285714285,0.07939423
5.0,0.3571428571428571,0.9285714285714285,0.09859914
5.0,0.42857142857142855,0.9285714285714285,0.11960653
5.0,0.5,0.9285714285714285,0.13089387
5.0,0.5714285714285714,0.9285714285714285,0.12092369
5.0,0.6428571428571428,0.9285714285714285,0.09864583
5.0,0.7142857142857142,0.9285714285714285,0.07776544
5.0,0.7857142857142857,0.9285714285714285,0.06019745
5.0,0.8571428571428571,0.9285714285714285,0.04207097
5.0,0.9285714285714285,0.9285714285714285,0.019754536
5.0,1.0,0.9285714285714285,-0.008222473
5.0,0.0,1.0,-0.013101873
5.0,0.07142857142857142,1.0,-0.002604424
5.0,0.14285714285714285,1.0,-0.00036940258
5.0,0.21428571428571427,1.0,-0.0036803177
5.0,0.2857142857142857,1.0,-0.008044598
5.0,0.3571428571428571,1.0,-0.008870666
5.0,0.42857142857142855,1.0,-0.0049383724
5.0,0.5,1.0,-0.0010160962
5.0,0.5714285714285714,1.0,-0.0025256136
5.0,0.6428571428571428,1.0,-0.0059957067
5.0,0.7142857142857142,1.0,-0.005717815
5.0,0.7857142857142857,1.0,-0.0025359588
5.0,0.8571428571428571,1.0,-0.0009625936
5.0,0.9285714285714285,1.0,-0.005145245
5.0,1.0,1.0,-0.017141096
6.0,0.0,0.0,-0.01272883
6.0,0.07142857142857142,0.0,-0.0035979757
6.0,0.14285714285714285,0.0,-0.00010722224
6.0,0.21428571428571427,0.0,-0.001706806
6.0,0.2857142857142857,0.0,-0.0056931535
6.0,0.3571428571428571,0.0,-0.0067624385
6.0,0.42857142857142855,0.0,-0.0025963122
6.0,0.5,0.0,-0.00069691334
6.0,0.5714285714285714,0.0,-0.005901751
6.0,0.6428571428571428,0.0,-0.009857879
6.0,0.7142857142857142,0.0,-0.007731934
6.0,0.7857142857142857,0.0,-0.0042057643
6.0,0.8571428571428571,0.0,-0.0038936595
6.0,0.9285714285714285,0.0,-0.008192644
6.0,1.0,0.0,-0.017411478
6.0,0.0,0.07142857142857142,-0.0042370604
6.0,0.07142857142857142,0.07142857142857142,0.021044742
6.0,0.14285714285714285,0.07142857142857142,0.042840242
6.0,0.21428571428571427,0.07142857142857142,0.06114216
6.0,0.2857142857142857,0.07142857142857142,0.07775932
6.0,0.3571428571428571,0.07142857142857142,0.09726745
6.0,0.42857142857142855,0.07142857142857142,0.12033122
6.0,0.5,0.07142857142857142,0.13101326
6.0,0.5714285714285714,0.07142857142857142,0.11744308
6.0,0.6428571428571428,0.07142857142857142,0.0958395
6.0,0.7142857142857142,0.07142857142857142,0.07818345
6.0,0.7857142857142857,0.07142857142857142,0.061179213
6.0,0.8571428571428571,0.07142857142857142,0.041666195
6.0,0.9285714285714285,0.07142857142857142,0.01928509
6.0,1.0,0.07142857142857142,-0.006462508
6.0,0.0,0.14285714285714285,-0.001339498
6.0,0.07142857142857142,0.14285714285714285,0.04135198
6.0,0.14285714285714285,0.14285714285714285,0.083028965
6.0,0.21428571428571427,0.14285714285714285,0.122963525
6.0,0.2857142857142857,0.14285714285714285,0.16181418
6.0,0.3571428571428571,0.14285714285714285,0.20339315
6.0,0.42857142857142855,0.14285714285714285,0.24761741
6.0,0.5,0.14285714285714285,0.26889595
6.0,0.5714285714285714,0.14285714285714285,0.24508779
6.0,0.6428571428571428,0.14285714285714285,0.20310272
6.0,0.7142857142857142,0.14285714285714285,0.16321519
6.0,0.7857142857142857,0.14285714285714285,0.12356552
6.0,0.8571428571428571,0.14285714285714285,0.082800254
6.0,0.9285714285714285,0.14285714285714285,0.04112734
6.0,1.0,0.14285714285714285,-0.0025886158
6.0,0.0,0.21428571428571427,-0.002555334
6.0,0.07142857142857142,0.21428571428571427,0.058884077
6.0,0.14285714285714285,0.21428571428571427,0.12158484
6.0,0.21428571428571427,0.21428571428571427,0.18372436
6.0,0.2857142857142857,0.21428571428571427,0.24451007
6.0,0.3571428571428571,0.21428571428571427,0.30710772
6.0,0.42857142857142855,0.21428571428571427,0.37215114
6.0,0.5,0.21428571428571427,0.40464503
6.0,0.5714285714285714,0.21428571428571427,0.3695686
6.0,0.6428571428571428,0.21428571428571427,0.30692482
6.0,0.7142857142857142,0.21428571428571427,0.24498291
6.0,0.7857142857142857,0.21428571428571427,0.18305658
6.0,0.8571428571428571,0.21428571428571427,0.12126046
6.0,0.9285714285714285,0.21428571428571427,0.059622735
6.0,1.0,0.21428571428571427,-0.0034626657
6.0,0.0,0.2857142857142857,-0.0059016743
6.0,0.07142857142857142,0.2857142857142857,0.07592625
6.0,0.14285714285714285,0.2857142857142857,0.16059636
6.0,0.21428571428571427,0.2857142857142857,0.24470787
6.0,0.2857142857142857,0.2857142857142857,0.32593974
6.0,0.3571428571428571,0.2857142857142857,0.40735573
6.0,0.42857142857142855,0.2857142857142857,0.49181345
6.0,0.5,0.2857142857142857,0.53578633
6.0,0.5714285714285714,0.2857142857142857,0.48920527
6.0,0.6428571428571428,0.2857142857142857,0.4068815
6.0,0.7142857142857142,0.2857142857142857,0.32456693
6.0,0.7857142857142857,0.2857142857142857,0.24229826
6.0,0.8571428571428571,0.2857142857142857,0.16029878
6.0,0.9285714285714285,0.2857142857142857,0.077896535
6.0,1.0,0.2857142857142857,-0.0058529386
6.0,0.0,0.3571428571428571,-0.008307216
6.0,0.07142857142857142,0.3571428571428571,0.09553582
6.0,0.14285714285714285,0.3571428571428571,0.20293581
6.0,0.21428571428571427,0.3571428571428571,0.30856568
6.0,0.2857142857142857,0.3571428571428571,0.4089545
6.0,0.3571428571428571,0.3571428571428571,0.50800735
6.0,0.42857142857142855,0.3571428571428571,0.6117132
6.0,0.5,0.3571428571428571,0.66850483
6.0,0.5714285714285714,0.3571428571428571,0.61035484
6.0,0.6428571428571428,0.3571428571428571,0.50809544
6.0,0.7142857142857142,0.3571428571428571,0.40639904
6.0,0.7857142857142857,0.3571428571428571,0.30514416
6.0,0.8571428571428571,0.3571428571428571,0.20282556
6.0,0.9285714285714285,0.3571428571428571,0.0985062
6.0,1.0,0.3571428571428571,-0.0064070756
6.0,0.0,0.42857142857142855,-0.0064885365
6.0,0.07142857142857142,0.42857142857142855,0.11838994
6.0,0.14285714285714285,0.42857142857142855,0.2473775
6.0,0.21428571428571427,0.42857142857142855,0.37338024
6.0,0.2857142857142857,0.42857142857142855,0.4924589
6.0,0.3571428571428571,0.42857142857142855,0.6099822
6.0,0.42857142857142855,0.42857142857142855,0.7346311
6.0,0.5,0.42857142857142855,0.80708885
6.0,0.5714285714285714,0.42857142857142855,0.7376237
6.0,0.6428571428571428,0.42857142857142855,0.6129219
6.0,0.7142857142857142,0.42857142857142855,0.49065456
6.0,0.7857142857142857,0.42857142857142855,0.3697855
6.0,0.8571428571428571,0.42857142857142855,0.24642913
6.0,0.9285714285714285,0.42857142857142855,0.120520614
6.0,1.0,0.42857142857142855,-0.00337796
6.0,0.0,0.5,-0.004052543
6.0,0.07142857142857142,0.5,0.1302778
6.0,0.14285714285714285,0.5,0.26944354
6.0,0.21428571428571427,0.5,0.40600312
6.0,0.2857142857142857,0.5,0.5361724
6.0,0.3571428571428571,0.5,0.6656951
6.0,0.42857142857142855,0.5,0.80330205
6.0,0.5,0.5,0.8865027
6.0,0.5714285714285714,0.5,0.8106781
6.0,0.6428571428571428,0.5,0.67092305
6.0,0.7142857142857142,0.5,0.53669614
6.0,0.7857142857142857,0.5,0.40512764
6.0,0.8571428571428571,0.5,0.27010396
6.0,0.9285714285714285,0.5,0.1326191
6.0,1.0,0.5,-0.0003543282
6.0,0.0,0.5714285714285714,-0.0054157088
6.0,0.07142857142857142,0.5714285714285714,0.11838158
6.0,0.14285714285714285,0.5714285714285714,0.24528809
6.0,0.21428571428571427,0.5714285714285714,0.36981326
6.0,0.2857142857142857,0.5714285714285714,0.48976663
6.0,0.3571428571428571,0.5714285714285714,0.60998416
6.0,0.42857142857142855,0.5714285714285714,0.7346221
6.0,0.5,0.5714285714285714,0.80636054
6.0,0.5714285714285714,0.5714285714285714,0.7348772
6.0,0.6428571428571428,0.5714285714285714,0.6073081
6.0,0.7142857142857142,0.5714285714285714,0.48791704
6.0,0.7857142857142857,0.5714285714285714,0.3705709
6.0,0.8571428571428571,0.5714285714285714,0.2476034
6.0,0.9285714285714285,0.5714285714285714,0.12041848
6.0,1.0,0.5714285714285714,-0.0032878676
6.0,0.0,0.6428571428571428,-0.006550939
6.0,0.07142857142857142,0.6428571428571428,0.097541064
6.0,0.14285714285714285,0.6428571428571428,0.20230377
6.0,0.21428571428571427,0.6428571428571428,0.30518925
6.0,0.2857142857142857,0.6428571428571428,0.4064128
6.0,0.3571428571428571,0.6428571428571428,0.5098648
6.0,0.42857142857142855,0.6428571428571428,0.61409175
6.0,0.5,0.6428571428571428,0.66952294
6.0,0.5714285714285714,0.6428571428571428,0.61114043
6.0,0.6428571428571428,0.6428571428571428,0.5059946
6.0,0.7142857142857142,0.6428571428571428,0.40588358
6.0,0.7857142857142857,0.6428571428571428,0.30732125
6.0,0.8571428571428571,0.6428571428571428,0.20443794
6.0,0.9285714285714285,0.6428571428571428,0.098204315
6.0,1.0,0.6428571428571428,-0.0057006637
6.0,0.0,0.7142857142857142,-0.006012284
6.0,0.07142857142857142,0.7142857142857142,0.077749856
6.0,0.14285714285714285,0.7142857142857142,0.16035832
6.0,0.21428571428571427,0.7142857142857142,0.24142231
6.0,0.2857142857142857,0.7142857142857142,0.32260206
6.0,0.3571428571428571,0.7142857142857142,0.4071181
6.0,0.42857142857142855,0.7142857142857142,0.4910291
6.0,0.5,0.7142857142857142,0.53441197
6.0,0.5714285714285714,0.7142857142857142,0.4917057
6.0,0.6428571428571428,0.7142857142857142,0.4084988
6.0,0.7142857142857142,0.7142857142857142,0.32590744
6.0,0.7857142857142857,0.7142857142857142,0.24518536
6.0,0.8571428571428571,0.7142857142857142,0.16271235
6.0,0.9285714285714285,0.7142857142857142,0.078503974
6.0,1.0,0.7142857142857142,-0.004429252
6.0,0.0,0.7857142857142857,-0.004600675
6.0,0.07142857142857142,0.7857142857142857,0.06002155
6.0,0.14285714285714285,0.7857142857142857,0.12190009
6.0,0.21428571428571427,0.7857142857142857,0.18183069
6.0,0.2857142857142857,0.7857142857142857,0.2422116
6.0,0.3571428571428571,0.7857142857142857,0.30604872
6.0,0.42857142857142855,0.7857142857142857,0.3690973
6.0,0.5,0.7857142857142857,0.40145776
6.0,0.5714285714285714,0.7857142857142857,0.3718751
6.0,0.6428571428571428,0.7857142857142857,0.30915442
6.0,0.7142857142857142,0.7857142857142857,0.24522026
6.0,0.7857142857142857,0.7857142857142857,0.18405204
6.0,0.8571428571428571,0.7857142857142857,0.122780465
6.0,0.9285714285714285,0.7857142857142857,0.060025893
6.0,1.0,0.7857142857142857,-0.003330228
6.0,0.0,0.8571428571428571,-0.003623792
6.0,0.07142857142857142,0.8571428571428571,0.042842366
6.0,0.14285714285714285,0.8571428571428571,0.08478475
6.0,0.21428571428571427,0.8571428571428571,0.12360301
6.0,0.2857142857142857,0.8571428571428571,0.16223788
6.0,0.3571428571428571,0.8571428571428571,0.20385982
6.0,0.42857142857142855,0.8571428571428571,0.24528284
6.0,0.5,0.8571428571428571,0.26645815
6.0,0.5714285714285714,0.8571428571428571,0.24750729
6.0,0.6428571428571428,0.8571428571428571,0.20519513
6.0,0.7142857142857142,0.8571428571428571,0.1621562
6.0,0.7857142857142857,0.8571428571428571,0.12244462
6.0,0.8571428571428571,0.8571428571428571,0.08293384
6.0,0.9285714285714285,0.8571428571428571,0.040905744
6.0,1.0,0.8571428571428571,-0.0042279856
6.0,0.0,0.9285714285714285,-0.0053143026
6.0,0.07142857142857142,0.9285714285714285,0.023265589
6.0,0.14285714285714285,0.9285714285714285,0.045324646
6.0,0.21428571428571427,0.9285714285714285,0.06278699
6.0,0.2857142857142857,0.9285714285714285,0.079252794
6.0,0.3571428571428571,0.9285714285714285,0.09841774
6.0,0.42857142857142855,0.9285714285714285,0.11913025
6.0,0.5,0.9285714285714285,0.1301776
6.0,0.5714285714285714,0.9285714285714285,0.120480515
6.0,0.6428571428571428,0.9285714285714285,0.098509885
6.0,0.7142857142857142,0.9285714285714285,0.07762604
6.0,0.7857142857142857,0.9285714285714285,0.059962675
6.0,0.8571428571428571,0.9285714285714285,0.04180308
6.0,0.9285714285714285,0.9285714285714285,0.019500244
6.0,1.0,0.9285714285714285,-0.008476176
6.0,0.0,1.0,-0.013114796
6.0,0.07142857142857142,1.0,-0.0027432619
6.0,0.14285714285714285,1.0,-0.00058737304
6.0,0.21428571428571427,1.0,-0.003907009
6.0,0.2857142857142857,1.0,-0.008240768
6.0,0.3571428571428571,1.0,-0.009110183
6.0,0.42857142857142855,1.0,-0.0053718546
6.0,0.5,1.0,-0.0015899027
6.0,0.5714285714285714,1.0,-0.0029369975
6.0,0.6428571428571428,1.0,-0.0062189708
6.0,0.7142857142857142,1.0,-0.005953633
6.0,0.7857142857142857,1.0,-0.0028388062
6.0,0.8571428571428571,1.0,-0.0012656981
6.0,0.9285714285714285,1.0,-0.0053944
6.0,1.0,1.0,-0.01734307
7.0,0.0,0.0,-0.012947586
7.0,0.07142857142857142,0.0,-0.0038235532
7.0,0.14285714285714285,0.0,-0.0003409544
7.0,0.21428571428571427,0.0,-0.0019555883
7.0,0.2857142857142857,0.0,-0.0059831413
7.0,0.3571428571428571,0.0,-0.007167903
7.0,0.42857142857142855,0.0,-0.0032137083
7.0,0.5,0.0,-0.0014126757
7.0,0.5714285714285714,0.0,-0.0064435015
7.0,0.6428571428571428,0.0,-0.010195983
7.0,0.7142857142857142,0.0,-0.0079557495
7.0,0.7857142857142857,0.0,-0.0043600732
7.0,0.8571428571428571,0.0,-0.0040326873
7.0,0.9285714285714285,0.0,-0.008375452
7.0,1.0,0.0,-0.017682143
7.0,0.0,0.07142857142857142,-0.004547662
7.0,0.07142857142857142,0.07142857142857142,0.020769596
7.0,0.14285714285714285,0.07142857142857142,0.04261618
7.0,0.21428571428571427,0.07142857142857142,0.06098315
7.0,0.2857142857142857,0.07142857142857142,0.077643685
7.0,0.3571428571428571,0.07142857142857142,0.0970623
7.0,0.42857142857142855,0.07142857142857142,0.119793974
7.0,0.5,0.07142857142857142,0.13024354
7.0,0.5714285714285714,0.07142857142857142,0.11691355
7.0,0.6428571428571428,0.07142857142857142,0.09557905
7.0,0.7142857142857142,0.07142857142857142,0.07802391
7.0,0.7857142857142857,0.07142857142857142,0.0610445
7.0,0.8571428571428571,0.07142857142857142,0.04149113
7.0,0.9285714285714285,0.07142857142857142,0.019015737
7.0,1.0,0.07142857142857142,-0.0068566883
7.0,0.0,0.14285714285714285,-0.0017180732
7.0,0.07142857142857142,0.14285714285714285,0.041048698
7.0,0.14285714285714285,0.14285714285714285,0.08283188
7.0,0.21428571428571427,0.14285714285714285,0.12290304
7.0,0.2857142857142857,0.14285714285714285,0.1618732
7.0,0.3571428571428571,0.14285714285714285,0.20337631
7.0,0.42857142857142855,0.14285714285714285,0.24708317
7.0,0.5,0.14285714285714285,0.2679129
7.0,0.5714285714285714,0.14285714285714285,0.24446578
7.0,0.6428571428571428,0.14285714285714285,0.20288609
7.0,0.7142857142857142,0.14285714285714285,0.16313264
7.0,0.7857142857142857,0.14285714285714285,0.12349223
7.0,0.8571428571428571,0.14285714285714285,0.082647234
7.0,0.9285714285714285,0.14285714285714285,0.040840127
7.0,1.0,0.14285714285714285,-0.0030345852
7.0,0.0,0.21428571428571427,-0.0029372033
7.0,0.07142857142857142,0.21428571428571427,0.05861397
7.0,0.14285714285714285,0.21428571428571427,0.121463664
7.0,0.21428571428571427,0.21428571428571427,0.18378891
7.0,0.2857142857142857,0.21428571428571427,0.24474145
7.0,0.3571428571428571,0.21428571428571427,0.30725676
7.0,0.42857142857142855,0.21428571428571427,0.37155792
7.0,0.5,0.21428571428571427,0.40334103
7.0,0.5714285714285714,0.21428571428571427,0.36883608
7.0,0.6428571428571428,0.21428571428571427,0.30678853
7.0,0.7142857142857142,0.21428571428571427,0.24502881
7.0,0.7857142857142857,0.21428571428571427,0.18310016
7.0,0.8571428571428571,0.21428571428571427,0.12119257
7.0,0.9285714285714285,0.21428571428571427,0.05938609
7.0,1.0,0.21428571428571427,-0.0038914243
7.0,0.0,0.2857142857142857,-0.006217818
7.0,0.07142857142857142,0.2857142857142857,0.07575181
7.0,0.14285714285714285,0.2857142857142857,0.16058774
7.0,0.21428571428571427,0.2857142857142857,0.24488784
7.0,0.2857142857142857,0.2857142857142857,0.32628155
7.0,0.3571428571428571,0.2857142857142857,0.40758437
7.0,0.42857142857142855,0.2857142857142857,0.49107948
7.0,0.5,0.2857142857142857,0.53409606
7.0,0.5714285714285714,0.2857142857142857,0.48840284
7.0,0.6428571428571428,0.2857142857142857,0.40687943
7.0,0.7142857142857142,0.2857142857142857,0.3247551
7.0,0.7857142857142857,0.2857142857142857,0.2424467
7.0,0.8571428571428571,0.2857142857142857,0.16030939
7.0,0.9285714285714285,0.2857142857142857,0.07772074
7.0,1.0,0.2857142857142857,-0.0062357048
7.0,0.0,0.3571428571428571,-0.008608547
7.0,0.07142857142857142,0.3571428571428571,0.09539121
7.0,0.14285714285714285,0.3571428571428571,0.20292899
7.0,0.21428571428571427,0.3571428571428571,0.30867296
7.0,0.2857142857142857,0.3571428571428571,0.40913016
7.0,0.3571428571428571,0.3571428571428571,0.507983
7.0,0.42857142857142855,0.3571428571428571,0.61050326
7.0,0.5,0.3571428571428571,0.6661134
7.0,0.5714285714285714,0.3571428571428571,0.6092661
7.0,0.6428571428571428,0.3571428571428571,0.5080213
7.0,0.7142857142857142,0.3571428571428571,0.4064849
7.0,0.7857142857142857,0.3571428571428571,0.30516255
7.0,0.8571428571428571,0.3571428571428571,0.20274076
7.0,0.9285714285714285,0.3571428571428571,0.09829069
7.0,1.0,0.3571428571428571,-0.006782801
7.0,0.0,0.42857142857142855,-0.007098944
7.0,0.07142857142857142,0.42857142857142855,0.11789974
7.0,0.14285714285714285,0.42857142857142855,0.24691366
7.0,0.21428571428571427,0.42857142857142855,0.3728287
7.0,0.2857142857142857,0.42857142857142855,0.491712
7.0,0.3571428571428571,0.42857142857142855,0.60875636
7.0,0.42857142857142855,0.42857142857142855,0.7318415
7.0,0.5,0.42857142857142855,0.80278045
7.0,0.5714285714285714,0.42857142857142855,0.735087
7.0,0.6428571428571428,0.42857142857142855,0.61178315
7.0,0.7142857142857142,0.42857142857142855,0.48983428
7.0,0.7857142857142857,0.42857142857142855,0.36909813
7.0,0.8571428571428571,0.42857142857142855,0.24588795
7.0,0.9285714285714285,0.42857142857142855,0.12006598
7.0,1.0,0.42857142857142855,-0.0038440088
7.0,0.0,0.5,-0.0049838135
7.0,0.07142857142857142,0.5,0.12938441
7.0,0.14285714285714285,0.5,0.2684386
7.0,0.21428571428571427,0.5,0.40468937
7.0,0.2857142857142857,0.5,0.5343544
7.0,0.3571428571428571,0.5,0.6630153
7.0,0.42857142857142855,0.5,0.7986006
7.0,0.5,0.5,0.8798514
7.0,0.5714285714285714,0.5,0.80609125
7.0,0.6428571428571428,0.5,0.6682599
7.0,0.7142857142857142,0.5,0.5347508
7.0,0.7857142857142857,0.5,0.40368906
7.0,0.8571428571428571,0.5,0.26913184
7.0,0.9285714285714285,0.5,0.13195534
7.0,1.0,0.5,-0.00090066437
7.0,0.0,0.5714285714285714,-0.006028236
7.0,0.07142857142857142,0.5714285714285714,0.117862575
7.0,0.14285714285714285,0.5714285714285714,0.24477778
7.0,0.21428571428571427,0.5714285714285714,0.36920235
7.0,0.2857142857142857,0.5714285714285714,0.4889495
7.0,0.3571428571428571,0.5714285714285714,0.60867053
7.0,0.42857142857142855,0.5714285714285714,0.7317589
7.0,0.5,0.5714285714285714,0.80184996
7.0,0.5714285714285714,0.5714285714285714,0.7321616
7.0,0.6428571428571428,0.5714285714285714,0.6061855
7.0,0.7142857142857142,0.5714285714285714,0.48712352
7.0,0.7857142857142857,0.5714285714285714,0.3699112
7.0,0.8571428571428571,0.5714285714285714,0.24711673
7.0,0.9285714285714285,0.5714285714285714,0.120028876
7.0,1.0,0.5714285714285714,-0.0037006075
7.0,0.0,0.6428571428571428,-0.0068435753
7.0,0.07142857142857142,0.6428571428571428,0.09735601
7.0,0.14285714285714285,0.6428571428571428,0.20221363
7.0,0.21428571428571427,0.6428571428571428,0.3051889
7.0,0.2857142857142857,0.6428571428571428,0.40647963
7.0,0.3571428571428571,0.6428571428571428,0.5097459
7.0,0.42857142857142855,0.6428571428571428,0.6128711
7.0,0.5,0.6428571428571428,0.6670553
7.0,0.5714285714285714,0.6428571428571428,0.609993
7.0,0.6428571428571428,0.6428571428571428,0.5060908
7.0,0.7142857142857142,0.6428571428571428,0.40611538
7.0,0.7857142857142857,0.6428571428571428,0.3074232
7.0,0.8571428571428571,0.6428571428571428,0.2044307
7.0,0.9285714285714285,0.6428571428571428,0.09807092
7.0,1.0,0.6428571428571428,-0.0060015107
7.0,0.0,0.7142857142857142,-0.0062062824
7.0,0.07142857142857142,0.7142857142857142,0.07760963
7.0,0.14285714285714285,0.7142857142857142,0.16029726
7.0,0.21428571428571427,0.7142857142857142,0.2414829
7.0,0.2857142857142857,0.7142857142857142,0.32279128
7.0,0.3571428571428571,0.7142857142857142,0.40719774
7.0,0.42857142857142855,0.7142857142857142,0.4902282
7.0,0.5,0.7142857142857142,0.53263235
7.0,0.5714285714285714,0.7142857142857142,0.49082574
7.0,0.6428571428571428,0.7142857142857142,0.4086173
7.0,0.7142857142857142,0.7142857142857142,0.32618046
7.0,0.7857142857142857,0.7142857142857142,0.24533413
7.0,0.8571428571428571,0.7142857142857142,0.16272348
7.0,0.9285714285714285,0.7142857142857142,0.07836946
7.0,1.0,0.7142857142857142,-0.0047308067
7.0,0.0,0.7857142857142857,-0.0047689686
7.0,0.07142857142857142,0.7857142857142857,0.0598474
7.0,0.14285714285714285,0.7857142857142857,0.12176191
7.0,0.21428571428571427,0.7857142857142857,0.18178876
7.0,0.2857142857142857,0.7857142857142857,0.24228923
7.0,0.3571428571428571,0.7857142857142857,0.30604595
7.0,0.42857142857142855,0.7857142857142857,0.3684281
7.0,0.5,0.7857142857142857,0.40010104
7.0,0.5714285714285714,0.7857142857142857,0.37112558
7.0,0.6428571428571428,0.7857142857142857,0.3091379
7.0,0.7142857142857142,0.7857142857142857,0.24531968
7.0,0.7857142857142857,0.7857142857142857,0.18404576
7.0,0.8571428571428571,0.7857142857142857,0.12267413
7.0,0.9285714285714285,0.7857142857142857,0.05982966
7.0,1.0,0.7857142857142857,-0.0036355415
7.0,0.0,0.8571428571428571,-0.0037536854
7.0,0.07142857142857142,0.8571428571428571,0.042656086
7.0,0.14285714285714285,0.8571428571428571,0.084586844
7.0,0.21428571428571427,0.8571428571428571,0.12346161
7.0,0.2857142857142857,0.8571428571428571,0.16219085
7.0,0.3571428571428571,0.8571428571428571,0.20376141
7.0,0.42857142857142855,0.8571428571428571,0.24473341
7.0,0.5,0.8571428571428571,0.265487
7.0,0.5714285714285714,0.8571428571428571,0.24694003
7.0,0.6428571428571428,0.8571428571428571,0.20511454
7.0,0.7142857142857142,0.8571428571428571,0.16212043
7.0,0.7857142857142857,0.8571428571428571,0.122303315
7.0,0.8571428571428571,0.8571428571428571,0.082728915
7.0,0.9285714285714285,0.8571428571428571,0.04067105
7.0,1.0,0.8571428571428571,-0.0045076543
7.0,0.0,0.9285714285714285,-0.0053816224
7.0,0.07142857142857142,0.9285714285714285,0.023099758
7.0,0.14285714285714285,0.9285714285714285,0.045106873
7.0,0.21428571428571427,0.9285714285714285,0.062590286
7.0,0.2857142857142857,0.9285714285714285,0.079125136
7.0,0.3571428571428571,0.9285714285714285,0.098259754
7.0,0.42857142857142855,0.9285714285714285,0.11869345
7.0,0.5,0.9285714285714285,0.12950714
7.0,0.5714285714285714,0.9285714285714285,0.1200665
7.0,0.6428571428571428,0.9285714285714285,0.09839285
7.0,0.7142857142857142,0.9285714285714285,0.077501886
7.0,0.7857142857142857,0.9285714285714285,0.05973711
7.0,0.8571428571428571,0.9285714285714285,0.041540667
7.0,0.9285714285714285,0.9285714285714285,0.019254647
7.0,1.0,0.9285714285714285,-0.008712755
7.0,0.0,1.0,-0.013116659
7.0,0.07142857142857142,1.0,-0.0028732242
7.0,0.14285714285714285,1.0,-0.0007944638
7.0,0.21428571428571427,1.0,-0.004117557
7.0,0.2857142857142857,1.0,-0.008412176
7.0,0.3571428571428571,1.0,-0.009311927
7.0,0.42857142857142855,1.0,-0.0057496587
7.0,0.5,1.0,-0.0021005357
7.0,0.5714285714285714,1.0,-0.0032961378
7.0,0.6428571428571428,1.0,-0.006402136
7.0,0.7142857142857142,1.0,-0.0061583156
7.0,0.7857142857142857,1.0,-0.0031221071
7.0,0.8571428571428571,1.0,-0.0015588449
7.0,0.9285714285714285,1.0,-0.005635799
7.0,1.0,1.0,-0.017533407
8.0,0.0,0.0,-0.013144196
8.0,0.07142857142857142,0.0,-0.004030195
8.0,0.14285714285714285,0.0,-0.0005565109
8.0,0.21428571428571427,0.0,-0.0021837996
8.0,0.2857142857142857,0.0,-0.006242809
8.0,0.3571428571428571,0.0,-0.007526734
8.0,0.42857142857142855,0.0,-0.003765137
8.0,0.5,0.0,-0.0020498643
8.0,0.5714285714285714,0.0,-0.006909364
8.0,0.6428571428571428,0.0,-0.010473971
8.0,0.7142857142857142,0.0,-0.0081382925
8.0,0.7857142857142857,0.0,-0.004486368
8.0,0.8571428571428571,0.0,-0.00414572
8.0,0.9285714285714285,0.0,-0.008531355
8.0,1.0,0.0,-0.017922416
8.0,0.0,0.07142857142857142,-0.004832891
8.0,0.07142857142857142,0.07142857142857142,0.020516098
8.0,0.14285714285714285,0.07142857142857142,0.042409863
8.0,0.21428571428571427,0.07142857142857142,0.06084031
8.0,0.2857142857142857,0.07142857142857142,0.0775473
8.0,0.3571428571428571,0.07142857142857142,0.09688751
8.0,0.42857142857142855,0.07142857142857142,0.119300134
8.0,0.5,0.07142857142857142,0.1295248
8.0,0.5714285714285714,0.07142857142857142,0.11643135
8.0,0.6428571428571428,0.07142857142857142,0.09535503
8.0,0.7142857142857142,0.07142857142857142,0.077888705
8.0,0.7857142857142857,0.07142857142857142,0.060929433
8.0,0.8571428571428571,0.07142857142857142,0.041337512
8.0,0.9285714285714285,0.07142857142857142,0.018773526
8.0,1.0,0.07142857142857142,-0.0072171325
8.0,0.0,0.14285714285714285,-0.002067403
8.0,0.07142857142857142,0.14285714285714285,0.040769137
8.0,0.14285714285714285,0.14285714285714285,0.08265055
8.0,0.21428571428571427,0.14285714285714285,0.122852616
8.0,0.2857142857142857,0.14285714285714285,0.16193937
8.0,0.3571428571428571,0.14285714285714285,0.20337068
8.0,0.42857142857142855,0.14285714285714285,0.2465689
8.0,0.5,0.14285714285714285,0.26695457
8.0,0.5714285714285714,0.14285714285714285,0.24386676
8.0,0.6428571428571428,0.14285714285714285,0.20268694
8.0,0.7142857142857142,0.14285714285714285,0.16306184
8.0,0.7857142857142857,0.14285714285714285,0.12343227
8.0,0.8571428571428571,0.14285714285714285,0.082515076
8.0,0.9285714285714285,0.14285714285714285,0.04058315
8.0,1.0,0.14285714285714285,-0.0034424895
8.0,0.0,0.21428571428571427,-0.0032858727
8.0,0.07142857142857142,0.21428571428571427,0.058368407
8.0,0.14285714285714285,0.21428571428571427,0.121354885
8.0,0.21428571428571427,0.21428571428571427,0.1838538
8.0,0.2857142857142857,0.21428571428571427,0.24496458
8.0,0.3571428571428571,0.21428571428571427,0.30739728
8.0,0.42857142857142855,0.21428571428571427,0.3709647
8.0,0.5,0.21428571428571427,0.4020448
8.0,0.5714285714285714,0.21428571428571427,0.36811098
8.0,0.6428571428571428,0.21428571428571427,0.30665916
8.0,0.7142857142857142,0.21428571428571427,0.24508004
8.0,0.7857142857142857,0.21428571428571427,0.1831535
8.0,0.8571428571428571,0.21428571428571427,0.12114417
8.0,0.9285714285714285,0.21428571428571427,0.059180163
8.0,1.0,0.21428571428571427,-0.0042790556
8.0,0.0,0.2857142857142857,-0.006494146
8.0,0.07142857142857142,0.2857142857142857,0.07560228
8.0,0.14285714285714285,0.2857142857142857,0.16058543
8.0,0.21428571428571427,0.2857142857142857,0.2450553
8.0,0.2857142857142857,0.2857142857142857,0.32659802
8.0,0.3571428571428571,0.2857142857142857,0.4077871
8.0,0.42857142857142855,0.2857142857142857,0.4903321
8.0,0.5,0.2857142857142857,0.5324054
8.0,0.5714285714285714,0.2857142857142857,0.48759958
8.0,0.6428571428571428,0.2857142857142857,0.40687892
8.0,0.7142857142857142,0.2857142857142857,0.32494366
8.0,0.7857142857142857,0.2857142857142857,0.24259962
8.0,0.8571428571428571,0.2857142857142857,0.16033559
8.0,0.9285714285714285,0.2857142857142857,0.077576
8.0,1.0,0.2857142857142857,-0.0065739835
8.0,0.0,0.3571428571428571,-0.008858676
8.0,0.07142857142857142,0.3571428571428571,0.095275134
8.0,0.14285714285714285,0.3571428571428571,0.20292184
8.0,0.21428571428571427,0.3571428571428571,0.308753
8.0,0.2857142857142857,0.3571428571428571,0.40926176
8.0,0.3571428571428571,0.3571428571428571,0.507915
8.0,0.42857142857142855,0.3571428571428571,0.60926735
8.0,0.5,0.3571428571428571,0.6637111
8.0,0.5714285714285714,0.3571428571428571,0.60815954
8.0,0.6428571428571428,0.3571428571428571,0.50793767
8.0,0.7142857142857142,0.3571428571428571,0.40656152
8.0,0.7857142857142857,0.3571428571428571,0.3051778
8.0,0.8571428571428571,0.3571428571428571,0.20266692
8.0,0.9285714285714285,0.3571428571428571,0.09810573
8.0,1.0,0.3571428571428571,-0.0071108723
8.0,0.0,0.42857142857142855,-0.007639286
8.0,0.07142857142857142,0.42857142857142855,0.117448576
8.0,0.14285714285714285,0.42857142857142855,0.24645151
8.0,0.21428571428571427,0.42857142857142855,0.37224603
8.0,0.2857142857142857,0.42857142857142855,0.4909174
8.0,0.3571428571428571,0.42857142857142855,0.6074866
8.0,0.42857142857142855,0.42857142857142855,0.7290286
8.0,0.5,0.42857142857142855,0.79845434
8.0,0.5714285714285714,0.42857142857142855,0.73250663
8.0,0.6428571428571428,0.42857142857142855,0.6106186
8.0,0.7142857142857142,0.42857142857142855,0.48899838
8.0,0.7857142857142857,0.42857142857142855,0.36840564
8.0,0.8571428571428571,0.42857142857142855,0.24536063
8.0,0.9285714285714285,0.42857142857142855,0.11964754
8.0,1.0,0.42857142857142855,-0.0042528147
8.0,0.0,0.5,-0.005828568
8.0,0.07142857142857142,0.5,0.1285469
8.0,0.14285714285714285,0.5,0.26745483
8.0,0.21428571428571427,0.5,0.4033698
8.0,0.2857142857142857,0.5,0.5325257
8.0,0.3571428571428571,0.5,0.66034245
8.0,0.42857142857142855,0.5,0.7939399
8.0,0.5,0.5,0.8732458
8.0,0.5714285714285714,0.5,0.80149794
8.0,0.6428571428571428,0.5,0.66559887
8.0,0.7142857142857142,0.5,0.53281206
8.0,0.7857142857142857,0.5,0.40225846
8.0,0.8571428571428571,0.5,0.26818177
8.0,0.9285714285714285,0.5,0.13133481
8.0,1.0,0.5,-0.0013842443
8.0,0.0,0.5714285714285714,-0.0065617943
8.0,0.07142857142857142,0.5714285714285714,0.11739708
8.0,0.14285714285714285,0.5714285714285714,0.24429296
8.0,0.21428571428571427,0.5714285714285714,0.36859632
8.0,0.2857142857142857,0.5714285714285714,0.48813137
8.0,0.3571428571428571,0.5714285714285714,0.6073662
8.0,0.42857142857142855,0.5714285714285714,0.72892845
8.0,0.5,0.5714285714285714,0.79738253
8.0,0.5714285714285714,0.5714285714285714,0.7294394
8.0,0.6428571428571428,0.5714285714285714,0.60506207
8.0,0.7142857142857142,0.5714285714285714,0.4863307
8.0,0.7857142857142857,0.5714285714285714,0.36924878
8.0,0.8571428571428571,0.5714285714285714,0.24663834
8.0,0.9285714285714285,0.5714285714285714,0.11966994
8.0,1.0,0.5714285714285714,-0.004060031
8.0,0.0,0.6428571428571428,-0.007076905
8.0,0.07142857142857142,0.6428571428571428,0.09720769
8.0,0.14285714285714285,0.6428571428571428,0.20213813
8.0,0.21428571428571427,0.6428571428571428,0.30518544
8.0,0.2857142857142857,0.6428571428571428,0.406535
8.0,0.3571428571428571,0.6428571428571428,0.5096138
8.0,0.42857142857142855,0.6428571428571428,0.6116504
8.0,0.5,0.6428571428571428,0.6646003
8.0,0.5714285714285714,0.6428571428571428,0.6088204
8.0,0.6428571428571428,0.6428571428571428,0.50616324
8.0,0.7142857142857142,0.6428571428571428,0.4063308
8.0,0.7857142857142857,0.6428571428571428,0.30751088
8.0,0.8571428571428571,0.6428571428571428,0.20442058
8.0,0.9285714285714285,0.6428571428571428,0.09795597
8.0,1.0,0.6428571428571428,-0.0062628994
8.0,0.0,0.7142857142857142,-0.0063584084
8.0,0.07142857142857142,0.7142857142857142,0.07749432
8.0,0.14285714285714285,0.7142857142857142,0.16024514
8.0,0.21428571428571427,0.7142857142857142,0.24154072
8.0,0.2857142857142857,0.7142857142857142,0.32297066
8.0,0.3571428571428571,0.7142857142857142,0.4072643
8.0,0.42857142857142855,0.7142857142857142,0.48942515
8.0,0.5,0.7142857142857142,0.53086424
8.0,0.5714285714285714,0.7142857142857142,0.48992702
8.0,0.6428571428571428,0.7142857142857142,0.4087128
8.0,0.7142857142857142,0.7142857142857142,0.32643765
8.0,0.7857142857142857,0.7142857142857142,0.24547057
8.0,0.8571428571428571,0.7142857142857142,0.1627322
8.0,0.9285714285714285,0.7142857142857142,0.07824956
8.0,1.0,0.7142857142857142,-0.004999996
8.0,0.0,0.7857142857142857,-0.00490635
8.0,0.07142857142857142,0.7857142857142857,0.05969169
8.0,0.14285714285714285,0.7857142857142857,0.12163117
8.0,0.21428571428571427,0.7857142857142857,0.18174732
8.0,0.2857142857142857,0.7857142857142857,0.24236332
8.0,0.3571428571428571,0.7857142857142857,0.30603948
8.0,0.42857142857142855,0.7857142857142857,0.36776665
8.0,0.5,0.7857142857142857,0.39876089
8.0,0.5714285714285714,0.7857142857142857,0.37036815
8.0,0.6428571428571428,0.7857142857142857,0.30910724
8.0,0.7142857142857142,0.7857142857142857,0.24541019
8.0,0.7857142857142857,0.7857142857142857,0.18403354
8.0,0.8571428571428571,0.7857142857142857,0.122568704
8.0,0.9285714285714285,0.7857142857142857,0.059646674
8.0,1.0,0.7857142857142857,-0.003912785
8.0,0.0,0.8571428571428571,-0.0038611153
8.0,0.07142857142857142,0.8571428571428571,0.042483523
8.0,0.14285714285714285,0.8571428571428571,0.08439613
8.0,0.21428571428571427,0.8571428571428571,0.123324044
8.0,0.2857142857142857,0.8571428571428571,0.16214791
8.0,0.3571428571428571,0.8571428571428571,0.20367098
8.0,0.42857142857142855,0.8571428571428571,0.24420543
8.0,0.5,0.8571428571428571,0.26454362
8.0,0.5714285714285714,0.8571428571428571,0.24637999
8.0,0.6428571428571428,0.8571428571428571,0.20503272
8.0,0.7142857142857142,0.8571428571428571,0.16208576
8.0,0.7857142857142857,0.8571428571428571,0.12216344
8.0,0.8571428571428571,0.8571428571428571,0.082527354
8.0,0.9285714285714285,0.8571428571428571,0.040447976
8.0,1.0,0.8571428571428571,-0.00476445
8.0,0.0,0.9285714285714285,-0.0054333517
8.0,0.07142857142857142,0.9285714285714285,0.022944532
8.0,0.14285714285714285,0.9285714285714285,0.044896677
8.0,0.21428571428571427,0.9285714285714285,0.062402546
8.0,0.2857142857142857,0.9285714285714285,0.07901057
8.0,0.3571428571428571,0.9285714285714285,0.09812374
8.0,0.42857142857142855,0.9285714285714285,0.118293546
8.0,0.5,0.9285714285714285,0.1288796
8.0,0.5714285714285714,0.9285714285714285,0.11967986
8.0,0.6428571428571428,0.9285714285714285,0.09829364
8.0,0.7142857142857142,0.9285714285714285,0.07739268
8.0,0.7857142857142857,0.9285714285714285,0.059521124
8.0,0.8571428571428571,0.9285714285714285,0.04128471
8.0,0.9285714285714285,0.9285714285714285,0.019018758
8.0,1.0,0.9285714285714285,-0.00893223
8.0,0.0,1.0,-0.013107688
8.0,0.07142857142857142,1.0,-0.0029945811
8.0,0.14285714285714285,1.0,-0.0009915875
8.0,0.21428571428571427,1.0,-0.0043125106
8.0,0.2857142857142857,1.0,-0.0085598985
8.0,0.3571428571428571,1.0,-0.009477046
8.0,0.42857142857142855,1.0,-0.0060745487
8.0,0.5,1.0,-0.002549925
8.0,0.5714285714285714,1.0,-0.003605009
8.0,0.6428571428571428,1.0,-0.006546342
8.0,0.7142857142857142,1.0,-0.0063326666
8.0,0.7857142857142857,1.0,-0.0033857906
8.0,0.8571428571428571,1.0,-0.001840827
8.0,0.9285714285714285,1.0,-0.0058692517
8.0,1.0,1.0,-0.017712597
9.0,0.0,0.0,-0.0133200595
9.0,0.07142857142857142,0.0,-0.0042177187
9.0,0.14285714285714285,0.0,-0.00075500924
9.0,0.21428571428571427,0.0,-0.0023922818
9.0,0.2857142857142857,0.0,-0.0064739035
9.0,0.3571428571428571,0.0,-0.007840478
9.0,0.42857142857142855,0.0,-0.0042528408
9.0,0.5,0.0,-0.0026119323
9.0,0.5714285714285714,0.0,-0.007303917
9.0,0.6428571428571428,0.0,-0.010695283
9.0,0.7142857142857142,0.0,-0.008281511
9.0,0.7857142857142857,0.0,-0.004585066
9.0,0.8571428571428571,0.0,-0.004235559
9.0,0.9285714285714285,0.0,-0.008661331
9.0,1.0,0.0,-0.018133305
9.0,0.0,0.07142857142857142,-0.005092931
9.0,0.07142857142857142,0.07142857142857142,0.02028288
9.0,0.14285714285714285,0.07142857142857142,0.042220723
9.0,0.21428571428571427,0.07142857142857142,0.06071248
9.0,0.2857142857142857,0.07142857142857142,0.07746861
9.0,0.3571428571428571,0.07142857142857142,0.09673964
9.0,0.42857142857142855,0.07142857142857142,0.118847065
9.0,0.5,0.07142857142857142,0.12885419
9.0,0.5714285714285714,0.07142857142857142,0.11599331
9.0,0.6428571428571428,0.07142857142857142,0.09516459
9.0,0.7142857142857142,0.07142857142857142,0.07777501
9.0,0.7857142857142857,0.07142857142857142,0.0608316
9.0,0.8571428571428571,0.07142857142857142,0.041204847
9.0,0.9285714285714285,0.07142857142857142,0.018558413
9.0,1.0,0.07142857142857142,-0.0075451666
9.0,0.0,0.14285714285714285,-0.0023884354
9.0,0.07142857142857142,0.14285714285714285,0.040511288
9.0,0.14285714285714285,0.14285714285714285,0.08248422
9.0,0.21428571428571427,0.14285714285714285,0.12280988
9.0,0.2857142857142857,0.14285714285714285,0.16201045
9.0,0.3571428571428571,0.14285714285714285,0.20337363
9.0,0.42857142857142855,0.14285714285714285,0.24607123
9.0,0.5,0.14285714285714285,0.26601887
9.0,0.5714285714285714,0.14285714285714285,0.24328785
9.0,0.6428571428571428,0.14285714285714285,0.20250358
9.0,0.7142857142857142,0.14285714285714285,0.16300099
9.0,0.7857142857142857,0.14285714285714285,0.12338426
9.0,0.8571428571428571,0.14285714285714285,0.08240256
9.0,0.9285714285714285,0.14285714285714285,0.040354177
9.0,1.0,0.14285714285714285,-0.0038140798
9.0,0.0,0.21428571428571427,-0.0036017857
9.0,0.07142857142857142,0.21428571428571427,0.058145553
9.0,0.14285714285714285,0.21428571428571427,0.12125706
9.0,0.21428571428571427,0.21428571428571427,0.18391737
9.0,0.2857142857142857,0.21428571428571427,0.24517836
9.0,0.3571428571428571,0.21428571428571427,0.30752775
9.0,0.42857142857142855,0.21428571428571427,0.37036964
9.0,0.5,0.21428571428571427,0.40075606
9.0,0.5714285714285714,0.21428571428571427,0.3673921
9.0,0.6428571428571428,0.21428571428571427,0.30653605
9.0,0.7142857142857142,0.21428571428571427,0.24513473
9.0,0.7857142857142857,0.21428571428571427,0.1832148
9.0,0.8571428571428571,0.21428571428571427,0.12111386
9.0,0.9285714285714285,0.21428571428571427,0.05900398
9.0,1.0,0.21428571428571427,-0.0046261037
9.0,0.0,0.2857142857142857,-0.0067314636
9.0,0.07142857142857142,0.2857142857142857,0.0754763
9.0,0.14285714285714285,0.2857142857142857,0.16058837
9.0,0.21428571428571427,0.2857142857142857,0.24520884
9.0,0.2857142857142857,0.2857142857142857,0.32688758
9.0,0.3571428571428571,0.2857142857142857,0.40796176
9.0,0.42857142857142855,0.2857142857142857,0.48956957
9.0,0.5,0.2857142857142857,0.5307145
9.0,0.5714285714285714,0.2857142857142857,0.48679447
9.0,0.6428571428571428,0.2857142857142857,0.40687874
9.0,0.7142857142857142,0.2857142857142857,0.32513058
9.0,0.7857142857142857,0.2857142857142857,0.24275504
9.0,0.8571428571428571,0.2857142857142857,0.16037579
9.0,0.9285714285714285,0.2857142857142857,0.07745927
9.0,1.0,0.2857142857142857,-0.0068696896
9.0,0.0,0.3571428571428571,-0.00905932
9.0,0.07142857142857142,0.3571428571428571,0.095184505
9.0,0.14285714285714285,0.3571428571428571,0.2029135
9.0,0.21428571428571427,0.3571428571428571,0.30880526
9.0,0.2857142857142857,0.3571428571428571,0.4093496
9.0,0.3571428571428571,0.3571428571428571,0.50780374
9.0,0.42857142857142855,0.3571428571428571,0.60800606
9.0,0.5,0.3571428571428571,0.66129905
9.0,0.5714285714285714,0.3571428571428571,0.60703355
9.0,0.6428571428571428,0.3571428571428571,0.5078415
9.0,0.7142857142857142,0.3571428571428571,0.40662867
9.0,0.7857142857142857,0.3571428571428571,0.30518755
9.0,0.8571428571428571,0.3571428571428571,0.20260207
9.0,0.9285714285714285,0.3571428571428571,0.097949296
9.0,1.0,0.3571428571428571,-0.0073914016
9.0,0.0,0.42857142857142855,-0.008111668
9.0,0.07142857142857142,0.42857142857142855,0.11703389
9.0,0.14285714285714285,0.42857142857142855,0.24598898
9.0,0.21428571428571427,0.42857142857142855,0.37163183
9.0,0.2857142857142857,0.42857142857142855,0.4900768
9.0,0.3571428571428571,0.42857142857142855,0.6061758
9.0,0.42857142857142855,0.42857142857142855,0.7261956
9.0,0.5,0.42857142857142855,0.7941161
9.0,0.5714285714285714,0.42857142857142855,0.72988445
9.0,0.6428571428571428,0.42857142857142855,0.60942703
9.0,0.7142857142857142,0.42857142857142855,0.48814726
9.0,0.7857142857142857,0.42857142857142855,0.3677065
9.0,0.8571428571428571,0.42857142857142855,0.24484493
9.0,0.9285714285714285,0.42857142857142855,0.11926436
9.0,1.0,0.42857142857142855,-0.0046068067
9.0,0.0,0.5,-0.006589339
9.0,0.07142857142857142,0.5,0.12776324
9.0,0.14285714285714285,0.5,0.26649085
9.0,0.21428571428571427,0.5,0.4020455
9.0,0.2857142857142857,0.5,0.5306887
9.0,0.3571428571428571,0.5,0.6576807
9.0,0.42857142857142855,0.5,0.78932494
9.0,0.5,0.5,0.8666949
9.0,0.5714285714285714,0.5,0.79690486
9.0,0.6428571428571428,0.5,0.6629426
9.0,0.7142857142857142,0.5,0.5308813
9.0,0.7857142857142857,0.5,0.40083584
9.0,0.8571428571428571,0.5,0.26725167
9.0,0.9285714285714285,0.5,0.13075508
9.0,1.0,0.5,-0.0018067146
9.0,0.0,0.5714285714285714,-0.007018768
9.0,0.07142857142857142,0.5714285714285714,0.116982125
9.0,0.14285714285714285,0.5714285714285714,0.24383126
9.0,0.21428571428571427,0.5714285714285714,0.36799315
9.0,0.2857142857142857,0.5714285714285714,0.4873121
9.0,0.3571428571428571,0.5714285714285714,0.6060697
9.0,0.42857142857142855,0.5714285714285714,0.72612953
9.0,0.5,0.5714285714285714,0.7929588
9.0,0.5714285714285714,0.5714285714285714,0.7267112
9.0,0.6428571428571428,0.5714285714285714,0.6039357
9.0,0.7142857142857142,0.5714285714285714,0.48553866
9.0,0.7857142857142857,0.5714285714285714,0.36858356
9.0,0.8571428571428571,0.5714285714285714,0.24616687
9.0,0.9285714285714285,0.5714285714285714,0.11933964
9.0,1.0,0.5714285714285714,-0.0043673897
9.0,0.0,0.6428571428571428,-0.0072546313
9.0,0.07142857142857142,0.6428571428571428,0.09709334
9.0,0.14285714285714285,0.6428571428571428,0.20207484
9.0,0.21428571428571427,0.6428571428571428,0.30517823
9.0,0.2857142857142857,0.6428571428571428,0.4065782
9.0,0.3571428571428571,0.6428571428571428,0.5094675
9.0,0.42857142857142855,0.6428571428571428,0.6104273
9.0,0.5,0.6428571428571428,0.6621587
9.0,0.5714285714285714,0.6428571428571428,0.6076237
9.0,0.6428571428571428,0.6428571428571428,0.5062107
9.0,0.7142857142857142,0.6428571428571428,0.4065299
9.0,0.7857142857142857,0.6428571428571428,0.30758405
9.0,0.8571428571428571,0.6428571428571428,0.20440726
9.0,0.9285714285714285,0.6428571428571428,0.097857505
9.0,1.0,0.6428571428571428,-0.006485247
9.0,0.0,0.7142857142857142,-0.006469817
9.0,0.07142857142857142,0.7142857142857142,0.07740193
9.0,0.14285714285714285,0.7142857142857142,0.16020079
9.0,0.21428571428571427,0.7142857142857142,0.24159493
9.0,0.2857142857142857,0.7142857142857142,0.32313937
9.0,0.3571428571428571,0.7142857142857142,0.4073172
9.0,0.42857142857142855,0.7142857142857142,0.48861867
9.0,0.5,0.7142857142857142,0.52910733
9.0,0.5714285714285714,0.7142857142857142,0.48901072
9.0,0.6428571428571428,0.7142857142857142,0.4087845
9.0,0.7142857142857142,0.7142857142857142,0.32667872
9.0,0.7857142857142857,0.7142857142857142,0.24559508
9.0,0.8571428571428571,0.7142857142857142,0.16273853
9.0,0.9285714285714285,0.7142857142857142,0.07814423
9.0,1.0,0.7142857142857142,-0.005236731
9.0,0.0,0.7857142857142857,-0.0050142715
9.0,0.07142857142857142,0.7857142857142857,0.05955296
9.0,0.14285714285714285,0.7857142857142857,0.12150761
9.0,0.21428571428571427,0.7857142857142857,0.18170568
9.0,0.2857142857142857,0.7857142857142857,0.24243273
9.0,0.3571428571428571,0.7857142857142857,0.306028
9.0,0.42857142857142855,0.7857142857142857,0.36711106
9.0,0.5,0.7857142857142857,0.3974377
9.0,0.5714285714285714,0.7857142857142857,0.3696032
9.0,0.6428571428571428,0.7857142857142857,0.30906188
9.0,0.7142857142857142,0.7857142857142857,0.24549179
9.0,0.7857142857142857,0.7857142857142857,0.18401526
9.0,0.8571428571428571,0.7857142857142857,0.122463845
9.0,0.9285714285714285,0.7857142857142857,0.059477627
9.0,1.0,0.7857142857142857,-0.0041614743
9.0,0.0,0.8571428571428571,-0.003946745
9.0,0.07142857142857142,0.8571428571428571,0.04232412
9.0,0.14285714285714285,0.8571428571428571,0.08421254
9.0,0.21428571428571427,0.8571428571428571,0.1231901
9.0,0.2857142857142857,0.8571428571428571,0.16210867
9.0,0.3571428571428571,0.8571428571428571,0.20358767
9.0,0.42857142857142855,0.8571428571428571,0.24369644
9.0,0.5,0.8571428571428571,0.26362678
9.0,0.5714285714285714,0.8571428571428571,0.24582718
9.0,0.6428571428571428,0.8571428571428571,0.2049501
9.0,0.7142857142857142,0.8571428571428571,0.16205306
9.0,0.7857142857142857,0.8571428571428571,0.122025095
9.0,0.8571428571428571,0.8571428571428571,0.082329355
9.0,0.9285714285714285,0.8571428571428571,0.04023682
9.0,1.0,0.8571428571428571,-0.00499813
9.0,0.0,0.9285714285714285,-0.0054699974
9.0,0.07142857142857142,0.9285714285714285,0.022799004
9.0,0.14285714285714285,0.9285714285714285,0.044694386
9.0,0.21428571428571427,0.9285714285714285,0.06222363
9.0,0.2857142857142857,0.9285714285714285,0.078908846
9.0,0.3571428571428571,0.9285714285714285,0.09800845
9.0,0.42857142857142855,0.9285714285714285,0.11792814
9.0,0.5,0.9285714285714285,0.12829348
9.0,0.5714285714285714,0.9285714285714285,0.119319715
9.0,0.6428571428571428,0.9285714285714285,0.09821107
9.0,0.7142857142857142,0.9285714285714285,0.07729774
9.0,0.7857142857142857,0.9285714285714285,0.059315026
9.0,0.8571428571428571,0.9285714285714285,0.04103531
9.0,0.9285714285714285,0.9285714285714285,0.018792007
9.0,1.0,0.9285714285714285,-0.009134487
9.0,0.0,1.0,-0.013088708
9.0,0.07142857142857142,1.0,-0.003107424
9.0,0.14285714285714285,1.0,-0.00117872
9.0,0.21428571428571427,1.0,-0.004492757
9.0,0.2857142857142857,1.0,-0.008684256
9.0,0.3571428571428571,1.0,-0.009606914
9.0,0.42857142857142855,1.0,-0.006348782
9.0,0.5,1.0,-0.002941274
9.0,0.5714285714285714,1.0,-0.003865459
9.0,0.6428571428571428,1.0,-0.0066531384
9.0,0.7142857142857142,1.0,-0.006477208
9.0,0.7857142857142857,1.0,-0.0036297636
9.0,0.8571428571428571,1.0,-0.0021120356
9.0,0.9285714285714285,1.0,-0.0060941027
9.0,1.0,1.0,-0.017879598
10.0,0.0,0.0,-0.013474979
10.0,0.07142857142857142,0.0,-0.0043871
10.0,0.14285714285714285,0.0,-0.000936077
10.0,0.21428571428571427,0.0,-0.0025817202
10.0,0.2857142857142857,0.0,-0.006677744
10.0,0.3571428571428571,0.0,-0.008111761
10.0,0.42857142857142855,0.0,-0.0046794275
10.0,0.5,0.0,-0.0031027207
10.0,0.5714285714285714,0.0,-0.0076297307
10.0,0.6428571428571428,0.0,-0.010862225
10.0,0.7142857142857142,0.0,-0.008389504
10.0,0.7857142857142857,0.0,-0.0046591396
10.0,0.8571428571428571,0.0,-0.0043025473
10.0,0.9285714285714285,0.0,-0.00876622
10.0,1.0,0.0,-0.018314637
10.0,0.0,0.07142857142857142,-0.0053292615
10.0,0.07142857142857142,0.07142857142857142,0.020070076
10.0,0.14285714285714285,0.07142857142857142,0.042047292
10.0,0.21428571428571427,0.07142857142857142,0.060597904
10.0,0.2857142857142857,0.07142857142857142,0.07740668
10.0,0.3571428571428571,0.07142857142857142,0.09661735
10.0,0.42857142857142855,0.07142857142857142,0.118431054
10.0,0.5,0.07142857142857142,0.12822814
10.0,0.5714285714285714,0.07142857142857142,0.11559584
10.0,0.6428571428571428,0.07142857142857142,0.095005125
10.0,0.7142857142857142,0.07142857142857142,0.0776814
10.0,0.7857142857142857,0.07142857142857142,0.06074906
10.0,0.8571428571428571,0.07142857142857142,0.04109156
10.0,0.9285714285714285,0.07142857142857142,0.018369168
10.0,1.0,0.07142857142857142,-0.007840284
10.0,0.0,0.14285714285714285,-0.002681504
10.0,0.07142857142857142,0.14285714285714285,0.04027487
10.0,0.14285714285714285,0.14285714285714285,0.08233205
10.0,0.21428571428571427,0.14285714285714285,0.12277465
10.0,0.2857142857142857,0.14285714285714285,0.16208518
10.0,0.3571428571428571,0.14285714285714285,0.20338257
10.0,0.42857142857142855,0.14285714285714285,0.24558781
10.0,0.5,0.14285714285714285,0.26510456
10.0,0.5714285714285714,0.14285714285714285,0.24272682
10.0,0.6428571428571428,0.14285714285714285,0.20233345
10.0,0.7142857142857142,0.14285714285714285,0.16294855
10.0,0.7857142857142857,0.14285714285714285,0.12334692
10.0,0.8571428571428571,0.14285714285714285,0.08230846
10.0,0.9285714285714285,0.14285714285714285,0.040153444
10.0,1.0,0.14285714285714285,-0.0041484768
10.0,0.0,0.21428571428571427,-0.0038859798
10.0,0.07142857142857142,0.21428571428571427,0.057944827
10.0,0.14285714285714285,0.21428571428571427,0.12116907
10.0,0.21428571428571427,0.21428571428571427,0.18397851
10.0,0.2857142857142857,0.21428571428571427,0.2453806
10.0,0.3571428571428571,0.21428571428571427,0.30764574
10.0,0.42857142857142855,0.21428571428571427,0.36977068
10.0,0.5,0.21428571428571427,0.39947456
10.0,0.5714285714285714,0.21428571428571427,0.36667892
10.0,0.6428571428571428,0.21428571428571427,0.30641747
10.0,0.7142857142857142,0.21428571428571427,0.24519242
10.0,0.7857142857142857,0.21428571428571427,0.18328312
10.0,0.8571428571428571,0.21428571428571427,0.12110006
10.0,0.9285714285714285,0.21428571428571427,0.058856435
10.0,1.0,0.21428571428571427,-0.0049334327
10.0,0.0,0.2857142857142857,-0.0069320826
10.0,0.07142857142857142,0.2857142857142857,0.07537274
10.0,0.14285714285714285,0.2857142857142857,0.16059443
10.0,0.21428571428571427,0.2857142857142857,0.2453473
10.0,0.2857142857142857,0.2857142857142857,0.32714942
10.0,0.3571428571428571,0.2857142857142857,0.40810728
10.0,0.42857142857142855,0.2857142857142857,0.4887912
10.0,0.5,0.2857142857142857,0.5290253
10.0,0.5714285714285714,0.2857142857142857,0.48598686
10.0,0.6428571428571428,0.2857142857142857,0.40687796
10.0,0.7142857142857142,0.2857142857142857,0.3253149
10.0,0.7857142857142857,0.2857142857142857,0.24291183
10.0,0.8571428571428571,0.2857142857142857,0.1604282
10.0,0.9285714285714285,0.2857142857142857,0.07737051
10.0,1.0,0.2857142857142857,-0.0071226517
10.0,0.0,0.3571428571428571,-0.009212664
10.0,0.07142857142857142,0.3571428571428571,0.095117934
10.0,0.14285714285714285,0.3571428571428571,0.20290102
10.0,0.21428571428571427,0.3571428571428571,0.30882877
10.0,0.2857142857142857,0.3571428571428571,0.4093944
10.0,0.3571428571428571,0.3571428571428571,0.50764936
10.0,0.42857142857142855,0.3571428571428571,0.6067193
10.0,0.5,0.3571428571428571,0.65887964
10.0,0.5714285714285714,0.3571428571428571,0.6058875
10.0,0.6428571428571428,0.3571428571428571,0.5077316
10.0,0.7142857142857142,0.3571428571428571,0.40668297
10.0,0.7857142857142857,0.3571428571428571,0.30518964
10.0,0.8571428571428571,0.3571428571428571,0.20254423
10.0,0.9285714285714285,0.3571428571428571,0.09781996
10.0,1.0,0.3571428571428571,-0.007625685
10.0,0.0,0.42857142857142855,-0.008518704
10.0,0.07142857142857142,0.42857142857142855,0.11665233
10.0,0.14285714285714285,0.42857142857142855,0.24552466
10.0,0.21428571428571427,0.42857142857142855,0.37098694
10.0,0.2857142857142857,0.42857142857142855,0.4891939
10.0,0.3571428571428571,0.42857142857142855,0.6048274
10.0,0.42857142857142855,0.42857142857142855,0.72334653
10.0,0.5,0.42857142857142855,0.7897735
10.0,0.5714285714285714,0.42857142857142855,0.7272235
10.0,0.6428571428571428,0.42857142857142855,0.60820854
10.0,0.7142857142857142,0.42857142857142855,0.4872795
10.0,0.7857142857142857,0.42857142857142855,0.36699942
10.0,0.8571428571428571,0.42857142857142855,0.24433915
10.0,0.9285714285714285,0.42857142857142855,0.11891397
10.0,1.0,0.42857142857142855,-0.004906581
10.0,0.0,0.5,-0.0072687874
10.0,0.07142857142857142,0.5,0.12703054
10.0,0.14285714285714285,0.5,0.26554546
10.0,0.21428571428571427,0.5,0.40071663
10.0,0.2857142857142857,0.5,0.52884704
10.0,0.3571428571428571,0.5,0.65503407
10.0,0.42857142857142855,0.5,0.78475964
10.0,0.5,0.5,0.8602081
10.0,0.5714285714285714,0.5,0.79231894
10.0,0.6428571428571428,0.5,0.66029406
10.0,0.7142857142857142,0.5,0.52895975
10.0,0.7857142857142857,0.5,0.39942065
10.0,0.8571428571428571,0.5,0.26634046
10.0,0.9285714285714285,0.5,0.13021441
10.0,1.0,0.5,-0.002169096
10.0,0.0,0.5714285714285714,-0.0074030543
10.0,0.07142857142857142,0.5714285714285714,0.11661401
10.0,0.14285714285714285,0.5714285714285714,0.24338944
10.0,0.21428571428571427,0.5714285714285714,0.36739105
10.0,0.2857142857142857,0.5714285714285714,0.48649073
10.0,0.3571428571428571,0.5714285714285714,0.60477996
10.0,0.42857142857142855,0.5714285714285714,0.7233596
10.0,0.5,0.5714285714285714,0.7885815
10.0,0.5714285714285714,0.5714285714285714,0.72397846
10.0,0.6428571428571428,0.5714285714285714,0.6028059
10.0,0.7142857142857142,0.5714285714285714,0.48474732
10.0,0.7857142857142857,0.5714285714285714,0.36791477
10.0,0.8571428571428571,0.5714285714285714,0.24570172
10.0,0.9285714285714285,0.5714285714285714,0.11903768
10.0,1.0,0.5714285714285714,-0.0046237865
10.0,0.0,0.6428571428571428,-0.007378825
10.0,0.07142857142857142,0.6428571428571428,0.09701038
10.0,0.14285714285714285,0.6428571428571428,0.20202138
10.0,0.21428571428571427,0.6428571428571428,0.30516544
10.0,0.2857142857142857,0.6428571428571428,0.40660796
10.0,0.3571428571428571,0.6428571428571428,0.5093053
10.0,0.42857142857142855,0.6428571428571428,0.6091997
10.0,0.5,0.6428571428571428,0.6597312
10.0,0.5714285714285714,0.6428571428571428,0.60640335
10.0,0.6428571428571428,0.6428571428571428,0.5062317
10.0,0.7142857142857142,0.6428571428571428,0.406711
10.0,0.7857142857142857,0.6428571428571428,0.30764228
10.0,0.8571428571428571,0.6428571428571428,0.20438941
10.0,0.9285714285714285,0.6428571428571428,0.09777598
10.0,1.0,0.6428571428571428,-0.0066686803
10.0,0.0,0.7142857142857142,-0.0065434063
10.0,0.07142857142857142,0.7142857142857142,0.077331305
10.0,0.14285714285714285,0.7142857142857142,0.1601633
10.0,0.21428571428571427,0.7142857142857142,0.24164452
10.0,0.2857142857142857,0.7142857142857142,0.3232968
10.0,0.3571428571428571,0.7142857142857142,0.40735438
10.0,0.42857142857142855,0.7142857142857142,0.48780718
10.0,0.5,0.7142857142857142,0.5273631
10.0,0.5714285714285714,0.7142857142857142,0.48807785
10.0,0.6428571428571428,0.7142857142857142,0.40883297
10.0,0.7142857142857142,0.7142857142857142,0.3269033
10.0,0.7857142857142857,0.7142857142857142,0.24570765
10.0,0.8571428571428571,0.7142857142857142,0.16274203
10.0,0.9285714285714285,0.7142857142857142,0.07805269
10.0,1.0,0.7142857142857142,-0.005440877
10.0,0.0,0.7857142857142857,-0.0050939107
10.0,0.07142857142857142,0.7857142857142857,0.059430763
10.0,0.14285714285714285,0.7857142857142857,0.121390454
10.0,0.21428571428571427,0.7857142857142857,0.1816636
10.0,0.2857142857142857,0.7857142857142857,0.24249764
10.0,0.3571428571428571,0.7857142857142857,0.3060101
10.0,0.42857142857142855,0.7857142857142857,0.36645952
10.0,0.5,0.7857142857142857,0.3961302
10.0,0.5714285714285714,0.7857142857142857,0.36883196
10.0,0.6428571428571428,0.7857142857142857,0.30900142
10.0,0.7142857142857142,0.7857142857142857,0.24556448
10.0,0.7857142857142857,0.7857142857142857,0.18399131
10.0,0.8571428571428571,0.7857142857142857,0.12235998
10.0,0.9285714285714285,0.7857142857142857,0.059321918
10.0,1.0,0.7857142857142857,-0.0043818513
10.0,0.0,0.8571428571428571,-0.0040117064
10.0,0.07142857142857142,0.8571428571428571,0.04217738
10.0,0.14285714285714285,0.8571428571428571,0.084035724
10.0,0.21428571428571427,0.8571428571428571,0.1230601
10.0,0.2857142857142857,0.8571428571428571,0.16207246
10.0,0.3571428571428571,0.8571428571428571,0.20350988
10.0,0.42857142857142855,0.8571428571428571,0.2432047
10.0,0.5,0.8571428571428571,0.26273507
10.0,0.5714285714285714,0.8571428571428571,0.24528082
10.0,0.6428571428571428,0.8571428571428571,0.20486529
10.0,0.7142857142857142,0.8571428571428571,0.16202153
10.0,0.7857142857142857,0.8571428571428571,0.12188814
10.0,0.8571428571428571,0.8571428571428571,0.082135335
10.0,0.9285714285714285,0.8571428571428571,0.04003758
10.0,1.0,0.8571428571428571,-0.0052083293
10.0,0.0,0.9285714285714285,-0.005491969
10.0,0.07142857142857142,0.9285714285714285,0.02266302
10.0,0.14285714285714285,0.9285714285714285,0.04449901
10.0,0.21428571428571427,0.9285714285714285,0.062052555
10.0,0.2857142857142857,0.9285714285714285,0.07881897
10.0,0.3571428571428571,0.9285714285714285,0.09791174
10.0,0.42857142857142855,0.9285714285714285,0.11759486
10.0,0.5,0.9285714285714285,0.1277461
10.0,0.5714285714285714,0.9285714285714285,0.11898475
10.0,0.6428571428571428,0.9285714285714285,0.09814427
10.0,0.7142857142857142,0.9285714285714285,0.07721704
10.0,0.7857142857142857,0.9285714285714285,0.059119128
10.0,0.8571428571428571,0.9285714285714285,0.04079318
10.0,0.9285714285714285,0.9285714285714285,0.018575054
10.0,1.0,0.9285714285714285,-0.009319869
10.0,0.0,1.0,-0.013060478
10.0,0.07142857142857142,1.0,-0.0032126522
10.0,0.14285714285714285,1.0,-0.0013559042
10.0,0.21428571428571427,1.0,-0.0046577854
10.0,0.2857142857142857,1.0,-0.008786251
10.0,0.3571428571428571,1.0,-0.0097036855
10.0,0.42857142857142855,1.0,-0.0065751383
10.0,0.5,1.0,-0.0032766918
10.0,0.5714285714285714,1.0,-0.004079596
10.0,0.6428571428571428,1.0,-0.006723956
10.0,0.7142857142857142,1.0,-0.0065931315
10.0,0.7857142857142857,1.0,-0.0038537653
10.0,0.8571428571428571,1.0,-0.0023716362
10.0,0.9285714285714285,1.0,-0.0063102627
10.0,1.0,1.0,-0.018034954
11.0,0.0,0.0,-0.01360969
11.0,0.07142857142857142,0.0,-0.004538656
11.0,0.14285714285714285,0.0,-0.001101193
11.0,0.21428571428571427,0.0,-0.0027527036
11.0,0.2857142857142857,0.0,-0.006855306
11.0,0.3571428571428571,0.0,-0.00834163
11.0,0.42857142857142855,0.0,-0.005047598
11.0,0.5,0.0,-0.0035238983
11.0,0.5714285714285714,0.0,-0.007890892
11.0,0.6428571428571428,0.0,-0.010978439
11.0,0.7142857142857142,0.0,-0.008462944
11.0,0.7857142857142857,0.0,-0.0047101835
11.0,0.8571428571428571,0.0,-0.004349173
11.0,0.9285714285714285,0.0,-0.008847163
11.0,1.0,0.0,-0.018467627
11.0,0.0,0.07142857142857142,-0.0055412883
11.0,0.07142857142857142,0.07142857142857142,0.01987689
11.0,0.14285714285714285,0.07142857142857142,0.041889183
11.0,0.21428571428571427,0.07142857142857142,0.060496025
11.0,0.2857142857142857,0.07142857142857142,0.077359416
11.0,0.3571428571428571,0.07142857142857142,0.09651807
11.0,0.42857142857142855,0.07142857142857142,0.11804997
11.0,0.5,0.07142857142857142,0.1276445
11.0,0.5714285714285714,0.07142857142857142,0.11523608
11.0,0.6428571428571428,0.07142857142857142,0.094873816
11.0,0.7142857142857142,0.07142857142857142,0.07760597
11.0,0.7857142857142857,0.07142857142857142,0.060681686
11.0,0.8571428571428571,0.07142857142857142,0.04099647
11.0,0.9285714285714285,0.07142857142857142,0.01820501
11.0,1.0,0.07142857142857142,-0.008103141
11.0,0.0,0.14285714285714285,-0.002947758
11.0,0.07142857142857142,0.14285714285714285,0.04005894
11.0,0.14285714285714285,0.14285714285714285,0.082192615
11.0,0.21428571428571427,0.14285714285714285,0.12274458
11.0,0.2857142857142857,0.14285714285714285,0.16216183
11.0,0.3571428571428571,0.14285714285714285,0.20339505
11.0,0.42857142857142855,0.14285714285714285,0.2451164
11.0,0.5,0.14285714285714285,0.26420912
11.0,0.5714285714285714,0.14285714285714285,0.24218176
11.0,0.6428571428571428,0.14285714285714285,0.20217466
11.0,0.7142857142857142,0.14285714285714285,0.1629038
11.0,0.7857142857142857,0.14285714285714285,0.12331841
11.0,0.8571428571428571,0.14285714285714285,0.08223182
11.0,0.9285714285714285,0.14285714285714285,0.039979838
11.0,1.0,0.14285714285714285,-0.004447081
11.0,0.0,0.21428571428571427,-0.004139716
11.0,0.07142857142857142,0.21428571428571427,0.05776488
11.0,0.14285714285714285,0.21428571428571427,0.12108985
11.0,0.21428571428571427,0.21428571428571427,0.18403602
11.0,0.2857142857142857,0.21428571428571427,0.24557014
11.0,0.3571428571428571,0.21428571428571427,0.30774865
11.0,0.42857142857142855,0.21428571428571427,0.3691659
11.0,0.5,0.21428571428571427,0.39819968
11.0,0.5714285714285714,0.21428571428571427,0.3659695
11.0,0.6428571428571428,0.21428571428571427,0.3063019
11.0,0.7142857142857142,0.21428571428571427,0.24525131
11.0,0.7857142857142857,0.21428571428571427,0.18335725
11.0,0.8571428571428571,0.21428571428571427,0.12110173
11.0,0.9285714285714285,0.21428571428571427,0.058736153
11.0,1.0,0.21428571428571427,-0.0052018175
11.0,0.0,0.2857142857142857,-0.0070966566
11.0,0.07142857142857142,0.2857142857142857,0.075289056
11.0,0.14285714285714285,0.2857142857142857,0.16060248
11.0,0.21428571428571427,0.2857142857142857,0.24546964
11.0,0.2857142857142857,0.2857142857142857,0.3273826
11.0,0.3571428571428571,0.2857142857142857,0.4082221
11.0,0.42857142857142855,0.2857142857142857,0.4879959
11.0,0.5,0.2857142857142857,0.5273381
11.0,0.5714285714285714,0.2857142857142857,0.48517594
11.0,0.6428571428571428,0.2857142857142857,0.4068745
11.0,0.7142857142857142,0.2857142857142857,0.32549623
11.0,0.7857142857142857,0.2857142857142857,0.24306814
11.0,0.8571428571428571,0.2857142857142857,0.16049092
11.0,0.9285714285714285,0.2857142857142857,0.077307135
11.0,1.0,0.2857142857142857,-0.007334628
11.0,0.0,0.3571428571428571,-0.009320929
11.0,0.07142857142857142,0.3571428571428571,0.09507265
11.0,0.14285714285714285,0.3571428571428571,0.2028832
11.0,0.21428571428571427,0.3571428571428571,0.3088231
11.0,0.2857142857142857,0.3571428571428571,0.40939653
11.0,0.3571428571428571,0.3571428571428571,0.5074526
11.0,0.42857142857142855,0.3571428571428571,0.60540825
11.0,0.5,0.3571428571428571,0.656457
11.0,0.5714285714285714,0.3571428571428571,0.6047207
11.0,0.6428571428571428,0.3571428571428571,0.5076057
11.0,0.7142857142857142,0.3571428571428571,0.40672398
11.0,0.7857142857142857,0.3571428571428571,0.30518243
11.0,0.8571428571428571,0.3571428571428571,0.20249152
11.0,0.9285714285714285,0.3571428571428571,0.09771585
11.0,1.0,0.3571428571428571,-0.007815131
11.0,0.0,0.42857142857142855,-0.008863182
11.0,0.07142857142857142,0.42857142857142855,0.11630253
11.0,0.14285714285714285,0.42857142857142855,0.24505721
11.0,0.21428571428571427,0.42857142857142855,0.37031215
11.0,0.2857142857142857,0.42857142857142855,0.48827133
11.0,0.3571428571428571,0.42857142857142855,0.6034461
11.0,0.42857142857142855,0.42857142857142855,0.7204845
11.0,0.5,0.42857142857142855,0.7854323
11.0,0.5714285714285714,0.42857142857142855,0.7245271
11.0,0.6428571428571428,0.42857142857142855,0.60696256
11.0,0.7142857142857142,0.42857142857142855,0.48639467
11.0,0.7857142857142857,0.42857142857142855,0.3662831
11.0,0.8571428571428571,0.42857142857142855,0.24384116
11.0,0.9285714285714285,0.42857142857142855,0.1185947
11.0,1.0,0.42857142857142855,-0.00515435
11.0,0.0,0.5,-0.00786987
11.0,0.07142857142857142,0.5,0.12634619
11.0,0.14285714285714285,0.5,0.26461655
11.0,0.21428571428571427,0.5,0.3993847
11.0,0.2857142857142857,0.5,0.5270042
11.0,0.3571428571428571,0.5,0.6524064
11.0,0.42857142857142855,0.5,0.7802481
11.0,0.5,0.5,0.8537939
11.0,0.5714285714285714,0.5,0.7877464
11.0,0.6428571428571428,0.5,0.65765566
11.0,0.7142857142857142,0.5,0.5270491
11.0,0.7857142857142857,0.5,0.39801255
11.0,0.8571428571428571,0.5,0.2654459
11.0,0.9285714285714285,0.5,0.12971081
11.0,1.0,0.5,-0.0024741525
11.0,0.0,0.5714285714285714,-0.007717342
11.0,0.07142857142857142,0.5714285714285714,0.11628922
11.0,0.14285714285714285,0.5714285714285714,0.24296428
11.0,0.21428571428571427,0.5714285714285714,0.3667892
11.0,0.2857142857142857,0.5714285714285714,0.48566732
11.0,0.3571428571428571,0.5714285714285714,0.6034959
11.0,0.42857142857142855,0.5714285714285714,0.7206173
11.0,0.5,0.5714285714285714,0.7842513
11.0,0.5714285714285714,0.5714285714285714,0.7212415
11.0,0.6428571428571428,0.5714285714285714,0.6016707
11.0,0.7142857142857142,0.5714285714285714,0.48395625
11.0,0.7857142857142857,0.5714285714285714,0.36724243
11.0,0.8571428571428571,0.5714285714285714,0.24524109
11.0,0.9285714285714285,0.5714285714285714,0.11876141
11.0,1.0,0.5714285714285714,-0.0048305104
11.0,0.0,0.6428571428571428,-0.0074528987
11.0,0.07142857142857142,0.6428571428571428,0.096955806
11.0,0.14285714285714285,0.6428571428571428,0.20197602
11.0,0.21428571428571427,0.6428571428571428,0.30514577
11.0,0.2857142857142857,0.6428571428571428,0.40662405
11.0,0.3571428571428571,0.6428571428571428,0.5091261
11.0,0.42857142857142855,0.6428571428571428,0.60796654
11.0,0.5,0.6428571428571428,0.6573175
11.0,0.5714285714285714,0.6428571428571428,0.60516024
11.0,0.6428571428571428,0.6428571428571428,0.5062251
11.0,0.7142857142857142,0.6428571428571428,0.40687445
11.0,0.7857142857142857,0.6428571428571428,0.30768538
11.0,0.8571428571428571,0.6428571428571428,0.20436673
11.0,0.9285714285714285,0.6428571428571428,0.09770967
11.0,1.0,0.6428571428571428,-0.0068136314
11.0,0.0,0.7142857142857142,-0.0065806443
11.0,0.07142857142857142,0.7142857142857142,0.07728016
11.0,0.14285714285714285,0.7142857142857142,0.16013108
11.0,0.21428571428571427,0.7142857142857142,0.24168955
11.0,0.2857142857142857,0.7142857142857142,0.3234424
11.0,0.3571428571428571,0.7142857142857142,0.40737587
11.0,0.42857142857142855,0.7142857142857142,0.48698947
11.0,0.5,0.7142857142857142,0.5256302
11.0,0.5714285714285714,0.7142857142857142,0.48713037
11.0,0.6428571428571428,0.7142857142857142,0.40885705
11.0,0.7142857142857142,0.7142857142857142,0.32711154
11.0,0.7857142857142857,0.7142857142857142,0.24580793
11.0,0.8571428571428571,0.7142857142857142,0.16274251
11.0,0.9285714285714285,0.7142857142857142,0.07797522
11.0,1.0,0.7142857142857142,-0.0056127245
11.0,0.0,0.7857142857142857,-0.005146698
11.0,0.07142857142857142,0.7857142857142857,0.059323676
11.0,0.14285714285714285,0.7857142857142857,0.12127911
11.0,0.21428571428571427,0.7857142857142857,0.18162067
11.0,0.2857142857142857,0.7857142857142857,0.2425573
11.0,0.3571428571428571,0.7857142857142857,0.3059848
11.0,0.42857142857142855,0.7857142857142857,0.36581084
11.0,0.5,0.7857142857142857,0.39483908
11.0,0.5714285714285714,0.7857142857142857,0.36805496
11.0,0.6428571428571428,0.7857142857142857,0.30892682
11.0,0.7142857142857142,0.7857142857142857,0.2456284
11.0,0.7857142857142857,0.7857142857142857,0.1839622
11.0,0.8571428571428571,0.7857142857142857,0.12225718
11.0,0.9285714285714285,0.7857142857142857,0.059179828
11.0,1.0,0.7857142857142857,-0.004573618
11.0,0.0,0.8571428571428571,-0.004057006
11.0,0.07142857142857142,0.8571428571428571,0.042042032
11.0,0.14285714285714285,0.8571428571428571,0.08386514
11.0,0.21428571428571427,0.8571428571428571,0.12293371
11.0,0.2857142857142857,0.8571428571428571,0.16203915
11.0,0.3571428571428571,0.8571428571428571,0.20343652
11.0,0.42857142857142855,0.8571428571428571,0.24272819
11.0,0.5,0.8571428571428571,0.2618671
11.0,0.5714285714285714,0.8571428571428571,0.24474059
11.0,0.6428571428571428,0.8571428571428571,0.2047782
11.0,0.7142857142857142,0.8571428571428571,0.16199058
11.0,0.7857142857142857,0.8571428571428571,0.12175342
11.0,0.8571428571428571,0.8571428571428571,0.08194567
11.0,0.9285714285714285,0.8571428571428571,0.03984988
11.0,1.0,0.8571428571428571,-0.0053953575
11.0,0.0,0.9285714285714285,-0.005500638
11.0,0.07142857142857142,0.9285714285714285,0.022535842
11.0,0.14285714285714285,0.9285714285714285,0.044311076
11.0,0.21428571428571427,0.9285714285714285,0.06189011
11.0,0.2857142857142857,0.9285714285714285,0.078740746
11.0,0.3571428571428571,0.9285714285714285,0.09783342
11.0,0.42857142857142855,0.9285714285714285,0.11729162
11.0,0.5,0.9285714285714285,0.12723556
11.0,0.5714285714285714,0.9285714285714285,0.11867284
11.0,0.6428571428571428,0.9285714285714285,0.098091654
11.0,0.7142857142857142,0.9285714285714285,0.077149786
11.0,0.7857142857142857,0.9285714285714285,0.058933802
11.0,0.8571428571428571,0.9285714285714285,0.04055852
11.0,0.9285714285714285,0.9285714285714285,0.01836808
11.0,1.0,0.9285714285714285,-0.009487783
11.0,0.0,1.0,-0.01302375
11.0,0.07142857142857142,1.0,-0.0033099437
11.0,0.14285714285714285,1.0,-0.0015236763
11.0,0.21428571428571427,1.0,-0.0048085367
11.0,0.2857142857142857,1.0,-0.008866192
11.0,0.3571428571428571,1.0,-0.0097682
11.0,0.42857142857142855,1.0,-0.006755666
11.0,0.5,1.0,-0.0035593892
11.0,0.5714285714285714,1.0,-0.0042493427
11.0,0.6428571428571428,1.0,-0.0067610526
11.0,0.7142857142857142,1.0,-0.006680236
11.0,0.7857142857142857,1.0,-0.0040575536
11.0,0.8571428571428571,1.0,-0.0026190141
11.0,0.9285714285714285,1.0,-0.0065175677
11.0,1.0,1.0,-0.018178213
12.0,0.0,0.0,-0.013724708
12.0,0.07142857142857142,0.0,-0.004673087
12.0,0.14285714285714285,0.0,-0.0012502642
12.0,0.21428571428571427,0.0,-0.0029065432
12.0,0.2857142857142857,0.0,-0.007007637
12.0,0.3571428571428571,0.0,-0.008532085
12.0,0.42857142857142855,0.0,-0.0053602243
12.0,0.5,0.0,-0.003880174
12.0,0.5714285714285714,0.0,-0.008091477
12.0,0.6428571428571428,0.0,-0.011047074
12.0,0.7142857142857142,0.0,-0.008505304
12.0,0.7857142857142857,0.0,-0.0047400454
12.0,0.8571428571428571,0.0,-0.004375563
12.0,0.9285714285714285,0.0,-0.008905151
12.0,1.0,0.0,-0.01859326
12.0,0.0,0.07142857142857142,-0.0057308776
12.0,0.07142857142857142,0.07142857142857142,0.019701838
12.0,0.14285714285714285,0.07142857142857142,0.04174514
12.0,0.21428571428571427,0.07142857142857142,0.06040647
12.0,0.2857142857142857,0.07142857142857142,0.07732605
12.0,0.3571428571428571,0.07142857142857142,0.09643962
12.0,0.42857142857142855,0.07142857142857142,0.117700644
12.0,0.5,0.07142857142857142,0.12709962
12.0,0.5714285714285714,0.07142857142857142,0.114911236
12.0,0.6428571428571428,0.07142857142857142,0.09476866
12.0,0.7142857142857142,0.07142857142857142,0.07754672
12.0,0.7857142857142857,0.07142857142857142,0.060627103
12.0,0.8571428571428571,0.07142857142857142,0.040918387
12.0,0.9285714285714285,0.07142857142857142,0.018065251
12.0,1.0,0.07142857142857142,-0.008334742
12.0,0.0,0.14285714285714285,-0.0031875828
12.0,0.07142857142857142,0.14285714285714285,0.03986279
12.0,0.14285714285714285,0.14285714285714285,0.08206525
12.0,0.21428571428571427,0.14285714285714285,0.1227197
12.0,0.2857142857142857,0.14285714285714285,0.16223934
12.0,0.3571428571428571,0.14285714285714285,0.2034091
12.0,0.42857142857142855,0.14285714285714285,0.24465345
12.0,0.5,0.14285714285714285,0.26333103
12.0,0.5714285714285714,0.14285714285714285,0.24165075
12.0,0.6428571428571428,0.14285714285714285,0.20202668
12.0,0.7142857142857142,0.14285714285714285,0.16286503
12.0,0.7857142857142857,0.14285714285714285,0.12329855
12.0,0.8571428571428571,0.14285714285714285,0.082171045
12.0,0.9285714285714285,0.14285714285714285,0.03983189
12.0,1.0,0.14285714285714285,-0.0047102654
12.0,0.0,0.21428571428571427,-0.0043634027
12.0,0.07142857142857142,0.21428571428571427,0.05760409
12.0,0.14285714285714285,0.21428571428571427,0.121017985
12.0,0.21428571428571427,0.21428571428571427,0.18408869
12.0,0.2857142857142857,0.21428571428571427,0.2457457
12.0,0.3571428571428571,0.21428571428571427,0.3078357
12.0,0.42857142857142855,0.21428571428571427,0.36855358
12.0,0.5,0.21428571428571427,0.39693123
12.0,0.5714285714285714,0.21428571428571427,0.36526397
12.0,0.6428571428571428,0.21428571428571427,0.30618918
12.0,0.7142857142857142,0.21428571428571427,0.24531053
12.0,0.7857142857142857,0.21428571428571427,0.18343526
12.0,0.8571428571428571,0.21428571428571427,0.12111705
12.0,0.9285714285714285,0.21428571428571427,0.05864214
12.0,1.0,0.21428571428571427,-0.0054318467
12.0,0.0,0.2857142857142857,-0.007227132
12.0,0.07142857142857142,0.2857142857142857,0.07522421
12.0,0.14285714285714285,0.2857142857142857,0.16061094
12.0,0.21428571428571427,0.2857142857142857,0.24557494
12.0,0.2857142857142857,0.2857142857142857,0.32758692
12.0,0.3571428571428571,0.2857142857142857,0.40830564
12.0,0.42857142857142855,0.2857142857142857,0.48718303
12.0,0.5,0.2857142857142857,0.52565354
12.0,0.5714285714285714,0.2857142857142857,0.48436058
12.0,0.6428571428571428,0.2857142857142857,0.4068671
12.0,0.7142857142857142,0.2857142857142857,0.32567206
12.0,0.7857142857142857,0.2857142857142857,0.24322213
12.0,0.8571428571428571,0.2857142857142857,0.1605623
12.0,0.9285714285714285,0.2857142857142857,0.077268206
12.0,1.0,0.2857142857142857,-0.007506081
12.0,0.0,0.3571428571428571,-0.009386589
12.0,0.07142857142857142,0.3571428571428571,0.09504672
12.0,0.14285714285714285,0.3571428571428571,0.20285824
12.0,0.21428571428571427,0.3571428571428571,0.30878794
12.0,0.2857142857142857,0.3571428571428571,0.40935683
12.0,0.3571428571428571,0.3571428571428571,0.5072145
12.0,0.42857142857142855,0.3571428571428571,0.60407346
12.0,0.5,0.3571428571428571,0.654031
12.0,0.5714285714285714,0.3571428571428571,0.60353315
12.0,0.6428571428571428,0.3571428571428571,0.5074621
12.0,0.7142857142857142,0.3571428571428571,0.40675008
12.0,0.7857142857142857,0.3571428571428571,0.30516392
12.0,0.8571428571428571,0.3571428571428571,0.20244126
12.0,0.9285714285714285,0.3571428571428571,0.09763501
12.0,1.0,0.3571428571428571,-0.007961282
12.0,0.0,0.42857142857142855,-0.0091482075
12.0,0.07142857142857142,0.42857142857142855,0.11598056
12.0,0.14285714285714285,0.42857142857142855,0.24458511
12.0,0.21428571428571427,0.42857142857142855,0.36960834
12.0,0.2857142857142857,0.42857142857142855,0.4873124
12.0,0.3571428571428571,0.42857142857142855,0.6020344
12.0,0.42857142857142855,0.42857142857142855,0.7176149
12.0,0.5,0.42857142857142855,0.78109926
12.0,0.5714285714285714,0.42857142857142855,0.72179735
12.0,0.6428571428571428,0.42857142857142855,0.6056892
12.0,0.7142857142857142,0.42857142857142855,0.48549312
12.0,0.7857142857142857,0.42857142857142855,0.36555672
12.0,0.8571428571428571,0.42857142857142855,0.24334891
12.0,0.9285714285714285,0.42857142857142855,0.11830396
12.0,1.0,0.42857142857142855,-0.0053514997
12.0,0.0,0.5,-0.008395352
12.0,0.07142857142857142,0.5,0.1257076
12.0,0.14285714285714285,0.5,0.26370314
12.0,0.21428571428571427,0.5,0.39805016
12.0,0.2857142857142857,0.5,0.52516335
12.0,0.3571428571428571,0.5,0.6498012
12.0,0.42857142857142855,0.5,0.77579355
12.0,0.5,0.5,0.8474594
12.0,0.5714285714285714,0.5,0.7831939
12.0,0.6428571428571428,0.5,0.65503
12.0,0.7142857142857142,0.5,0.5251515
12.0,0.7857142857142857,0.5,0.39661184
12.0,0.8571428571428571,0.5,0.26456684
12.0,0.9285714285714285,0.5,0.12924238
12.0,1.0,0.5,-0.0027226517
12.0,0.0,0.5714285714285714,-0.0079658935
12.0,0.07142857142857142,0.5714285714285714,0.11600482
12.0,0.14285714285714285,0.5714285714285714,0.24255456
12.0,0.21428571428571427,0.5714285714285714,0.36618656
12.0,0.2857142857142857,0.5714285714285714,0.4848415
12.0,0.3571428571428571,0.5714285714285714,0.6022169
12.0,0.42857142857142855,0.5714285714285714,0.717901
12.0,0.5,0.5714285714285714,0.7799697
12.0,0.5714285714285714,0.5714285714285714,0.7185021
12.0,0.6428571428571428,0.5714285714285714,0.6005293
12.0,0.7142857142857142,0.5714285714285714,0.48316556
12.0,0.7857142857142857,0.5714285714285714,0.3665666
12.0,0.8571428571428571,0.5714285714285714,0.24478431
12.0,0.9285714285714285,0.5714285714285714,0.11850982
12.0,1.0,0.5714285714285714,-0.0049888575
12.0,0.0,0.6428571428571428,-0.00747946
12.0,0.07142857142857142,0.6428571428571428,0.096927
12.0,0.14285714285714285,0.6428571428571428,0.20193696
12.0,0.21428571428571427,0.6428571428571428,0.30511886
12.0,0.2857142857142857,0.6428571428571428,0.40662572
12.0,0.3571428571428571,0.6428571428571428,0.50892866
12.0,0.42857142857142855,0.6428571428571428,0.60672593
12.0,0.5,0.6428571428571428,0.6549193
12.0,0.5714285714285714,0.6428571428571428,0.6038957
12.0,0.6428571428571428,0.6428571428571428,0.5061898
12.0,0.7142857142857142,0.6428571428571428,0.4070189
12.0,0.7857142857142857,0.6428571428571428,0.30771258
12.0,0.8571428571428571,0.6428571428571428,0.20433806
12.0,0.9285714285714285,0.6428571428571428,0.09765858
12.0,1.0,0.6428571428571428,-0.0069212997
12.0,0.0,0.7142857142857142,-0.00658355
12.0,0.07142857142857142,0.7142857142857142,0.0772473
12.0,0.14285714285714285,0.7142857142857142,0.16010322
12.0,0.21428571428571427,0.7142857142857142,0.24172895
12.0,0.2857142857142857,0.7142857142857142,0.3235758
12.0,0.3571428571428571,0.7142857142857142,0.4073803
12.0,0.42857142857142855,0.7142857142857142,0.4861643
12.0,0.5,0.7142857142857142,0.5239104
12.0,0.5714285714285714,0.7142857142857142,0.48616946
12.0,0.6428571428571428,0.7142857142857142,0.40885785
12.0,0.7142857142857142,0.7142857142857142,0.3273034
12.0,0.7857142857142857,0.7142857142857142,0.2458963
12.0,0.8571428571428571,0.7142857142857142,0.16273946
12.0,0.9285714285714285,0.7142857142857142,0.07791094
12.0,1.0,0.7142857142857142,-0.0057520727
12.0,0.0,0.7857142857142857,-0.005173438
12.0,0.07142857142857142,0.7857142857142857,0.059231266
12.0,0.14285714285714285,0.7857142857142857,0.121173374
12.0,0.21428571428571427,0.7857142857142857,0.18157677
12.0,0.2857142857142857,0.7857142857142857,0.24261166
12.0,0.3571428571428571,0.7857142857142857,0.30595148
12.0,0.42857142857142855,0.7857142857142857,0.36516336
12.0,0.5,0.7857142857142857,0.39356244
12.0,0.5714285714285714,0.7857142857142857,0.3672727
12.0,0.6428571428571428,0.7857142857142857,0.30883706
12.0,0.7142857142857142,0.7857142857142857,0.24568297
12.0,0.7857142857142857,0.7857142857142857,0.18392786
12.0,0.8571428571428571,0.7857142857142857,0.12215542
12.0,0.9285714285714285,0.7857142857142857,0.05905094
12.0,1.0,0.7857142857142857,-0.0047372254
12.0,0.0,0.8571428571428571,-0.0040831277
12.0,0.07142857142857142,0.8571428571428571,0.041918673
12.0,0.14285714285714285,0.8571428571428571,0.08370057
12.0,0.21428571428571427,0.8571428571428571,0.122810625
12.0,0.2857142857142857,0.8571428571428571,0.1620079
12.0,0.3571428571428571,0.8571428571428571,0.20336683
12.0,0.42857142857142855,0.8571428571428571,0.24226482
12.0,0.5,0.8571428571428571,0.26102123
12.0,0.5714285714285714,0.8571428571428571,0.24420668
12.0,0.6428571428571428,0.8571428571428571,0.20468824
12.0,0.7142857142857142,0.8571428571428571,0.16196086
12.0,0.7857142857142857,0.8571428571428571,0.12162136
12.0,0.8571428571428571,0.8571428571428571,0.0817605
12.0,0.9285714285714285,0.8571428571428571,0.039674435
12.0,1.0,0.8571428571428571,-0.0055591324
12.0,0.0,0.9285714285714285,-0.005496499
12.0,0.07142857142857142,0.9285714285714285,0.02241718
12.0,0.14285714285714285,0.9285714285714285,0.04412973
12.0,0.21428571428571427,0.9285714285714285,0.06173542
12.0,0.2857142857142857,0.9285714285714285,0.07867338
12.0,0.3571428571428571,0.9285714285714285,0.097771436
12.0,0.42857142857142855,0.9285714285714285,0.117016144
12.0,0.5,0.9285714285714285,0.12675911
12.0,0.5714285714285714,0.9285714285714285,0.118383415
12.0,0.6428571428571428,0.9285714285714285,0.09805195
12.0,0.7142857142857142,0.9285714285714285,0.07709556
12.0,0.7857142857142857,0.9285714285714285,0.058758914
12.0,0.8571428571428571,0.9285714285714285,0.040331684
12.0,0.9285714285714285,0.9285714285714285,0.018171001
12.0,1.0,0.9285714285714285,-0.009638698
12.0,0.0,1.0,-0.012978704
12.0,0.07142857142857142,1.0,-0.0034002857
12.0,0.14285714285714285,1.0,-0.0016818019
12.0,0.21428571428571427,1.0,-0.0049448246
12.0,0.2857142857142857,1.0,-0.008925398
12.0,0.3571428571428571,1.0,-0.009802853
12.0,0.42857142857142855,1.0,-0.006893539
12.0,0.5,1.0,-0.0037920484
12.0,0.5714285714285714,1.0,-0.004377135
12.0,0.6428571428571428,1.0,-0.006765374
12.0,0.7142857142857142,1.0,-0.0067406083
12.0,0.7857142857142857,1.0,-0.0042412477
12.0,0.8571428571428571,1.0,-0.002854553
12.0,0.9285714285714285,1.0,-0.006715548
12.0,1.0,1.0,-0.018309843
13.0,0.0,0.0,-0.013820176
13.0,0.07142857142857142,0.0,-0.0047912346
13.0,0.14285714285714285,0.0,-0.0013845721
13.0,0.21428571428571427,0.0,-0.0030437196
13.0,0.2857142857142857,0.0,-0.0071359323
13.0,0.3571428571428571,0.0,-0.0086854
13.0,0.42857142857142855,0.0,-0.005620078
13.0,0.5,0.0,-0.004174606
13.0,0.5714285714285714,0.0,-0.008233801
13.0,0.6428571428571428,0.0,-0.011071504
13.0,0.7142857142857142,0.0,-0.008517728
13.0,0.7857142857142857,0.0,-0.0047501484
13.0,0.8571428571428571,0.0,-0.0043841163
13.0,0.9285714285714285,0.0,-0.00894154
13.0,1.0,0.0,-0.018691398
13.0,0.0,0.07142857142857142,-0.005897942
13.0,0.07142857142857142,0.07142857142857142,0.019544948
13.0,0.14285714285714285,0.07142857142857142,0.04161461
13.0,0.21428571428571427,0.07142857142857142,0.060327142
13.0,0.2857142857142857,0.07142857142857142,0.07730495
13.0,0.3571428571428571,0.07142857142857142,0.096380256
13.0,0.42857142857142855,0.07142857142857142,0.11738076
13.0,0.5,0.07142857142857142,0.12659074
13.0,0.5714285714285714,0.07142857142857142,0.114617996
13.0,0.6428571428571428,0.07142857142857142,0.094686344
13.0,0.7142857142857142,0.07142857142857142,0.077501744
13.0,0.7857142857142857,0.07142857142857142,0.06058389
13.0,0.8571428571428571,0.07142857142857142,0.040856346
13.0,0.9285714285714285,0.07142857142857142,0.017948791
13.0,1.0,0.07142857142857142,-0.008535401
13.0,0.0,0.14285714285714285,-0.0034019174
13.0,0.07142857142857142,0.14285714285714285,0.039684873
13.0,0.14285714285714285,0.14285714285714285,0.08194833
13.0,0.21428571428571427,0.14285714285714285,0.122698046
13.0,0.2857142857142857,0.14285714285714285,0.16231579
13.0,0.3571428571428571,0.14285714285714285,0.20342316
13.0,0.42857142857142855,0.14285714285714285,0.24419792
13.0,0.5,0.14285714285714285,0.26246864
13.0,0.5714285714285714,0.14285714285714285,0.2411321
13.0,0.6428571428571428,0.14285714285714285,0.20188642
13.0,0.7142857142857142,0.14285714285714285,0.16283087
13.0,0.7857142857142857,0.14285714285714285,0.123285495
13.0,0.8571428571428571,0.14285714285714285,0.08212504
13.0,0.9285714285714285,0.14285714285714285,0.039708808
13.0,1.0,0.14285714285714285,-0.0049387226
13.0,0.0,0.21428571428571427,-0.00455881
13.0,0.07142857142857142,0.21428571428571427,0.05746191
13.0,0.14285714285714285,0.21428571428571427,0.12095202
13.0,0.21428571428571427,0.21428571428571427,0.18413526
13.0,0.2857142857142857,0.21428571428571427,0.24590667
13.0,0.3571428571428571,0.21428571428571427,0.30790487
13.0,0.42857142857142855,0.21428571428571427,0.36793283
13.0,0.5,0.21428571428571427,0.39566883
13.0,0.5714285714285714,0.21428571428571427,0.36456063
13.0,0.6428571428571428,0.21428571428571427,0.30607703
13.0,0.7142857142857142,0.21428571428571427,0.24537031
13.0,0.7857142857142857,0.21428571428571427,0.18351659
13.0,0.8571428571428571,0.21428571428571427,0.12114485
13.0,0.9285714285714285,0.21428571428571427,0.05857285
13.0,1.0,0.21428571428571427,-0.005624951
13.0,0.0,0.2857142857142857,-0.007324564
13.0,0.07142857142857142,0.2857142857142857,0.07517637
13.0,0.14285714285714285,0.2857142857142857,0.1606185
13.0,0.21428571428571427,0.2857142857142857,0.24566267
13.0,0.2857142857142857,0.2857142857142857,0.3277625
13.0,0.3571428571428571,0.2857142857142857,0.40835765
13.0,0.42857142857142855,0.2857142857142857,0.4863526
13.0,0.5,0.2857142857142857,0.5239731
13.0,0.5714285714285714,0.2857142857142857,0.48354095
13.0,0.6428571428571428,0.2857142857142857,0.40685496
13.0,0.7142857142857142,0.2857142857142857,0.3258424
13.0,0.7857142857142857,0.2857142857142857,0.24337249
13.0,0.8571428571428571,0.2857142857142857,0.16064017
13.0,0.9285714285714285,0.2857142857142857,0.07725158
13.0,1.0,0.2857142857142857,-0.00763891
13.0,0.0,0.3571428571428571,-0.009411099
13.0,0.07142857142857142,0.3571428571428571,0.09503762
13.0,0.14285714285714285,0.3571428571428571,0.20282531
13.0,0.21428571428571427,0.3571428571428571,0.30872342
13.0,0.2857142857142857,0.3571428571428571,0.40927753
13.0,0.3571428571428571,0.3571428571428571,0.50693667
13.0,0.42857142857142855,0.3571428571428571,0.6027159
13.0,0.5,0.3571428571428571,0.65160584
13.0,0.5714285714285714,0.3571428571428571,0.6023244
13.0,0.6428571428571428,0.3571428571428571,0.5072992
13.0,0.7142857142857142,0.3571428571428571,0.40675986
13.0,0.7857142857142857,0.3571428571428571,0.30513278
13.0,0.8571428571428571,0.3571428571428571,0.20239203
13.0,0.9285714285714285,0.3571428571428571,0.09757572
13.0,1.0,0.3571428571428571,-0.008065523
13.0,0.0,0.42857142857142855,-0.0093759345
13.0,0.07142857142857142,0.42857142857142855,0.11568489
13.0,0.14285714285714285,0.42857142857142855,0.24410747
13.0,0.21428571428571427,0.42857142857142855,0.36887714
13.0,0.2857142857142857,0.42857142857142855,0.48632106
13.0,0.3571428571428571,0.42857142857142855,0.6005973
13.0,0.42857142857142855,0.42857142857142855,0.7147404
13.0,0.5,0.42857142857142855,0.77678096
13.0,0.5714285714285714,0.42857142857142855,0.7190393
13.0,0.6428571428571428,0.42857142857142855,0.60438967
13.0,0.7142857142857142,0.42857142857142855,0.4845744
13.0,0.7857142857142857,0.42857142857142855,0.36481896
13.0,0.8571428571428571,0.42857142857142855,0.24286096
13.0,0.9285714285714285,0.42857142857142855,0.11803987
13.0,1.0,0.42857142857142855,-0.005499997
13.0,0.0,0.5,-0.008848325
13.0,0.07142857142857142,0.5,0.12511171
13.0,0.14285714285714285,0.5,0.26280388
13.0,0.21428571428571427,0.5,0.39671537
13.0,0.2857142857142857,0.5,0.52332795
13.0,0.3571428571428571,0.5,0.6472214
13.0,0.42857142857142855,0.5,0.77139914
13.0,0.5,0.5,0.84121186
13.0,0.5714285714285714,0.5,0.7786679
13.0,0.6428571428571428,0.5,0.6524195
13.0,0.7142857142857142,0.5,0.52326906
13.0,0.7857142857142857,0.5,0.39521894
13.0,0.8571428571428571,0.5,0.26370156
13.0,0.9285714285714285,0.5,0.12880652
13.0,1.0,0.5,-0.0029177824
13.0,0.0,0.5714285714285714,-0.008151368
13.0,0.07142857142857142,0.5714285714285714,0.11575734
13.0,0.14285714285714285,0.5714285714285714,0.24215718
13.0,0.21428571428571427,0.5714285714285714,0.36558148
13.0,0.2857142857142857,0.5714285714285714,0.48401332
13.0,0.3571428571428571,0.5714285714285714,0.60094255
13.0,0.42857142857142855,0.5714285714285714,0.7152092
13.0,0.5,0.5714285714285714,0.7757372
13.0,0.5714285714285714,0.5714285714285714,0.7157614
13.0,0.6428571428571428,0.5714285714285714,0.5993805
13.0,0.7142857142857142,0.5714285714285714,0.4823755
13.0,0.7857142857142857,0.5714285714285714,0.36588785
13.0,0.8571428571428571,0.5714285714285714,0.24433048
13.0,0.9285714285714285,0.5714285714285714,0.118281566
13.0,1.0,0.5714285714285714,-0.005100229
13.0,0.0,0.6428571428571428,-0.0074616307
13.0,0.07142857142857142,0.6428571428571428,0.096922025
13.0,0.14285714285714285,0.6428571428571428,0.20190209
13.0,0.21428571428571427,0.6428571428571428,0.3050836
13.0,0.2857142857142857,0.6428571428571428,0.40661284
13.0,0.3571428571428571,0.6428571428571428,0.50871265
13.0,0.42857142857142855,0.6428571428571428,0.6054772
13.0,0.5,0.6428571428571428,0.65253615
13.0,0.5714285714285714,0.6428571428571428,0.6026109
13.0,0.6428571428571428,0.6428571428571428,0.50612557
13.0,0.7142857142857142,0.6428571428571428,0.40714452
13.0,0.7857142857142857,0.6428571428571428,0.3077243
13.0,0.8571428571428571,0.6428571428571428,0.20430304
13.0,0.9285714285714285,0.6428571428571428,0.097620726
13.0,1.0,0.6428571428571428,-0.0069916407
13.0,0.0,0.7142857142857142,-0.006554694
13.0,0.07142857142857142,0.7142857142857142,0.07723162
13.0,0.14285714285714285,0.7142857142857142,0.16007914
13.0,0.21428571428571427,0.7142857142857142,0.24176265
13.0,0.2857142857142857,0.7142857142857142,0.32369733
13.0,0.3571428571428571,0.7142857142857142,0.40736672
13.0,0.42857142857142855,0.7142857142857142,0.4853308
13.0,0.5,0.7142857142857142,0.5222034
13.0,0.5714285714285714,0.7142857142857142,0.48519656
13.0,0.6428571428571428,0.7142857142857142,0.40883458
13.0,0.7142857142857142,0.7142857142857142,0.32747868
13.0,0.7857142857142857,0.7142857142857142,0.2459725
13.0,0.8571428571428571,0.7142857142857142,0.162733
13.0,0.9285714285714285,0.7142857142857142,0.077858895
13.0,1.0,0.7142857142857142,-0.0058600614
13.0,0.0,0.7857142857142857,-0.00517618
13.0,0.07142857142857142,0.7857142857142857,0.05915215
13.0,0.14285714285714285,0.7857142857142857,0.121072106
13.0,0.21428571428571427,0.7857142857142857,0.18153165
13.0,0.2857142857142857,0.7857142857142857,0.24266039
13.0,0.3571428571428571,0.7857142857142857,0.3059091
13.0,0.42857142857142855,0.7857142857142857,0.364516
13.0,0.5,0.7857142857142857,0.39230108
13.0,0.5714285714285714,0.7857142857142857,0.3664861
13.0,0.6428571428571428,0.7857142857142857,0.30873245
13.0,0.7142857142857142,0.7857142857142857,0.2457286
13.0,0.7857142857142857,0.7857142857142857,0.18388902
13.0,0.8571428571428571,0.7857142857142857,0.122054525
13.0,0.9285714285714285,0.7857142857142857,0.058935307
13.0,1.0,0.7857142857142857,-0.004872714
13.0,0.0,0.8571428571428571,-0.004091286
13.0,0.07142857142857142,0.8571428571428571,0.041805416
13.0,0.14285714285714285,0.8571428571428571,0.0835418
13.0,0.21428571428571427,0.8571428571428571,0.122690566
13.0,0.2857142857142857,0.8571428571428571,0.16197889
13.0,0.3571428571428571,0.8571428571428571,0.20329918
13.0,0.42857142857142855,0.8571428571428571,0.2418134
13.0,0.5,0.8571428571428571,0.2601956
13.0,0.5714285714285714,0.8571428571428571,0.24367817
13.0,0.6428571428571428,0.8571428571428571,0.20459478
13.0,0.7142857142857142,0.8571428571428571,0.16193132
13.0,0.7857142857142857,0.8571428571428571,0.121492065
13.0,0.8571428571428571,0.8571428571428571,0.081580065
13.0,0.9285714285714285,0.8571428571428571,0.039510556
13.0,1.0,0.8571428571428571,-0.005700455
13.0,0.0,0.9285714285714285,-0.0054799104
13.0,0.07142857142857142,0.9285714285714285,0.022306941
13.0,0.14285714285714285,0.9285714285714285,0.043955497
13.0,0.21428571428571427,0.9285714285714285,0.061589085
13.0,0.2857142857142857,0.9285714285714285,0.0786168
13.0,0.3571428571428571,0.9285714285714285,0.09772414
13.0,0.42857142857142855,0.9285714285714285,0.1167661
13.0,0.5,0.9285714285714285,0.12631504
13.0,0.5714285714285714,0.9285714285714285,0.11811464
13.0,0.6428571428571428,0.9285714285714285,0.09802448
13.0,0.7142857142857142,0.9285714285714285,0.07705342
13.0,0.7857142857142857,0.9285714285714285,0.058595195
13.0,0.8571428571428571,0.9285714285714285,0.040113214
13.0,0.9285714285714285,0.9285714285714285,0.01798372
13.0,1.0,0.9285714285714285,-0.009772767
13.0,0.0,1.0,-0.012926572
13.0,0.07142857142857142,1.0,-0.0034839464
13.0,0.14285714285714285,1.0,-0.0018308051
13.0,0.21428571428571427,1.0,-0.005067178
13.0,0.2857142857142857,1.0,-0.008964342
13.0,0.3571428571428571,1.0,-0.009808772
13.0,0.42857142857142855,1.0,-0.0069905976
13.0,0.5,1.0,-0.003977307
13.0,0.5714285714285714,1.0,-0.004465238
13.0,0.6428571428571428,1.0,-0.0067393044
13.0,0.7142857142857142,1.0,-0.006774747
13.0,0.7857142857142857,1.0,-0.0044054436
13.0,0.8571428571428571,1.0,-0.00307702
13.0,0.9285714285714285,1.0,-0.006904361
13.0,1.0,1.0,-0.018429555
14.0,0.0,0.0,-0.013897684
14.0,0.07142857142857142,0.0,-0.0048935274
14.0,0.14285714285714285,0.0,-0.0015047314
14.0,0.21428571428571427,0.0,-0.0031649983
14.0,0.2857142857142857,0.0,-0.0072411904
14.0,0.3571428571428571,0.0,-0.008803026
14.0,0.42857142857142855,0.0,-0.0058300393
14.0,0.5,0.0,-0.0044109495
14.0,0.5714285714285714,0.0,-0.008323037
14.0,0.6428571428571428,0.0,-0.011054167
14.0,0.7142857142857142,0.0,-0.008503267
14.0,0.7857142857142857,0.0,-0.0047424966
14.0,0.8571428571428571,0.0,-0.0043758536
14.0,0.9285714285714285,0.0,-0.008956865
14.0,1.0,0.0,-0.018763542
14.0,0.0,0.07142857142857142,-0.006043478
14.0,0.07142857142857142,0.07142857142857142,0.019404791
14.0,0.14285714285714285,0.07142857142857142,0.04149676
14.0,0.21428571428571427,0.07142857142857142,0.06025809
14.0,0.2857142857142857,0.07142857142857142,0.07729445
14.0,0.3571428571428571,0.07142857142857142,0.09633752
14.0,0.42857142857142855,0.07142857142857142,0.11708709
14.0,0.5,0.07142857142857142,0.1261155
14.0,0.5714285714285714,0.07142857142857142,0.1143535
14.0,0.6428571428571428,0.07142857142857142,0.094625056
14.0,0.7142857142857142,0.07142857142857142,0.077469975
14.0,0.7857142857142857,0.07142857142857142,0.060551196
14.0,0.8571428571428571,0.07142857142857142,0.04080884
14.0,0.9285714285714285,0.07142857142857142,0.01785411
14.0,1.0,0.07142857142857142,-0.008706004
14.0,0.0,0.14285714285714285,-0.0035925554
14.0,0.07142857142857142,0.14285714285714285,0.03952482
14.0,0.14285714285714285,0.14285714285714285,0.081841365
14.0,0.21428571428571427,0.14285714285714285,0.12267918
14.0,0.2857142857142857,0.14285714285714285,0.16238974
14.0,0.3571428571428571,0.14285714285714285,0.20343408
14.0,0.42857142857142855,0.14285714285714285,0.24374707
14.0,0.5,0.14285714285714285,0.26162043
14.0,0.5714285714285714,0.14285714285714285,0.24062352
14.0,0.6428571428571428,0.14285714285714285,0.20175266
14.0,0.7142857142857142,0.14285714285714285,0.1628009
14.0,0.7857142857142857,0.14285714285714285,0.12327813
14.0,0.8571428571428571,0.14285714285714285,0.08209302
14.0,0.9285714285714285,0.14285714285714285,0.03960967
14.0,1.0,0.14285714285714285,-0.0051335776
14.0,0.0,0.21428571428571427,-0.0047270013
14.0,0.07142857142857142,0.21428571428571427,0.05733671
14.0,0.14285714285714285,0.21428571428571427,0.120891385
14.0,0.21428571428571427,0.21428571428571427,0.1841748
14.0,0.2857142857142857,0.21428571428571427,0.24605136
14.0,0.3571428571428571,0.21428571428571427,0.3079548
14.0,0.42857142857142855,0.21428571428571427,0.36730215
14.0,0.5,0.21428571428571427,0.394413
14.0,0.5714285714285714,0.21428571428571427,0.36385894
14.0,0.6428571428571428,0.21428571428571427,0.305965
14.0,0.7142857142857142,0.21428571428571427,0.24542825
14.0,0.7857142857142857,0.21428571428571427,0.18359943
14.0,0.8571428571428571,0.21428571428571427,0.12118349
14.0,0.9285714285714285,0.21428571428571427,0.05852644
14.0,1.0,0.21428571428571427,-0.0057817036
14.0,0.0,0.2857142857142857,-0.0073909815
14.0,0.07142857142857142,0.2857142857142857,0.07514392
14.0,0.14285714285714285,0.2857142857142857,0.16062446
14.0,0.21428571428571427,0.2857142857142857,0.24573205
14.0,0.2857142857142857,0.2857142857142857,0.32790902
14.0,0.3571428571428571,0.2857142857142857,0.40837815
14.0,0.42857142857142855,0.2857142857142857,0.48550433
14.0,0.5,0.2857142857142857,0.5222979
14.0,0.5714285714285714,0.2857142857142857,0.48271614
14.0,0.6428571428571428,0.2857142857142857,0.4068373
14.0,0.7142857142857142,0.2857142857142857,0.32600573
14.0,0.7857142857142857,0.2857142857142857,0.24351807
14.0,0.8571428571428571,0.2857142857142857,0.16072272
14.0,0.9285714285714285,0.2857142857142857,0.07725603
14.0,1.0,0.2857142857142857,-0.0077341357
14.0,0.0,0.3571428571428571,-0.009398085
14.0,0.07142857142857142,0.3571428571428571,0.09504353
14.0,0.14285714285714285,0.3571428571428571,0.2027828
14.0,0.21428571428571427,0.3571428571428571,0.3086299
14.0,0.2857142857142857,0.3571428571428571,0.40916008
14.0,0.3571428571428571,0.3571428571428571,0.5066207
14.0,0.42857142857142855,0.3571428571428571,0.6013381
14.0,0.5,0.3571428571428571,0.6491838
14.0,0.5714285714285714,0.3571428571428571,0.6010949
14.0,0.6428571428571428,0.3571428571428571,0.50711626
14.0,0.7142857142857142,0.3571428571428571,0.4067528
14.0,0.7857142857142857,0.3571428571428571,0.30508748
14.0,0.8571428571428571,0.3571428571428571,0.202341
14.0,0.9285714285714285,0.3571428571428571,0.09753558
14.0,1.0,0.3571428571428571,-0.008129501
14.0,0.0,0.42857142857142855,-0.009549939
14.0,0.07142857142857142,0.42857142857142855,0.11541241
14.0,0.14285714285714285,0.42857142857142855,0.24362369
14.0,0.21428571428571427,0.42857142857142855,0.3681202
14.0,0.2857142857142857,0.42857142857142855,0.48530108
14.0,0.3571428571428571,0.42857142857142855,0.5991393
14.0,0.42857142857142855,0.42857142857142855,0.71186507
14.0,0.5,0.42857142857142855,0.772483
14.0,0.5714285714285714,0.42857142857142855,0.7162559
14.0,0.6428571428571428,0.42857142857142855,0.60306394
14.0,0.7142857142857142,0.42857142857142855,0.48364016
14.0,0.7857142857142857,0.42857142857142855,0.36406898
14.0,0.8571428571428571,0.42857142857142855,0.24237473
14.0,0.9285714285714285,0.42857142857142855,0.11780014
14.0,1.0,0.42857142857142855,-0.0056019137
14.0,0.0,0.5,-0.009232157
14.0,0.07142857142857142,0.5,0.124556
14.0,0.14285714285714285,0.5,0.26191822
14.0,0.21428571428571427,0.5,0.3953807
14.0,0.2857142857142857,0.5,0.52150166
14.0,0.3571428571428571,0.5,0.64467067
14.0,0.42857142857142855,0.5,0.7670679
14.0,0.5,0.5,0.8350573
14.0,0.5714285714285714,0.5,0.7741736
14.0,0.6428571428571428,0.5,0.6498272
14.0,0.7142857142857142,0.5,0.5214033
14.0,0.7857142857142857,0.5,0.39383438
14.0,0.8571428571428571,0.5,0.26284882
14.0,0.9285714285714285,0.5,0.12840123
14.0,1.0,0.5,-0.0030608037
14.0,0.0,0.5714285714285714,-0.008277663
14.0,0.07142857142857142,0.5714285714285714,0.11554318
14.0,0.14285714285714285,0.5714285714285714,0.24176987
14.0,0.21428571428571427,0.5714285714285714,0.364974
14.0,0.2857142857142857,0.5714285714285714,0.48318273
14.0,0.3571428571428571,0.5714285714285714,0.5996713
14.0,0.42857142857142855,0.5714285714285714,0.7125402
14.0,0.5,0.5714285714285714,0.771555
14.0,0.5714285714285714,0.5714285714285714,0.71302104
14.0,0.6428571428571428,0.5714285714285714,0.59822404
14.0,0.7142857142857142,0.5714285714285714,0.48158592
14.0,0.7857142857142857,0.5714285714285714,0.36520523
14.0,0.8571428571428571,0.5714285714285714,0.24387844
14.0,0.9285714285714285,0.5714285714285714,0.11807474
14.0,1.0,0.5714285714285714,-0.005167098
14.0,0.0,0.6428571428571428,-0.007401862
14.0,0.07142857142857142,0.6428571428571428,0.09693721
14.0,0.14285714285714285,0.6428571428571428,0.2018698
14.0,0.21428571428571427,0.6428571428571428,0.305039
14.0,0.2857142857142857,0.6428571428571428,0.4065848
14.0,0.3571428571428571,0.6428571428571428,0.5084767
14.0,0.42857142857142855,0.6428571428571428,0.60421866
14.0,0.5,0.6428571428571428,0.65016866
14.0,0.5714285714285714,0.6428571428571428,0.6013071
14.0,0.6428571428571428,0.6428571428571428,0.50603175
14.0,0.7142857142857142,0.6428571428571428,0.4072504
14.0,0.7857142857142857,0.6428571428571428,0.30772048
14.0,0.8571428571428571,0.6428571428571428,0.20426102
14.0,0.9285714285714285,0.6428571428571428,0.09759539
14.0,1.0,0.6428571428571428,-0.0070265243
14.0,0.0,0.7142857142857142,-0.006495499
14.0,0.07142857142857142,0.7142857142857142,0.07723067
14.0,0.14285714285714285,0.7142857142857142,0.16005783
14.0,0.21428571428571427,0.7142857142857142,0.24179061
14.0,0.2857142857142857,0.7142857142857142,0.32380632
14.0,0.3571428571428571,0.7142857142857142,0.4073352
14.0,0.42857142857142855,0.7142857142857142,0.4844882
14.0,0.5,0.7142857142857142,0.5205097
14.0,0.5714285714285714,0.7142857142857142,0.48421293
14.0,0.6428571428571428,0.7142857142857142,0.40878853
14.0,0.7142857142857142,0.7142857142857142,0.32763726
14.0,0.7857142857142857,0.7142857142857142,0.24603672
14.0,0.8571428571428571,0.7142857142857142,0.16272241
14.0,0.9285714285714285,0.7142857142857142,0.077819355
14.0,1.0,0.7142857142857142,-0.005936728
14.0,0.0,0.7857142857142857,-0.0051562125
14.0,0.07142857142857142,0.7857142857142857,0.05908566
14.0,0.14285714285714285,0.7857142857142857,0.12097598
14.0,0.21428571428571427,0.7857142857142857,0.18148558
14.0,0.2857142857142857,0.7857142857142857,0.24270321
14.0,0.3571428571428571,0.7857142857142857,0.3058569
14.0,0.42857142857142855,0.7857142857142857,0.3638674
14.0,0.5,0.7857142857142857,0.39105326
14.0,0.5714285714285714,0.7857142857142857,0.36569598
14.0,0.6428571428571428,0.7857142857142857,0.3086131
14.0,0.7142857142857142,0.7857142857142857,0.24576534
14.0,0.7857142857142857,0.7857142857142857,0.1838455
14.0,0.8571428571428571,0.7857142857142857,0.12195448
14.0,0.9285714285714285,0.7857142857142857,0.05883193
14.0,1.0,0.7857142857142857,-0.004980904
14.0,0.0,0.8571428571428571,-0.004082636
14.0,0.07142857142857142,0.8571428571428571,0.04170332
14.0,0.14285714285714285,0.8571428571428571,0.08338877
14.0,0.21428571428571427,0.8571428571428571,0.12257407
14.0,0.2857142857142857,0.8571428571428571,0.16195141
14.0,0.3571428571428571,0.8571428571428571,0.20323259
14.0,0.42857142857142855,0.8571428571428571,0.24137165
14.0,0.5,0.8571428571428571,0.25938955
14.0,0.5714285714285714,0.8571428571428571,0.24315478
14.0,0.6428571428571428,0.8571428571428571,0.20449726
14.0,0.7142857142857142,0.8571428571428571,0.16190226
14.0,0.7857142857142857,0.8571428571428571,0.1213657
14.0,0.8571428571428571,0.8571428571428571,0.08140426
14.0,0.9285714285714285,0.8571428571428571,0.03935867
14.0,1.0,0.8571428571428571,-0.0058188746
14.0,0.0,0.9285714285714285,-0.0054521533
14.0,0.07142857142857142,0.9285714285714285,0.02220418
14.0,0.14285714285714285,0.9285714285714285,0.043787748
14.0,0.21428571428571427,0.9285714285714285,0.06145046
14.0,0.2857142857142857,0.9285714285714285,0.07856985
14.0,0.3571428571428571,0.9285714285714285,0.097690724
14.0,0.42857142857142855,0.9285714285714285,0.116538905
14.0,0.5,0.9285714285714285,0.12590082
14.0,0.5714285714285714,0.9285714285714285,0.11786502
14.0,0.6428571428571428,0.9285714285714285,0.09800777
14.0,0.7142857142857142,0.9285714285714285,0.07702307
14.0,0.7857142857142857,0.9285714285714285,0.058441848
14.0,0.8571428571428571,0.9285714285714285,0.039903276
14.0,0.9285714285714285,0.9285714285714285,0.017807003
14.0,1.0,0.9285714285714285,-0.009889842
14.0,0.0,1.0,-0.01286766
14.0,0.07142857142857142,1.0,-0.003561399
14.0,0.14285714285714285,1.0,-0.0019709524
14.0,0.21428571428571427,1.0,-0.005175543
14.0,0.2857142857142857,1.0,-0.00898371
14.0,0.3571428571428571,1.0,-0.009787393
14.0,0.42857142857142855,1.0,-0.0070498483
14.0,0.5,1.0,-0.004118056
14.0,0.5714285714285714,1.0,-0.0045161927
14.0,0.6428571428571428,1.0,-0.0066839317
14.0,0.7142857142857142,1.0,-0.0067841867
14.0,0.7857142857142857,1.0,-0.004549538
14.0,0.8571428571428571,1.0,-0.0032868432
14.0,0.9285714285714285,1.0,-0.0070836255
14.0,1.0,1.0,-0.018537186
15.0,0.0,0.0,-0.013957013
15.0,0.07142857142857142,0.0,-0.0049807476
15.0,0.14285714285714285,0.0,-0.0016112877
15.0,0.21428571428571427,0.0,-0.0032709902
15.0,0.2857142857142857,0.0,-0.00732435
15.0,0.3571428571428571,0.0,-0.008887117
15.0,0.42857142857142855,0.0,-0.0059922906
15.0,0.5,0.0,-0.0045927363
15.0,0.5714285714285714,0.0,-0.008361873
15.0,0.6428571428571428,0.0,-0.0109987715
15.0,0.7142857142857142,0.0,-0.008464024
15.0,0.7857142857142857,0.0,-0.004718111
15.0,0.8571428571428571,0.0,-0.0043521533
15.0,0.9285714285714285,0.0,-0.008952775
15.0,1.0,0.0,-0.018810056
15.0,0.0,0.07142857142857142,-0.0061687017
15.0,0.07142857142857142,0.07142857142857142,0.01928031
15.0,0.14285714285714285,0.07142857142857142,0.041390404
15.0,0.21428571428571427,0.07142857142857142,0.060197897
15.0,0.2857142857142857,0.07142857142857142,0.07729382
15.0,0.3571428571428571,0.07142857142857142,0.09630954
15.0,0.42857142857142855,0.07142857142857142,0.11681741
15.0,0.5,0.07142857142857142,0.12567025
15.0,0.5714285714285714,0.07142857142857142,0.11411471
15.0,0.6428571428571428,0.07142857142857142,0.09458191
15.0,0.7142857142857142,0.07142857142857142,0.0774494
15.0,0.7857142857142857,0.07142857142857142,0.060527585
15.0,0.8571428571428571,0.07142857142857142,0.040774755
15.0,0.9285714285714285,0.07142857142857142,0.017780751
15.0,1.0,0.07142857142857142,-0.008847208
15.0,0.0,0.14285714285714285,-0.0037595304
15.0,0.07142857142857142,0.14285714285714285,0.039380535
15.0,0.14285714285714285,0.14285714285714285,0.081743054
15.0,0.21428571428571427,0.14285714285714285,0.1226616
15.0,0.2857142857142857,0.14285714285714285,0.16246065
15.0,0.3571428571428571,0.14285714285714285,0.2034415
15.0,0.42857142857142855,0.14285714285714285,0.24329971
15.0,0.5,0.14285714285714285,0.26078507
15.0,0.5714285714285714,0.14285714285714285,0.24012373
15.0,0.6428571428571428,0.14285714285714285,0.201625
15.0,0.7142857142857142,0.14285714285714285,0.1627738
15.0,0.7857142857142857,0.14285714285714285,0.12327569
15.0,0.8571428571428571,0.14285714285714285,0.08207291
15.0,0.9285714285714285,0.14285714285714285,0.039532416
15.0,1.0,0.14285714285714285,-0.005295948
15.0,0.0,0.21428571428571427,-0.004868781
15.0,0.07142857142857142,0.21428571428571427,0.057226792
15.0,0.14285714285714285,0.21428571428571427,0.12083448
15.0,0.21428571428571427,0.21428571428571427,0.18420704
15.0,0.2857142857142857,0.21428571428571427,0.24617986
15.0,0.3571428571428571,0.21428571428571427,0.3079848
15.0,0.42857142857142855,0.21428571428571427,0.3666609
15.0,0.5,0.21428571428571427,0.39316308
15.0,0.5714285714285714,0.21428571428571427,0.3631585
15.0,0.6428571428571428,0.21428571428571427,0.30585223
15.0,0.7142857142857142,0.21428571428571427,0.24548481
15.0,0.7857142857142857,0.21428571428571427,0.18368314
15.0,0.8571428571428571,0.21428571428571427,0.12123149
15.0,0.9285714285714285,0.21428571428571427,0.058501884
15.0,1.0,0.21428571428571427,-0.0059039304
15.0,0.0,0.2857142857142857,-0.007427986
15.0,0.07142857142857142,0.2857142857142857,0.07512589
15.0,0.14285714285714285,0.2857142857142857,0.16062702
15.0,0.21428571428571427,0.2857142857142857,0.24578305
15.0,0.2857142857142857,0.2857142857142857,0.32802674
15.0,0.3571428571428571,0.2857142857142857,0.40836695
15.0,0.42857142857142855,0.2857142857142857,0.48463884
15.0,0.5,0.2857142857142857,0.5206284
15.0,0.5714285714285714,0.2857142857142857,0.48188627
15.0,0.6428571428571428,0.2857142857142857,0.4068118
15.0,0.7142857142857142,0.2857142857142857,0.32616124
15.0,0.7857142857142857,0.2857142857142857,0.24365719
15.0,0.8571428571428571,0.2857142857142857,0.16080885
15.0,0.9285714285714285,0.2857142857142857,0.07727902
15.0,1.0,0.2857142857142857,-0.0077936733
15.0,0.0,0.3571428571428571,-0.009349042
15.0,0.07142857142857142,0.3571428571428571,0.095062174
15.0,0.14285714285714285,0.3571428571428571,0.20272972
15.0,0.21428571428571427,0.3571428571428571,0.30850852
15.0,0.2857142857142857,0.3571428571428571,0.40900603
15.0,0.3571428571428571,0.3571428571428571,0.50626844
15.0,0.42857142857142855,0.3571428571428571,0.5999407
15.0,0.5,0.3571428571428571,0.6467665
15.0,0.5714285714285714,0.3571428571428571,0.59984505
15.0,0.6428571428571428,0.3571428571428571,0.50691116
15.0,0.7142857142857142,0.3571428571428571,0.4067277
15.0,0.7857142857142857,0.3571428571428571,0.3050267
15.0,0.8571428571428571,0.3571428571428571,0.202287
15.0,0.9285714285714285,0.3571428571428571,0.0975131
15.0,1.0,0.3571428571428571,-0.008155205
15.0,0.0,0.42857142857142855,-0.009673086
15.0,0.07142857142857142,0.42857142857142855,0.11516122
15.0,0.14285714285714285,0.42857142857142855,0.24313252
15.0,0.21428571428571427,0.42857142857142855,0.36733988
15.0,0.2857142857142857,0.42857142857142855,0.4842564
15.0,0.3571428571428571,0.42857142857142855,0.59766316
15.0,0.42857142857142855,0.42857142857142855,0.70899385
15.0,0.5,0.42857142857142855,0.7682117
15.0,0.5714285714285714,0.42857142857142855,0.71345115
15.0,0.6428571428571428,0.42857142857142855,0.6017141
15.0,0.7142857142857142,0.42857142857142855,0.48268965
15.0,0.7857142857142857,0.42857142857142855,0.36330682
15.0,0.8571428571428571,0.42857142857142855,0.24188863
15.0,0.9285714285714285,0.42857142857142855,0.11758252
15.0,1.0,0.42857142857142855,-0.005659201
15.0,0.0,0.5,-0.009549678
15.0,0.07142857142857142,0.5,0.124037676
15.0,0.14285714285714285,0.5,0.2610446
15.0,0.21428571428571427,0.5,0.39404863
15.0,0.2857142857142857,0.5,0.5196872
15.0,0.3571428571428571,0.5,0.64215183
15.0,0.42857142857142855,0.5,0.7628021
15.0,0.5,0.5,0.8290016
15.0,0.5714285714285714,0.5,0.76971716
15.0,0.6428571428571428,0.5,0.6472553
15.0,0.7142857142857142,0.5,0.5195566
15.0,0.7857142857142857,0.5,0.39245817
15.0,0.8571428571428571,0.5,0.26200724
15.0,0.9285714285714285,0.5,0.12802453
15.0,1.0,0.5,-0.0031549716
15.0,0.0,0.5714285714285714,-0.00834866
15.0,0.07142857142857142,0.5714285714285714,0.11535946
15.0,0.14285714285714285,0.5714285714285714,0.24139084
15.0,0.21428571428571427,0.5714285714285714,0.3643637
15.0,0.2857142857142857,0.5714285714285714,0.4823505
15.0,0.3571428571428571,0.5714285714285714,0.59840363
15.0,0.42857142857142855,0.5714285714285714,0.70989263
15.0,0.5,0.5714285714285714,0.7674237
15.0,0.5714285714285714,0.5714285714285714,0.7102817
15.0,0.6428571428571428,0.5714285714285714,0.5970588
15.0,0.7142857142857142,0.5714285714285714,0.48079732
15.0,0.7857142857142857,0.5714285714285714,0.36452067
15.0,0.8571428571428571,0.5714285714285714,0.24342741
15.0,0.9285714285714285,0.5714285714285714,0.117887504
15.0,1.0,0.5714285714285714,-0.0051905448
15.0,0.0,0.6428571428571428,-0.0073038274
15.0,0.07142857142857142,0.6428571428571428,0.09697112
15.0,0.14285714285714285,0.6428571428571428,0.20183896
15.0,0.21428571428571427,0.6428571428571428,0.30498517
15.0,0.2857142857142857,0.6428571428571428,0.4065421
15.0,0.3571428571428571,0.6428571428571428,0.50822073
15.0,0.42857142857142855,0.6428571428571428,0.6029496
15.0,0.5,0.6428571428571428,0.6478169
15.0,0.5714285714285714,0.6428571428571428,0.5999857
15.0,0.6428571428571428,0.6428571428571428,0.5059079
15.0,0.7142857142857142,0.6428571428571428,0.40733692
15.0,0.7857142857142857,0.6428571428571428,0.3077006
15.0,0.8571428571428571,0.6428571428571428,0.20421101
15.0,0.9285714285714285,0.6428571428571428,0.09758186
15.0,1.0,0.6428571428571428,-0.0070264945
15.0,0.0,0.7142857142857142,-0.006407992
15.0,0.07142857142857142,0.7142857142857142,0.077243514
15.0,0.14285714285714285,0.7142857142857142,0.16003843
15.0,0.21428571428571427,0.7142857142857142,0.24181269
15.0,0.2857142857142857,0.7142857142857142,0.32390293
15.0,0.3571428571428571,0.7142857142857142,0.4072846
15.0,0.42857142857142855,0.7142857142857142,0.48363563
15.0,0.5,0.7142857142857142,0.5188289
15.0,0.5714285714285714,0.7142857142857142,0.48322058
15.0,0.6428571428571428,0.7142857142857142,0.4087187
15.0,0.7142857142857142,0.7142857142857142,0.32777888
15.0,0.7857142857142857,0.7142857142857142,0.24608977
15.0,0.8571428571428571,0.7142857142857142,0.16270764
15.0,0.9285714285714285,0.7142857142857142,0.077790745
15.0,1.0,0.7142857142857142,-0.0059830258
15.0,0.0,0.7857142857142857,-0.005114318
15.0,0.07142857142857142,0.7857142857142857,0.059031084
15.0,0.14285714285714285,0.7857142857142857,0.12088338
15.0,0.21428571428571427,0.7857142857142857,0.18143833
15.0,0.2857142857142857,0.7857142857142857,0.24274032
15.0,0.3571428571428571,0.7857142857142857,0.30579403
15.0,0.42857142857142855,0.7857142857142857,0.3632166
15.0,0.5,0.7857142857142857,0.38981947
15.0,0.5714285714285714,0.7857142857142857,0.36490265
15.0,0.6428571428571428,0.7857142857142857,0.3084794
15.0,0.7142857142857142,0.7857142857142857,0.24579276
15.0,0.7857142857142857,0.7857142857142857,0.18379776
15.0,0.8571428571428571,0.7857142857142857,0.121855475
15.0,0.9285714285714285,0.7857142857142857,0.058741026
15.0,1.0,0.7857142857142857,-0.0050617578
15.0,0.0,0.8571428571428571,-0.0040575797
15.0,0.07142857142857142,0.8571428571428571,0.041609995
15.0,0.14285714285714285,0.8571428571428571,0.08324127
15.0,0.21428571428571427,0.8571428571428571,0.122460775
15.0,0.2857142857142857,0.8571428571428571,0.16192532
15.0,0.3571428571428571,0.8571428571428571,0.20316663
15.0,0.42857142857142855,0.8571428571428571,0.24093832
15.0,0.5,0.8571428571428571,0.25860146
15.0,0.5714285714285714,0.8571428571428571,0.24263571
15.0,0.6428571428571428,0.8571428571428571,0.20439549
15.0,0.7142857142857142,0.8571428571428571,0.16187297
15.0,0.7857142857142857,0.8571428571428571,0.12124204
15.0,0.8571428571428571,0.8571428571428571,0.0812337
15.0,0.9285714285714285,0.8571428571428571,0.039217804
15.0,1.0,0.8571428571428571,-0.005915315
15.0,0.0,0.9285714285714285,-0.005413723
15.0,0.07142857142857142,0.9285714285714285,0.022108797
15.0,0.14285714285714285,0.9285714285714285,0.04362659
15.0,0.21428571428571427,0.9285714285714285,0.06131942
15.0,0.2857142857142857,0.9285714285714285,0.07853286
15.0,0.3571428571428571,0.9285714285714285,0.097669385
15.0,0.42857142857142855,0.9285714285714285,0.11633278
15.0,0.5,0.9285714285714285,0.12551388
15.0,0.5714285714285714,0.9285714285714285,0.11763277
15.0,0.6428571428571428,0.9285714285714285,0.098000444
15.0,0.7142857142857142,0.9285714285714285,0.07700329
15.0,0.7857142857142857,0.9285714285714285,0.05829943
15.0,0.8571428571428571,0.9285714285714285,0.03970223
15.0,0.9285714285714285,0.9285714285714285,0.017640363
15.0,1.0,0.9285714285714285,-0.009990607
15.0,0.0,1.0,-0.012802553
15.0,0.07142857142857142,1.0,-0.0036325613
15.0,0.14285714285714285,1.0,-0.002102335
15.0,0.21428571428571427,1.0,-0.0052704765
15.0,0.2857142857142857,1.0,-0.008984623
15.0,0.3571428571428571,1.0,-0.009740592
15.0,0.42857142857142855,1.0,-0.0070736157
15.0,0.5,1.0,-0.0042169103
15.0,0.5714285714285714,1.0,-0.00453128
15.0,0.6428571428571428,1.0,-0.006602035
15.0,0.7142857142857142,1.0,-0.006769196
15.0,0.7857142857142857,1.0,-0.0046744915
15.0,0.8571428571428571,1.0,-0.0034835348
15.0,0.9285714285714285,1.0,-0.0072532156
15.0,1.0,1.0,-0.018633697
16.0,0.0,0.0,-0.013999616
16.0,0.07142857142857142,0.0,-0.0050538303
16.0,0.14285714285714285,0.0,-0.0017049843
16.0,0.21428571428571427,0.0,-0.0033631055
16.0,0.2857142857142857,0.0,-0.007386974
16.0,0.3571428571428571,0.0,-0.008938988
16.0,0.42857142857142855,0.0,-0.0061105834
16.0,0.5,0.0,-0.00472336
16.0,0.5714285714285714,0.0,-0.008354996
16.0,0.6428571428571428,0.0,-0.010908672
16.0,0.7142857142857142,0.0,-0.008401533
16.0,0.7857142857142857,0.0,-0.0046791667
16.0,0.8571428571428571,0.0,-0.0043142745
16.0,0.9285714285714285,0.0,-0.008930282
16.0,1.0,0.0,-0.018831871
16.0,0.0,0.07142857142857142,-0.006273986
16.0,0.07142857142857142,0.07142857142857142,0.019171216
16.0,0.14285714285714285,0.07142857142857142,0.04129467
16.0,0.21428571428571427,0.07142857142857142,0.06014526
16.0,0.2857142857142857,0.07142857142857142,0.0773019
16.0,0.3571428571428571,0.07142857142857142,0.09629475
16.0,0.42857142857142855,0.07142857142857142,0.1165692
16.0,0.5,0.07142857142857142,0.12525313
16.0,0.5714285714285714,0.07142857142857142,0.113899045
16.0,0.6428571428571428,0.07142857142857142,0.09455515
16.0,0.7142857142857142,0.07142857142857142,0.07743876
16.0,0.7857142857142857,0.07142857142857142,0.06051191
16.0,0.8571428571428571,0.07142857142857142,0.040752582
16.0,0.9285714285714285,0.07142857142857142,0.017727323
16.0,1.0,0.07142857142857142,-0.008960479
16.0,0.0,0.14285714285714285,-0.003904405
16.0,0.07142857142857142,0.14285714285714285,0.039251715
16.0,0.14285714285714285,0.14285714285714285,0.08165237
16.0,0.21428571428571427,0.14285714285714285,0.122644536
16.0,0.2857142857142857,0.14285714285714285,0.16252702
16.0,0.3571428571428571,0.14285714285714285,0.20344312
16.0,0.42857142857142855,0.14285714285714285,0.24285309
16.0,0.5,0.14285714285714285,0.25996137
16.0,0.5714285714285714,0.14285714285714285,0.23963146
16.0,0.6428571428571428,0.14285714285714285,0.20150101
16.0,0.7142857142857142,0.14285714285714285,0.16274868
16.0,0.7857142857142857,0.14285714285714285,0.12327688
16.0,0.8571428571428571,0.14285714285714285,0.082063965
16.0,0.9285714285714285,0.14285714285714285,0.039476655
16.0,1.0,0.14285714285714285,-0.0054267654
16.0,0.0,0.21428571428571427,-0.0049860207
16.0,0.07142857142857142,0.21428571428571427,0.057131372
16.0,0.14285714285714285,0.21428571428571427,0.12078061
16.0,0.21428571428571427,0.21428571428571427,0.18423088
16.0,0.2857142857142857,0.21428571428571427,0.24629106
16.0,0.3571428571428571,0.21428571428571427,0.30799365
16.0,0.42857142857142855,0.21428571428571427,0.36600855
16.0,0.5,0.21428571428571427,0.3919198
16.0,0.5714285714285714,0.21428571428571427,0.36245853
16.0,0.6428571428571428,0.21428571428571427,0.30573818
16.0,0.7142857142857142,0.21428571428571427,0.24553885
16.0,0.7857142857142857,0.21428571428571427,0.18376659
16.0,0.8571428571428571,0.21428571428571427,0.12128722
16.0,0.9285714285714285,0.21428571428571427,0.058497272
16.0,1.0,0.21428571428571427,-0.005992652
16.0,0.0,0.2857142857142857,-0.0074373377
16.0,0.07142857142857142,0.2857142857142857,0.07511996
16.0,0.14285714285714285,0.2857142857142857,0.16062564
16.0,0.21428571428571427,0.2857142857142857,0.24581547
16.0,0.2857142857142857,0.2857142857142857,0.3281162
16.0,0.3571428571428571,0.2857142857142857,0.40832415
16.0,0.42857142857142855,0.2857142857142857,0.4837562
16.0,0.5,0.2857142857142857,0.5189664
16.0,0.5714285714285714,0.2857142857142857,0.48105127
16.0,0.6428571428571428,0.2857142857142857,0.4067789
16.0,0.7142857142857142,0.2857142857142857,0.32630873
16.0,0.7857142857142857,0.2857142857142857,0.24378864
16.0,0.8571428571428571,0.2857142857142857,0.1608956
16.0,0.9285714285714285,0.2857142857142857,0.07731917
16.0,1.0,0.2857142857142857,-0.007819102
16.0,0.0,0.3571428571428571,-0.00926653
16.0,0.07142857142857142,0.3571428571428571,0.09509199
16.0,0.14285714285714285,0.3571428571428571,0.20266567
16.0,0.21428571428571427,0.3571428571428571,0.30835974
16.0,0.2857142857142857,0.3571428571428571,0.40881798
16.0,0.3571428571428571,0.3571428571428571,0.5058817
16.0,0.42857142857142855,0.3571428571428571,0.59852576
16.0,0.5,0.3571428571428571,0.6443575
16.0,0.5714285714285714,0.3571428571428571,0.5985755
16.0,0.6428571428571428,0.3571428571428571,0.5066845
16.0,0.7142857142857142,0.3571428571428571,0.40668407
16.0,0.7857142857142857,0.3571428571428571,0.30494928
16.0,0.8571428571428571,0.3571428571428571,0.2022279
16.0,0.9285714285714285,0.3571428571428571,0.097505294
16.0,1.0,0.3571428571428571,-0.008144134
16.0,0.0,0.42857142857142855,-0.009747741
16.0,0.07142857142857142,0.42857142857142855,0.11492906
16.0,0.14285714285714285,0.42857142857142855,0.24263464
16.0,0.21428571428571427,0.42857142857142855,0.3665379
16.0,0.2857142857142857,0.42857142857142855,0.4831912
16.0,0.3571428571428571,0.42857142857142855,0.59617394
16.0,0.42857142857142855,0.42857142857142855,0.70612985
16.0,0.5,0.42857142857142855,0.7639719
16.0,0.5714285714285714,0.42857142857142855,0.71063
16.0,0.6428571428571428,0.42857142857142855,0.6003409
16.0,0.7142857142857142,0.42857142857142855,0.48172474
16.0,0.7857142857142857,0.42857142857142855,0.36253217
16.0,0.8571428571428571,0.42857142857142855,0.24140133
16.0,0.9285714285714285,0.42857142857142855,0.11738493
16.0,1.0,0.42857142857142855,-0.00567446
16.0,0.0,0.5,-0.009805308
16.0,0.07142857142857142,0.5,0.1235544
16.0,0.14285714285714285,0.5,0.26018262
16.0,0.21428571428571427,0.5,0.3927206
16.0,0.2857142857142857,0.5,0.5178878
16.0,0.3571428571428571,0.5,0.6396666
16.0,0.42857142857142855,0.5,0.75860363
16.0,0.5,0.5,0.8230491
16.0,0.5714285714285714,0.5,0.7653032
16.0,0.6428571428571428,0.5,0.6447059
16.0,0.7142857142857142,0.5,0.5177306
16.0,0.7857142857142857,0.5,0.39109108
16.0,0.8571428571428571,0.5,0.26117525
16.0,0.9285714285714285,0.5,0.12767307
16.0,1.0,0.5,-0.0032025138
16.0,0.0,0.5714285714285714,-0.0083678225
16.0,0.07142857142857142,0.5714285714285714,0.115202926
16.0,0.14285714285714285,0.5714285714285714,0.24101801
16.0,0.21428571428571427,0.5714285714285714,0.36374992
16.0,0.2857142857142857,0.5714285714285714,0.4815166
16.0,0.3571428571428571,0.5714285714285714,0.5971378
16.0,0.42857142857142855,0.5714285714285714,0.7072664
16.0,0.5,0.5714285714285714,0.76334405
16.0,0.5714285714285714,0.5714285714285714,0.7075457
16.0,0.6428571428571428,0.5714285714285714,0.5958849
16.0,0.7142857142857142,0.5714285714285714,0.48000985
16.0,0.7857142857142857,0.5714285714285714,0.3638329
16.0,0.8571428571428571,0.5714285714285714,0.24297665
16.0,0.9285714285714285,0.5714285714285714,0.117717914
16.0,1.0,0.5714285714285714,-0.0051731626
16.0,0.0,0.6428571428571428,-0.007170067
16.0,0.07142857142857142,0.6428571428571428,0.09702117
16.0,0.14285714285714285,0.6428571428571428,0.20180799
16.0,0.21428571428571427,0.6428571428571428,0.30492166
16.0,0.2857142857142857,0.6428571428571428,0.40648392
16.0,0.3571428571428571,0.6428571428571428,0.50794363
16.0,0.42857142857142855,0.6428571428571428,0.6016693
16.0,0.5,0.6428571428571428,0.64548165
16.0,0.5714285714285714,0.6428571428571428,0.5986479
16.0,0.6428571428571428,0.6428571428571428,0.5057537
16.0,0.7142857142857142,0.6428571428571428,0.40740362
16.0,0.7857142857142857,0.6428571428571428,0.30766553
16.0,0.8571428571428571,0.6428571428571428,0.20415287
16.0,0.9285714285714285,0.6428571428571428,0.097578816
16.0,1.0,0.6428571428571428,-0.006993347
16.0,0.0,0.7142857142857142,-0.0062944824
16.0,0.07142857142857142,0.7142857142857142,0.0772687
16.0,0.14285714285714285,0.7142857142857142,0.16002078
16.0,0.21428571428571427,0.7142857142857142,0.24182881
16.0,0.2857142857142857,0.7142857142857142,0.32398757
16.0,0.3571428571428571,0.7142857142857142,0.407215
16.0,0.42857142857142855,0.7142857142857142,0.48277292
16.0,0.5,0.7142857142857142,0.5171622
16.0,0.5714285714285714,0.7142857142857142,0.48221987
16.0,0.6428571428571428,0.7142857142857142,0.4086263
16.0,0.7142857142857142,0.7142857142857142,0.3279042
16.0,0.7857142857142857,0.7142857142857142,0.24613036
16.0,0.8571428571428571,0.7142857142857142,0.1626879
16.0,0.9285714285714285,0.7142857142857142,0.07777283
16.0,1.0,0.7142857142857142,-0.0059998864
16.0,0.0,0.7857142857142857,-0.0050524557
16.0,0.07142857142857142,0.7857142857142857,0.058987074
16.0,0.14285714285714285,0.7857142857142857,0.12079512
16.0,0.21428571428571427,0.7857142857142857,0.18139036
16.0,0.2857142857142857,0.7857142857142857,0.24277116
16.0,0.3571428571428571,0.7857142857142857,0.30572033
16.0,0.42857142857142855,0.7857142857142857,0.3625625
16.0,0.5,0.7857142857142857,0.3885989
16.0,0.5714285714285714,0.7857142857142857,0.36410677
16.0,0.6428571428571428,0.7857142857142857,0.30833116
16.0,0.7142857142857142,0.7857142857142857,0.24581136
16.0,0.7857142857142857,0.7857142857142857,0.18374562
16.0,0.8571428571428571,0.7857142857142857,0.1217572
16.0,0.9285714285714285,0.7857142857142857,0.058661394
16.0,1.0,0.7857142857142857,-0.005116676
16.0,0.0,0.8571428571428571,-0.0040173912
16.0,0.07142857142857142,0.8571428571428571,0.0415262
16.0,0.14285714285714285,0.8571428571428571,0.08309922
16.0,0.21428571428571427,0.8571428571428571,0.12235098
16.0,0.2857142857142857,0.8571428571428571,0.16190054
16.0,0.3571428571428571,0.8571428571428571,0.20310007
16.0,0.42857142857142855,0.8571428571428571,0.24051155
16.0,0.5,0.8571428571428571,0.25782984
16.0,0.5714285714285714,0.8571428571428571,0.24212144
16.0,0.6428571428571428,0.8571428571428571,0.20428915
16.0,0.7142857142857142,0.8571428571428571,0.16184334
16.0,0.7857142857142857,0.8571428571428571,0.12112198
16.0,0.8571428571428571,0.8571428571428571,0.081068434
16.0,0.9285714285714285,0.8571428571428571,0.03908817
16.0,1.0,0.8571428571428571,-0.0059899436
16.0,0.0,0.9285714285714285,-0.0053652944
16.0,0.07142857142857142,0.9285714285714285,0.022020191
16.0,0.14285714285714285,0.9285714285714285,0.0434718
16.0,0.21428571428571427,0.9285714285714285,0.0611964
16.0,0.2857142857142857,0.9285714285714285,0.078504466
16.0,0.3571428571428571,0.9285714285714285,0.09765955
16.0,0.42857142857142855,0.9285714285714285,0.11614574
16.0,0.5,0.9285714285714285,0.12515251
16.0,0.5714285714285714,0.9285714285714285,0.11741727
16.0,0.6428571428571428,0.9285714285714285,0.098001614
16.0,0.7142857142857142,0.9285714285714285,0.07699381
16.0,0.7857142857142857,0.9285714285714285,0.058167838
16.0,0.8571428571428571,0.9285714285714285,0.03950977
16.0,0.9285714285714285,0.9285714285714285,0.017483402
16.0,1.0,0.9285714285714285,-0.010075127
16.0,0.0,1.0,-0.012732265
16.0,0.07142857142857142,1.0,-0.0036982344
16.0,0.14285714285714285,1.0,-0.0022250023
16.0,0.21428571428571427,1.0,-0.0053521087
16.0,0.2857142857142857,1.0,-0.008967002
16.0,0.3571428571428571,1.0,-0.009669867
16.0,0.42857142857142855,1.0,-0.0070646787
16.0,0.5,1.0,-0.0042769024
16.0,0.5714285714285714,1.0,-0.0045137117
16.0,0.6428571428571428,1.0,-0.0064945975
16.0,0.7142857142857142,1.0,-0.00673166
16.0,0.7857142857142857,1.0,-0.004780178
16.0,0.8571428571428571,1.0,-0.0036671245
16.0,0.9285714285714285,1.0,-0.007412807
16.0,1.0,1.0,-0.018717997
17.0,0.0,0.0,-0.014026047
17.0,0.07142857142857142,0.0,-0.005113586
17.0,0.14285714285714285,0.0,-0.0017870767
17.0,0.21428571428571427,0.0,-0.0034411857
17.0,0.2857142857142857,0.0,-0.007429744
17.0,0.3571428571428571,0.0,-0.008960933
17.0,0.42857142857142855,0.0,-0.006186665
17.0,0.5,0.0,-0.0048067803
17.0,0.5714285714285714,0.0,-0.008305267
17.0,0.6428571428571428,0.0,-0.010785983
17.0,0.7142857142857142,0.0,-0.008318582
17.0,0.7857142857142857,0.0,-0.0046264986
17.0,0.8571428571428571,0.0,-0.004263499
17.0,0.9285714285714285,0.0,-0.0088902945
17.0,1.0,0.0,-0.018830486
17.0,0.0,0.07142857142857142,-0.006360865
17.0,0.07142857142857142,0.07142857142857142,0.019075792
17.0,0.14285714285714285,0.07142857142857142,0.041208513
17.0,0.21428571428571427,0.07142857142857142,0.06009981
17.0,0.2857142857142857,0.07142857142857142,0.07731713
17.0,0.3571428571428571,0.07142857142857142,0.09629085
17.0,0.42857142857142855,0.07142857142857142,0.1163403
17.0,0.5,0.07142857142857142,0.12486125
17.0,0.5714285714285714,0.07142857142857142,0.1137032
17.0,0.6428571428571428,0.07142857142857142,0.094542705
17.0,0.7142857142857142,0.07142857142857142,0.07743711
17.0,0.7857142857142857,0.07142857142857142,0.060503088
17.0,0.8571428571428571,0.07142857142857142,0.040741906
17.0,0.9285714285714285,0.07142857142857142,0.017692834
17.0,1.0,0.07142857142857142,-0.00904631
17.0,0.0,0.14285714285714285,-0.004027997
17.0,0.07142857142857142,0.14285714285714285,0.03913695
17.0,0.14285714285714285,0.14285714285714285,0.08156822
17.0,0.21428571428571427,0.14285714285714285,0.122627474
17.0,0.2857142857142857,0.14285714285714285,0.16258805
17.0,0.3571428571428571,0.14285714285714285,0.20343772
17.0,0.42857142857142855,0.14285714285714285,0.24240707
17.0,0.5,0.14285714285714285,0.259148
17.0,0.5714285714285714,0.14285714285714285,0.23914497
17.0,0.6428571428571428,0.14285714285714285,0.20137973
17.0,0.7142857142857142,0.14285714285714285,0.16272531
17.0,0.7857142857142857,0.14285714285714285,0.12328064
17.0,0.8571428571428571,0.14285714285714285,0.0820648
17.0,0.9285714285714285,0.14285714285714285,0.039440684
17.0,1.0,0.14285714285714285,-0.005526961
17.0,0.0,0.21428571428571427,-0.005079501
17.0,0.07142857142857142,0.21428571428571427,0.05704934
17.0,0.14285714285714285,0.21428571428571427,0.12072884
17.0,0.21428571428571427,0.21428571428571427,0.18424599
17.0,0.2857142857142857,0.21428571428571427,0.24638508
17.0,0.3571428571428571,0.21428571428571427,0.30798092
17.0,0.42857142857142855,0.21428571428571427,0.36534488
17.0,0.5,0.21428571428571427,0.39068258
17.0,0.5714285714285714,0.21428571428571427,0.36175907
17.0,0.6428571428571428,0.21428571428571427,0.30562153
17.0,0.7142857142857142,0.21428571428571427,0.24559008
17.0,0.7857142857142857,0.21428571428571427,0.18384857
17.0,0.8571428571428571,0.21428571428571427,0.12134933
17.0,0.9285714285714285,0.21428571428571427,0.058511384
17.0,1.0,0.21428571428571427,-0.006049835
17.0,0.0,0.2857142857142857,-0.0074205147
17.0,0.07142857142857142,0.2857142857142857,0.07512466
17.0,0.14285714285714285,0.2857142857142857,0.16061918
17.0,0.21428571428571427,0.2857142857142857,0.24582984
17.0,0.2857142857142857,0.2857142857142857,0.3281791
17.0,0.3571428571428571,0.2857142857142857,0.40825135
17.0,0.42857142857142855,0.2857142857142857,0.48285797
17.0,0.5,0.2857142857142857,0.5173131
17.0,0.5714285714285714,0.2857142857142857,0.48021019
17.0,0.6428571428571428,0.2857142857142857,0.40673682
17.0,0.7142857142857142,0.2857142857142857,0.32644752
17.0,0.7857142857142857,0.2857142857142857,0.24391131
17.0,0.8571428571428571,0.2857142857142857,0.16098201
17.0,0.9285714285714285,0.2857142857142857,0.077374205
17.0,1.0,0.2857142857142857,-0.00781189
17.0,0.0,0.3571428571428571,-0.009152993
17.0,0.07142857142857142,0.3571428571428571,0.09513061
17.0,0.14285714285714285,0.3571428571428571,0.2025898
17.0,0.21428571428571427,0.3571428571428571,0.3081846
17.0,0.2857142857142857,0.3571428571428571,0.40859827
17.0,0.3571428571428571,0.3571428571428571,0.5054631
17.0,0.42857142857142855,0.3571428571428571,0.59709567
17.0,0.5,0.3571428571428571,0.64195836
17.0,0.5714285714285714,0.3571428571428571,0.59728646
17.0,0.6428571428571428,0.3571428571428571,0.50643414
17.0,0.7142857142857142,0.3571428571428571,0.40662134
17.0,0.7857142857142857,0.3571428571428571,0.30485415
17.0,0.8571428571428571,0.3571428571428571,0.20216148
17.0,0.9285714285714285,0.3571428571428571,0.09751053
17.0,1.0,0.3571428571428571,-0.0080989385
17.0,0.0,0.42857142857142855,-0.009777752
17.0,0.07142857142857142,0.42857142857142855,0.11471396
17.0,0.14285714285714285,0.42857142857142855,0.24212904
17.0,0.21428571428571427,0.42857142857142855,0.3657171
17.0,0.2857142857142857,0.42857142857142855,0.48210993
17.0,0.3571428571428571,0.42857142857142855,0.59467536
17.0,0.42857142857142855,0.42857142857142855,0.7032771
17.0,0.5,0.42857142857142855,0.75976956
17.0,0.5714285714285714,0.42857142857142855,0.7077963
17.0,0.6428571428571428,0.42857142857142855,0.5989464
17.0,0.7142857142857142,0.42857142857142855,0.48074648
17.0,0.7857142857142857,0.42857142857142855,0.36174506
17.0,0.8571428571428571,0.42857142857142855,0.24091084
17.0,0.9285714285714285,0.42857142857142855,0.1172046
17.0,1.0,0.42857142857142855,-0.00564959
17.0,0.0,0.5,-0.010001519
17.0,0.07142857142857142,0.5,0.12310275
17.0,0.14285714285714285,0.5,0.25933164
17.0,0.21428571428571427,0.5,0.39139894
17.0,0.2857142857142857,0.5,0.5161069
17.0,0.3571428571428571,0.5,0.6372187
17.0,0.42857142857142855,0.5,0.7544743
17.0,0.5,0.5,0.8172032
17.0,0.5714285714285714,0.5,0.7609372
17.0,0.6428571428571428,0.5,0.6421816
17.0,0.7142857142857142,0.5,0.51592755
17.0,0.7857142857142857,0.5,0.38973448
17.0,0.8571428571428571,0.5,0.26035163
17.0,0.9285714285714285,0.5,0.12734586
17.0,1.0,0.5,-0.0032055983
17.0,0.0,0.5714285714285714,-0.008339175
17.0,0.07142857142857142,0.5714285714285714,0.115070365
17.0,0.14285714285714285,0.5714285714285714,0.2406499
17.0,0.21428571428571427,0.5714285714285714,0.3631325
17.0,0.2857142857142857,0.5714285714285714,0.48068166
17.0,0.3571428571428571,0.5714285714285714,0.5958744
17.0,0.42857142857142855,0.5714285714285714,0.7046589
17.0,0.5,0.5714285714285714,0.75931656
17.0,0.5714285714285714,0.5714285714285714,0.7048144
17.0,0.6428571428571428,0.5714285714285714,0.5947015
17.0,0.7142857142857142,0.5714285714285714,0.47922334
17.0,0.7857142857142857,0.5714285714285714,0.36314327
17.0,0.8571428571428571,0.5714285714285714,0.242525
17.0,0.9285714285714285,0.5714285714285714,0.11756458
17.0,1.0,0.5714285714285714,-0.005116501
17.0,0.0,0.6428571428571428,-0.0070032785
17.0,0.07142857142857142,0.6428571428571428,0.097085014
17.0,0.14285714285714285,0.6428571428571428,0.20177604
17.0,0.21428571428571427,0.6428571428571428,0.3048484
17.0,0.2857142857142857,0.6428571428571428,0.40641147
17.0,0.3571428571428571,0.6428571428571428,0.5076459
17.0,0.42857142857142855,0.6428571428571428,0.60037696
17.0,0.5,0.6428571428571428,0.643163
17.0,0.5714285714285714,0.6428571428571428,0.5972951
17.0,0.6428571428571428,0.6428571428571428,0.50556946
17.0,0.7142857142857142,0.6428571428571428,0.40745017
17.0,0.7857142857142857,0.6428571428571428,0.3076142
17.0,0.8571428571428571,0.6428571428571428,0.20408618
17.0,0.9285714285714285,0.6428571428571428,0.097584516
17.0,1.0,0.6428571428571428,-0.0069278264
17.0,0.0,0.7142857142857142,-0.006156505
17.0,0.07142857142857142,0.7142857142857142,0.07730487
17.0,0.14285714285714285,0.7142857142857142,0.16000356
17.0,0.21428571428571427,0.7142857142857142,0.24183859
17.0,0.2857142857142857,0.7142857142857142,0.32405978
17.0,0.3571428571428571,0.7142857142857142,0.40712637
17.0,0.42857142857142855,0.7142857142857142,0.48189908
17.0,0.5,0.7142857142857142,0.5155089
17.0,0.5714285714285714,0.7142857142857142,0.4812126
17.0,0.6428571428571428,0.7142857142857142,0.40851167
17.0,0.7142857142857142,0.7142857142857142,0.32801268
17.0,0.7857142857142857,0.7142857142857142,0.24615966
17.0,0.8571428571428571,0.7142857142857142,0.16266337
17.0,0.9285714285714285,0.7142857142857142,0.07776448
17.0,1.0,0.7142857142857142,-0.0059881443
17.0,0.0,0.7857142857142857,-0.0049712965
17.0,0.07142857142857142,0.7857142857142857,0.058953807
17.0,0.14285714285714285,0.7857142857142857,0.120710395
17.0,0.21428571428571427,0.7857142857142857,0.18134114
17.0,0.2857142857142857,0.7857142857142857,0.24279605
17.0,0.3571428571428571,0.7857142857142857,0.30563495
17.0,0.42857142857142855,0.7857142857142857,0.3619045
17.0,0.5,0.7857142857142857,0.38739106
17.0,0.5714285714285714,0.7857142857142857,0.36330935
17.0,0.6428571428571428,0.7857142857142857,0.30816892
17.0,0.7142857142857142,0.7857142857142857,0.2458206
17.0,0.7857142857142857,0.7857142857142857,0.18368925
17.0,0.8571428571428571,0.7857142857142857,0.12165994
17.0,0.9285714285714285,0.7857142857142857,0.05859273
17.0,1.0,0.7857142857142857,-0.005146225
17.0,0.0,0.8571428571428571,-0.0039634416
17.0,0.07142857142857142,0.8571428571428571,0.041451074
17.0,0.14285714285714285,0.8571428571428571,0.082962394
17.0,0.21428571428571427,0.8571428571428571,0.122244574
17.0,0.2857142857142857,0.8571428571428571,0.16187681
17.0,0.3571428571428571,0.8571428571428571,0.20303173
17.0,0.42857142857142855,0.8571428571428571,0.24008976
17.0,0.5,0.8571428571428571,0.2570732
17.0,0.5714285714285714,0.8571428571428571,0.24161105
17.0,0.6428571428571428,0.8571428571428571,0.20417802
17.0,0.7142857142857142,0.8571428571428571,0.16181281
17.0,0.7857142857142857,0.8571428571428571,0.12100477
17.0,0.8571428571428571,0.8571428571428571,0.08090832
17.0,0.9285714285714285,0.8571428571428571,0.03896947
17.0,1.0,0.8571428571428571,-0.006043651
17.0,0.0,0.9285714285714285,-0.0053080963
17.0,0.07142857142857142,0.9285714285714285,0.021938097
17.0,0.14285714285714285,0.9285714285714285,0.043323446
17.0,0.21428571428571427,0.9285714285714285,0.06108114
17.0,0.2857142857142857,0.9285714285714285,0.078484364
17.0,0.3571428571428571,0.9285714285714285,0.09765925
17.0,0.42857142857142855,0.9285714285714285,0.11597536
17.0,0.5,0.9285714285714285,0.12481416
17.0,0.5714285714285714,0.9285714285714285,0.1172164
17.0,0.6428571428571428,0.9285714285714285,0.09801044
17.0,0.7142857142857142,0.9285714285714285,0.076993495
17.0,0.7857142857142857,0.9285714285714285,0.05804663
17.0,0.8571428571428571,0.9285714285714285,0.039326668
17.0,0.9285714285714285,0.9285714285714285,0.017336741
17.0,1.0,0.9285714285714285,-0.010143832
17.0,0.0,1.0,-0.012657032
17.0,0.07142857142857142,1.0,-0.003758357
17.0,0.14285714285714285,1.0,-0.0023386432
17.0,0.21428571428571427,1.0,-0.005420749
17.0,0.2857142857142857,1.0,-0.008932185
17.0,0.3571428571428571,1.0,-0.009576832
17.0,0.42857142857142855,1.0,-0.0070247473
17.0,0.5,1.0,-0.0043010274
17.0,0.5714285714285714,1.0,-0.004465298
17.0,0.6428571428571428,1.0,-0.0063637057
17.0,0.7142857142857142,1.0,-0.00667213
17.0,0.7857142857142857,1.0,-0.004867279
17.0,0.8571428571428571,1.0,-0.0038370127
17.0,0.9285714285714285,1.0,-0.007562612
17.0,1.0,1.0,-0.018791229
18.0,0.0,0.0,-0.014037148
18.0,0.07142857142857142,0.0,-0.0051609436
18.0,0.14285714285714285,0.0,-0.0018577268
18.0,0.21428571428571427,0.0,-0.0035067992
18.0,0.2857142857142857,0.0,-0.007453543
18.0,0.3571428571428571,0.0,-0.008954014
18.0,0.42857142857142855,0.0,-0.006223851
18.0,0.5,0.0,-0.00484527
18.0,0.5714285714285714,0.0,-0.008217015
18.0,0.6428571428571428,0.0,-0.01063436
18.0,0.7142857142857142,0.0,-0.0082163485
18.0,0.7857142857142857,0.0,-0.0045622895
18.0,0.8571428571428571,0.0,-0.0042011673
18.0,0.9285714285714285,0.0,-0.008834162
18.0,1.0,0.0,-0.018805966
18.0,0.0,0.07142857142857142,-0.0064300494
18.0,0.07142857142857142,0.07142857142857142,0.018993534
18.0,0.14285714285714285,0.07142857142857142,0.04113123
18.0,0.21428571428571427,0.07142857142857142,0.060060382
18.0,0.2857142857142857,0.07142857142857142,0.0773385
18.0,0.3571428571428571,0.07142857142857142,0.096296914
18.0,0.42857142857142855,0.07142857142857142,0.1161285
18.0,0.5,0.07142857142857142,0.12449194
18.0,0.5714285714285714,0.07142857142857142,0.11352586
18.0,0.6428571428571428,0.07142857142857142,0.09454165
18.0,0.7142857142857142,0.07142857142857142,0.07744237
18.0,0.7857142857142857,0.07142857142857142,0.060499802
18.0,0.8571428571428571,0.07142857142857142,0.040740952
18.0,0.9285714285714285,0.07142857142857142,0.017675824
18.0,1.0,0.07142857142857142,-0.009106115
18.0,0.0,0.14285714285714285,-0.0041317614
18.0,0.07142857142857142,0.14285714285714285,0.039035145
18.0,0.14285714285714285,0.14285714285714285,0.081489645
18.0,0.21428571428571427,0.14285714285714285,0.12260931
18.0,0.2857142857142857,0.14285714285714285,0.162643
18.0,0.3571428571428571,0.14285714285714285,0.20342416
18.0,0.42857142857142855,0.14285714285714285,0.24195991
18.0,0.5,0.14285714285714285,0.25834373
18.0,0.5714285714285714,0.14285714285714285,0.23866367
18.0,0.6428571428571428,0.14285714285714285,0.20126064
18.0,0.7142857142857142,0.14285714285714285,0.16270207
18.0,0.7857142857142857,0.14285714285714285,0.12328722
18.0,0.8571428571428571,0.14285714285714285,0.08207416
18.0,0.9285714285714285,0.14285714285714285,0.039423175
18.0,1.0,0.14285714285714285,-0.005598531
18.0,0.0,0.21428571428571427,-0.0051512257
18.0,0.07142857142857142,0.21428571428571427,0.056979053
18.0,0.14285714285714285,0.21428571428571427,0.12067766
18.0,0.21428571428571427,0.21428571428571427,0.18425192
18.0,0.2857142857142857,0.21428571428571427,0.2464614
18.0,0.3571428571428571,0.21428571428571427,0.3079466
18.0,0.42857142857142855,0.21428571428571427,0.36466932
18.0,0.5,0.21428571428571427,0.38945267
18.0,0.5714285714285714,0.21428571428571427,0.36105952
18.0,0.6428571428571428,0.21428571428571427,0.3055018
18.0,0.7142857142857142,0.21428571428571427,0.2456383
18.0,0.7857142857142857,0.21428571428571427,0.18392873
18.0,0.8571428571428571,0.21428571428571427,0.1214161
18.0,0.9285714285714285,0.21428571428571427,0.058542296
18.0,1.0,0.21428571428571427,-0.0060764933
18.0,0.0,0.2857142857142857,-0.0073792036
18.0,0.07142857142857142,0.2857142857142857,0.07513943
18.0,0.14285714285714285,0.2857142857142857,0.16060771
18.0,0.21428571428571427,0.2857142857142857,0.24582608
18.0,0.2857142857142857,0.2857142857142857,0.32821515
18.0,0.3571428571428571,0.2857142857142857,0.4081488
18.0,0.42857142857142855,0.2857142857142857,0.48194396
18.0,0.5,0.2857142857142857,0.5156686
18.0,0.5714285714285714,0.2857142857142857,0.47936368
18.0,0.6428571428571428,0.2857142857142857,0.4066851
18.0,0.7142857142857142,0.2857142857142857,0.3265769
18.0,0.7857142857142857,0.2857142857142857,0.24402453
18.0,0.8571428571428571,0.2857142857142857,0.1610662
18.0,0.9285714285714285,0.2857142857142857,0.07744215
18.0,1.0,0.2857142857142857,-0.007774093
18.0,0.0,0.3571428571428571,-0.009010552
18.0,0.07142857142857142,0.3571428571428571,0.09517678
18.0,0.14285714285714285,0.3571428571428571,0.20250212
18.0,0.21428571428571427,0.3571428571428571,0.3079853
18.0,0.2857142857142857,0.3571428571428571,0.40834957
18.0,0.3571428571428571,0.3571428571428571,0.50501513
18.0,0.42857142857142855,0.3571428571428571,0.59565204
18.0,0.5,0.3571428571428571,0.6395722
18.0,0.5714285714285714,0.3571428571428571,0.59597963
18.0,0.6428571428571428,0.3571428571428571,0.5061602
18.0,0.7142857142857142,0.3571428571428571,0.40653947
18.0,0.7857142857142857,0.3571428571428571,0.30474117
18.0,0.8571428571428571,0.3571428571428571,0.2020861
18.0,0.9285714285714285,0.3571428571428571,0.09752629
18.0,1.0,0.3571428571428571,-0.008021065
18.0,0.0,0.42857142857142855,-0.009765615
18.0,0.07142857142857142,0.42857142857142855,0.1145133
18.0,0.14285714285714285,0.42857142857142855,0.24161626
18.0,0.21428571428571427,0.42857142857142855,0.3648799
18.0,0.2857142857142857,0.42857142857142855,0.4810162
18.0,0.3571428571428571,0.42857142857142855,0.59317094
18.0,0.42857142857142855,0.42857142857142855,0.70043874
18.0,0.5,0.42857142857142855,0.7556092
18.0,0.5714285714285714,0.42857142857142855,0.7049542
18.0,0.6428571428571428,0.42857142857142855,0.59753174
18.0,0.7142857142857142,0.42857142857142855,0.4797562
18.0,0.7857142857142857,0.42857142857142855,0.3609455
18.0,0.8571428571428571,0.42857142857142855,0.2404158
18.0,0.9285714285714285,0.42857142857142855,0.117039315
18.0,1.0,0.42857142857142855,-0.0055873403
18.0,0.0,0.5,-0.010142618
18.0,0.07142857142857142,0.5,0.12268131
18.0,0.14285714285714285,0.5,0.25849077
18.0,0.21428571428571427,0.5,0.3900843
18.0,0.2857142857142857,0.5,0.5143472
18.0,0.3571428571428571,0.5,0.634808
18.0,0.42857142857142855,0.5,0.7504162
18.0,0.5,0.5,0.8114681
18.0,0.5714285714285714,0.5,0.7566228
18.0,0.6428571428571428,0.5,0.6396846
18.0,0.7142857142857142,0.5,0.51414925
18.0,0.7857142857142857,0.5,0.38838896
18.0,0.8571428571428571,0.5,0.25953567
18.0,0.9285714285714285,0.5,0.127039
18.0,1.0,0.5,-0.003167198
18.0,0.0,0.5714285714285714,-0.008266182
18.0,0.07142857142857142,0.5714285714285714,0.114958905
18.0,0.14285714285714285,0.5714285714285714,0.24028452
18.0,0.21428571428571427,0.5714285714285714,0.3625116
18.0,0.2857142857142857,0.5714285714285714,0.4798454
18.0,0.3571428571428571,0.5714285714285714,0.5946123
18.0,0.42857142857142855,0.5714285714285714,0.70207024
18.0,0.5,0.5714285714285714,0.75534153
18.0,0.5714285714285714,0.5714285714285714,0.7020901
18.0,0.6428571428571428,0.5714285714285714,0.59350854
18.0,0.7142857142857142,0.5714285714285714,0.4784391
18.0,0.7857142857142857,0.5714285714285714,0.36245236
18.0,0.8571428571428571,0.5714285714285714,0.24207218
18.0,0.9285714285714285,0.5714285714285714,0.11742518
18.0,1.0,0.5714285714285714,-0.0050233686
18.0,0.0,0.6428571428571428,-0.0068072537
18.0,0.07142857142857142,0.6428571428571428,0.097160496
18.0,0.14285714285714285,0.6428571428571428,0.20174147
18.0,0.21428571428571427,0.6428571428571428,0.3047651
18.0,0.2857142857142857,0.6428571428571428,0.40632418
18.0,0.3571428571428571,0.6428571428571428,0.50732636
18.0,0.42857142857142855,0.6428571428571428,0.5990724
18.0,0.5,0.6428571428571428,0.64086086
18.0,0.5714285714285714,0.6428571428571428,0.5959283
18.0,0.6428571428571428,0.6428571428571428,0.5053549
18.0,0.7142857142857142,0.6428571428571428,0.40747693
18.0,0.7857142857142857,0.6428571428571428,0.3075483
18.0,0.8571428571428571,0.6428571428571428,0.20401014
18.0,0.9285714285714285,0.6428571428571428,0.097598165
18.0,1.0,0.6428571428571428,-0.006832362
18.0,0.0,0.7142857142857142,-0.005996705
18.0,0.07142857142857142,0.7142857142857142,0.07735091
18.0,0.14285714285714285,0.7142857142857142,0.15998729
18.0,0.21428571428571427,0.7142857142857142,0.24184285
18.0,0.2857142857142857,0.7142857142857142,0.3241202
18.0,0.3571428571428571,0.7142857142857142,0.40701792
18.0,0.42857142857142855,0.7142857142857142,0.48101404
18.0,0.5,0.7142857142857142,0.5138693
18.0,0.5714285714285714,0.7142857142857142,0.4802001
18.0,0.6428571428571428,0.7142857142857142,0.40837505
18.0,0.7142857142857142,0.7142857142857142,0.32810456
18.0,0.7857142857142857,0.7142857142857142,0.24617739
18.0,0.8571428571428571,0.7142857142857142,0.1626334
18.0,0.9285714285714285,0.7142857142857142,0.07776484
18.0,1.0,0.7142857142857142,-0.0059491927
18.0,0.0,0.7857142857142857,-0.004872688
18.0,0.07142857142857142,0.7857142857142857,0.058929764
18.0,0.14285714285714285,0.7857142857142857,0.12062954
18.0,0.21428571428571427,0.7857142857142857,0.18129137
18.0,0.2857142857142857,0.7857142857142857,0.24281521
18.0,0.3571428571428571,0.7857142857142857,0.30553785
18.0,0.42857142857142855,0.7857142857142857,0.36124155
18.0,0.5,0.7857142857142857,0.38619545
18.0,0.5714285714285714,0.7857142857142857,0.36251065
18.0,0.6428571428571428,0.7857142857142857,0.30799288
18.0,0.7142857142857142,0.7857142857142857,0.24582063
18.0,0.7857142857142857,0.7857142857142857,0.18362921
18.0,0.8571428571428571,0.7857142857142857,0.12156319
18.0,0.9285714285714285,0.7857142857142857,0.05853454
18.0,1.0,0.7857142857142857,-0.0051509114
18.0,0.0,0.8571428571428571,-0.0038959617
18.0,0.07142857142857142,0.8571428571428571,0.041384507
18.0,0.14285714285714285,0.8571428571428571,0.08283078
18.0,0.21428571428571427,0.8571428571428571,0.12214192
18.0,0.2857142857142857,0.8571428571428571,0.16185386
18.0,0.3571428571428571,0.8571428571428571,0.20296153
18.0,0.42857142857142855,0.8571428571428571,0.2396719
18.0,0.5,0.8571428571428571,0.25633058
18.0,0.5714285714285714,0.8571428571428571,0.2411042
18.0,0.6428571428571428,0.8571428571428571,0.20406099
18.0,0.7142857142857142,0.8571428571428571,0.16178124
18.0,0.7857142857142857,0.8571428571428571,0.12089125
18.0,0.8571428571428571,0.8571428571428571,0.08075345
18.0,0.9285714285714285,0.8571428571428571,0.038860984
18.0,1.0,0.8571428571428571,-0.0060772607
18.0,0.0,0.9285714285714285,-0.005242103
18.0,0.07142857142857142,0.9285714285714285,0.021862462
18.0,0.14285714285714285,0.9285714285714285,0.043181337
18.0,0.21428571428571427,0.9285714285714285,0.060973354
18.0,0.2857142857142857,0.9285714285714285,0.07847278
18.0,0.3571428571428571,0.9285714285714285,0.09766811
18.0,0.42857142857142855,0.9285714285714285,0.11581992
18.0,0.5,0.9285714285714285,0.124497004
18.0,0.5714285714285714,0.9285714285714285,0.11702917
18.0,0.6428571428571428,0.9285714285714285,0.098025315
18.0,0.7142857142857142,0.9285714285714285,0.077002056
18.0,0.7857142857142857,0.9285714285714285,0.057936244
18.0,0.8571428571428571,0.9285714285714285,0.039152954
18.0,0.9285714285714285,0.9285714285714285,0.017200198
18.0,1.0,0.9285714285714285,-0.010197048
18.0,0.0,1.0,-0.012577728
18.0,0.07142857142857142,1.0,-0.0038135042
18.0,0.14285714285714285,1.0,-0.0024444293
18.0,0.21428571428571427,1.0,-0.005476744
18.0,0.2857142857142857,1.0,-0.008881249
18.0,0.3571428571428571,1.0,-0.009462987
18.0,0.42857142857142855,1.0,-0.0069569843
18.0,0.5,1.0,-0.00429161
18.0,0.5714285714285714,1.0,-0.0043889517
18.0,0.6428571428571428,1.0,-0.0062112967
18.0,0.7142857142857142,1.0,-0.0065926323
18.0,0.7857142857142857,1.0,-0.0049358467
18.0,0.8571428571428571,1.0,-0.003993728
18.0,0.9285714285714285,1.0,-0.007702318
18.0,1.0,1.0,-0.018853225
19.0,0.0,0.0,-0.0140340915
19.0,0.07142857142857142,0.0,-0.0051962463
19.0,0.14285714285714285,0.0,-0.0019182386
19.0,0.21428571428571427,0.0,-0.0035605067
19.0,0.2857142857142857,0.0,-0.00745955
19.0,0.3571428571428571,0.0,-0.008920609
19.0,0.42857142857142855,0.0,-0.0062248902
19.0,0.5,0.0,-0.004843292
19.0,0.5714285714285714,0.0,-0.008093079
19.0,0.6428571428571428,0.0,-0.010456179
19.0,0.7142857142857142,0.0,-0.00809727
19.0,0.7857142857142857,0.0,-0.0044874633
19.0,0.8571428571428571,0.0,-0.0041283453
19.0,0.9285714285714285,0.0,-0.008763001
19.0,1.0,0.0,-0.018760487
19.0,0.0,0.07142857142857142,-0.006482997
19.0,0.07142857142857142,0.07142857142857142,0.01892294
19.0,0.14285714285714285,0.07142857142857142,0.041061714
19.0,0.21428571428571427,0.07142857142857142,0.0600264
19.0,0.2857142857142857,0.07142857142857142,0.0773653
19.0,0.3571428571428571,0.07142857142857142,0.09631116
19.0,0.42857142857142855,0.07142857142857142,0.1159314
19.0,0.5,0.07142857142857142,0.12414255
19.0,0.5714285714285714,0.07142857142857142,0.11336323
19.0,0.6428571428571428,0.07142857142857142,0.09455118
19.0,0.7142857142857142,0.07142857142857142,0.0774543
19.0,0.7857142857142857,0.07142857142857142,0.060501993
19.0,0.8571428571428571,0.07142857142857142,0.040748864
19.0,0.9285714285714285,0.07142857142857142,0.017675519
19.0,1.0,0.07142857142857142,-0.009140962
19.0,0.0,0.14285714285714285,-0.0042167744
19.0,0.07142857142857142,0.14285714285714285,0.0389448
19.0,0.14285714285714285,0.14285714285714285,0.081415795
19.0,0.21428571428571427,0.14285714285714285,0.12258903
19.0,0.2857142857142857,0.14285714285714285,0.16269122
19.0,0.3571428571428571,0.14285714285714285,0.20340155
19.0,0.42857142857142855,0.14285714285714285,0.24151017
19.0,0.5,0.14285714285714285,0.25754812
19.0,0.5714285714285714,0.14285714285714285,0.23818596
19.0,0.6428571428571428,0.14285714285714285,0.20114188
19.0,0.7142857142857142,0.14285714285714285,0.16267966
19.0,0.7857142857142857,0.14285714285714285,0.12329451
19.0,0.8571428571428571,0.14285714285714285,0.08209061
19.0,0.9285714285714285,0.14285714285714285,0.039422214
19.0,1.0,0.14285714285714285,-0.0056420425
19.0,0.0,0.21428571428571427,-0.005201646
19.0,0.07142857142857142,0.21428571428571427,0.056919634
19.0,0.14285714285714285,0.21428571428571427,0.120626755
19.0,0.21428571428571427,0.21428571428571427,0.18424842
19.0,0.2857142857142857,0.21428571428571427,0.24652027
19.0,0.3571428571428571,0.21428571428571427,0.30789033
19.0,0.42857142857142855,0.21428571428571427,0.3639827
19.0,0.5,0.21428571428571427,0.38822952
19.0,0.5714285714285714,0.21428571428571427,0.36035925
19.0,0.6428571428571428,0.21428571428571427,0.30537862
19.0,0.7142857142857142,0.21428571428571427,0.24568285
19.0,0.7857142857142857,0.21428571428571427,0.18400584
19.0,0.8571428571428571,0.21428571428571427,0.12148646
19.0,0.9285714285714285,0.21428571428571427,0.058587566
19.0,1.0,0.21428571428571427,-0.0060746083
19.0,0.0,0.2857142857142857,-0.007315203
19.0,0.07142857142857142,0.2857142857142857,0.07516158
19.0,0.14285714285714285,0.2857142857142857,0.16059
19.0,0.21428571428571427,0.2857142857142857,0.24580516
19.0,0.2857142857142857,0.2857142857142857,0.32822636
19.0,0.3571428571428571,0.2857142857142857,0.40801725
19.0,0.42857142857142855,0.2857142857142857,0.48101574
19.0,0.5,0.2857142857142857,0.5140351
19.0,0.5714285714285714,0.2857142857142857,0.47851178
19.0,0.6428571428571428,0.2857142857142857,0.4066232
19.0,0.7142857142857142,0.2857142857142857,0.32669574
19.0,0.7857142857142857,0.2857142857142857,0.24412732
19.0,0.8571428571428571,0.2857142857142857,0.16114633
19.0,0.9285714285714285,0.2857142857142857,0.07752096
19.0,1.0,0.2857142857142857,-0.007707351
19.0,0.0,0.3571428571428571,-0.008841702
19.0,0.07142857142857142,0.3571428571428571,0.09522901
19.0,0.14285714285714285,0.3571428571428571,0.20240241
19.0,0.21428571428571427,0.3571428571428571,0.30776283
19.0,0.2857142857142857,0.3571428571428571,0.40807423
19.0,0.3571428571428571,0.3571428571428571,0.50453943
19.0,0.42857142857142855,0.3571428571428571,0.59419745
19.0,0.5,0.3571428571428571,0.63720036
19.0,0.5714285714285714,0.3571428571428571,0.59465593
19.0,0.6428571428571428,0.3571428571428571,0.5058623
19.0,0.7142857142857142,0.3571428571428571,0.4064385
19.0,0.7857142857142857,0.3571428571428571,0.3046091
19.0,0.8571428571428571,0.3571428571428571,0.2020007
19.0,0.9285714285714285,0.3571428571428571,0.09755075
19.0,1.0,0.3571428571428571,-0.007913546
19.0,0.0,0.42857142857142855,-0.009714504
19.0,0.07142857142857142,0.42857142857142855,0.11432619
19.0,0.14285714285714285,0.42857142857142855,0.24109657
19.0,0.21428571428571427,0.42857142857142855,0.36402914
19.0,0.2857142857142857,0.42857142857142855,0.4799141
19.0,0.3571428571428571,0.42857142857142855,0.5916646
19.0,0.42857142857142855,0.42857142857142855,0.69761884
19.0,0.5,0.42857142857142855,0.7514956
19.0,0.5714285714285714,0.42857142857142855,0.70210844
19.0,0.6428571428571428,0.42857142857142855,0.59609944
19.0,0.7142857142857142,0.42857142857142855,0.47875533
19.0,0.7857142857142857,0.42857142857142855,0.36013445
19.0,0.8571428571428571,0.42857142857142855,0.23991518
19.0,0.9285714285714285,0.42857142857142855,0.11688688
19.0,1.0,0.42857142857142855,-0.0054905796
19.0,0.0,0.5,-0.010231898
19.0,0.07142857142857142,0.5,0.12228679
19.0,0.14285714285714285,0.5,0.2576602
19.0,0.21428571428571427,0.5,0.38877884
19.0,0.2857142857142857,0.5,0.5126111
19.0,0.3571428571428571,0.5,0.6324379
19.0,0.42857142857142855,0.5,0.7464291
19.0,0.5,0.5,0.8058461
19.0,0.5714285714285714,0.5,0.7523644
19.0,0.6428571428571428,0.5,0.6372162
19.0,0.7142857142857142,0.5,0.5123975
19.0,0.7857142857142857,0.5,0.3870553
19.0,0.8571428571428571,0.5,0.25872588
19.0,0.9285714285714285,0.5,0.12675117
19.0,1.0,0.5,-0.0030897418
19.0,0.0,0.5714285714285714,-0.008153067
19.0,0.07142857142857142,0.5714285714285714,0.11486546
19.0,0.14285714285714285,0.5714285714285714,0.23992087
19.0,0.21428571428571427,0.5714285714285714,0.36188665
19.0,0.2857142857142857,0.5714285714285714,0.47900918
19.0,0.3571428571428571,0.5714285714285714,0.59335136
19.0,0.42857142857142855,0.5714285714285714,0.69949955
19.0,0.5,0.5714285714285714,0.75141895
19.0,0.5714285714285714,0.5714285714285714,0.699373
19.0,0.6428571428571428,0.5714285714285714,0.59230566
19.0,0.7142857142857142,0.5714285714285714,0.47765583
19.0,0.7857142857142857,0.5714285714285714,0.36176056
19.0,0.8571428571428571,0.5714285714285714,0.24161722
19.0,0.9285714285714285,0.5714285714285714,0.117297746
19.0,1.0,0.5714285714285714,-0.0048957476
19.0,0.0,0.6428571428571428,-0.006584079
19.0,0.07142857142857142,0.6428571428571428,0.09724573
19.0,0.14285714285714285,0.6428571428571428,0.20170377
19.0,0.21428571428571427,0.6428571428571428,0.30467173
19.0,0.2857142857142857,0.6428571428571428,0.4062224
19.0,0.3571428571428571,0.6428571428571428,0.5069852
19.0,0.42857142857142855,0.6428571428571428,0.5977552
19.0,0.5,0.6428571428571428,0.638576
19.0,0.5714285714285714,0.6428571428571428,0.59454954
19.0,0.6428571428571428,0.6428571428571428,0.5051106
19.0,0.7142857142857142,0.6428571428571428,0.40748328
19.0,0.7857142857142857,0.6428571428571428,0.30746716
19.0,0.8571428571428571,0.6428571428571428,0.20392407
19.0,0.9285714285714285,0.6428571428571428,0.09761828
19.0,1.0,0.6428571428571428,-0.006707632
19.0,0.0,0.7142857142857142,-0.005816334
19.0,0.07142857142857142,0.7142857142857142,0.077405326
19.0,0.14285714285714285,0.7142857142857142,0.159971
19.0,0.21428571428571427,0.7142857142857142,0.24184142
19.0,0.2857142857142857,0.7142857142857142,0.32416865
19.0,0.3571428571428571,0.7142857142857142,0.40688968
19.0,0.42857142857142855,0.7142857142857142,0.48011792
19.0,0.5,0.7142857142857142,0.51224405
19.0,0.5714285714285714,0.7142857142857142,0.47918308
19.0,0.6428571428571428,0.7142857142857142,0.40821743
19.0,0.7142857142857142,0.7142857142857142,0.32818013
19.0,0.7857142857142857,0.7142857142857142,0.24618398
19.0,0.8571428571428571,0.7142857142857142,0.16259794
19.0,0.9285714285714285,0.7142857142857142,0.07777269
19.0,1.0,0.7142857142857142,-0.0058839703
19.0,0.0,0.7857142857142857,-0.004757651
19.0,0.07142857142857142,0.7857142857142857,0.058914155
19.0,0.14285714285714285,0.7857142857142857,0.12055182
19.0,0.21428571428571427,0.7857142857142857,0.18124114
19.0,0.2857142857142857,0.7857142857142857,0.24282809
19.0,0.3571428571428571,0.7857142857142857,0.3054282
19.0,0.42857142857142855,0.7857142857142857,0.36057332
19.0,0.5,0.7857142857142857,0.38501185
19.0,0.5714285714285714,0.7857142857142857,0.36171147
19.0,0.6428571428571428,0.7857142857142857,0.30780342
19.0,0.7142857142857142,0.7857142857142857,0.24581145
19.0,0.7857142857142857,0.7857142857142857,0.18356499
19.0,0.8571428571428571,0.7857142857142857,0.12146673
19.0,0.9285714285714285,0.7857142857142857,0.058486007
19.0,1.0,0.7857142857142857,-0.0051322626
19.0,0.0,0.8571428571428571,-0.0038162628
19.0,0.07142857142857142,0.8571428571428571,0.04132505
19.0,0.14285714285714285,0.8571428571428571,0.08270446
19.0,0.21428571428571427,0.8571428571428571,0.1220425
19.0,0.2857142857142857,0.8571428571428571,0.16183138
19.0,0.3571428571428571,0.8571428571428571,0.20288804
19.0,0.42857142857142855,0.8571428571428571,0.23925681
19.0,0.5,0.8571428571428571,0.25560024
19.0,0.5714285714285714,0.8571428571428571,0.24060075
19.0,0.6428571428571428,0.8571428571428571,0.20393877
19.0,0.7142857142857142,0.8571428571428571,0.1617483
19.0,0.7857142857142857,0.8571428571428571,0.12078089
19.0,0.8571428571428571,0.8571428571428571,0.080603786
19.0,0.9285714285714285,0.8571428571428571,0.038762856
19.0,1.0,0.8571428571428571,-0.0060914876
19.0,0.0,0.9285714285714285,-0.0051686065
19.0,0.07142857142857142,0.9285714285714285,0.02179221
19.0,0.14285714285714285,0.9285714285714285,0.043045167
19.0,0.21428571428571427,0.9285714285714285,0.06087313
19.0,0.2857142857142857,0.9285714285714285,0.078469016
19.0,0.3571428571428571,0.9285714285714285,0.0976844
19.0,0.42857142857142855,0.9285714285714285,0.115677826
19.0,0.5,0.9285714285714285,0.1241987
19.0,0.5714285714285714,0.9285714285714285,0.11685408
19.0,0.6428571428571428,0.9285714285714285,0.09804582
19.0,0.7142857142857142,0.9285714285714285,0.077018626
19.0,0.7857142857142857,0.9285714285714285,0.05783581
19.0,0.8571428571428571,0.9285714285714285,0.038988393
19.0,0.9285714285714285,0.9285714285714285,0.017073426
19.0,1.0,0.9285714285714285,-0.010235564
19.0,0.0,1.0,-0.012494856
19.0,0.07142857142857142,1.0,-0.003864172
19.0,0.14285714285714285,1.0,-0.002541897
19.0,0.21428571428571427,1.0,-0.0055200784
19.0,0.2857142857142857,1.0,-0.008814228
19.0,0.3571428571428571,1.0,-0.009329685
19.0,0.42857142857142855,1.0,-0.006863282
19.0,0.5,1.0,-0.004251496
19.0,0.5714285714285714,1.0,-0.004286551
19.0,0.6428571428571428,1.0,-0.0060388604
19.0,0.7142857142857142,1.0,-0.0064941877
19.0,0.7857142857142857,1.0,-0.0049869204
19.0,0.8571428571428571,1.0,-0.0041367942
19.0,0.9285714285714285,1.0,-0.007832133
19.0,1.0,1.0,-0.018903956
20.0,0.0,0.0,-0.014017834
20.0,0.07142857142857142,0.0,-0.005221111
20.0,0.14285714285714285,0.0,-0.0019692397
20.0,0.21428571428571427,0.0,-0.0036024442
20.0,0.2857142857142857,0.0,-0.00744881
20.0,0.3571428571428571,0.0,-0.008862416
20.0,0.42857142857142855,0.0,-0.0061920593
20.0,0.5,0.0,-0.0048043625
20.0,0.5714285714285714,0.0,-0.00793741
20.0,0.6428571428571428,0.0,-0.010254637
20.0,0.7142857142857142,0.0,-0.007962582
20.0,0.7857142857142857,0.0,-0.0044025118
20.0,0.8571428571428571,0.0,-0.0040463516
20.0,0.9285714285714285,0.0,-0.008678117
20.0,1.0,0.0,-0.018693753
20.0,0.0,0.07142857142857142,-0.0065205535
20.0,0.07142857142857142,0.07142857142857142,0.018863205
20.0,0.14285714285714285,0.07142857142857142,0.040998995
20.0,0.21428571428571427,0.07142857142857142,0.059996955
20.0,0.2857142857142857,0.07142857142857142,0.077396885
20.0,0.3571428571428571,0.07142857142857142,0.09633143
20.0,0.42857142857142855,0.07142857142857142,0.11574734
20.0,0.5,0.07142857142857142,0.12381128
20.0,0.5714285714285714,0.07142857142857142,0.11321401
20.0,0.6428571428571428,0.07142857142857142,0.094568826
20.0,0.7142857142857142,0.07142857142857142,0.077471174
20.0,0.7857142857142857,0.07142857142857142,0.06050779
20.0,0.8571428571428571,0.07142857142857142,0.040764585
20.0,0.9285714285714285,0.07142857142857142,0.017689839
20.0,1.0,0.07142857142857142,-0.009152033
20.0,0.0,0.14285714285714285,-0.004284203
20.0,0.07142857142857142,0.14285714285714285,0.038865265
20.0,0.14285714285714285,0.14285714285714285,0.08134588
20.0,0.21428571428571427,0.14285714285714285,0.122566454
20.0,0.2857142857142857,0.14285714285714285,0.16273159
20.0,0.3571428571428571,0.14285714285714285,0.20336893
20.0,0.42857142857142855,0.14285714285714285,0.24105786
20.0,0.5,0.14285714285714285,0.25675973
20.0,0.5714285714285714,0.14285714285714285,0.2377106
20.0,0.6428571428571428,0.14285714285714285,0.20102297
20.0,0.7142857142857142,0.14285714285714285,0.16265643
20.0,0.7857142857142857,0.14285714285714285,0.123303
20.0,0.8571428571428571,0.14285714285714285,0.08211373
20.0,0.9285714285714285,0.14285714285714285,0.039437175
20.0,1.0,0.14285714285714285,-0.0056596706
20.0,0.0,0.21428571428571427,-0.005232997
20.0,0.07142857142857142,0.21428571428571427,0.05686938
20.0,0.14285714285714285,0.21428571428571427,0.12057582
20.0,0.21428571428571427,0.21428571428571427,0.18423529
20.0,0.2857142857142857,0.21428571428571427,0.24656184
20.0,0.3571428571428571,0.21428571428571427,0.30781198
20.0,0.42857142857142855,0.21428571428571427,0.36328417
20.0,0.5,0.21428571428571427,0.38701436
20.0,0.5714285714285714,0.21428571428571427,0.35965848
20.0,0.6428571428571428,0.21428571428571427,0.30525175
20.0,0.7142857142857142,0.21428571428571427,0.24572329
20.0,0.7857142857142857,0.21428571428571427,0.18407895
20.0,0.8571428571428571,0.21428571428571427,0.12155845
20.0,0.9285714285714285,0.21428571428571427,0.058646508
20.0,1.0,0.21428571428571427,-0.0060458938
20.0,0.0,0.2857142857142857,-0.00723002
20.0,0.07142857142857142,0.2857142857142857,0.07519135
20.0,0.14285714285714285,0.2857142857142857,0.16056582
20.0,0.21428571428571427,0.2857142857142857,0.24576743
20.0,0.2857142857142857,0.2857142857142857,0.32821423
20.0,0.3571428571428571,0.2857142857142857,0.40785882
20.0,0.42857142857142855,0.2857142857142857,0.4800744
20.0,0.5,0.2857142857142857,0.5124129
20.0,0.5714285714285714,0.2857142857142857,0.4776545
20.0,0.6428571428571428,0.2857142857142857,0.4065505
20.0,0.7142857142857142,0.2857142857142857,0.32680467
20.0,0.7857142857142857,0.2857142857142857,0.24421866
20.0,0.8571428571428571,0.2857142857142857,0.16122095
20.0,0.9285714285714285,0.2857142857142857,0.077608764
20.0,1.0,0.2857142857142857,-0.0076144645
20.0,0.0,0.3571428571428571,-0.008648527
20.0,0.07142857142857142,0.3571428571428571,0.095285855
20.0,0.14285714285714285,0.3571428571428571,0.20229048
20.0,0.21428571428571427,0.3571428571428571,0.307519
20.0,0.2857142857142857,0.3571428571428571,0.4077755
20.0,0.3571428571428571,0.3571428571428571,0.5040394
20.0,0.42857142857142855,0.3571428571428571,0.5927337
20.0,0.5,0.3571428571428571,0.63484603
20.0,0.5714285714285714,0.3571428571428571,0.593316
20.0,0.6428571428571428,0.3571428571428571,0.5055395
20.0,0.7142857142857142,0.3571428571428571,0.4063181
20.0,0.7857142857142857,0.3571428571428571,0.3044583
20.0,0.8571428571428571,0.3571428571428571,0.20190358
20.0,0.9285714285714285,0.3571428571428571,0.09758154
20.0,1.0,0.3571428571428571,-0.007777826
20.0,0.0,0.42857142857142855,-0.009627466
20.0,0.07142857142857142,0.42857142857142855,0.114150204
20.0,0.14285714285714285,0.42857142857142855,0.24057077
20.0,0.21428571428571427,0.42857142857142855,0.36316776
20.0,0.2857142857142857,0.42857142857142855,0.47880772
20.0,0.3571428571428571,0.42857142857142855,0.5901598
20.0,0.42857142857142855,0.42857142857142855,0.69482
20.0,0.5,0.42857142857142855,0.7474328
20.0,0.5714285714285714,0.42857142857142855,0.69926333
20.0,0.6428571428571428,0.42857142857142855,0.5946521
20.0,0.7142857142857142,0.42857142857142855,0.47774637
20.0,0.7857142857142857,0.42857142857142855,0.35931242
20.0,0.8571428571428571,0.42857142857142855,0.23940797
20.0,0.9285714285714285,0.42857142857142855,0.11674487
20.0,1.0,0.42857142857142855,-0.0053612376
20.0,0.0,0.5,-0.010273055
20.0,0.07142857142857142,0.5,0.12191685
20.0,0.14285714285714285,0.5,0.2568392
20.0,0.21428571428571427,0.5,0.38748527
20.0,0.2857142857142857,0.5,0.5109007
20.0,0.3571428571428571,0.5,0.63010806
20.0,0.42857142857142855,0.5,0.7425137
20.0,0.5,0.5,0.8003394
20.0,0.5714285714285714,0.5,0.74816513
20.0,0.6428571428571428,0.5,0.6347785
20.0,0.7142857142857142,0.5,0.5106741
20.0,0.7857142857142857,0.5,0.38573512
20.0,0.8571428571428571,0.5,0.257922
20.0,0.9285714285714285,0.5,0.12647967
20.0,1.0,0.5,-0.0029766494
20.0,0.0,0.5714285714285714,-0.0080030495
20.0,0.07142857142857142,0.5714285714285714,0.114786886
20.0,0.14285714285714285,0.5714285714285714,0.2395574
20.0,0.21428571428571427,0.5714285714285714,0.36125895
20.0,0.2857142857142857,0.5714285714285714,0.4781728
20.0,0.3571428571428571,0.5714285714285714,0.59209114
20.0,0.42857142857142855,0.5714285714285714,0.6969456
20.0,0.5,0.5714285714285714,0.74754983
20.0,0.5714285714285714,0.5714285714285714,0.696666
20.0,0.6428571428571428,0.5714285714285714,0.5910932
20.0,0.7142857142857142,0.5714285714285714,0.47687495
20.0,0.7857142857142857,0.5714285714285714,0.36106893
20.0,0.8571428571428571,0.5714285714285714,0.24115996
20.0,0.9285714285714285,0.5714285714285714,0.11718128
20.0,1.0,0.5714285714285714,-0.0047365436
20.0,0.0,0.6428571428571428,-0.006337122
20.0,0.07142857142857142,0.6428571428571428,0.09733819
20.0,0.14285714285714285,0.6428571428571428,0.20166193
20.0,0.21428571428571427,0.6428571428571428,0.30456865
20.0,0.2857142857142857,0.6428571428571428,0.40610662
20.0,0.3571428571428571,0.6428571428571428,0.5066222
20.0,0.42857142857142855,0.6428571428571428,0.59642506
20.0,0.5,0.6428571428571428,0.63630795
20.0,0.5714285714285714,0.6428571428571428,0.59315944
20.0,0.6428571428571428,0.6428571428571428,0.5048368
20.0,0.7142857142857142,0.6428571428571428,0.40746978
20.0,0.7857142857142857,0.6428571428571428,0.30737123
20.0,0.8571428571428571,0.6428571428571428,0.20382841
20.0,0.9285714285714285,0.6428571428571428,0.097643755
20.0,1.0,0.6428571428571428,-0.0065562213
20.0,0.0,0.7142857142857142,-0.0056177536
20.0,0.07142857142857142,0.7142857142857142,0.07746734
20.0,0.14285714285714285,0.7142857142857142,0.15995425
20.0,0.21428571428571427,0.7142857142857142,0.24183513
20.0,0.2857142857142857,0.7142857142857142,0.32420573
20.0,0.3571428571428571,0.7142857142857142,0.4067416
20.0,0.42857142857142855,0.7142857142857142,0.47921056
20.0,0.5,0.7142857142857142,0.510633
20.0,0.5714285714285714,0.7142857142857142,0.47816345
20.0,0.6428571428571428,0.7142857142857142,0.40803912
20.0,0.7142857142857142,0.7142857142857142,0.3282392
20.0,0.7857142857142857,0.7142857142857142,0.24617939
20.0,0.8571428571428571,0.7142857142857142,0.16255666
20.0,0.9285714285714285,0.7142857142857142,0.07778751
20.0,1.0,0.7142857142857142,-0.0057938704
20.0,0.0,0.7857142857142857,-0.0046280557
20.0,0.07142857142857142,0.7857142857142857,0.058906913
20.0,0.14285714285714285,0.7857142857142857,0.12047712
20.0,0.21428571428571427,0.7857142857142857,0.18119024
20.0,0.2857142857142857,0.7857142857142857,0.2428353
20.0,0.3571428571428571,0.7857142857142857,0.3053062
20.0,0.42857142857142855,0.7857142857142857,0.3598991
20.0,0.5,0.7857142857142857,0.38383964
20.0,0.5714285714285714,0.7857142857142857,0.36091194
20.0,0.6428571428571428,0.7857142857142857,0.30760112
20.0,0.7142857142857142,0.7857142857142857,0.24579303
20.0,0.7857142857142857,0.7857142857142857,0.18349704
20.0,0.8571428571428571,0.7857142857142857,0.1213708
20.0,0.9285714285714285,0.7857142857142857,0.058446065
20.0,1.0,0.7857142857142857,-0.005091165
20.0,0.0,0.8571428571428571,-0.0037254998
20.0,0.07142857142857142,0.8571428571428571,0.0412732
20.0,0.14285714285714285,0.8571428571428571,0.082582965
20.0,0.21428571428571427,0.8571428571428571,0.12194698
20.0,0.2857142857142857,0.8571428571428571,0.16180912
20.0,0.3571428571428571,0.8571428571428571,0.20281112
20.0,0.42857142857142855,0.8571428571428571,0.23884292
20.0,0.5,0.8571428571428571,0.25488165
20.0,0.5714285714285714,0.8571428571428571,0.24010037
20.0,0.6428571428571428,0.8571428571428571,0.2038106
20.0,0.7142857142857142,0.8571428571428571,0.16171373
20.0,0.7857142857142857,0.8571428571428571,0.1206731
20.0,0.8571428571428571,0.8571428571428571,0.08045958
20.0,0.9285714285714285,0.8571428571428571,0.03867417
20.0,1.0,0.8571428571428571,-0.0060868757
20.0,0.0,0.9285714285714285,-0.005088431
20.0,0.07142857142857142,0.9285714285714285,0.021727737
20.0,0.14285714285714285,0.9285714285714285,0.042915806
20.0,0.21428571428571427,0.9285714285714285,0.06078066
20.0,0.2857142857142857,0.9285714285714285,0.07847175
20.0,0.3571428571428571,0.9285714285714285,0.097707145
20.0,0.42857142857142855,0.9285714285714285,0.11554629
20.0,0.5,0.9285714285714285,0.12391769
20.0,0.5714285714285714,0.9285714285714285,0.11668942
20.0,0.6428571428571428,0.9285714285714285,0.09807067
20.0,0.7142857142857142,0.9285714285714285,0.07704189
20.0,0.7857142857142857,0.9285714285714285,0.05774524
20.0,0.8571428571428571,0.9285714285714285,0.038833193
20.0,0.9285714285714285,0.9285714285714285,0.016955953
20.0,1.0,0.9285714285714285,-0.010259551
20.0,0.0,1.0,-0.012409096
20.0,0.07142857142857142,1.0,-0.003910248
20.0,0.14285714285714285,1.0,-0.0026309602
20.0,0.21428571428571427,1.0,-0.005551235
20.0,0.2857142857142857,1.0,-0.008732085
20.0,0.3571428571428571,1.0,-0.009178334
20.0,0.42857142857142855,1.0,-0.0067459913
20.0,0.5,1.0,-0.0041835243
20.0,0.5714285714285714,1.0,-0.0041599656
20.0,0.6428571428571428,1.0,-0.005848133
20.0,0.7142857142857142,1.0,-0.0063775936
20.0,0.7857142857142857,1.0,-0.0050208988
20.0,0.8571428571428571,1.0,-0.0042665983
20.0,0.9285714285714285,1.0,-0.007951745
20.0,1.0,1.0,-0.01894395
21.0,0.0,0.0,-0.013989258
21.0,0.07142857142857142,0.0,-0.005236323
21.0,0.14285714285714285,0.0,-0.0020111827
21.0,0.21428571428571427,0.0,-0.003634206
21.0,0.2857142857142857,0.0,-0.007422044
21.0,0.3571428571428571,0.0,-0.008780333
21.0,0.42857142857142855,0.0,-0.006127537
21.0,0.5,0.0,-0.0047307694
21.0,0.5714285714285714,0.0,-0.007752911
21.0,0.6428571428571428,0.0,-0.010031824
21.0,0.7142857142857142,0.0,-0.007814736
21.0,0.7857142857142857,0.0,-0.0043097036
21.0,0.8571428571428571,0.0,-0.0039558494
21.0,0.9285714285714285,0.0,-0.00858041
21.0,1.0,0.0,-0.018608145
21.0,0.0,0.07142857142857142,-0.0065437434
21.0,0.07142857142857142,0.07142857142857142,0.018813267
21.0,0.14285714285714285,0.07142857142857142,0.040942118
21.0,0.21428571428571427,0.07142857142857142,0.059971012
21.0,0.2857142857142857,0.07142857142857142,0.07743207
21.0,0.3571428571428571,0.07142857142857142,0.096357696
21.0,0.42857142857142855,0.07142857142857142,0.115574084
21.0,0.5,0.07142857142857142,0.12349624
21.0,0.5714285714285714,0.07142857142857142,0.113076046
21.0,0.6428571428571428,0.07142857142857142,0.09459282
21.0,0.7142857142857142,0.07142857142857142,0.07749244
21.0,0.7857142857142857,0.07142857142857142,0.060517132
21.0,0.8571428571428571,0.07142857142857142,0.040787347
21.0,0.9285714285714285,0.07142857142857142,0.017718688
21.0,1.0,0.07142857142857142,-0.009140455
21.0,0.0,0.14285714285714285,-0.004335488
21.0,0.07142857142857142,0.14285714285714285,0.038795285
21.0,0.14285714285714285,0.14285714285714285,0.08127878
21.0,0.21428571428571427,0.14285714285714285,0.12254121
21.0,0.2857142857142857,0.14285714285714285,0.16276436
21.0,0.3571428571428571,0.14285714285714285,0.20332526
21.0,0.42857142857142855,0.14285714285714285,0.24060114
21.0,0.5,0.14285714285714285,0.2559789
21.0,0.5714285714285714,0.14285714285714285,0.23723768
21.0,0.6428571428571428,0.14285714285714285,0.20090322
21.0,0.7142857142857142,0.14285714285714285,0.16263239
21.0,0.7857142857142857,0.14285714285714285,0.12331071
21.0,0.8571428571428571,0.14285714285714285,0.082141496
21.0,0.9285714285714285,0.14285714285714285,0.039465852
21.0,1.0,0.14285714285714285,-0.005652786
21.0,0.0,0.21428571428571427,-0.0052459775
21.0,0.07142857142857142,0.21428571428571427,0.056828067
21.0,0.14285714285714285,0.21428571428571427,0.120523594
21.0,0.21428571428571427,0.21428571428571427,0.18421288
21.0,0.2857142857142857,0.21428571428571427,0.24658634
21.0,0.3571428571428571,0.21428571428571427,0.30771226
21.0,0.42857142857142855,0.21428571428571427,0.3625752
21.0,0.5,0.21428571428571427,0.3858065
21.0,0.5714285714285714,0.21428571428571427,0.35895717
21.0,0.6428571428571428,0.21428571428571427,0.30512002
21.0,0.7142857142857142,0.21428571428571427,0.2457593
21.0,0.7857142857142857,0.21428571428571427,0.18414803
21.0,0.8571428571428571,0.21428571428571427,0.12163129
21.0,0.9285714285714285,0.21428571428571427,0.05871684
21.0,1.0,0.21428571428571427,-0.005992339
21.0,0.0,0.2857142857142857,-0.007125249
21.0,0.07142857142857142,0.2857142857142857,0.07522693
21.0,0.14285714285714285,0.2857142857142857,0.16053559
21.0,0.21428571428571427,0.2857142857142857,0.24571367
21.0,0.2857142857142857,0.2857142857142857,0.32817918
21.0,0.3571428571428571,0.2857142857142857,0.40767345
21.0,0.42857142857142855,0.2857142857142857,0.47912127
21.0,0.5,0.2857142857142857,0.51080394
21.0,0.5714285714285714,0.2857142857142857,0.47679216
21.0,0.6428571428571428,0.2857142857142857,0.40646574
21.0,0.7142857142857142,0.2857142857142857,0.32690302
21.0,0.7857142857142857,0.2857142857142857,0.2442979
21.0,0.8571428571428571,0.2857142857142857,0.16128866
21.0,0.9285714285714285,0.2857142857142857,0.07770303
21.0,1.0,0.2857142857142857,-0.0074971328
21.0,0.0,0.3571428571428571,-0.008433455
21.0,0.07142857142857142,0.3571428571428571,0.09534573
21.0,0.14285714285714285,0.3571428571428571,0.20216693
21.0,0.21428571428571427,0.3571428571428571,0.30725604
21.0,0.2857142857142857,0.3571428571428571,0.40745515
21.0,0.3571428571428571,0.3571428571428571,0.5035169
21.0,0.42857142857142855,0.3571428571428571,0.5912631
21.0,0.5,0.3571428571428571,0.6325109
21.0,0.5714285714285714,0.3571428571428571,0.59196216
21.0,0.6428571428571428,0.3571428571428571,0.5051924
21.0,0.7142857142857142,0.3571428571428571,0.40617892
21.0,0.7857142857142857,0.3571428571428571,0.30428812
21.0,0.8571428571428571,0.3571428571428571,0.20179309
21.0,0.9285714285714285,0.3571428571428571,0.097616605
21.0,1.0,0.3571428571428571,-0.0076169157
21.0,0.0,0.42857142857142855,-0.00950778
21.0,0.07142857142857142,0.42857142857142855,0.11398395
21.0,0.14285714285714285,0.42857142857142855,0.24003913
21.0,0.21428571428571427,0.42857142857142855,0.36229855
21.0,0.2857142857142857,0.42857142857142855,0.47770062
21.0,0.3571428571428571,0.42857142857142855,0.5886586
21.0,0.42857142857142855,0.42857142857142855,0.6920455
21.0,0.5,0.42857142857142855,0.74342436
21.0,0.5714285714285714,0.42857142857142855,0.6964224
21.0,0.6428571428571428,0.42857142857142855,0.5931911
21.0,0.7142857142857142,0.42857142857142855,0.47673064
21.0,0.7857142857142857,0.42857142857142855,0.35848084
21.0,0.8571428571428571,0.42857142857142855,0.23889257
21.0,0.9285714285714285,0.42857142857142855,0.11661122
21.0,1.0,0.42857142857142855,-0.0052019665
21.0,0.0,0.5,-0.010269322
21.0,0.07142857142857142,0.5,0.12156951
21.0,0.14285714285714285,0.5,0.25602797
21.0,0.21428571428571427,0.5,0.38620412
21.0,0.2857142857142857,0.5,0.5092181
21.0,0.3571428571428571,0.5,0.6278207
21.0,0.42857142857142855,0.5,0.7386712
21.0,0.5,0.5,0.7949487
21.0,0.5714285714285714,0.5,0.7440287
21.0,0.6428571428571428,0.5,0.63237274
21.0,0.7142857142857142,0.5,0.50898033
21.0,0.7857142857142857,0.5,0.38442945
21.0,0.8571428571428571,0.5,0.2571226
21.0,0.9285714285714285,0.5,0.12622245
21.0,1.0,0.5,-0.0028304541
21.0,0.0,0.5714285714285714,-0.00782013
21.0,0.07142857142857142,0.5714285714285714,0.11472195
21.0,0.14285714285714285,0.5714285714285714,0.23919328
21.0,0.21428571428571427,0.5714285714285714,0.36062783
21.0,0.2857142857142857,0.5714285714285714,0.4773369
21.0,0.3571428571428571,0.5714285714285714,0.590831
21.0,0.42857142857142855,0.5714285714285714,0.6944084
21.0,0.5,0.5714285714285714,0.7437335
21.0,0.5714285714285714,0.5714285714285714,0.6939703
21.0,0.6428571428571428,0.5714285714285714,0.58987147
21.0,0.7142857142857142,0.5714285714285714,0.47609568
21.0,0.7857142857142857,0.5714285714285714,0.36037716
21.0,0.8571428571428571,0.5714285714285714,0.2406997
21.0,0.9285714285714285,0.5714285714285714,0.11707281
21.0,1.0,0.5714285714285714,-0.0045473734
21.0,0.0,0.6428571428571428,-0.0060689757
21.0,0.07142857142857142,0.6428571428571428,0.09743654
21.0,0.14285714285714285,0.6428571428571428,0.2016157
21.0,0.21428571428571427,0.6428571428571428,0.30445626
21.0,0.2857142857142857,0.6428571428571428,0.40597665
21.0,0.3571428571428571,0.6428571428571428,0.50623727
21.0,0.42857142857142855,0.6428571428571428,0.5950821
21.0,0.5,0.6428571428571428,0.63405746
21.0,0.5714285714285714,0.6428571428571428,0.5917596
21.0,0.6428571428571428,0.6428571428571428,0.5045335
21.0,0.7142857142857142,0.6428571428571428,0.40743652
21.0,0.7857142857142857,0.6428571428571428,0.30726066
21.0,0.8571428571428571,0.6428571428571428,0.20372228
21.0,0.9285714285714285,0.6428571428571428,0.09767311
21.0,1.0,0.6428571428571428,-0.0063793
21.0,0.0,0.7142857142857142,-0.005402946
21.0,0.07142857142857142,0.7142857142857142,0.07753554
21.0,0.14285714285714285,0.7142857142857142,0.15993701
21.0,0.21428571428571427,0.7142857142857142,0.24182321
21.0,0.2857142857142857,0.7142857142857142,0.32423174
21.0,0.3571428571428571,0.7142857142857142,0.4065737
21.0,0.42857142857142855,0.7142857142857142,0.47829202
21.0,0.5,0.7142857142857142,0.50903606
21.0,0.5714285714285714,0.7142857142857142,0.4771414
21.0,0.6428571428571428,0.7142857142857142,0.40784097
21.0,0.7142857142857142,0.7142857142857142,0.32828233
21.0,0.7857142857142857,0.7142857142857142,0.2461635
21.0,0.8571428571428571,0.7142857142857142,0.16250911
21.0,0.9285714285714285,0.7142857142857142,0.07780798
21.0,1.0,0.7142857142857142,-0.0056806514
21.0,0.0,0.7857142857142857,-0.0044845873
21.0,0.07142857142857142,0.7857142857142857,0.058906674
21.0,0.14285714285714285,0.7857142857142857,0.12040626
21.0,0.21428571428571427,0.7857142857142857,0.18113948
21.0,0.2857142857142857,0.7857142857142857,0.24283676
21.0,0.3571428571428571,0.7857142857142857,0.30517134
21.0,0.42857142857142855,0.7857142857142857,0.3592187
21.0,0.5,0.7857142857142857,0.3826786
21.0,0.5714285714285714,0.7857142857142857,0.360113
21.0,0.6428571428571428,0.7857142857142857,0.307386
21.0,0.7142857142857142,0.7857142857142857,0.2457654
21.0,0.7857142857142857,0.7857142857142857,0.1834252
21.0,0.8571428571428571,0.7857142857142857,0.12127488
21.0,0.9285714285714285,0.7857142857142857,0.058414675
21.0,1.0,0.7857142857142857,-0.0050283344
21.0,0.0,0.8571428571428571,-0.0036241421
21.0,0.07142857142857142,0.8571428571428571,0.04122806
21.0,0.14285714285714285,0.8571428571428571,0.08246672
21.0,0.21428571428571427,0.8571428571428571,0.12185546
21.0,0.2857142857142857,0.8571428571428571,0.16178757
21.0,0.3571428571428571,0.8571428571428571,0.20272988
21.0,0.42857142857142855,0.8571428571428571,0.23842967
21.0,0.5,0.8571428571428571,0.25417337
21.0,0.5714285714285714,0.8571428571428571,0.23960207
21.0,0.6428571428571428,0.8571428571428571,0.20367657
21.0,0.7142857142857142,0.8571428571428571,0.16167732
21.0,0.7857142857142857,0.8571428571428571,0.12056898
21.0,0.8571428571428571,0.8571428571428571,0.0803207
21.0,0.9285714285714285,0.8571428571428571,0.038594756
21.0,1.0,0.8571428571428571,-0.0060647326
21.0,0.0,0.9285714285714285,-0.005002127
21.0,0.07142857142857142,0.9285714285714285,0.021668285
21.0,0.14285714285714285,0.9285714285714285,0.04279241
21.0,0.21428571428571427,0.9285714285714285,0.060695484
21.0,0.2857142857142857,0.9285714285714285,0.07848175
21.0,0.3571428571428571,0.9285714285714285,0.09773543
21.0,0.42857142857142855,0.9285714285714285,0.11542518
21.0,0.5,0.9285714285714285,0.12365163
21.0,0.5714285714285714,0.9285714285714285,0.11653452
21.0,0.6428571428571428,0.9285714285714285,0.098099254
21.0,0.7142857142857142,0.9285714285714285,0.07707169
21.0,0.7857142857142857,0.9285714285714285,0.057664618
21.0,0.8571428571428571,0.9285714285714285,0.038687274
21.0,0.9285714285714285,0.9285714285714285,0.016848143
21.0,1.0,0.9285714285714285,-0.010270164
21.0,0.0,1.0,-0.012321194
21.0,0.07142857142857142,1.0,-0.0039519453
21.0,0.14285714285714285,1.0,-0.0027120346
21.0,0.21428571428571427,1.0,-0.0055703195
21.0,0.2857142857142857,1.0,-0.00863576
21.0,0.3571428571428571,1.0,-0.009010983
21.0,0.42857142857142855,1.0,-0.0066072764
21.0,0.5,1.0,-0.0040897215
21.0,0.5714285714285714,1.0,-0.0040117586
21.0,0.6428571428571428,1.0,-0.00564088
21.0,0.7142857142857142,1.0,-0.0062446455
21.0,0.7857142857142857,1.0,-0.0050380537
21.0,0.8571428571428571,1.0,-0.0043828906
21.0,0.9285714285714285,1.0,-0.008061481
21.0,1.0,1.0,-0.018973857
22.0,0.0,0.0,-0.013949917
22.0,0.07142857142857142,0.0,-0.0052427677
22.0,0.14285714285714285,0.0,-0.0020455671
22.0,0.21428571428571427,0.0,-0.0036562858
22.0,0.2857142857142857,0.0,-0.007380589
22.0,0.3571428571428571,0.0,-0.008676353
22.0,0.42857142857142855,0.0,-0.006034988
22.0,0.5,0.0,-0.004626059
22.0,0.5714285714285714,0.0,-0.0075425925
22.0,0.6428571428571428,0.0,-0.009790556
22.0,0.7142857142857142,0.0,-0.007654057
22.0,0.7857142857142857,0.0,-0.0042092027
22.0,0.8571428571428571,0.0,-0.0038581798
22.0,0.9285714285714285,0.0,-0.008470834
22.0,1.0,0.0,-0.01850444
22.0,0.0,0.07142857142857142,-0.00655426
22.0,0.07142857142857142,0.07142857142857142,0.018771764
22.0,0.14285714285714285,0.07142857142857142,0.040890425
22.0,0.21428571428571427,0.07142857142857142,0.059948556
22.0,0.2857142857142857,0.07142857142857142,0.07746913
22.0,0.3571428571428571,0.07142857142857142,0.09638774
22.0,0.42857142857142855,0.07142857142857142,0.11541083
22.0,0.5,0.07142857142857142,0.12319555
22.0,0.5714285714285714,0.07142857142857142,0.112947024
22.0,0.6428571428571428,0.07142857142857142,0.09462232
22.0,0.7142857142857142,0.07142857142857142,0.07751709
22.0,0.7857142857142857,0.07142857142857142,0.060528874
22.0,0.8571428571428571,0.07142857142857142,0.040816315
22.0,0.9285714285714285,0.07142857142857142,0.017759912
22.0,1.0,0.07142857142857142,-0.009107784
22.0,0.0,0.14285714285714285,-0.004372239
22.0,0.07142857142857142,0.14285714285714285,0.038733505
22.0,0.14285714285714285,0.14285714285714285,0.081214026
22.0,0.21428571428571427,0.14285714285714285,0.12251223
22.0,0.2857142857142857,0.14285714285714285,0.16278902
22.0,0.3571428571428571,0.14285714285714285,0.20327123
22.0,0.42857142857142855,0.14285714285714285,0.24014054
22.0,0.5,0.14285714285714285,0.2552038
22.0,0.5714285714285714,0.14285714285714285,0.23676549
22.0,0.6428571428571428,0.14285714285714285,0.20078212
22.0,0.7142857142857142,0.14285714285714285,0.16260722
22.0,0.7857142857142857,0.14285714285714285,0.12331837
22.0,0.8571428571428571,0.14285714285714285,0.08217407
22.0,0.9285714285714285,0.14285714285714285,0.039506927
22.0,1.0,0.14285714285714285,-0.005622835
22.0,0.0,0.21428571428571427,-0.005242589
22.0,0.07142857142857142,0.21428571428571427,0.056793846
22.0,0.14285714285714285,0.21428571428571427,0.12046986
22.0,0.21428571428571427,0.21428571428571427,0.18418045
22.0,0.2857142857142857,0.21428571428571427,0.24659447
22.0,0.3571428571428571,0.21428571428571427,0.30759177
22.0,0.42857142857142855,0.21428571428571427,0.36185572
22.0,0.5,0.21428571428571427,0.38460737
22.0,0.5714285714285714,0.21428571428571427,0.35825542
22.0,0.6428571428571428,0.21428571428571427,0.3049835
22.0,0.7142857142857142,0.21428571428571427,0.24579082
22.0,0.7857142857142857,0.21428571428571427,0.1842123
22.0,0.8571428571428571,0.21428571428571427,0.12170344
22.0,0.9285714285714285,0.21428571428571427,0.058796562
22.0,1.0,0.21428571428571427,-0.0059157023
22.0,0.0,0.2857142857142857,-0.0070029646
22.0,0.07142857142857142,0.2857142857142857,0.0752674
22.0,0.14285714285714285,0.2857142857142857,0.16049857
22.0,0.21428571428571427,0.2857142857142857,0.24564497
22.0,0.2857142857142857,0.2857142857142857,0.32812336
22.0,0.3571428571428571,0.2857142857142857,0.40746415
22.0,0.42857142857142855,0.2857142857142857,0.4781578
22.0,0.5,0.2857142857142857,0.50920874
22.0,0.5714285714285714,0.2857142857142857,0.47592497
22.0,0.6428571428571428,0.2857142857142857,0.40636903
22.0,0.7142857142857142,0.2857142857142857,0.32699054
22.0,0.7857142857142857,0.2857142857142857,0.24436514
22.0,0.8571428571428571,0.2857142857142857,0.16134788
22.0,0.9285714285714285,0.2857142857142857,0.07780244
22.0,1.0,0.2857142857142857,-0.0073570246
22.0,0.0,0.3571428571428571,-0.00819827
22.0,0.07142857142857142,0.3571428571428571,0.09540784
22.0,0.14285714285714285,0.3571428571428571,0.20203234
22.0,0.21428571428571427,0.3571428571428571,0.3069763
22.0,0.2857142857142857,0.3571428571428571,0.4071175
22.0,0.3571428571428571,0.3571428571428571,0.5029746
22.0,0.42857142857142855,0.3571428571428571,0.5897885
22.0,0.5,0.3571428571428571,0.63019663
22.0,0.5714285714285714,0.3571428571428571,0.5905956
22.0,0.6428571428571428,0.3571428571428571,0.5048215
22.0,0.7142857142857142,0.3571428571428571,0.4060209
22.0,0.7857142857142857,0.3571428571428571,0.3040988
22.0,0.8571428571428571,0.3571428571428571,0.20166832
22.0,0.9285714285714285,0.3571428571428571,0.097653456
22.0,1.0,0.3571428571428571,-0.007432581
22.0,0.0,0.42857142857142855,-0.009357017
22.0,0.07142857142857142,0.42857142857142855,0.11382636
22.0,0.14285714285714285,0.42857142857142855,0.23950236
22.0,0.21428571428571427,0.42857142857142855,0.36142442
22.0,0.2857142857142857,0.42857142857142855,0.47659674
22.0,0.3571428571428571,0.42857142857142855,0.5871653
22.0,0.42857142857142855,0.42857142857142855,0.68929815
22.0,0.5,0.42857142857142855,0.7394739
22.0,0.5714285714285714,0.42857142857142855,0.69359076
22.0,0.6428571428571428,0.42857142857142855,0.5917189
22.0,0.7142857142857142,0.42857142857142855,0.47571024
22.0,0.7857142857142857,0.42857142857142855,0.35764018
22.0,0.8571428571428571,0.42857142857142855,0.23836921
22.0,0.9285714285714285,0.42857142857142855,0.11648359
22.0,1.0,0.42857142857142855,-0.0050158734
22.0,0.0,0.5,-0.010224887
22.0,0.07142857142857142,0.5,0.12124243
22.0,0.14285714285714285,0.5,0.255226
22.0,0.21428571428571427,0.5,0.38493806
22.0,0.2857142857142857,0.5,0.507566
22.0,0.3571428571428571,0.5,0.62557596
22.0,0.42857142857142855,0.5,0.73490137
22.0,0.5,0.5,0.78967524
22.0,0.5714285714285714,0.5,0.739957
22.0,0.6428571428571428,0.5,0.6300004
22.0,0.7142857142857142,0.5,0.50731784
22.0,0.7857142857142857,0.5,0.3831391
22.0,0.8571428571428571,0.5,0.25632772
22.0,0.9285714285714285,0.5,0.12597676
22.0,1.0,0.5,-0.0026537562
22.0,0.0,0.5714285714285714,-0.0076076994
22.0,0.07142857142857142,0.5714285714285714,0.11466647
22.0,0.14285714285714285,0.5714285714285714,0.23882739
22.0,0.21428571428571427,0.5714285714285714,0.359994
22.0,0.2857142857142857,0.5714285714285714,0.47650167
22.0,0.3571428571428571,0.5714285714285714,0.58957136
22.0,0.42857142857142855,0.5714285714285714,0.69188714
22.0,0.5,0.5714285714285714,0.7399702
22.0,0.5714285714285714,0.5714285714285714,0.69128686
22.0,0.6428571428571428,0.5714285714285714,0.58864
22.0,0.7142857142857142,0.5714285714285714,0.47531888
22.0,0.7857142857142857,0.5714285714285714,0.35968688
22.0,0.8571428571428571,0.5714285714285714,0.2402365
22.0,0.9285714285714285,0.5714285714285714,0.116971456
22.0,1.0,0.5714285714285714,-0.004331463
22.0,0.0,0.6428571428571428,-0.0057823965
22.0,0.07142857142857142,0.6428571428571428,0.09753933
22.0,0.14285714285714285,0.6428571428571428,0.20156409
22.0,0.21428571428571427,0.6428571428571428,0.3043343
22.0,0.2857142857142857,0.6428571428571428,0.40583327
22.0,0.3571428571428571,0.6428571428571428,0.50583017
22.0,0.42857142857142855,0.6428571428571428,0.59372675
22.0,0.5,0.6428571428571428,0.6318245
22.0,0.5714285714285714,0.6428571428571428,0.59035116
22.0,0.6428571428571428,0.6428571428571428,0.50420177
22.0,0.7142857142857142,0.6428571428571428,0.4073832
22.0,0.7857142857142857,0.6428571428571428,0.30713624
22.0,0.8571428571428571,0.6428571428571428,0.20360585
22.0,0.9285714285714285,0.6428571428571428,0.097704686
22.0,1.0,0.6428571428571428,-0.006179408
22.0,0.0,0.7142857142857142,-0.005173386
22.0,0.07142857142857142,0.7142857142857142,0.07760921
22.0,0.14285714285714285,0.7142857142857142,0.15991907
22.0,0.21428571428571427,0.7142857142857142,0.24180655
22.0,0.2857142857142857,0.7142857142857142,0.32424632
22.0,0.3571428571428571,0.7142857142857142,0.40638664
22.0,0.42857142857142855,0.7142857142857142,0.4773624
22.0,0.5,0.7142857142857142,0.507454
22.0,0.5714285714285714,0.7142857142857142,0.47611865
22.0,0.6428571428571428,0.7142857142857142,0.40762377
22.0,0.7142857142857142,0.7142857142857142,0.32830927
22.0,0.7857142857142857,0.7142857142857142,0.24613698
22.0,0.8571428571428571,0.7142857142857142,0.16245522
22.0,0.9285714285714285,0.7142857142857142,0.07783309
22.0,1.0,0.7142857142857142,-0.0055454755
22.0,0.0,0.7857142857142857,-0.0043285647
22.0,0.07142857142857142,0.7857142857142857,0.058913566
22.0,0.14285714285714285,0.7857142857142857,0.120338
22.0,0.21428571428571427,0.7857142857142857,0.18108885
22.0,0.2857142857142857,0.7857142857142857,0.2428327
22.0,0.3571428571428571,0.7857142857142857,0.30502373
22.0,0.42857142857142855,0.7857142857142857,0.35853186
22.0,0.5,0.7857142857142857,0.3815286
22.0,0.5714285714285714,0.7857142857142857,0.35931498
22.0,0.6428571428571428,0.7857142857142857,0.30715892
22.0,0.7142857142857142,0.7857142857142857,0.2457288
22.0,0.7857142857142857,0.7857142857142857,0.1833498
22.0,0.8571428571428571,0.7857142857142857,0.12117859
22.0,0.9285714285714285,0.7857142857142857,0.058390573
22.0,1.0,0.7857142857142857,-0.0049461545
22.0,0.0,0.8571428571428571,-0.003513419
22.0,0.07142857142857142,0.8571428571428571,0.04118895
22.0,0.14285714285714285,0.8571428571428571,0.082355775
22.0,0.21428571428571427,0.8571428571428571,0.12176768
22.0,0.2857142857142857,0.8571428571428571,0.16176604
22.0,0.3571428571428571,0.8571428571428571,0.20264411
22.0,0.42857142857142855,0.8571428571428571,0.23801607
22.0,0.5,0.8571428571428571,0.2534742
22.0,0.5714285714285714,0.8571428571428571,0.23910658
22.0,0.6428571428571428,0.8571428571428571,0.2035364
22.0,0.7142857142857142,0.8571428571428571,0.1616382
22.0,0.7857142857142857,0.8571428571428571,0.12046749
22.0,0.8571428571428571,0.8571428571428571,0.08018644
22.0,0.9285714285714285,0.8571428571428571,0.038524084
22.0,1.0,0.8571428571428571,-0.0060255947
22.0,0.0,0.9285714285714285,-0.004910351
22.0,0.07142857142857142,0.9285714285714285,0.02161358
22.0,0.14285714285714285,0.9285714285714285,0.042674996
22.0,0.21428571428571427,0.9285714285714285,0.060618013
22.0,0.2857142857142857,0.9285714285714285,0.07849803
22.0,0.3571428571428571,0.9285714285714285,0.09776803
22.0,0.42857142857142855,0.9285714285714285,0.115311675
22.0,0.5,0.9285714285714285,0.12339892
22.0,0.5714285714285714,0.9285714285714285,0.11638806
22.0,0.6428571428571428,0.9285714285714285,0.09813046
22.0,0.7142857142857142,0.9285714285714285,0.077107124
22.0,0.7857142857142857,0.9285714285714285,0.0575929
22.0,0.8571428571428571,0.9285714285714285,0.038550805
22.0,0.9285714285714285,0.9285714285714285,0.016749673
22.0,1.0,0.9285714285714285,-0.010267233
22.0,0.0,1.0,-0.012231362
22.0,0.07142857142857142,1.0,-0.00398991
22.0,0.14285714285714285,1.0,-0.002785365
22.0,0.21428571428571427,1.0,-0.005578014
22.0,0.2857142857142857,1.0,-0.008526062
22.0,0.3571428571428571,1.0,-0.008828116
22.0,0.42857142857142855,1.0,-0.0064499127
22.0,0.5,1.0,-0.003973433
22.0,0.5714285714285714,1.0,-0.0038439268
22.0,0.6428571428571428,1.0,-0.0054187337
22.0,0.7142857142857142,1.0,-0.0060960883
22.0,0.7857142857142857,1.0,-0.0050392384
22.0,0.8571428571428571,1.0,-0.004486111
22.0,0.9285714285714285,1.0,-0.008161155
22.0,1.0,1.0,-0.01899365
23.0,0.0,0.0,-0.013900113
23.0,0.07142857142857142,0.0,-0.0052415775
23.0,0.14285714285714285,0.0,-0.0020726724
23.0,0.21428571428571427,0.0,-0.0036687655
23.0,0.2857142857142857,0.0,-0.0073247915
23.0,0.3571428571428571,0.0,-0.008552163
23.0,0.42857142857142855,0.0,-0.0059155086
23.0,0.5,0.0,-0.004492988
23.0,0.5714285714285714,0.0,-0.0073097805
23.0,0.6428571428571428,0.0,-0.009533522
23.0,0.7142857142857142,0.0,-0.007482999
23.0,0.7857142857142857,0.0,-0.004102812
23.0,0.8571428571428571,0.0,-0.003754289
23.0,0.9285714285714285,0.0,-0.008350887
23.0,1.0,0.0,-0.018383645
23.0,0.0,0.07142857142857142,-0.0065531777
23.0,0.07142857142857142,0.07142857142857142,0.01873745
23.0,0.14285714285714285,0.07142857142857142,0.04084284
23.0,0.21428571428571427,0.07142857142857142,0.059927903
23.0,0.2857142857142857,0.07142857142857142,0.07750897
23.0,0.3571428571428571,0.07142857142857142,0.09642092
23.0,0.42857142857142855,0.07142857142857142,0.11525536
23.0,0.5,0.07142857142857142,0.122906975
23.0,0.5714285714285714,0.07142857142857142,0.112825744
23.0,0.6428571428571428,0.07142857142857142,0.09465585
23.0,0.7142857142857142,0.07142857142857142,0.0775444
23.0,0.7857142857142857,0.07142857142857142,0.06054274
23.0,0.8571428571428571,0.07142857142857142,0.04084924
23.0,0.9285714285714285,0.07142857142857142,0.01781293
23.0,1.0,0.07142857142857142,-0.009055101
23.0,0.0,0.14285714285714285,-0.004394877
23.0,0.07142857142857142,0.14285714285714285,0.03867899
23.0,0.14285714285714285,0.14285714285714285,0.08115059
23.0,0.21428571428571427,0.14285714285714285,0.12248
23.0,0.2857142857142857,0.14285714285714285,0.16280496
23.0,0.3571428571428571,0.14285714285714285,0.20320554
23.0,0.42857142857142855,0.14285714285714285,0.23967515
23.0,0.5,0.14285714285714285,0.2544354
23.0,0.5714285714285714,0.14285714285714285,0.23629454
23.0,0.6428571428571428,0.14285714285714285,0.20065843
23.0,0.7142857142857142,0.14285714285714285,0.16258071
23.0,0.7857142857142857,0.14285714285714285,0.12332521
23.0,0.8571428571428571,0.14285714285714285,0.08220925
23.0,0.9285714285714285,0.14285714285714285,0.039559737
23.0,1.0,0.14285714285714285,-0.005571359
23.0,0.0,0.21428571428571427,-0.0052233655
23.0,0.07142857142857142,0.21428571428571427,0.056765914
23.0,0.14285714285714285,0.21428571428571427,0.12041441
23.0,0.21428571428571427,0.21428571428571427,0.18413909
23.0,0.2857142857142857,0.21428571428571427,0.24658646
23.0,0.3571428571428571,0.21428571428571427,0.30745015
23.0,0.42857142857142855,0.21428571428571427,0.36112678
23.0,0.5,0.21428571428571427,0.38341698
23.0,0.5714285714285714,0.21428571428571427,0.35755318
23.0,0.6428571428571428,0.21428571428571427,0.30484167
23.0,0.7142857142857142,0.21428571428571427,0.24581815
23.0,0.7857142857142857,0.21428571428571427,0.18427105
23.0,0.8571428571428571,0.21428571428571427,0.12177428
23.0,0.9285714285714285,0.21428571428571427,0.05888448
23.0,1.0,0.21428571428571427,-0.005817824
23.0,0.0,0.2857142857142857,-0.0068644797
23.0,0.07142857142857142,0.2857142857142857,0.075311564
23.0,0.14285714285714285,0.2857142857142857,0.16045454
23.0,0.21428571428571427,0.2857142857142857,0.24556263
23.0,0.2857142857142857,0.2857142857142857,0.32804832
23.0,0.3571428571428571,0.2857142857142857,0.40723115
23.0,0.42857142857142855,0.2857142857142857,0.47718537
23.0,0.5,0.2857142857142857,0.50762796
23.0,0.5714285714285714,0.2857142857142857,0.47505385
23.0,0.6428571428571428,0.2857142857142857,0.40626022
23.0,0.7142857142857142,0.2857142857142857,0.32706693
23.0,0.7857142857142857,0.2857142857142857,0.24441947
23.0,0.8571428571428571,0.2857142857142857,0.16139749
23.0,0.9285714285714285,0.2857142857142857,0.07790466
23.0,1.0,0.2857142857142857,-0.0071970085
23.0,0.0,0.3571428571428571,-0.00794571
23.0,0.07142857142857142,0.3571428571428571,0.09547096
23.0,0.14285714285714285,0.3571428571428571,0.20188692
23.0,0.21428571428571427,0.3571428571428571,0.30668128
23.0,0.2857142857142857,0.3571428571428571,0.40676406
23.0,0.3571428571428571,0.3571428571428571,0.50241405
23.0,0.42857142857142855,0.3571428571428571,0.58831125
23.0,0.5,0.3571428571428571,0.62790525
23.0,0.5714285714285714,0.3571428571428571,0.5892174
23.0,0.6428571428571428,0.3571428571428571,0.5044259
23.0,0.7142857142857142,0.3571428571428571,0.40584478
23.0,0.7857142857142857,0.3571428571428571,0.30389082
23.0,0.8571428571428571,0.3571428571428571,0.2015285
23.0,0.9285714285714285,0.3571428571428571,0.09769007
23.0,1.0,0.3571428571428571,-0.0072276453
23.0,0.0,0.42857142857142855,-0.009178885
23.0,0.07142857142857142,0.42857142857142855,0.11367616
23.0,0.14285714285714285,0.42857142857142855,0.23896232
23.0,0.21428571428571427,0.42857142857142855,0.3605481
23.0,0.2857142857142857,0.42857142857142855,0.47549886
23.0,0.3571428571428571,0.42857142857142855,0.5856817
23.0,0.42857142857142855,0.42857142857142855,0.68658006
23.0,0.5,0.42857142857142855,0.73558414
23.0,0.5714285714285714,0.42857142857142855,0.6907713
23.0,0.6428571428571428,0.42857142857142855,0.5902377
23.0,0.7142857142857142,0.42857142857142855,0.474687
23.0,0.7857142857142857,0.42857142857142855,0.35679242
23.0,0.8571428571428571,0.42857142857142855,0.23783623
23.0,0.9285714285714285,0.42857142857142855,0.116359435
23.0,1.0,0.42857142857142855,-0.0048055733
23.0,0.0,0.5,-0.010142186
23.0,0.07142857142857142,0.5,0.12093387
23.0,0.14285714285714285,0.5,0.25443348
23.0,0.21428571428571427,0.5,0.3836883
23.0,0.2857142857142857,0.5,0.5059449
23.0,0.3571428571428571,0.5,0.62337375
23.0,0.42857142857142855,0.5,0.7312038
23.0,0.5,0.5,0.7845196
23.0,0.5714285714285714,0.5,0.73595226
23.0,0.6428571428571428,0.5,0.62766194
23.0,0.7142857142857142,0.5,0.50568706
23.0,0.7857142857142857,0.5,0.38186568
23.0,0.8571428571428571,0.5,0.25553638
23.0,0.9285714285714285,0.5,0.12574077
23.0,1.0,0.5,-0.0024497295
23.0,0.0,0.5714285714285714,-0.0073698172
23.0,0.07142857142857142,0.5714285714285714,0.11461877
23.0,0.14285714285714285,0.5714285714285714,0.23845907
23.0,0.21428571428571427,0.5714285714285714,0.35935786
23.0,0.2857142857142857,0.5714285714285714,0.47566742
23.0,0.3571428571428571,0.5714285714285714,0.58831006
23.0,0.42857142857142855,0.5714285714285714,0.6893814
23.0,0.5,0.5714285714285714,0.73625994
23.0,0.5714285714285714,0.5714285714285714,0.6886178
23.0,0.6428571428571428,0.5714285714285714,0.5873995
23.0,0.7142857142857142,0.5714285714285714,0.47454435
23.0,0.7857142857142857,0.5714285714285714,0.3589985
23.0,0.8571428571428571,0.5714285714285714,0.23976962
23.0,0.9285714285714285,0.5714285714285714,0.116874926
23.0,1.0,0.5714285714285714,-0.004091204
23.0,0.0,0.6428571428571428,-0.0054800743
23.0,0.07142857142857142,0.6428571428571428,0.09764396
23.0,0.14285714285714285,0.6428571428571428,0.20150651
23.0,0.21428571428571427,0.6428571428571428,0.30420312
23.0,0.2857142857142857,0.6428571428571428,0.40567645
23.0,0.3571428571428571,0.6428571428571428,0.5054011
23.0,0.42857142857142855,0.6428571428571428,0.59235835
23.0,0.5,0.6428571428571428,0.6296091
23.0,0.5714285714285714,0.6428571428571428,0.5889352
23.0,0.6428571428571428,0.6428571428571428,0.5038421
23.0,0.7142857142857142,0.6428571428571428,0.40731052
23.0,0.7857142857142857,0.6428571428571428,0.3069981
23.0,0.8571428571428571,0.6428571428571428,0.20347859
23.0,0.9285714285714285,0.6428571428571428,0.09773802
23.0,1.0,0.6428571428571428,-0.0059581185
23.0,0.0,0.7142857142857142,-0.004931138
23.0,0.07142857142857142,0.7142857142857142,0.07768714
23.0,0.14285714285714285,0.7142857142857142,0.15990013
23.0,0.21428571428571427,0.7142857142857142,0.2417859
23.0,0.2857142857142857,0.7142857142857142,0.3242507
23.0,0.3571428571428571,0.7142857142857142,0.40618008
23.0,0.42857142857142855,0.7142857142857142,0.47642198
23.0,0.5,0.7142857142857142,0.50588644
23.0,0.5714285714285714,0.7142857142857142,0.47509602
23.0,0.6428571428571428,0.7142857142857142,0.40738785
23.0,0.7142857142857142,0.7142857142857142,0.32832047
23.0,0.7857142857142857,0.7142857142857142,0.24609996
23.0,0.8571428571428571,0.7142857142857142,0.1623948
23.0,0.9285714285714285,0.7142857142857142,0.077862
23.0,1.0,0.7142857142857142,-0.005390235
23.0,0.0,0.7857142857142857,-0.0041617015
23.0,0.07142857142857142,0.7857142857142857,0.058926597
23.0,0.14285714285714285,0.7857142857142857,0.120273046
23.0,0.21428571428571427,0.7857142857142857,0.18103856
23.0,0.2857142857142857,0.7857142857142857,0.24282332
23.0,0.3571428571428571,0.7857142857142857,0.3048631
23.0,0.42857142857142855,0.7857142857142857,0.35783833
23.0,0.5,0.7857142857142857,0.38038898
23.0,0.5714285714285714,0.7857142857142857,0.35851866
23.0,0.6428571428571428,0.7857142857142857,0.30692035
23.0,0.7142857142857142,0.7857142857142857,0.24568288
23.0,0.7857142857142857,0.7857142857142857,0.1832705
23.0,0.8571428571428571,0.7857142857142857,0.12108252
23.0,0.9285714285714285,0.7857142857142857,0.05837299
23.0,1.0,0.7857142857142857,-0.0048452998
23.0,0.0,0.8571428571428571,-0.0033947015
23.0,0.07142857142857142,0.8571428571428571,0.041156113
23.0,0.14285714285714285,0.8571428571428571,0.0822497
23.0,0.21428571428571427,0.8571428571428571,0.12168472
23.0,0.2857142857142857,0.8571428571428571,0.16174482
23.0,0.3571428571428571,0.8571428571428571,0.20255299
23.0,0.42857142857142855,0.8571428571428571,0.23760118
23.0,0.5,0.8571428571428571,0.25278372
23.0,0.5714285714285714,0.8571428571428571,0.238613
23.0,0.6428571428571428,0.8571428571428571,0.20339043
23.0,0.7142857142857142,0.8571428571428571,0.16159682
23.0,0.7857142857142857,0.8571428571428571,0.1203688
23.0,0.8571428571428571,0.8571428571428571,0.08005706
23.0,0.9285714285714285,0.8571428571428571,0.03846141
23.0,1.0,0.8571428571428571,-0.005970747
23.0,0.0,0.9285714285714285,-0.0048139775
23.0,0.07142857142857142,0.9285714285714285,0.02156344
23.0,0.14285714285714285,0.9285714285714285,0.042563885
23.0,0.21428571428571427,0.9285714285714285,0.060547814
23.0,0.2857142857142857,0.9285714285714285,0.07852059
23.0,0.3571428571428571,0.9285714285714285,0.09780424
23.0,0.42857142857142855,0.9285714285714285,0.11520446
23.0,0.5,0.9285714285714285,0.12315769
23.0,0.5714285714285714,0.9285714285714285,0.11624842
23.0,0.6428571428571428,0.9285714285714285,0.09816342
23.0,0.7142857142857142,0.9285714285714285,0.07714743
23.0,0.7857142857142857,0.9285714285714285,0.05753035
23.0,0.8571428571428571,0.9285714285714285,0.038423177
23.0,0.9285714285714285,0.9285714285714285,0.01665986
23.0,1.0,0.9285714285714285,-0.010252037
23.0,0.0,1.0,-0.012140353
23.0,0.07142857142857142,1.0,-0.0040238937
23.0,0.14285714285714285,1.0,-0.0028509144
23.0,0.21428571428571427,1.0,-0.0055740615
23.0,0.2857142857142857,1.0,-0.008403265
23.0,0.3571428571428571,1.0,-0.008631793
23.0,0.42857142857142855,1.0,-0.006275122
23.0,0.5,1.0,-0.003836208
23.0,0.5714285714285714,1.0,-0.0036587948
23.0,0.6428571428571428,1.0,-0.0051832283
23.0,0.7142857142857142,1.0,-0.0059338
23.0,0.7857142857142857,1.0,-0.005025455
23.0,0.8571428571428571,1.0,-0.004576397
23.0,0.9285714285714285,1.0,-0.008251325
23.0,1.0,1.0,-0.019003447
24.0,0.0,0.0,-0.013841636
24.0,0.07142857142857142,0.0,-0.005233488
24.0,0.14285714285714285,0.0,-0.0020933142
24.0,0.21428571428571427,0.0,-0.0036730105
24.0,0.2857142857142857,0.0,-0.007255855
24.0,0.3571428571428571,0.0,-0.008409272
24.0,0.42857142857142855,0.0,-0.005771759
24.0,0.5,0.0,-0.0043347673
24.0,0.5714285714285714,0.0,-0.0070569487
24.0,0.6428571428571428,0.0,-0.009262023
24.0,0.7142857142857142,0.0,-0.007302896
24.0,0.7857142857142857,0.0,-0.0039904797
24.0,0.8571428571428571,0.0,-0.0036455924
24.0,0.9285714285714285,0.0,-0.008221456
24.0,1.0,0.0,-0.01824671
24.0,0.0,0.07142857142857142,-0.0065417374
24.0,0.07142857142857142,0.07142857142857142,0.018709973
24.0,0.14285714285714285,0.07142857142857142,0.04079894
24.0,0.21428571428571427,0.07142857142857142,0.05990898
24.0,0.2857142857142857,0.07142857142857142,0.07754968
24.0,0.3571428571428571,0.07142857142857142,0.09645592
24.0,0.42857142857142855,0.07142857142857142,0.11510668
24.0,0.5,0.07142857142857142,0.1226294
24.0,0.5714285714285714,0.07142857142857142,0.112710156
24.0,0.6428571428571428,0.07142857142857142,0.09469137
24.0,0.7142857142857142,0.07142857142857142,0.077573456
24.0,0.7857142857142857,0.07142857142857142,0.06055761
24.0,0.8571428571428571,0.07142857142857142,0.04088685
24.0,0.9285714285714285,0.07142857142857142,0.017876
24.0,1.0,0.07142857142857142,-0.008983546
24.0,0.0,0.14285714285714285,-0.0044053746
24.0,0.07142857142857142,0.14285714285714285,0.038630873
24.0,0.14285714285714285,0.14285714285714285,0.081088096
24.0,0.21428571428571427,0.14285714285714285,0.12244361
24.0,0.2857142857142857,0.14285714285714285,0.1628123
24.0,0.3571428571428571,0.14285714285714285,0.20312747
24.0,0.42857142857142855,0.14285714285714285,0.23920493
24.0,0.5,0.14285714285714285,0.25367212
24.0,0.5714285714285714,0.14285714285714285,0.23582342
24.0,0.6428571428571428,0.14285714285714285,0.20053215
24.0,0.7142857142857142,0.14285714285714285,0.16255234
24.0,0.7857142857142857,0.14285714285714285,0.12332966
24.0,0.8571428571428571,0.14285714285714285,0.082246244
24.0,0.9285714285714285,0.14285714285714285,0.0396213
24.0,1.0,0.14285714285714285,-0.0055000344
24.0,0.0,0.21428571428571427,-0.0051899273
24.0,0.07142857142857142,0.21428571428571427,0.05674369
24.0,0.14285714285714285,0.21428571428571427,0.12035661
24.0,0.21428571428571427,0.21428571428571427,0.1840891
24.0,0.2857142857142857,0.21428571428571427,0.24656315
24.0,0.3571428571428571,0.21428571428571427,0.30728897
24.0,0.42857142857142855,0.21428571428571427,0.3603888
24.0,0.5,0.21428571428571427,0.38223612
24.0,0.5714285714285714,0.21428571428571427,0.35685033
24.0,0.6428571428571428,0.21428571428571427,0.30469394
24.0,0.7142857142857142,0.21428571428571427,0.24584045
24.0,0.7857142857142857,0.21428571428571427,0.18432395
24.0,0.8571428571428571,0.21428571428571427,0.12184168
24.0,0.9285714285714285,0.21428571428571427,0.05897805
24.0,1.0,0.21428571428571427,-0.0057007754
24.0,0.0,0.2857142857142857,-0.0067108804
24.0,0.07142857142857142,0.2857142857142857,0.07535873
24.0,0.14285714285714285,0.2857142857142857,0.16040456
24.0,0.21428571428571427,0.2857142857142857,0.24546741
24.0,0.2857142857142857,0.2857142857142857,0.32795593
24.0,0.3571428571428571,0.2857142857142857,0.40697622
24.0,0.42857142857142855,0.2857142857142857,0.47620565
24.0,0.5,0.2857142857142857,0.5060631
24.0,0.5714285714285714,0.2857142857142857,0.4741782
24.0,0.6428571428571428,0.2857142857142857,0.40613773
24.0,0.7142857142857142,0.2857142857142857,0.3271323
24.0,0.7857142857142857,0.2857142857142857,0.2444611
24.0,0.8571428571428571,0.2857142857142857,0.16143681
24.0,0.9285714285714285,0.2857142857142857,0.07800763
24.0,1.0,0.2857142857142857,-0.0070190886
24.0,0.0,0.3571428571428571,-0.0076771798
24.0,0.07142857142857142,0.3571428571428571,0.09553408
24.0,0.14285714285714285,0.3571428571428571,0.20173153
24.0,0.21428571428571427,0.3571428571428571,0.3063735
24.0,0.2857142857142857,0.3571428571428571,0.4063977
24.0,0.3571428571428571,0.3571428571428571,0.5018385
24.0,0.42857142857142855,0.3571428571428571,0.58683324
24.0,0.5,0.3571428571428571,0.6256386
24.0,0.5714285714285714,0.3571428571428571,0.58782905
24.0,0.6428571428571428,0.3571428571428571,0.50400674
24.0,0.7142857142857142,0.3571428571428571,0.4056513
24.0,0.7857142857142857,0.3571428571428571,0.30366454
24.0,0.8571428571428571,0.3571428571428571,0.20137246
24.0,0.9285714285714285,0.3571428571428571,0.097725175
24.0,1.0,0.3571428571428571,-0.007004493
24.0,0.0,0.42857142857142855,-0.008976349
24.0,0.07142857142857142,0.42857142857142855,0.11353203
24.0,0.14285714285714285,0.42857142857142855,0.23841918
24.0,0.21428571428571427,0.42857142857142855,0.3596729
24.0,0.2857142857142857,0.42857142857142855,0.47441018
24.0,0.3571428571428571,0.42857142857142855,0.5842099
24.0,0.42857142857142855,0.42857142857142855,0.6838936
24.0,0.5,0.42857142857142855,0.731757
24.0,0.5714285714285714,0.42857142857142855,0.6879675
24.0,0.6428571428571428,0.42857142857142855,0.58874965
24.0,0.7142857142857142,0.42857142857142855,0.47366288
24.0,0.7857142857142857,0.42857142857142855,0.35593894
24.0,0.8571428571428571,0.42857142857142855,0.23729447
24.0,0.9285714285714285,0.42857142857142855,0.116237424
24.0,1.0,0.42857142857142855,-0.004573726
24.0,0.0,0.5,-0.010025882
24.0,0.07142857142857142,0.5,0.120640986
24.0,0.14285714285714285,0.5,0.25365058
24.0,0.21428571428571427,0.5,0.38245603
24.0,0.2857142857142857,0.5,0.5043564
24.0,0.3571428571428571,0.5,0.6212142
24.0,0.42857142857142855,0.5,0.72757816
24.0,0.5,0.5,0.7794811
24.0,0.5714285714285714,0.5,0.73201627
24.0,0.6428571428571428,0.5,0.62535846
24.0,0.7142857142857142,0.5,0.50409
24.0,0.7857142857142857,0.5,0.3806106
24.0,0.8571428571428571,0.5,0.25474843
24.0,0.9285714285714285,0.5,0.1255125
24.0,1.0,0.5,-0.0022212649
24.0,0.0,0.5714285714285714,-0.007109561
24.0,0.07142857142857142,0.5714285714285714,0.11457663
24.0,0.14285714285714285,0.5714285714285714,0.23808727
24.0,0.21428571428571427,0.5714285714285714,0.35871938
24.0,0.2857142857142857,0.5714285714285714,0.4748343
24.0,0.3571428571428571,0.5714285714285714,0.58704907
24.0,0.42857142857142855,0.5714285714285714,0.68689066
24.0,0.5,0.5714285714285714,0.73260254
24.0,0.5714285714285714,0.5714285714285714,0.68596363
24.0,0.6428571428571428,0.5714285714285714,0.58615017
24.0,0.7142857142857142,0.5714285714285714,0.4737721
24.0,0.7857142857142857,0.5714285714285714,0.35831228
24.0,0.8571428571428571,0.5714285714285714,0.2392991
24.0,0.9285714285714285,0.5714285714285714,0.11678185
24.0,1.0,0.5714285714285714,-0.003828966
24.0,0.0,0.6428571428571428,-0.0051647807
24.0,0.07142857142857142,0.6428571428571428,0.097749606
24.0,0.14285714285714285,0.6428571428571428,0.20144291
24.0,0.21428571428571427,0.6428571428571428,0.30406365
24.0,0.2857142857142857,0.6428571428571428,0.40550715
24.0,0.3571428571428571,0.6428571428571428,0.5049499
24.0,0.42857142857142855,0.6428571428571428,0.5909771
24.0,0.5,0.6428571428571428,0.6274112
24.0,0.5714285714285714,0.6428571428571428,0.5875131
24.0,0.6428571428571428,0.6428571428571428,0.5034551
24.0,0.7142857142857142,0.6428571428571428,0.4072182
24.0,0.7857142857142857,0.6428571428571428,0.30684698
24.0,0.8571428571428571,0.6428571428571428,0.20334028
24.0,0.9285714285714285,0.6428571428571428,0.0977713
24.0,1.0,0.6428571428571428,-0.0057174424
24.0,0.0,0.7142857142857142,-0.0046779225
24.0,0.07142857142857142,0.7142857142857142,0.07776817
24.0,0.14285714285714285,0.7142857142857142,0.15988016
24.0,0.21428571428571427,0.7142857142857142,0.24176092
24.0,0.2857142857142857,0.7142857142857142,0.32424483
24.0,0.3571428571428571,0.7142857142857142,0.4059542
24.0,0.42857142857142855,0.7142857142857142,0.47547114
24.0,0.5,0.7142857142857142,0.5043335
24.0,0.5714285714285714,0.7142857142857142,0.47407398
24.0,0.6428571428571428,0.7142857142857142,0.40713444
24.0,0.7142857142857142,0.7142857142857142,0.3283163
24.0,0.7857142857142857,0.7142857142857142,0.24605231
24.0,0.8571428571428571,0.7142857142857142,0.16232719
24.0,0.9285714285714285,0.7142857142857142,0.077893324
24.0,1.0,0.7142857142857142,-0.0052161003
24.0,0.0,0.7857142857142857,-0.0039845565
24.0,0.07142857142857142,0.7857142857142857,0.05894512
24.0,0.14285714285714285,0.7857142857142857,0.120211236
24.0,0.21428571428571427,0.7857142857142857,0.18098874
24.0,0.2857142857142857,0.7857142857142857,0.24280824
24.0,0.3571428571428571,0.7857142857142857,0.30468926
24.0,0.42857142857142855,0.7857142857142857,0.3571381
24.0,0.5,0.7857142857142857,0.37925997
24.0,0.5714285714285714,0.7857142857142857,0.35772356
24.0,0.6428571428571428,0.7857142857142857,0.30667028
24.0,0.7142857142857142,0.7857142857142857,0.2456282
24.0,0.7857142857142857,0.7857142857142857,0.18318735
24.0,0.8571428571428571,0.7857142857142857,0.120985724
24.0,0.9285714285714285,0.7857142857142857,0.058361143
24.0,1.0,0.7857142857142857,-0.00472688
24.0,0.0,0.8571428571428571,-0.003267982
24.0,0.07142857142857142,0.8571428571428571,0.041128743
24.0,0.14285714285714285,0.8571428571428571,0.0821488
24.0,0.21428571428571427,0.8571428571428571,0.121605076
24.0,0.2857142857142857,0.8571428571428571,0.16172318
24.0,0.3571428571428571,0.8571428571428571,0.20245618
24.0,0.42857142857142855,0.8571428571428571,0.23718375
24.0,0.5,0.8571428571428571,0.25210056
24.0,0.5714285714285714,0.8571428571428571,0.23812126
24.0,0.6428571428571428,0.8571428571428571,0.2032384
24.0,0.7142857142857142,0.8571428571428571,0.16155273
24.0,0.7857142857142857,0.8571428571428571,0.12027275
24.0,0.8571428571428571,0.8571428571428571,0.07993276
24.0,0.9285714285714285,0.8571428571428571,0.038406156
24.0,1.0,0.8571428571428571,-0.005901155
24.0,0.0,0.9285714285714285,-0.0047136554
24.0,0.07142857142857142,0.9285714285714285,0.02151759
24.0,0.14285714285714285,0.9285714285714285,0.04245855
24.0,0.21428571428571427,0.9285714285714285,0.060484968
24.0,0.2857142857142857,0.9285714285714285,0.07854812
24.0,0.3571428571428571,0.9285714285714285,0.09784328
24.0,0.42857142857142855,0.9285714285714285,0.11510194
24.0,0.5,0.9285714285714285,0.12292681
24.0,0.5714285714285714,0.9285714285714285,0.11611482
24.0,0.6428571428571428,0.9285714285714285,0.09819736
24.0,0.7142857142857142,0.9285714285714285,0.077192575
24.0,0.7857142857142857,0.9285714285714285,0.057475872
24.0,0.8571428571428571,0.9285714285714285,0.038304273
24.0,0.9285714285714285,0.9285714285714285,0.016578935
24.0,1.0,0.9285714285714285,-0.0102252
24.0,0.0,1.0,-0.01204892
24.0,0.07142857142857142,1.0,-0.0040549925
24.0,0.14285714285714285,1.0,-0.0029084105
24.0,0.21428571428571427,1.0,-0.0055591883
24.0,0.2857142857142857,1.0,-0.00826892
24.0,0.3571428571428571,1.0,-0.008423463
24.0,0.42857142857142855,1.0,-0.0060852403
24.0,0.5,1.0,-0.0036809305
24.0,0.5714285714285714,1.0,-0.003457808
24.0,0.6428571428571428,1.0,-0.0049359286
24.0,0.7142857142857142,1.0,-0.0057583386
24.0,0.7857142857142857,1.0,-0.0049968706
24.0,0.8571428571428571,1.0,-0.0046540694
24.0,0.9285714285714285,1.0,-0.008331672
24.0,1.0,1.0,-0.019004159
25.0,0.0,0.0,-0.013775722
25.0,0.07142857142857142,0.0,-0.0052199448
25.0,0.14285714285714285,0.0,-0.0021088002
25.0,0.21428571428571427,0.0,-0.0036693523
25.0,0.2857142857142857,0.0,-0.0071746176
25.0,0.3571428571428571,0.0,-0.008248906
25.0,0.42857142857142855,0.0,-0.005606395
25.0,0.5,0.0,-0.0041538486
25.0,0.5714285714285714,0.0,-0.006787547
25.0,0.6428571428571428,0.0,-0.008978994
25.0,0.7142857142857142,0.0,-0.0071148807
25.0,0.7857142857142857,0.0,-0.0038743177
25.0,0.8571428571428571,0.0,-0.0035316804
25.0,0.9285714285714285,0.0,-0.008083888
25.0,1.0,0.0,-0.018095486
25.0,0.0,0.07142857142857142,-0.006520738
25.0,0.07142857142857142,0.07142857142857142,0.01868711
25.0,0.14285714285714285,0.07142857142857142,0.04075768
25.0,0.21428571428571427,0.07142857142857142,0.05989193
25.0,0.2857142857142857,0.07142857142857142,0.07759117
25.0,0.3571428571428571,0.07142857142857142,0.09649241
25.0,0.42857142857142855,0.07142857142857142,0.114963315
25.0,0.5,0.07142857142857142,0.12236076
25.0,0.5714285714285714,0.07142857142857142,0.112598985
25.0,0.6428571428571428,0.07142857142857142,0.09472899
25.0,0.7142857142857142,0.07142857142857142,0.07760403
25.0,0.7857142857142857,0.07142857142857142,0.06057357
25.0,0.8571428571428571,0.07142857142857142,0.040927507
25.0,0.9285714285714285,0.07142857142857142,0.017948195
25.0,1.0,0.07142857142857142,-0.008895502
25.0,0.0,0.14285714285714285,-0.004404652
25.0,0.07142857142857142,0.14285714285714285,0.038587872
25.0,0.14285714285714285,0.14285714285714285,0.08102564
25.0,0.21428571428571427,0.14285714285714285,0.12240293
25.0,0.2857142857142857,0.14285714285714285,0.16281092
25.0,0.3571428571428571,0.14285714285714285,0.2030379
25.0,0.42857142857142855,0.14285714285714285,0.23872969
25.0,0.5,0.14285714285714285,0.2529148
25.0,0.5714285714285714,0.14285714285714285,0.2353525
25.0,0.6428571428571428,0.14285714285714285,0.20040278
25.0,0.7142857142857142,0.14285714285714285,0.16252203
25.0,0.7857142857142857,0.14285714285714285,0.12333303
25.0,0.8571428571428571,0.14285714285714285,0.08228444
25.0,0.9285714285714285,0.14285714285714285,0.03969156
25.0,1.0,0.14285714285714285,-0.005410851
25.0,0.0,0.21428571428571427,-0.0051440955
25.0,0.07142857142857142,0.21428571428571427,0.056725956
25.0,0.14285714285714285,0.21428571428571427,0.120296575
25.0,0.21428571428571427,0.21428571428571427,0.18403007
25.0,0.2857142857142857,0.21428571428571427,0.246525
25.0,0.3571428571428571,0.21428571428571427,0.30710855
25.0,0.42857142857142855,0.21428571428571427,0.35964298
25.0,0.5,0.21428571428571427,0.3810647
25.0,0.5714285714285714,0.21428571428571427,0.35614714
25.0,0.6428571428571428,0.21428571428571427,0.30454093
25.0,0.7142857142857142,0.21428571428571427,0.24585806
25.0,0.7857142857142857,0.21428571428571427,0.18437137
25.0,0.8571428571428571,0.21428571428571427,0.12190501
25.0,0.9285714285714285,0.21428571428571427,0.059076443
25.0,1.0,0.21428571428571427,-0.005566799
25.0,0.0,0.2857142857142857,-0.006544235
25.0,0.07142857142857142,0.2857142857142857,0.075408466
25.0,0.14285714285714285,0.2857142857142857,0.16034856
25.0,0.21428571428571427,0.2857142857142857,0.24536072
25.0,0.2857142857142857,0.2857142857142857,0.32784742
25.0,0.3571428571428571,0.2857142857142857,0.4067014
25.0,0.42857142857142855,0.2857142857142857,0.475219
25.0,0.5,0.2857142857142857,0.5045147
25.0,0.5714285714285714,0.2857142857142857,0.4732992
25.0,0.6428571428571428,0.2857142857142857,0.4060022
25.0,0.7142857142857142,0.2857142857142857,0.32718652
25.0,0.7857142857142857,0.2857142857142857,0.24448957
25.0,0.8571428571428571,0.2857142857142857,0.16146381
25.0,0.9285714285714285,0.2857142857142857,0.07810977
25.0,1.0,0.2857142857142857,-0.0068254033
25.0,0.0,0.3571428571428571,-0.0073944023
25.0,0.07142857142857142,0.3571428571428571,0.095597126
25.0,0.14285714285714285,0.3571428571428571,0.20156737
25.0,0.21428571428571427,0.3571428571428571,0.3060551
25.0,0.2857142857142857,0.3571428571428571,0.40602103
25.0,0.3571428571428571,0.3571428571428571,0.5012498
25.0,0.42857142857142855,0.3571428571428571,0.58535665
25.0,0.5,0.3571428571428571,0.62339765
25.0,0.5714285714285714,0.3571428571428571,0.58643246
25.0,0.6428571428571428,0.3571428571428571,0.50356406
25.0,0.7142857142857142,0.3571428571428571,0.4054406
25.0,0.7857142857142857,0.3571428571428571,0.30342132
25.0,0.8571428571428571,0.3571428571428571,0.2012
25.0,0.9285714285714285,0.3571428571428571,0.0977562
25.0,1.0,0.3571428571428571,-0.0067655826
25.0,0.0,0.42857142857142855,-0.008751434
25.0,0.07142857142857142,0.42857142857142855,0.11339303
25.0,0.14285714285714285,0.42857142857142855,0.23787451
25.0,0.21428571428571427,0.42857142857142855,0.35880074
25.0,0.2857142857142857,0.42857142857142855,0.47333315
25.0,0.3571428571428571,0.42857142857142855,0.58275217
25.0,0.42857142857142855,0.42857142857142855,0.68124026
25.0,0.5,0.42857142857142855,0.7279952
25.0,0.5714285714285714,0.42857142857142855,0.6851831
25.0,0.6428571428571428,0.42857142857142855,0.58725697
25.0,0.7142857142857142,0.42857142857142855,0.47264037
25.0,0.7857142857142857,0.42857142857142855,0.35508153
25.0,0.8571428571428571,0.42857142857142855,0.23674284
25.0,0.9285714285714285,0.42857142857142855,0.11611519
25.0,1.0,0.42857142857142855,-0.004323029
25.0,0.0,0.5,-0.009878525
25.0,0.07142857142857142,0.5,0.12036278
25.0,0.14285714285714285,0.5,0.25287777
25.0,0.21428571428571427,0.5,0.381243
25.0,0.2857142857142857,0.5,0.50280136
25.0,0.3571428571428571,0.5,0.61909753
25.0,0.42857142857142855,0.5,0.7240234
25.0,0.5,0.5,0.7745593
25.0,0.5714285714285714,0.5,0.7281507
25.0,0.6428571428571428,0.5,0.62309045
25.0,0.7142857142857142,0.5,0.5025269
25.0,0.7857142857142857,0.5,0.37937477
25.0,0.8571428571428571,0.5,0.25396422
25.0,0.9285714285714285,0.5,0.12528957
25.0,1.0,0.5,-0.0019712308
25.0,0.0,0.5714285714285714,-0.006830738
25.0,0.07142857142857142,0.5714285714285714,0.1145378
25.0,0.14285714285714285,0.5714285714285714,0.23771176
25.0,0.21428571428571427,0.5714285714285714,0.3580792
25.0,0.2857142857142857,0.5714285714285714,0.47400284
25.0,0.3571428571428571,0.5714285714285714,0.5857859
25.0,0.42857142857142855,0.5714285714285714,0.68441486
25.0,0.5,0.5714285714285714,0.7289972
25.0,0.5714285714285714,0.5714285714285714,0.68332624
25.0,0.6428571428571428,0.5714285714285714,0.58489233
25.0,0.7142857142857142,0.5714285714285714,0.473002
25.0,0.7857142857142857,0.5714285714285714,0.35762933
25.0,0.8571428571428571,0.5714285714285714,0.23882504
25.0,0.9285714285714285,0.5714285714285714,0.11669069
25.0,1.0,0.5714285714285714,-0.0035475576
25.0,0.0,0.6428571428571428,-0.004838922
25.0,0.07142857142857142,0.6428571428571428,0.09785465
25.0,0.14285714285714285,0.6428571428571428,0.20137276
25.0,0.21428571428571427,0.6428571428571428,0.30391556
25.0,0.2857142857142857,0.6428571428571428,0.40532422
25.0,0.3571428571428571,0.6428571428571428,0.5044775
25.0,0.42857142857142855,0.6428571428571428,0.5895846
25.0,0.5,0.6428571428571428,0.62523144
25.0,0.5714285714285714,0.6428571428571428,0.5860854
25.0,0.6428571428571428,0.6428571428571428,0.5030414
25.0,0.7142857142857142,0.6428571428571428,0.40710652
25.0,0.7857142857142857,0.6428571428571428,0.30668312
25.0,0.8571428571428571,0.6428571428571428,0.2031916
25.0,0.9285714285714285,0.6428571428571428,0.09780325
25.0,1.0,0.6428571428571428,-0.0054594884
25.0,0.0,0.7142857142857142,-0.0044158334
25.0,0.07142857142857142,0.7142857142857142,0.07785191
25.0,0.14285714285714285,0.7142857142857142,0.15985917
25.0,0.21428571428571427,0.7142857142857142,0.24173214
25.0,0.2857142857142857,0.7142857142857142,0.32422838
25.0,0.3571428571428571,0.7142857142857142,0.40570912
25.0,0.42857142857142855,0.7142857142857142,0.4745099
25.0,0.5,0.7142857142857142,0.50279576
25.0,0.5714285714285714,0.7142857142857142,0.4730535
25.0,0.6428571428571428,0.7142857142857142,0.40686405
25.0,0.7142857142857142,0.7142857142857142,0.32829657
25.0,0.7857142857142857,0.7142857142857142,0.24599461
25.0,0.8571428571428571,0.7142857142857142,0.16225334
25.0,0.9285714285714285,0.7142857142857142,0.0779264
25.0,1.0,0.7142857142857142,-0.0050252536
25.0,0.0,0.7857142857142857,-0.0037987465
25.0,0.07142857142857142,0.7857142857142857,0.05896841
25.0,0.14285714285714285,0.7857142857142857,0.12015233
25.0,0.21428571428571427,0.7857142857142857,0.18094026
25.0,0.2857142857142857,0.7857142857142857,0.24278809
25.0,0.3571428571428571,0.7857142857142857,0.3045028
25.0,0.42857142857142855,0.7857142857142857,0.35643122
25.0,0.5,0.7857142857142857,0.37814143
25.0,0.5714285714285714,0.7857142857142857,0.3569311
25.0,0.6428571428571428,0.7857142857142857,0.30640966
25.0,0.7142857142857142,0.7857142857142857,0.24556486
25.0,0.7857142857142857,0.7857142857142857,0.18310061
25.0,0.8571428571428571,0.7857142857142857,0.12088848
25.0,0.9285714285714285,0.7857142857142857,0.058354653
25.0,1.0,0.7857142857142857,-0.004592427
25.0,0.0,0.8571428571428571,-0.0031349966
25.0,0.07142857142857142,0.8571428571428571,0.041106272
25.0,0.14285714285714285,0.8571428571428571,0.082052775
25.0,0.21428571428571427,0.8571428571428571,0.121530466
25.0,0.2857142857142857,0.8571428571428571,0.16170165
25.0,0.3571428571428571,0.8571428571428571,0.20235325
25.0,0.42857142857142855,0.8571428571428571,0.23676363
25.0,0.5,0.8571428571428571,0.25142387
25.0,0.5714285714285714,0.8571428571428571,0.23763101
25.0,0.6428571428571428,0.8571428571428571,0.20307992
25.0,0.7142857142857142,0.8571428571428571,0.16150567
25.0,0.7857142857142857,0.8571428571428571,0.12017899
25.0,0.8571428571428571,0.8571428571428571,0.079813026
25.0,0.9285714285714285,0.8571428571428571,0.03835822
25.0,1.0,0.8571428571428571,-0.0058181444
25.0,0.0,0.9285714285714285,-0.004610167
25.0,0.07142857142857142,0.9285714285714285,0.021475684
25.0,0.14285714285714285,0.9285714285714285,0.04235959
25.0,0.21428571428571427,0.9285714285714285,0.0604294
25.0,0.2857142857142857,0.9285714285714285,0.07858119
25.0,0.3571428571428571,0.9285714285714285,0.09788374
25.0,0.42857142857142855,0.9285714285714285,0.11500386
25.0,0.5,0.9285714285714285,0.12270362
25.0,0.5714285714285714,0.9285714285714285,0.115986146
25.0,0.6428571428571428,0.9285714285714285,0.09823234
25.0,0.7142857142857142,0.9285714285714285,0.07724055
25.0,0.7857142857142857,0.9285714285714285,0.05742968
25.0,0.8571428571428571,0.9285714285714285,0.038194396
25.0,0.9285714285714285,0.9285714285714285,0.016506117
25.0,1.0,0.9285714285714285,-0.010187552
25.0,0.0,1.0,-0.011957393
25.0,0.07142857142857142,1.0,-0.004082662
25.0,0.14285714285714285,1.0,-0.002958769
25.0,0.21428571428571427,1.0,-0.00553367
25.0,0.2857142857142857,1.0,-0.008122903
25.0,0.3571428571428571,1.0,-0.008204346
25.0,0.42857142857142855,1.0,-0.0058822753
25.0,0.5,1.0,-0.0035096342
25.0,0.5714285714285714,1.0,-0.0032432685
25.0,0.6428571428571428,1.0,-0.00467828
25.0,0.7142857142857142,1.0,-0.005571113
25.0,0.7857142857142857,1.0,-0.004954637
25.0,0.8571428571428571,1.0,-0.004719087
25.0,0.9285714285714285,1.0,-0.008402665
25.0,1.0,1.0,-0.018995535
26.0,0.0,0.0,-0.013703217
26.0,0.07142857142857142,0.0,-0.00520146
26.0,0.14285714285714285,0.0,-0.0021192404
26.0,0.21428571428571427,0.0,-0.003658603
26.0,0.2857142857142857,0.0,-0.007081638
26.0,0.3571428571428571,0.0,-0.008072312
26.0,0.42857142857142855,0.0,-0.0054204287
26.0,0.5,0.0,-0.0039530816
26.0,0.5714285714285714,0.0,-0.006502771
26.0,0.6428571428571428,0.0,-0.008686324
26.0,0.7142857142857142,0.0,-0.0069203423
26.0,0.7857142857142857,0.0,-0.0037540877
26.0,0.8571428571428571,0.0,-0.0034146989
26.0,0.9285714285714285,0.0,-0.007939295
26.0,1.0,0.0,-0.017930798
26.0,0.0,0.07142857142857142,-0.0064926306
26.0,0.07142857142857142,0.07142857142857142,0.018669024
26.0,0.14285714285714285,0.07142857142857142,0.040718272
26.0,0.21428571428571427,0.07142857142857142,0.05987545
26.0,0.2857142857142857,0.07142857142857142,0.07763327
26.0,0.3571428571428571,0.07142857142857142,0.096528776
26.0,0.42857142857142855,0.07142857142857142,0.11482412
26.0,0.5,0.07142857142857142,0.12210023
26.0,0.5714285714285714,0.07142857142857142,0.11249142
26.0,0.6428571428571428,0.07142857142857142,0.09476658
26.0,0.7142857142857142,0.07142857142857142,0.07763501
26.0,0.7857142857142857,0.07142857142857142,0.06058999
26.0,0.8571428571428571,0.07142857142857142,0.040970385
26.0,0.9285714285714285,0.07142857142857142,0.018028297
26.0,1.0,0.07142857142857142,-0.008791731
26.0,0.0,0.14285714285714285,-0.004393949
26.0,0.07142857142857142,0.14285714285714285,0.038549248
26.0,0.14285714285714285,0.14285714285714285,0.08096333
26.0,0.21428571428571427,0.14285714285714285,0.12235785
26.0,0.2857142857142857,0.14285714285714285,0.16280076
26.0,0.3571428571428571,0.14285714285714285,0.20293649
26.0,0.42857142857142855,0.14285714285714285,0.23824994
26.0,0.5,0.14285714285714285,0.2521624
26.0,0.5714285714285714,0.14285714285714285,0.23488088
26.0,0.6428571428571428,0.14285714285714285,0.20026988
26.0,0.7142857142857142,0.14285714285714285,0.16248938
26.0,0.7857142857142857,0.14285714285714285,0.123333864
26.0,0.8571428571428571,0.14285714285714285,0.082323045
26.0,0.9285714285714285,0.14285714285714285,0.039768368
26.0,1.0,0.14285714285714285,-0.005305656
26.0,0.0,0.21428571428571427,-0.00508645
26.0,0.07142857142857142,0.21428571428571427,0.056712292
26.0,0.14285714285714285,0.21428571428571427,0.12023369
26.0,0.21428571428571427,0.21428571428571427,0.18396333
26.0,0.2857142857142857,0.21428571428571427,0.24647342
26.0,0.3571428571428571,0.21428571428571427,0.30690968
26.0,0.42857142857142855,0.21428571428571427,0.35888994
26.0,0.5,0.21428571428571427,0.379904
26.0,0.5714285714285714,0.21428571428571427,0.35544437
26.0,0.6428571428571428,0.21428571428571427,0.30438116
26.0,0.7142857142857142,0.21428571428571427,0.2458703
26.0,0.7857142857142857,0.21428571428571427,0.18441223
26.0,0.8571428571428571,0.21428571428571427,0.12196351
26.0,0.9285714285714285,0.21428571428571427,0.05917698
26.0,1.0,0.21428571428571427,-0.0054168412
26.0,0.0,0.2857142857142857,-0.0063654035
26.0,0.07142857142857142,0.2857142857142857,0.07545968
26.0,0.14285714285714285,0.2857142857142857,0.16028698
26.0,0.21428571428571427,0.2857142857142857,0.24524407
26.0,0.2857142857142857,0.2857142857142857,0.3277242
26.0,0.3571428571428571,0.2857142857142857,0.4064078
26.0,0.42857142857142855,0.2857142857142857,0.4742281
26.0,0.5,0.2857142857142857,0.50298303
26.0,0.5714285714285714,0.2857142857142857,0.47241706
26.0,0.6428571428571428,0.2857142857142857,0.40585324
26.0,0.7142857142857142,0.2857142857142857,0.32722932
26.0,0.7857142857142857,0.2857142857142857,0.24450512
26.0,0.8571428571428571,0.2857142857142857,0.16147886
26.0,0.9285714285714285,0.2857142857142857,0.07820905
26.0,1.0,0.2857142857142857,-0.006618389
26.0,0.0,0.3571428571428571,-0.007099916
26.0,0.07142857142857142,0.3571428571428571,0.09565941
26.0,0.14285714285714285,0.3571428571428571,0.20139495
26.0,0.21428571428571427,0.3571428571428571,0.3057282
26.0,0.2857142857142857,0.3571428571428571,0.40563664
26.0,0.3571428571428571,0.3571428571428571,0.50064963
26.0,0.42857142857142855,0.3571428571428571,0.58388376
26.0,0.5,0.3571428571428571,0.62118375
26.0,0.5714285714285714,0.3571428571428571,0.58502823
26.0,0.6428571428571428,0.3571428571428571,0.5030983
26.0,0.7142857142857142,0.3571428571428571,0.4052134
26.0,0.7857142857142857,0.3571428571428571,0.30316073
26.0,0.8571428571428571,0.3571428571428571,0.2010103
26.0,0.9285714285714285,0.3571428571428571,0.097781636
26.0,1.0,0.3571428571428571,-0.0065130824
26.0,0.0,0.42857142857142855,-0.008506418
26.0,0.07142857142857142,0.42857142857142855,0.113258295
26.0,0.14285714285714285,0.42857142857142855,0.2373295
26.0,0.21428571428571427,0.42857142857142855,0.35793468
26.0,0.2857142857142857,0.42857142857142855,0.47227055
26.0,0.3571428571428571,0.42857142857142855,0.5813099
26.0,0.42857142857142855,0.42857142857142855,0.678622
26.0,0.5,0.42857142857142855,0.72429985
26.0,0.5714285714285714,0.42857142857142855,0.6824206
26.0,0.6428571428571428,0.42857142857142855,0.5857616
26.0,0.7142857142857142,0.42857142857142855,0.4716208
26.0,0.7857142857142857,0.42857142857142855,0.35422212
26.0,0.8571428571428571,0.42857142857142855,0.23618191
26.0,0.9285714285714285,0.42857142857142855,0.115991496
26.0,1.0,0.42857142857142855,-0.004055881
26.0,0.0,0.5,-0.009704397
26.0,0.07142857142857142,0.5,0.120096944
26.0,0.14285714285714285,0.5,0.2521141
26.0,0.21428571428571427,0.5,0.38005012
26.0,0.2857142857142857,0.5,0.50127995
26.0,0.3571428571428571,0.5,0.6170219
26.0,0.42857142857142855,0.5,0.7205393
26.0,0.5,0.5,0.7697527
26.0,0.5714285714285714,0.5,0.7243559
26.0,0.6428571428571428,0.5,0.620858
26.0,0.7142857142857142,0.5,0.500998
26.0,0.7857142857142857,0.5,0.3781594
26.0,0.8571428571428571,0.5,0.25318313
26.0,0.9285714285714285,0.5,0.12507048
26.0,1.0,0.5,-0.0017023915
26.0,0.0,0.5714285714285714,-0.006535926
26.0,0.07142857142857142,0.5714285714285714,0.11450025
26.0,0.14285714285714285,0.5714285714285714,0.2373317
26.0,0.21428571428571427,0.5714285714285714,0.35743758
26.0,0.2857142857142857,0.5714285714285714,0.4731728
26.0,0.3571428571428571,0.5714285714285714,0.5845209
26.0,0.42857142857142855,0.5714285714285714,0.6819537
26.0,0.5,0.5714285714285714,0.725444
26.0,0.5714285714285714,0.5714285714285714,0.68070614
26.0,0.6428571428571428,0.5714285714285714,0.58362615
26.0,0.7142857142857142,0.5714285714285714,0.47223383
26.0,0.7857142857142857,0.5714285714285714,0.35694996
26.0,0.8571428571428571,0.5714285714285714,0.23834738
26.0,0.9285714285714285,0.5714285714285714,0.11659964
26.0,1.0,0.5714285714285714,-0.0032491768
26.0,0.0,0.6428571428571428,-0.0045050094
26.0,0.07142857142857142,0.6428571428571428,0.09795745
26.0,0.14285714285714285,0.6428571428571428,0.20129529
26.0,0.21428571428571427,0.6428571428571428,0.30375955
26.0,0.2857142857142857,0.6428571428571428,0.40512896
26.0,0.3571428571428571,0.6428571428571428,0.5039827
26.0,0.42857142857142855,0.6428571428571428,0.5881795
26.0,0.5,0.6428571428571428,0.6230693
26.0,0.5714285714285714,0.6428571428571428,0.5846534
26.0,0.6428571428571428,0.6428571428571428,0.5026018
26.0,0.7142857142857142,0.6428571428571428,0.40697628
26.0,0.7857142857142857,0.6428571428571428,0.30650678
26.0,0.8571428571428571,0.6428571428571428,0.20303185
26.0,0.9285714285714285,0.6428571428571428,0.09783306
26.0,1.0,0.6428571428571428,-0.0051862383
26.0,0.0,0.7142857142857142,-0.004145735
26.0,0.07142857142857142,0.7142857142857142,0.0779373
26.0,0.14285714285714285,0.7142857142857142,0.15983656
26.0,0.21428571428571427,0.7142857142857142,0.24169974
26.0,0.2857142857142857,0.7142857142857142,0.32420242
26.0,0.3571428571428571,0.7142857142857142,0.4054455
26.0,0.42857142857142855,0.7142857142857142,0.47353905
26.0,0.5,0.7142857142857142,0.5012728
26.0,0.5714285714285714,0.7142857142857142,0.47203547
26.0,0.6428571428571428,0.7142857142857142,0.40657786
26.0,0.7142857142857142,0.7142857142857142,0.32826254
26.0,0.7857142857142857,0.7142857142857142,0.24592705
26.0,0.8571428571428571,0.7142857142857142,0.16217227
26.0,0.9285714285714285,0.7142857142857142,0.07796038
26.0,1.0,0.7142857142857142,-0.0048189918
26.0,0.0,0.7857142857142857,-0.003605486
26.0,0.07142857142857142,0.7857142857142857,0.05899643
26.0,0.14285714285714285,0.7857142857142857,0.12009663
26.0,0.21428571428571427,0.7857142857142857,0.18089217
26.0,0.2857142857142857,0.7857142857142857,0.24276282
26.0,0.3571428571428571,0.7857142857142857,0.30430332
26.0,0.42857142857142855,0.7857142857142857,0.3557177
26.0,0.5,0.7857142857142857,0.37703258
26.0,0.5714285714285714,0.7857142857142857,0.3561411
26.0,0.6428571428571428,0.7857142857142857,0.30613938
26.0,0.7142857142857142,0.7857142857142857,0.2454925
26.0,0.7857142857142857,0.7857142857142857,0.18301035
26.0,0.8571428571428571,0.7857142857142857,0.120790325
26.0,0.9285714285714285,0.7857142857142857,0.05835191
26.0,1.0,0.7857142857142857,-0.00444387
26.0,0.0,0.8571428571428571,-0.0029962072
26.0,0.07142857142857142,0.8571428571428571,0.04108874
26.0,0.14285714285714285,0.8571428571428571,0.0819621
26.0,0.21428571428571427,0.8571428571428571,0.12145992
26.0,0.2857142857142857,0.8571428571428571,0.16168003
26.0,0.3571428571428571,0.8571428571428571,0.202244
26.0,0.42857142857142855,0.8571428571428571,0.23634046
26.0,0.5,0.8571428571428571,0.25075328
26.0,0.5714285714285714,0.8571428571428571,0.23714179
26.0,0.6428571428571428,0.8571428571428571,0.20291576
26.0,0.7142857142857142,0.8571428571428571,0.16145541
26.0,0.7857142857142857,0.8571428571428571,0.120087616
26.0,0.8571428571428571,0.8571428571428571,0.07969742
26.0,0.9285714285714285,0.8571428571428571,0.03831643
26.0,1.0,0.8571428571428571,-0.005722345
26.0,0.0,0.9285714285714285,-0.0045042606
26.0,0.07142857142857142,0.9285714285714285,0.021437358
26.0,0.14285714285714285,0.9285714285714285,0.042266607
26.0,0.21428571428571427,0.9285714285714285,0.06038095
26.0,0.2857142857142857,0.9285714285714285,0.07861854
26.0,0.3571428571428571,0.9285714285714285,0.097925514
26.0,0.42857142857142855,0.9285714285714285,0.114907734
26.0,0.5,0.9285714285714285,0.12248773
26.0,0.5714285714285714,0.9285714285714285,0.11586163
26.0,0.6428571428571428,0.9285714285714285,0.09826698
26.0,0.7142857142857142,0.9285714285714285,0.07729195
26.0,0.7857142857142857,0.9285714285714285,0.057391055
26.0,0.8571428571428571,0.9285714285714285,0.038093176
26.0,0.9285714285714285,0.9285714285714285,0.016441304
26.0,1.0,0.9285714285714285,-0.010139273
26.0,0.0,1.0,-0.011866418
26.0,0.07142857142857142,1.0,-0.0041073477
26.0,0.14285714285714285,1.0,-0.0030020457
26.0,0.21428571428571427,1.0,-0.005497583
26.0,0.2857142857142857,1.0,-0.007966598
26.0,0.3571428571428571,1.0,-0.007975281
26.0,0.42857142857142855,1.0,-0.005668056
26.0,0.5,1.0,-0.0033243606
26.0,0.5714285714285714,1.0,-0.003016957
26.0,0.6428571428571428,1.0,-0.0044118324
26.0,0.7142857142857142,1.0,-0.005373166
26.0,0.7857142857142857,1.0,-0.004899067
26.0,0.8571428571428571,1.0,-0.0047722617
26.0,0.9285714285714285,1.0,-0.0084643
26.0,1.0,1.0,-0.018978633
27.0,0.0,0.0,-0.013625399
27.0,0.07142857142857142,0.0,-0.005179425
27.0,0.14285714285714285,0.0,-0.0021258714
27.0,0.21428571428571427,0.0,-0.0036411649
27.0,0.2857142857142857,0.0,-0.006978373
27.0,0.3571428571428571,0.0,-0.007880873
27.0,0.42857142857142855,0.0,-0.005217352
27.0,0.5,0.0,-0.0037339935
27.0,0.5714285714285714,0.0,-0.006206234
27.0,0.6428571428571428,0.0,-0.008385693
27.0,0.7142857142857142,0.0,-0.0067200633
27.0,0.7857142857142857,0.0,-0.0036310563
27.0,0.8571428571428571,0.0,-0.0032948637
27.0,0.9285714285714285,0.0,-0.0077882716
27.0,1.0,0.0,-0.017754205
27.0,0.0,0.07142857142857142,-0.006457246
27.0,0.07142857142857142,0.07142857142857142,0.018654134
27.0,0.14285714285714285,0.07142857142857142,0.0406797
27.0,0.21428571428571427,0.07142857142857142,0.059859164
27.0,0.2857142857142857,0.07142857142857142,0.07767498
27.0,0.3571428571428571,0.07142857142857142,0.09656466
27.0,0.42857142857142855,0.07142857142857142,0.114688285
27.0,0.5,0.07142857142857142,0.12184643
27.0,0.5714285714285714,0.07142857142857142,0.112385295
27.0,0.6428571428571428,0.07142857142857142,0.09480388
27.0,0.7142857142857142,0.07142857142857142,0.07766614
27.0,0.7857142857142857,0.07142857142857142,0.060606256
27.0,0.8571428571428571,0.07142857142857142,0.041015193
27.0,0.9285714285714285,0.07142857142857142,0.018115059
27.0,1.0,0.07142857142857142,-0.008673699
27.0,0.0,0.14285714285714285,-0.004374818
27.0,0.07142857142857142,0.14285714285714285,0.03851413
27.0,0.14285714285714285,0.14285714285714285,0.08089984
27.0,0.21428571428571427,0.14285714285714285,0.12230831
27.0,0.2857142857142857,0.14285714285714285,0.162782
27.0,0.3571428571428571,0.14285714285714285,0.20282295
27.0,0.42857142857142855,0.14285714285714285,0.23776455
27.0,0.5,0.14285714285714285,0.25141522
27.0,0.5714285714285714,0.14285714285714285,0.23440889
27.0,0.6428571428571428,0.14285714285714285,0.2001334
27.0,0.7142857142857142,0.14285714285714285,0.16245455
27.0,0.7857142857142857,0.14285714285714285,0.12333282
27.0,0.8571428571428571,0.14285714285714285,0.08236087
27.0,0.9285714285714285,0.14285714285714285,0.039850682
27.0,1.0,0.14285714285714285,-0.0051857317
27.0,0.0,0.21428571428571427,-0.0050185947
27.0,0.07142857142857142,0.21428571428571427,0.056701735
27.0,0.14285714285714285,0.21428571428571427,0.12016814
27.0,0.21428571428571427,0.21428571428571427,0.18388906
27.0,0.2857142857142857,0.21428571428571427,0.2464083
27.0,0.3571428571428571,0.21428571428571427,0.30669358
27.0,0.42857142857142855,0.21428571428571427,0.35813108
27.0,0.5,0.21428571428571427,0.3787536
27.0,0.5714285714285714,0.21428571428571427,0.3547412
27.0,0.6428571428571428,0.21428571428571427,0.30421546
27.0,0.7142857142857142,0.21428571428571427,0.24587761
27.0,0.7857142857142857,0.21428571428571427,0.1844464
27.0,0.8571428571428571,0.21428571428571427,0.122016855
27.0,0.9285714285714285,0.21428571428571427,0.05927919
27.0,1.0,0.21428571428571427,-0.005254903
27.0,0.0,0.2857142857142857,-0.00617633
27.0,0.07142857142857142,0.2857142857142857,0.07551185
27.0,0.14285714285714285,0.2857142857142857,0.16022004
27.0,0.21428571428571427,0.2857142857142857,0.24511914
27.0,0.2857142857142857,0.2857142857142857,0.3275886
27.0,0.3571428571428571,0.2857142857142857,0.40609682
27.0,0.42857142857142855,0.2857142857142857,0.4732339
27.0,0.5,0.2857142857142857,0.5014692
27.0,0.5714285714285714,0.2857142857142857,0.47153208
27.0,0.6428571428571428,0.2857142857142857,0.4056903
27.0,0.7142857142857142,0.2857142857142857,0.32726136
27.0,0.7857142857142857,0.2857142857142857,0.24450774
27.0,0.8571428571428571,0.2857142857142857,0.16148043
27.0,0.9285714285714285,0.2857142857142857,0.07830399
27.0,1.0,0.2857142857142857,-0.0064004967
27.0,0.0,0.3571428571428571,-0.006794487
27.0,0.07142857142857142,0.3571428571428571,0.09571979
27.0,0.14285714285714285,0.3571428571428571,0.20121624
27.0,0.21428571428571427,0.3571428571428571,0.30539536
27.0,0.2857142857142857,0.3571428571428571,0.4052461
27.0,0.3571428571428571,0.3571428571428571,0.50003964
27.0,0.42857142857142855,0.3571428571428571,0.582415
27.0,0.5,0.3571428571428571,0.618998
27.0,0.5714285714285714,0.3571428571428571,0.58361894
27.0,0.6428571428571428,0.3571428571428571,0.50261027
27.0,0.7142857142857142,0.3571428571428571,0.4049712
27.0,0.7857142857142857,0.3571428571428571,0.30288467
27.0,0.8571428571428571,0.3571428571428571,0.20080377
27.0,0.9285714285714285,0.3571428571428571,0.097800046
27.0,1.0,0.3571428571428571,-0.0062497267
27.0,0.0,0.42857142857142855,-0.008244113
27.0,0.07142857142857142,0.42857142857142855,0.113127954
27.0,0.14285714285714285,0.42857142857142855,0.23678523
27.0,0.21428571428571427,0.42857142857142855,0.35707688
27.0,0.2857142857142857,0.42857142857142855,0.47122404
27.0,0.3571428571428571,0.42857142857142855,0.5798845
27.0,0.42857142857142855,0.42857142857142855,0.6760394
27.0,0.5,0.42857142857142855,0.7206718
27.0,0.5714285714285714,0.42857142857142855,0.6796828
27.0,0.6428571428571428,0.42857142857142855,0.5842656
27.0,0.7142857142857142,0.42857142857142855,0.4706058
27.0,0.7857142857142857,0.42857142857142855,0.35336167
27.0,0.8571428571428571,0.42857142857142855,0.23561157
27.0,0.9285714285714285,0.42857142857142855,0.11586403
27.0,1.0,0.42857142857142855,-0.0037749195
27.0,0.0,0.5,-0.00950575
27.0,0.07142857142857142,0.5,0.1198424
27.0,0.14285714285714285,0.5,0.25136033
27.0,0.21428571428571427,0.5,0.3788783
27.0,0.2857142857142857,0.5,0.49979338
27.0,0.3571428571428571,0.5,0.6149876
27.0,0.42857142857142855,0.5,0.7171233
27.0,0.5,0.5,0.7650604
27.0,0.5714285714285714,0.5,0.72063196
27.0,0.6428571428571428,0.5,0.6186614
27.0,0.7142857142857142,0.5,0.49950388
27.0,0.7857142857142857,0.5,0.3769658
27.0,0.8571428571428571,0.5,0.2524051
27.0,0.9285714285714285,0.5,0.124853514
27.0,1.0,0.5,-0.0014175633
27.0,0.0,0.5714285714285714,-0.0062289247
27.0,0.07142857142857142,0.5714285714285714,0.11446235
27.0,0.14285714285714285,0.5714285714285714,0.2369471
27.0,0.21428571428571427,0.5714285714285714,0.35679522
27.0,0.2857142857142857,0.5714285714285714,0.47234413
27.0,0.3571428571428571,0.5714285714285714,0.5832538
27.0,0.42857142857142855,0.5714285714285714,0.67950666
27.0,0.5,0.5714285714285714,0.72194237
27.0,0.5714285714285714,0.5714285714285714,0.67810464
27.0,0.6428571428571428,0.5714285714285714,0.5823522
27.0,0.7142857142857142,0.5714285714285714,0.47146797
27.0,0.7857142857142857,0.5714285714285714,0.35627502
27.0,0.8571428571428571,0.5714285714285714,0.23786607
27.0,0.9285714285714285,0.5714285714285714,0.11650755
27.0,1.0,0.5714285714285714,-0.0029367367
27.0,0.0,0.6428571428571428,-0.0041652853
27.0,0.07142857142857142,0.6428571428571428,0.09805705
27.0,0.14285714285714285,0.6428571428571428,0.20121111
27.0,0.21428571428571427,0.6428571428571428,0.30359557
27.0,0.2857142857142857,0.6428571428571428,0.40492126
27.0,0.3571428571428571,0.6428571428571428,0.503466
27.0,0.42857142857142855,0.6428571428571428,0.58676344
27.0,0.5,0.6428571428571428,0.62092507
27.0,0.5714285714285714,0.6428571428571428,0.5832173
27.0,0.6428571428571428,0.6428571428571428,0.5021372
27.0,0.7142857142857142,0.6428571428571428,0.40682703
27.0,0.7857142857142857,0.6428571428571428,0.30631897
27.0,0.8571428571428571,0.6428571428571428,0.20286156
27.0,0.9285714285714285,0.6428571428571428,0.09786019
27.0,1.0,0.6428571428571428,-0.004899719
27.0,0.0,0.7142857142857142,-0.0038701305
27.0,0.07142857142857142,0.7142857142857142,0.078023404
27.0,0.14285714285714285,0.7142857142857142,0.15981309
27.0,0.21428571428571427,0.7142857142857142,0.24166436
27.0,0.2857142857142857,0.7142857142857142,0.32416695
27.0,0.3571428571428571,0.7142857142857142,0.40516362
27.0,0.42857142857142855,0.7142857142857142,0.4725599
27.0,0.5,0.7142857142857142,0.49976537
27.0,0.5714285714285714,0.7142857142857142,0.4710204
27.0,0.6428571428571428,0.7142857142857142,0.40627602
27.0,0.7142857142857142,0.7142857142857142,0.32821354
27.0,0.7857142857142857,0.7142857142857142,0.24584948
27.0,0.8571428571428571,0.7142857142857142,0.16208424
27.0,0.9285714285714285,0.7142857142857142,0.077994235
27.0,1.0,0.7142857142857142,-0.004598894
27.0,0.0,0.7857142857142857,-0.0034063617
27.0,0.07142857142857142,0.7857142857142857,0.059027977
27.0,0.14285714285714285,0.7857142857142857,0.120043956
27.0,0.21428571428571427,0.7857142857142857,0.18084563
27.0,0.2857142857142857,0.7857142857142857,0.2427326
27.0,0.3571428571428571,0.7857142857142857,0.3040912
27.0,0.42857142857142855,0.7857142857142857,0.35499778
27.0,0.5,0.7857142857142857,0.37593362
27.0,0.5714285714285714,0.7857142857142857,0.35535422
27.0,0.6428571428571428,0.7857142857142857,0.3058591
27.0,0.7142857142857142,0.7857142857142857,0.24541192
27.0,0.7857142857142857,0.7857142857142857,0.18291615
27.0,0.8571428571428571,0.7857142857142857,0.12069129
27.0,0.9285714285714285,0.7857142857142857,0.05835285
27.0,1.0,0.7857142857142857,-0.004281969
27.0,0.0,0.8571428571428571,-0.0028526643
27.0,0.07142857142857142,0.8571428571428571,0.04107555
27.0,0.14285714285714285,0.8571428571428571,0.081876256
27.0,0.21428571428571427,0.8571428571428571,0.12139388
27.0,0.2857142857142857,0.8571428571428571,0.16165759
27.0,0.3571428571428571,0.8571428571428571,0.20212853
27.0,0.42857142857142855,0.8571428571428571,0.23591347
27.0,0.5,0.8571428571428571,0.2500882
27.0,0.5714285714285714,0.8571428571428571,0.23665385
27.0,0.6428571428571428,0.8571428571428571,0.2027457
27.0,0.7142857142857142,0.8571428571428571,0.161402
27.0,0.7857142857142857,0.8571428571428571,0.11999788
27.0,0.8571428571428571,0.8571428571428571,0.07958634
27.0,0.9285714285714285,0.8571428571428571,0.03828074
27.0,1.0,0.8571428571428571,-0.0056152875
27.0,0.0,0.9285714285714285,-0.0043965327
27.0,0.07142857142857142,0.9285714285714285,0.021402128
27.0,0.14285714285714285,0.9285714285714285,0.042179406
27.0,0.21428571428571427,0.9285714285714285,0.06033963
27.0,0.2857142857142857,0.9285714285714285,0.078660406
27.0,0.3571428571428571,0.9285714285714285,0.09796715
27.0,0.42857142857142855,0.9285714285714285,0.11481311
27.0,0.5,0.9285714285714285,0.12227743
27.0,0.5714285714285714,0.9285714285714285,0.11573971
27.0,0.6428571428571428,0.9285714285714285,0.0983007
27.0,0.7142857142857142,0.9285714285714285,0.07734602
27.0,0.7857142857142857,0.9285714285714285,0.057359554
27.0,0.8571428571428571,0.9285714285714285,0.037999958
27.0,0.9285714285714285,0.9285714285714285,0.016383916
27.0,1.0,0.9285714285714285,-0.010081538
27.0,0.0,1.0,-0.011776567
27.0,0.07142857142857142,1.0,-0.0041294815
27.0,0.14285714285714285,1.0,-0.0030375319
27.0,0.21428571428571427,1.0,-0.005451507
27.0,0.2857142857142857,1.0,-0.0078004645
27.0,0.3571428571428571,1.0,-0.0077379616
27.0,0.42857142857142855,1.0,-0.0054440284
27.0,0.5,1.0,-0.0031271065
27.0,0.5714285714285714,1.0,-0.0027804608
27.0,0.6428571428571428,1.0,-0.0041376734
27.0,0.7142857142857142,1.0,-0.005165615
27.0,0.7857142857142857,1.0,-0.004831304
27.0,0.8571428571428571,1.0,-0.0048135603
27.0,0.9285714285714285,1.0,-0.00851705
27.0,1.0,1.0,-0.018953685
28.0,0.0,0.0,-0.013543752
28.0,0.07142857142857142,0.0,-0.0051546386
28.0,0.14285714285714285,0.0,-0.0021289
28.0,0.21428571428571427,0.0,-0.0036175167
28.0,0.2857142857142857,0.0,-0.0068645505
28.0,0.3571428571428571,0.0,-0.0076760305
28.0,0.42857142857142855,0.0,-0.0049977163
28.0,0.5,0.0,-0.0034999503
28.0,0.5714285714285714,0.0,-0.0058993595
28.0,0.6428571428571428,0.0,-0.0080780545
28.0,0.7142857142857142,0.0,-0.006515202
28.0,0.7857142857142857,0.0,-0.003505689
28.0,0.8571428571428571,0.0,-0.003173315
28.0,0.9285714285714285,0.0,-0.007632361
28.0,1.0,0.0,-0.017566606
28.0,0.0,0.07142857142857142,-0.0064166887
28.0,0.07142857142857142,0.07142857142857142,0.018641643
28.0,0.14285714285714285,0.07142857142857142,0.040641755
28.0,0.21428571428571427,0.07142857142857142,0.05984266
28.0,0.2857142857142857,0.07142857142857142,0.077715956
28.0,0.3571428571428571,0.07142857142857142,0.09659985
28.0,0.42857142857142855,0.07142857142857142,0.11455531
28.0,0.5,0.07142857142857142,0.12159864
28.0,0.5714285714285714,0.07142857142857142,0.112280406
28.0,0.6428571428571428,0.07142857142857142,0.09483985
28.0,0.7142857142857142,0.07142857142857142,0.07769714
28.0,0.7857142857142857,0.07142857142857142,0.060621746
28.0,0.8571428571428571,0.07142857142857142,0.04106088
28.0,0.9285714285714285,0.07142857142857142,0.018207237
28.0,1.0,0.07142857142857142,-0.008543351
28.0,0.0,0.14285714285714285,-0.0043482687
28.0,0.07142857142857142,0.14285714285714285,0.03848135
28.0,0.14285714285714285,0.14285714285714285,0.08083553
28.0,0.21428571428571427,0.14285714285714285,0.12225457
28.0,0.2857142857142857,0.14285714285714285,0.16275485
28.0,0.3571428571428571,0.14285714285714285,0.20269819
28.0,0.42857142857142855,0.14285714285714285,0.23727494
28.0,0.5,0.14285714285714285,0.25067317
28.0,0.5714285714285714,0.14285714285714285,0.23393583
28.0,0.6428571428571428,0.14285714285714285,0.19999214
28.0,0.7142857142857142,0.14285714285714285,0.16241752
28.0,0.7857142857142857,0.14285714285714285,0.12332856
28.0,0.8571428571428571,0.14285714285714285,0.0823973
28.0,0.9285714285714285,0.14285714285714285,0.039936967
28.0,1.0,0.14285714285714285,-0.00505297
28.0,0.0,0.21428571428571427,-0.004941743
28.0,0.07142857142857142,0.21428571428571427,0.056693718
28.0,0.14285714285714285,0.21428571428571427,0.12010034
28.0,0.21428571428571427,0.21428571428571427,0.18380816
28.0,0.2857142857142857,0.21428571428571427,0.24633087
28.0,0.3571428571428571,0.21428571428571427,0.30646098
28.0,0.42857142857142855,0.21428571428571427,0.35736638
28.0,0.5,0.21428571428571427,0.37761438
28.0,0.5714285714285714,0.21428571428571427,0.3540386
28.0,0.6428571428571428,0.21428571428571427,0.30404332
28.0,0.7142857142857142,0.21428571428571427,0.24587967
28.0,0.7857142857142857,0.21428571428571427,0.18447416
28.0,0.8571428571428571,0.21428571428571427,0.12206303
28.0,0.9285714285714285,0.21428571428571427,0.059381194
28.0,1.0,0.21428571428571427,-0.0050812745
28.0,0.0,0.2857142857142857,-0.005977967
28.0,0.07142857142857142,0.2857142857142857,0.075565256
28.0,0.14285714285714285,0.2857142857142857,0.16014871
28.0,0.21428571428571427,0.2857142857142857,0.2449861
28.0,0.2857142857142857,0.2857142857142857,0.32744154
28.0,0.3571428571428571,0.2857142857142857,0.40577033
28.0,0.42857142857142855,0.2857142857142857,0.47223735
28.0,0.5,0.2857142857142857,0.49997386
28.0,0.5714285714285714,0.2857142857142857,0.47064433
28.0,0.6428571428571428,0.2857142857142857,0.4055129
28.0,0.7142857142857142,0.2857142857142857,0.3272818
28.0,0.7857142857142857,0.2857142857142857,0.2444983
28.0,0.8571428571428571,0.2857142857142857,0.1614684
28.0,0.9285714285714285,0.2857142857142857,0.07839277
28.0,1.0,0.2857142857142857,-0.00617312
28.0,0.0,0.3571428571428571,-0.0064802924
28.0,0.07142857142857142,0.3571428571428571,0.09577921
28.0,0.14285714285714285,0.3571428571428571,0.20103122
28.0,0.21428571428571427,0.3571428571428571,0.30505815
28.0,0.2857142857142857,0.3571428571428571,0.40485173
28.0,0.3571428571428571,0.3571428571428571,0.49942192
28.0,0.42857142857142855,0.3571428571428571,0.5809535
28.0,0.5,0.3571428571428571,0.61684126
28.0,0.5714285714285714,0.3571428571428571,0.5822049
28.0,0.6428571428571428,0.3571428571428571,0.5021005
28.0,0.7142857142857142,0.3571428571428571,0.40471396
28.0,0.7857142857142857,0.3571428571428571,0.30259404
28.0,0.8571428571428571,0.3571428571428571,0.20057987
28.0,0.9285714285714285,0.3571428571428571,0.09780956
28.0,1.0,0.3571428571428571,-0.0059773037
28.0,0.0,0.42857142857142855,-0.007966847
28.0,0.07142857142857142,0.42857142857142855,0.11300047
28.0,0.14285714285714285,0.42857142857142855,0.23624288
28.0,0.21428571428571427,0.42857142857142855,0.35622934
28.0,0.2857142857142857,0.42857142857142855,0.4701952
28.0,0.3571428571428571,0.42857142857142855,0.57847697
28.0,0.42857142857142855,0.42857142857142855,0.67349356
28.0,0.5,0.42857142857142855,0.7171122
28.0,0.5714285714285714,0.42857142857142855,0.676972
28.0,0.6428571428571428,0.42857142857142855,0.58277017
28.0,0.7142857142857142,0.42857142857142855,0.4695976
28.0,0.7857142857142857,0.42857142857142855,0.35250303
28.0,0.8571428571428571,0.42857142857142855,0.2350326
28.0,0.9285714285714285,0.42857142857142855,0.11573198
28.0,1.0,0.42857142857142855,-0.0034831846
28.0,0.0,0.5,-0.009286479
28.0,0.07142857142857142,0.5,0.11959701
28.0,0.14285714285714285,0.5,0.2506169
28.0,0.21428571428571427,0.5,0.3777288
28.0,0.2857142857142857,0.5,0.49834034
28.0,0.3571428571428571,0.5,0.6129935
28.0,0.42857142857142855,0.5,0.7137751
28.0,0.5,0.5,0.76048034
28.0,0.5714285714285714,0.5,0.7169798
28.0,0.6428571428571428,0.5,0.6165002
28.0,0.7142857142857142,0.5,0.49804434
28.0,0.7857142857142857,0.5,0.37579477
28.0,0.8571428571428571,0.5,0.25163096
28.0,0.9285714285714285,0.5,0.12463655
28.0,1.0,0.5,-0.0011192495
28.0,0.0,0.5714285714285714,-0.005912804
28.0,0.07142857142857142,0.5714285714285714,0.11442193
28.0,0.14285714285714285,0.5714285714285714,0.23655726
28.0,0.21428571428571427,0.5714285714285714,0.35615176
28.0,0.2857142857142857,0.5714285714285714,0.47151688
28.0,0.3571428571428571,0.5714285714285714,0.58198416
28.0,0.42857142857142855,0.5714285714285714,0.67707354
28.0,0.5,0.5714285714285714,0.7184919
28.0,0.5714285714285714,0.5714285714285714,0.6755227
28.0,0.6428571428571428,0.5714285714285714,0.58107084
28.0,0.7142857142857142,0.5714285714285714,0.4707038
28.0,0.7857142857142857,0.5714285714285714,0.3556044
28.0,0.8571428571428571,0.5714285714285714,0.23738149
28.0,0.9285714285714285,0.5714285714285714,0.11641314
28.0,1.0,0.5714285714285714,-0.0026122862
28.0,0.0,0.6428571428571428,-0.0038218582
28.0,0.07142857142857142,0.6428571428571428,0.09815207
28.0,0.14285714285714285,0.6428571428571428,0.20111947
28.0,0.21428571428571427,0.6428571428571428,0.30342367
28.0,0.2857142857142857,0.6428571428571428,0.40470153
28.0,0.3571428571428571,0.6428571428571428,0.5029282
28.0,0.42857142857142855,0.6428571428571428,0.5853367
28.0,0.5,0.6428571428571428,0.61879855
28.0,0.5714285714285714,0.6428571428571428,0.5817792
28.0,0.6428571428571428,0.6428571428571428,0.50164837
28.0,0.7142857142857142,0.6428571428571428,0.40665963
28.0,0.7857142857142857,0.6428571428571428,0.30611944
28.0,0.8571428571428571,0.6428571428571428,0.20268099
28.0,0.9285714285714285,0.6428571428571428,0.097882695
28.0,1.0,0.6428571428571428,-0.004601755
28.0,0.0,0.7142857142857142,-0.0035898099
28.0,0.07142857142857142,0.7142857142857142,0.0781096
28.0,0.14285714285714285,0.7142857142857142,0.15978804
28.0,0.21428571428571427,0.7142857142857142,0.24162601
28.0,0.2857142857142857,0.7142857142857142,0.3241218
28.0,0.3571428571428571,0.7142857142857142,0.4048639
28.0,0.42857142857142855,0.7142857142857142,0.47157192
28.0,0.5,0.7142857142857142,0.498273
28.0,0.5714285714285714,0.7142857142857142,0.47000888
28.0,0.6428571428571428,0.7142857142857142,0.40595984
28.0,0.7142857142857142,0.7142857142857142,0.32815072
28.0,0.7857142857142857,0.7142857142857142,0.24576257
28.0,0.8571428571428571,0.7142857142857142,0.1619892
28.0,0.9285714285714285,0.7142857142857142,0.07802687
28.0,1.0,0.7142857142857142,-0.004367032
28.0,0.0,0.7857142857142857,-0.0032017017
28.0,0.07142857142857142,0.7857142857142857,0.05906304
28.0,0.14285714285714285,0.7857142857142857,0.119994365
28.0,0.21428571428571427,0.7857142857142857,0.18080088
28.0,0.2857142857142857,0.7857142857142857,0.24269788
28.0,0.3571428571428571,0.7857142857142857,0.30386677
28.0,0.42857142857142855,0.7857142857142857,0.3542716
28.0,0.5,0.7857142857142857,0.37484485
28.0,0.5714285714285714,0.7857142857142857,0.35457066
28.0,0.6428571428571428,0.7857142857142857,0.30557027
28.0,0.7142857142857142,0.7857142857142857,0.24532281
28.0,0.7857142857142857,0.7857142857142857,0.18281856
28.0,0.8571428571428571,0.7857142857142857,0.12059129
28.0,0.9285714285714285,0.7857142857142857,0.05835656
28.0,1.0,0.7857142857142857,-0.0041081244
28.0,0.0,0.8571428571428571,-0.0027050832
28.0,0.07142857142857142,0.8571428571428571,0.041066468
28.0,0.14285714285714285,0.8571428571428571,0.08179587
28.0,0.21428571428571427,0.8571428571428571,0.12133264
28.0,0.2857142857142857,0.8571428571428571,0.161635
28.0,0.3571428571428571,0.8571428571428571,0.20200579
28.0,0.42857142857142855,0.8571428571428571,0.23548266
28.0,0.5,0.8571428571428571,0.24942751
28.0,0.5714285714285714,0.8571428571428571,0.2361664
28.0,0.6428571428571428,0.8571428571428571,0.20256943
28.0,0.7142857142857142,0.8571428571428571,0.16134526
28.0,0.7857142857142857,0.8571428571428571,0.1199104
28.0,0.8571428571428571,0.8571428571428571,0.079479076
28.0,0.9285714285714285,0.8571428571428571,0.038250566
28.0,1.0,0.8571428571428571,-0.0054976055
28.0,0.0,0.9285714285714285,-0.0042873705
28.0,0.07142857142857142,0.9285714285714285,0.021370586
28.0,0.14285714285714285,0.9285714285714285,0.04209821
28.0,0.21428571428571427,0.9285714285714285,0.060305126
28.0,0.2857142857142857,0.9285714285714285,0.07870617
28.0,0.3571428571428571,0.9285714285714285,0.09800844
28.0,0.42857142857142855,0.9285714285714285,0.11471861
28.0,0.5,0.9285714285714285,0.12207147
28.0,0.5714285714285714,0.9285714285714285,0.11562013
28.0,0.6428571428571428,0.9285714285714285,0.09833342
28.0,0.7142857142857142,0.9285714285714285,0.07740194
28.0,0.7857142857142857,0.9285714285714285,0.057334647
28.0,0.8571428571428571,0.9285714285714285,0.03791464
28.0,0.9285714285714285,0.9285714285714285,0.016333926
28.0,1.0,0.9285714285714285,-0.010014814
28.0,0.0,1.0,-0.011687872
28.0,0.07142857142857142,1.0,-0.0041488456
28.0,0.14285714285714285,1.0,-0.0030661887
28.0,0.21428571428571427,1.0,-0.005396153
28.0,0.2857142857142857,1.0,-0.0076252716
28.0,0.3571428571428571,1.0,-0.0074933814
28.0,0.42857142857142855,1.0,-0.0052122185
28.0,0.5,1.0,-0.0029203529
28.0,0.5714285714285714,1.0,-0.002535523
28.0,0.6428571428571428,1.0,-0.0038567567
28.0,0.7142857142857142,1.0,-0.004949332
28.0,0.7857142857142857,1.0,-0.0047520185
28.0,0.8571428571428571,1.0,-0.004843504
28.0,0.9285714285714285,1.0,-0.008560956
28.0,1.0,1.0,-0.018920984
29.0,0.0,0.0,-0.013458996
29.0,0.07142857142857142,0.0,-0.0051279394
29.0,0.14285714285714285,0.0,-0.0021296022
29.0,0.21428571428571427,0.0,-0.0035884948
29.0,0.2857142857142857,0.0,-0.0067416597
29.0,0.3571428571428571,0.0,-0.0074589634
29.0,0.42857142857142855,0.0,-0.004763364
29.0,0.5,0.0,-0.0032520117
29.0,0.5714285714285714,0.0,-0.0055840733
29.0,0.6428571428571428,0.0,-0.0077659646
29.0,0.7142857142857142,0.0,-0.0063072788
29.0,0.7857142857142857,0.0,-0.0033787126
29.0,0.8571428571428571,0.0,-0.0030500228
29.0,0.9285714285714285,0.0,-0.007472054
29.0,1.0,0.0,-0.01736936
29.0,0.0,0.07142857142857142,-0.0063722115
29.0,0.07142857142857142,0.07142857142857142,0.018630225
29.0,0.14285714285714285,0.07142857142857142,0.040603936
29.0,0.21428571428571427,0.07142857142857142,0.059825636
29.0,0.2857142857142857,0.07142857142857142,0.07775577
29.0,0.3571428571428571,0.07142857142857142,0.09663341
29.0,0.42857142857142855,0.07142857142857142,0.11442395
29.0,0.5,0.07142857142857142,0.12135532
29.0,0.5714285714285714,0.07142857142857142,0.11217583
29.0,0.6428571428571428,0.07142857142857142,0.094873615
29.0,0.7142857142857142,0.07142857142857142,0.077727355
29.0,0.7857142857142857,0.07142857142857142,0.060636885
29.0,0.8571428571428571,0.07142857142857142,0.041106828
29.0,0.9285714285714285,0.07142857142857142,0.018304221
29.0,1.0,0.07142857142857142,-0.008401462
29.0,0.0,0.14285714285714285,-0.0043155057
29.0,0.07142857142857142,0.14285714285714285,0.038450647
29.0,0.14285714285714285,0.14285714285714285,0.08076964
29.0,0.21428571428571427,0.14285714285714285,0.12219656
29.0,0.2857142857142857,0.14285714285714285,0.16271923
29.0,0.3571428571428571,0.14285714285714285,0.20256214
29.0,0.42857142857142855,0.14285714285714285,0.2367807
29.0,0.5,0.14285714285714285,0.24993642
29.0,0.5714285714285714,0.14285714285714285,0.23346251
29.0,0.6428571428571428,0.14285714285714285,0.19984703
29.0,0.7142857142857142,0.14285714285714285,0.16237758
29.0,0.7857142857142857,0.14285714285714285,0.12332138
29.0,0.8571428571428571,0.14285714285714285,0.082432225
29.0,0.9285714285714285,0.14285714285714285,0.040025808
29.0,1.0,0.14285714285714285,-0.00490936
29.0,0.0,0.21428571428571427,-0.0048561115
29.0,0.07142857142857142,0.21428571428571427,0.0566876
29.0,0.14285714285714285,0.21428571428571427,0.12003025
29.0,0.21428571428571427,0.21428571428571427,0.18372081
29.0,0.2857142857142857,0.21428571428571427,0.2462423
29.0,0.3571428571428571,0.21428571428571427,0.3062129
29.0,0.42857142857142855,0.21428571428571427,0.35659733
29.0,0.5,0.21428571428571427,0.37648684
29.0,0.5714285714285714,0.21428571428571427,0.3533357
29.0,0.6428571428571428,0.21428571428571427,0.30386403
29.0,0.7142857142857142,0.21428571428571427,0.24587627
29.0,0.7857142857142857,0.21428571428571427,0.18449531
29.0,0.8571428571428571,0.21428571428571427,0.12210248
29.0,0.9285714285714285,0.21428571428571427,0.059480637
29.0,1.0,0.21428571428571427,-0.004898385
29.0,0.0,0.2857142857142857,-0.0057711573
29.0,0.07142857142857142,0.2857142857142857,0.07561897
29.0,0.14285714285714285,0.2857142857142857,0.16007341
29.0,0.21428571428571427,0.2857142857142857,0.24484695
29.0,0.2857142857142857,0.2857142857142857,0.32728425
29.0,0.3571428571428571,0.2857142857142857,0.40542898
29.0,0.42857142857142855,0.2857142857142857,0.47124016
29.0,0.5,0.2857142857142857,0.49849722
29.0,0.5714285714285714,0.2857142857142857,0.4697546
29.0,0.6428571428571428,0.2857142857142857,0.40532148
29.0,0.7142857142857142,0.2857142857142857,0.32729134
29.0,0.7857142857142857,0.2857142857142857,0.24447553
29.0,0.8571428571428571,0.2857142857142857,0.16144262
29.0,0.9285714285714285,0.2857142857142857,0.07847407
29.0,1.0,0.2857142857142857,-0.005938784
29.0,0.0,0.3571428571428571,-0.0061591538
29.0,0.07142857142857142,0.3571428571428571,0.095835716
29.0,0.14285714285714285,0.3571428571428571,0.20084183
29.0,0.21428571428571427,0.3571428571428571,0.30471832
29.0,0.2857142857142857,0.3571428571428571,0.40445578
29.0,0.3571428571428571,0.3571428571428571,0.4987975
29.0,0.42857142857142855,0.3571428571428571,0.579499
29.0,0.5,0.3571428571428571,0.6147137
29.0,0.5714285714285714,0.3571428571428571,0.58078843
29.0,0.6428571428571428,0.3571428571428571,0.5015694
29.0,0.7142857142857142,0.3571428571428571,0.40444282
29.0,0.7857142857142857,0.3571428571428571,0.30229035
29.0,0.8571428571428571,0.3571428571428571,0.20033942
29.0,0.9285714285714285,0.3571428571428571,0.09780899
29.0,1.0,0.3571428571428571,-0.005698473
29.0,0.0,0.42857142857142855,-0.0076767253
29.0,0.07142857142857142,0.42857142857142855,0.11287582
29.0,0.14285714285714285,0.42857142857142855,0.23570384
29.0,0.21428571428571427,0.42857142857142855,0.35539427
29.0,0.2857142857142857,0.42857142857142855,0.46918586
29.0,0.3571428571428571,0.42857142857142855,0.5770874
29.0,0.42857142857142855,0.42857142857142855,0.6709852
29.0,0.5,0.42857142857142855,0.7136211
29.0,0.5714285714285714,0.42857142857142855,0.67428994
29.0,0.6428571428571428,0.42857142857142855,0.58127713
29.0,0.7142857142857142,0.42857142857142855,0.4685971
29.0,0.7857142857142857,0.42857142857142855,0.3516476
29.0,0.8571428571428571,0.42857142857142855,0.23444584
29.0,0.9285714285714285,0.42857142857142855,0.11559325
29.0,1.0,0.42857142857142855,-0.003182293
29.0,0.0,0.5,-0.009048932
29.0,0.07142857142857142,0.5,0.1193595
29.0,0.14285714285714285,0.5,0.24988304
29.0,0.21428571428571427,0.5,0.37660146
29.0,0.2857142857142857,0.5,0.49692157
29.0,0.3571428571428571,0.5,0.6110376
29.0,0.42857142857142855,0.5,0.71049273
29.0,0.5,0.5,0.7560095
29.0,0.5714285714285714,0.5,0.7133983
29.0,0.6428571428571428,0.5,0.6143742
29.0,0.7142857142857142,0.5,0.49661884
29.0,0.7857142857142857,0.5,0.37464735
29.0,0.8571428571428571,0.5,0.2508603
29.0,0.9285714285714285,0.5,0.124419115
29.0,1.0,0.5,-0.00081078056
29.0,0.0,0.5714285714285714,-0.00559041
29.0,0.07142857142857142,0.5714285714285714,0.11437764
29.0,0.14285714285714285,0.5714285714285714,0.23616199
29.0,0.21428571428571427,0.5714285714285714,0.3555076
29.0,0.2857142857142857,0.5714285714285714,0.47069058
29.0,0.3571428571428571,0.5714285714285714,0.5807112
29.0,0.42857142857142855,0.5714285714285714,0.6746541
29.0,0.5,0.5714285714285714,0.7150915
29.0,0.5714285714285714,0.5714285714285714,0.6729601
29.0,0.6428571428571428,0.5714285714285714,0.57978237
29.0,0.7142857142857142,0.5714285714285714,0.4699412
29.0,0.7857142857142857,0.5714285714285714,0.35493907
29.0,0.8571428571428571,0.5714285714285714,0.23689331
29.0,0.9285714285714285,0.5714285714285714,0.11631515
29.0,1.0,0.5714285714285714,-0.002278679
29.0,0.0,0.6428571428571428,-0.0034776637
29.0,0.07142857142857142,0.6428571428571428,0.09824155
29.0,0.14285714285714285,0.6428571428571428,0.20102067
29.0,0.21428571428571427,0.6428571428571428,0.30324486
29.0,0.2857142857142857,0.6428571428571428,0.40446877
29.0,0.3571428571428571,0.6428571428571428,0.502369
29.0,0.42857142857142855,0.6428571428571428,0.5838991
29.0,0.5,0.6428571428571428,0.61669004
29.0,0.5714285714285714,0.6428571428571428,0.58033866
29.0,0.6428571428571428,0.6428571428571428,0.501136
29.0,0.7142857142857142,0.6428571428571428,0.40647414
29.0,0.7857142857142857,0.6428571428571428,0.30590904
29.0,0.8571428571428571,0.6428571428571428,0.20249008
29.0,0.9285714285714285,0.6428571428571428,0.097900294
29.0,1.0,0.6428571428571428,-0.004294851
29.0,0.0,0.7142857142857142,-0.003306822
29.0,0.07142857142857142,0.7142857142857142,0.07819552
29.0,0.14285714285714285,0.7142857142857142,0.1597618
29.0,0.21428571428571427,0.7142857142857142,0.24158473
29.0,0.2857142857142857,0.7142857142857142,0.32406732
29.0,0.3571428571428571,0.7142857142857142,0.40454632
29.0,0.42857142857142855,0.7142857142857142,0.47057596
29.0,0.5,0.7142857142857142,0.49679586
29.0,0.5714285714285714,0.7142857142857142,0.46900165
29.0,0.6428571428571428,0.7142857142857142,0.4056296
29.0,0.7142857142857142,0.7142857142857142,0.3280737
29.0,0.7857142857142857,0.7142857142857142,0.24566646
29.0,0.8571428571428571,0.7142857142857142,0.16188723
29.0,0.9285714285714285,0.7142857142857142,0.07805791
29.0,1.0,0.7142857142857142,-0.0041250894
29.0,0.0,0.7857142857142857,-0.0029931003
29.0,0.07142857142857142,0.7857142857142857,0.05910091
29.0,0.14285714285714285,0.7857142857142857,0.11994778
29.0,0.21428571428571427,0.7857142857142857,0.18075727
29.0,0.2857142857142857,0.7857142857142857,0.24265803
29.0,0.3571428571428571,0.7857142857142857,0.30362993
29.0,0.42857142857142855,0.7857142857142857,0.35353988
29.0,0.5,0.7857142857142857,0.37376577
29.0,0.5714285714285714,0.7857142857142857,0.35379082
29.0,0.6428571428571428,0.7857142857142857,0.30527294
29.0,0.7142857142857142,0.7857142857142857,0.24522601
29.0,0.7857142857142857,0.7857142857142857,0.18271749
29.0,0.8571428571428571,0.7857142857142857,0.12048998
29.0,0.9285714285714285,0.7857142857142857,0.05836218
29.0,1.0,0.7857142857142857,-0.003924259
29.0,0.0,0.8571428571428571,-0.0025543356
29.0,0.07142857142857142,0.8571428571428571,0.041061055
29.0,0.14285714285714285,0.8571428571428571,0.08172029
29.0,0.21428571428571427,0.8571428571428571,0.12127579
29.0,0.2857142857142857,0.8571428571428571,0.16161197
29.0,0.3571428571428571,0.8571428571428571,0.20187618
29.0,0.42857142857142855,0.8571428571428571,0.23504712
29.0,0.5,0.8571428571428571,0.24877115
29.0,0.5714285714285714,0.8571428571428571,0.23568034
29.0,0.6428571428571428,0.8571428571428571,0.20238765
29.0,0.7142857142857142,0.8571428571428571,0.16128498
29.0,0.7857142857142857,0.8571428571428571,0.11982439
29.0,0.8571428571428571,0.8571428571428571,0.07937535
29.0,0.9285714285714285,0.8571428571428571,0.038224857
29.0,1.0,0.8571428571428571,-0.0053707333
29.0,0.0,0.9285714285714285,-0.004177843
29.0,0.07142857142857142,0.9285714285714285,0.021341536
29.0,0.14285714285714285,0.9285714285714285,0.042023137
29.0,0.21428571428571427,0.9285714285714285,0.060277767
29.0,0.2857142857142857,0.9285714285714285,0.07875538
29.0,0.3571428571428571,0.9285714285714285,0.09804838
29.0,0.42857142857142855,0.9285714285714285,0.114623435
29.0,0.5,0.9285714285714285,0.12186887
29.0,0.5714285714285714,0.9285714285714285,0.1155015
29.0,0.6428571428571428,0.9285714285714285,0.09836448
29.0,0.7142857142857142,0.9285714285714285,0.07745894
29.0,0.7857142857142857,0.9285714285714285,0.057316206
29.0,0.8571428571428571,0.9285714285714285,0.03783713
29.0,0.9285714285714285,0.9285714285714285,0.016290773
29.0,1.0,0.9285714285714285,-0.009939992
29.0,0.0,1.0,-0.01160127
29.0,0.07142857142857142,1.0,-0.0041663246
29.0,0.14285714285714285,1.0,-0.003088057
29.0,0.21428571428571427,1.0,-0.0053309416
29.0,0.2857142857142857,1.0,-0.007441961
29.0,0.3571428571428571,1.0,-0.0072425986
29.0,0.42857142857142855,1.0,-0.0049738334
29.0,0.5,1.0,-0.0027049044
29.0,0.5714285714285714,1.0,-0.0022834847
29.0,0.6428571428571428,1.0,-0.0035705352
29.0,0.7142857142857142,1.0,-0.004725517
29.0,0.7857142857142857,1.0,-0.0046618553
29.0,0.8571428571428571,1.0,-0.004862399
29.0,0.9285714285714285,1.0,-0.008596421
29.0,1.0,1.0,-0.018881176
30.0,0.0,0.0,-0.013372804
30.0,0.07142857142857142,0.0,-0.005100795
30.0,0.14285714285714285,0.0,-0.0021284102
30.0,0.21428571428571427,0.0,-0.0035547484
30.0,0.2857142857142857,0.0,-0.0066103665
30.0,0.3571428571428571,0.0,-0.007231242
30.0,0.42857142857142855,0.0,-0.004516295
30.0,0.5,0.0,-0.0029927036
30.0,0.5714285714285714,0.0,-0.005262439
30.0,0.6428571428571428,0.0,-0.007450477
30.0,0.7142857142857142,0.0,-0.0060963864
30.0,0.7857142857142857,0.0,-0.0032506147
30.0,0.8571428571428571,0.0,-0.002926887
30.0,0.9285714285714285,0.0,-0.007308551
30.0,1.0,0.0,-0.017163843
30.0,0.0,0.07142857142857142,-0.006324718
30.0,0.07142857142857142,0.07142857142857142,0.018619236
30.0,0.14285714285714285,0.07142857142857142,0.040565226
30.0,0.21428571428571427,0.07142857142857142,0.059808016
30.0,0.2857142857142857,0.07142857142857142,0.07779443
30.0,0.3571428571428571,0.07142857142857142,0.09666477
30.0,0.42857142857142855,0.07142857142857142,0.11429367
30.0,0.5,0.07142857142857142,0.12111627
30.0,0.5714285714285714,0.07142857142857142,0.11207097
30.0,0.6428571428571428,0.07142857142857142,0.09490494
30.0,0.7142857142857142,0.07142857142857142,0.07775592
30.0,0.7857142857142857,0.07142857142857142,0.06065055
30.0,0.8571428571428571,0.07142857142857142,0.041152507
30.0,0.9285714285714285,0.07142857142857142,0.018404178
30.0,1.0,0.07142857142857142,-0.008250275
30.0,0.0,0.14285714285714285,-0.004277313
30.0,0.07142857142857142,0.14285714285714285,0.038420793
30.0,0.14285714285714285,0.14285714285714285,0.080701955
30.0,0.21428571428571427,0.14285714285714285,0.122133784
30.0,0.2857142857142857,0.14285714285714285,0.16267528
30.0,0.3571428571428571,0.14285714285714285,0.20241512
30.0,0.42857142857142855,0.14285714285714285,0.2362829
30.0,0.5,0.14285714285714285,0.24920456
30.0,0.5714285714285714,0.14285714285714285,0.23298769
30.0,0.6428571428571428,0.14285714285714285,0.19969738
30.0,0.7142857142857142,0.14285714285714285,0.16233492
30.0,0.7857142857142857,0.14285714285714285,0.123311676
30.0,0.8571428571428571,0.14285714285714285,0.08246429
30.0,0.9285714285714285,0.14285714285714285,0.04011578
30.0,1.0,0.14285714285714285,-0.004756422
30.0,0.0,0.21428571428571427,-0.004763752
30.0,0.07142857142857142,0.21428571428571427,0.056683213
30.0,0.14285714285714285,0.21428571428571427,0.1199579
30.0,0.21428571428571427,0.21428571428571427,0.18362778
30.0,0.2857142857142857,0.21428571428571427,0.24614294
30.0,0.3571428571428571,0.21428571428571427,0.30595025
30.0,0.42857142857142855,0.21428571428571427,0.35582533
30.0,0.5,0.21428571428571427,0.3753709
30.0,0.5714285714285714,0.21428571428571427,0.35263377
30.0,0.6428571428571428,0.21428571428571427,0.30367824
30.0,0.7142857142857142,0.21428571428571427,0.24586786
30.0,0.7857142857142857,0.21428571428571427,0.18451011
30.0,0.8571428571428571,0.21428571428571427,0.12213423
30.0,0.9285714285714285,0.21428571428571427,0.059577145
30.0,1.0,0.21428571428571427,-0.0047088647
30.0,0.0,0.2857142857142857,-0.005557644
30.0,0.07142857142857142,0.2857142857142857,0.07567278
30.0,0.14285714285714285,0.2857142857142857,0.15999489
30.0,0.21428571428571427,0.2857142857142857,0.24470289
30.0,0.2857142857142857,0.2857142857142857,0.32711864
30.0,0.3571428571428571,0.2857142857142857,0.40507457
30.0,0.42857142857142855,0.2857142857142857,0.47024286
30.0,0.5,0.2857142857142857,0.4970391
30.0,0.5714285714285714,0.2857142857142857,0.4688629
30.0,0.6428571428571428,0.2857142857142857,0.4051154
30.0,0.7142857142857142,0.2857142857142857,0.3272892
30.0,0.7857142857142857,0.2857142857142857,0.24444138
30.0,0.8571428571428571,0.2857142857142857,0.16140239
30.0,0.9285714285714285,0.2857142857142857,0.078546874
30.0,1.0,0.2857142857142857,-0.00569968
30.0,0.0,0.3571428571428571,-0.0058316374
30.0,0.07142857142857142,0.3571428571428571,0.09589084
30.0,0.14285714285714285,0.3571428571428571,0.20064867
30.0,0.21428571428571427,0.3571428571428571,0.30437806
30.0,0.2857142857142857,0.3571428571428571,0.40405855
30.0,0.3571428571428571,0.3571428571428571,0.49816766
30.0,0.42857142857142855,0.3571428571428571,0.57805306
30.0,0.5,0.3571428571428571,0.61261624
30.0,0.5714285714285714,0.3571428571428571,0.5793694
30.0,0.6428571428571428,0.3571428571428571,0.50101745
30.0,0.7142857142857142,0.3571428571428571,0.40415803
30.0,0.7857142857142857,0.3571428571428571,0.30197412
30.0,0.8571428571428571,0.3571428571428571,0.2000823
30.0,0.9285714285714285,0.3571428571428571,0.09779706
30.0,1.0,0.3571428571428571,-0.005415828
30.0,0.0,0.42857142857142855,-0.0073757144
30.0,0.07142857142857142,0.42857142857142855,0.112753205
30.0,0.14285714285714285,0.42857142857142855,0.23516984
30.0,0.21428571428571427,0.42857142857142855,0.35457268
30.0,0.2857142857142857,0.42857142857142855,0.4681959
30.0,0.3571428571428571,0.42857142857142855,0.5757164
30.0,0.42857142857142855,0.42857142857142855,0.66851497
30.0,0.5,0.42857142857142855,0.71019864
30.0,0.5714285714285714,0.42857142857142855,0.6716386
30.0,0.6428571428571428,0.42857142857142855,0.5797878
30.0,0.7142857142857142,0.42857142857142855,0.4676057
30.0,0.7857142857142857,0.42857142857142855,0.35079706
30.0,0.8571428571428571,0.42857142857142855,0.23385109
30.0,0.9285714285714285,0.42857142857142855,0.11544732
30.0,1.0,0.42857142857142855,-0.0028756643
30.0,0.0,0.5,-0.008796946
30.0,0.07142857142857142,0.5,0.119128875
30.0,0.14285714285714285,0.5,0.2491601
30.0,0.21428571428571427,0.5,0.37549713
30.0,0.2857142857142857,0.5,0.495536
30.0,0.3571428571428571,0.5,0.60911894
30.0,0.42857142857142855,0.5,0.7072741
30.0,0.5,0.5,0.7516462
30.0,0.5714285714285714,0.5,0.7098872
30.0,0.6428571428571428,0.5,0.6122833
30.0,0.7142857142857142,0.5,0.4952275
30.0,0.7857142857142857,0.5,0.3735236
30.0,0.8571428571428571,0.5,0.2500941
30.0,0.9285714285714285,0.5,0.12419916
30.0,1.0,0.5,-0.0004941458
30.0,0.0,0.5714285714285714,-0.0052645067
30.0,0.07142857142857142,0.5714285714285714,0.11432815
30.0,0.14285714285714285,0.5714285714285714,0.2357606
30.0,0.21428571428571427,0.5714285714285714,0.35486302
30.0,0.2857142857142857,0.5714285714285714,0.46986535
30.0,0.3571428571428571,0.5714285714285714,0.5794343
30.0,0.42857142857142855,0.5714285714285714,0.6722484
30.0,0.5,0.5714285714285714,0.71174055
30.0,0.5714285714285714,0.5714285714285714,0.67041886
30.0,0.6428571428571428,0.5714285714285714,0.57848746
30.0,0.7142857142857142,0.5714285714285714,0.46917975
30.0,0.7857142857142857,0.5714285714285714,0.35427892
30.0,0.8571428571428571,0.5714285714285714,0.23640244
30.0,0.9285714285714285,0.5714285714285714,0.11621254
30.0,1.0,0.5714285714285714,-0.0019376585
30.0,0.0,0.6428571428571428,-0.0031343633
30.0,0.07142857142857142,0.6428571428571428,0.098324075
30.0,0.14285714285714285,0.6428571428571428,0.20091394
30.0,0.21428571428571427,0.6428571428571428,0.3030586
30.0,0.2857142857142857,0.6428571428571428,0.4042242
30.0,0.3571428571428571,0.6428571428571428,0.50178814
30.0,0.42857142857142855,0.6428571428571428,0.58245164
30.0,0.5,0.6428571428571428,0.6145986
30.0,0.5714285714285714,0.6428571428571428,0.5788967
30.0,0.6428571428571428,0.6428571428571428,0.5006008
30.0,0.7142857142857142,0.6428571428571428,0.40627086
30.0,0.7857142857142857,0.6428571428571428,0.30568805
30.0,0.8571428571428571,0.6428571428571428,0.202289
30.0,0.9285714285714285,0.6428571428571428,0.09791167
30.0,1.0,0.6428571428571428,-0.0039798403
30.0,0.0,0.7142857142857142,-0.0030225078
30.0,0.07142857142857142,0.7142857142857142,0.078279756
30.0,0.14285714285714285,0.7142857142857142,0.15973385
30.0,0.21428571428571427,0.7142857142857142,0.24154098
30.0,0.2857142857142857,0.7142857142857142,0.32400358
30.0,0.3571428571428571,0.7142857142857142,0.40421155
30.0,0.42857142857142855,0.7142857142857142,0.46957317
30.0,0.5,0.7142857142857142,0.49533406
30.0,0.5714285714285714,0.7142857142857142,0.46799874
30.0,0.6428571428571428,0.7142857142857142,0.40528667
30.0,0.7142857142857142,0.7142857142857142,0.32798347
30.0,0.7857142857142857,0.7142857142857142,0.2455615
30.0,0.8571428571428571,0.7142857142857142,0.16177805
30.0,0.9285714285714285,0.7142857142857142,0.07808615
30.0,1.0,0.7142857142857142,-0.0038741687
30.0,0.0,0.7857142857142857,-0.00278169
30.0,0.07142857142857142,0.7857142857142857,0.059141397
30.0,0.14285714285714285,0.7857142857142857,0.119904034
30.0,0.21428571428571427,0.7857142857142857,0.18071611
30.0,0.2857142857142857,0.7857142857142857,0.24261369
30.0,0.3571428571428571,0.7857142857142857,0.30338117
30.0,0.42857142857142855,0.7857142857142857,0.35280222
30.0,0.5,0.7857142857142857,0.37269643
30.0,0.5714285714285714,0.7857142857142857,0.35301444
30.0,0.6428571428571428,0.7857142857142857,0.30496746
30.0,0.7142857142857142,0.7857142857142857,0.24512114
30.0,0.7857142857142857,0.7857142857142857,0.18261263
30.0,0.8571428571428571,0.7857142857142857,0.12038685
30.0,0.9285714285714285,0.7857142857142857,0.058369137
30.0,1.0,0.7857142857142857,-0.0037313597
30.0,0.0,0.8571428571428571,-0.002401487
30.0,0.07142857142857142,0.8571428571428571,0.04105864
30.0,0.14285714285714285,0.8571428571428571,0.08164976
30.0,0.21428571428571427,0.8571428571428571,0.12122386
30.0,0.2857142857142857,0.8571428571428571,0.16158794
30.0,0.3571428571428571,0.8571428571428571,0.20173937
30.0,0.42857142857142855,0.8571428571428571,0.23460694
30.0,0.5,0.8571428571428571,0.24811845
30.0,0.5714285714285714,0.8571428571428571,0.2351947
30.0,0.6428571428571428,0.8571428571428571,0.20220017
30.0,0.7142857142857142,0.8571428571428571,0.16122128
30.0,0.7857142857142857,0.8571428571428571,0.11973978
30.0,0.8571428571428571,0.8571428571428571,0.07927542
30.0,0.9285714285714285,0.8571428571428571,0.038203683
30.0,1.0,0.8571428571428571,-0.0052354457
30.0,0.0,0.9285714285714285,-0.004068372
30.0,0.07142857142857142,0.9285714285714285,0.021315131
30.0,0.14285714285714285,0.9285714285714285,0.0419536
30.0,0.21428571428571427,0.9285714285714285,0.060256697
30.0,0.2857142857142857,0.9285714285714285,0.078807846
30.0,0.3571428571428571,0.9285714285714285,0.098086596
30.0,0.42857142857142855,0.9285714285714285,0.11452658
30.0,0.5,0.9285714285714285,0.12166806
30.0,0.5714285714285714,0.9285714285714285,0.11538362
30.0,0.6428571428571428,0.9285714285714285,0.098393135
30.0,0.7142857142857142,0.9285714285714285,0.07751747
30.0,0.7857142857142857,0.9285714285714285,0.057303265
30.0,0.8571428571428571,0.9285714285714285,0.037766837
30.0,0.9285714285714285,0.9285714285714285,0.016253907
30.0,1.0,0.9285714285714285,-0.009857823
30.0,0.0,1.0,-0.011517153
30.0,0.07142857142857142,1.0,-0.004181481
30.0,0.14285714285714285,1.0,-0.0031031454
30.0,0.21428571428571427,1.0,-0.0052572815
30.0,0.2857142857142857,1.0,-0.0072512077
30.0,0.3571428571428571,1.0,-0.006986958
30.0,0.42857142857142855,1.0,-0.004730721
30.0,0.5,1.0,-0.0024829144
30.0,0.5714285714285714,1.0,-0.0020259554
30.0,0.6428571428571428,1.0,-0.0032804767
30.0,0.7142857142857142,1.0,-0.004494951
30.0,0.7857142857142857,1.0,-0.004561619
30.0,0.8571428571428571,1.0,-0.004870967
30.0,0.9285714285714285,1.0,-0.008623802
30.0,1.0,1.0,-0.018834561
31.0,0.0,0.0,-0.01328628
31.0,0.07142857142857142,0.0,-0.005073468
31.0,0.14285714285714285,0.0,-0.0021255668
31.0,0.21428571428571427,0.0,-0.0035165008
31.0,0.2857142857142857,0.0,-0.006470669
31.0,0.3571428571428571,0.0,-0.006992691
31.0,0.42857142857142855,0.0,-0.0042580618
31.0,0.5,0.0,-0.0027235476
31.0,0.5714285714285714,0.0,-0.0049359137
31.0,0.6428571428571428,0.0,-0.0071330266
31.0,0.7142857142857142,0.0,-0.0058841305
31.0,0.7857142857142857,0.0,-0.0031223232
31.0,0.8571428571428571,0.0,-0.0028034458
31.0,0.9285714285714285,0.0,-0.007143357
31.0,1.0,0.0,-0.016951121
31.0,0.0,0.07142857142857142,-0.00627535
31.0,0.07142857142857142,0.07142857142857142,0.018607777
31.0,0.14285714285714285,0.07142857142857142,0.040525615
31.0,0.21428571428571427,0.07142857142857142,0.059788994
31.0,0.2857142857142857,0.07142857142857142,0.077831544
31.0,0.3571428571428571,0.07142857142857142,0.09669347
31.0,0.42857142857142855,0.07142857142857142,0.11416411
31.0,0.5,0.07142857142857142,0.12088043
31.0,0.5714285714285714,0.07142857142857142,0.11196447
31.0,0.6428571428571428,0.07142857142857142,0.094933204
31.0,0.7142857142857142,0.07142857142857142,0.07778355
31.0,0.7857142857142857,0.07142857142857142,0.060663037
31.0,0.8571428571428571,0.07142857142857142,0.041197307
31.0,0.9285714285714285,0.07142857142857142,0.018506654
31.0,1.0,0.07142857142857142,-0.008090408
31.0,0.0,0.14285714285714285,-0.00423505
31.0,0.07142857142857142,0.14285714285714285,0.03839177
31.0,0.14285714285714285,0.14285714285714285,0.08063239
31.0,0.21428571428571427,0.14285714285714285,0.122067235
31.0,0.2857142857142857,0.14285714285714285,0.16262367
31.0,0.3571428571428571,0.14285714285714285,0.20225725
31.0,0.42857142857142855,0.14285714285714285,0.23578101
31.0,0.5,0.14285714285714285,0.24847804
31.0,0.5714285714285714,0.14285714285714285,0.23251273
31.0,0.6428571428571428,0.14285714285714285,0.19954339
31.0,0.7142857142857142,0.14285714285714285,0.16228966
31.0,0.7857142857142857,0.14285714285714285,0.12329882
31.0,0.8571428571428571,0.14285714285714285,0.08249299
31.0,0.9285714285714285,0.14285714285714285,0.040206566
31.0,1.0,0.14285714285714285,-0.00459534
31.0,0.0,0.21428571428571427,-0.0046656257
31.0,0.07142857142857142,0.21428571428571427,0.05668001
31.0,0.14285714285714285,0.21428571428571427,0.11988372
31.0,0.21428571428571427,0.21428571428571427,0.18353009
31.0,0.2857142857142857,0.21428571428571427,0.24603383
31.0,0.3571428571428571,0.21428571428571427,0.30567384
31.0,0.42857142857142855,0.21428571428571427,0.35505018
31.0,0.5,0.21428571428571427,0.37426695
31.0,0.5714285714285714,0.21428571428571427,0.35193267
31.0,0.6428571428571428,0.21428571428571427,0.30348516
31.0,0.7142857142857142,0.21428571428571427,0.24585374
31.0,0.7857142857142857,0.21428571428571427,0.18451823
31.0,0.8571428571428571,0.21428571428571427,0.122157864
31.0,0.9285714285714285,0.21428571428571427,0.059669577
31.0,1.0,0.21428571428571427,-0.0045135478
31.0,0.0,0.2857142857142857,-0.005337714
31.0,0.07142857142857142,0.2857142857142857,0.075726755
31.0,0.14285714285714285,0.2857142857142857,0.15991372
31.0,0.21428571428571427,0.2857142857142857,0.24455537
31.0,0.2857142857142857,0.2857142857142857,0.3269457
31.0,0.3571428571428571,0.2857142857142857,0.40470842
31.0,0.42857142857142855,0.2857142857142857,0.46924704
31.0,0.5,0.2857142857142857,0.49559984
31.0,0.5714285714285714,0.2857142857142857,0.46796983
31.0,0.6428571428571428,0.2857142857142857,0.4048943
31.0,0.7142857142857142,0.2857142857142857,0.32727578
31.0,0.7857142857142857,0.2857142857142857,0.24439587
31.0,0.8571428571428571,0.2857142857142857,0.16134818
31.0,0.9285714285714285,0.2857142857142857,0.07860958
31.0,1.0,0.2857142857142857,-0.00545811
31.0,0.0,0.3571428571428571,-0.005499472
31.0,0.07142857142857142,0.3571428571428571,0.09594349
31.0,0.14285714285714285,0.3571428571428571,0.20045365
31.0,0.21428571428571427,0.3571428571428571,0.30403894
31.0,0.2857142857142857,0.3571428571428571,0.40366232
31.0,0.3571428571428571,0.3571428571428571,0.49753365
31.0,0.42857142857142855,0.3571428571428571,0.57661635
31.0,0.5,0.3571428571428571,0.6105493
31.0,0.5714285714285714,0.3571428571428571,0.5779496
31.0,0.6428571428571428,0.3571428571428571,0.500446
31.0,0.7142857142857142,0.3571428571428571,0.40386114
31.0,0.7857142857142857,0.3571428571428571,0.3016471
31.0,0.8571428571428571,0.3571428571428571,0.19980942
31.0,0.9285714285714285,0.3571428571428571,0.09777287
31.0,1.0,0.3571428571428571,-0.0051308954
31.0,0.0,0.42857142857142855,-0.007065472
31.0,0.07142857142857142,0.42857142857142855,0.112632796
31.0,0.14285714285714285,0.42857142857142855,0.2346404
31.0,0.21428571428571427,0.42857142857142855,0.3537668
31.0,0.2857142857142857,0.42857142857142855,0.4672273
31.0,0.3571428571428571,0.42857142857142855,0.5743642
31.0,0.42857142857142855,0.42857142857142855,0.66608137
31.0,0.5,0.42857142857142855,0.7068438
31.0,0.5714285714285714,0.42857142857142855,0.66901875
31.0,0.6428571428571428,0.42857142857142855,0.5783031
31.0,0.7142857142857142,0.42857142857142855,0.46662408
31.0,0.7857142857142857,0.42857142857142855,0.3499532
31.0,0.8571428571428571,0.42857142857142855,0.23324999
31.0,0.9285714285714285,0.42857142857142855,0.115292914
31.0,1.0,0.42857142857142855,-0.0025649602
31.0,0.0,0.5,-0.008532726
31.0,0.07142857142857142,0.5,0.11890363
31.0,0.14285714285714285,0.5,0.2484469
31.0,0.21428571428571427,0.5,0.3744159
31.0,0.2857142857142857,0.5,0.49418256
31.0,0.3571428571428571,0.5,0.60723585
31.0,0.42857142857142855,0.5,0.70411754
31.0,0.5,0.5,0.74738765
31.0,0.5714285714285714,0.5,0.7064453
31.0,0.6428571428571428,0.5,0.6102254
31.0,0.7142857142857142,0.5,0.49386898
31.0,0.7857142857142857,0.5,0.37242493
31.0,0.8571428571428571,0.5,0.24933212
31.0,0.9285714285714285,0.5,0.12397569
31.0,1.0,0.5,-0.00017136429
31.0,0.0,0.5714285714285714,-0.004938
31.0,0.07142857142857142,0.5714285714285714,0.11427172
31.0,0.14285714285714285,0.5714285714285714,0.2353538
31.0,0.21428571428571427,0.5714285714285714,0.3542184
31.0,0.2857142857142857,0.5714285714285714,0.4690403
31.0,0.3571428571428571,0.5714285714285714,0.57815295
31.0,0.42857142857142855,0.5714285714285714,0.66985613
31.0,0.5,0.5714285714285714,0.70843846
31.0,0.5714285714285714,0.5714285714285714,0.6678983
31.0,0.6428571428571428,0.5714285714285714,0.5771857
31.0,0.7142857142857142,0.5714285714285714,0.46841922
31.0,0.7857142857142857,0.5714285714285714,0.35362408
31.0,0.8571428571428571,0.5714285714285714,0.2359088
31.0,0.9285714285714285,0.5714285714285714,0.1161043
31.0,1.0,0.5714285714285714,-0.0015912587
31.0,0.0,0.6428571428571428,-0.0027934918
31.0,0.07142857142857142,0.6428571428571428,0.098399386
31.0,0.14285714285714285,0.6428571428571428,0.20079972
31.0,0.21428571428571427,0.6428571428571428,0.3028653
31.0,0.2857142857142857,0.6428571428571428,0.4039671
31.0,0.3571428571428571,0.6428571428571428,0.50118643
31.0,0.42857142857142855,0.6428571428571428,0.58099496
31.0,0.5,0.6428571428571428,0.6125247
31.0,0.5714285714285714,0.6428571428571428,0.577454
31.0,0.6428571428571428,0.6428571428571428,0.5000439
31.0,0.7142857142857142,0.6428571428571428,0.40604982
31.0,0.7857142857142857,0.6428571428571428,0.3054571
31.0,0.8571428571428571,0.6428571428571428,0.20207842
31.0,0.9285714285714285,0.6428571428571428,0.09791645
31.0,1.0,0.6428571428571428,-0.0036599124
31.0,0.0,0.7142857142857142,-0.0027384246
31.0,0.07142857142857142,0.7142857142857142,0.07836231
31.0,0.14285714285714285,0.7142857142857142,0.15970443
31.0,0.21428571428571427,0.7142857142857142,0.24149494
31.0,0.2857142857142857,0.7142857142857142,0.32393152
31.0,0.3571428571428571,0.7142857142857142,0.40386003
31.0,0.42857142857142855,0.7142857142857142,0.46856382
31.0,0.5,0.7142857142857142,0.49388787
31.0,0.5714285714285714,0.7142857142857142,0.46700057
31.0,0.6428571428571428,0.7142857142857142,0.4049312
31.0,0.7142857142857142,0.7142857142857142,0.32788014
31.0,0.7857142857142857,0.7142857142857142,0.24544783
31.0,0.8571428571428571,0.7142857142857142,0.16166195
31.0,0.9285714285714285,0.7142857142857142,0.07811128
31.0,1.0,0.7142857142857142,-0.0036161551
31.0,0.0,0.7857142857142857,-0.0025682533
31.0,0.07142857142857142,0.7857142857142857,0.059183717
31.0,0.14285714285714285,0.7857142857142857,0.11986349
31.0,0.21428571428571427,0.7857142857142857,0.18067624
31.0,0.2857142857142857,0.7857142857142857,0.24256472
31.0,0.3571428571428571,0.7857142857142857,0.30312067
31.0,0.42857142857142855,0.7857142857142857,0.35205975
31.0,0.5,0.7857142857142857,0.37163666
31.0,0.5714285714285714,0.7857142857142857,0.35224256
31.0,0.6428571428571428,0.7857142857142857,0.30465516
31.0,0.7142857142857142,0.7857142857142857,0.24500872
31.0,0.7857142857142857,0.7857142857142857,0.18250439
31.0,0.8571428571428571,0.7857142857142857,0.12028282
31.0,0.9285714285714285,0.7857142857142857,0.058377057
31.0,1.0,0.7857142857142857,-0.0035307826
31.0,0.0,0.8571428571428571,-0.0022469545
31.0,0.07142857142857142,0.8571428571428571,0.041059505
31.0,0.14285714285714285,0.8571428571428571,0.08158418
31.0,0.21428571428571427,0.8571428571428571,0.1211764
31.0,0.2857142857142857,0.8571428571428571,0.16156344
31.0,0.3571428571428571,0.8571428571428571,0.20159547
31.0,0.42857142857142855,0.8571428571428571,0.23416208
31.0,0.5,0.8571428571428571,0.24746902
31.0,0.5714285714285714,0.8571428571428571,0.23470931
31.0,0.6428571428571428,0.8571428571428571,0.20200731
31.0,0.7142857142857142,0.8571428571428571,0.16115409
31.0,0.7857142857142857,0.8571428571428571,0.119656436
31.0,0.8571428571428571,0.8571428571428571,0.07917863
31.0,0.9285714285714285,0.8571428571428571,0.03818611
31.0,1.0,0.8571428571428571,-0.0050930763
31.0,0.0,0.9285714285714285,-0.003959355
31.0,0.07142857142857142,0.9285714285714285,0.0212911
31.0,0.14285714285714285,0.9285714285714285,0.04188981
31.0,0.21428571428571427,0.9285714285714285,0.060242422
31.0,0.2857142857142857,0.9285714285714285,0.07886278
31.0,0.3571428571428571,0.9285714285714285,0.09812277
31.0,0.42857142857142855,0.9285714285714285,0.11442766
31.0,0.5,0.9285714285714285,0.121468954
31.0,0.5714285714285714,0.9285714285714285,0.1152656
31.0,0.6428571428571428,0.9285714285714285,0.09841944
31.0,0.7142857142857142,0.9285714285714285,0.077576645
31.0,0.7857142857142857,0.9285714285714285,0.057296045
31.0,0.8571428571428571,0.9285714285714285,0.037703484
31.0,0.9285714285714285,0.9285714285714285,0.016223442
31.0,1.0,0.9285714285714285,-0.009769217
31.0,0.0,1.0,-0.011435718
31.0,0.07142857142857142,1.0,-0.0041948324
31.0,0.14285714285714285,1.0,-0.0031118523
31.0,0.21428571428571427,1.0,-0.005174904
31.0,0.2857142857142857,1.0,-0.0070534283
31.0,0.3571428571428571,1.0,-0.006727145
31.0,0.42857142857142855,1.0,-0.0044837603
31.0,0.5,1.0,-0.0022565732
31.0,0.5714285714285714,1.0,-0.0017647678
31.0,0.6428571428571428,1.0,-0.0029872665
31.0,0.7142857142857142,1.0,-0.0042587975
31.0,0.7857142857142857,1.0,-0.004451827
31.0,0.8571428571428571,1.0,-0.0048695477
31.0,0.9285714285714285,1.0,-0.008643423
31.0,1.0,1.0,-0.018781874
32.0,0.0,0.0,-0.013200377
32.0,0.07142857142857142,0.0,-0.00504735
32.0,0.14285714285714285,0.0,-0.002122825
32.0,0.21428571428571427,0.0,-0.0034743417
32.0,0.2857142857142857,0.0,-0.0063246237
32.0,0.3571428571428571,0.0,-0.0067459755
32.0,0.42857142857142855,0.0,-0.0039903233
32.0,0.5,0.0,-0.0024463711
32.0,0.5714285714285714,0.0,-0.004605812
32.0,0.6428571428571428,0.0,-0.0068145553
32.0,0.7142857142857142,0.0,-0.0056706453
32.0,0.7857142857142857,0.0,-0.0029938566
32.0,0.8571428571428571,0.0,-0.0026799524
32.0,0.9285714285714285,0.0,-0.006976546
32.0,1.0,0.0,-0.016732685
32.0,0.0,0.07142857142857142,-0.006225545
32.0,0.07142857142857142,0.07142857142857142,0.018595263
32.0,0.14285714285714285,0.07142857142857142,0.04048413
32.0,0.21428571428571427,0.07142857142857142,0.059768625
32.0,0.2857142857142857,0.07142857142857142,0.07786648
32.0,0.3571428571428571,0.07142857142857142,0.096719764
32.0,0.42857142857142855,0.07142857142857142,0.11403436
32.0,0.5,0.07142857142857142,0.120647214
32.0,0.5714285714285714,0.07142857142857142,0.11185687
32.0,0.6428571428571428,0.07142857142857142,0.0949577
32.0,0.7142857142857142,0.07142857142857142,0.077809624
32.0,0.7857142857142857,0.07142857142857142,0.060673915
32.0,0.8571428571428571,0.07142857142857142,0.041240938
32.0,0.9285714285714285,0.07142857142857142,0.018610194
32.0,1.0,0.07142857142857142,-0.007923813
32.0,0.0,0.14285714285714285,-0.0041899104
32.0,0.07142857142857142,0.14285714285714285,0.03836213
32.0,0.14285714285714285,0.14285714285714285,0.08056101
32.0,0.21428571428571427,0.14285714285714285,0.121996514
32.0,0.2857142857142857,0.14285714285714285,0.16256487
32.0,0.3571428571428571,0.14285714285714285,0.20208919
32.0,0.42857142857142855,0.14285714285714285,0.23527603
32.0,0.5,0.14285714285714285,0.24775682
32.0,0.5714285714285714,0.14285714285714285,0.23203653
32.0,0.6428571428571428,0.14285714285714285,0.19938445
32.0,0.7142857142857142,0.14285714285714285,0.16224177
32.0,0.7857142857142857,0.14285714285714285,0.12328278
32.0,0.8571428571428571,0.14285714285714285,0.08251851
32.0,0.9285714285714285,0.14285714285714285,0.040296033
32.0,1.0,0.14285714285714285,-0.004428827
32.0,0.0,0.21428571428571427,-0.0045616655
32.0,0.07142857142857142,0.21428571428571427,0.05667752
32.0,0.14285714285714285,0.21428571428571427,0.119807415
32.0,0.21428571428571427,0.21428571428571427,0.18342787
32.0,0.2857142857142857,0.21428571428571427,0.24591522
32.0,0.3571428571428571,0.21428571428571427,0.3053848
32.0,0.42857142857142855,0.21428571428571427,0.3542733
32.0,0.5,0.21428571428571427,0.3731753
32.0,0.5714285714285714,0.21428571428571427,0.35123238
32.0,0.6428571428571428,0.21428571428571427,0.30328488
32.0,0.7142857142857142,0.21428571428571427,0.24583463
32.0,0.7857142857142857,0.21428571428571427,0.1845193
32.0,0.8571428571428571,0.21428571428571427,0.122173004
32.0,0.9285714285714285,0.21428571428571427,0.059755772
32.0,1.0,0.21428571428571427,-0.0043150494
32.0,0.0,0.2857142857142857,-0.0051128296
32.0,0.07142857142857142,0.2857142857142857,0.075780444
32.0,0.14285714285714285,0.2857142857142857,0.1598308
32.0,0.21428571428571427,0.2857142857142857,0.24440531
32.0,0.2857142857142857,0.2857142857142857,0.32676634
32.0,0.3571428571428571,0.2857142857142857,0.40433118
32.0,0.42857142857142855,0.2857142857142857,0.46825293
32.0,0.5,0.2857142857142857,0.49417982
32.0,0.5714285714285714,0.2857142857142857,0.46707526
32.0,0.6428571428571428,0.2857142857142857,0.4046586
32.0,0.7142857142857142,0.2857142857142857,0.32725146
32.0,0.7857142857142857,0.2857142857142857,0.24433987
32.0,0.8571428571428571,0.2857142857142857,0.16127963
32.0,0.9285714285714285,0.2857142857142857,0.078660615
32.0,1.0,0.2857142857142857,-0.005215795
32.0,0.0,0.3571428571428571,-0.005164017
32.0,0.07142857142857142,0.3571428571428571,0.09599433
32.0,0.14285714285714285,0.3571428571428571,0.20025711
32.0,0.21428571428571427,0.3571428571428571,0.30370206
32.0,0.2857142857142857,0.3571428571428571,0.4032681
32.0,0.3571428571428571,0.3571428571428571,0.4968963
32.0,0.42857142857142855,0.3571428571428571,0.57519007
32.0,0.5,0.3571428571428571,0.60851216
32.0,0.5714285714285714,0.3571428571428571,0.5765298
32.0,0.6428571428571428,0.3571428571428571,0.49985525
32.0,0.7142857142857142,0.3571428571428571,0.40355206
32.0,0.7857142857142857,0.3571428571428571,0.30131093
32.0,0.8571428571428571,0.3571428571428571,0.19952111
32.0,0.9285714285714285,0.3571428571428571,0.09773542
32.0,1.0,0.3571428571428571,-0.004845896
32.0,0.0,0.42857142857142855,-0.0067483084
32.0,0.07142857142857142,0.42857142857142855,0.11251416
32.0,0.14285714285714285,0.42857142857142855,0.2341173
32.0,0.21428571428571427,0.42857142857142855,0.3529772
32.0,0.2857142857142857,0.42857142857142855,0.46627918
32.0,0.3571428571428571,0.42857142857142855,0.5730304
32.0,0.42857142857142855,0.42857142857142855,0.6636854
32.0,0.5,0.42857142857142855,0.70355624
32.0,0.5714285714285714,0.42857142857142855,0.6664315
32.0,0.6428571428571428,0.42857142857142855,0.57682437
32.0,0.7142857142857142,0.42857142857142855,0.46565413
32.0,0.7857142857142857,0.42857142857142855,0.34911856
32.0,0.8571428571428571,0.42857142857142855,0.23264354
32.0,0.9285714285714285,0.42857142857142855,0.115129165
32.0,1.0,0.42857142857142855,-0.0022522593
32.0,0.0,0.5,-0.008259007
32.0,0.07142857142857142,0.5,0.11868223
32.0,0.14285714285714285,0.5,0.24774386
32.0,0.21428571428571427,0.5,0.37335745
32.0,0.2857142857142857,0.5,0.4928607
32.0,0.3571428571428571,0.5,0.6053858
32.0,0.42857142857142855,0.5,0.70102125
32.0,0.5,0.5,0.7432304
32.0,0.5714285714285714,0.5,0.7030717
32.0,0.6428571428571428,0.5,0.608201
32.0,0.7142857142857142,0.5,0.4925429
32.0,0.7857142857142857,0.5,0.371351
32.0,0.8571428571428571,0.5,0.2485754
32.0,0.9285714285714285,0.5,0.12374785
32.0,1.0,0.5,0.00015424844
32.0,0.0,0.5714285714285714,-0.004613013
32.0,0.07142857142857142,0.5714285714285714,0.1142075
32.0,0.14285714285714285,0.5714285714285714,0.23494004
32.0,0.21428571428571427,0.5714285714285714,0.35357293
32.0,0.2857142857142857,0.5714285714285714,0.4682152
32.0,0.3571428571428571,0.5714285714285714,0.57686746
32.0,0.42857142857142855,0.5714285714285714,0.66747636
32.0,0.5,0.5714285714285714,0.70518404
32.0,0.5714285714285714,0.5714285714285714,0.66539913
32.0,0.6428571428571428,0.5714285714285714,0.5758783
32.0,0.7142857142857142,0.5714285714285714,0.46765915
32.0,0.7857142857142857,0.5714285714285714,0.35297528
32.0,0.8571428571428571,0.5714285714285714,0.23541284
32.0,0.9285714285714285,0.5714285714285714,0.11598963
32.0,1.0,0.5714285714285714,-0.0012422213
32.0,0.0,0.6428571428571428,-0.0024573067
32.0,0.07142857142857142,0.6428571428571428,0.098466076
32.0,0.14285714285714285,0.6428571428571428,0.20067762
32.0,0.21428571428571427,0.6428571428571428,0.3026653
32.0,0.2857142857142857,0.6428571428571428,0.40369746
32.0,0.3571428571428571,0.6428571428571428,0.50056374
32.0,0.42857142857142855,0.6428571428571428,0.57952935
32.0,0.5,0.6428571428571428,0.61046785
32.0,0.5714285714285714,0.6428571428571428,0.57601076
32.0,0.6428571428571428,0.6428571428571428,0.49946573
32.0,0.7142857142857142,0.6428571428571428,0.40581194
32.0,0.7857142857142857,0.6428571428571428,0.3052163
32.0,0.8571428571428571,0.6428571428571428,0.20185809
32.0,0.9285714285714285,0.6428571428571428,0.0979142
32.0,1.0,0.6428571428571428,-0.0033357227
32.0,0.0,0.7142857142857142,-0.0024558837
32.0,0.07142857142857142,0.7142857142857142,0.07844236
32.0,0.14285714285714285,0.7142857142857142,0.1596736
32.0,0.21428571428571427,0.7142857142857142,0.24144633
32.0,0.2857142857142857,0.7142857142857142,0.3238501
32.0,0.3571428571428571,0.7142857142857142,0.40349215
32.0,0.42857142857142855,0.7142857142857142,0.46754834
32.0,0.5,0.7142857142857142,0.49245706
32.0,0.5714285714285714,0.7142857142857142,0.46600777
32.0,0.6428571428571428,0.7142857142857142,0.404564
32.0,0.7142857142857142,0.7142857142857142,0.32776412
32.0,0.7857142857142857,0.7142857142857142,0.24532579
32.0,0.8571428571428571,0.7142857142857142,0.16153921
32.0,0.9285714285714285,0.7142857142857142,0.0781324
32.0,1.0,0.7142857142857142,-0.0033527324
32.0,0.0,0.7857142857142857,-0.0023539374
32.0,0.07142857142857142,0.7857142857142857,0.059227586
32.0,0.14285714285714285,0.7857142857142857,0.11982598
32.0,0.21428571428571427,0.7857142857142857,0.18063833
32.0,0.2857142857142857,0.7857142857142857,0.24251164
32.0,0.3571428571428571,0.7857142857142857,0.3028487
32.0,0.42857142857142855,0.7857142857142857,0.35131225
32.0,0.5,0.7857142857142857,0.37058732
32.0,0.5714285714285714,0.7857142857142857,0.3514749
32.0,0.6428571428571428,0.7857142857142857,0.3043357
32.0,0.7142857142857142,0.7857142857142857,0.24488924
32.0,0.7857142857142857,0.7857142857142857,0.18239294
32.0,0.8571428571428571,0.7857142857142857,0.12017695
32.0,0.9285714285714285,0.7857142857142857,0.05838485
32.0,1.0,0.7857142857142857,-0.003324137
32.0,0.0,0.8571428571428571,-0.0020919973
32.0,0.07142857142857142,0.8571428571428571,0.041062865
32.0,0.14285714285714285,0.8571428571428571,0.08152377
32.0,0.21428571428571427,0.8571428571428571,0.12113353
32.0,0.2857142857142857,0.8571428571428571,0.16153811
32.0,0.3571428571428571,0.8571428571428571,0.2014443
32.0,0.42857142857142855,0.8571428571428571,0.23371261
32.0,0.5,0.8571428571428571,0.24682285
32.0,0.5714285714285714,0.8571428571428571,0.23422463
32.0,0.6428571428571428,0.8571428571428571,0.2018093
32.0,0.7142857142857142,0.8571428571428571,0.16108352
32.0,0.7857142857142857,0.8571428571428571,0.11957403
32.0,0.8571428571428571,0.8571428571428571,0.07908473
32.0,0.9285714285714285,0.8571428571428571,0.038171943
32.0,1.0,0.8571428571428571,-0.0049446085
32.0,0.0,0.9285714285714285,-0.0038519586
32.0,0.07142857142857142,0.9285714285714285,0.021269407
32.0,0.14285714285714285,0.9285714285714285,0.041831717
32.0,0.21428571428571427,0.9285714285714285,0.060233854
32.0,0.2857142857142857,0.9285714285714285,0.07892027
32.0,0.3571428571428571,0.9285714285714285,0.09815581
32.0,0.42857142857142855,0.9285714285714285,0.114325665
32.0,0.5,0.9285714285714285,0.12127026
32.0,0.5714285714285714,0.9285714285714285,0.11514691
32.0,0.6428571428571428,0.9285714285714285,0.09844298
32.0,0.7142857142857142,0.9285714285714285,0.07763609
32.0,0.7857142857142857,0.9285714285714285,0.057293825
32.0,0.8571428571428571,0.9285714285714285,0.03764696
32.0,0.9285714285714285,0.9285714285714285,0.016198125
32.0,1.0,0.9285714285714285,-0.0096745575
32.0,0.0,1.0,-0.011357364
32.0,0.07142857142857142,1.0,-0.004206122
32.0,0.14285714285714285,1.0,-0.0031143492
32.0,0.21428571428571427,1.0,-0.0050843405
32.0,0.2857142857142857,1.0,-0.0068498338
32.0,0.3571428571428571,1.0,-0.0064647133
32.0,0.42857142857142855,1.0,-0.0042346017
32.0,0.5,1.0,-0.002026097
32.0,0.5714285714285714,1.0,-0.0015002275
32.0,0.6428571428571428,1.0,-0.0026917988
32.0,0.7142857142857142,1.0,-0.004017682
32.0,0.7857142857142857,1.0,-0.0043335306
32.0,0.8571428571428571,1.0,-0.0048584724
32.0,0.9285714285714285,1.0,-0.008655258
32.0,1.0,1.0,-0.018723402
33.0,0.0,0.0,-0.0131161
33.0,0.07142857142857142,0.0,-0.005022986
33.0,0.14285714285714285,0.0,-0.0021195775
33.0,0.21428571428571427,0.0,-0.0034286622
33.0,0.2857142857142857,0.0,-0.0061714426
33.0,0.3571428571428571,0.0,-0.0064908154
33.0,0.42857142857142855,0.0,-0.0037137782
33.0,0.5,0.0,-0.0021625226
33.0,0.5714285714285714,0.0,-0.0042739855
33.0,0.6428571428571428,0.0,-0.0064963074
33.0,0.7142857142857142,0.0,-0.0054571563
33.0,0.7857142857142857,0.0,-0.0028659524
33.0,0.8571428571428571,0.0,-0.00255821
33.0,0.9285714285714285,0.0,-0.0068086768
33.0,1.0,0.0,-0.016509369
33.0,0.0,0.07142857142857142,-0.006176089
33.0,0.07142857142857142,0.07142857142857142,0.018580344
33.0,0.14285714285714285,0.07142857142857142,0.04044044
33.0,0.21428571428571427,0.07142857142857142,0.0597469
33.0,0.2857142857142857,0.07142857142857142,0.077899285
33.0,0.3571428571428571,0.07142857142857142,0.09674276
33.0,0.42857142857142855,0.07142857142857142,0.11390448
33.0,0.5,0.07142857142857142,0.12041659
33.0,0.5714285714285714,0.07142857142857142,0.111746885
33.0,0.6428571428571428,0.07142857142857142,0.094978735
33.0,0.7142857142857142,0.07142857142857142,0.07783403
33.0,0.7857142857142857,0.07142857142857142,0.060683526
33.0,0.8571428571428571,0.07142857142857142,0.041282363
33.0,0.9285714285714285,0.07142857142857142,0.018714733
33.0,1.0,0.07142857142857142,-0.0077516967
33.0,0.0,0.14285714285714285,-0.0041423086
33.0,0.07142857142857142,0.14285714285714285,0.03833223
33.0,0.14285714285714285,0.14285714285714285,0.08048751
33.0,0.21428571428571427,0.14285714285714285,0.12192183
33.0,0.2857142857142857,0.14285714285714285,0.16249824
33.0,0.3571428571428571,0.14285714285714285,0.20191161
33.0,0.42857142857142855,0.14285714285714285,0.23476818
33.0,0.5,0.14285714285714285,0.24704097
33.0,0.5714285714285714,0.14285714285714285,0.23155986
33.0,0.6428571428571428,0.14285714285714285,0.19922109
33.0,0.7142857142857142,0.14285714285714285,0.16219097
33.0,0.7857142857142857,0.14285714285714285,0.12326353
33.0,0.8571428571428571,0.14285714285714285,0.082539804
33.0,0.9285714285714285,0.14285714285714285,0.040383928
33.0,1.0,0.14285714285714285,-0.004257814
33.0,0.0,0.21428571428571427,-0.004453736
33.0,0.07142857142857142,0.21428571428571427,0.056675583
33.0,0.14285714285714285,0.21428571428571427,0.11973026
33.0,0.21428571428571427,0.21428571428571427,0.18332182
33.0,0.2857142857142857,0.21428571428571427,0.24578883
33.0,0.3571428571428571,0.21428571428571427,0.30508414
33.0,0.42857142857142855,0.21428571428571427,0.353496
33.0,0.5,0.21428571428571427,0.37209594
33.0,0.5714285714285714,0.21428571428571427,0.35053313
33.0,0.6428571428571428,0.21428571428571427,0.30307704
33.0,0.7142857142857142,0.21428571428571427,0.2458091
33.0,0.7857142857142857,0.21428571428571427,0.18451478
33.0,0.8571428571428571,0.21428571428571427,0.12217971
33.0,0.9285714285714285,0.21428571428571427,0.05983553
33.0,1.0,0.21428571428571427,-0.0041150684
33.0,0.0,0.2857142857142857,-0.0048839683
33.0,0.07142857142857142,0.2857142857142857,0.075834535
33.0,0.14285714285714285,0.2857142857142857,0.1597465
33.0,0.21428571428571427,0.2857142857142857,0.24425338
33.0,0.2857142857142857,0.2857142857142857,0.32658133
33.0,0.3571428571428571,0.2857142857142857,0.4039444
33.0,0.42857142857142855,0.2857142857142857,0.46726176
33.0,0.5,0.2857142857142857,0.4927787
33.0,0.5714285714285714,0.2857142857142857,0.46617922
33.0,0.6428571428571428,0.2857142857142857,0.40440777
33.0,0.7142857142857142,0.2857142857142857,0.3272155
33.0,0.7857142857142857,0.2857142857142857,0.2442727
33.0,0.8571428571428571,0.2857142857142857,0.1611973
33.0,0.9285714285714285,0.2857142857142857,0.078700274
33.0,1.0,0.2857142857142857,-0.004974448
33.0,0.0,0.3571428571428571,-0.004826256
33.0,0.07142857142857142,0.3571428571428571,0.096043445
33.0,0.14285714285714285,0.3571428571428571,0.20006053
33.0,0.21428571428571427,0.3571428571428571,0.30336908
33.0,0.2857142857142857,0.3571428571428571,0.402876
33.0,0.3571428571428571,0.3571428571428571,0.49625543
33.0,0.42857142857142855,0.3571428571428571,0.5737741
33.0,0.5,0.3571428571428571,0.60650456
33.0,0.5714285714285714,0.3571428571428571,0.5751105
33.0,0.6428571428571428,0.3571428571428571,0.49924567
33.0,0.7142857142857142,0.3571428571428571,0.40323162
33.0,0.7857142857142857,0.3571428571428571,0.30096638
33.0,0.8571428571428571,0.3571428571428571,0.19921876
33.0,0.9285714285714285,0.3571428571428571,0.09768461
33.0,1.0,0.3571428571428571,-0.0045626992
33.0,0.0,0.42857142857142855,-0.006425918
33.0,0.07142857142857142,0.42857142857142855,0.11239681
33.0,0.14285714285714285,0.42857142857142855,0.23360203
33.0,0.21428571428571427,0.42857142857142855,0.35220432
33.0,0.2857142857142857,0.42857142857142855,0.46535185
33.0,0.3571428571428571,0.42857142857142855,0.57171404
33.0,0.42857142857142855,0.42857142857142855,0.6613258
33.0,0.5,0.42857142857142855,0.70033467
33.0,0.5714285714285714,0.42857142857142855,0.6638774
33.0,0.6428571428571428,0.42857142857142855,0.5753525
33.0,0.7142857142857142,0.42857142857142855,0.4646956
33.0,0.7857142857142857,0.42857142857142855,0.34829363
33.0,0.8571428571428571,0.42857142857142855,0.23203264
33.0,0.9285714285714285,0.42857142857142855,0.11495563
33.0,1.0,0.42857142857142855,-0.0019401172
33.0,0.0,0.5,-0.007978671
33.0,0.07142857142857142,0.5,0.118463926
33.0,0.14285714285714285,0.5,0.24705051
33.0,0.21428571428571427,0.5,0.37232208
33.0,0.2857142857142857,0.5,0.4915686
33.0,0.3571428571428571,0.5,0.6035679
33.0,0.42857142857142855,0.5,0.69798183
33.0,0.5,0.5,0.7391715
33.0,0.5714285714285714,0.5,0.69976485
33.0,0.6428571428571428,0.5,0.60620826
33.0,0.7142857142857142,0.5,0.4912478
33.0,0.7857142857142857,0.5,0.3703024
33.0,0.8571428571428571,0.5,0.2478246
33.0,0.9285714285714285,0.5,0.12351505
33.0,1.0,0.5,0.00048205163
33.0,0.0,0.5714285714285714,-0.0042920047
33.0,0.07142857142857142,0.5714285714285714,0.114134006
33.0,0.14285714285714285,0.5714285714285714,0.23452094
33.0,0.21428571428571427,0.5714285714285714,0.3529273
33.0,0.2857142857142857,0.5714285714285714,0.46738964
33.0,0.3571428571428571,0.5714285714285714,0.5755762
33.0,0.42857142857142855,0.5714285714285714,0.6651096
33.0,0.5,0.5714285714285714,0.7019765
33.0,0.5714285714285714,0.5714285714285714,0.6629211
33.0,0.6428571428571428,0.5714285714285714,0.57456464
33.0,0.7142857142857142,0.5714285714285714,0.46689847
33.0,0.7857142857142857,0.5714285714285714,0.3523319
33.0,0.8571428571428571,0.5714285714285714,0.23491468
33.0,0.9285714285714285,0.5714285714285714,0.11586817
33.0,1.0,0.5714285714285714,-0.00089249853
33.0,0.0,0.6428571428571428,-0.0021278942
33.0,0.07142857142857142,0.6428571428571428,0.09852321
33.0,0.14285714285714285,0.6428571428571428,0.20054726
33.0,0.21428571428571427,0.6428571428571428,0.30245808
33.0,0.2857142857142857,0.6428571428571428,0.40341544
33.0,0.3571428571428571,0.6428571428571428,0.49991986
33.0,0.42857142857142855,0.6428571428571428,0.57805514
33.0,0.5,0.6428571428571428,0.6084284
33.0,0.5714285714285714,0.6428571428571428,0.5745676
33.0,0.6428571428571428,0.6428571428571428,0.4988669
33.0,0.7142857142857142,0.6428571428571428,0.40555692
33.0,0.7857142857142857,0.6428571428571428,0.3049664
33.0,0.8571428571428571,0.6428571428571428,0.20162897
33.0,0.9285714285714285,0.6428571428571428,0.097904034
33.0,1.0,0.6428571428571428,-0.003009119
33.0,0.0,0.7142857142857142,-0.0021761144
33.0,0.07142857142857142,0.7142857142857142,0.07851931
33.0,0.14285714285714285,0.7142857142857142,0.15964068
33.0,0.21428571428571427,0.7142857142857142,0.24139576
33.0,0.2857142857142857,0.7142857142857142,0.32376006
33.0,0.3571428571428571,0.7142857142857142,0.40310836
33.0,0.42857142857142855,0.7142857142857142,0.46652797
33.0,0.5,0.7142857142857142,0.4910411
33.0,0.5714285714285714,0.7142857142857142,0.4650206
33.0,0.6428571428571428,0.7142857142857142,0.4041856
33.0,0.7142857142857142,0.7142857142857142,0.32763603
33.0,0.7857142857142857,0.7142857142857142,0.24519543
33.0,0.8571428571428571,0.7142857142857142,0.16140966
33.0,0.9285714285714285,0.7142857142857142,0.078149
33.0,1.0,0.7142857142857142,-0.0030852268
33.0,0.0,0.7857142857142857,-0.002139763
33.0,0.07142857142857142,0.7857142857142857,0.059272684
33.0,0.14285714285714285,0.7857142857142857,0.11979104
33.0,0.21428571428571427,0.7857142857142857,0.18060258
33.0,0.2857142857142857,0.7857142857142857,0.24245383
33.0,0.3571428571428571,0.7857142857142857,0.30256617
33.0,0.42857142857142855,0.7857142857142857,0.35056093
33.0,0.5,0.7857142857142857,0.36954734
33.0,0.5714285714285714,0.7857142857142857,0.35071206
33.0,0.6428571428571428,0.7857142857142857,0.30401006
33.0,0.7142857142857142,0.7857142857142857,0.24476315
33.0,0.7857142857142857,0.7857142857142857,0.18227817
33.0,0.8571428571428571,0.7857142857142857,0.12006951
33.0,0.9285714285714285,0.7857142857142857,0.058392286
33.0,1.0,0.7857142857142857,-0.0031121569
33.0,0.0,0.8571428571428571,-0.0019372264
33.0,0.07142857142857142,0.8571428571428571,0.041068662
33.0,0.14285714285714285,0.8571428571428571,0.08146807
33.0,0.21428571428571427,0.8571428571428571,0.12109517
33.0,0.2857142857142857,0.8571428571428571,0.16151151
33.0,0.3571428571428571,0.8571428571428571,0.20128584
33.0,0.42857142857142855,0.8571428571428571,0.233258
33.0,0.5,0.8571428571428571,0.24617954
33.0,0.5714285714285714,0.8571428571428571,0.23374036
33.0,0.6428571428571428,0.8571428571428571,0.2016062
33.0,0.7142857142857142,0.8571428571428571,0.16100968
33.0,0.7857142857142857,0.8571428571428571,0.11949303
33.0,0.8571428571428571,0.8571428571428571,0.078993745
33.0,0.9285714285714285,0.8571428571428571,0.038160596
33.0,1.0,0.8571428571428571,-0.004790661
33.0,0.0,0.9285714285714285,-0.0037461119
33.0,0.07142857142857142,0.9285714285714285,0.02124909
33.0,0.14285714285714285,0.9285714285714285,0.041779056
33.0,0.21428571428571427,0.9285714285714285,0.06023196
33.0,0.2857142857142857,0.9285714285714285,0.07897943
33.0,0.3571428571428571,0.9285714285714285,0.09818543
33.0,0.42857142857142855,0.9285714285714285,0.114220016
33.0,0.5,0.9285714285714285,0.1210709
33.0,0.5714285714285714,0.9285714285714285,0.115026884
33.0,0.6428571428571428,0.9285714285714285,0.0984634
33.0,0.7142857142857142,0.9285714285714285,0.07769521
33.0,0.7857142857142857,0.9285714285714285,0.057295993
33.0,0.8571428571428571,0.9285714285714285,0.037596527
33.0,0.9285714285714285,0.9285714285714285,0.016178157
33.0,1.0,0.9285714285714285,-0.009574831
33.0,0.0,1.0,-0.011282737
33.0,0.07142857142857142,1.0,-0.004216641
33.0,0.14285714285714285,1.0,-0.0031105857
33.0,0.21428571428571427,1.0,-0.004986412
33.0,0.2857142857142857,1.0,-0.0066404874
33.0,0.3571428571428571,1.0,-0.006199752
33.0,0.42857142857142855,1.0,-0.003984333
33.0,0.5,1.0,-0.0017936612
33.0,0.5714285714285714,1.0,-0.0012342269
33.0,0.6428571428571428,1.0,-0.0023952657
33.0,0.7142857142857142,1.0,-0.0037722224
33.0,0.7857142857142857,1.0,-0.004206856
33.0,0.8571428571428571,1.0,-0.0048384713
33.0,0.9285714285714285,1.0,-0.008660299
33.0,1.0,1.0,-0.018659536
34.0,0.0,0.0,-0.013035002
34.0,0.07142857142857142,0.0,-0.0050016427
34.0,0.14285714285714285,0.0,-0.0021170815
34.0,0.21428571428571427,0.0,-0.0033803852
34.0,0.2857142857142857,0.0,-0.0060122088
34.0,0.3571428571428571,0.0,-0.006228527
34.0,0.42857142857142855,0.0,-0.00342971
34.0,0.5,0.0,-0.001873008
34.0,0.5714285714285714,0.0,-0.003941276
34.0,0.6428571428571428,0.0,-0.0061791698
34.0,0.7142857142857142,0.0,-0.0052437233
34.0,0.7857142857142857,0.0,-0.0027387189
34.0,0.8571428571428571,0.0,-0.0024378458
34.0,0.9285714285714285,0.0,-0.006641538
34.0,1.0,0.0,-0.016282544
34.0,0.0,0.07142857142857142,-0.006127987
34.0,0.07142857142857142,0.07142857142857142,0.018563237
34.0,0.14285714285714285,0.07142857142857142,0.040395007
34.0,0.21428571428571427,0.07142857142857142,0.059723325
34.0,0.2857142857142857,0.07142857142857142,0.07792983
34.0,0.3571428571428571,0.07142857142857142,0.09676245
34.0,0.42857142857142855,0.07142857142857142,0.11377428
34.0,0.5,0.07142857142857142,0.12018754
34.0,0.5714285714285714,0.07142857142857142,0.111634366
34.0,0.6428571428571428,0.07142857142857142,0.0949953
34.0,0.7142857142857142,0.07142857142857142,0.077855706
34.0,0.7857142857142857,0.07142857142857142,0.060690634
34.0,0.8571428571428571,0.07142857142857142,0.041322067
34.0,0.9285714285714285,0.07142857142857142,0.01881811
34.0,1.0,0.07142857142857142,-0.0075757587
34.0,0.0,0.14285714285714285,-0.0040936843
34.0,0.07142857142857142,0.14285714285714285,0.03830135
34.0,0.14285714285714285,0.14285714285714285,0.08041169
34.0,0.21428571428571427,0.14285714285714285,0.12184363
34.0,0.2857142857142857,0.14285714285714285,0.16242492
34.0,0.3571428571428571,0.14285714285714285,0.20172462
34.0,0.42857142857142855,0.14285714285714285,0.23425743
34.0,0.5,0.14285714285714285,0.24633057
34.0,0.5714285714285714,0.14285714285714285,0.23108251
34.0,0.6428571428571428,0.14285714285714285,0.19905265
34.0,0.7142857142857142,0.14285714285714285,0.16213714
34.0,0.7857142857142857,0.14285714285714285,0.12324148
34.0,0.8571428571428571,0.14285714285714285,0.08255692
34.0,0.9285714285714285,0.14285714285714285,0.040468663
34.0,1.0,0.14285714285714285,-0.0040840143
34.0,0.0,0.21428571428571427,-0.004341986
34.0,0.07142857142857142,0.21428571428571427,0.056674346
34.0,0.14285714285714285,0.21428571428571427,0.11965146
34.0,0.21428571428571427,0.21428571428571427,0.1832128
34.0,0.2857142857142857,0.21428571428571427,0.2456548
34.0,0.3571428571428571,0.21428571428571427,0.30477217
34.0,0.42857142857142855,0.21428571428571427,0.3527182
34.0,0.5,0.21428571428571427,0.3710288
34.0,0.5714285714285714,0.21428571428571427,0.34983486
34.0,0.6428571428571428,0.21428571428571427,0.30286187
34.0,0.7142857142857142,0.21428571428571427,0.24577834
34.0,0.7857142857142857,0.21428571428571427,0.18450366
34.0,0.8571428571428571,0.21428571428571427,0.122177295
34.0,0.9285714285714285,0.21428571428571427,0.059907846
34.0,1.0,0.21428571428571427,-0.0039149085
34.0,0.0,0.2857142857142857,-0.004651309
34.0,0.07142857142857142,0.2857142857142857,0.07588809
34.0,0.14285714285714285,0.2857142857142857,0.15966223
34.0,0.21428571428571427,0.2857142857142857,0.24410059
34.0,0.2857142857142857,0.2857142857142857,0.32639223
34.0,0.3571428571428571,0.2857142857142857,0.40354788
34.0,0.42857142857142855,0.2857142857142857,0.46627337
34.0,0.5,0.2857142857142857,0.49139628
34.0,0.5714285714285714,0.2857142857142857,0.4652821
34.0,0.6428571428571428,0.2857142857142857,0.40414193
34.0,0.7142857142857142,0.2857142857142857,0.32716855
34.0,0.7857142857142857,0.2857142857142857,0.24419652
34.0,0.8571428571428571,0.2857142857142857,0.16110124
34.0,0.9285714285714285,0.2857142857142857,0.0787274
34.0,1.0,0.2857142857142857,-0.004735657
34.0,0.0,0.3571428571428571,-0.004487035
34.0,0.07142857142857142,0.3571428571428571,0.096090205
34.0,0.14285714285714285,0.3571428571428571,0.19986434
34.0,0.21428571428571427,0.3571428571428571,0.30304053
34.0,0.2857142857142857,0.3571428571428571,0.40248713
34.0,0.3571428571428571,0.3571428571428571,0.49561247
34.0,0.42857142857142855,0.3571428571428571,0.572369
34.0,0.5,0.3571428571428571,0.6045263
34.0,0.5714285714285714,0.3571428571428571,0.5736924
34.0,0.6428571428571428,0.3571428571428571,0.4986178
34.0,0.7142857142857142,0.3571428571428571,0.40290067
34.0,0.7857142857142857,0.3571428571428571,0.30061492
34.0,0.8571428571428571,0.3571428571428571,0.19890304
34.0,0.9285714285714285,0.3571428571428571,0.09761913
34.0,1.0,0.3571428571428571,-0.0042831833
34.0,0.0,0.42857142857142855,-0.0060998173
34.0,0.07142857142857142,0.42857142857142855,0.11228078
34.0,0.14285714285714285,0.42857142857142855,0.23309444
34.0,0.21428571428571427,0.42857142857142855,0.35144967
34.0,0.2857142857142857,0.42857142857142855,0.4644448
34.0,0.3571428571428571,0.42857142857142855,0.57041496
34.0,0.42857142857142855,0.42857142857142855,0.65900254
34.0,0.5,0.42857142857142855,0.69717777
34.0,0.5714285714285714,0.42857142857142855,0.661357
34.0,0.6428571428571428,0.42857142857142855,0.5738878
34.0,0.7142857142857142,0.42857142857142855,0.46374896
34.0,0.7857142857142857,0.42857142857142855,0.3474798
34.0,0.8571428571428571,0.42857142857142855,0.23141842
34.0,0.9285714285714285,0.42857142857142855,0.114771836
34.0,1.0,0.42857142857142855,-0.0016300762
34.0,0.0,0.5,-0.007693694
34.0,0.07142857142857142,0.5,0.11824729
34.0,0.14285714285714285,0.5,0.24636729
34.0,0.21428571428571427,0.5,0.3713088
34.0,0.2857142857142857,0.5,0.49030486
34.0,0.3571428571428571,0.5,0.6017789
34.0,0.42857142857142855,0.5,0.694998
34.0,0.5,0.5,0.7352078
34.0,0.5714285714285714,0.5,0.6965231
34.0,0.6428571428571428,0.5,0.60424644
34.0,0.7142857142857142,0.5,0.48998252
34.0,0.7857142857142857,0.5,0.36927962
34.0,0.8571428571428571,0.5,0.2470795
34.0,0.9285714285714285,0.5,0.12327608
34.0,1.0,0.5,0.0008087447
34.0,0.0,0.5714285714285714,-0.003977784
34.0,0.07142857142857142,0.5714285714285714,0.11405059
34.0,0.14285714285714285,0.5714285714285714,0.23409472
34.0,0.21428571428571427,0.5714285714285714,0.352281
34.0,0.2857142857142857,0.5714285714285714,0.46656263
34.0,0.3571428571428571,0.5714285714285714,0.5742791
34.0,0.42857142857142855,0.5714285714285714,0.6627552
34.0,0.5,0.5714285714285714,0.6988146
34.0,0.5714285714285714,0.5714285714285714,0.6604647
34.0,0.6428571428571428,0.5714285714285714,0.57324576
34.0,0.7142857142857142,0.5714285714285714,0.46613812
34.0,0.7857142857142857,0.5714285714285714,0.3516943
34.0,0.8571428571428571,0.5714285714285714,0.23441477
34.0,0.9285714285714285,0.5714285714285714,0.1157391
34.0,1.0,0.5714285714285714,-0.0005431855
34.0,0.0,0.6428571428571428,-0.0018066475
34.0,0.07142857142857142,0.6428571428571428,0.0985708
34.0,0.14285714285714285,0.6428571428571428,0.20040898
34.0,0.21428571428571427,0.6428571428571428,0.3022438
34.0,0.2857142857142857,0.6428571428571428,0.40312
34.0,0.3571428571428571,0.6428571428571428,0.49925604
34.0,0.42857142857142855,0.6428571428571428,0.57657313
34.0,0.5,0.6428571428571428,0.60640574
34.0,0.5714285714285714,0.6428571428571428,0.573125
34.0,0.6428571428571428,0.6428571428571428,0.49824896
34.0,0.7142857142857142,0.6428571428571428,0.4052855
34.0,0.7857142857142857,0.6428571428571428,0.3047073
34.0,0.8571428571428571,0.6428571428571428,0.20139109
34.0,0.9285714285714285,0.6428571428571428,0.09788592
34.0,1.0,0.6428571428571428,-0.002682113
34.0,0.0,0.7142857142857142,-0.001900197
34.0,0.07142857142857142,0.7142857142857142,0.07859225
34.0,0.14285714285714285,0.7142857142857142,0.15960617
34.0,0.21428571428571427,0.7142857142857142,0.24134271
34.0,0.2857142857142857,0.7142857142857142,0.32366097
34.0,0.3571428571428571,0.7142857142857142,0.402709
34.0,0.42857142857142855,0.7142857142857142,0.46550316
34.0,0.5,0.7142857142857142,0.48964074
34.0,0.5714285714285714,0.7142857142857142,0.46403885
34.0,0.6428571428571428,0.7142857142857142,0.40379664
34.0,0.7142857142857142,0.7142857142857142,0.32749596
34.0,0.7857142857142857,0.7142857142857142,0.24505793
34.0,0.8571428571428571,0.7142857142857142,0.16127352
34.0,0.9285714285714285,0.7142857142857142,0.07816102
34.0,1.0,0.7142857142857142,-0.0028148154
34.0,0.0,0.7857142857142857,-0.0019266838
34.0,0.07142857142857142,0.7857142857142857,0.0593184
34.0,0.14285714285714285,0.7857142857142857,0.119759046
34.0,0.21428571428571427,0.7857142857142857,0.18056907
34.0,0.2857142857142857,0.7857142857142857,0.24239193
34.0,0.3571428571428571,0.7857142857142857,0.3022726
34.0,0.42857142857142855,0.7857142857142857,0.34980574
34.0,0.5,0.7857142857142857,0.36851755
34.0,0.5714285714285714,0.7857142857142857,0.349954
34.0,0.6428571428571428,0.7857142857142857,0.30367878
34.0,0.7142857142857142,0.7857142857142857,0.24463026
34.0,0.7857142857142857,0.7857142857142857,0.18216032
34.0,0.8571428571428571,0.7857142857142857,0.11996064
34.0,0.9285714285714285,0.7857142857142857,0.05839911
34.0,1.0,0.7857142857142857,-0.0028965669
34.0,0.0,0.8571428571428571,-0.0017827535
34.0,0.07142857142857142,0.8571428571428571,0.041076507
34.0,0.14285714285714285,0.8571428571428571,0.08141703
34.0,0.21428571428571427,0.8571428571428571,0.12106124
34.0,0.2857142857142857,0.8571428571428571,0.16148412
34.0,0.3571428571428571,0.8571428571428571,0.20112011
34.0,0.42857142857142855,0.8571428571428571,0.23279905
34.0,0.5,0.8571428571428571,0.2455386
34.0,0.5714285714285714,0.8571428571428571,0.2332567
34.0,0.6428571428571428,0.8571428571428571,0.2013983
34.0,0.7142857142857142,0.8571428571428571,0.1609325
34.0,0.7857142857142857,0.8571428571428571,0.11941274
34.0,0.8571428571428571,0.8571428571428571,0.07890562
34.0,0.9285714285714285,0.8571428571428571,0.038151536
34.0,1.0,0.8571428571428571,-0.004632958
34.0,0.0,0.9285714285714285,-0.0036425712
34.0,0.07142857142857142,0.9285714285714285,0.02123094
34.0,0.14285714285714285,0.9285714285714285,0.041731946
34.0,0.21428571428571427,0.9285714285714285,0.06023559
34.0,0.2857142857142857,0.9285714285714285,0.079040445
34.0,0.3571428571428571,0.9285714285714285,0.0982117
34.0,0.42857142857142855,0.9285714285714285,0.1141106
34.0,0.5,0.9285714285714285,0.12087069
34.0,0.5714285714285714,0.9285714285714285,0.11490517
34.0,0.6428571428571428,0.9285714285714285,0.098480515
34.0,0.7142857142857142,0.9285714285714285,0.07775443
34.0,0.7857142857142857,0.9285714285714285,0.057302393
34.0,0.8571428571428571,0.9285714285714285,0.03755214
34.0,0.9285714285714285,0.9285714285714285,0.016163308
34.0,1.0,0.9285714285714285,-0.009470497
34.0,0.0,1.0,-0.011211914
34.0,0.07142857142857142,1.0,-0.004225419
34.0,0.14285714285714285,1.0,-0.0031012492
34.0,0.21428571428571427,1.0,-0.0048813177
34.0,0.2857142857142857,1.0,-0.0064264806
34.0,0.3571428571428571,1.0,-0.0059339227
34.0,0.42857142857142855,1.0,-0.0037338817
34.0,0.5,1.0,-0.0015600333
34.0,0.5714285714285714,1.0,-0.00096756313
34.0,0.6428571428571428,1.0,-0.0020978758
34.0,0.7142857142857142,1.0,-0.0035229037
34.0,0.7857142857142857,1.0,-0.0040728087
34.0,0.8571428571428571,1.0,-0.004809753
34.0,0.9285714285714285,1.0,-0.00865835
34.0,1.0,1.0,-0.018590778
35.0,0.0,0.0,-0.012957697
35.0,0.07142857142857142,0.0,-0.00498363
35.0,0.14285714285714285,0.0,-0.0021157712
35.0,0.21428571428571427,0.0,-0.0033292333
35.0,0.2857142857142857,0.0,-0.0058479183
35.0,0.3571428571428571,0.0,-0.0059604337
35.0,0.42857142857142855,0.0,-0.0031394893
35.0,0.5,0.0,-0.0015795743
35.0,0.5714285714285714,0.0,-0.0036091218
35.0,0.6428571428571428,0.0,-0.0058642337
35.0,0.7142857142857142,0.0,-0.005031322
35.0,0.7857142857142857,0.0,-0.0026127147
35.0,0.8571428571428571,0.0,-0.0023194635
35.0,0.9285714285714285,0.0,-0.006475293
35.0,1.0,0.0,-0.016053513
35.0,0.0,0.07142857142857142,-0.0060826764
35.0,0.07142857142857142,0.07142857142857142,0.018542722
35.0,0.14285714285714285,0.07142857142857142,0.040346097
35.0,0.21428571428571427,0.07142857142857142,0.05969742
35.0,0.2857142857142857,0.07142857142857142,0.07795802
35.0,0.3571428571428571,0.07142857142857142,0.09677862
35.0,0.42857142857142855,0.07142857142857142,0.11364315
35.0,0.5,0.07142857142857142,0.11995996
35.0,0.5714285714285714,0.07142857142857142,0.111519895
35.0,0.6428571428571428,0.07142857142857142,0.09500752
35.0,0.7142857142857142,0.07142857142857142,0.07787495
35.0,0.7857142857142857,0.07142857142857142,0.06069628
35.0,0.8571428571428571,0.07142857142857142,0.041358538
35.0,0.9285714285714285,0.07142857142857142,0.018920437
35.0,1.0,0.07142857142857142,-0.007396632
35.0,0.0,0.14285714285714285,-0.0040441854
35.0,0.07142857142857142,0.14285714285714285,0.038268894
35.0,0.14285714285714285,0.14285714285714285,0.080333255
35.0,0.21428571428571427,0.14285714285714285,0.1217617
35.0,0.2857142857142857,0.14285714285714285,0.16234492
35.0,0.3571428571428571,0.14285714285714285,0.20152815
35.0,0.42857142857142855,0.14285714285714285,0.23374479
35.0,0.5,0.14285714285714285,0.2456256
35.0,0.5714285714285714,0.14285714285714285,0.23060472
35.0,0.6428571428571428,0.14285714285714285,0.19887967
35.0,0.7142857142857142,0.14285714285714285,0.16207998
35.0,0.7857142857142857,0.14285714285714285,0.12321613
35.0,0.8571428571428571,0.14285714285714285,0.08256934
35.0,0.9285714285714285,0.14285714285714285,0.040549748
35.0,1.0,0.14285714285714285,-0.003909298
35.0,0.0,0.21428571428571427,-0.0042276513
35.0,0.07142857142857142,0.21428571428571427,0.056673102
35.0,0.14285714285714285,0.21428571428571427,0.11957183
35.0,0.21428571428571427,0.21428571428571427,0.18310094
35.0,0.2857142857142857,0.21428571428571427,0.24551357
35.0,0.3571428571428571,0.21428571428571427,0.3044503
35.0,0.42857142857142855,0.21428571428571427,0.35194018
35.0,0.5,0.21428571428571427,0.369974
35.0,0.5714285714285714,0.21428571428571427,0.34913763
35.0,0.6428571428571428,0.21428571428571427,0.3026391
35.0,0.7142857142857142,0.21428571428571427,0.24574135
35.0,0.7857142857142857,0.21428571428571427,0.18448655
35.0,0.8571428571428571,0.21428571428571427,0.122166686
35.0,0.9285714285714285,0.21428571428571427,0.05997131
35.0,1.0,0.21428571428571427,-0.00371644
35.0,0.0,0.2857142857142857,-0.004416556
35.0,0.07142857142857142,0.2857142857142857,0.07594181
35.0,0.14285714285714285,0.2857142857142857,0.15957774
35.0,0.21428571428571427,0.2857142857142857,0.24394779
35.0,0.2857142857142857,0.2857142857142857,0.32619876
35.0,0.3571428571428571,0.2857142857142857,0.40314323
35.0,0.42857142857142855,0.2857142857142857,0.4652887
35.0,0.5,0.2857142857142857,0.490032
35.0,0.5714285714285714,0.2857142857142857,0.46438393
35.0,0.6428571428571428,0.2857142857142857,0.40386012
35.0,0.7142857142857142,0.2857142857142857,0.32710984
35.0,0.7857142857142857,0.2857142857142857,0.24411033
35.0,0.8571428571428571,0.2857142857142857,0.16099222
35.0,0.9285714285714285,0.2857142857142857,0.07874129
35.0,1.0,0.2857142857142857,-0.004501925
35.0,0.0,0.3571428571428571,-0.0041473405
35.0,0.07142857142857142,0.3571428571428571,0.09613559
35.0,0.14285714285714285,0.3571428571428571,0.19967012
35.0,0.21428571428571427,0.3571428571428571,0.3027176
35.0,0.2857142857142857,0.3571428571428571,0.402102
35.0,0.3571428571428571,0.3571428571428571,0.4949669
35.0,0.42857142857142855,0.3571428571428571,0.5709745
35.0,0.5,0.3571428571428571,0.60257703
35.0,0.5714285714285714,0.3571428571428571,0.5722761
35.0,0.6428571428571428,0.3571428571428571,0.4979721
35.0,0.7142857142857142,0.3571428571428571,0.40255964
35.0,0.7857142857142857,0.3571428571428571,0.3002582
35.0,0.8571428571428571,0.3571428571428571,0.19857506
35.0,0.9285714285714285,0.3571428571428571,0.097539134
35.0,1.0,0.3571428571428571,-0.004009039
35.0,0.0,0.42857142857142855,-0.005771634
35.0,0.07142857142857142,0.42857142857142855,0.11216601
35.0,0.14285714285714285,0.42857142857142855,0.23259524
35.0,0.21428571428571427,0.42857142857142855,0.35071304
35.0,0.2857142857142857,0.42857142857142855,0.4635574
35.0,0.3571428571428571,0.42857142857142855,0.5691316
35.0,0.42857142857142855,0.42857142857142855,0.6567133
35.0,0.5,0.42857142857142855,0.6940836
35.0,0.5714285714285714,0.42857142857142855,0.65887016
35.0,0.6428571428571428,0.42857142857142855,0.57243025
35.0,0.7142857142857142,0.42857142857142855,0.4628148
35.0,0.7857142857142857,0.42857142857142855,0.34667924
35.0,0.8571428571428571,0.42857142857142855,0.23080245
35.0,0.9285714285714285,0.42857142857142855,0.11457705
35.0,1.0,0.42857142857142855,-0.0013237605
35.0,0.0,0.5,-0.0074067274
35.0,0.07142857142857142,0.5,0.118031956
35.0,0.14285714285714285,0.5,0.2456939
35.0,0.21428571428571427,0.5,0.370317
35.0,0.2857142857142857,0.5,0.48906776
35.0,0.3571428571428571,0.5,0.6000174
35.0,0.42857142857142855,0.5,0.6920666
35.0,0.5,0.5,0.73133546
35.0,0.5714285714285714,0.5,0.6933441
35.0,0.6428571428571428,0.5,0.6023138
35.0,0.7142857142857142,0.5,0.4887458
35.0,0.7857142857142857,0.5,0.3682819
35.0,0.8571428571428571,0.5,0.246341
35.0,0.9285714285714285,0.5,0.12303098
35.0,1.0,0.5,0.0011326587
35.0,0.0,0.5714285714285714,-0.0036716098
35.0,0.07142857142857142,0.5714285714285714,0.1139561
35.0,0.14285714285714285,0.5714285714285714,0.23366223
35.0,0.21428571428571427,0.5714285714285714,0.35163388
35.0,0.2857142857142857,0.5714285714285714,0.46573392
35.0,0.3571428571428571,0.5714285714285714,0.5729755
35.0,0.42857142857142855,0.5714285714285714,0.6604128
35.0,0.5,0.5714285714285714,0.69569695
35.0,0.5714285714285714,0.5714285714285714,0.65802974
35.0,0.6428571428571428,0.5714285714285714,0.57192135
35.0,0.7142857142857142,0.5714285714285714,0.46537638
35.0,0.7857142857142857,0.5714285714285714,0.35106215
35.0,0.8571428571428571,0.5714285714285714,0.23391344
35.0,0.9285714285714285,0.5714285714285714,0.11560162
35.0,1.0,0.5714285714285714,-0.0001958469
35.0,0.0,0.6428571428571428,-0.0014949599
35.0,0.07142857142857142,0.6428571428571428,0.09860723
35.0,0.14285714285714285,0.6428571428571428,0.20026247
35.0,0.21428571428571427,0.6428571428571428,0.30202264
35.0,0.2857142857142857,0.6428571428571428,0.4028122
35.0,0.3571428571428571,0.6428571428571428,0.4985713
35.0,0.42857142857142855,0.6428571428571428,0.5750836
35.0,0.5,0.6428571428571428,0.60439926
35.0,0.5714285714285714,0.6428571428571428,0.57168263
35.0,0.6428571428571428,0.6428571428571428,0.49761096
35.0,0.7142857142857142,0.6428571428571428,0.4049974
35.0,0.7857142857142857,0.6428571428571428,0.3044393
35.0,0.8571428571428571,0.6428571428571428,0.2011448
35.0,0.9285714285714285,0.6428571428571428,0.097859085
35.0,1.0,0.6428571428571428,-0.0023560533
35.0,0.0,0.7142857142857142,-0.0016298154
35.0,0.07142857142857142,0.7142857142857142,0.078661084
35.0,0.14285714285714285,0.7142857142857142,0.15957016
35.0,0.21428571428571427,0.7142857142857142,0.24128754
35.0,0.2857142857142857,0.7142857142857142,0.32355347
35.0,0.3571428571428571,0.7142857142857142,0.40229467
35.0,0.42857142857142855,0.7142857142857142,0.4644742
35.0,0.5,0.7142857142857142,0.48825577
35.0,0.5714285714285714,0.7142857142857142,0.46306312
35.0,0.6428571428571428,0.7142857142857142,0.40339783
35.0,0.7142857142857142,0.7142857142857142,0.32734492
35.0,0.7857142857142857,0.7142857142857142,0.24491261
35.0,0.8571428571428571,0.7142857142857142,0.16113152
35.0,0.9285714285714285,0.7142857142857142,0.07816758
35.0,1.0,0.7142857142857142,-0.0025431896
35.0,0.0,0.7857142857142857,-0.0017154897
35.0,0.07142857142857142,0.7857142857142857,0.05936408
35.0,0.14285714285714285,0.7857142857142857,0.11972969
35.0,0.21428571428571427,0.7857142857142857,0.18053713
35.0,0.2857142857142857,0.7857142857142857,0.24232571
35.0,0.3571428571428571,0.7857142857142857,0.30196878
35.0,0.42857142857142855,0.7857142857142857,0.34904772
35.0,0.5,0.7857142857142857,0.36749732
35.0,0.5714285714285714,0.7857142857142857,0.3492012
35.0,0.6428571428571428,0.7857142857142857,0.30334228
35.0,0.7142857142857142,0.7857142857142857,0.2444912
35.0,0.7857142857142857,0.7857142857142857,0.18203966
35.0,0.8571428571428571,0.7857142857142857,0.11984993
35.0,0.9285714285714285,0.7857142857142857,0.058404118
35.0,1.0,0.7857142857142857,-0.0026780674
35.0,0.0,0.8571428571428571,-0.0016301209
35.0,0.07142857142857142,0.8571428571428571,0.041085657
35.0,0.14285714285714285,0.8571428571428571,0.08137111
35.0,0.21428571428571427,0.8571428571428571,0.12103193
35.0,0.2857142857142857,0.8571428571428571,0.16145518
35.0,0.3571428571428571,0.8571428571428571,0.20094699
35.0,0.42857142857142855,0.8571428571428571,0.23233509
35.0,0.5,0.8571428571428571,0.2449003
35.0,0.5714285714285714,0.8571428571428571,0.23277304
35.0,0.6428571428571428,0.8571428571428571,0.20118602
35.0,0.7142857142857142,0.8571428571428571,0.16085224
35.0,0.7857142857142857,0.8571428571428571,0.11933323
35.0,0.8571428571428571,0.8571428571428571,0.07881971
35.0,0.9285714285714285,0.8571428571428571,0.038144406
35.0,1.0,0.8571428571428571,-0.0044712955
35.0,0.0,0.9285714285714285,-0.0035416232
35.0,0.07142857142857142,0.9285714285714285,0.02121393
35.0,0.14285714285714285,0.9285714285714285,0.041690104
35.0,0.21428571428571427,0.9285714285714285,0.060244776
35.0,0.2857142857142857,0.9285714285714285,0.07910266
35.0,0.3571428571428571,0.9285714285714285,0.09823382
35.0,0.42857142857142855,0.9285714285714285,0.11399644
35.0,0.5,0.9285714285714285,0.120668955
35.0,0.5714285714285714,0.9285714285714285,0.114781536
35.0,0.6428571428571428,0.9285714285714285,0.098494165
35.0,0.7142857142857142,0.9285714285714285,0.07781275
35.0,0.7857142857142857,0.9285714285714285,0.057313025
35.0,0.8571428571428571,0.9285714285714285,0.037513588
35.0,0.9285714285714285,0.9285714285714285,0.016152702
35.0,1.0,0.9285714285714285,-0.009362199
35.0,0.0,1.0,-0.011145216
35.0,0.07142857142857142,1.0,-0.004233015
35.0,0.14285714285714285,1.0,-0.003086147
35.0,0.21428571428571427,1.0,-0.0047696223
35.0,0.2857142857142857,1.0,-0.006208242
35.0,0.3571428571428571,1.0,-0.005667583
35.0,0.42857142857142855,1.0,-0.0034841234
35.0,0.5,1.0,-0.0013267482
35.0,0.5714285714285714,1.0,-0.0007010633
35.0,0.6428571428571428,1.0,-0.0018011117
35.0,0.7142857142857142,1.0,-0.0032711932
35.0,0.7857142857142857,1.0,-0.0039319703
35.0,0.8571428571428571,1.0,-0.00477291
35.0,0.9285714285714285,1.0,-0.008649957
35.0,1.0,1.0,-0.018518075
36.0,0.0,0.0,-0.01288573
36.0,0.07142857142857142,0.0,-0.0049699023
36.0,0.14285714285714285,0.0,-0.002115936
36.0,0.21428571428571427,0.0,-0.003276187
36.0,0.2857142857142857,0.0,-0.005679206
36.0,0.3571428571428571,0.0,-0.0056863846
36.0,0.42857142857142855,0.0,-0.0028447798
36.0,0.5,0.0,-0.0012829704
36.0,0.5714285714285714,0.0,-0.0032774275
36.0,0.6428571428571428,0.0,-0.005551123
36.0,0.7142857142857142,0.0,-0.0048205936
36.0,0.7857142857142857,0.0,-0.0024882378
36.0,0.8571428571428571,0.0,-0.0022035995
36.0,0.9285714285714285,0.0,-0.006310866
36.0,1.0,0.0,-0.015822932
36.0,0.0,0.07142857142857142,-0.006040197
36.0,0.07142857142857142,0.07142857142857142,0.018517822
36.0,0.14285714285714285,0.07142857142857142,0.040294252
36.0,0.21428571428571427,0.07142857142857142,0.059669733
36.0,0.2857142857142857,0.07142857142857142,0.077983215
36.0,0.3571428571428571,0.07142857142857142,0.09679102
36.0,0.42857142857142855,0.07142857142857142,0.113511056
36.0,0.5,0.07142857142857142,0.11973391
36.0,0.5714285714285714,0.07142857142857142,0.11140213
36.0,0.6428571428571428,0.07142857142857142,0.09501506
36.0,0.7142857142857142,0.07142857142857142,0.077892445
36.0,0.7857142857142857,0.07142857142857142,0.060699485
36.0,0.8571428571428571,0.07142857142857142,0.04139272
36.0,0.9285714285714285,0.07142857142857142,0.0190209
36.0,1.0,0.07142857142857142,-0.0072165886
36.0,0.0,0.14285714285714285,-0.0039954814
36.0,0.07142857142857142,0.14285714285714285,0.03823448
36.0,0.14285714285714285,0.14285714285714285,0.08025294
36.0,0.21428571428571427,0.14285714285714285,0.12167678
36.0,0.2857142857142857,0.14285714285714285,0.16225825
36.0,0.3571428571428571,0.14285714285714285,0.20132335
36.0,0.42857142857142855,0.14285714285714285,0.23323053
36.0,0.5,0.14285714285714285,0.24492641
36.0,0.5714285714285714,0.14285714285714285,0.23012677
36.0,0.6428571428571428,0.14285714285714285,0.19870192
36.0,0.7142857142857142,0.14285714285714285,0.16202042
36.0,0.7857142857142857,0.14285714285714285,0.12318715
36.0,0.8571428571428571,0.14285714285714285,0.082577206
36.0,0.9285714285714285,0.14285714285714285,0.0406259
36.0,1.0,0.14285714285714285,-0.0037343884
36.0,0.0,0.21428571428571427,-0.004110934
36.0,0.07142857142857142,0.21428571428571427,0.05667212
36.0,0.14285714285714285,0.21428571428571427,0.11949193
36.0,0.21428571428571427,0.21428571428571427,0.18298711
36.0,0.2857142857142857,0.21428571428571427,0.24536605
36.0,0.3571428571428571,0.21428571428571427,0.3041186
36.0,0.42857142857142855,0.21428571428571427,0.351163
36.0,0.5,0.21428571428571427,0.3689315
36.0,0.5714285714285714,0.21428571428571427,0.34844145
36.0,0.6428571428571428,0.21428571428571427,0.3024082
36.0,0.7142857142857142,0.21428571428571427,0.24569859
36.0,0.7857142857142857,0.21428571428571427,0.18446343
36.0,0.8571428571428571,0.21428571428571427,0.12214672
36.0,0.9285714285714285,0.21428571428571427,0.0600257
36.0,1.0,0.21428571428571427,-0.003521406
36.0,0.0,0.2857142857142857,-0.004179579
36.0,0.07142857142857142,0.2857142857142857,0.07599556
36.0,0.14285714285714285,0.2857142857142857,0.15949404
36.0,0.21428571428571427,0.2857142857142857,0.24379598
36.0,0.2857142857142857,0.2857142857142857,0.32600194
36.0,0.3571428571428571,0.2857142857142857,0.40273017
36.0,0.42857142857142855,0.2857142857142857,0.46430838
36.0,0.5,0.2857142857142857,0.48868543
36.0,0.5714285714285714,0.2857142857142857,0.46348444
36.0,0.6428571428571428,0.2857142857142857,0.4035634
36.0,0.7142857142857142,0.2857142857142857,0.3270402
36.0,0.7857142857142857,0.2857142857142857,0.244016
36.0,0.8571428571428571,0.2857142857142857,0.16087021
36.0,0.9285714285714285,0.2857142857142857,0.07874093
36.0,1.0,0.2857142857142857,-0.0042737583
36.0,0.0,0.3571428571428571,-0.003808041
36.0,0.07142857142857142,0.3571428571428571,0.096179746
36.0,0.14285714285714285,0.3571428571428571,0.1994783
36.0,0.21428571428571427,0.3571428571428571,0.30240092
36.0,0.2857142857142857,0.3571428571428571,0.40172002
36.0,0.3571428571428571,0.3571428571428571,0.49431923
36.0,0.42857142857142855,0.3571428571428571,0.5695904
36.0,0.5,0.3571428571428571,0.6006556
36.0,0.5714285714285714,0.3571428571428571,0.5708618
36.0,0.6428571428571428,0.3571428571428571,0.4973096
36.0,0.7142857142857142,0.3571428571428571,0.40220836
36.0,0.7857142857142857,0.3571428571428571,0.29989707
36.0,0.8571428571428571,0.3571428571428571,0.1982362
36.0,0.9285714285714285,0.3571428571428571,0.09744471
36.0,1.0,0.3571428571428571,-0.0037417645
36.0,0.0,0.42857142857142855,-0.0054429034
36.0,0.07142857142857142,0.42857142857142855,0.112051845
36.0,0.14285714285714285,0.42857142857142855,0.2321048
36.0,0.21428571428571427,0.42857142857142855,0.34999374
36.0,0.2857142857142857,0.42857142857142855,0.4626889
36.0,0.3571428571428571,0.42857142857142855,0.567863
36.0,0.42857142857142855,0.42857142857142855,0.6544575
36.0,0.5,0.42857142857142855,0.69105047
36.0,0.5714285714285714,0.42857142857142855,0.6564163
36.0,0.6428571428571428,0.42857142857142855,0.5709804
36.0,0.7142857142857142,0.42857142857142855,0.46189323
36.0,0.7857142857142857,0.42857142857142855,0.34589195
36.0,0.8571428571428571,0.42857142857142855,0.23018496
36.0,0.9285714285714285,0.42857142857142855,0.1143715
36.0,1.0,0.42857142857142855,-0.0010230774
36.0,0.0,0.5,-0.0071200887
36.0,0.07142857142857142,0.5,0.11781653
36.0,0.14285714285714285,0.5,0.24502914
36.0,0.21428571428571427,0.5,0.3693459
36.0,0.2857142857142857,0.5,0.48785555
36.0,0.3571428571428571,0.5,0.59828097
36.0,0.42857142857142855,0.5,0.68918574
36.0,0.5,0.5,0.72755086
36.0,0.5714285714285714,0.5,0.69022614
36.0,0.6428571428571428,0.5,0.600409
36.0,0.7142857142857142,0.5,0.4875362
36.0,0.7857142857142857,0.5,0.3673091
36.0,0.8571428571428571,0.5,0.24561028
36.0,0.9285714285714285,0.5,0.12277921
36.0,1.0,0.5,0.0014527878
36.0,0.0,0.5714285714285714,-0.0033761198
36.0,0.07142857142857142,0.5714285714285714,0.11384977
36.0,0.14285714285714285,0.5714285714285714,0.23322235
36.0,0.21428571428571427,0.5714285714285714,0.35098565
36.0,0.2857142857142857,0.5714285714285714,0.4649022
36.0,0.3571428571428571,0.5714285714285714,0.5716644
36.0,0.42857142857142855,0.5714285714285714,0.65808153
36.0,0.5,0.5714285714285714,0.6926225
36.0,0.5714285714285714,0.5714285714285714,0.6556162
36.0,0.6428571428571428,0.5714285714285714,0.5705916
36.0,0.7142857142857142,0.5714285714285714,0.46461296
36.0,0.7857142857142857,0.5714285714285714,0.35043535
36.0,0.8571428571428571,0.5714285714285714,0.23341122
36.0,0.9285714285714285,0.5714285714285714,0.11545613
36.0,1.0,0.5714285714285714,0.00014684256
36.0,0.0,0.6428571428571428,-0.0011947686
36.0,0.07142857142857142,0.6428571428571428,0.09863226
36.0,0.14285714285714285,0.6428571428571428,0.20010765
36.0,0.21428571428571427,0.6428571428571428,0.30179426
36.0,0.2857142857142857,0.6428571428571428,0.40249094
36.0,0.3571428571428571,0.6428571428571428,0.49786642
36.0,0.42857142857142855,0.6428571428571428,0.57358706
36.0,0.5,0.6428571428571428,0.60240895
36.0,0.5714285714285714,0.6428571428571428,0.5702413
36.0,0.6428571428571428,0.6428571428571428,0.49695507
36.0,0.7142857142857142,0.6428571428571428,0.40469372
36.0,0.7857142857142857,0.6428571428571428,0.30416337
36.0,0.8571428571428571,0.6428571428571428,0.20089082
36.0,0.9285714285714285,0.6428571428571428,0.09782302
36.0,1.0,0.6428571428571428,-0.0020321766
36.0,0.0,0.7142857142857142,-0.0013655657
36.0,0.07142857142857142,0.7142857142857142,0.07872546
36.0,0.14285714285714285,0.7142857142857142,0.15953186
36.0,0.21428571428571427,0.7142857142857142,0.2412302
36.0,0.2857142857142857,0.7142857142857142,0.3234372
36.0,0.3571428571428571,0.7142857142857142,0.40186524
36.0,0.42857142857142855,0.7142857142857142,0.46344206
36.0,0.5,0.7142857142857142,0.48688588
36.0,0.5714285714285714,0.7142857142857142,0.46209306
36.0,0.6428571428571428,0.7142857142857142,0.40298975
36.0,0.7142857142857142,0.7142857142857142,0.3271826
36.0,0.7857142857142857,0.7142857142857142,0.24476017
36.0,0.8571428571428571,0.7142857142857142,0.16098325
36.0,0.9285714285714285,0.7142857142857142,0.07816876
36.0,1.0,0.7142857142857142,-0.0022715786
36.0,0.0,0.7857142857142857,-0.001507164
36.0,0.07142857142857142,0.7857142857142857,0.05941
36.0,0.14285714285714285,0.7857142857142857,0.11970312
36.0,0.21428571428571427,0.7857142857142857,0.18050726
36.0,0.2857142857142857,0.7857142857142857,0.2422549
36.0,0.3571428571428571,0.7857142857142857,0.301655
36.0,0.42857142857142855,0.7857142857142857,0.3482865
36.0,0.5,0.7857142857142857,0.36648715
36.0,0.5714285714285714,0.7857142857142857,0.34845346
36.0,0.6428571428571428,0.7857142857142857,0.30300084
36.0,0.7142857142857142,0.7857142857142857,0.2443464
36.0,0.7857142857142857,0.7857142857142857,0.18191592
36.0,0.8571428571428571,0.7857142857142857,0.11973757
36.0,0.9285714285714285,0.7857142857142857,0.058407716
36.0,1.0,0.7857142857142857,-0.0024578916
36.0,0.0,0.8571428571428571,-0.0014795223
36.0,0.07142857142857142,0.8571428571428571,0.041096672
36.0,0.14285714285714285,0.8571428571428571,0.08132957
36.0,0.21428571428571427,0.8571428571428571,0.12100644
36.0,0.2857142857142857,0.8571428571428571,0.16142526
36.0,0.3571428571428571,0.8571428571428571,0.20076692
36.0,0.42857142857142855,0.8571428571428571,0.23186679
36.0,0.5,0.8571428571428571,0.24426447
36.0,0.5714285714285714,0.8571428571428571,0.23229037
36.0,0.6428571428571428,0.8571428571428571,0.2009694
36.0,0.7142857142857142,0.8571428571428571,0.16076894
36.0,0.7857142857142857,0.8571428571428571,0.11925437
36.0,0.8571428571428571,0.8571428571428571,0.07873613
36.0,0.9285714285714285,0.8571428571428571,0.0381387
36.0,1.0,0.8571428571428571,-0.004307364
36.0,0.0,0.9285714285714285,-0.0034441473
36.0,0.07142857142857142,0.9285714285714285,0.021198343
36.0,0.14285714285714285,0.9285714285714285,0.04165318
36.0,0.21428571428571427,0.9285714285714285,0.060259447
36.0,0.2857142857142857,0.9285714285714285,0.07916567
36.0,0.3571428571428571,0.9285714285714285,0.09825134
36.0,0.42857142857142855,0.9285714285714285,0.1138774
36.0,0.5,0.9285714285714285,0.12046512
36.0,0.5714285714285714,0.9285714285714285,0.11465495
36.0,0.6428571428571428,0.9285714285714285,0.0985041
36.0,0.7142857142857142,0.9285714285714285,0.077870466
36.0,0.7857142857142857,0.9285714285714285,0.057326846
36.0,0.8571428571428571,0.9285714285714285,0.037480056
36.0,0.9285714285714285,0.9285714285714285,0.016146377
36.0,1.0,0.9285714285714285,-0.009250899
36.0,0.0,1.0,-0.011083222
36.0,0.07142857142857142,1.0,-0.004239697
36.0,0.14285714285714285,1.0,-0.0030658804
36.0,0.21428571428571427,1.0,-0.0046515586
36.0,0.2857142857142857,1.0,-0.0059867697
36.0,0.3571428571428571,1.0,-0.005401601
36.0,0.42857142857142855,1.0,-0.0032365033
36.0,0.5,1.0,-0.0010945434
36.0,0.5714285714285714,1.0,-0.00043609086
36.0,0.6428571428571428,1.0,-0.0015049437
36.0,0.7142857142857142,1.0,-0.0030169496
36.0,0.7857142857142857,1.0,-0.0037850784
36.0,0.8571428571428571,1.0,-0.004728296
36.0,0.9285714285714285,1.0,-0.008636002
36.0,1.0,1.0,-0.01844098
37.0,0.0,0.0,-0.012819764
37.0,0.07142857142857142,0.0,-0.00496096
37.0,0.14285714285714285,0.0,-0.002118243
37.0,0.21428571428571427,0.0,-0.0032217912
37.0,0.2857142857142857,0.0,-0.0055057704
37.0,0.3571428571428571,0.0,-0.0054083318
37.0,0.42857142857142855,0.0,-0.0025452385
37.0,0.5,0.0,-0.0009838892
37.0,0.5714285714285714,0.0,-0.002948274
37.0,0.6428571428571428,0.0,-0.0052416297
37.0,0.7142857142857142,0.0,-0.0046112062
37.0,0.7857142857142857,0.0,-0.0023653815
37.0,0.8571428571428571,0.0,-0.002090753
37.0,0.9285714285714285,0.0,-0.0061490843
37.0,1.0,0.0,-0.015592524
37.0,0.0,0.07142857142857142,-0.006002311
37.0,0.07142857142857142,0.07142857142857142,0.018488929
37.0,0.14285714285714285,0.07142857142857142,0.04023911
37.0,0.21428571428571427,0.07142857142857142,0.059639648
37.0,0.2857142857142857,0.07142857142857142,0.078005895
37.0,0.3571428571428571,0.07142857142857142,0.09680008
37.0,0.42857142857142855,0.07142857142857142,0.11337764
37.0,0.5,0.07142857142857142,0.11950848
37.0,0.5714285714285714,0.07142857142857142,0.11128157
37.0,0.6428571428571428,0.07142857142857142,0.09501829
37.0,0.7142857142857142,0.07142857142857142,0.077906966
37.0,0.7857142857142857,0.07142857142857142,0.06070091
37.0,0.8571428571428571,0.07142857142857142,0.04142353
37.0,0.9285714285714285,0.07142857142857142,0.0191181
37.0,1.0,0.07142857142857142,-0.0070358897
37.0,0.0,0.14285714285714285,-0.003947391
37.0,0.07142857142857142,0.14285714285714285,0.03819769
37.0,0.14285714285714285,0.14285714285714285,0.080170386
37.0,0.21428571428571427,0.14285714285714285,0.121588044
37.0,0.2857142857142857,0.14285714285714285,0.1621657
37.0,0.3571428571428571,0.14285714285714285,0.20111074
37.0,0.42857142857142855,0.14285714285714285,0.23271427
37.0,0.5,0.14285714285714285,0.24423306
37.0,0.5714285714285714,0.14285714285714285,0.229648
37.0,0.6428571428571428,0.14285714285714285,0.19851947
37.0,0.7142857142857142,0.14285714285714285,0.16195767
37.0,0.7857142857142857,0.14285714285714285,0.12315542
37.0,0.8571428571428571,0.14285714285714285,0.08257943
37.0,0.9285714285714285,0.14285714285714285,0.040696904
37.0,1.0,0.14285714285714285,-0.0035611326
37.0,0.0,0.21428571428571427,-0.003992527
37.0,0.07142857142857142,0.21428571428571427,0.05667092
37.0,0.14285714285714285,0.21428571428571427,0.11941139
37.0,0.21428571428571427,0.21428571428571427,0.18287125
37.0,0.2857142857142857,0.21428571428571427,0.24521191
37.0,0.3571428571428571,0.21428571428571427,0.30377784
37.0,0.42857142857142855,0.21428571428571427,0.35038704
37.0,0.5,0.21428571428571427,0.36790103
37.0,0.5714285714285714,0.21428571428571427,0.34774604
37.0,0.6428571428571428,0.21428571428571427,0.30216962
37.0,0.7142857142857142,0.21428571428571427,0.24564965
37.0,0.7857142857142857,0.21428571428571427,0.18443517
37.0,0.8571428571428571,0.21428571428571427,0.122118436
37.0,0.9285714285714285,0.21428571428571427,0.06007027
37.0,1.0,0.21428571428571427,-0.0033313641
37.0,0.0,0.2857142857142857,-0.003941388
37.0,0.07142857142857142,0.2857142857142857,0.07604915
37.0,0.14285714285714285,0.2857142857142857,0.15941156
37.0,0.21428571428571427,0.2857142857142857,0.2436455
37.0,0.2857142857142857,0.2857142857142857,0.32580203
37.0,0.3571428571428571,0.2857142857142857,0.4023101
37.0,0.42857142857142855,0.2857142857142857,0.46333176
37.0,0.5,0.2857142857142857,0.48735636
37.0,0.5714285714285714,0.2857142857142857,0.4625838
37.0,0.6428571428571428,0.2857142857142857,0.4032511
37.0,0.7142857142857142,0.2857142857142857,0.32695845
37.0,0.7857142857142857,0.2857142857142857,0.24391349
37.0,0.8571428571428571,0.2857142857142857,0.1607369
37.0,0.9285714285714285,0.2857142857142857,0.07872676
37.0,1.0,0.2857142857142857,-0.0040534
37.0,0.0,0.3571428571428571,-0.0034701573
37.0,0.07142857142857142,0.3571428571428571,0.096222214
37.0,0.14285714285714285,0.3571428571428571,0.1992891
37.0,0.21428571428571427,0.3571428571428571,0.30209062
37.0,0.2857142857142857,0.3571428571428571,0.40134153
37.0,0.3571428571428571,0.3571428571428571,0.49366847
37.0,0.42857142857142855,0.3571428571428571,0.568217
37.0,0.5,0.3571428571428571,0.59876096
37.0,0.5714285714285714,0.3571428571428571,0.56944966
37.0,0.6428571428571428,0.3571428571428571,0.49663004
37.0,0.7142857142857142,0.3571428571428571,0.40184805
37.0,0.7857142857142857,0.3571428571428571,0.29953232
37.0,0.8571428571428571,0.3571428571428571,0.19788758
37.0,0.9285714285714285,0.3571428571428571,0.097334884
37.0,1.0,0.3571428571428571,-0.0034829164
37.0,0.0,0.42857142857142855,-0.0051145824
37.0,0.07142857142857142,0.42857142857142855,0.11193813
37.0,0.14285714285714285,0.42857142857142855,0.23162337
37.0,0.21428571428571427,0.42857142857142855,0.3492923
37.0,0.2857142857142857,0.42857142857142855,0.4618381
37.0,0.3571428571428571,0.42857142857142855,0.56660813
37.0,0.42857142857142855,0.42857142857142855,0.65223354
37.0,0.5,0.42857142857142855,0.6880762
37.0,0.5714285714285714,0.42857142857142855,0.6539954
37.0,0.6428571428571428,0.42857142857142855,0.5695384
37.0,0.7142857142857142,0.42857142857142855,0.46098384
37.0,0.7857142857142857,0.42857142857142855,0.3451195
37.0,0.8571428571428571,0.42857142857142855,0.22956847
37.0,0.9285714285714285,0.42857142857142855,0.114155404
37.0,1.0,0.42857142857142855,-0.0007294277
37.0,0.0,0.5,-0.0068354094
37.0,0.07142857142857142,0.5,0.11759999
37.0,0.14285714285714285,0.5,0.24437352
37.0,0.21428571428571427,0.5,0.36839482
37.0,0.2857142857142857,0.5,0.4866659
37.0,0.3571428571428571,0.5,0.596567
37.0,0.42857142857142855,0.5,0.6863524
37.0,0.5,0.5,0.7238506
37.0,0.5714285714285714,0.5,0.6871674
37.0,0.6428571428571428,0.5,0.5985311
37.0,0.7142857142857142,0.5,0.48635128
37.0,0.7857142857142857,0.5,0.36636063
37.0,0.8571428571428571,0.5,0.24488677
37.0,0.9285714285714285,0.5,0.12252017
37.0,1.0,0.5,0.0017667329
37.0,0.0,0.5714285714285714,-0.003092737
37.0,0.07142857142857142,0.5714285714285714,0.113730595
37.0,0.14285714285714285,0.5714285714285714,0.23277591
37.0,0.21428571428571427,0.5714285714285714,0.35033616
37.0,0.2857142857142857,0.5714285714285714,0.46406704
37.0,0.3571428571428571,0.5714285714285714,0.57034576
37.0,0.42857142857142855,0.5714285714285714,0.6557619
37.0,0.5,0.5714285714285714,0.6895896
37.0,0.5714285714285714,0.5714285714285714,0.6532231
37.0,0.6428571428571428,0.5714285714285714,0.56925666
37.0,0.7142857142857142,0.5714285714285714,0.4638473
37.0,0.7857142857142857,0.5714285714285714,0.34981367
37.0,0.8571428571428571,0.5714285714285714,0.23290817
37.0,0.9285714285714285,0.5714285714285714,0.11530178
37.0,1.0,0.5714285714285714,0.00048420485
37.0,0.0,0.6428571428571428,-0.00090695266
37.0,0.07142857142857142,0.6428571428571428,0.098645546
37.0,0.14285714285714285,0.6428571428571428,0.19994463
37.0,0.21428571428571427,0.6428571428571428,0.30155814
37.0,0.2857142857142857,0.6428571428571428,0.40215632
37.0,0.3571428571428571,0.6428571428571428,0.49714133
37.0,0.42857142857142855,0.6428571428571428,0.5720839
37.0,0.5,0.6428571428571428,0.60043436
37.0,0.5714285714285714,0.6428571428571428,0.56880057
37.0,0.6428571428571428,0.6428571428571428,0.49628094
37.0,0.7142857142857142,0.6428571428571428,0.40437385
37.0,0.7857142857142857,0.6428571428571428,0.30387878
37.0,0.8571428571428571,0.6428571428571428,0.20062901
37.0,0.9285714285714285,0.6428571428571428,0.097778074
37.0,1.0,0.6428571428571428,-0.0017116079
37.0,0.0,0.7142857142857142,-0.0011086697
37.0,0.07142857142857142,0.7142857142857142,0.07878469
37.0,0.14285714285714285,0.7142857142857142,0.15949132
37.0,0.21428571428571427,0.7142857142857142,0.24117018
37.0,0.2857142857142857,0.7142857142857142,0.32331187
37.0,0.3571428571428571,0.7142857142857142,0.40142193
37.0,0.42857142857142855,0.7142857142857142,0.46240672
37.0,0.5,0.7142857142857142,0.48553067
37.0,0.5714285714285714,0.7142857142857142,0.46112886
37.0,0.6428571428571428,0.7142857142857142,0.4025723
37.0,0.7142857142857142,0.7142857142857142,0.32700962
37.0,0.7857142857142857,0.7142857142857142,0.24460085
37.0,0.8571428571428571,0.7142857142857142,0.16082914
37.0,0.9285714285714285,0.7142857142857142,0.07816344
37.0,1.0,0.7142857142857142,-0.0020007873
37.0,0.0,0.7857142857142857,-0.0013026381
37.0,0.07142857142857142,0.7857142857142857,0.05945523
37.0,0.14285714285714285,0.7857142857142857,0.11967849
37.0,0.21428571428571427,0.7857142857142857,0.18047921
37.0,0.2857142857142857,0.7857142857142857,0.24218012
37.0,0.3571428571428571,0.7857142857142857,0.3013317
37.0,0.42857142857142855,0.7857142857142857,0.34752357
37.0,0.5,0.7857142857142857,0.36548728
37.0,0.5714285714285714,0.7857142857142857,0.34771124
37.0,0.6428571428571428,0.7857142857142857,0.30265558
37.0,0.7142857142857142,0.7857142857142857,0.24419583
37.0,0.7857142857142857,0.7857142857142857,0.18178953
37.0,0.8571428571428571,0.7857142857142857,0.11962365
37.0,0.9285714285714285,0.7857142857142857,0.058408894
37.0,1.0,0.7857142857142857,-0.0022374475
37.0,0.0,0.8571428571428571,-0.0013318667
37.0,0.07142857142857142,0.8571428571428571,0.041108537
37.0,0.14285714285714285,0.8571428571428571,0.081292324
37.0,0.21428571428571427,0.8571428571428571,0.120984815
37.0,0.2857142857142857,0.8571428571428571,0.16139369
37.0,0.3571428571428571,0.8571428571428571,0.20058013
37.0,0.42857142857142855,0.8571428571428571,0.23139404
37.0,0.5,0.8571428571428571,0.24363075
37.0,0.5714285714285714,0.8571428571428571,0.2318079
37.0,0.6428571428571428,0.8571428571428571,0.2007486
37.0,0.7142857142857142,0.8571428571428571,0.16068234
37.0,0.7857142857142857,0.8571428571428571,0.11917653
37.0,0.8571428571428571,0.8571428571428571,0.07865461
37.0,0.9285714285714285,0.8571428571428571,0.038134295
37.0,1.0,0.8571428571428571,-0.0041417787
37.0,0.0,0.9285714285714285,-0.0033502663
37.0,0.07142857142857142,0.9285714285714285,0.02118386
37.0,0.14285714285714285,0.9285714285714285,0.041621014
37.0,0.21428571428571427,0.9285714285714285,0.06027881
37.0,0.2857142857142857,0.9285714285714285,0.07922908
37.0,0.3571428571428571,0.9285714285714285,0.09826446
37.0,0.42857142857142855,0.9285714285714285,0.11375327
37.0,0.5,0.9285714285714285,0.12025901
37.0,0.5714285714285714,0.9285714285714285,0.11452601
37.0,0.6428571428571428,0.9285714285714285,0.098510616
37.0,0.7142857142857142,0.9285714285714285,0.0779273
37.0,0.7857142857142857,0.9285714285714285,0.057344384
37.0,0.8571428571428571,0.9285714285714285,0.0374515
37.0,0.9285714285714285,0.9285714285714285,0.016143542
37.0,1.0,0.9285714285714285,-0.009136912
37.0,0.0,1.0,-0.011026005
37.0,0.07142857142857142,1.0,-0.004245949
37.0,0.14285714285714285,1.0,-0.0030404832
37.0,0.21428571428571427,1.0,-0.004527428
37.0,0.2857142857142857,1.0,-0.005762507
37.0,0.3571428571428571,1.0,-0.0051364647
37.0,0.42857142857142855,1.0,-0.002991286
37.0,0.5,1.0,-0.0008641416
37.0,0.5714285714285714,1.0,-0.00017273519
37.0,0.6428571428571428,1.0,-0.0012104074
37.0,0.7142857142857142,1.0,-0.002761134
37.0,0.7857142857142857,1.0,-0.0036323154
37.0,0.8571428571428571,1.0,-0.0046765553
37.0,0.9285714285714285,1.0,-0.008615953
37.0,1.0,1.0,-0.018361032
38.0,0.0,0.0,-0.0127606
38.0,0.07142857142857142,0.0,-0.0049580242
38.0,0.14285714285714285,0.0,-0.0021233102
38.0,0.21428571428571427,0.0,-0.0031657508
38.0,0.2857142857142857,0.0,-0.005329
38.0,0.3571428571428571,0.0,-0.0051266924
38.0,0.42857142857142855,0.0,-0.0022430234
38.0,0.5,0.0,-0.00068422686
38.0,0.5714285714285714,0.0,-0.002621458
38.0,0.6428571428571428,0.0,-0.004935843
38.0,0.7142857142857142,0.0,-0.004404363
38.0,0.7857142857142857,0.0,-0.002244548
38.0,0.8571428571428571,0.0,-0.0019806037
38.0,0.9285714285714285,0.0,-0.005990633
38.0,1.0,0.0,-0.015362696
38.0,0.0,0.07142857142857142,-0.005969282
38.0,0.07142857142857142,0.07142857142857142,0.01845472
38.0,0.14285714285714285,0.07142857142857142,0.040180318
38.0,0.21428571428571427,0.07142857142857142,0.059607156
38.0,0.2857142857142857,0.07142857142857142,0.0780257
38.0,0.3571428571428571,0.07142857142857142,0.09680455
38.0,0.42857142857142855,0.07142857142857142,0.113243304
38.0,0.5,0.07142857142857142,0.11928367
38.0,0.5714285714285714,0.07142857142857142,0.11115806
38.0,0.6428571428571428,0.07142857142857142,0.09501659
38.0,0.7142857142857142,0.07142857142857142,0.077918895
38.0,0.7857142857142857,0.07142857142857142,0.060699634
38.0,0.8571428571428571,0.07142857142857142,0.04145094
38.0,0.9285714285714285,0.07142857142857142,0.01921162
38.0,1.0,0.07142857142857142,-0.0068562785
38.0,0.0,0.14285714285714285,-0.0039010895
38.0,0.07142857142857142,0.14285714285714285,0.03815863
38.0,0.14285714285714285,0.14285714285714285,0.080085255
38.0,0.21428571428571427,0.14285714285714285,0.121496834
38.0,0.2857142857142857,0.14285714285714285,0.16206682
38.0,0.3571428571428571,0.14285714285714285,0.2008901
38.0,0.42857142857142855,0.14285714285714285,0.2321974
38.0,0.5,0.14285714285714285,0.2435445
38.0,0.5714285714285714,0.14285714285714285,0.22916932
38.0,0.6428571428571428,0.14285714285714285,0.19833194
38.0,0.7142857142857142,0.14285714285714285,0.16189192
38.0,0.7857142857142857,0.14285714285714285,0.12312061
38.0,0.8571428571428571,0.14285714285714285,0.08257673
38.0,0.9285714285714285,0.14285714285714285,0.040761873
38.0,1.0,0.14285714285714285,-0.003390723
38.0,0.0,0.21428571428571427,-0.0038733343
38.0,0.07142857142857142,0.21428571428571427,0.056670114
38.0,0.14285714285714285,0.21428571428571427,0.11933117
38.0,0.21428571428571427,0.21428571428571427,0.1827543
38.0,0.2857142857142857,0.21428571428571427,0.24505268
38.0,0.3571428571428571,0.21428571428571427,0.30342874
38.0,0.42857142857142855,0.21428571428571427,0.34961224
38.0,0.5,0.21428571428571427,0.36688167
38.0,0.5714285714285714,0.21428571428571427,0.34705162
38.0,0.6428571428571428,0.21428571428571427,0.30192274
38.0,0.7142857142857142,0.21428571428571427,0.24559407
38.0,0.7857142857142857,0.21428571428571427,0.18440093
38.0,0.8571428571428571,0.21428571428571427,0.12208141
38.0,0.9285714285714285,0.21428571428571427,0.060104504
38.0,1.0,0.21428571428571427,-0.0031467164
38.0,0.0,0.2857142857142857,-0.0037022037
38.0,0.07142857142857142,0.2857142857142857,0.07610305
38.0,0.14285714285714285,0.2857142857142857,0.15933071
38.0,0.21428571428571427,0.2857142857142857,0.24349628
38.0,0.2857142857142857,0.2857142857142857,0.32559925
38.0,0.3571428571428571,0.2857142857142857,0.40188217
38.0,0.42857142857142855,0.2857142857142857,0.4623592
38.0,0.5,0.2857142857142857,0.48604327
38.0,0.5714285714285714,0.2857142857142857,0.46168146
38.0,0.6428571428571428,0.2857142857142857,0.40292278
38.0,0.7142857142857142,0.2857142857142857,0.32686543
38.0,0.7857142857142857,0.2857142857142857,0.24380328
38.0,0.8571428571428571,0.2857142857142857,0.16059263
38.0,0.9285714285714285,0.2857142857142857,0.07869839
38.0,1.0,0.2857142857142857,-0.0038415575
38.0,0.0,0.3571428571428571,-0.0031345272
38.0,0.07142857142857142,0.3571428571428571,0.096263364
38.0,0.14285714285714285,0.3571428571428571,0.19910327
38.0,0.21428571428571427,0.3571428571428571,0.3017871
38.0,0.2857142857142857,0.3571428571428571,0.40096602
38.0,0.3571428571428571,0.3571428571428571,0.49301496
38.0,0.42857142857142855,0.3571428571428571,0.5668528
38.0,0.5,0.3571428571428571,0.5968922
38.0,0.5714285714285714,0.3571428571428571,0.568039
38.0,0.6428571428571428,0.3571428571428571,0.49593404
38.0,0.7142857142857142,0.3571428571428571,0.40147805
38.0,0.7857142857142857,0.3571428571428571,0.2991662
38.0,0.8571428571428571,0.3571428571428571,0.19753103
38.0,0.9285714285714285,0.3571428571428571,0.097210705
38.0,1.0,0.3571428571428571,-0.0032330165
38.0,0.0,0.42857142857142855,-0.0047886157
38.0,0.07142857142857142,0.42857142857142855,0.1118252
38.0,0.14285714285714285,0.42857142857142855,0.23115158
38.0,0.21428571428571427,0.42857142857142855,0.3486078
38.0,0.2857142857142857,0.42857142857142855,0.46100327
38.0,0.3571428571428571,0.42857142857142855,0.56536454
38.0,0.42857142857142855,0.42857142857142855,0.6500401
38.0,0.5,0.42857142857142855,0.68515813
38.0,0.5714285714285714,0.42857142857142855,0.6516061
38.0,0.6428571428571428,0.42857142857142855,0.56810355
38.0,0.7142857142857142,0.42857142857142855,0.46008635
38.0,0.7857142857142857,0.42857142857142855,0.34436172
38.0,0.8571428571428571,0.42857142857142855,0.22895344
38.0,0.9285714285714285,0.42857142857142855,0.1139283
38.0,1.0,0.42857142857142855,-0.00044401083
38.0,0.0,0.5,-0.006554776
38.0,0.07142857142857142,0.5,0.11738183
38.0,0.14285714285714285,0.5,0.24372621
38.0,0.21428571428571427,0.5,0.36746198
38.0,0.2857142857142857,0.5,0.48549697
38.0,0.3571428571428571,0.5,0.59487337
38.0,0.42857142857142855,0.5,0.68356407
38.0,0.5,0.5,0.7202306
38.0,0.5714285714285714,0.5,0.6841647
38.0,0.6428571428571428,0.5,0.5966781
38.0,0.7142857142857142,0.5,0.48519084
38.0,0.7857142857142857,0.5,0.36543623
38.0,0.8571428571428571,0.5,0.24417214
38.0,0.9285714285714285,0.5,0.122254364
38.0,1.0,0.5,0.002073898
38.0,0.0,0.5714285714285714,-0.0028231302
38.0,0.07142857142857142,0.5714285714285714,0.113598205
38.0,0.14285714285714285,0.5714285714285714,0.23232244
38.0,0.21428571428571427,0.5714285714285714,0.34968475
38.0,0.2857142857142857,0.5714285714285714,0.46322745
38.0,0.3571428571428571,0.5714285714285714,0.5690184
38.0,0.42857142857142855,0.5714285714285714,0.6534529
38.0,0.5,0.5714285714285714,0.6865976
38.0,0.5714285714285714,0.5714285714285714,0.65085083
38.0,0.6428571428571428,0.5714285714285714,0.56791645
38.0,0.7142857142857142,0.5714285714285714,0.46307904
38.0,0.7857142857142857,0.5714285714285714,0.3491969
38.0,0.8571428571428571,0.5714285714285714,0.23240504
38.0,0.9285714285714285,0.5714285714285714,0.11513888
38.0,1.0,0.5714285714285714,0.0008149957
38.0,0.0,0.6428571428571428,-0.0006331438
38.0,0.07142857142857142,0.6428571428571428,0.098645985
38.0,0.14285714285714285,0.6428571428571428,0.19977255
38.0,0.21428571428571427,0.6428571428571428,0.30131495
38.0,0.2857142857142857,0.6428571428571428,0.4018075
38.0,0.3571428571428571,0.6428571428571428,0.49639603
38.0,0.42857142857142855,0.6428571428571428,0.57057446
38.0,0.5,0.6428571428571428,0.59847456
38.0,0.5714285714285714,0.6428571428571428,0.5673611
38.0,0.6428571428571428,0.6428571428571428,0.49558988
38.0,0.7142857142857142,0.6428571428571428,0.40403867
38.0,0.7857142857142857,0.6428571428571428,0.30358624
38.0,0.8571428571428571,0.6428571428571428,0.20036034
38.0,0.9285714285714285,0.6428571428571428,0.09772393
38.0,1.0,0.6428571428571428,-0.0013956958
38.0,0.0,0.7142857142857142,-0.0008601183
38.0,0.07142857142857142,0.7142857142857142,0.0788379
38.0,0.14285714285714285,0.7142857142857142,0.15944849
38.0,0.21428571428571427,0.7142857142857142,0.24110748
38.0,0.2857142857142857,0.7142857142857142,0.3231776
38.0,0.3571428571428571,0.7142857142857142,0.4009649
38.0,0.42857142857142855,0.7142857142857142,0.46136984
38.0,0.5,0.7142857142857142,0.48419002
38.0,0.5714285714285714,0.7142857142857142,0.4601707
38.0,0.6428571428571428,0.7142857142857142,0.40214652
38.0,0.7142857142857142,0.7142857142857142,0.3268265
38.0,0.7857142857142857,0.7142857142857142,0.24443476
38.0,0.8571428571428571,0.7142857142857142,0.1606692
38.0,0.9285714285714285,0.7142857142857142,0.07815205
38.0,1.0,0.7142857142857142,-0.0017323503
38.0,0.0,0.7857142857142857,-0.0011023739
38.0,0.07142857142857142,0.7857142857142857,0.05949939
38.0,0.14285714285714285,0.7857142857142857,0.119656645
38.0,0.21428571428571427,0.7857142857142857,0.18045266
38.0,0.2857142857142857,0.7857142857142857,0.24210088
38.0,0.3571428571428571,0.7857142857142857,0.3009994
38.0,0.42857142857142855,0.7857142857142857,0.34675896
38.0,0.5,0.7857142857142857,0.36449733
38.0,0.5714285714285714,0.7857142857142857,0.3469746
38.0,0.6428571428571428,0.7857142857142857,0.30230588
38.0,0.7142857142857142,0.7857142857142857,0.24404047
38.0,0.7857142857142857,0.7857142857142857,0.181661
38.0,0.8571428571428571,0.7857142857142857,0.11950786
38.0,0.9285714285714285,0.7857142857142857,0.058408044
38.0,1.0,0.7857142857142857,-0.002017052
38.0,0.0,0.8571428571428571,-0.0011871094
38.0,0.07142857142857142,0.8571428571428571,0.041121215
38.0,0.14285714285714285,0.8571428571428571,0.08125956
38.0,0.21428571428571427,0.8571428571428571,0.120967664
38.0,0.2857142857142857,0.8571428571428571,0.16136046
38.0,0.3571428571428571,0.8571428571428571,0.20038635
38.0,0.42857142857142855,0.8571428571428571,0.23091723
38.0,0.5,0.8571428571428571,0.24299957
38.0,0.5714285714285714,0.8571428571428571,0.23132624
38.0,0.6428571428571428,0.8571428571428571,0.20052433
38.0,0.7142857142857142,0.8571428571428571,0.16059333
38.0,0.7857142857142857,0.8571428571428571,0.119098686
38.0,0.8571428571428571,0.8571428571428571,0.078574926
38.0,0.9285714285714285,0.8571428571428571,0.03813062
38.0,1.0,0.8571428571428571,-0.0039750794
38.0,0.0,0.9285714285714285,-0.0032605948
38.0,0.07142857142857142,0.9285714285714285,0.0211703
38.0,0.14285714285714285,0.9285714285714285,0.041593805
38.0,0.21428571428571427,0.9285714285714285,0.060303293
38.0,0.2857142857142857,0.9285714285714285,0.07929266
38.0,0.3571428571428571,0.9285714285714285,0.09827228
38.0,0.42857142857142855,0.9285714285714285,0.11362361
38.0,0.5,0.9285714285714285,0.12005014
38.0,0.5714285714285714,0.9285714285714285,0.11439403
38.0,0.6428571428571428,0.9285714285714285,0.09851321
38.0,0.7142857142857142,0.9285714285714285,0.077983454
38.0,0.7857142857142857,0.9285714285714285,0.05736447
38.0,0.8571428571428571,0.9285714285714285,0.037427895
38.0,0.9285714285714285,0.9285714285714285,0.01614425
38.0,1.0,0.9285714285714285,-0.009020996
38.0,0.0,1.0,-0.010973359
38.0,0.07142857142857142,1.0,-0.0042513004
38.0,0.14285714285714285,1.0,-0.0030102571
38.0,0.21428571428571427,1.0,-0.004398455
38.0,0.2857142857142857,1.0,-0.0055357004
38.0,0.3571428571428571,1.0,-0.004873202
38.0,0.42857142857142855,1.0,-0.0027492018
38.0,0.5,1.0,-0.00063662324
38.0,0.5714285714285714,1.0,8.782651e-05
38.0,0.6428571428571428,1.0,-0.00091780815
38.0,0.7142857142857142,1.0,-0.0025041336
38.0,0.7857142857142857,1.0,-0.0034746462
38.0,0.8571428571428571,1.0,-0.0046181763
38.0,0.9285714285714285,1.0,-0.008590599
38.0,1.0,1.0,-0.018277738
39.0,0.0,0.0,-0.012709356
39.0,0.07142857142857142,0.0,-0.004961366
39.0,0.14285714285714285,0.0,-0.0021310253
39.0,0.21428571428571427,0.0,-0.0031092912
39.0,0.2857142857142857,0.0,-0.0051488783
39.0,0.3571428571428571,0.0,-0.0048414944
39.0,0.42857142857142855,0.0,-0.0019378988
39.0,0.5,0.0,-0.00038385298
39.0,0.5714285714285714,0.0,-0.002297339
39.0,0.6428571428571428,0.0,-0.0046343515
39.0,0.7142857142857142,0.0,-0.0041998224
39.0,0.7857142857142857,0.0,-0.0021264972
39.0,0.8571428571428571,0.0,-0.0018743584
39.0,0.9285714285714285,0.0,-0.005835683
39.0,1.0,0.0,-0.015134805
39.0,0.0,0.07142857142857142,-0.0059422012
39.0,0.07142857142857142,0.07142857142857142,0.018415332
39.0,0.14285714285714285,0.07142857142857142,0.040117845
39.0,0.21428571428571427,0.07142857142857142,0.05957213
39.0,0.2857142857142857,0.07142857142857142,0.07804216
39.0,0.3571428571428571,0.07142857142857142,0.096805446
39.0,0.42857142857142855,0.07142857142857142,0.113106914
39.0,0.5,0.07142857142857142,0.11905972
39.0,0.5714285714285714,0.07142857142857142,0.11103111
39.0,0.6428571428571428,0.07142857142857142,0.09501005
39.0,0.7142857142857142,0.07142857142857142,0.077927686
39.0,0.7857142857142857,0.07142857142857142,0.060695775
39.0,0.8571428571428571,0.07142857142857142,0.04147438
39.0,0.9285714285714285,0.07142857142857142,0.019301012
39.0,1.0,0.07142857142857142,-0.0066788876
39.0,0.0,0.14285714285714285,-0.0038570361
39.0,0.07142857142857142,0.14285714285714285,0.038117066
39.0,0.14285714285714285,0.14285714285714285,0.07999804
39.0,0.21428571428571427,0.14285714285714285,0.12140205
39.0,0.2857142857142857,0.14285714285714285,0.16196254
39.0,0.3571428571428571,0.14285714285714285,0.20066181
39.0,0.42857142857142855,0.14285714285714285,0.23167947
39.0,0.5,0.14285714285714285,0.24286203
39.0,0.5714285714285714,0.14285714285714285,0.22869037
39.0,0.6428571428571428,0.14285714285714285,0.19814023
39.0,0.7142857142857142,0.14285714285714285,0.16182266
39.0,0.7857142857142857,0.14285714285714285,0.12308281
39.0,0.8571428571428571,0.14285714285714285,0.08256859
39.0,0.9285714285714285,0.14285714285714285,0.040819973
39.0,1.0,0.14285714285714285,-0.003224724
39.0,0.0,0.21428571428571427,-0.0037536705
39.0,0.07142857142857142,0.21428571428571427,0.056668766
39.0,0.14285714285714285,0.21428571428571427,0.1192509
39.0,0.21428571428571427,0.21428571428571427,0.18263611
39.0,0.2857142857142857,0.21428571428571427,0.2448876
39.0,0.3571428571428571,0.21428571428571427,0.30307183
39.0,0.42857142857142855,0.21428571428571427,0.34883916
39.0,0.5,0.21428571428571427,0.36587435
39.0,0.5714285714285714,0.21428571428571427,0.3463578
39.0,0.6428571428571428,0.21428571428571427,0.30166727
39.0,0.7142857142857142,0.21428571428571427,0.24553202
39.0,0.7857142857142857,0.21428571428571427,0.18436137
39.0,0.8571428571428571,0.21428571428571427,0.12203615
39.0,0.9285714285714285,0.21428571428571427,0.060127832
39.0,1.0,0.21428571428571427,-0.0029699812
39.0,0.0,0.2857142857142857,-0.0034628203
39.0,0.07142857142857142,0.2857142857142857,0.07615734
39.0,0.14285714285714285,0.2857142857142857,0.15925165
39.0,0.21428571428571427,0.2857142857142857,0.24334927
39.0,0.2857142857142857,0.2857142857142857,0.3253935
39.0,0.3571428571428571,0.2857142857142857,0.4014474
39.0,0.42857142857142855,0.2857142857142857,0.46139094
39.0,0.5,0.2857142857142857,0.48474586
39.0,0.5714285714285714,0.2857142857142857,0.46077725
39.0,0.6428571428571428,0.2857142857142857,0.4025785
39.0,0.7142857142857142,0.2857142857142857,0.32676053
39.0,0.7857142857142857,0.2857142857142857,0.24368654
39.0,0.8571428571428571,0.2857142857142857,0.16043754
39.0,0.9285714285714285,0.2857142857142857,0.07865564
39.0,1.0,0.2857142857142857,-0.0036398778
39.0,0.0,0.3571428571428571,-0.0028009946
39.0,0.07142857142857142,0.3571428571428571,0.09630358
39.0,0.14285714285714285,0.3571428571428571,0.19892143
39.0,0.21428571428571427,0.3571428571428571,0.30149034
39.0,0.2857142857142857,0.3571428571428571,0.40059304
39.0,0.3571428571428571,0.3571428571428571,0.492358
39.0,0.42857142857142855,0.3571428571428571,0.5654977
39.0,0.5,0.3571428571428571,0.5950479
39.0,0.5714285714285714,0.3571428571428571,0.5666313
39.0,0.6428571428571428,0.3571428571428571,0.49522194
39.0,0.7142857142857142,0.3571428571428571,0.40109935
39.0,0.7857142857142857,0.3571428571428571,0.29879856
39.0,0.8571428571428571,0.3571428571428571,0.1971669
39.0,0.9285714285714285,0.3571428571428571,0.09707235
39.0,1.0,0.3571428571428571,-0.0029939944
39.0,0.0,0.42857142857142855,-0.00446535
39.0,0.07142857142857142,0.42857142857142855,0.11171235
39.0,0.14285714285714285,0.42857142857142855,0.23068874
39.0,0.21428571428571427,0.42857142857142855,0.34793976
39.0,0.2857142857142857,0.42857142857142855,0.46018255
39.0,0.3571428571428571,0.42857142857142855,0.5641312
39.0,0.42857142857142855,0.42857142857142855,0.64787453
39.0,0.5,0.42857142857142855,0.68229413
39.0,0.5714285714285714,0.42857142857142855,0.649248
39.0,0.6428571428571428,0.42857142857142855,0.5666762
39.0,0.7142857142857142,0.42857142857142855,0.45920032
39.0,0.7857142857142857,0.42857142857142855,0.3436201
39.0,0.8571428571428571,0.42857142857142855,0.22834192
39.0,0.9285714285714285,0.42857142857142855,0.113690965
39.0,1.0,0.42857142857142855,-0.00016814563
39.0,0.0,0.5,-0.00628014
39.0,0.07142857142857142,0.5,0.11716106
39.0,0.14285714285714285,0.5,0.2430862
39.0,0.21428571428571427,0.5,0.3665462
39.0,0.2857142857142857,0.5,0.48434612
39.0,0.3571428571428571,0.5,0.5931972
39.0,0.42857142857142855,0.5,0.68081784
39.0,0.5,0.5,0.716687
39.0,0.5714285714285714,0.5,0.6812163
39.0,0.6428571428571428,0.5,0.5948482
39.0,0.7142857142857142,0.5,0.48405138
39.0,0.7857142857142857,0.5,0.3645354
39.0,0.8571428571428571,0.5,0.243466
39.0,0.9285714285714285,0.5,0.121981494
39.0,1.0,0.5,0.002373173
39.0,0.0,0.5714285714285714,-0.0025689239
39.0,0.07142857142857142,0.5714285714285714,0.11345207
39.0,0.14285714285714285,0.5714285714285714,0.23186125
39.0,0.21428571428571427,0.5714285714285714,0.34903052
39.0,0.2857142857142857,0.5714285714285714,0.46238267
39.0,0.3571428571428571,0.5714285714285714,0.5676822
39.0,0.42857142857142855,0.5714285714285714,0.6511539
39.0,0.5,0.5714285714285714,0.68364453
39.0,0.5714285714285714,0.5714285714285714,0.64849854
39.0,0.6428571428571428,0.5714285714285714,0.5665715
39.0,0.7142857142857142,0.5714285714285714,0.46230727
39.0,0.7857142857142857,0.5714285714285714,0.34858406
39.0,0.8571428571428571,0.5714285714285714,0.23190165
39.0,0.9285714285714285,0.5714285714285714,0.11496695
39.0,1.0,0.5714285714285714,0.0011379188
39.0,0.0,0.6428571428571428,-0.000374482
39.0,0.07142857142857142,0.6428571428571428,0.098633945
39.0,0.14285714285714285,0.6428571428571428,0.19959189
39.0,0.21428571428571427,0.6428571428571428,0.30106333
39.0,0.2857142857142857,0.6428571428571428,0.4014444
39.0,0.3571428571428571,0.6428571428571428,0.49563095
39.0,0.42857142857142855,0.6428571428571428,0.5690592
39.0,0.5,0.6428571428571428,0.5965301
39.0,0.5714285714285714,0.6428571428571428,0.5659226
39.0,0.6428571428571428,0.6428571428571428,0.49488166
39.0,0.7142857142857142,0.6428571428571428,0.40368795
39.0,0.7857142857142857,0.6428571428571428,0.30328628
39.0,0.8571428571428571,0.6428571428571428,0.20008482
39.0,0.9285714285714285,0.6428571428571428,0.097660795
39.0,1.0,0.6428571428571428,-0.0010859752
39.0,0.0,0.7142857142857142,-0.000621357
39.0,0.07142857142857142,0.7142857142857142,0.078885034
39.0,0.14285714285714285,0.7142857142857142,0.15940322
39.0,0.21428571428571427,0.7142857142857142,0.24104197
39.0,0.2857142857142857,0.7142857142857142,0.32303473
39.0,0.3571428571428571,0.7142857142857142,0.40049425
39.0,0.42857142857142855,0.7142857142857142,0.46033093
39.0,0.5,0.7142857142857142,0.4828641
39.0,0.5714285714285714,0.7142857142857142,0.45921844
39.0,0.6428571428571428,0.7142857142857142,0.40171254
39.0,0.7142857142857142,0.7142857142857142,0.32663327
39.0,0.7857142857142857,0.7142857142857142,0.24426286
39.0,0.8571428571428571,0.7142857142857142,0.16050452
39.0,0.9285714285714285,0.7142857142857142,0.07813458
39.0,1.0,0.7142857142857142,-0.0014666775
39.0,0.0,0.7857142857142857,-0.0009071911
39.0,0.07142857142857142,0.7857142857142857,0.059542492
39.0,0.14285714285714285,0.7857142857142857,0.119636886
39.0,0.21428571428571427,0.7857142857142857,0.18042798
39.0,0.2857142857142857,0.7857142857142857,0.24201758
39.0,0.3571428571428571,0.7857142857142857,0.3006586
39.0,0.42857142857142855,0.7857142857142857,0.34599328
39.0,0.5,0.7857142857142857,0.36351746
39.0,0.5714285714285714,0.7857142857142857,0.34624344
39.0,0.6428571428571428,0.7857142857142857,0.30195302
39.0,0.7142857142857142,0.7857142857142857,0.24388026
39.0,0.7857142857142857,0.7857142857142857,0.1815295
39.0,0.8571428571428571,0.7857142857142857,0.11939063
39.0,0.9285714285714285,0.7857142857142857,0.058404453
39.0,1.0,0.7857142857142857,-0.0017981539
39.0,0.0,0.8571428571428571,-0.0010466138
39.0,0.07142857142857142,0.8571428571428571,0.041134708
39.0,0.14285714285714285,0.8571428571428571,0.08123071
39.0,0.21428571428571427,0.8571428571428571,0.120953955
39.0,0.2857142857142857,0.8571428571428571,0.1613258
39.0,0.3571428571428571,0.8571428571428571,0.20018587
39.0,0.42857142857142855,0.8571428571428571,0.23043664
39.0,0.5,0.8571428571428571,0.24237056
39.0,0.5714285714285714,0.8571428571428571,0.23084515
39.0,0.6428571428571428,0.8571428571428571,0.20029661
39.0,0.7142857142857142,0.8571428571428571,0.16050194
39.0,0.7857142857142857,0.8571428571428571,0.11902223
39.0,0.8571428571428571,0.8571428571428571,0.07849736
39.0,0.9285714285714285,0.8571428571428571,0.038127508
39.0,1.0,0.8571428571428571,-0.0038085962
39.0,0.0,0.9285714285714285,-0.003175174
39.0,0.07142857142857142,0.9285714285714285,0.021157261
39.0,0.14285714285714285,0.9285714285714285,0.041571304
39.0,0.21428571428571427,0.9285714285714285,0.060332082
39.0,0.2857142857142857,0.9285714285714285,0.07935634
39.0,0.3571428571428571,0.9285714285714285,0.09827542
39.0,0.42857142857142855,0.9285714285714285,0.11348871
39.0,0.5,0.9285714285714285,0.11983823
39.0,0.5714285714285714,0.9285714285714285,0.114259
39.0,0.6428571428571428,0.9285714285714285,0.098512016
39.0,0.7142857142857142,0.9285714285714285,0.078038044
39.0,0.7857142857142857,0.9285714285714285,0.057387702
39.0,0.8571428571428571,0.9285714285714285,0.03740874
39.0,0.9285714285714285,0.9285714285714285,0.016147763
39.0,1.0,0.9285714285714285,-0.008903445
39.0,0.0,1.0,-0.010926575
39.0,0.07142857142857142,1.0,-0.0042563807
39.0,0.14285714285714285,1.0,-0.002975732
39.0,0.21428571428571427,1.0,-0.004264091
39.0,0.2857142857142857,1.0,-0.005307422
39.0,0.3571428571428571,1.0,-0.004612186
39.0,0.42857142857142855,1.0,-0.0025113458
39.0,0.5,1.0,-0.00041277055
39.0,0.5714285714285714,1.0,0.00034461077
39.0,0.6428571428571428,1.0,-0.0006276155
39.0,0.7142857142857142,1.0,-0.0022463584
39.0,0.7857142857142857,1.0,-0.0033120448
39.0,0.8571428571428571,1.0,-0.0045530694
39.0,0.9285714285714285,1.0,-0.008560647
39.0,1.0,1.0,-0.018192042
40.0,0.0,0.0,-0.012666603
40.0,0.07142857142857142,0.0,-0.00497131
40.0,0.14285714285714285,0.0,-0.0021425253
40.0,0.21428571428571427,0.0,-0.0030520419
40.0,0.2857142857142857,0.0,-0.004966359
40.0,0.3571428571428571,0.0,-0.004554056
40.0,0.42857142857142855,0.0,-0.0016309414
40.0,0.5,0.0,-8.336734e-05
40.0,0.5714285714285714,0.0,-0.0019776383
40.0,0.6428571428571428,0.0,-0.0043374086
40.0,0.7142857142857142,0.0,-0.0039989026
40.0,0.7857142857142857,0.0,-0.0020109313
40.0,0.8571428571428571,0.0,-0.0017716894
40.0,0.9285714285714285,0.0,-0.00568501
40.0,1.0,0.0,-0.014909604
40.0,0.0,0.07142857142857142,-0.0059213517
40.0,0.07142857142857142,0.07142857142857142,0.018370312
40.0,0.14285714285714285,0.07142857142857142,0.040051177
40.0,0.21428571428571427,0.07142857142857142,0.059534326
40.0,0.2857142857142857,0.07142857142857142,0.078055784
40.0,0.3571428571428571,0.07142857142857142,0.09680206
40.0,0.42857142857142855,0.07142857142857142,0.11296922
40.0,0.5,0.07142857142857142,0.118835844
40.0,0.5714285714285714,0.07142857142857142,0.11090126
40.0,0.6428571428571428,0.07142857142857142,0.09499911
40.0,0.7142857142857142,0.07142857142857142,0.07793439
40.0,0.7857142857142857,0.07142857142857142,0.060690276
40.0,0.8571428571428571,0.07142857142857142,0.041494116
40.0,0.9285714285714285,0.07142857142857142,0.019386016
40.0,1.0,0.07142857142857142,-0.0065046633
40.0,0.0,0.14285714285714285,-0.0038157073
40.0,0.07142857142857142,0.14285714285714285,0.03807247
40.0,0.14285714285714285,0.14285714285714285,0.07990857
40.0,0.21428571428571427,0.14285714285714285,0.12130468
40.0,0.2857142857142857,0.14285714285714285,0.16185221
40.0,0.3571428571428571,0.14285714285714285,0.20042674
40.0,0.42857142857142855,0.14285714285714285,0.23116088
40.0,0.5,0.14285714285714285,0.2421848
40.0,0.5714285714285714,0.14285714285714285,0.22821142
40.0,0.6428571428571428,0.14285714285714285,0.19794336
40.0,0.7142857142857142,0.14285714285714285,0.16175024
40.0,0.7857142857142857,0.14285714285714285,0.123041786
40.0,0.8571428571428571,0.14285714285714285,0.0825557
40.0,0.9285714285714285,0.14285714285714285,0.040871307
40.0,1.0,0.14285714285714285,-0.0030643204
40.0,0.0,0.21428571428571427,-0.003633649
40.0,0.07142857142857142,0.21428571428571427,0.056667425
40.0,0.14285714285714285,0.21428571428571427,0.119171225
40.0,0.21428571428571427,0.21428571428571427,0.18251683
40.0,0.2857142857142857,0.21428571428571427,0.2447174
40.0,0.3571428571428571,0.21428571428571427,0.30270717
40.0,0.42857142857142855,0.21428571428571427,0.34806812
40.0,0.5,0.21428571428571427,0.36487776
40.0,0.5714285714285714,0.21428571428571427,0.34566462
40.0,0.6428571428571428,0.21428571428571427,0.3014035
40.0,0.7142857142857142,0.21428571428571427,0.24546368
40.0,0.7857142857142857,0.21428571428571427,0.18431665
40.0,0.8571428571428571,0.21428571428571427,0.12198337
40.0,0.9285714285714285,0.21428571428571427,0.060140535
40.0,1.0,0.21428571428571427,-0.002801315
40.0,0.0,0.2857142857142857,-0.0032240627
40.0,0.07142857142857142,0.2857142857142857,0.07621212
40.0,0.14285714285714285,0.2857142857142857,0.15917496
40.0,0.21428571428571427,0.2857142857142857,0.24320383
40.0,0.2857142857142857,0.2857142857142857,0.32518473
40.0,0.3571428571428571,0.2857142857142857,0.4010059
40.0,0.42857142857142855,0.2857142857142857,0.46042597
40.0,0.5,0.2857142857142857,0.48346362
40.0,0.5714285714285714,0.2857142857142857,0.4598705
40.0,0.6428571428571428,0.2857142857142857,0.40221864
40.0,0.7142857142857142,0.2857142857142857,0.3266439
40.0,0.7857142857142857,0.2857142857142857,0.24356301
40.0,0.8571428571428571,0.2857142857142857,0.1602733
40.0,0.9285714285714285,0.2857142857142857,0.078598976
40.0,1.0,0.2857142857142857,-0.0034490684
40.0,0.0,0.3571428571428571,-0.0024709078
40.0,0.07142857142857142,0.3571428571428571,0.0963426
40.0,0.14285714285714285,0.3571428571428571,0.19874324
40.0,0.21428571428571427,0.3571428571428571,0.30119973
40.0,0.2857142857142857,0.3571428571428571,0.40022156
40.0,0.3571428571428571,0.3571428571428571,0.4916967
40.0,0.42857142857142855,0.3571428571428571,0.5641505
40.0,0.5,0.3571428571428571,0.5932267
40.0,0.5714285714285714,0.3571428571428571,0.56522477
40.0,0.6428571428571428,0.3571428571428571,0.4944938
40.0,0.7142857142857142,0.3571428571428571,0.40071136
40.0,0.7857142857142857,0.3571428571428571,0.298431
40.0,0.8571428571428571,0.3571428571428571,0.1967976
40.0,0.9285714285714285,0.3571428571428571,0.096920274
40.0,1.0,0.3571428571428571,-0.0027661035
40.0,0.0,0.42857142857142855,-0.0041467557
40.0,0.07142857142857142,0.42857142857142855,0.11159904
40.0,0.14285714285714285,0.42857142857142855,0.23023492
40.0,0.21428571428571427,0.42857142857142855,0.34728673
40.0,0.2857142857142857,0.42857142857142855,0.45937476
40.0,0.3571428571428571,0.42857142857142855,0.5629061
40.0,0.42857142857142855,0.42857142857142855,0.6457355
40.0,0.5,0.42857142857142855,0.67948145
40.0,0.5714285714285714,0.42857142857142855,0.64691955
40.0,0.6428571428571428,0.42857142857142855,0.5652555
40.0,0.7142857142857142,0.42857142857142855,0.45832512
40.0,0.7857142857142857,0.42857142857142855,0.3428944
40.0,0.8571428571428571,0.42857142857142855,0.22773412
40.0,0.9285714285714285,0.42857142857142855,0.11344363
40.0,1.0,0.42857142857142855,9.756442e-05
40.0,0.0,0.5,-0.0060132006
40.0,0.07142857142857142,0.5,0.11693681
40.0,0.14285714285714285,0.5,0.24245389
40.0,0.21428571428571427,0.5,0.36564657
40.0,0.2857142857142857,0.5,0.48321158
40.0,0.3571428571428571,0.5,0.59153664
40.0,0.42857142857142855,0.5,0.67811126
40.0,0.5,0.5,0.71321607
40.0,0.5714285714285714,0.5,0.67831904
40.0,0.6428571428571428,0.5,0.5930402
40.0,0.7142857142857142,0.5,0.48293212
40.0,0.7857142857142857,0.5,0.3636567
40.0,0.8571428571428571,0.5,0.2427686
40.0,0.9285714285714285,0.5,0.12170135
40.0,1.0,0.5,0.0026624864
40.0,0.0,0.5714285714285714,-0.0023315335
40.0,0.07142857142857142,0.5714285714285714,0.11329151
40.0,0.14285714285714285,0.5714285714285714,0.2313923
40.0,0.21428571428571427,0.5714285714285714,0.3483733
40.0,0.2857142857142857,0.5714285714285714,0.4615313
40.0,0.3571428571428571,0.5714285714285714,0.5663364
40.0,0.42857142857142855,0.5714285714285714,0.64886457
40.0,0.5,0.5714285714285714,0.6807291
40.0,0.5714285714285714,0.5714285714285714,0.64616543
40.0,0.6428571428571428,0.5714285714285714,0.565221
40.0,0.7142857142857142,0.5714285714285714,0.46153137
40.0,0.7857142857142857,0.5714285714285714,0.34797555
40.0,0.8571428571428571,0.5714285714285714,0.23139833
40.0,0.9285714285714285,0.5714285714285714,0.11478638
40.0,1.0,0.5714285714285714,0.0014517223
40.0,0.0,0.6428571428571428,-0.00013166014
40.0,0.07142857142857142,0.6428571428571428,0.09860806
40.0,0.14285714285714285,0.6428571428571428,0.19940202
40.0,0.21428571428571427,0.6428571428571428,0.30080366
40.0,0.2857142857142857,0.6428571428571428,0.40106714
40.0,0.3571428571428571,0.6428571428571428,0.49484643
40.0,0.42857142857142855,0.6428571428571428,0.5675381
40.0,0.5,0.6428571428571428,0.59459955
40.0,0.5714285714285714,0.6428571428571428,0.56448513
40.0,0.6428571428571428,0.6428571428571428,0.49415705
40.0,0.7142857142857142,0.6428571428571428,0.40332225
40.0,0.7857142857142857,0.6428571428571428,0.30297843
40.0,0.8571428571428571,0.6428571428571428,0.19980325
40.0,0.9285714285714285,0.6428571428571428,0.09758803
40.0,1.0,0.6428571428571428,-0.00078218523
40.0,0.0,0.7142857142857142,-0.00039229635
40.0,0.07142857142857142,0.7142857142857142,0.07892591
40.0,0.14285714285714285,0.7142857142857142,0.15935513
40.0,0.21428571428571427,0.7142857142857142,0.24097376
40.0,0.2857142857142857,0.7142857142857142,0.32288232
40.0,0.3571428571428571,0.7142857142857142,0.4000106
40.0,0.42857142857142855,0.7142857142857142,0.4592906
40.0,0.5,0.7142857142857142,0.4815523
40.0,0.5714285714285714,0.7142857142857142,0.45827177
40.0,0.6428571428571428,0.7142857142857142,0.40127087
40.0,0.7142857142857142,0.7142857142857142,0.32643083
40.0,0.7857142857142857,0.7142857142857142,0.24408485
40.0,0.8571428571428571,0.7142857142857142,0.16033436
40.0,0.9285714285714285,0.7142857142857142,0.07811073
40.0,1.0,0.7142857142857142,-0.0012052963
40.0,0.0,0.7857142857142857,-0.00071808044
40.0,0.07142857142857142,0.7857142857142857,0.05958417
40.0,0.14285714285714285,0.7857142857142857,0.119618826
40.0,0.21428571428571427,0.7857142857142857,0.18040432
40.0,0.2857142857142857,0.7857142857142857,0.24193014
40.0,0.3571428571428571,0.7857142857142857,0.30030927
40.0,0.42857142857142855,0.7857142857142857,0.34522688
40.0,0.5,0.7857142857142857,0.36254787
40.0,0.5714285714285714,0.7857142857142857,0.34551865
40.0,0.6428571428571428,0.7857142857142857,0.30159718
40.0,0.7142857142857142,0.7857142857142857,0.24371533
40.0,0.7857142857142857,0.7857142857142857,0.18139634
40.0,0.8571428571428571,0.7857142857142857,0.11927218
40.0,0.9285714285714285,0.7857142857142857,0.058397926
40.0,1.0,0.7857142857142857,-0.0015807385
40.0,0.0,0.8571428571428571,-0.00091057364
40.0,0.07142857142857142,0.8571428571428571,0.04114821
40.0,0.14285714285714285,0.8571428571428571,0.081206076
40.0,0.21428571428571427,0.8571428571428571,0.12094351
40.0,0.2857142857142857,0.8571428571428571,0.16128929
40.0,0.3571428571428571,0.8571428571428571,0.19997905
40.0,0.42857142857142855,0.8571428571428571,0.22995251
40.0,0.5,0.8571428571428571,0.2417443
40.0,0.5714285714285714,0.8571428571428571,0.2303653
40.0,0.6428571428571428,0.8571428571428571,0.20006564
40.0,0.7142857142857142,0.8571428571428571,0.16040783
40.0,0.7857142857142857,0.8571428571428571,0.11894614
40.0,0.8571428571428571,0.8571428571428571,0.07842129
40.0,0.9285714285714285,0.8571428571428571,0.038125012
40.0,1.0,0.8571428571428571,-0.0036424669
40.0,0.0,0.9285714285714285,-0.003094797
40.0,0.07142857142857142,0.9285714285714285,0.021144532
40.0,0.14285714285714285,0.9285714285714285,0.041552722
40.0,0.21428571428571427,0.9285714285714285,0.060365148
40.0,0.2857142857142857,0.9285714285714285,0.07941977
40.0,0.3571428571428571,0.9285714285714285,0.09827317
40.0,0.42857142857142855,0.9285714285714285,0.113347776
40.0,0.5,0.9285714285714285,0.11962306
40.0,0.5714285714285714,0.9285714285714285,0.11412076
40.0,0.6428571428571428,0.9285714285714285,0.09850689
40.0,0.7142857142857142,0.9285714285714285,0.078091495
40.0,0.7857142857142857,0.9285714285714285,0.057413377
40.0,0.8571428571428571,0.9285714285714285,0.037393495
40.0,0.9285714285714285,0.9285714285714285,0.016154557
40.0,1.0,0.9285714285714285,-0.008785215
40.0,0.0,1.0,-0.010885115
40.0,0.07142857142857142,1.0,-0.0042611444
40.0,0.14285714285714285,1.0,-0.0029367302
40.0,0.21428571428571427,1.0,-0.0041256724
40.0,0.2857142857142857,1.0,-0.005077773
40.0,0.3571428571428571,1.0,-0.0043539153
40.0,0.42857142857142855,1.0,-0.0022776583
40.0,0.5,1.0,-0.00019287411
40.0,0.5714285714285714,1.0,0.00059819873
40.0,0.6428571428571428,1.0,-0.00034016464
40.0,0.7142857142857142,1.0,-0.001988151
40.0,0.7857142857142857,1.0,-0.0031452784
40.0,0.8571428571428571,1.0,-0.004482218
40.0,0.9285714285714285,1.0,-0.008525771
40.0,1.0,1.0,-0.018104024
41.0,0.0,0.0,-0.012633432
41.0,0.07142857142857142,0.0,-0.0049889307
41.0,0.14285714285714285,0.0,-0.0021577636
41.0,0.21428571428571427,0.0,-0.00299522
41.0,0.2857142857142857,0.0,-0.004781898
41.0,0.3571428571428571,0.0,-0.0042649778
41.0,0.42857142857142855,0.0,-0.0013234569
41.0,0.5,0.0,0.00021591876
41.0,0.5714285714285714,0.0,-0.0016617002
41.0,0.6428571428571428,0.0,-0.004045536
41.0,0.7142857142857142,0.0,-0.003800151
41.0,0.7857142857142857,0.0,-0.0018976228
41.0,0.8571428571428571,0.0,-0.0016732374
41.0,0.9285714285714285,0.0,-0.0055393064
41.0,1.0,0.0,-0.014688761
41.0,0.0,0.07142857142857142,-0.0059077563
41.0,0.07142857142857142,0.07142857142857142,0.01831846
41.0,0.14285714285714285,0.07142857142857142,0.039980147
41.0,0.21428571428571427,0.07142857142857142,0.05949364
41.0,0.2857142857142857,0.07142857142857142,0.07806573
41.0,0.3571428571428571,0.07142857142857142,0.096794434
41.0,0.42857142857142855,0.07142857142857142,0.11282975
41.0,0.5,0.07142857142857142,0.11861255
41.0,0.5714285714285714,0.07142857142857142,0.11076872
41.0,0.6428571428571428,0.07142857142857142,0.0949831
41.0,0.7142857142857142,0.07142857142857142,0.07793842
41.0,0.7857142857142857,0.07142857142857142,0.060681917
41.0,0.8571428571428571,0.07142857142857142,0.041510023
41.0,0.9285714285714285,0.07142857142857142,0.019465268
41.0,1.0,0.07142857142857142,-0.0063347155
41.0,0.0,0.14285714285714285,-0.0037778174
41.0,0.07142857142857142,0.14285714285714285,0.038024914
41.0,0.14285714285714285,0.14285714285714285,0.07981668
41.0,0.21428571428571427,0.14285714285714285,0.12120473
41.0,0.2857142857142857,0.14285714285714285,0.16173677
41.0,0.3571428571428571,0.14285714285714285,0.20018524
41.0,0.42857142857142855,0.14285714285714285,0.23064186
41.0,0.5,0.14285714285714285,0.24151303
41.0,0.5714285714285714,0.14285714285714285,0.22773252
41.0,0.6428571428571428,0.14285714285714285,0.19774167
41.0,0.7142857142857142,0.14285714285714285,0.16167466
41.0,0.7857142857142857,0.14285714285714285,0.12299768
41.0,0.8571428571428571,0.14285714285714285,0.0825371
41.0,0.9285714285714285,0.14285714285714285,0.04091493
41.0,1.0,0.14285714285714285,-0.00290987
41.0,0.0,0.21428571428571427,-0.0035141157
41.0,0.07142857142857142,0.21428571428571427,0.056666
41.0,0.14285714285714285,0.21428571428571427,0.11909147
41.0,0.21428571428571427,0.21428571428571427,0.18239675
41.0,0.2857142857142857,0.21428571428571427,0.2445419
41.0,0.3571428571428571,0.21428571428571427,0.30233517
41.0,0.42857142857142855,0.21428571428571427,0.34729847
41.0,0.5,0.21428571428571427,0.36389124
41.0,0.5714285714285714,0.21428571428571427,0.34497148
41.0,0.6428571428571428,0.21428571428571427,0.3011309
41.0,0.7142857142857142,0.21428571428571427,0.24538784
41.0,0.7857142857142857,0.21428571428571427,0.18426657
41.0,0.8571428571428571,0.21428571428571427,0.12192237
41.0,0.9285714285714285,0.21428571428571427,0.06014233
41.0,1.0,0.21428571428571427,-0.002642491
41.0,0.0,0.2857142857142857,-0.0029855752
41.0,0.07142857142857142,0.2857142857142857,0.07626655
41.0,0.14285714285714285,0.2857142857142857,0.15910065
41.0,0.21428571428571427,0.2857142857142857,0.24306037
41.0,0.2857142857142857,0.2857142857142857,0.32497272
41.0,0.3571428571428571,0.2857142857142857,0.40055665
41.0,0.42857142857142855,0.2857142857142857,0.4594641
41.0,0.5,0.2857142857142857,0.48219442
41.0,0.5714285714285714,0.2857142857142857,0.45896187
41.0,0.6428571428571428,0.2857142857142857,0.40184212
41.0,0.7142857142857142,0.2857142857142857,0.32651517
41.0,0.7857142857142857,0.2857142857142857,0.24343376
41.0,0.8571428571428571,0.2857142857142857,0.16010061
41.0,0.9285714285714285,0.2857142857142857,0.07852848
41.0,1.0,0.2857142857142857,-0.0032700459
41.0,0.0,0.3571428571428571,-0.002144509
41.0,0.07142857142857142,0.3571428571428571,0.09638057
41.0,0.14285714285714285,0.3571428571428571,0.19856948
41.0,0.21428571428571427,0.3571428571428571,0.3009151
41.0,0.2857142857142857,0.3571428571428571,0.39985117
41.0,0.3571428571428571,0.3571428571428571,0.49103048
41.0,0.42857142857142855,0.3571428571428571,0.5628102
41.0,0.5,0.3571428571428571,0.59142655
41.0,0.5714285714285714,0.3571428571428571,0.5638198
41.0,0.6428571428571428,0.3571428571428571,0.49375
41.0,0.7142857142857142,0.3571428571428571,0.40031445
41.0,0.7857142857142857,0.3571428571428571,0.2980635
41.0,0.8571428571428571,0.3571428571428571,0.19642343
41.0,0.9285714285714285,0.3571428571428571,0.09675491
41.0,1.0,0.3571428571428571,-0.0025509605
41.0,0.0,0.42857142857142855,-0.0038329745
41.0,0.07142857142857142,0.42857142857142855,0.111485675
41.0,0.14285714285714285,0.42857142857142855,0.22978924
41.0,0.21428571428571427,0.42857142857142855,0.3466482
41.0,0.2857142857142857,0.42857142857142855,0.45857778
41.0,0.3571428571428571,0.42857142857142855,0.5616869
41.0,0.42857142857142855,0.42857142857142855,0.6436208
41.0,0.5,0.42857142857142855,0.67671734
41.0,0.5714285714285714,0.42857142857142855,0.6446194
41.0,0.6428571428571428,0.42857142857142855,0.56384087
41.0,0.7142857142857142,0.42857142857142855,0.45745954
41.0,0.7857142857142857,0.42857142857142855,0.342185
41.0,0.8571428571428571,0.42857142857142855,0.22713181
41.0,0.9285714285714285,0.42857142857142855,0.11318697
41.0,1.0,0.42857142857142855,0.0003519794
41.0,0.0,0.5,-0.005755284
41.0,0.07142857142857142,0.5,0.11670842
41.0,0.14285714285714285,0.5,0.2418269
41.0,0.21428571428571427,0.5,0.36476102
41.0,0.2857142857142857,0.5,0.48209032
41.0,0.3571428571428571,0.5,0.58988917
41.0,0.42857142857142855,0.5,0.6754408
41.0,0.5,0.5,0.70981413
41.0,0.5714285714285714,0.5,0.675471
41.0,0.6428571428571428,0.5,0.5912526
41.0,0.7142857142857142,0.5,0.48183087
41.0,0.7857142857142857,0.5,0.36279938
41.0,0.8571428571428571,0.5,0.24208121
41.0,0.9285714285714285,0.5,0.12141491
41.0,1.0,0.5,0.0029416746
41.0,0.0,0.5714285714285714,-0.0021119798
41.0,0.07142857142857142,0.5714285714285714,0.11311626
41.0,0.14285714285714285,0.5714285714285714,0.23091589
41.0,0.21428571428571427,0.5714285714285714,0.3477126
41.0,0.2857142857142857,0.5714285714285714,0.46067283
41.0,0.3571428571428571,0.5714285714285714,0.5649802
41.0,0.42857142857142855,0.5714285714285714,0.6465841
41.0,0.5,0.5714285714285714,0.6778495
41.0,0.5714285714285714,0.5714285714285714,0.6438512
41.0,0.6428571428571428,0.5714285714285714,0.5638654
41.0,0.7142857142857142,0.5714285714285714,0.4607514
41.0,0.7857142857142857,0.5714285714285714,0.3473706
41.0,0.8571428571428571,0.5714285714285714,0.23089539
41.0,0.9285714285714285,0.5714285714285714,0.114597134
41.0,1.0,0.5714285714285714,0.0017566672
41.0,0.0,0.6428571428571428,9.394344e-05
41.0,0.07142857142857142,0.6428571428571428,0.098568924
41.0,0.14285714285714285,0.6428571428571428,0.19920336
41.0,0.21428571428571427,0.6428571428571428,0.3005354
41.0,0.2857142857142857,0.6428571428571428,0.40067458
41.0,0.3571428571428571,0.6428571428571428,0.49404225
41.0,0.42857142857142855,0.6428571428571428,0.56601167
41.0,0.5,0.6428571428571428,0.5926827
41.0,0.5714285714285714,0.6428571428571428,0.5630483
41.0,0.6428571428571428,0.6428571428571428,0.49341658
41.0,0.7142857142857142,0.6428571428571428,0.40294135
41.0,0.7857142857142857,0.6428571428571428,0.30266342
41.0,0.8571428571428571,0.6428571428571428,0.1995154
41.0,0.9285714285714285,0.6428571428571428,0.09750637
41.0,1.0,0.6428571428571428,-0.0004865015
41.0,0.0,0.7142857142857142,-0.00017445628
41.0,0.07142857142857142,0.7142857142857142,0.07895966
41.0,0.14285714285714285,0.7142857142857142,0.15930401
41.0,0.21428571428571427,0.7142857142857142,0.24090199
41.0,0.2857142857142857,0.7142857142857142,0.32272065
41.0,0.3571428571428571,0.7142857142857142,0.39951417
41.0,0.42857142857142855,0.7142857142857142,0.45824984
41.0,0.5,0.7142857142857142,0.4802542
41.0,0.5714285714285714,0.7142857142857142,0.45733064
41.0,0.6428571428571428,0.7142857142857142,0.40082154
41.0,0.7142857142857142,0.7142857142857142,0.3262192
41.0,0.7857142857142857,0.7142857142857142,0.24390109
41.0,0.8571428571428571,0.7142857142857142,0.1601597
41.0,0.9285714285714285,0.7142857142857142,0.07808047
41.0,1.0,0.7142857142857142,-0.0009486759
41.0,0.0,0.7857142857142857,-0.00053574983
41.0,0.07142857142857142,0.7857142857142857,0.059623547
41.0,0.14285714285714285,0.7857142857142857,0.119602405
41.0,0.21428571428571427,0.7857142857142857,0.18038197
41.0,0.2857142857142857,0.7857142857142857,0.2418377
41.0,0.3571428571428571,0.7857142857142857,0.29995245
41.0,0.42857142857142855,0.7857142857142857,0.34446067
41.0,0.5,0.7857142857142857,0.36158872
41.0,0.5714285714285714,0.7857142857142857,0.3447992
41.0,0.6428571428571428,0.7857142857142857,0.30123845
41.0,0.7142857142857142,0.7857142857142857,0.2435468
41.0,0.7857142857142857,0.7857142857142857,0.18126154
41.0,0.8571428571428571,0.7857142857142857,0.11915233
41.0,0.9285714285714285,0.7857142857142857,0.058388457
41.0,1.0,0.7857142857142857,-0.001366456
41.0,0.0,0.8571428571428571,-0.0007791901
41.0,0.07142857142857142,0.8571428571428571,0.041161995
41.0,0.14285714285714285,0.8571428571428571,0.08118501
41.0,0.21428571428571427,0.8571428571428571,0.1209368
41.0,0.2857142857142857,0.8571428571428571,0.16125087
41.0,0.3571428571428571,0.8571428571428571,0.19976576
41.0,0.42857142857142855,0.8571428571428571,0.22946526
41.0,0.5,0.8571428571428571,0.24112023
41.0,0.5714285714285714,0.8571428571428571,0.22988613
41.0,0.6428571428571428,0.8571428571428571,0.19983177
41.0,0.7142857142857142,0.8571428571428571,0.16031207
41.0,0.7857142857142857,0.8571428571428571,0.11887094
41.0,0.8571428571428571,0.8571428571428571,0.07834723
41.0,0.9285714285714285,0.8571428571428571,0.038122006
41.0,1.0,0.8571428571428571,-0.0034769187
41.0,0.0,0.9285714285714285,-0.0030193934
41.0,0.07142857142857142,0.9285714285714285,0.021132335
41.0,0.14285714285714285,0.9285714285714285,0.04153876
41.0,0.21428571428571427,0.9285714285714285,0.060401775
41.0,0.2857142857142857,0.9285714285714285,0.079482295
41.0,0.3571428571428571,0.9285714285714285,0.09826543
41.0,0.42857142857142855,0.9285714285714285,0.11320188
41.0,0.5,0.9285714285714285,0.11940459
41.0,0.5714285714285714,0.9285714285714285,0.113979004
41.0,0.6428571428571428,0.9285714285714285,0.09849819
41.0,0.7142857142857142,0.9285714285714285,0.07814381
41.0,0.7857142857142857,0.9285714285714285,0.05744157
41.0,0.8571428571428571,0.9285714285714285,0.037381977
41.0,0.9285714285714285,0.9285714285714285,0.016163439
41.0,1.0,0.9285714285714285,-0.008666229
41.0,0.0,1.0,-0.010849304
41.0,0.07142857142857142,1.0,-0.004265869
41.0,0.14285714285714285,1.0,-0.0028941492
41.0,0.21428571428571427,1.0,-0.00398329
41.0,0.2857142857142857,1.0,-0.0048477435
41.0,0.3571428571428571,1.0,-0.004098789
41.0,0.42857142857142855,1.0,-0.002048959
41.0,0.5,1.0,2.247747e-05
41.0,0.5714285714285714,1.0,0.00084745046
41.0,0.6428571428571428,1.0,-5.6223013e-05
41.0,0.7142857142857142,1.0,-0.0017297724
41.0,0.7857142857142857,1.0,-0.0029749135
41.0,0.8571428571428571,1.0,-0.004405939
41.0,0.9285714285714285,1.0,-0.008486894
41.0,1.0,1.0,-0.018014356
42.0,0.0,0.0,-0.012610206
42.0,0.07142857142857142,0.0,-0.005014143
42.0,0.14285714285714285,0.0,-0.0021767095
42.0,0.21428571428571427,0.0,-0.002938346
42.0,0.2857142857142857,0.0,-0.0045958357
42.0,0.3571428571428571,0.0,-0.0039748764
42.0,0.42857142857142855,0.0,-0.0010152021
42.0,0.5,0.0,0.00051406026
42.0,0.5714285714285714,0.0,-0.0013501206
42.0,0.6428571428571428,0.0,-0.00375826
42.0,0.7142857142857142,0.0,-0.0036052847
42.0,0.7857142857142857,0.0,-0.0017875554
42.0,0.8571428571428571,0.0,-0.001578615
42.0,0.9285714285714285,0.0,-0.0053995037
42.0,1.0,0.0,-0.01447221
42.0,0.0,0.07142857142857142,-0.005901706
42.0,0.07142857142857142,0.07142857142857142,0.018260647
42.0,0.14285714285714285,0.07142857142857142,0.039904747
42.0,0.21428571428571427,0.07142857142857142,0.059450008
42.0,0.2857142857142857,0.07142857142857142,0.07807266
42.0,0.3571428571428571,0.07142857142857142,0.09678292
42.0,0.42857142857142855,0.07142857142857142,0.1126888
42.0,0.5,0.07142857142857142,0.11838939
42.0,0.5714285714285714,0.07142857142857142,0.110632874
42.0,0.6428571428571428,0.07142857142857142,0.094962746
42.0,0.7142857142857142,0.07142857142857142,0.07793902
42.0,0.7857142857142857,0.07142857142857142,0.06067135
42.0,0.8571428571428571,0.07142857142857142,0.04152178
42.0,0.9285714285714285,0.07142857142857142,0.01953876
42.0,1.0,0.07142857142857142,-0.0061699534
42.0,0.0,0.14285714285714285,-0.0037432965
42.0,0.07142857142857142,0.14285714285714285,0.037974082
42.0,0.14285714285714285,0.14285714285714285,0.07972291
42.0,0.21428571428571427,0.14285714285714285,0.121101715
42.0,0.2857142857142857,0.14285714285714285,0.16161568
42.0,0.3571428571428571,0.14285714285714285,0.1999364
42.0,0.42857142857142855,0.14285714285714285,0.23012218
42.0,0.5,0.14285714285714285,0.24084686
42.0,0.5714285714285714,0.14285714285714285,0.22725333
42.0,0.6428571428571428,0.14285714285714285,0.19753532
42.0,0.7142857142857142,0.14285714285714285,0.161596
42.0,0.7857142857142857,0.14285714285714285,0.12295105
42.0,0.8571428571428571,0.14285714285714285,0.08251319
42.0,0.9285714285714285,0.14285714285714285,0.04095052
42.0,1.0,0.14285714285714285,-0.002763101
42.0,0.0,0.21428571428571427,-0.0033955304
42.0,0.07142857142857142,0.21428571428571427,0.056664377
42.0,0.14285714285714285,0.21428571428571427,0.11901272
42.0,0.21428571428571427,0.21428571428571427,0.1822756
42.0,0.2857142857142857,0.21428571428571427,0.24436168
42.0,0.3571428571428571,0.21428571428571427,0.30195603
42.0,0.42857142857142855,0.21428571428571427,0.34653082
42.0,0.5,0.21428571428571427,0.36291507
42.0,0.5714285714285714,0.21428571428571427,0.34427825
42.0,0.6428571428571428,0.21428571428571427,0.30084884
42.0,0.7142857142857142,0.21428571428571427,0.24530478
42.0,0.7857142857142857,0.21428571428571427,0.18421221
42.0,0.8571428571428571,0.21428571428571427,0.121854626
42.0,0.9285714285714285,0.21428571428571427,0.06013255
42.0,1.0,0.21428571428571427,-0.0024934122
42.0,0.0,0.2857142857142857,-0.002748576
42.0,0.07142857142857142,0.2857142857142857,0.076321915
42.0,0.14285714285714285,0.2857142857142857,0.15902893
42.0,0.21428571428571427,0.2857142857142857,0.24291871
42.0,0.2857142857142857,0.2857142857142857,0.32475767
42.0,0.3571428571428571,0.2857142857142857,0.40010014
42.0,0.42857142857142855,0.2857142857142857,0.45850492
42.0,0.5,0.2857142857142857,0.48093835
42.0,0.5714285714285714,0.2857142857142857,0.45805004
42.0,0.6428571428571428,0.2857142857142857,0.40144953
42.0,0.7142857142857142,0.2857142857142857,0.3263743
42.0,0.7857142857142857,0.2857142857142857,0.24329917
42.0,0.8571428571428571,0.2857142857142857,0.15991977
42.0,0.9285714285714285,0.2857142857142857,0.07844448
42.0,1.0,0.2857142857142857,-0.0031034881
42.0,0.0,0.3571428571428571,-0.0018228116
42.0,0.07142857142857142,0.3571428571428571,0.09641749
42.0,0.14285714285714285,0.3571428571428571,0.1983997
42.0,0.21428571428571427,0.3571428571428571,0.30063617
42.0,0.2857142857142857,0.3571428571428571,0.39948037
42.0,0.3571428571428571,0.3571428571428571,0.49035785
42.0,0.42857142857142855,0.3571428571428571,0.5614761
42.0,0.5,0.3571428571428571,0.58964664
42.0,0.5714285714285714,0.3571428571428571,0.56241554
42.0,0.6428571428571428,0.3571428571428571,0.49299017
42.0,0.7142857142857142,0.3571428571428571,0.39990872
42.0,0.7857142857142857,0.3571428571428571,0.29769745
42.0,0.8571428571428571,0.3571428571428571,0.19604675
42.0,0.9285714285714285,0.3571428571428571,0.09657639
42.0,1.0,0.3571428571428571,-0.0023482451
42.0,0.0,0.42857142857142855,-0.0035262415
42.0,0.07142857142857142,0.42857142857142855,0.11137154
42.0,0.14285714285714285,0.42857142857142855,0.22935179
42.0,0.21428571428571427,0.42857142857142855,0.34602204
42.0,0.2857142857142857,0.42857142857142855,0.4577894
42.0,0.3571428571428571,0.42857142857142855,0.5604723
42.0,0.42857142857142855,0.42857142857142855,0.64152807
42.0,0.5,0.42857142857142855,0.67399895
42.0,0.5714285714285714,0.42857142857142855,0.6423464
42.0,0.6428571428571428,0.42857142857142855,0.5624318
42.0,0.7142857142857142,0.42857142857142855,0.4566036
42.0,0.7857142857142857,0.42857142857142855,0.34149137
42.0,0.8571428571428571,0.42857142857142855,0.22653563
42.0,0.9285714285714285,0.42857142857142855,0.11292168
42.0,1.0,0.42857142857142855,0.00059477147
42.0,0.0,0.5,-0.0055076713
42.0,0.07142857142857142,0.5,0.11647538
42.0,0.14285714285714285,0.5,0.241206
42.0,0.21428571428571427,0.5,0.3638881
42.0,0.2857142857142857,0.5,0.48098055
42.0,0.3571428571428571,0.5,0.5882517
42.0,0.42857142857142855,0.5,0.672805
42.0,0.5,0.5,0.70647705
42.0,0.5714285714285714,0.5,0.67266905
42.0,0.6428571428571428,0.5,0.5894828
42.0,0.7142857142857142,0.5,0.48074618
42.0,0.7857142857142857,0.5,0.36196277
42.0,0.8571428571428571,0.5,0.24140342
42.0,0.9285714285714285,0.5,0.12112164
42.0,1.0,0.5,0.003210104
42.0,0.0,0.5714285714285714,-0.0019114027
42.0,0.07142857142857142,0.5714285714285714,0.11292576
42.0,0.14285714285714285,0.5714285714285714,0.23043083
42.0,0.21428571428571427,0.5714285714285714,0.34704766
42.0,0.2857142857142857,0.5714285714285714,0.45980617
42.0,0.3571428571428571,0.5714285714285714,0.56361276
42.0,0.42857142857142855,0.5714285714285714,0.64431196
42.0,0.5,0.5714285714285714,0.6750043
42.0,0.5714285714285714,0.5714285714285714,0.641555
42.0,0.6428571428571428,0.5714285714285714,0.5625046
42.0,0.7142857142857142,0.5714285714285714,0.45996574
42.0,0.7857142857142857,0.5714285714285714,0.3467682
42.0,0.8571428571428571,0.5714285714285714,0.23039322
42.0,0.9285714285714285,0.5714285714285714,0.11439941
42.0,1.0,0.5714285714285714,0.0020509204
42.0,0.0,0.6428571428571428,0.00030158367
42.0,0.07142857142857142,0.6428571428571428,0.09851506
42.0,0.14285714285714285,0.6428571428571428,0.19899474
42.0,0.21428571428571427,0.6428571428571428,0.3002579
42.0,0.2857142857142857,0.6428571428571428,0.40026686
42.0,0.3571428571428571,0.6428571428571428,0.49321792
42.0,0.42857142857142855,0.6428571428571428,0.5644801
42.0,0.5,0.6428571428571428,0.5907787
42.0,0.5714285714285714,0.6428571428571428,0.5616122
42.0,0.6428571428571428,0.6428571428571428,0.49266025
42.0,0.7142857142857142,0.6428571428571428,0.402546
42.0,0.7857142857142857,0.6428571428571428,0.30234107
42.0,0.8571428571428571,0.6428571428571428,0.19922222
42.0,0.9285714285714285,0.6428571428571428,0.09741562
42.0,1.0,0.6428571428571428,-0.00019858126
42.0,0.0,0.7142857142857142,3.1865202e-05
42.0,0.07142857142857142,0.7142857142857142,0.07898642
42.0,0.14285714285714285,0.7142857142857142,0.15924962
42.0,0.21428571428571427,0.7142857142857142,0.24082659
42.0,0.2857142857142857,0.7142857142857142,0.32254967
42.0,0.3571428571428571,0.7142857142857142,0.39900526
42.0,0.42857142857142855,0.7142857142857142,0.4572083
42.0,0.5,0.7142857142857142,0.47896987
42.0,0.5714285714285714,0.7142857142857142,0.45639494
42.0,0.6428571428571428,0.7142857142857142,0.40036508
42.0,0.7142857142857142,0.7142857142857142,0.32599825
42.0,0.7857142857142857,0.7142857142857142,0.24371202
42.0,0.8571428571428571,0.7142857142857142,0.15998064
42.0,0.9285714285714285,0.7142857142857142,0.0780439
42.0,1.0,0.7142857142857142,-0.00069742743
42.0,0.0,0.7857142857142857,-0.00036031846
42.0,0.07142857142857142,0.7857142857142857,0.059660524
42.0,0.14285714285714285,0.7857142857142857,0.11958765
42.0,0.21428571428571427,0.7857142857142857,0.18036045
42.0,0.2857142857142857,0.7857142857142857,0.24174117
42.0,0.3571428571428571,0.7857142857142857,0.29958776
42.0,0.42857142857142855,0.7857142857142857,0.34369498
42.0,0.5,0.7857142857142857,0.36063942
42.0,0.5714285714285714,0.7857142857142857,0.34408572
42.0,0.6428571428571428,0.7857142857142857,0.30087748
42.0,0.7142857142857142,0.7857142857142857,0.24337412
42.0,0.7857142857142857,0.7857142857142857,0.18112476
42.0,0.8571428571428571,0.7857142857142857,0.11903139
42.0,0.9285714285714285,0.7857142857142857,0.058375895
42.0,1.0,0.7857142857142857,-0.0011555674
42.0,0.0,0.8571428571428571,-0.0006533051
42.0,0.07142857142857142,0.8571428571428571,0.04117538
42.0,0.14285714285714285,0.8571428571428571,0.08116766
42.0,0.21428571428571427,0.8571428571428571,0.12093266
42.0,0.2857142857142857,0.8571428571428571,0.16121039
42.0,0.3571428571428571,0.8571428571428571,0.1995464
42.0,0.42857142857142855,0.8571428571428571,0.22897513
42.0,0.5,0.8571428571428571,0.24049906
42.0,0.5714285714285714,0.8571428571428571,0.22940823
42.0,0.6428571428571428,0.8571428571428571,0.19959573
42.0,0.7142857142857142,0.8571428571428571,0.16021404
42.0,0.7857142857142857,0.8571428571428571,0.11879618
42.0,0.8571428571428571,0.8571428571428571,0.078274466
42.0,0.9285714285714285,0.8571428571428571,0.038119342
42.0,1.0,0.8571428571428571,-0.0033131996
42.0,0.0,0.9285714285714285,-0.002949671
42.0,0.07142857142857142,0.9285714285714285,0.021120135
42.0,0.14285714285714285,0.9285714285714285,0.041528124
42.0,0.21428571428571427,0.9285714285714285,0.060442097
42.0,0.2857142857142857,0.9285714285714285,0.07954388
42.0,0.3571428571428571,0.9285714285714285,0.09825269
42.0,0.42857142857142855,0.9285714285714285,0.11304979
42.0,0.5,0.9285714285714285,0.11918313
42.0,0.5714285714285714,0.9285714285714285,0.11383448
42.0,0.6428571428571428,0.9285714285714285,0.09848564
42.0,0.7142857142857142,0.9285714285714285,0.07819496
42.0,0.7857142857142857,0.9285714285714285,0.057471894
42.0,0.8571428571428571,0.9285714285714285,0.037374593
42.0,0.9285714285714285,0.9285714285714285,0.016174335
42.0,1.0,0.9285714285714285,-0.008547475
42.0,0.0,1.0,-0.01081943
42.0,0.07142857142857142,1.0,-0.0042710826
42.0,0.14285714285714285,1.0,-0.0028481828
42.0,0.21428571428571427,1.0,-0.0038370518
42.0,0.2857142857142857,1.0,-0.0046172747
42.0,0.3571428571428571,1.0,-0.0038473615
42.0,0.42857142857142855,1.0,-0.001825192
42.0,0.5,1.0,0.00023291167
42.0,0.5714285714285714,1.0,0.0010921871
42.0,0.6428571428571428,1.0,0.00022426154
42.0,0.7142857142857142,1.0,-0.0014720568
42.0,0.7857142857142857,1.0,-0.0028008306
42.0,0.8571428571428571,1.0,-0.0043245265
42.0,0.9285714285714285,1.0,-0.008443956
42.0,1.0,1.0,-0.017923336
43.0,0.0,0.0,-0.012597956
43.0,0.07142857142857142,0.0,-0.005047919
43.0,0.14285714285714285,0.0,-0.0022007423
43.0,0.21428571428571427,0.0,-0.0028821593
43.0,0.2857142857142857,0.0,-0.004408717
43.0,0.3571428571428571,0.0,-0.0036837445
43.0,0.42857142857142855,0.0,-0.000706858
43.0,0.5,0.0,0.0008107824
43.0,0.5714285714285714,0.0,-0.0010432648
43.0,0.6428571428571428,0.0,-0.003476304
43.0,0.7142857142857142,0.0,-0.0034137862
43.0,0.7857142857142857,0.0,-0.0016803341
43.0,0.8571428571428571,0.0,-0.0014890144
43.0,0.9285714285714285,0.0,-0.005264693
43.0,1.0,0.0,-0.014261135
43.0,0.0,0.07142857142857142,-0.0059038308
43.0,0.07142857142857142,0.07142857142857142,0.018196017
43.0,0.14285714285714285,0.07142857142857142,0.039825186
43.0,0.21428571428571427,0.07142857142857142,0.05940362
43.0,0.2857142857142857,0.07142857142857142,0.078075714
43.0,0.3571428571428571,0.07142857142857142,0.09676689
43.0,0.42857142857142855,0.07142857142857142,0.11254593
43.0,0.5,0.07142857142857142,0.11816663
43.0,0.5714285714285714,0.07142857142857142,0.11049447
43.0,0.6428571428571428,0.07142857142857142,0.094937466
43.0,0.7142857142857142,0.07142857142857142,0.07793726
43.0,0.7857142857142857,0.07142857142857142,0.060658313
43.0,0.8571428571428571,0.07142857142857142,0.04152915
43.0,0.9285714285714285,0.07142857142857142,0.019606031
43.0,1.0,0.07142857142857142,-0.00601142
43.0,0.0,0.14285714285714285,-0.003712927
43.0,0.07142857142857142,0.14285714285714285,0.03792022
43.0,0.14285714285714285,0.14285714285714285,0.07962678
43.0,0.21428571428571427,0.14285714285714285,0.12099642
43.0,0.2857142857142857,0.14285714285714285,0.1614894
43.0,0.3571428571428571,0.14285714285714285,0.19968173
43.0,0.42857142857142855,0.14285714285714285,0.22960268
43.0,0.5,0.14285714285714285,0.24018554
43.0,0.5714285714285714,0.14285714285714285,0.22677386
43.0,0.6428571428571428,0.14285714285714285,0.19732472
43.0,0.7142857142857142,0.14285714285714285,0.16151354
43.0,0.7857142857142857,0.14285714285714285,0.12290143
43.0,0.8571428571428571,0.14285714285714285,0.082484335
43.0,0.9285714285714285,0.14285714285714285,0.040978253
43.0,1.0,0.14285714285714285,-0.002624237
43.0,0.0,0.21428571428571427,-0.0032779602
43.0,0.07142857142857142,0.21428571428571427,0.05666235
43.0,0.14285714285714285,0.21428571428571427,0.118934534
43.0,0.21428571428571427,0.21428571428571427,0.18215364
43.0,0.2857142857142857,0.21428571428571427,0.24417631
43.0,0.3571428571428571,0.21428571428571427,0.3015698
43.0,0.42857142857142855,0.21428571428571427,0.34576452
43.0,0.5,0.21428571428571427,0.36194807
43.0,0.5714285714285714,0.21428571428571427,0.34358507
43.0,0.6428571428571428,0.21428571428571427,0.3005583
43.0,0.7142857142857142,0.21428571428571427,0.2452146
43.0,0.7857142857142857,0.21428571428571427,0.1841526
43.0,0.8571428571428571,0.21428571428571427,0.12177967
43.0,0.9285714285714285,0.21428571428571427,0.060111612
43.0,1.0,0.21428571428571427,-0.0023563812
43.0,0.0,0.2857142857142857,-0.002512646
43.0,0.07142857142857142,0.2857142857142857,0.0763778
43.0,0.14285714285714285,0.2857142857142857,0.15895972
43.0,0.21428571428571427,0.2857142857142857,0.24277844
43.0,0.2857142857142857,0.2857142857142857,0.32453835
43.0,0.3571428571428571,0.2857142857142857,0.39963555
43.0,0.42857142857142855,0.2857142857142857,0.45754763
43.0,0.5,0.2857142857142857,0.47969338
43.0,0.5714285714285714,0.2857142857142857,0.45713463
43.0,0.6428571428571428,0.2857142857142857,0.40104023
43.0,0.7142857142857142,0.2857142857142857,0.32622096
43.0,0.7857142857142857,0.2857142857142857,0.24315892
43.0,0.8571428571428571,0.2857142857142857,0.15973242
43.0,0.9285714285714285,0.2857142857142857,0.07834747
43.0,1.0,0.2857142857142857,-0.002949939
43.0,0.0,0.3571428571428571,-0.0015055547
43.0,0.07142857142857142,0.3571428571428571,0.09645361
43.0,0.14285714285714285,0.3571428571428571,0.19823371
43.0,0.21428571428571427,0.3571428571428571,0.30036178
43.0,0.2857142857142857,0.3571428571428571,0.39910808
43.0,0.3571428571428571,0.3571428571428571,0.48967835
43.0,0.42857142857142855,0.3571428571428571,0.5601463
43.0,0.5,0.3571428571428571,0.58788466
43.0,0.5714285714285714,0.3571428571428571,0.5610117
43.0,0.6428571428571428,0.3571428571428571,0.4922149
43.0,0.7142857142857142,0.3571428571428571,0.3994937
43.0,0.7857142857142857,0.3571428571428571,0.29733226
43.0,0.8571428571428571,0.3571428571428571,0.1956686
43.0,0.9285714285714285,0.3571428571428571,0.09638646
43.0,1.0,0.3571428571428571,-0.0021593058
43.0,0.0,0.42857142857142855,-0.003225916
43.0,0.07142857142857142,0.42857142857142855,0.111255944
43.0,0.14285714285714285,0.42857142857142855,0.22892168
43.0,0.21428571428571427,0.42857142857142855,0.34540728
43.0,0.2857142857142857,0.42857142857142855,0.45700747
43.0,0.3571428571428571,0.42857142857142855,0.55925995
43.0,0.42857142857142855,0.42857142857142855,0.6394551
43.0,0.5,0.42857142857142855,0.6713232
43.0,0.5714285714285714,0.42857142857142855,0.64009887
43.0,0.6428571428571428,0.42857142857142855,0.56102717
43.0,0.7142857142857142,0.42857142857142855,0.45575526
43.0,0.7857142857142857,0.42857142857142855,0.34081402
43.0,0.8571428571428571,0.42857142857142855,0.22594692
43.0,0.9285714285714285,0.42857142857142855,0.11264792
43.0,1.0,0.42857142857142855,0.00082498696
43.0,0.0,0.5,-0.0052717114
43.0,0.07142857142857142,0.5,0.11623665
43.0,0.14285714285714285,0.5,0.2405891
43.0,0.21428571428571427,0.5,0.36302602
43.0,0.2857142857142857,0.5,0.47987983
43.0,0.3571428571428571,0.5,0.5866225
43.0,0.42857142857142855,0.5,0.67020005
43.0,0.5,0.5,0.70320135
43.0,0.5714285714285714,0.5,0.66991055
43.0,0.6428571428571428,0.5,0.5877299
43.0,0.7142857142857142,0.5,0.47967553
43.0,0.7857142857142857,0.5,0.36114517
43.0,0.8571428571428571,0.5,0.24073578
43.0,0.9285714285714285,0.5,0.12082284
43.0,1.0,0.5,0.0034669777
43.0,0.0,0.5714285714285714,-0.0017305622
43.0,0.07142857142857142,0.5714285714285714,0.112719595
43.0,0.14285714285714285,0.5714285714285714,0.22993743
43.0,0.21428571428571427,0.5714285714285714,0.34637722
43.0,0.2857142857142857,0.5714285714285714,0.45893
43.0,0.3571428571428571,0.5714285714285714,0.56223375
43.0,0.42857142857142855,0.5714285714285714,0.6420474
43.0,0.5,0.5714285714285714,0.67219216
43.0,0.5714285714285714,0.5714285714285714,0.63927597
43.0,0.6428571428571428,0.5714285714285714,0.56113786
43.0,0.7142857142857142,0.5714285714285714,0.4591744
43.0,0.7857142857142857,0.5714285714285714,0.34616837
43.0,0.8571428571428571,0.5714285714285714,0.22989179
43.0,0.9285714285714285,0.5714285714285714,0.114193864
43.0,1.0,0.5714285714285714,0.002334035
43.0,0.0,0.6428571428571428,0.0004909253
43.0,0.07142857142857142,0.6428571428571428,0.09844702
43.0,0.14285714285714285,0.6428571428571428,0.19877695
43.0,0.21428571428571427,0.6428571428571428,0.29997125
43.0,0.2857142857142857,0.6428571428571428,0.3998431
43.0,0.3571428571428571,0.6428571428571428,0.49237487
43.0,0.42857142857142855,0.6428571428571428,0.5629433
43.0,0.5,0.6428571428571428,0.5888877
43.0,0.5714285714285714,0.6428571428571428,0.56017643
43.0,0.6428571428571428,0.6428571428571428,0.49188915
43.0,0.7142857142857142,0.6428571428571428,0.40213567
43.0,0.7857142857142857,0.6428571428571428,0.3020114
43.0,0.8571428571428571,0.6428571428571428,0.19892417
43.0,0.9285714285714285,0.6428571428571428,0.09731624
43.0,1.0,0.6428571428571428,8.048769e-05
43.0,0.0,0.7142857142857142,0.00022539403
43.0,0.07142857142857142,0.7142857142857142,0.079005584
43.0,0.14285714285714285,0.7142857142857142,0.15919203
43.0,0.21428571428571427,0.7142857142857142,0.24074717
43.0,0.2857142857142857,0.7142857142857142,0.32236922
43.0,0.3571428571428571,0.7142857142857142,0.39848468
43.0,0.42857142857142855,0.7142857142857142,0.45616683
43.0,0.5,0.7142857142857142,0.4776986
43.0,0.5714285714285714,0.7142857142857142,0.45546472
43.0,0.6428571428571428,0.7142857142857142,0.3999016
43.0,0.7142857142857142,0.7142857142857142,0.32576928
43.0,0.7857142857142857,0.7142857142857142,0.24351783
43.0,0.8571428571428571,0.7142857142857142,0.15979749
43.0,0.9285714285714285,0.7142857142857142,0.07800057
43.0,1.0,0.7142857142857142,-0.00045249704
43.0,0.0,0.7857142857142857,-0.00019253884
43.0,0.07142857142857142,0.7857142857142857,0.059695125
43.0,0.14285714285714285,0.7857142857142857,0.11957406
43.0,0.21428571428571427,0.7857142857142857,0.18033949
43.0,0.2857142857142857,0.7857142857142857,0.24164028
43.0,0.3571428571428571,0.7857142857142857,0.2992162
43.0,0.42857142857142855,0.7857142857142857,0.34292987
43.0,0.5,0.7857142857142857,0.3597007
43.0,0.5714285714285714,0.7857142857142857,0.34337848
43.0,0.6428571428571428,0.7857142857142857,0.3005148
43.0,0.7142857142857142,0.7857142857142857,0.24319832
43.0,0.7857142857142857,0.7857142857142857,0.18098682
43.0,0.8571428571428571,0.7857142857142857,0.11890938
43.0,0.9285714285714285,0.7857142857142857,0.058360316
43.0,1.0,0.7857142857142857,-0.00094856415
43.0,0.0,0.8571428571428571,-0.00053342525
43.0,0.07142857142857142,0.8571428571428571,0.04118841
43.0,0.14285714285714285,0.8571428571428571,0.081153326
43.0,0.21428571428571427,0.8571428571428571,0.12093144
43.0,0.2857142857142857,0.8571428571428571,0.16116768
43.0,0.3571428571428571,0.8571428571428571,0.19932139
43.0,0.42857142857142855,0.8571428571428571,0.22848232
43.0,0.5,0.8571428571428571,0.2398809
43.0,0.5714285714285714,0.8571428571428571,0.22893158
43.0,0.6428571428571428,0.8571428571428571,0.19935742
43.0,0.7142857142857142,0.8571428571428571,0.1601143
43.0,0.7857142857142857,0.8571428571428571,0.11872258
43.0,0.8571428571428571,0.8571428571428571,0.0782033
43.0,0.9285714285714285,0.8571428571428571,0.038116258
43.0,1.0,0.8571428571428571,-0.0031516748
43.0,0.0,0.9285714285714285,-0.0028851153
43.0,0.07142857142857142,0.9285714285714285,0.021107867
43.0,0.14285714285714285,0.9285714285714285,0.041521173
43.0,0.21428571428571427,0.9285714285714285,0.060485713
43.0,0.2857142857142857,0.9285714285714285,0.07960465
43.0,0.3571428571428571,0.9285714285714285,0.098234124
43.0,0.42857142857142855,0.9285714285714285,0.11289271
43.0,0.5,0.9285714285714285,0.11895829
43.0,0.5714285714285714,0.9285714285714285,0.113686405
43.0,0.6428571428571428,0.9285714285714285,0.09846987
43.0,0.7142857142857142,0.9285714285714285,0.07824514
43.0,0.7857142857142857,0.9285714285714285,0.057504408
43.0,0.8571428571428571,0.9285714285714285,0.037370406
43.0,0.9285714285714285,0.9285714285714285,0.016187444
43.0,1.0,0.9285714285714285,-0.008429133
43.0,0.0,1.0,-0.010795192
43.0,0.07142857142857142,1.0,-0.0042765066
43.0,0.14285714285714285,1.0,-0.0027986448
43.0,0.21428571428571427,1.0,-0.003687947
43.0,0.2857142857142857,1.0,-0.0043869773
43.0,0.3571428571428571,1.0,-0.0035998793
43.0,0.42857142857142855,1.0,-0.0016074078
43.0,0.5,1.0,0.0004381081
43.0,0.5714285714285714,1.0,0.001331701
43.0,0.6428571428571428,1.0,0.0005011996
43.0,0.7142857142857142,1.0,-0.001214751
43.0,0.7857142857142857,1.0,-0.002624021
43.0,0.8571428571428571,1.0,-0.0042383717
43.0,0.9285714285714285,1.0,-0.008397103
43.0,1.0,1.0,-0.017831266
44.0,0.0,0.0,-0.012596856
44.0,0.07142857142857142,0.0,-0.005090198
44.0,0.14285714285714285,0.0,-0.0022290824
44.0,0.21428571428571427,0.0,-0.0028270772
44.0,0.2857142857142857,0.0,-0.004221053
44.0,0.3571428571428571,0.0,-0.0033927634
44.0,0.42857142857142855,0.0,-0.0003993949
44.0,0.5,0.0,0.001104869
44.0,0.5714285714285714,0.0,-0.00074096676
44.0,0.6428571428571428,0.0,-0.003200085
44.0,0.7142857142857142,0.0,-0.0032257857
44.0,0.7857142857142857,0.0,-0.0015764805
44.0,0.8571428571428571,0.0,-0.0014037723
44.0,0.9285714285714285,0.0,-0.0051366026
44.0,1.0,0.0,-0.014056415
44.0,0.0,0.07142857142857142,-0.005914375
44.0,0.07142857142857142,0.07142857142857142,0.018124491
44.0,0.14285714285714285,0.07142857142857142,0.039740734
44.0,0.21428571428571427,0.07142857142857142,0.059353553
44.0,0.2857142857142857,0.07142857142857142,0.07807524
44.0,0.3571428571428571,0.07142857142857142,0.0967465
44.0,0.42857142857142855,0.07142857142857142,0.11240178
44.0,0.5,0.07142857142857142,0.117943786
44.0,0.5714285714285714,0.07142857142857142,0.11035285
44.0,0.6428571428571428,0.07142857142857142,0.09490791
44.0,0.7142857142857142,0.07142857142857142,0.077933095
44.0,0.7857142857142857,0.07142857142857142,0.06064313
44.0,0.8571428571428571,0.07142857142857142,0.041532062
44.0,0.9285714285714285,0.07142857142857142,0.019666776
44.0,1.0,0.07142857142857142,-0.00586024
44.0,0.0,0.14285714285714285,-0.00368719
44.0,0.07142857142857142,0.14285714285714285,0.037862726
44.0,0.14285714285714285,0.14285714285714285,0.07952792
44.0,0.21428571428571427,0.14285714285714285,0.12088778
44.0,0.2857142857142857,0.14285714285714285,0.16135816
44.0,0.3571428571428571,0.14285714285714285,0.19942053
44.0,0.42857142857142855,0.14285714285714285,0.22908321
44.0,0.5,0.14285714285714285,0.23952924
44.0,0.5714285714285714,0.14285714285714285,0.22629458
44.0,0.6428571428571428,0.14285714285714285,0.19710897
44.0,0.7142857142857142,0.14285714285714285,0.16142769
44.0,0.7857142857142857,0.14285714285714285,0.12284895
44.0,0.8571428571428571,0.14285714285714285,0.08245024
44.0,0.9285714285714285,0.14285714285714285,0.040997304
44.0,1.0,0.14285714285714285,-0.002495111
44.0,0.0,0.21428571428571427,-0.0031616269
44.0,0.07142857142857142,0.21428571428571427,0.056659944
44.0,0.14285714285714285,0.21428571428571427,0.118856885
44.0,0.21428571428571427,0.21428571428571427,0.18203123
44.0,0.2857142857142857,0.21428571428571427,0.2439857
44.0,0.3571428571428571,0.21428571428571427,0.30117637
44.0,0.42857142857142855,0.21428571428571427,0.34500015
44.0,0.5,0.21428571428571427,0.36098966
44.0,0.5714285714285714,0.21428571428571427,0.3428908
44.0,0.6428571428571428,0.21428571428571427,0.3002577
44.0,0.7142857142857142,0.21428571428571427,0.24511631
44.0,0.7857142857142857,0.21428571428571427,0.18408893
44.0,0.8571428571428571,0.21428571428571427,0.12169825
44.0,0.9285714285714285,0.21428571428571427,0.060079455
44.0,1.0,0.21428571428571427,-0.002230511
44.0,0.0,0.2857142857142857,-0.002278478
44.0,0.07142857142857142,0.2857142857142857,0.076433755
44.0,0.14285714285714285,0.2857142857142857,0.15889251
44.0,0.21428571428571427,0.2857142857142857,0.24263932
44.0,0.2857142857142857,0.2857142857142857,0.32431418
44.0,0.3571428571428571,0.2857142857142857,0.39916334
44.0,0.42857142857142855,0.2857142857142857,0.456592
44.0,0.5,0.2857142857142857,0.47845873
44.0,0.5714285714285714,0.2857142857142857,0.45621493
44.0,0.6428571428571428,0.2857142857142857,0.40061423
44.0,0.7142857142857142,0.2857142857142857,0.32605484
44.0,0.7857142857142857,0.2857142857142857,0.24301387
44.0,0.8571428571428571,0.2857142857142857,0.15953945
44.0,0.9285714285714285,0.2857142857142857,0.0782379
44.0,1.0,0.2857142857142857,-0.0028107176
44.0,0.0,0.3571428571428571,-0.0011938335
44.0,0.07142857142857142,0.3571428571428571,0.096488304
44.0,0.14285714285714285,0.3571428571428571,0.19807099
44.0,0.21428571428571427,0.3571428571428571,0.30009076
44.0,0.2857142857142857,0.3571428571428571,0.3987332
44.0,0.3571428571428571,0.3571428571428571,0.4889904
44.0,0.42857142857142855,0.3571428571428571,0.5588202
44.0,0.5,0.3571428571428571,0.58613944
44.0,0.5714285714285714,0.3571428571428571,0.55960745
44.0,0.6428571428571428,0.3571428571428571,0.491424
44.0,0.7142857142857142,0.3571428571428571,0.39906973
44.0,0.7857142857142857,0.3571428571428571,0.29696992
44.0,0.8571428571428571,0.3571428571428571,0.19528966
44.0,0.9285714285714285,0.3571428571428571,0.09618597
44.0,1.0,0.3571428571428571,-0.0019838
44.0,0.0,0.42857142857142855,-0.0029341737
44.0,0.07142857142857142,0.42857142857142855,0.11113856
44.0,0.14285714285714285,0.42857142857142855,0.22849824
44.0,0.21428571428571427,0.42857142857142855,0.3448019
44.0,0.2857142857142857,0.42857142857142855,0.45622954
44.0,0.3571428571428571,0.42857142857142855,0.5580471
44.0,0.42857142857142855,0.42857142857142855,0.63739973
44.0,0.5,0.42857142857142855,0.6686874
44.0,0.5714285714285714,0.42857142857142855,0.6378749
44.0,0.6428571428571428,0.42857142857142855,0.55962664
44.0,0.7142857142857142,0.42857142857142855,0.45491397
44.0,0.7857142857142857,0.42857142857142855,0.34015158
44.0,0.8571428571428571,0.42857142857142855,0.22536643
44.0,0.9285714285714285,0.42857142857142855,0.11236732
44.0,1.0,0.42857142857142855,0.0010425663
44.0,0.0,0.5,-0.0050489763
44.0,0.07142857142857142,0.5,0.11599209
44.0,0.14285714285714285,0.5,0.23997681
44.0,0.21428571428571427,0.5,0.36217275
44.0,0.2857142857142857,0.5,0.478785
44.0,0.3571428571428571,0.5,0.5849987
44.0,0.42857142857142855,0.5,0.6676235
44.0,0.5,0.5,0.6999828
44.0,0.5714285714285714,0.5,0.667193
44.0,0.6428571428571428,0.5,0.585992
44.0,0.7142857142857142,0.5,0.47861755
44.0,0.7857142857142857,0.5,0.3603459
44.0,0.8571428571428571,0.5,0.24007852
44.0,0.9285714285714285,0.5,0.1205185
44.0,1.0,0.5,0.0037121465
44.0,0.0,0.5714285714285714,-0.0015709559
44.0,0.07142857142857142,0.5714285714285714,0.11249774
44.0,0.14285714285714285,0.5714285714285714,0.22943597
44.0,0.21428571428571427,0.5714285714285714,0.34570158
44.0,0.2857142857142857,0.5714285714285714,0.45804387
44.0,0.3571428571428571,0.5714285714285714,0.56084216
44.0,0.42857142857142855,0.5714285714285714,0.63978994
44.0,0.5,0.5714285714285714,0.6694111
44.0,0.5714285714285714,0.5714285714285714,0.63701314
44.0,0.6428571428571428,0.5714285714285714,0.5597655
44.0,0.7142857142857142,0.5714285714285714,0.4583767
44.0,0.7857142857142857,0.5714285714285714,0.34557047
44.0,0.8571428571428571,0.5714285714285714,0.2293918
44.0,0.9285714285714285,0.5714285714285714,0.1139796
44.0,1.0,0.5714285714285714,0.0026058992
44.0,0.0,0.6428571428571428,0.0006602919
44.0,0.07142857142857142,0.6428571428571428,0.0983644
44.0,0.14285714285714285,0.6428571428571428,0.19854936
44.0,0.21428571428571427,0.6428571428571428,0.2996747
44.0,0.2857142857142857,0.6428571428571428,0.3994032
44.0,0.3571428571428571,0.6428571428571428,0.49151197
44.0,0.42857142857142855,0.6428571428571428,0.5614014
44.0,0.5,0.6428571428571428,0.58700806
44.0,0.5714285714285714,0.6428571428571428,0.5587412
44.0,0.6428571428571428,0.6428571428571428,0.49110273
44.0,0.7142857142857142,0.6428571428571428,0.4017111
44.0,0.7857142857142857,0.6428571428571428,0.30167502
44.0,0.8571428571428571,0.6428571428571428,0.19862103
44.0,0.9285714285714285,0.6428571428571428,0.09720855
44.0,1.0,0.6428571428571428,0.00035045948
44.0,0.0,0.7142857142857142,0.00040607806
44.0,0.07142857142857142,0.7142857142857142,0.079016455
44.0,0.14285714285714285,0.7142857142857142,0.15913059
44.0,0.21428571428571427,0.7142857142857142,0.2406636
44.0,0.2857142857142857,0.7142857142857142,0.32217866
44.0,0.3571428571428571,0.7142857142857142,0.39795223
44.0,0.42857142857142855,0.7142857142857142,0.45512527
44.0,0.5,0.7142857142857142,0.4764401
44.0,0.5714285714285714,0.7142857142857142,0.45453885
44.0,0.6428571428571428,0.7142857142857142,0.39943147
44.0,0.7142857142857142,0.7142857142857142,0.32553118
44.0,0.7857142857142857,0.7142857142857142,0.2433189
44.0,0.8571428571428571,0.7142857142857142,0.15961076
44.0,0.9285714285714285,0.7142857142857142,0.07795138
44.0,1.0,0.7142857142857142,-0.00021412317
44.0,0.0,0.7857142857142857,-3.3178367e-05
44.0,0.07142857142857142,0.7857142857142857,0.059726655
44.0,0.14285714285714285,0.7857142857142857,0.11956113
44.0,0.21428571428571427,0.7857142857142857,0.18031918
44.0,0.2857142857142857,0.7857142857142857,0.24153472
44.0,0.3571428571428571,0.7857142857142857,0.2988382
44.0,0.42857142857142855,0.7857142857142857,0.3421664
44.0,0.5,0.7857142857142857,0.3587721
44.0,0.5714285714285714,0.7857142857142857,0.3426771
44.0,0.6428571428571428,0.7857142857142857,0.30015036
44.0,0.7142857142857142,0.7857142857142857,0.24301924
44.0,0.7857142857142857,0.7857142857142857,0.18084772
44.0,0.8571428571428571,0.7857142857142857,0.11878651
44.0,0.9285714285714285,0.7857142857142857,0.05834148
44.0,1.0,0.7857142857142857,-0.00074594934
44.0,0.0,0.8571428571428571,-0.0004197182
44.0,0.07142857142857142,0.8571428571428571,0.041200627
44.0,0.14285714285714285,0.8571428571428571,0.08114207
44.0,0.21428571428571427,0.8571428571428571,0.12093287
44.0,0.2857142857142857,0.8571428571428571,0.16112295
44.0,0.3571428571428571,0.8571428571428571,0.19909087
44.0,0.42857142857142855,0.8571428571428571,0.22798747
44.0,0.5,0.8571428571428571,0.23926552
44.0,0.5714285714285714,0.8571428571428571,0.22845656
44.0,0.6428571428571428,0.8571428571428571,0.19911702
44.0,0.7142857142857142,0.8571428571428571,0.16001354
44.0,0.7857142857142857,0.8571428571428571,0.1186498
44.0,0.8571428571428571,0.8571428571428571,0.078133665
44.0,0.9285714285714285,0.8571428571428571,0.03811257
44.0,1.0,0.8571428571428571,-0.0029923627
44.0,0.0,0.9285714285714285,-0.0028268741
44.0,0.07142857142857142,0.9285714285714285,0.021094926
44.0,0.14285714285714285,0.9285714285714285,0.04151777
44.0,0.21428571428571427,0.9285714285714285,0.060531788
44.0,0.2857142857142857,0.9285714285714285,0.079663604
44.0,0.3571428571428571,0.9285714285714285,0.09821043
44.0,0.42857142857142855,0.9285714285714285,0.11273005
44.0,0.5,0.9285714285714285,0.11873027
44.0,0.5714285714285714,0.9285714285714285,0.11353535
44.0,0.6428571428571428,0.9285714285714285,0.09845054
44.0,0.7142857142857142,0.9285714285714285,0.078293905
44.0,0.7857142857142857,0.9285714285714285,0.05753901
44.0,0.8571428571428571,0.9285714285714285,0.037369553
44.0,0.9285714285714285,0.9285714285714285,0.016202163
44.0,1.0,0.9285714285714285,-0.008311492
44.0,0.0,1.0,-0.0107772825
44.0,0.07142857142857142,1.0,-0.0042819306
44.0,0.14285714285714285,1.0,-0.0027464041
44.0,0.21428571428571427,1.0,-0.0035362588
44.0,0.2857142857142857,1.0,-0.0041577863
44.0,0.3571428571428571,1.0,-0.0033566998
44.0,0.42857142857142855,1.0,-0.0013952302
44.0,0.5,1.0,0.000637806
44.0,0.5714285714285714,1.0,0.0015662825
44.0,0.6428571428571428,1.0,0.00077428576
44.0,0.7142857142857142,1.0,-0.00095810834
44.0,0.7857142857142857,1.0,-0.0024441415
44.0,0.8571428571428571,1.0,-0.004147631
44.0,0.9285714285714285,1.0,-0.008347266
44.0,1.0,1.0,-0.01773836
45.0,0.0,0.0,-0.012607716
45.0,0.07142857142857142,0.0,-0.0051416103
45.0,0.14285714285714285,0.0,-0.0022625597
45.0,0.21428571428571427,0.0,-0.0027735857
45.0,0.2857142857142857,0.0,-0.004033066
45.0,0.3571428571428571,0.0,-0.0031020632
45.0,0.42857142857142855,0.0,-9.276252e-05
45.0,0.5,0.0,0.0013967296
45.0,0.5714285714285714,0.0,-0.00044400338
45.0,0.6428571428571428,0.0,-0.0029288093
45.0,0.7142857142857142,0.0,-0.003041246
45.0,0.7857142857142857,0.0,-0.0014754394
45.0,0.8571428571428571,0.0,-0.0013232017
45.0,0.9285714285714285,0.0,-0.0050151506
45.0,1.0,0.0,-0.013859146
45.0,0.0,0.07142857142857142,-0.0059341313
45.0,0.07142857142857142,0.07142857142857142,0.018045869
45.0,0.14285714285714285,0.07142857142857142,0.039651375
45.0,0.21428571428571427,0.07142857142857142,0.059300445
45.0,0.2857142857142857,0.07142857142857142,0.078070804
45.0,0.3571428571428571,0.07142857142857142,0.09672179
45.0,0.42857142857142855,0.07142857142857142,0.112254955
45.0,0.5,0.07142857142857142,0.11772121
45.0,0.5714285714285714,0.07142857142857142,0.11020923
45.0,0.6428571428571428,0.07142857142857142,0.09487424
45.0,0.7142857142857142,0.07142857142857142,0.07792544
45.0,0.7857142857142857,0.07142857142857142,0.060625747
45.0,0.8571428571428571,0.07142857142857142,0.041530788
45.0,0.9285714285714285,0.07142857142857142,0.019720748
45.0,1.0,0.07142857142857142,-0.005716645
45.0,0.0,0.14285714285714285,-0.0036661439
45.0,0.07142857142857142,0.14285714285714285,0.037801694
45.0,0.14285714285714285,0.14285714285714285,0.07942731
45.0,0.21428571428571427,0.14285714285714285,0.12077653
45.0,0.2857142857142857,0.14285714285714285,0.16122131
45.0,0.3571428571428571,0.14285714285714285,0.19915387
45.0,0.42857142857142855,0.14285714285714285,0.228563
45.0,0.5,0.14285714285714285,0.23887788
45.0,0.5714285714285714,0.14285714285714285,0.22581495
45.0,0.6428571428571428,0.14285714285714285,0.19688848
45.0,0.7142857142857142,0.14285714285714285,0.1613381
45.0,0.7857142857142857,0.14285714285714285,0.12279368
45.0,0.8571428571428571,0.14285714285714285,0.08241159
45.0,0.9285714285714285,0.14285714285714285,0.04100757
45.0,1.0,0.14285714285714285,-0.0023759091
45.0,0.0,0.21428571428571427,-0.0030472958
45.0,0.07142857142857142,0.21428571428571427,0.05665733
45.0,0.14285714285714285,0.21428571428571427,0.118779846
45.0,0.21428571428571427,0.21428571428571427,0.18190698
45.0,0.2857142857142857,0.21428571428571427,0.24378969
45.0,0.3571428571428571,0.21428571428571427,0.3007762
45.0,0.42857142857142855,0.21428571428571427,0.34423655
45.0,0.5,0.21428571428571427,0.36003926
45.0,0.5714285714285714,0.21428571428571427,0.34219566
45.0,0.6428571428571428,0.21428571428571427,0.29994765
45.0,0.7142857142857142,0.21428571428571427,0.24501078
45.0,0.7857142857142857,0.21428571428571427,0.18402012
45.0,0.8571428571428571,0.21428571428571427,0.12161132
45.0,0.9285714285714285,0.21428571428571427,0.060037084
45.0,1.0,0.21428571428571427,-0.00211759
45.0,0.0,0.2857142857142857,-0.002046612
45.0,0.07142857142857142,0.2857142857142857,0.076489724
45.0,0.14285714285714285,0.2857142857142857,0.1588279
45.0,0.21428571428571427,0.2857142857142857,0.24250077
45.0,0.2857142857142857,0.2857142857142857,0.32408592
45.0,0.3571428571428571,0.2857142857142857,0.39868194
45.0,0.42857142857142855,0.2857142857142857,0.4556367
45.0,0.5,0.2857142857142857,0.47723338
45.0,0.5714285714285714,0.2857142857142857,0.45529115
45.0,0.6428571428571428,0.2857142857142857,0.400171
45.0,0.7142857142857142,0.2857142857142857,0.3258759
45.0,0.7857142857142857,0.2857142857142857,0.2428643
45.0,0.8571428571428571,0.2857142857142857,0.1593411
45.0,0.9285714285714285,0.2857142857142857,0.0781164
45.0,1.0,0.2857142857142857,-0.0026847431
45.0,0.0,0.3571428571428571,-0.00088765565
45.0,0.07142857142857142,0.3571428571428571,0.09652168
45.0,0.14285714285714285,0.3571428571428571,0.19791126
45.0,0.21428571428571427,0.3571428571428571,0.29982302
45.0,0.2857142857142857,0.3571428571428571,0.39835426
45.0,0.3571428571428571,0.3571428571428571,0.48829383
45.0,0.42857142857142855,0.3571428571428571,0.55749565
45.0,0.5,0.3571428571428571,0.5844081
45.0,0.5714285714285714,0.3571428571428571,0.5582023
45.0,0.6428571428571428,0.3571428571428571,0.4906173
45.0,0.7142857142857142,0.3571428571428571,0.3986361
45.0,0.7857142857142857,0.3571428571428571,0.2966092
45.0,0.8571428571428571,0.3571428571428571,0.19491139
45.0,0.9285714285714285,0.3571428571428571,0.09597486
45.0,1.0,0.3571428571428571,-0.0018220926
45.0,0.0,0.42857142857142855,-0.0026512602
45.0,0.07142857142857142,0.42857142857142855,0.11101913
45.0,0.14285714285714285,0.42857142857142855,0.22808023
45.0,0.21428571428571427,0.42857142857142855,0.34420443
45.0,0.2857142857142857,0.42857142857142855,0.45545372
45.0,0.3571428571428571,0.42857142857142855,0.55683273
45.0,0.42857142857142855,0.42857142857142855,0.63535976
45.0,0.5,0.42857142857142855,0.6660881
45.0,0.5714285714285714,0.42857142857142855,0.6356727
45.0,0.6428571428571428,0.42857142857142855,0.5582288
45.0,0.7142857142857142,0.42857142857142855,0.45407853
45.0,0.7857142857142857,0.42857142857142855,0.3395044
45.0,0.8571428571428571,0.42857142857142855,0.22479491
45.0,0.9285714285714285,0.42857142857142855,0.11208004
45.0,1.0,0.42857142857142855,0.0012475094
45.0,0.0,0.5,-0.004839697
45.0,0.07142857142857142,0.5,0.11574004
45.0,0.14285714285714285,0.5,0.23936607
45.0,0.21428571428571427,0.5,0.36132693
45.0,0.2857142857142857,0.5,0.47769418
45.0,0.3571428571428571,0.5,0.5833788
45.0,0.42857142857142855,0.5,0.6650732
45.0,0.5,0.5,0.6968178
45.0,0.5714285714285714,0.5,0.6645143
45.0,0.6428571428571428,0.5,0.5842672
45.0,0.7142857142857142,0.5,0.4775702
45.0,0.7857142857142857,0.5,0.3595632
45.0,0.8571428571428571,0.5,0.23943149
45.0,0.9285714285714285,0.5,0.12020879
45.0,1.0,0.5,0.0039451187
45.0,0.0,0.5714285714285714,-0.0014324794
45.0,0.07142857142857142,0.5714285714285714,0.11225982
45.0,0.14285714285714285,0.5714285714285714,0.22892529
45.0,0.21428571428571427,0.5714285714285714,0.34501925
45.0,0.2857142857142857,0.5714285714285714,0.45714608
45.0,0.3571428571428571,0.5714285714285714,0.55943793
45.0,0.42857142857142855,0.5714285714285714,0.6375384
45.0,0.5,0.5714285714285714,0.6666598
45.0,0.5714285714285714,0.5714285714285714,0.6347662
45.0,0.6428571428571428,0.5714285714285714,0.5583873
45.0,0.7142857142857142,0.5714285714285714,0.45757198
45.0,0.7857142857142857,0.5714285714285714,0.34497395
45.0,0.8571428571428571,0.5714285714285714,0.22889285
45.0,0.9285714285714285,0.5714285714285714,0.113758445
45.0,1.0,0.5714285714285714,0.0028661704
45.0,0.0,0.6428571428571428,0.00081012305
45.0,0.07142857142857142,0.6428571428571428,0.09826686
45.0,0.14285714285714285,0.6428571428571428,0.19831137
45.0,0.21428571428571427,0.6428571428571428,0.2993681
45.0,0.2857142857142857,0.6428571428571428,0.39894694
45.0,0.3571428571428571,0.6428571428571428,0.49062988
45.0,0.42857142857142855,0.6428571428571428,0.55985487
45.0,0.5,0.6428571428571428,0.58514
45.0,0.5714285714285714,0.6428571428571428,0.557306
45.0,0.6428571428571428,0.6428571428571428,0.49030158
45.0,0.7142857142857142,0.6428571428571428,0.4012722
45.0,0.7857142857142857,0.6428571428571428,0.30133167
45.0,0.8571428571428571,0.6428571428571428,0.1983138
45.0,0.9285714285714285,0.6428571428571428,0.09709253
45.0,1.0,0.6428571428571428,0.0006105071
45.0,0.0,0.7142857142857142,0.0005730754
45.0,0.07142857142857142,0.7142857142857142,0.07901923
45.0,0.14285714285714285,0.7142857142857142,0.15906498
45.0,0.21428571428571427,0.7142857142857142,0.24057527
45.0,0.2857142857142857,0.7142857142857142,0.32197824
45.0,0.3571428571428571,0.7142857142857142,0.39740822
45.0,0.42857142857142855,0.7142857142857142,0.45408398
45.0,0.5,0.7142857142857142,0.4751933
45.0,0.5714285714285714,0.7142857142857142,0.45361796
45.0,0.6428571428571428,0.7142857142857142,0.3989544
45.0,0.7142857142857142,0.7142857142857142,0.32528532
45.0,0.7857142857142857,0.7142857142857142,0.2431152
45.0,0.8571428571428571,0.7142857142857142,0.15942042
45.0,0.9285714285714285,0.7142857142857142,0.07789605
45.0,1.0,0.7142857142857142,1.7023645e-05
45.0,0.0,0.7857142857142857,0.00011745747
45.0,0.07142857142857142,0.7857142857142857,0.05975523
45.0,0.14285714285714285,0.7857142857142857,0.119549416
45.0,0.21428571428571427,0.7857142857142857,0.18029863
45.0,0.2857142857142857,0.7857142857142857,0.24142472
45.0,0.3571428571428571,0.7857142857142857,0.29845372
45.0,0.42857142857142855,0.7857142857142857,0.34140453
45.0,0.5,0.7857142857142857,0.3578541
45.0,0.5714285714285714,0.7857142857142857,0.3419823
45.0,0.6428571428571428,0.7857142857142857,0.29978445
45.0,0.7142857142857142,0.7857142857142857,0.2428376
45.0,0.7857142857142857,0.7857142857142857,0.18070781
45.0,0.8571428571428571,0.7857142857142857,0.118662946
45.0,0.9285714285714285,0.7857142857142857,0.058319353
45.0,1.0,0.7857142857142857,-0.00054808427
45.0,0.0,0.8571428571428571,-0.00031237397
45.0,0.07142857142857142,0.8571428571428571,0.041212033
45.0,0.14285714285714285,0.8571428571428571,0.081133954
45.0,0.21428571428571427,0.8571428571428571,0.12093628
45.0,0.2857142857142857,0.8571428571428571,0.16107577
45.0,0.3571428571428571,0.8571428571428571,0.19885503
45.0,0.42857142857142855,0.8571428571428571,0.2274909
45.0,0.5,0.8571428571428571,0.2386533
45.0,0.5714285714285714,0.8571428571428571,0.22798343
45.0,0.6428571428571428,0.8571428571428571,0.19887514
45.0,0.7142857142857142,0.8571428571428571,0.15991123
45.0,0.7857142857142857,0.8571428571428571,0.11857801
45.0,0.8571428571428571,0.8571428571428571,0.07806573
45.0,0.9285714285714285,0.8571428571428571,0.038108196
45.0,1.0,0.8571428571428571,-0.0028364817
45.0,0.0,0.9285714285714285,-0.0027752789
45.0,0.07142857142857142,0.9285714285714285,0.021081686
45.0,0.14285714285714285,0.9285714285714285,0.041517504
45.0,0.21428571428571427,0.9285714285714285,0.06058082
45.0,0.2857142857142857,0.9285714285714285,0.07972118
45.0,0.3571428571428571,0.9285714285714285,0.098181196
45.0,0.42857142857142855,0.9285714285714285,0.11256225
45.0,0.5,0.9285714285714285,0.11849942
45.0,0.5714285714285714,0.9285714285714285,0.11338129
45.0,0.6428571428571428,0.9285714285714285,0.098428145
45.0,0.7142857142857142,0.9285714285714285,0.078341626
45.0,0.7857142857142857,0.9285714285714285,0.05757513
45.0,0.8571428571428571,0.9285714285714285,0.03737155
45.0,0.9285714285714285,0.9285714285714285,0.016218655
45.0,1.0,0.9285714285714285,-0.008195178
45.0,0.0,1.0,-0.010765729
45.0,0.07142857142857142,1.0,-0.004288423
45.0,0.14285714285714285,1.0,-0.002691349
45.0,0.21428571428571427,1.0,-0.0033819182
45.0,0.2857142857142857,1.0,-0.003929169
45.0,0.3571428571428571,1.0,-0.0031182664
45.0,0.42857142857142855,1.0,-0.0011890503
45.0,0.5,1.0,0.0008319905
45.0,0.5714285714285714,1.0,0.0017959019
45.0,0.6428571428571428,1.0,0.0010433411
45.0,0.7142857142857142,1.0,-0.0007025385
45.0,0.7857142857142857,1.0,-0.0022619227
45.0,0.8571428571428571,1.0,-0.0040529342
45.0,0.9285714285714285,1.0,-0.008294479
45.0,1.0,1.0,-0.017645322
46.0,0.0,0.0,-0.012630973
46.0,0.07142857142857142,0.0,-0.005202364
46.0,0.14285714285714285,0.0,-0.0023014657
46.0,0.21428571428571427,0.0,-0.0027214568
46.0,0.2857142857142857,0.0,-0.0038455925
46.0,0.3571428571428571,0.0,-0.0028123232
46.0,0.42857142857142855,0.0,0.00021247286
46.0,0.5,0.0,0.0016857069
46.0,0.5714285714285714,0.0,-0.00015186239
46.0,0.6428571428571428,0.0,-0.0026633153
46.0,0.7142857142857142,0.0,-0.0028609382
46.0,0.7857142857142857,0.0,-0.0013778629
46.0,0.8571428571428571,0.0,-0.0012481147
46.0,0.9285714285714285,0.0,-0.004900814
46.0,1.0,0.0,-0.013669685
46.0,0.0,0.07142857142857142,-0.005963069
46.0,0.07142857142857142,0.07142857142857142,0.017959863
46.0,0.14285714285714285,0.07142857142857142,0.039557457
46.0,0.21428571428571427,0.07142857142857142,0.05924377
46.0,0.2857142857142857,0.07142857142857142,0.07806245
46.0,0.3571428571428571,0.07142857142857142,0.09669293
46.0,0.42857142857142855,0.07142857142857142,0.11210722
46.0,0.5,0.07142857142857142,0.117498286
46.0,0.5714285714285714,0.07142857142857142,0.11006233
46.0,0.6428571428571428,0.07142857142857142,0.09483576
46.0,0.7142857142857142,0.07142857142857142,0.07791566
46.0,0.7857142857142857,0.07142857142857142,0.06060543
46.0,0.8571428571428571,0.07142857142857142,0.04152511
46.0,0.9285714285714285,0.07142857142857142,0.01976715
46.0,1.0,0.07142857142857142,-0.005581946
46.0,0.0,0.14285714285714285,-0.003649721
46.0,0.07142857142857142,0.14285714285714285,0.037737466
46.0,0.14285714285714285,0.14285714285714285,0.07932408
46.0,0.21428571428571427,0.14285714285714285,0.12066244
46.0,0.2857142857142857,0.14285714285714285,0.1610791
46.0,0.3571428571428571,0.14285714285714285,0.19888096
46.0,0.42857142857142855,0.14285714285714285,0.22804347
46.0,0.5,0.14285714285714285,0.2382306
46.0,0.5714285714285714,0.14285714285714285,0.22533491
46.0,0.6428571428571428,0.14285714285714285,0.19666329
46.0,0.7142857142857142,0.14285714285714285,0.16124529
46.0,0.7857142857142857,0.14285714285714285,0.12273579
46.0,0.8571428571428571,0.14285714285714285,0.08236769
46.0,0.9285714285714285,0.14285714285714285,0.04100932
46.0,1.0,0.14285714285714285,-0.0022670636
46.0,0.0,0.21428571428571427,-0.0029348535
46.0,0.07142857142857142,0.21428571428571427,0.05665447
46.0,0.14285714285714285,0.21428571428571427,0.11870315
46.0,0.21428571428571427,0.21428571428571427,0.18178147
46.0,0.2857142857142857,0.21428571428571427,0.24358843
46.0,0.3571428571428571,0.21428571428571427,0.30036905
46.0,0.42857142857142855,0.21428571428571427,0.34347343
46.0,0.5,0.21428571428571427,0.3590962
46.0,0.5714285714285714,0.21428571428571427,0.34149858
46.0,0.6428571428571428,0.21428571428571427,0.2996279
46.0,0.7142857142857142,0.21428571428571427,0.244897
46.0,0.7857142857142857,0.21428571428571427,0.18394731
46.0,0.8571428571428571,0.21428571428571427,0.12151828
46.0,0.9285714285714285,0.21428571428571427,0.059983656
46.0,1.0,0.21428571428571427,-0.0020173052
46.0,0.0,0.2857142857142857,-0.0018173428
46.0,0.07142857142857142,0.2857142857142857,0.07654589
46.0,0.14285714285714285,0.2857142857142857,0.15876505
46.0,0.21428571428571427,0.2857142857142857,0.2423624
46.0,0.2857142857142857,0.2857142857142857,0.32385123
46.0,0.3571428571428571,0.2857142857142857,0.39819103
46.0,0.42857142857142855,0.2857142857142857,0.45468137
46.0,0.5,0.2857142857142857,0.47601524
46.0,0.5714285714285714,0.2857142857142857,0.45436183
46.0,0.6428571428571428,0.2857142857142857,0.3997113
46.0,0.7142857142857142,0.2857142857142857,0.32568413
46.0,0.7857142857142857,0.2857142857142857,0.2427101
46.0,0.8571428571428571,0.2857142857142857,0.15913914
46.0,0.9285714285714285,0.2857142857142857,0.077984065
46.0,1.0,0.2857142857142857,-0.0025735134
46.0,0.0,0.3571428571428571,-0.00058798585
46.0,0.07142857142857142,0.3571428571428571,0.096553184
46.0,0.14285714285714285,0.3571428571428571,0.1977541
46.0,0.21428571428571427,0.3571428571428571,0.29955637
46.0,0.2857142857142857,0.3571428571428571,0.3979701
46.0,0.3571428571428571,0.3571428571428571,0.48758575
46.0,0.42857142857142855,0.3571428571428571,0.5561713
46.0,0.5,0.3571428571428571,0.58268934
46.0,0.5714285714285714,0.3571428571428571,0.55679476
46.0,0.6428571428571428,0.3571428571428571,0.48979446
46.0,0.7142857142857142,0.3571428571428571,0.39819223
46.0,0.7857142857142857,0.3571428571428571,0.29625124
46.0,0.8571428571428571,0.3571428571428571,0.19453515
46.0,0.9285714285714285,0.3571428571428571,0.0957552
46.0,1.0,0.3571428571428571,-0.0016746307
46.0,0.0,0.42857142857142855,-0.0023780921
46.0,0.07142857142857142,0.42857142857142855,0.11089708
46.0,0.14285714285714285,0.42857142857142855,0.22766648
46.0,0.21428571428571427,0.42857142857142855,0.34361303
46.0,0.2857142857142857,0.42857142857142855,0.45467737
46.0,0.3571428571428571,0.42857142857142855,0.5556136
46.0,0.42857142857142855,0.42857142857142855,0.6333321
46.0,0.5,0.42857142857142855,0.6635229
46.0,0.5714285714285714,0.42857142857142855,0.6334908
46.0,0.6428571428571428,0.42857142857142855,0.5568326
46.0,0.7142857142857142,0.42857142857142855,0.453248
46.0,0.7857142857142857,0.42857142857142855,0.33887205
46.0,0.8571428571428571,0.42857142857142855,0.2242332
46.0,0.9285714285714285,0.42857142857142855,0.1117872
46.0,1.0,0.42857142857142855,0.0014394289
46.0,0.0,0.5,-0.0046457434
46.0,0.07142857142857142,0.5,0.11548104
46.0,0.14285714285714285,0.5,0.23875739
46.0,0.21428571428571427,0.5,0.36048627
46.0,0.2857142857142857,0.5,0.4766054
46.0,0.3571428571428571,0.5,0.5817593
46.0,0.42857142857142855,0.5,0.6625457
46.0,0.5,0.5,0.6937031
46.0,0.5714285714285714,0.5,0.66187054
46.0,0.6428571428571428,0.5,0.582554
46.0,0.7142857142857142,0.5,0.47653148
46.0,0.7857142857142857,0.5,0.35879567
46.0,0.8571428571428571,0.5,0.23879449
46.0,0.9285714285714285,0.5,0.119894914
46.0,1.0,0.5,0.004165373
46.0,0.0,0.5714285714285714,-0.0013158852
46.0,0.07142857142857142,0.5714285714285714,0.11200605
46.0,0.14285714285714285,0.5714285714285714,0.22840525
46.0,0.21428571428571427,0.5714285714285714,0.34432945
46.0,0.2857142857142857,0.5714285714285714,0.45623678
46.0,0.3571428571428571,0.5714285714285714,0.55801964
46.0,0.42857142857142855,0.5714285714285714,0.6352925
46.0,0.5,0.5714285714285714,0.6639367
46.0,0.5714285714285714,0.5714285714285714,0.63253343
46.0,0.6428571428571428,0.5714285714285714,0.5570033
46.0,0.7142857142857142,0.5714285714285714,0.45675984
46.0,0.7857142857142857,0.5714285714285714,0.34437814
46.0,0.8571428571428571,0.5714285714285714,0.22839555
46.0,0.9285714285714285,0.5714285714285714,0.11353034
46.0,1.0,0.5714285714285714,0.003114692
46.0,0.0,0.6428571428571428,0.0009394279
46.0,0.07142857142857142,0.6428571428571428,0.09815407
46.0,0.14285714285714285,0.6428571428571428,0.19806354
46.0,0.21428571428571427,0.6428571428571428,0.29905027
46.0,0.2857142857142857,0.6428571428571428,0.39847353
46.0,0.3571428571428571,0.6428571428571428,0.48972884
46.0,0.42857142857142855,0.6428571428571428,0.5583034
46.0,0.5,0.6428571428571428,0.5832818
46.0,0.5714285714285714,0.6428571428571428,0.55587035
46.0,0.6428571428571428,0.6428571428571428,0.48948643
46.0,0.7142857142857142,0.6428571428571428,0.40081927
46.0,0.7857142857142857,0.6428571428571428,0.30098152
46.0,0.8571428571428571,0.6428571428571428,0.19800246
46.0,0.9285714285714285,0.6428571428571428,0.096968725
46.0,1.0,0.6428571428571428,0.00086066034
46.0,0.0,0.7142857142857142,0.0007260805
46.0,0.07142857142857142,0.7142857142857142,0.079013854
46.0,0.14285714285714285,0.7142857142857142,0.15899493
46.0,0.21428571428571427,0.7142857142857142,0.24048169
46.0,0.2857142857142857,0.7142857142857142,0.32176778
46.0,0.3571428571428571,0.7142857142857142,0.39685282
46.0,0.42857142857142855,0.7142857142857142,0.45304337
46.0,0.5,0.7142857142857142,0.47395906
46.0,0.5714285714285714,0.7142857142857142,0.45270136
46.0,0.6428571428571428,0.7142857142857142,0.3984714
46.0,0.7142857142857142,0.7142857142857142,0.3250319
46.0,0.7857142857142857,0.7142857142857142,0.24290697
46.0,0.8571428571428571,0.7142857142857142,0.15922698
46.0,0.9285714285714285,0.7142857142857142,0.07783475
46.0,1.0,0.7142857142857142,0.00024088379
46.0,0.0,0.7857142857142857,0.0002590483
46.0,0.07142857142857142,0.7857142857142857,0.05978024
46.0,0.14285714285714285,0.7857142857142857,0.119537555
46.0,0.21428571428571427,0.7857142857142857,0.18027796
46.0,0.2857142857142857,0.7857142857142857,0.2413102
46.0,0.3571428571428571,0.7857142857142857,0.29806313
46.0,0.42857142857142855,0.7857142857142857,0.3406445
46.0,0.5,0.7857142857142857,0.35694605
46.0,0.5714285714285714,0.7857142857142857,0.3412934
46.0,0.6428571428571428,0.7857142857142857,0.29941782
46.0,0.7142857142857142,0.7857142857142857,0.2426535
46.0,0.7857142857142857,0.7857142857142857,0.18056686
46.0,0.8571428571428571,0.7857142857142857,0.11853873
46.0,0.9285714285714285,0.7857142857142857,0.058294326
46.0,1.0,0.7857142857142857,-0.00035581458
46.0,0.0,0.8571428571428571,-0.00021215621
46.0,0.07142857142857142,0.8571428571428571,0.041222125
46.0,0.14285714285714285,0.8571428571428571,0.0811281
46.0,0.21428571428571427,0.8571428571428571,0.120941736
46.0,0.2857142857142857,0.8571428571428571,0.16102639
46.0,0.3571428571428571,0.8571428571428571,0.19861408
46.0,0.42857142857142855,0.8571428571428571,0.22699332
46.0,0.5,0.8571428571428571,0.23804444
46.0,0.5714285714285714,0.8571428571428571,0.22751242
46.0,0.6428571428571428,0.8571428571428571,0.19863212
46.0,0.7142857142857142,0.8571428571428571,0.15980823
46.0,0.7857142857142857,0.8571428571428571,0.11850741
46.0,0.8571428571428571,0.8571428571428571,0.07799936
46.0,0.9285714285714285,0.8571428571428571,0.038103357
46.0,1.0,0.8571428571428571,-0.00268351
46.0,0.0,0.9285714285714285,-0.0027291449
46.0,0.07142857142857142,0.9285714285714285,0.021068033
46.0,0.14285714285714285,0.9285714285714285,0.041519783
46.0,0.21428571428571427,0.9285714285714285,0.060631864
46.0,0.2857142857142857,0.9285714285714285,0.079776816
46.0,0.3571428571428571,0.9285714285714285,0.09814697
46.0,0.42857142857142855,0.9285714285714285,0.11238955
46.0,0.5,0.9285714285714285,0.11826541
46.0,0.5714285714285714,0.9285714285714285,0.1132242
46.0,0.6428571428571428,0.9285714285714285,0.09840253
46.0,0.7142857142857142,0.9285714285714285,0.07838848
46.0,0.7857142857142857,0.9285714285714285,0.05761338
46.0,0.8571428571428571,0.9285714285714285,0.037376635
46.0,0.9285714285714285,0.9285714285714285,0.016236063
46.0,1.0,0.9285714285714285,-0.008080051
46.0,0.0,1.0,-0.010760517
46.0,0.07142857142857142,1.0,-0.004295636
46.0,0.14285714285714285,1.0,-0.0026340093
46.0,0.21428571428571427,1.0,-0.0032257559
46.0,0.2857142857142857,1.0,-0.0037021758
46.0,0.3571428571428571,1.0,-0.0028842548
46.0,0.42857142857142855,1.0,-0.0009886445
46.0,0.5,1.0,0.0010202592
46.0,0.5714285714285714,1.0,0.002020075
46.0,0.6428571428571428,1.0,0.0013083359
46.0,0.7142857142857142,1.0,-0.00044785533
46.0,0.7857142857142857,1.0,-0.0020772899
46.0,0.8571428571428571,1.0,-0.0039542923
46.0,0.9285714285714285,1.0,-0.008238834
46.0,1.0,1.0,-0.017552245
47.0,0.0,0.0,-0.012667182
47.0,0.07142857142857142,0.0,-0.005272479
47.0,0.14285714285714285,0.0,-0.0023457808
47.0,0.21428571428571427,0.0,-0.002671335
47.0,0.2857142857142857,0.0,-0.0036585536
47.0,0.3571428571428571,0.0,-0.0025238441
47.0,0.42857142857142855,0.0,0.00051543955
47.0,0.5,0.0,0.0019719424
47.0,0.5714285714285714,0.0,0.0001353668
47.0,0.6428571428571428,0.0,-0.0024031578
47.0,0.7142857142857142,0.0,-0.0026837522
47.0,0.7857142857142857,0.0,-0.0012832368
47.0,0.8571428571428571,0.0,-0.0011773193
47.0,0.9285714285714285,0.0,-0.0047936225
47.0,1.0,0.0,-0.013488934
47.0,0.0,0.07142857142857142,-0.006001722
47.0,0.07142857142857142,0.07142857142857142,0.017866299
47.0,0.14285714285714285,0.07142857142857142,0.039458565
47.0,0.21428571428571427,0.07142857142857142,0.05918342
47.0,0.2857142857142857,0.07142857142857142,0.07805023
47.0,0.3571428571428571,0.07142857142857142,0.09665942
47.0,0.42857142857142855,0.07142857142857142,0.1119572
47.0,0.5,0.07142857142857142,0.11727568
47.0,0.5714285714285714,0.07142857142857142,0.10991313
47.0,0.6428571428571428,0.07142857142857142,0.09479386
47.0,0.7142857142857142,0.07142857142857142,0.0779027
47.0,0.7857142857142857,0.07142857142857142,0.060583323
47.0,0.8571428571428571,0.07142857142857142,0.041514747
47.0,0.9285714285714285,0.07142857142857142,0.01980628
47.0,1.0,0.07142857142857142,-0.005456523
47.0,0.0,0.14285714285714285,-0.0036387853
47.0,0.07142857142857142,0.14285714285714285,0.037669256
47.0,0.14285714285714285,0.14285714285714285,0.079218745
47.0,0.21428571428571427,0.14285714285714285,0.12054526
47.0,0.2857142857142857,0.14285714285714285,0.16093144
47.0,0.3571428571428571,0.14285714285714285,0.19860232
47.0,0.42857142857142855,0.14285714285714285,0.2275229
47.0,0.5,0.14285714285714285,0.23758784
47.0,0.5714285714285714,0.14285714285714285,0.22485459
47.0,0.6428571428571428,0.14285714285714285,0.19643305
47.0,0.7142857142857142,0.14285714285714285,0.16114852
47.0,0.7857142857142857,0.14285714285714285,0.122674964
47.0,0.8571428571428571,0.14285714285714285,0.08231895
47.0,0.9285714285714285,0.14285714285714285,0.041002482
47.0,1.0,0.14285714285714285,-0.002169297
47.0,0.0,0.21428571428571427,-0.002824233
47.0,0.07142857142857142,0.21428571428571427,0.056650974
47.0,0.14285714285714285,0.21428571428571427,0.11862638
47.0,0.21428571428571427,0.21428571428571427,0.18165466
47.0,0.2857142857142857,0.21428571428571427,0.24338098
47.0,0.3571428571428571,0.21428571428571427,0.2999543
47.0,0.42857142857142855,0.21428571428571427,0.34271127
47.0,0.5,0.21428571428571427,0.35815904
47.0,0.5714285714285714,0.21428571428571427,0.34079984
47.0,0.6428571428571428,0.21428571428571427,0.2992979
47.0,0.7142857142857142,0.21428571428571427,0.24477457
47.0,0.7857142857142857,0.21428571428571427,0.18387005
47.0,0.8571428571428571,0.21428571428571427,0.121420406
47.0,0.9285714285714285,0.21428571428571427,0.059919827
47.0,1.0,0.21428571428571427,-0.0019304017
47.0,0.0,0.2857142857142857,-0.0015907744
47.0,0.07142857142857142,0.2857142857142857,0.07660224
47.0,0.14285714285714285,0.2857142857142857,0.15870348
47.0,0.21428571428571427,0.2857142857142857,0.2422231
47.0,0.2857142857142857,0.2857142857142857,0.32360998
47.0,0.3571428571428571,0.2857142857142857,0.39769045
47.0,0.42857142857142855,0.2857142857142857,0.45372447
47.0,0.5,0.2857142857142857,0.4748034
47.0,0.5714285714285714,0.2857142857142857,0.45342624
47.0,0.6428571428571428,0.2857142857142857,0.39923388
47.0,0.7142857142857142,0.2857142857142857,0.32547867
47.0,0.7857142857142857,0.2857142857142857,0.24255167
47.0,0.8571428571428571,0.2857142857142857,0.1589336
47.0,0.9285714285714285,0.2857142857142857,0.07784144
47.0,1.0,0.2857142857142857,-0.0024762312
47.0,0.0,0.3571428571428571,-0.00029449258
47.0,0.07142857142857142,0.3571428571428571,0.09658303
47.0,0.14285714285714285,0.3571428571428571,0.1975989
47.0,0.21428571428571427,0.3571428571428571,0.29929015
47.0,0.2857142857142857,0.3571428571428571,0.39757875
47.0,0.3571428571428571,0.3571428571428571,0.48686564
47.0,0.42857142857142855,0.3571428571428571,0.5548458
47.0,0.5,0.3571428571428571,0.5809813
47.0,0.5714285714285714,0.3571428571428571,0.55538464
47.0,0.6428571428571428,0.3571428571428571,0.48895562
47.0,0.7142857142857142,0.3571428571428571,0.3977389
47.0,0.7857142857142857,0.3571428571428571,0.2958955
47.0,0.8571428571428571,0.3571428571428571,0.19416165
47.0,0.9285714285714285,0.3571428571428571,0.09552774
47.0,1.0,0.3571428571428571,-0.0015404308
47.0,0.0,0.42857142857142855,-0.002115258
47.0,0.07142857142857142,0.42857142857142855,0.11077156
47.0,0.14285714285714285,0.42857142857142855,0.2272566
47.0,0.21428571428571427,0.42857142857142855,0.34302562
47.0,0.2857142857142857,0.42857142857142855,0.45389852
47.0,0.3571428571428571,0.42857142857142855,0.5543882
47.0,0.42857142857142855,0.42857142857142855,0.63131505
47.0,0.5,0.42857142857142855,0.66098845
47.0,0.5714285714285714,0.42857142857142855,0.63132685
47.0,0.6428571428571428,0.42857142857142855,0.5554377
47.0,0.7142857142857142,0.42857142857142855,0.45242077
47.0,0.7857142857142857,0.42857142857142855,0.33825284
47.0,0.8571428571428571,0.42857142857142855,0.22368114
47.0,0.9285714285714285,0.42857142857142855,0.11148992
47.0,1.0,0.42857142857142855,0.0016184738
47.0,0.0,0.5,-0.004467332
47.0,0.07142857142857142,0.5,0.11521394
47.0,0.14285714285714285,0.5,0.23814923
47.0,0.21428571428571427,0.5,0.35964945
47.0,0.2857142857142857,0.5,0.47551596
47.0,0.3571428571428571,0.5,0.5801393
47.0,0.42857142857142855,0.5,0.66003925
47.0,0.5,0.5,0.6906349
47.0,0.5714285714285714,0.5,0.6592602
47.0,0.6428571428571428,0.5,0.5808509
47.0,0.7142857142857142,0.5,0.47550014
47.0,0.7857142857142857,0.5,0.35804245
47.0,0.8571428571428571,0.5,0.23816848
47.0,0.9285714285714285,0.5,0.1195771
47.0,1.0,0.5,0.0043736165
47.0,0.0,0.5714285714285714,-0.0012222165
47.0,0.07142857142857142,0.5714285714285714,0.11173608
47.0,0.14285714285714285,0.5714285714285714,0.22787617
47.0,0.21428571428571427,0.5714285714285714,0.3436316
47.0,0.2857142857142857,0.5714285714285714,0.45531392
47.0,0.3571428571428571,0.5714285714285714,0.5565875
47.0,0.42857142857142855,0.5714285714285714,0.6330512
47.0,0.5,0.5714285714285714,0.66123956
47.0,0.5714285714285714,0.5714285714285714,0.6303144
47.0,0.6428571428571428,0.5714285714285714,0.5556126
47.0,0.7142857142857142,0.5714285714285714,0.4559394
47.0,0.7857142857142857,0.5714285714285714,0.34378228
47.0,0.8571428571428571,0.5714285714285714,0.22789931
47.0,0.9285714285714285,0.5714285714285714,0.11329545
47.0,1.0,0.5714285714285714,0.003351069
47.0,0.0,0.6428571428571428,0.0010478487
47.0,0.07142857142857142,0.6428571428571428,0.09802609
47.0,0.14285714285714285,0.6428571428571428,0.19780508
47.0,0.21428571428571427,0.6428571428571428,0.29872122
47.0,0.2857142857142857,0.6428571428571428,0.39798287
47.0,0.3571428571428571,0.6428571428571428,0.48880872
47.0,0.42857142857142855,0.6428571428571428,0.5567468
47.0,0.5,0.6428571428571428,0.58143365
47.0,0.5714285714285714,0.6428571428571428,0.5544342
47.0,0.6428571428571428,0.6428571428571428,0.48865643
47.0,0.7142857142857142,0.6428571428571428,0.4003522
47.0,0.7857142857142857,0.6428571428571428,0.3006245
47.0,0.8571428571428571,0.6428571428571428,0.1976874
47.0,0.9285714285714285,0.6428571428571428,0.09683742
47.0,1.0,0.6428571428571428,0.0011007925
47.0,0.0,0.7142857142857142,0.00086424407
47.0,0.07142857142857142,0.7142857142857142,0.078999445
47.0,0.14285714285714285,0.7142857142857142,0.15892014
47.0,0.21428571428571427,0.7142857142857142,0.24038304
47.0,0.2857142857142857,0.7142857142857142,0.32154712
47.0,0.3571428571428571,0.7142857142857142,0.3962868
47.0,0.42857142857142855,0.7142857142857142,0.4520034
47.0,0.5,0.7142857142857142,0.47273588
47.0,0.5714285714285714,0.7142857142857142,0.4517886
47.0,0.6428571428571428,0.7142857142857142,0.39798155
47.0,0.7142857142857142,0.7142857142857142,0.32477087
47.0,0.7857142857142857,0.7142857142857142,0.24269508
47.0,0.8571428571428571,0.7142857142857142,0.15903105
47.0,0.9285714285714285,0.7142857142857142,0.07776814
47.0,1.0,0.7142857142857142,0.0004565036
47.0,0.0,0.7857142857142857,0.0003912663
47.0,0.07142857142857142,0.7857142857142857,0.059801504
47.0,0.14285714285714285,0.7857142857142857,0.11952632
47.0,0.21428571428571427,0.7857142857142857,0.1802568
47.0,0.2857142857142857,0.7857142857142857,0.2411906
47.0,0.3571428571428571,0.7857142857142857,0.29766718
47.0,0.42857142857142855,0.7857142857142857,0.33988735
47.0,0.5,0.7857142857142857,0.356048
47.0,0.5714285714285714,0.7857142857142857,0.34061038
47.0,0.6428571428571428,0.7857142857142857,0.29904985
47.0,0.7142857142857142,0.7857142857142857,0.24246727
47.0,0.7857142857142857,0.7857142857142857,0.18042569
47.0,0.8571428571428571,0.7857142857142857,0.11841447
47.0,0.9285714285714285,0.7857142857142857,0.058266155
47.0,1.0,0.7857142857142857,-0.0001689205
47.0,0.0,0.8571428571428571,-0.000119064935
47.0,0.07142857142857142,0.8571428571428571,0.041230768
47.0,0.14285714285714285,0.8571428571428571,0.0811246
47.0,0.21428571428571427,0.8571428571428571,0.1209488
47.0,0.2857142857142857,0.8571428571428571,0.16097446
47.0,0.3571428571428571,0.8571428571428571,0.19836862
47.0,0.42857142857142855,0.8571428571428571,0.22649439
47.0,0.5,0.8571428571428571,0.23743957
47.0,0.5714285714285714,0.8571428571428571,0.22704335
47.0,0.6428571428571428,0.8571428571428571,0.1983883
47.0,0.7142857142857142,0.8571428571428571,0.15970472
47.0,0.7857142857142857,0.8571428571428571,0.11843801
47.0,0.8571428571428571,0.8571428571428571,0.07793417
47.0,0.9285714285714285,0.8571428571428571,0.038097583
47.0,1.0,0.8571428571428571,-0.0025341036
47.0,0.0,0.9285714285714285,-0.002690413
47.0,0.07142857142857142,0.9285714285714285,0.021053463
47.0,0.14285714285714285,0.9285714285714285,0.0415248
47.0,0.21428571428571427,0.9285714285714285,0.060684957
47.0,0.2857142857142857,0.9285714285714285,0.07983074
47.0,0.3571428571428571,0.9285714285714285,0.09810745
47.0,0.42857142857142855,0.9285714285714285,0.112212315
47.0,0.5,0.9285714285714285,0.11802832
47.0,0.5714285714285714,0.9285714285714285,0.113064885
47.0,0.6428571428571428,0.9285714285714285,0.09837433
47.0,0.7142857142857142,0.9285714285714285,0.078434296
47.0,0.7857142857142857,0.9285714285714285,0.05765354
47.0,0.8571428571428571,0.9285714285714285,0.037384648
47.0,0.9285714285714285,0.9285714285714285,0.01625467
47.0,1.0,0.9285714285714285,-0.007966586
47.0,0.0,1.0,-0.01076148
47.0,0.07142857142857142,1.0,-0.004303979
47.0,0.14285714285714285,1.0,-0.0025748378
47.0,0.21428571428571427,1.0,-0.0030684834
47.0,0.2857142857142857,1.0,-0.003476777
47.0,0.3571428571428571,1.0,-0.0026552351
47.0,0.42857142857142855,1.0,-0.00079438183
47.0,0.5,1.0,0.0012027016
47.0,0.5714285714285714,1.0,0.002238921
47.0,0.6428571428571428,1.0,0.0015690615
47.0,0.7142857142857142,1.0,-0.00019475166
47.0,0.7857142857142857,1.0,-0.0018908242
47.0,0.8571428571428571,1.0,-0.003852279
47.0,0.9285714285714285,1.0,-0.008180578
47.0,1.0,1.0,-0.017459087
48.0,0.0,0.0,-0.012716316
48.0,0.07142857142857142,0.0,-0.005352995
48.0,0.14285714285714285,0.0,-0.002395845
48.0,0.21428571428571427,0.0,-0.0026240107
48.0,0.2857142857142857,0.0,-0.0034732064
48.0,0.3571428571428571,0.0,-0.0022370033
48.0,0.42857142857142855,0.0,0.0008170428
48.0,0.5,0.0,0.0022554556
48.0,0.5714285714285714,0.0,0.00041684788
48.0,0.6428571428571428,0.0,-0.0021484783
48.0,0.7142857142857142,0.0,-0.0025106678
48.0,0.7857142857142857,0.0,-0.0011922317
48.0,0.8571428571428571,0.0,-0.0011119219
48.0,0.9285714285714285,0.0,-0.00469453
48.0,1.0,0.0,-0.0133171985
48.0,0.0,0.07142857142857142,-0.0060498104
48.0,0.07142857142857142,0.07142857142857142,0.017765198
48.0,0.14285714285714285,0.07142857142857142,0.039354034
48.0,0.21428571428571427,0.07142857142857142,0.05911933
48.0,0.2857142857142857,0.07142857142857142,0.07803364
48.0,0.3571428571428571,0.07142857142857142,0.09662113
48.0,0.42857142857142855,0.07142857142857142,0.11180542
48.0,0.5,0.07142857142857142,0.11705314
48.0,0.5714285714285714,0.07142857142857142,0.10976141
48.0,0.6428571428571428,0.07142857142857142,0.09474777
48.0,0.7142857142857142,0.07142857142857142,0.077887654
48.0,0.7857142857142857,0.07142857142857142,0.060559087
48.0,0.8571428571428571,0.07142857142857142,0.041500308
48.0,0.9285714285714285,0.07142857142857142,0.019837618
48.0,1.0,0.07142857142857142,-0.005340428
48.0,0.0,0.14285714285714285,-0.0036329934
48.0,0.07142857142857142,0.14285714285714285,0.037597634
48.0,0.14285714285714285,0.14285714285714285,0.079110555
48.0,0.21428571428571427,0.14285714285714285,0.12042477
48.0,0.2857142857142857,0.14285714285714285,0.16077842
48.0,0.3571428571428571,0.14285714285714285,0.19831775
48.0,0.42857142857142855,0.14285714285714285,0.22700232
48.0,0.5,0.14285714285714285,0.2369492
48.0,0.5714285714285714,0.14285714285714285,0.2243737
48.0,0.6428571428571428,0.14285714285714285,0.1961982
48.0,0.7142857142857142,0.14285714285714285,0.1610479
48.0,0.7857142857142857,0.14285714285714285,0.12261195
48.0,0.8571428571428571,0.14285714285714285,0.082266055
48.0,0.9285714285714285,0.14285714285714285,0.040986545
48.0,1.0,0.14285714285714285,-0.0020835558
48.0,0.0,0.21428571428571427,-0.002716531
48.0,0.07142857142857142,0.21428571428571427,0.056646124
48.0,0.14285714285714285,0.21428571428571427,0.118549846
48.0,0.21428571428571427,0.21428571428571427,0.18152569
48.0,0.2857142857142857,0.21428571428571427,0.2431676
48.0,0.3571428571428571,0.21428571428571427,0.29953223
48.0,0.42857142857142855,0.21428571428571427,0.34194833
48.0,0.5,0.21428571428571427,0.35722813
48.0,0.5714285714285714,0.21428571428571427,0.34009856
48.0,0.6428571428571428,0.21428571428571427,0.29895774
48.0,0.7142857142857142,0.21428571428571427,0.2446434
48.0,0.7857142857142857,0.21428571428571427,0.18378831
48.0,0.8571428571428571,0.21428571428571427,0.121317886
48.0,0.9285714285714285,0.21428571428571427,0.05984637
48.0,1.0,0.21428571428571427,-0.0018570656
48.0,0.0,0.2857142857142857,-0.001367473
48.0,0.07142857142857142,0.2857142857142857,0.07665818
48.0,0.14285714285714285,0.2857142857142857,0.15864336
48.0,0.21428571428571427,0.2857142857142857,0.24208282
48.0,0.2857142857142857,0.2857142857142857,0.32336155
48.0,0.3571428571428571,0.2857142857142857,0.39717904
48.0,0.42857142857142855,0.2857142857142857,0.45276526
48.0,0.5,0.2857142857142857,0.47359642
48.0,0.5714285714285714,0.2857142857142857,0.452484
48.0,0.6428571428571428,0.2857142857142857,0.39873904
48.0,0.7142857142857142,0.2857142857142857,0.32525986
48.0,0.7857142857142857,0.2857142857142857,0.24238937
48.0,0.8571428571428571,0.2857142857142857,0.15872577
48.0,0.9285714285714285,0.2857142857142857,0.0776891
48.0,1.0,0.2857142857142857,-0.0023933062
48.0,0.0,0.3571428571428571,-8.509494e-06
48.0,0.07142857142857142,0.3571428571428571,0.09661056
48.0,0.14285714285714285,0.3571428571428571,0.19744502
48.0,0.21428571428571427,0.3571428571428571,0.2990232
48.0,0.2857142857142857,0.3571428571428571,0.3971785
48.0,0.3571428571428571,0.3571428571428571,0.48613206
48.0,0.42857142857142855,0.3571428571428571,0.5535172
48.0,0.5,0.3571428571428571,0.57928216
48.0,0.5714285714285714,0.3571428571428571,0.5539711
48.0,0.6428571428571428,0.3571428571428571,0.4881006
48.0,0.7142857142857142,0.3571428571428571,0.39727488
48.0,0.7857142857142857,0.3571428571428571,0.29554227
48.0,0.8571428571428571,0.3571428571428571,0.19379173
48.0,0.9285714285714285,0.3571428571428571,0.09529319
48.0,1.0,0.3571428571428571,-0.0014207223
48.0,0.0,0.42857142857142855,-0.0018632719
48.0,0.07142857142857142,0.42857142857142855,0.11064238
48.0,0.14285714285714285,0.42857142857142855,0.22684903
48.0,0.21428571428571427,0.42857142857142855,0.34243998
48.0,0.2857142857142857,0.42857142857142855,0.45311442
48.0,0.3571428571428571,0.42857142857142855,0.553154
48.0,0.42857142857142855,0.42857142857142855,0.62930614
48.0,0.5,0.42857142857142855,0.6584816
48.0,0.5714285714285714,0.42857142857142855,0.6291794
48.0,0.6428571428571428,0.42857142857142855,0.5540423
48.0,0.7142857142857142,0.42857142857142855,0.4515958
48.0,0.7857142857142857,0.42857142857142855,0.33764657
48.0,0.8571428571428571,0.42857142857142855,0.22314014
48.0,0.9285714285714285,0.42857142857142855,0.11118877
48.0,1.0,0.42857142857142855,0.0017849123
48.0,0.0,0.5,-0.004305401
48.0,0.07142857142857142,0.5,0.11493849
48.0,0.14285714285714285,0.5,0.23754044
48.0,0.21428571428571427,0.5,0.35881415
48.0,0.2857142857142857,0.5,0.4744231
48.0,0.3571428571428571,0.5,0.5785157
48.0,0.42857142857142855,0.5,0.65755016
48.0,0.5,0.5,0.68761
48.0,0.5714285714285714,0.5,0.6566802
48.0,0.6428571428571428,0.5,0.5791561
48.0,0.7142857142857142,0.5,0.47447434
48.0,0.7857142857142857,0.5,0.35730246
48.0,0.8571428571428571,0.5,0.23755245
48.0,0.9285714285714285,0.5,0.11925588
48.0,1.0,0.5,0.0045695147
48.0,0.0,0.5714285714285714,-0.0011508698
48.0,0.07142857142857142,0.5714285714285714,0.11144966
48.0,0.14285714285714285,0.5714285714285714,0.22733702
48.0,0.21428571428571427,0.5714285714285714,0.34292492
48.0,0.2857142857142857,0.5714285714285714,0.45437685
48.0,0.3571428571428571,0.5714285714285714,0.5551405
48.0,0.42857142857142855,0.5714285714285714,0.63081354
48.0,0.5,0.5714285714285714,0.65856737
48.0,0.5714285714285714,0.5714285714285714,0.62810796
48.0,0.6428571428571428,0.5714285714285714,0.5542151
48.0,0.7142857142857142,0.5714285714285714,0.4551108
48.0,0.7857142857142857,0.5714285714285714,0.34318626
48.0,0.8571428571428571,0.5714285714285714,0.22740483
48.0,0.9285714285714285,0.5714285714285714,0.11305482
48.0,1.0,0.5714285714285714,0.0035753166
48.0,0.0,0.6428571428571428,0.001135028
48.0,0.07142857142857142,0.6428571428571428,0.09788316
48.0,0.14285714285714285,0.6428571428571428,0.19753568
48.0,0.21428571428571427,0.6428571428571428,0.29838064
48.0,0.2857142857142857,0.6428571428571428,0.39747402
48.0,0.3571428571428571,0.6428571428571428,0.487869
48.0,0.42857142857142855,0.6428571428571428,0.55518544
48.0,0.5,0.6428571428571428,0.5795945
48.0,0.5714285714285714,0.6428571428571428,0.5529969
48.0,0.6428571428571428,0.6428571428571428,0.4878126
48.0,0.7142857142857142,0.6428571428571428,0.39987117
48.0,0.7857142857142857,0.6428571428571428,0.3002607
48.0,0.8571428571428571,0.6428571428571428,0.19736911
48.0,0.9285714285714285,0.6428571428571428,0.09669945
48.0,1.0,0.6428571428571428,0.0013302555
48.0,0.0,0.7142857142857142,0.0009879908
48.0,0.07142857142857142,0.7142857142857142,0.078975946
48.0,0.14285714285714285,0.7142857142857142,0.15884091
48.0,0.21428571428571427,0.7142857142857142,0.24027844
48.0,0.2857142857142857,0.7142857142857142,0.3213155
48.0,0.3571428571428571,0.7142857142857142,0.39570996
48.0,0.42857142857142855,0.7142857142857142,0.45096397
48.0,0.5,0.7142857142857142,0.4715233
48.0,0.5714285714285714,0.7142857142857142,0.45087942
48.0,0.6428571428571428,0.7142857142857142,0.3974858
48.0,0.7142857142857142,0.7142857142857142,0.32450217
48.0,0.7857142857142857,0.7142857142857142,0.24247886
48.0,0.8571428571428571,0.7142857142857142,0.15883254
48.0,0.9285714285714285,0.7142857142857142,0.07769586
48.0,1.0,0.7142857142857142,0.0006646579
48.0,0.0,0.7857142857142857,0.000513128
48.0,0.07142857142857142,0.7857142857142857,0.059818767
48.0,0.14285714285714285,0.7857142857142857,0.11951461
48.0,0.21428571428571427,0.7857142857142857,0.18023482
48.0,0.2857142857142857,0.7857142857142857,0.24106653
48.0,0.3571428571428571,0.7857142857142857,0.2972659
48.0,0.42857142857142855,0.7857142857142857,0.3391328
48.0,0.5,0.7857142857142857,0.35516047
48.0,0.5714285714285714,0.7857142857142857,0.3399336
48.0,0.6428571428571428,0.7857142857142857,0.2986822
48.0,0.7142857142857142,0.7857142857142857,0.24227937
48.0,0.7857142857142857,0.7857142857142857,0.18028413
48.0,0.8571428571428571,0.7857142857142857,0.11828967
48.0,0.9285714285714285,0.7857142857142857,0.058234878
48.0,1.0,0.7857142857142857,1.1994503e-05
48.0,0.0,0.8571428571428571,-3.3178367e-05
48.0,0.07142857142857142,0.8571428571428571,0.041237947
48.0,0.14285714285714285,0.8571428571428571,0.081122875
48.0,0.21428571428571427,0.8571428571428571,0.12095683
48.0,0.2857142857142857,0.8571428571428571,0.16091986
48.0,0.3571428571428571,0.8571428571428571,0.19811884
48.0,0.42857142857142855,0.8571428571428571,0.22599514
48.0,0.5,0.8571428571428571,0.2368385
48.0,0.5714285714285714,0.8571428571428571,0.22657715
48.0,0.6428571428571428,0.8571428571428571,0.1981439
48.0,0.7142857142857142,0.8571428571428571,0.15960081
48.0,0.7857142857142857,0.8571428571428571,0.118369974
48.0,0.8571428571428571,0.8571428571428571,0.07787105
48.0,0.9285714285714285,0.8571428571428571,0.0380914
48.0,1.0,0.8571428571428571,-0.002388564
48.0,0.0,0.9285714285714285,-0.0026578354
48.0,0.07142857142857142,0.9285714285714285,0.021037698
48.0,0.14285714285714285,0.9285714285714285,0.041532185
48.0,0.21428571428571427,0.9285714285714285,0.060739614
48.0,0.2857142857142857,0.9285714285714285,0.079882205
48.0,0.3571428571428571,0.9285714285714285,0.09806313
48.0,0.42857142857142855,0.9285714285714285,0.112030484
48.0,0.5,0.9285714285714285,0.117789425
48.0,0.5714285714285714,0.9285714285714285,0.112903334
48.0,0.6428571428571428,0.9285714285714285,0.09834337
48.0,0.7142857142857142,0.9285714285714285,0.07847962
48.0,0.7857142857142857,0.9285714285714285,0.05769541
48.0,0.8571428571428571,0.9285714285714285,0.037395153
48.0,0.9285714285714285,0.9285714285714285,0.016274344
48.0,1.0,0.9285714285714285,-0.0078554535
48.0,0.0,1.0,-0.010769195
48.0,0.07142857142857142,1.0,-0.004313295
48.0,0.14285714285714285,1.0,-0.0025136778
48.0,0.21428571428571427,1.0,-0.0029097265
48.0,0.2857142857142857,1.0,-0.0032532
48.0,0.3571428571428571,1.0,-0.002431267
48.0,0.42857142857142855,1.0,-0.00060622115
48.0,0.5,1.0,0.0013797944
48.0,0.5714285714285714,1.0,0.0024523651
48.0,0.6428571428571428,1.0,0.0018261364
48.0,0.7142857142857142,1.0,5.7219528e-05
48.0,0.7857142857142857,1.0,-0.0017025927
48.0,0.8571428571428571,1.0,-0.003746868
48.0,0.9285714285714285,1.0,-0.008120176
48.0,1.0,1.0,-0.01736648
49.0,0.0,0.0,-0.012778971
49.0,0.07142857142857142,0.0,-0.0054434557
49.0,0.14285714285714285,0.0,-0.002451987
49.0,0.21428571428571427,0.0,-0.0025790222
49.0,0.2857142857142857,0.0,-0.0032888884
49.0,0.3571428571428571,0.0,-0.0019522449
49.0,0.42857142857142855,0.0,0.0011153845
49.0,0.5,0.0,0.0025351942
49.0,0.5714285714285714,0.0,0.0006938232
49.0,0.6428571428571428,0.0,-0.0018987423
49.0,0.7142857142857142,0.0,-0.0023408877
49.0,0.7857142857142857,0.0,-0.0011047805
49.0,0.8571428571428571,0.0,-0.0010517472
49.0,0.9285714285714285,0.0,-0.004603193
49.0,1.0,0.0,-0.013155439
49.0,0.0,0.07142857142857142,-0.0061082486
49.0,0.07142857142857142,0.07142857142857142,0.017656498
49.0,0.14285714285714285,0.07142857142857142,0.039245095
49.0,0.21428571428571427,0.07142857142857142,0.059051678
49.0,0.2857142857142857,0.07142857142857142,0.07801259
49.0,0.3571428571428571,0.07142857142857142,0.09657871
49.0,0.42857142857142855,0.07142857142857142,0.11165143
49.0,0.5,0.07142857142857142,0.11682988
49.0,0.5714285714285714,0.07142857142857142,0.10960774
49.0,0.6428571428571428,0.07142857142857142,0.09469762
49.0,0.7142857142857142,0.07142857142857142,0.077869825
49.0,0.7857142857142857,0.07142857142857142,0.060532324
49.0,0.8571428571428571,0.07142857142857142,0.04148163
49.0,0.9285714285714285,0.07142857142857142,0.01986096
49.0,1.0,0.07142857142857142,-0.005235628
49.0,0.0,0.14285714285714285,-0.003633068
49.0,0.07142857142857142,0.14285714285714285,0.03752233
49.0,0.14285714285714285,0.14285714285714285,0.0789997
49.0,0.21428571428571427,0.14285714285714285,0.12030087
49.0,0.2857142857142857,0.14285714285714285,0.1606198
49.0,0.3571428571428571,0.14285714285714285,0.19802731
49.0,0.42857142857142855,0.14285714285714285,0.22648123
49.0,0.5,0.14285714285714285,0.23631366
49.0,0.5714285714285714,0.14285714285714285,0.22389224
49.0,0.6428571428571428,0.14285714285714285,0.1959584
49.0,0.7142857142857142,0.14285714285714285,0.1609432
49.0,0.7857142857142857,0.14285714285714285,0.122545935
49.0,0.8571428571428571,0.14285714285714285,0.08220841
49.0,0.9285714285714285,0.14285714285714285,0.04096234
49.0,1.0,0.14285714285714285,-0.0020095045
49.0,0.0,0.21428571428571427,-0.0026115077
49.0,0.07142857142857142,0.21428571428571427,0.056641214
49.0,0.14285714285714285,0.21428571428571427,0.118472956
49.0,0.21428571428571427,0.21428571428571427,0.18139401
49.0,0.2857142857142857,0.21428571428571427,0.24294792
49.0,0.3571428571428571,0.21428571428571427,0.29910263
49.0,0.42857142857142855,0.21428571428571427,0.34118563
49.0,0.5,0.21428571428571427,0.35630178
49.0,0.5714285714285714,0.21428571428571427,0.33939433
49.0,0.6428571428571428,0.21428571428571427,0.29860687
49.0,0.7142857142857142,0.21428571428571427,0.24450375
49.0,0.7857142857142857,0.21428571428571427,0.18370248
49.0,0.8571428571428571,0.21428571428571427,0.1212114
49.0,0.9285714285714285,0.21428571428571427,0.05976338
49.0,1.0,0.21428571428571427,-0.001797148
49.0,0.0,0.2857142857142857,-0.0011473233
49.0,0.07142857142857142,0.2857142857142857,0.076713406
49.0,0.14285714285714285,0.2857142857142857,0.15858375
49.0,0.21428571428571427,0.2857142857142857,0.2419401
49.0,0.2857142857142857,0.2857142857142857,0.3231047
49.0,0.3571428571428571,0.2857142857142857,0.39665645
49.0,0.42857142857142855,0.2857142857142857,0.4518029
49.0,0.5,0.2857142857142857,0.47239318
49.0,0.5714285714285714,0.2857142857142857,0.4515347
49.0,0.6428571428571428,0.2857142857142857,0.39822662
49.0,0.7142857142857142,0.2857142857142857,0.32502696
49.0,0.7857142857142857,0.2857142857142857,0.24222313
49.0,0.8571428571428571,0.2857142857142857,0.15851623
49.0,0.9285714285714285,0.2857142857142857,0.07752827
49.0,1.0,0.2857142857142857,-0.0023246938
49.0,0.0,0.3571428571428571,0.00027042162
49.0,0.07142857142857142,0.3571428571428571,0.09663533
49.0,0.14285714285714285,0.3571428571428571,0.19729084
49.0,0.21428571428571427,0.3571428571428571,0.29875377
49.0,0.2857142857142857,0.3571428571428571,0.39676845
49.0,0.3571428571428571,0.3571428571428571,0.48538342
49.0,0.42857142857142855,0.3571428571428571,0.5521846
49.0,0.5,0.3571428571428571,0.57758945
49.0,0.5714285714285714,0.3571428571428571,0.55255216
49.0,0.6428571428571428,0.3571428571428571,0.48722917
49.0,0.7142857142857142,0.3571428571428571,0.39679962
49.0,0.7857142857142857,0.3571428571428571,0.29519075
49.0,0.8571428571428571,0.3571428571428571,0.19342689
49.0,0.9285714285714285,0.3571428571428571,0.095052965
49.0,1.0,0.3571428571428571,-0.0013137022
49.0,0.0,0.42857142857142855,-0.0016231099
49.0,0.07142857142857142,0.42857142857142855,0.11050837
49.0,0.14285714285714285,0.42857142857142855,0.22644268
49.0,0.21428571428571427,0.42857142857142855,0.34185487
49.0,0.2857142857142857,0.42857142857142855,0.45232305
49.0,0.3571428571428571,0.42857142857142855,0.55190927
49.0,0.42857142857142855,0.42857142857142855,0.6273027
49.0,0.5,0.42857142857142855,0.656
49.0,0.5714285714285714,0.42857142857142855,0.6270463
49.0,0.6428571428571428,0.42857142857142855,0.55264527
49.0,0.7142857142857142,0.42857142857142855,0.45077187
49.0,0.7857142857142857,0.42857142857142855,0.33705205
49.0,0.8571428571428571,0.42857142857142855,0.22260998
49.0,0.9285714285714285,0.42857142857142855,0.11088509
49.0,1.0,0.42857142857142855,0.0019391244
49.0,0.0,0.5,-0.004160435
49.0,0.07142857142857142,0.5,0.11465343
49.0,0.14285714285714285,0.5,0.23693053
49.0,0.21428571428571427,0.5,0.35797903
49.0,0.2857142857142857,0.5,0.47332522
49.0,0.3571428571428571,0.5,0.5768866
49.0,0.42857142857142855,0.5,0.65507776
49.0,0.5,0.5,0.68462425
49.0,0.5714285714285714,0.5,0.654128
49.0,0.6428571428571428,0.5,0.57746834
49.0,0.7142857142857142,0.5,0.47345197
49.0,0.7857142857142857,0.5,0.3565736
49.0,0.8571428571428571,0.5,0.23694716
49.0,0.9285714285714285,0.5,0.118932344
49.0,1.0,0.5,0.0047534322
49.0,0.0,0.5714285714285714,-0.0011022771
49.0,0.07142857142857142,0.5714285714285714,0.111147
49.0,0.14285714285714285,0.5714285714285714,0.22678794
49.0,0.21428571428571427,0.5714285714285714,0.34220877
49.0,0.2857142857142857,0.5714285714285714,0.45342505
49.0,0.3571428571428571,0.5714285714285714,0.5536781
49.0,0.42857142857142855,0.5714285714285714,0.6285791
49.0,0.5,0.5714285714285714,0.6559183
49.0,0.5714285714285714,0.5714285714285714,0.6259133
49.0,0.6428571428571428,0.5714285714285714,0.55281097
49.0,0.7142857142857142,0.5714285714285714,0.4542733
49.0,0.7857142857142857,0.5714285714285714,0.34258923
49.0,0.8571428571428571,0.5714285714285714,0.22691202
49.0,0.9285714285714285,0.5714285714285714,0.112808354
49.0,1.0,0.5714285714285714,0.0037877401
49.0,0.0,0.6428571428571428,0.0012010848
49.0,0.07142857142857142,0.6428571428571428,0.0977246
49.0,0.14285714285714285,0.6428571428571428,0.1972555
49.0,0.21428571428571427,0.6428571428571428,0.2980278
49.0,0.2857142857142857,0.6428571428571428,0.39694738
49.0,0.3571428571428571,0.6428571428571428,0.48691094
49.0,0.42857142857142855,0.6428571428571428,0.5536191
49.0,0.5,0.6428571428571428,0.5777637
49.0,0.5714285714285714,0.6428571428571428,0.5515585
49.0,0.6428571428571428,0.6428571428571428,0.4869549
49.0,0.7142857142857142,0.6428571428571428,0.39937654
49.0,0.7857142857142857,0.6428571428571428,0.29988998
49.0,0.8571428571428571,0.6428571428571428,0.19704781
49.0,0.9285714285714285,0.6428571428571428,0.09655407
49.0,1.0,0.6428571428571428,0.0015497496
49.0,0.0,0.7142857142857142,0.001096285
49.0,0.07142857142857142,0.7142857142857142,0.078943394
49.0,0.14285714285714285,0.7142857142857142,0.158756
49.0,0.21428571428571427,0.7142857142857142,0.24016763
49.0,0.2857142857142857,0.7142857142857142,0.32107309
49.0,0.3571428571428571,0.7142857142857142,0.39512205
49.0,0.42857142857142855,0.7142857142857142,0.44992507
49.0,0.5,0.7142857142857142,0.47032097
49.0,0.5714285714285714,0.7142857142857142,0.44997373
49.0,0.6428571428571428,0.7142857142857142,0.39698353
49.0,0.7142857142857142,0.7142857142857142,0.3242265
49.0,0.7857142857142857,0.7142857142857142,0.24225952
49.0,0.8571428571428571,0.7142857142857142,0.15863177
49.0,0.9285714285714285,0.7142857142857142,0.07761884
49.0,1.0,0.7142857142857142,0.0008644825
49.0,0.0,0.7857142857142857,0.0006249985
49.0,0.07142857142857142,0.7857142857142857,0.059831582
49.0,0.14285714285714285,0.7857142857142857,0.11950236
49.0,0.21428571428571427,0.7857142857142857,0.18021168
49.0,0.2857142857142857,0.7857142857142857,0.24093737
49.0,0.3571428571428571,0.7857142857142857,0.2968596
49.0,0.42857142857142855,0.7857142857142857,0.33838135
49.0,0.5,0.7857142857142857,0.35428277
49.0,0.5714285714285714,0.7857142857142857,0.33926335
49.0,0.6428571428571428,0.7857142857142857,0.29831406
49.0,0.7142857142857142,0.7857142857142857,0.24208982
49.0,0.7857142857142857,0.7857142857142857,0.18014278
49.0,0.8571428571428571,0.7857142857142857,0.11816544
49.0,0.9285714285714285,0.7857142857142857,0.05820076
49.0,1.0,0.7857142857142857,0.00018699374
49.0,0.0,0.8571428571428571,4.46802e-05
49.0,0.07142857142857142,0.8571428571428571,0.041243322
49.0,0.14285714285714285,0.8571428571428571,0.08112307
49.0,0.21428571428571427,0.8571428571428571,0.12096628
49.0,0.2857142857142857,0.8571428571428571,0.16086267
49.0,0.3571428571428571,0.8571428571428571,0.1978648
49.0,0.42857142857142855,0.8571428571428571,0.22549556
49.0,0.5,0.8571428571428571,0.2362414
49.0,0.5714285714285714,0.8571428571428571,0.22611344
49.0,0.6428571428571428,0.8571428571428571,0.1978993
49.0,0.7142857142857142,0.8571428571428571,0.15949702
49.0,0.7857142857142857,0.8571428571428571,0.11830353
49.0,0.8571428571428571,0.8571428571428571,0.07780961
49.0,0.9285714285714285,0.8571428571428571,0.03808426
49.0,1.0,0.8571428571428571,-0.0022471333
49.0,0.0,0.9285714285714285,-0.002632388
49.0,0.07142857142857142,0.9285714285714285,0.021020778
49.0,0.14285714285714285,0.9285714285714285,0.04154157
49.0,0.21428571428571427,0.9285714285714285,0.060795553
49.0,0.2857142857142857,0.9285714285714285,0.07993174
49.0,0.3571428571428571,0.9285714285714285,0.09801388
49.0,0.42857142857142855,0.9285714285714285,0.11184447
49.0,0.5,0.9285714285714285,0.11754807
49.0,0.5714285714285714,0.9285714285714285,0.11273956
49.0,0.6428571428571428,0.9285714285714285,0.09831045
49.0,0.7142857142857142,0.9285714285714285,0.07852413
49.0,0.7857142857142857,0.9285714285714285,0.057738796
49.0,0.8571428571428571,0.9285714285714285,0.03740821
49.0,0.9285714285714285,0.9285714285714285,0.016294848
49.0,1.0,0.9285714285714285,-0.00774631
49.0,0.0,1.0,-0.01078328
49.0,0.07142857142857142,1.0,-0.0043240716
49.0,0.14285714285714285,1.0,-0.00245127
49.0,0.21428571428571427,1.0,-0.0027507963
49.0,0.2857142857142857,1.0,-0.0030320669
49.0,0.3571428571428571,1.0,-0.0022118585
49.0,0.42857142857142855,1.0,-0.00042399857
49.0,0.5,1.0,0.0015507778
49.0,0.5714285714285714,1.0,0.0026606983
49.0,0.6428571428571428,1.0,0.0020790389
49.0,0.7142857142857142,1.0,0.00030801352
49.0,0.7857142857142857,1.0,-0.0015129158
49.0,0.8571428571428571,1.0,-0.003638276
49.0,0.9285714285714285,1.0,-0.008057793
49.0,1.0,1.0,-0.017274491
50.0,0.0,0.0,-0.0128549095
50.0,0.07142857142857142,0.0,-0.005543985
50.0,0.14285714285714285,0.0,-0.0025144238
50.0,0.21428571428571427,0.0,-0.002536647
50.0,0.2857142857142857,0.0,-0.0031064795
50.0,0.3571428571428571,0.0,-0.001669988
50.0,0.42857142857142855,0.0,0.0014119176
50.0,0.5,0.0,0.0028119637
50.0,0.5714285714285714,0.0,0.0009656148
50.0,0.6428571428571428,0.0,-0.0016543502
50.0,0.7142857142857142,0.0,-0.0021754773
50.0,0.7857142857142857,0.0,-0.0010201978
50.0,0.8571428571428571,0.0,-0.0009971792
50.0,0.9285714285714285,0.0,-0.004519866
50.0,1.0,0.0,-0.013003991
50.0,0.0,0.07142857142857142,-0.006176727
50.0,0.07142857142857142,0.07142857142857142,0.017540123
50.0,0.14285714285714285,0.07142857142857142,0.0391305
50.0,0.21428571428571427,0.07142857142857142,0.05897951
50.0,0.2857142857142857,0.07142857142857142,0.07798728
50.0,0.3571428571428571,0.07142857142857142,0.09653173
50.0,0.42857142857142855,0.07142857142857142,0.11149569
50.0,0.5,0.07142857142857142,0.11660723
50.0,0.5714285714285714,0.07142857142857142,0.109451376
50.0,0.6428571428571428,0.07142857142857142,0.09464409
50.0,0.7142857142857142,0.07142857142857142,0.07784969
50.0,0.7857142857142857,0.07142857142857142,0.060503297
50.0,0.8571428571428571,0.07142857142857142,0.04145845
50.0,0.9285714285714285,0.07142857142857142,0.019876398
50.0,1.0,0.07142857142857142,-0.005141326
50.0,0.0,0.14285714285714285,-0.0036387993
50.0,0.07142857142857142,0.14285714285714285,0.037442908
50.0,0.14285714285714285,0.14285714285714285,0.07888626
50.0,0.21428571428571427,0.14285714285714285,0.12017346
50.0,0.2857142857142857,0.14285714285714285,0.16045572
50.0,0.3571428571428571,0.14285714285714285,0.19773139
50.0,0.42857142857142855,0.14285714285714285,0.2259597
50.0,0.5,0.14285714285714285,0.23568197
50.0,0.5714285714285714,0.14285714285714285,0.2234098
50.0,0.6428571428571428,0.14285714285714285,0.19571383
50.0,0.7142857142857142,0.14285714285714285,0.16083474
50.0,0.7857142857142857,0.14285714285714285,0.12247739
50.0,0.8571428571428571,0.14285714285714285,0.082146734
50.0,0.9285714285714285,0.14285714285714285,0.040929094
50.0,1.0,0.14285714285714285,-0.0019481042
50.0,0.0,0.21428571428571427,-0.0025089448
50.0,0.07142857142857142,0.21428571428571427,0.056635246
50.0,0.14285714285714285,0.21428571428571427,0.11839583
50.0,0.21428571428571427,0.21428571428571427,0.18125992
50.0,0.2857142857142857,0.21428571428571427,0.24272121
50.0,0.3571428571428571,0.21428571428571427,0.2986647
50.0,0.42857142857142855,0.21428571428571427,0.3404209
50.0,0.5,0.21428571428571427,0.35537928
50.0,0.5714285714285714,0.21428571428571427,0.33868694
50.0,0.6428571428571428,0.21428571428571427,0.29824498
50.0,0.7142857142857142,0.21428571428571427,0.24435468
50.0,0.7857142857142857,0.21428571428571427,0.18361206
50.0,0.8571428571428571,0.21428571428571427,0.12110073
50.0,0.9285714285714285,0.21428571428571427,0.059671685
50.0,1.0,0.21428571428571427,-0.0017509619
50.0,0.0,0.2857142857142857,-0.0009306567
50.0,0.07142857142857142,0.2857142857142857,0.07676793
50.0,0.14285714285714285,0.2857142857142857,0.15852407
50.0,0.21428571428571427,0.2857142857142857,0.24179448
50.0,0.2857142857142857,0.2857142857142857,0.32283857
50.0,0.3571428571428571,0.2857142857142857,0.39612168
50.0,0.42857142857142855,0.2857142857142857,0.45083576
50.0,0.5,0.2857142857142857,0.47119233
50.0,0.5714285714285714,0.2857142857142857,0.45057717
50.0,0.6428571428571428,0.2857142857142857,0.39769575
50.0,0.7142857142857142,0.2857142857142857,0.32478046
50.0,0.7857142857142857,0.2857142857142857,0.24205257
50.0,0.8571428571428571,0.2857142857142857,0.1583059
50.0,0.9285714285714285,0.2857142857142857,0.07735982
50.0,1.0,0.2857142857142857,-0.002269798
50.0,0.0,0.3571428571428571,0.00054169726
50.0,0.07142857142857142,0.3571428571428571,0.09665714
50.0,0.14285714285714285,0.3571428571428571,0.19713636
50.0,0.21428571428571427,0.3571428571428571,0.2984809
50.0,0.2857142857142857,0.3571428571428571,0.39634666
50.0,0.3571428571428571,0.3571428571428571,0.48461834
50.0,0.42857142857142855,0.3571428571428571,0.55084527
50.0,0.5,0.3571428571428571,0.5759013
50.0,0.5714285714285714,0.3571428571428571,0.5511279
50.0,0.6428571428571428,0.3571428571428571,0.48634067
50.0,0.7142857142857142,0.3571428571428571,0.39631367
50.0,0.7857142857142857,0.3571428571428571,0.29484197
50.0,0.8571428571428571,0.3571428571428571,0.19306694
50.0,0.9285714285714285,0.3571428571428571,0.09480791
50.0,1.0,0.3571428571428571,-0.0012195045
50.0,0.0,0.42857142857142855,-0.0013949731
50.0,0.07142857142857142,0.42857142857142855,0.11036939
50.0,0.14285714285714285,0.42857142857142855,0.22603622
50.0,0.21428571428571427,0.42857142857142855,0.34126768
50.0,0.2857142857142857,0.42857142857142855,0.4515216
50.0,0.3571428571428571,0.42857142857142855,0.55065197
50.0,0.42857142857142855,0.42857142857142855,0.62530255
50.0,0.5,0.42857142857142855,0.6535404
50.0,0.5714285714285714,0.42857142857142855,0.62492555
50.0,0.6428571428571428,0.42857142857142855,0.55124605
50.0,0.7142857142857142,0.42857142857142855,0.44994804
50.0,0.7857142857142857,0.42857142857142855,0.33646864
50.0,0.8571428571428571,0.42857142857142855,0.22209091
50.0,0.9285714285714285,0.42857142857142855,0.11057937
50.0,1.0,0.42857142857142855,0.0020813113
50.0,0.0,0.5,-0.004033313
50.0,0.07142857142857142,0.5,0.114358686
50.0,0.14285714285714285,0.5,0.23631768
50.0,0.21428571428571427,0.5,0.3571413
50.0,0.2857142857142857,0.5,0.47222036
50.0,0.3571428571428571,0.5,0.5752507
50.0,0.42857142857142855,0.5,0.6526176
50.0,0.5,0.5,0.6816749
50.0,0.5714285714285714,0.5,0.6516019
50.0,0.6428571428571428,0.5,0.5757854
50.0,0.7142857142857142,0.5,0.4724323
50.0,0.7857142857142857,0.5,0.35585517
50.0,0.8571428571428571,0.5,0.2363518
50.0,0.9285714285714285,0.5,0.11860647
50.0,1.0,0.5,0.0049256524
50.0,0.0,0.5714285714285714,-0.0010767886
50.0,0.07142857142857142,0.5714285714285714,0.11082837
50.0,0.14285714285714285,0.5714285714285714,0.22622855
50.0,0.21428571428571427,0.5714285714285714,0.3414823
50.0,0.2857142857142857,0.5714285714285714,0.4524577
50.0,0.3571428571428571,0.5714285714285714,0.55219984
50.0,0.42857142857142855,0.5714285714285714,0.62634647
50.0,0.5,0.5714285714285714,0.65329105
50.0,0.5714285714285714,0.5714285714285714,0.623729
50.0,0.6428571428571428,0.5714285714285714,0.5513993
50.0,0.7142857142857142,0.5714285714285714,0.4534258
50.0,0.7857142857142857,0.5714285714285714,0.34199092
50.0,0.8571428571428571,0.5714285714285714,0.22642092
50.0,0.9285714285714285,0.5714285714285714,0.11255672
50.0,1.0,0.5714285714285714,0.003988429
50.0,0.0,0.6428571428571428,0.0012457883
50.0,0.07142857142857142,0.6428571428571428,0.09755045
50.0,0.14285714285714285,0.6428571428571428,0.19696407
50.0,0.21428571428571427,0.6428571428571428,0.2976625
50.0,0.2857142857142857,0.6428571428571428,0.39640233
50.0,0.3571428571428571,0.6428571428571428,0.48593333
50.0,0.42857142857142855,0.6428571428571428,0.5520473
50.0,0.5,0.6428571428571428,0.57593995
50.0,0.5714285714285714,0.6428571428571428,0.5501186
50.0,0.6428571428571428,0.6428571428571428,0.48608384
50.0,0.7142857142857142,0.6428571428571428,0.39886823
50.0,0.7857142857142857,0.6428571428571428,0.2995133
50.0,0.8571428571428571,0.6428571428571428,0.19672383
50.0,0.9285714285714285,0.6428571428571428,0.0964035
50.0,1.0,0.6428571428571428,0.0017586416
50.0,0.0,0.7142857142857142,0.0011892086
50.0,0.07142857142857142,0.7142857142857142,0.07890129
50.0,0.14285714285714285,0.7142857142857142,0.15866564
50.0,0.21428571428571427,0.7142857142857142,0.24004985
50.0,0.2857142857142857,0.7142857142857142,0.32082024
50.0,0.3571428571428571,0.7142857142857142,0.39452404
50.0,0.42857142857142855,0.7142857142857142,0.44888762
50.0,0.5,0.7142857142857142,0.4691285
50.0,0.5714285714285714,0.7142857142857142,0.44907078
50.0,0.6428571428571428,0.7142857142857142,0.39647526
50.0,0.7142857142857142,0.7142857142857142,0.32394382
50.0,0.7857142857142857,0.7142857142857142,0.24203648
50.0,0.8571428571428571,0.7142857142857142,0.15842941
50.0,0.9285714285714285,0.7142857142857142,0.077536695
50.0,1.0,0.7142857142857142,0.0010557091
50.0,0.0,0.7857142857142857,0.0007261997
50.0,0.07142857142857142,0.7857142857142857,0.0598403
50.0,0.14285714285714285,0.7857142857142857,0.11948969
50.0,0.21428571428571427,0.7857142857142857,0.180187
50.0,0.2857142857142857,0.7857142857142857,0.24080332
50.0,0.3571428571428571,0.7857142857142857,0.29644865
50.0,0.42857142857142855,0.7857142857142857,0.3376332
50.0,0.5,0.7857142857142857,0.35341492
50.0,0.5714285714285714,0.7857142857142857,0.338599
50.0,0.6428571428571428,0.7857142857142857,0.29794577
50.0,0.7142857142857142,0.7857142857142857,0.2418993
50.0,0.7857142857142857,0.7857142857142857,0.1800019
50.0,0.8571428571428571,0.7857142857142857,0.11804136
50.0,0.9285714285714285,0.7857142857142857,0.05816423
50.0,1.0,0.7857142857142857,0.00035571586
50.0,0.0,0.8571428571428571,0.00011480134
50.0,0.07142857142857142,0.8571428571428571,0.0412465
50.0,0.14285714285714285,0.8571428571428571,0.08112464
50.0,0.21428571428571427,0.8571428571428571,0.12097638
50.0,0.2857142857142857,0.8571428571428571,0.16080302
50.0,0.3571428571428571,0.8571428571428571,0.19760713
50.0,0.42857142857142855,0.8571428571428571,0.22499636
50.0,0.5,0.8571428571428571,0.23564874
50.0,0.5714285714285714,0.8571428571428571,0.22565268
50.0,0.6428571428571428,0.8571428571428571,0.19765508
50.0,0.7142857142857142,0.8571428571428571,0.15939328
50.0,0.7857142857142857,0.8571428571428571,0.11823911
50.0,0.8571428571428571,0.8571428571428571,0.0777496
50.0,0.9285714285714285,0.8571428571428571,0.038076203
50.0,1.0,0.8571428571428571,-0.002109916
50.0,0.0,0.9285714285714285,-0.0026135864
50.0,0.07142857142857142,0.9285714285714285,0.021002471
50.0,0.14285714285714285,0.9285714285714285,0.04155264
50.0,0.21428571428571427,0.9285714285714285,0.060852148
50.0,0.2857142857142857,0.9285714285714285,0.079978995
50.0,0.3571428571428571,0.9285714285714285,0.09796005
50.0,0.42857142857142855,0.9285714285714285,0.111654885
50.0,0.5,0.9285714285714285,0.11730509
50.0,0.5714285714285714,0.9285714285714285,0.11257386
50.0,0.6428571428571428,0.9285714285714285,0.09827546
50.0,0.7142857142857142,0.9285714285714285,0.07856849
50.0,0.7857142857142857,0.9285714285714285,0.05778434
50.0,0.8571428571428571,0.9285714285714285,0.03742381
50.0,0.9285714285714285,0.9285714285714285,0.016316134
50.0,1.0,0.9285714285714285,-0.007639692
50.0,0.0,1.0,-0.010804093
50.0,0.07142857142857142,1.0,-0.0043359767
50.0,0.14285714285714285,1.0,-0.0023876699
50.0,0.21428571428571427,1.0,-0.0025908789
50.0,0.2857142857142857,1.0,-0.0028130347
50.0,0.3571428571428571,1.0,-0.0019976618
50.0,0.42857142857142855,1.0,-0.00024766568
50.0,0.5,1.0,0.0017168438
50.0,0.5714285714285714,1.0,0.00286433
50.0,0.6428571428571428,1.0,0.0023281416
50.0,0.7142857142857142,1.0,0.0005573323
50.0,0.7857142857142857,1.0,-0.0013212571
50.0,0.8571428571428571,1.0,-0.0035269754
50.0,0.9285714285714285,1.0,-0.007993584
50.0,1.0,1.0,-0.017183408
51.0,0.0,0.0,-0.01294546
51.0,0.07142857142857142,0.0,-0.0056551322
51.0,0.14285714285714285,0.0,-0.002582971
51.0,0.21428571428571427,0.0,-0.0024977056
51.0,0.2857142857142857,0.0,-0.0029262835
51.0,0.3571428571428571,0.0,-0.001390202
51.0,0.42857142857142855,0.0,0.001705166
51.0,0.5,0.0,0.003084857
51.0,0.5714285714285714,0.0,0.0012325253
51.0,0.6428571428571428,0.0,-0.0014148885
51.0,0.7142857142857142,0.0,-0.0020131143
51.0,0.7857142857142857,0.0,-0.00093906093
51.0,0.8571428571428571,0.0,-0.0009478936
51.0,0.9285714285714285,0.0,-0.004445345
51.0,1.0,0.0,-0.012863473
51.0,0.0,0.07142857142857142,-0.0062556434
51.0,0.07142857142857142,0.07142857142857142,0.017416302
51.0,0.14285714285714285,0.07142857142857142,0.03901057
51.0,0.21428571428571427,0.07142857142857142,0.0589033
51.0,0.2857142857142857,0.07142857142857142,0.07795746
51.0,0.3571428571428571,0.07142857142857142,0.09648001
51.0,0.42857142857142855,0.07142857142857142,0.11133786
51.0,0.5,0.07142857142857142,0.11638417
51.0,0.5714285714285714,0.07142857142857142,0.10929346
51.0,0.6428571428571428,0.07142857142857142,0.094586864
51.0,0.7142857142857142,0.07142857142857142,0.07782695
51.0,0.7857142857142857,0.07142857142857142,0.06047266
51.0,0.8571428571428571,0.07142857142857142,0.041430786
51.0,0.9285714285714285,0.07142857142857142,0.01988402
51.0,1.0,0.07142857142857142,-0.005058513
51.0,0.0,0.14285714285714285,-0.0036502713
51.0,0.07142857142857142,0.14285714285714285,0.03735973
51.0,0.14285714285714285,0.14285714285714285,0.078769766
51.0,0.21428571428571427,0.14285714285714285,0.120042644
51.0,0.2857142857142857,0.14285714285714285,0.1602859
51.0,0.3571428571428571,0.14285714285714285,0.19742943
51.0,0.42857142857142855,0.14285714285714285,0.22543754
51.0,0.5,0.14285714285714285,0.23505332
51.0,0.5714285714285714,0.14285714285714285,0.22292683
51.0,0.6428571428571428,0.14285714285714285,0.19546404
51.0,0.7142857142857142,0.14285714285714285,0.16072233
51.0,0.7857142857142857,0.14285714285714285,0.12240634
51.0,0.8571428571428571,0.14285714285714285,0.082081206
51.0,0.9285714285714285,0.14285714285714285,0.040887922
51.0,1.0,0.14285714285714285,-0.0018995116
51.0,0.0,0.21428571428571427,-0.0024100272
51.0,0.07142857142857142,0.21428571428571427,0.056627706
51.0,0.14285714285714285,0.21428571428571427,0.118317656
51.0,0.21428571428571427,0.21428571428571427,0.18112238
51.0,0.2857142857142857,0.21428571428571427,0.24248756
51.0,0.3571428571428571,0.21428571428571427,0.29821888
51.0,0.42857142857142855,0.21428571428571427,0.3396547
51.0,0.5,0.21428571428571427,0.3544601
51.0,0.5714285714285714,0.21428571428571427,0.3379756
51.0,0.6428571428571428,0.21428571428571427,0.2978723
51.0,0.7142857142857142,0.21428571428571427,0.24419652
51.0,0.7857142857142857,0.21428571428571427,0.1835174
51.0,0.8571428571428571,0.21428571428571427,0.120986946
51.0,0.9285714285714285,0.21428571428571427,0.05957125
51.0,1.0,0.21428571428571427,-0.0017187754
51.0,0.0,0.2857142857142857,-0.00071815494
51.0,0.07142857142857142,0.2857142857142857,0.076821096
51.0,0.14285714285714285,0.2857142857142857,0.15846388
51.0,0.21428571428571427,0.2857142857142857,0.24164541
51.0,0.2857142857142857,0.2857142857142857,0.32256287
51.0,0.3571428571428571,0.2857142857142857,0.3955738
51.0,0.42857142857142855,0.2857142857142857,0.44986328
51.0,0.5,0.2857142857142857,0.46999198
51.0,0.5714285714285714,0.2857142857142857,0.44961098
51.0,0.6428571428571428,0.2857142857142857,0.39714706
51.0,0.7142857142857142,0.2857142857142857,0.32451954
51.0,0.7857142857142857,0.2857142857142857,0.24187799
51.0,0.8571428571428571,0.2857142857142857,0.15809557
51.0,0.9285714285714285,0.2857142857142857,0.077184334
51.0,1.0,0.2857142857142857,-0.002228425
51.0,0.0,0.3571428571428571,0.000804699
51.0,0.07142857142857142,0.3571428571428571,0.09667539
51.0,0.14285714285714285,0.3571428571428571,0.19698022
51.0,0.21428571428571427,0.3571428571428571,0.29820248
51.0,0.2857142857142857,0.3571428571428571,0.3959112
51.0,0.3571428571428571,0.3571428571428571,0.48383555
51.0,0.42857142857142855,0.3571428571428571,0.5494984
51.0,0.5,0.3571428571428571,0.57421607
51.0,0.5714285714285714,0.3571428571428571,0.5496969
51.0,0.6428571428571428,0.3571428571428571,0.48543513
51.0,0.7142857142857142,0.3571428571428571,0.39581585
51.0,0.7857142857142857,0.3571428571428571,0.29449454
51.0,0.8571428571428571,0.3571428571428571,0.19271326
51.0,0.9285714285714285,0.3571428571428571,0.09455993
51.0,1.0,0.3571428571428571,-0.0011378834
51.0,0.0,0.42857142857142855,-0.0011795098
51.0,0.07142857142857142,0.42857142857142855,0.110224776
51.0,0.14285714285714285,0.42857142857142855,0.22562797
51.0,0.21428571428571427,0.42857142857142855,0.34067652
51.0,0.2857142857142857,0.42857142857142855,0.45070878
51.0,0.3571428571428571,0.42857142857142855,0.5493795
51.0,0.42857142857142855,0.42857142857142855,0.6233038
51.0,0.5,0.42857142857142855,0.65110004
51.0,0.5714285714285714,0.42857142857142855,0.62281513
51.0,0.6428571428571428,0.42857142857142855,0.5498435
51.0,0.7142857142857142,0.42857142857142855,0.44912207
51.0,0.7857142857142857,0.42857142857142855,0.33589485
51.0,0.8571428571428571,0.42857142857142855,0.2215841
51.0,0.9285714285714285,0.42857142857142855,0.11027298
51.0,1.0,0.42857142857142855,0.0022117188
51.0,0.0,0.5,-0.003923596
51.0,0.07142857142857142,0.5,0.114054315
51.0,0.14285714285714285,0.5,0.2357017
51.0,0.21428571428571427,0.5,0.35630026
51.0,0.2857142857142857,0.5,0.47110587
51.0,0.3571428571428571,0.5,0.57360536
51.0,0.42857142857142855,0.5,0.6501689
51.0,0.5,0.5,0.67875934
51.0,0.5714285714285714,0.5,0.64909863
51.0,0.6428571428571428,0.5,0.57410693
51.0,0.7142857142857142,0.5,0.4714129
51.0,0.7857142857142857,0.5,0.35514545
51.0,0.8571428571428571,0.5,0.23576598
51.0,0.9285714285714285,0.5,0.11827954
51.0,1.0,0.5,0.0050866073
51.0,0.0,0.5714285714285714,-0.0010746801
51.0,0.07142857142857142,0.5714285714285714,0.11049348
51.0,0.14285714285714285,0.5714285714285714,0.22565842
51.0,0.21428571428571427,0.5714285714285714,0.34074455
51.0,0.2857142857142857,0.5714285714285714,0.4514736
51.0,0.3571428571428571,0.5714285714285714,0.55070496
51.0,0.42857142857142855,0.5714285714285714,0.6241155
51.0,0.5,0.5714285714285714,0.6506833
51.0,0.5714285714285714,0.5714285714285714,0.6215547
51.0,0.6428571428571428,0.5714285714285714,0.5499801
51.0,0.7142857142857142,0.5714285714285714,0.45256877
51.0,0.7857142857142857,0.5714285714285714,0.34139028
51.0,0.8571428571428571,0.5714285714285714,0.22593184
51.0,0.9285714285714285,0.5714285714285714,0.11230078
51.0,1.0,0.5714285714285714,0.004177696
51.0,0.0,0.6428571428571428,0.0012689969
51.0,0.07142857142857142,0.6428571428571428,0.09736161
51.0,0.14285714285714285,0.6428571428571428,0.19666131
51.0,0.21428571428571427,0.6428571428571428,0.29728404
51.0,0.2857142857142857,0.6428571428571428,0.39583835
51.0,0.3571428571428571,0.6428571428571428,0.48493704
51.0,0.42857142857142855,0.6428571428571428,0.5504701
51.0,0.5,0.6428571428571428,0.5741235
51.0,0.5714285714285714,0.6428571428571428,0.5486763
51.0,0.6428571428571428,0.6428571428571428,0.48519877
51.0,0.7142857142857142,0.6428571428571428,0.3983466
51.0,0.7857142857142857,0.6428571428571428,0.29913
51.0,0.8571428571428571,0.6428571428571428,0.19639717
51.0,0.9285714285714285,0.6428571428571428,0.09624641
51.0,1.0,0.6428571428571428,0.001957572
51.0,0.0,0.7142857142857142,0.0012661805
51.0,0.07142857142857142,0.7142857142857142,0.078849755
51.0,0.14285714285714285,0.7142857142857142,0.1585695
51.0,0.21428571428571427,0.7142857142857142,0.23992516
51.0,0.2857142857142857,0.7142857142857142,0.32055554
51.0,0.3571428571428571,0.7142857142857142,0.39391565
51.0,0.42857142857142855,0.7142857142857142,0.44785005
51.0,0.5,0.7142857142857142,0.46794498
51.0,0.5714285714285714,0.7142857142857142,0.44816998
51.0,0.6428571428571428,0.7142857142857142,0.39596117
51.0,0.7142857142857142,0.7142857142857142,0.32365426
51.0,0.7857142857142857,0.7142857142857142,0.2418104
51.0,0.8571428571428571,0.7142857142857142,0.15822582
51.0,0.9285714285714285,0.7142857142857142,0.07745074
51.0,1.0,0.7142857142857142,0.0012390381
51.0,0.0,0.7857142857142857,0.0008171564
51.0,0.07142857142857142,0.7857142857142857,0.059843972
51.0,0.14285714285714285,0.7857142857142857,0.11947567
51.0,0.21428571428571427,0.7857142857142857,0.18016061
51.0,0.2857142857142857,0.7857142857142857,0.24066432
51.0,0.3571428571428571,0.7857142857142857,0.29603347
51.0,0.42857142857142855,0.7857142857142857,0.336889
51.0,0.5,0.7857142857142857,0.35255712
51.0,0.5714285714285714,0.7857142857142857,0.33794084
51.0,0.6428571428571428,0.7857142857142857,0.29757744
51.0,0.7142857142857142,0.7857142857142857,0.24170764
51.0,0.7857142857142857,0.7857142857142857,0.17986138
51.0,0.8571428571428571,0.7857142857142857,0.11791802
51.0,0.9285714285714285,0.7857142857142857,0.058125228
51.0,1.0,0.7857142857142857,0.0005180901
51.0,0.0,0.8571428571428571,0.00017675292
51.0,0.07142857142857142,0.8571428571428571,0.041247685
51.0,0.14285714285714285,0.8571428571428571,0.08112739
51.0,0.21428571428571427,0.8571428571428571,0.12098677
51.0,0.2857142857142857,0.8571428571428571,0.1607406
51.0,0.3571428571428571,0.8571428571428571,0.19734587
51.0,0.42857142857142855,0.8571428571428571,0.22449796
51.0,0.5,0.8571428571428571,0.2350608
51.0,0.5714285714285714,0.8571428571428571,0.2251953
51.0,0.6428571428571428,0.8571428571428571,0.19741122
51.0,0.7142857142857142,0.8571428571428571,0.15928999
51.0,0.7857142857142857,0.8571428571428571,0.118176304
51.0,0.8571428571428571,0.8571428571428571,0.07769171
51.0,0.9285714285714285,0.8571428571428571,0.038067497
51.0,1.0,0.8571428571428571,-0.0019770311
51.0,0.0,0.9285714285714285,-0.0026021348
51.0,0.07142857142857142,0.9285714285714285,0.020982627
51.0,0.14285714285714285,0.9285714285714285,0.04156521
51.0,0.21428571428571427,0.9285714285714285,0.060909882
51.0,0.2857142857142857,0.9285714285714285,0.08002381
51.0,0.3571428571428571,0.9285714285714285,0.09790165
51.0,0.42857142857142855,0.9285714285714285,0.111462004
51.0,0.5,0.9285714285714285,0.11706064
51.0,0.5714285714285714,0.9285714285714285,0.11240692
51.0,0.6428571428571428,0.9285714285714285,0.09823878
51.0,0.7142857142857142,0.9285714285714285,0.07861264
51.0,0.7857142857142857,0.9285714285714285,0.057831675
51.0,0.8571428571428571,0.9285714285714285,0.037441712
51.0,0.9285714285714285,0.9285714285714285,0.01633798
51.0,1.0,0.9285714285714285,-0.0075355405
51.0,0.0,1.0,-0.0108315265
51.0,0.07142857142857142,1.0,-0.004349893
51.0,0.14285714285714285,1.0,-0.0023230882
51.0,0.21428571428571427,1.0,-0.0024309466
51.0,0.2857142857142857,1.0,-0.0025967667
51.0,0.3571428571428571,1.0,-0.0017883154
51.0,0.42857142857142855,1.0,-7.6779164e-05
51.0,0.5,1.0,0.0018773517
51.0,0.5714285714285714,1.0,0.003062985
51.0,0.6428571428571428,1.0,0.0025733327
51.0,0.7142857142857142,1.0,0.00080554094
51.0,0.7857142857142857,1.0,-0.0011287192
51.0,0.8571428571428571,1.0,-0.003413246
51.0,0.9285714285714285,1.0,-0.007927646
51.0,1.0,1.0,-0.017093543
52.0,0.0,0.0,-0.013049704
52.0,0.07142857142857142,0.0,-0.0057766214
52.0,0.14285714285714285,0.0,-0.0026581483
52.0,0.21428571428571427,0.0,-0.0024621058
52.0,0.2857142857142857,0.0,-0.0027489038
52.0,0.3571428571428571,0.0,-0.0011136793
52.0,0.42857142857142855,0.0,0.00199538
52.0,0.5,0.0,0.0033546938
52.0,0.5714285714285714,0.0,0.001494973
52.0,0.6428571428571428,0.0,-0.0011805454
52.0,0.7142857142857142,0.0,-0.0018540518
52.0,0.7857142857142857,0.0,-0.0008613961
52.0,0.8571428571428571,0.0,-0.0009033615
52.0,0.9285714285714285,0.0,-0.004379117
52.0,1.0,0.0,-0.012734474
52.0,0.0,0.07142857142857142,-0.0063449135
52.0,0.07142857142857142,0.07142857142857142,0.017284308
52.0,0.14285714285714285,0.07142857142857142,0.03888539
52.0,0.21428571428571427,0.07142857142857142,0.058822706
52.0,0.2857142857142857,0.07142857142857142,0.077922285
52.0,0.3571428571428571,0.07142857142857142,0.09642353
52.0,0.42857142857142855,0.07142857142857142,0.11117802
52.0,0.5,0.07142857142857142,0.116161115
52.0,0.5714285714285714,0.07142857142857142,0.10913355
52.0,0.6428571428571428,0.07142857142857142,0.0945265
52.0,0.7142857142857142,0.07142857142857142,0.07780213
52.0,0.7857142857142857,0.07142857142857142,0.060439803
52.0,0.8571428571428571,0.07142857142857142,0.041398823
52.0,0.9285714285714285,0.07142857142857142,0.019883119
52.0,1.0,0.07142857142857142,-0.0049876655
52.0,0.0,0.14285714285714285,-0.0036675623
52.0,0.07142857142857142,0.14285714285714285,0.03727244
52.0,0.14285714285714285,0.14285714285714285,0.07865033
52.0,0.21428571428571427,0.14285714285714285,0.119907685
52.0,0.2857142857142857,0.14285714285714285,0.16011004
52.0,0.3571428571428571,0.14285714285714285,0.19712143
52.0,0.42857142857142855,0.14285714285714285,0.22491406
52.0,0.5,0.14285714285714285,0.23442689
52.0,0.5714285714285714,0.14285714285714285,0.22244239
52.0,0.6428571428571428,0.14285714285714285,0.19520941
52.0,0.7142857142857142,0.14285714285714285,0.16060561
52.0,0.7857142857142857,0.14285714285714285,0.12233255
52.0,0.8571428571428571,0.14285714285714285,0.08201183
52.0,0.9285714285714285,0.14285714285714285,0.040838093
52.0,1.0,0.14285714285714285,-0.0018635402
52.0,0.0,0.21428571428571427,-0.002314034
52.0,0.07142857142857142,0.21428571428571427,0.056619108
52.0,0.14285714285714285,0.21428571428571427,0.11823831
52.0,0.21428571428571427,0.21428571428571427,0.18098156
52.0,0.2857142857142857,0.21428571428571427,0.24224605
52.0,0.3571428571428571,0.21428571428571427,0.2977644
52.0,0.42857142857142855,0.21428571428571427,0.3388867
52.0,0.5,0.21428571428571427,0.35354337
52.0,0.5714285714285714,0.21428571428571427,0.33725986
52.0,0.6428571428571428,0.21428571428571427,0.29748818
52.0,0.7142857142857142,0.21428571428571427,0.244029
52.0,0.7857142857142857,0.21428571428571427,0.18341869
52.0,0.8571428571428571,0.21428571428571427,0.12087021
52.0,0.9285714285714285,0.21428571428571427,0.059463136
52.0,1.0,0.21428571428571427,-0.0017004246
52.0,0.0,0.2857142857142857,-0.00050966535
52.0,0.07142857142857142,0.2857142857142857,0.07687321
52.0,0.14285714285714285,0.2857142857142857,0.15840308
52.0,0.21428571428571427,0.2857142857142857,0.24149092
52.0,0.2857142857142857,0.2857142857142857,0.32227582
52.0,0.3571428571428571,0.2857142857142857,0.39501166
52.0,0.42857142857142855,0.2857142857142857,0.44888443
52.0,0.5,0.2857142857142857,0.46879134
52.0,0.5714285714285714,0.2857142857142857,0.44863498
52.0,0.6428571428571428,0.2857142857142857,0.39658016
52.0,0.7142857142857142,0.2857142857142857,0.3242443
52.0,0.7857142857142857,0.2857142857142857,0.2416993
52.0,0.8571428571428571,0.2857142857142857,0.15788512
52.0,0.9285714285714285,0.2857142857142857,0.0770034
52.0,1.0,0.2857142857142857,-0.0022000754
52.0,0.0,0.3571428571428571,0.0010591885
52.0,0.07142857142857142,0.3571428571428571,0.096689574
52.0,0.14285714285714285,0.3571428571428571,0.19682156
52.0,0.21428571428571427,0.3571428571428571,0.2979173
52.0,0.2857142857142857,0.3571428571428571,0.39546126
52.0,0.3571428571428571,0.3571428571428571,0.4830338
52.0,0.42857142857142855,0.3571428571428571,0.54814225
52.0,0.5,0.3571428571428571,0.5725323
52.0,0.5714285714285714,0.3571428571428571,0.5482581
52.0,0.6428571428571428,0.3571428571428571,0.4845122
52.0,0.7142857142857142,0.3571428571428571,0.39530602
52.0,0.7857142857142857,0.3571428571428571,0.29414895
52.0,0.8571428571428571,0.3571428571428571,0.19236548
52.0,0.9285714285714285,0.3571428571428571,0.09430928
52.0,1.0,0.3571428571428571,-0.0010677585
52.0,0.0,0.42857142857142855,-0.0009773085
52.0,0.07142857142857142,0.42857142857142855,0.11007333
52.0,0.14285714285714285,0.42857142857142855,0.22521704
52.0,0.21428571428571427,0.42857142857142855,0.3400798
52.0,0.2857142857142857,0.42857142857142855,0.44988164
52.0,0.3571428571428571,0.42857142857142855,0.5480908
52.0,0.42857142857142855,0.42857142857142855,0.62130415
52.0,0.5,0.42857142857142855,0.6486763
52.0,0.5714285714285714,0.42857142857142855,0.62071353
52.0,0.6428571428571428,0.42857142857142855,0.5484361
52.0,0.7142857142857142,0.42857142857142855,0.4482936
52.0,0.7857142857142857,0.42857142857142855,0.33533007
52.0,0.8571428571428571,0.42857142857142855,0.22108823
52.0,0.9285714285714285,0.42857142857142855,0.109966755
52.0,1.0,0.42857142857142855,0.0023317626
52.0,0.0,0.5,-0.0038325423
52.0,0.07142857142857142,0.5,0.11373938
52.0,0.14285714285714285,0.5,0.23508069
52.0,0.21428571428571427,0.5,0.35545382
52.0,0.2857142857142857,0.5,0.46998015
52.0,0.3571428571428571,0.5,0.5719492
52.0,0.42857142857142855,0.5,0.6477289
52.0,0.5,0.5,0.6758735
52.0,0.5714285714285714,0.5,0.64661604
52.0,0.6428571428571428,0.5,0.5724306
52.0,0.7142857142857142,0.5,0.4703934
52.0,0.7857142857142857,0.5,0.3544437
52.0,0.8571428571428571,0.5,0.23519014
52.0,0.9285714285714285,0.5,0.11795192
52.0,1.0,0.5,0.005236401
52.0,0.0,0.5714285714285714,-0.0010951618
52.0,0.07142857142857142,0.5714285714285714,0.11014262
52.0,0.14285714285714285,0.5714285714285714,0.22507747
52.0,0.21428571428571427,0.5714285714285714,0.33999512
52.0,0.2857142857142857,0.5714285714285714,0.45047176
52.0,0.3571428571428571,0.5714285714285714,0.54919285
52.0,0.42857142857142855,0.5714285714285714,0.62188536
52.0,0.5,0.5714285714285714,0.6480943
52.0,0.5714285714285714,0.5714285714285714,0.619389
52.0,0.6428571428571428,0.5714285714285714,0.5485532
52.0,0.7142857142857142,0.5714285714285714,0.45170143
52.0,0.7857142857142857,0.5714285714285714,0.3407873
52.0,0.8571428571428571,0.5714285714285714,0.22544396
52.0,0.9285714285714285,0.5714285714285714,0.112040795
52.0,1.0,0.5714285714285714,0.004355832
52.0,0.0,0.6428571428571428,0.0012706136
52.0,0.07142857142857142,0.6428571428571428,0.09715713
52.0,0.14285714285714285,0.6428571428571428,0.19634733
52.0,0.21428571428571427,0.6428571428571428,0.29689202
52.0,0.2857142857142857,0.6428571428571428,0.39525524
52.0,0.3571428571428571,0.6428571428571428,0.48392144
52.0,0.42857142857142855,0.6428571428571428,0.5488877
52.0,0.5,0.6428571428571428,0.57231313
52.0,0.5714285714285714,0.6428571428571428,0.54723185
52.0,0.6428571428571428,0.6428571428571428,0.4843004
52.0,0.7142857142857142,0.6428571428571428,0.3978116
52.0,0.7857142857142857,0.6428571428571428,0.29874003
52.0,0.8571428571428571,0.6428571428571428,0.19606866
52.0,0.9285714285714285,0.6428571428571428,0.09608456
52.0,1.0,0.6428571428571428,0.002145729
52.0,0.0,0.7142857142857142,0.0013274243
52.0,0.07142857142857142,0.7142857142857142,0.07878859
52.0,0.14285714285714285,0.7142857142857142,0.15846698
52.0,0.21428571428571427,0.7142857142857142,0.23979326
52.0,0.2857142857142857,0.7142857142857142,0.32027975
52.0,0.3571428571428571,0.7142857142857142,0.39329678
52.0,0.42857142857142855,0.7142857142857142,0.44681302
52.0,0.5,0.7142857142857142,0.46676996
52.0,0.5714285714285714,0.7142857142857142,0.44727162
52.0,0.6428571428571428,0.7142857142857142,0.39544058
52.0,0.7142857142857142,0.7142857142857142,0.32335797
52.0,0.7857142857142857,0.7142857142857142,0.24158128
52.0,0.8571428571428571,0.7142857142857142,0.1580205
52.0,0.9285714285714285,0.7142857142857142,0.077360116
52.0,1.0,0.7142857142857142,0.0014139256
52.0,0.0,0.7857142857142857,0.0008970788
52.0,0.07142857142857142,0.7857142857142857,0.059843116
52.0,0.14285714285714285,0.7857142857142857,0.1194601
52.0,0.21428571428571427,0.7857142857142857,0.18013188
52.0,0.2857142857142857,0.7857142857142857,0.2405202
52.0,0.3571428571428571,0.7857142857142857,0.29561394
52.0,0.42857142857142855,0.7857142857142857,0.33614814
52.0,0.5,0.7857142857142857,0.35170925
52.0,0.5714285714285714,0.7857142857142857,0.33728844
52.0,0.6428571428571428,0.7857142857142857,0.2972101
52.0,0.7142857142857142,0.7857142857142857,0.2415155
52.0,0.7857142857142857,0.7857142857142857,0.17972164
52.0,0.8571428571428571,0.7857142857142857,0.11779515
52.0,0.9285714285714285,0.7857142857142857,0.058083564
52.0,1.0,0.7857142857142857,0.0006739786
52.0,0.0,0.8571428571428571,0.00023094099
52.0,0.07142857142857142,0.8571428571428571,0.041246083
52.0,0.14285714285714285,0.8571428571428571,0.08113082
52.0,0.21428571428571427,0.8571428571428571,0.120997556
52.0,0.2857142857142857,0.8571428571428571,0.16067553
52.0,0.3571428571428571,0.8571428571428571,0.19708143
52.0,0.42857142857142855,0.8571428571428571,0.22400059
52.0,0.5,0.8571428571428571,0.23447779
52.0,0.5714285714285714,0.8571428571428571,0.22474138
52.0,0.6428571428571428,0.8571428571428571,0.19716804
52.0,0.7142857142857142,0.8571428571428571,0.15918788
52.0,0.7857142857142857,0.8571428571428571,0.118115686
52.0,0.8571428571428571,0.8571428571428571,0.07763579
52.0,0.9285714285714285,0.8571428571428571,0.038058534
52.0,1.0,0.8571428571428571,-0.0018484974
52.0,0.0,0.9285714285714285,-0.002597534
52.0,0.07142857142857142,0.9285714285714285,0.020961203
52.0,0.14285714285714285,0.9285714285714285,0.04157907
52.0,0.21428571428571427,0.9285714285714285,0.06096798
52.0,0.2857142857142857,0.9285714285714285,0.08006619
52.0,0.3571428571428571,0.9285714285714285,0.09783917
52.0,0.42857142857142855,0.9285714285714285,0.11126616
52.0,0.5,0.9285714285714285,0.11681489
52.0,0.5714285714285714,0.9285714285714285,0.11223857
52.0,0.6428571428571428,0.9285714285714285,0.098200805
52.0,0.7142857142857142,0.9285714285714285,0.078656614
52.0,0.7857142857142857,0.9285714285714285,0.057880916
52.0,0.8571428571428571,0.9285714285714285,0.037462182
52.0,0.9285714285714285,0.9285714285714285,0.016360369
52.0,1.0,0.9285714285714285,-0.0074341344
52.0,0.0,1.0,-0.010865382
52.0,0.07142857142857142,1.0,-0.004365383
52.0,0.14285714285714285,1.0,-0.0022579879
52.0,0.21428571428571427,1.0,-0.0022709547
52.0,0.2857142857142857,1.0,-0.0023830952
52.0,0.3571428571428571,1.0,-0.0015839422
52.0,0.42857142857142855,1.0,8.878019e-05
52.0,0.5,1.0,0.002032644
52.0,0.5714285714285714,1.0,0.003256834
52.0,0.6428571428571428,1.0,0.0028151637
52.0,0.7142857142857142,1.0,0.0010522446
52.0,0.7857142857142857,1.0,-0.0009345347
52.0,0.8571428571428571,1.0,-0.003296786
52.0,0.9285714285714285,1.0,-0.007860356
52.0,1.0,1.0,-0.01700478
53.0,0.0,0.0,-0.013167953
53.0,0.07142857142857142,0.0,-0.0059084883
53.0,0.14285714285714285,0.0,-0.0027399166
53.0,0.21428571428571427,0.0,-0.0024305144
53.0,0.2857142857142857,0.0,-0.00257402
53.0,0.3571428571428571,0.0,-0.00084023364
53.0,0.42857142857142855,0.0,0.0022824053
53.0,0.5,0.0,0.0036212485
53.0,0.5714285714285714,0.0,0.001752534
53.0,0.6428571428571428,0.0,-0.00095040444
53.0,0.7142857142857142,0.0,-0.001698562
53.0,0.7857142857142857,0.0,-0.000786555
53.0,0.8571428571428571,0.0,-0.0008648122
53.0,0.9285714285714285,0.0,-0.004321643
53.0,1.0,0.0,-0.012617291
53.0,0.0,0.07142857142857142,-0.0064443992
53.0,0.07142857142857142,0.07142857142857142,0.017144516
53.0,0.14285714285714285,0.07142857142857142,0.03875439
53.0,0.21428571428571427,0.07142857142857142,0.058737762
53.0,0.2857142857142857,0.07142857142857142,0.077882946
53.0,0.3571428571428571,0.07142857142857142,0.09636218
53.0,0.42857142857142855,0.07142857142857142,0.1110166
53.0,0.5,0.07142857142857142,0.11593767
53.0,0.5714285714285714,0.07142857142857142,0.10897154
53.0,0.6428571428571428,0.07142857142857142,0.094462745
53.0,0.7142857142857142,0.07142857142857142,0.07777491
53.0,0.7857142857142857,0.07142857142857142,0.060404725
53.0,0.8571428571428571,0.07142857142857142,0.041362964
53.0,0.9285714285714285,0.07142857142857142,0.019874245
53.0,1.0,0.07142857142857142,-0.0049293498
53.0,0.0,0.14285714285714285,-0.0036909515
53.0,0.07142857142857142,0.14285714285714285,0.037181117
53.0,0.14285714285714285,0.14285714285714285,0.07852768
53.0,0.21428571428571427,0.14285714285714285,0.11976855
53.0,0.2857142857142857,0.14285714285714285,0.15992783
53.0,0.3571428571428571,0.14285714285714285,0.19680773
53.0,0.42857142857142855,0.14285714285714285,0.22438994
53.0,0.5,0.14285714285714285,0.23380338
53.0,0.5714285714285714,0.14285714285714285,0.22195746
53.0,0.6428571428571428,0.14285714285714285,0.1949498
53.0,0.7142857142857142,0.14285714285714285,0.16048436
53.0,0.7857142857142857,0.14285714285714285,0.12225606
53.0,0.8571428571428571,0.14285714285714285,0.081938714
53.0,0.9285714285714285,0.14285714285714285,0.040780224
53.0,1.0,0.14285714285714285,-0.0018407041
53.0,0.0,0.21428571428571427,-0.0022215499
53.0,0.07142857142857142,0.21428571428571427,0.05660879
53.0,0.14285714285714285,0.21428571428571427,0.11815756
53.0,0.21428571428571427,0.21428571428571427,0.18083619
53.0,0.2857142857142857,0.21428571428571427,0.24199672
53.0,0.3571428571428571,0.21428571428571427,0.29730088
53.0,0.42857142857142855,0.21428571428571427,0.33811545
53.0,0.5,0.21428571428571427,0.35262793
53.0,0.5714285714285714,0.21428571428571427,0.33653894
53.0,0.6428571428571428,0.21428571428571427,0.29709265
53.0,0.7142857142857142,0.21428571428571427,0.24385126
53.0,0.7857142857142857,0.21428571428571427,0.18331505
53.0,0.8571428571428571,0.21428571428571427,0.12075087
53.0,0.9285714285714285,0.21428571428571427,0.05934736
53.0,1.0,0.21428571428571427,-0.0016948441
53.0,0.0,0.2857142857142857,-0.00030578393
53.0,0.07142857142857142,0.2857142857142857,0.07692298
53.0,0.14285714285714285,0.2857142857142857,0.1583399
53.0,0.21428571428571427,0.2857142857142857,0.24133123
53.0,0.2857142857142857,0.2857142857142857,0.32197693
53.0,0.3571428571428571,0.2857142857142857,0.394435
53.0,0.42857142857142855,0.2857142857142857,0.44789773
53.0,0.5,0.2857142857142857,0.4675886
53.0,0.5714285714285714,0.2857142857142857,0.44764915
53.0,0.6428571428571428,0.2857142857142857,0.39599407
53.0,0.7142857142857142,0.2857142857142857,0.32395414
53.0,0.7857142857142857,0.2857142857142857,0.24151658
53.0,0.8571428571428571,0.2857142857142857,0.15767586
53.0,0.9285714285714285,0.2857142857142857,0.076817445
53.0,1.0,0.2857142857142857,-0.00218431
53.0,0.0,0.3571428571428571,0.0013052402
53.0,0.07142857142857142,0.3571428571428571,0.09669914
53.0,0.14285714285714285,0.3571428571428571,0.19665945
53.0,0.21428571428571427,0.3571428571428571,0.29762438
53.0,0.2857142857142857,0.3571428571428571,0.39499453
53.0,0.3571428571428571,0.3571428571428571,0.48221138
53.0,0.42857142857142855,0.3571428571428571,0.5467749
53.0,0.5,0.3571428571428571,0.5708475
53.0,0.5714285714285714,0.3571428571428571,0.54681057
53.0,0.6428571428571428,0.3571428571428571,0.48357156
53.0,0.7142857142857142,0.3571428571428571,0.39478382
53.0,0.7857142857142857,0.3571428571428571,0.2938042
53.0,0.8571428571428571,0.3571428571428571,0.19202508
53.0,0.9285714285714285,0.3571428571428571,0.09405792
53.0,1.0,0.3571428571428571,-0.0010088021
53.0,0.0,0.42857142857142855,-0.0007892335
53.0,0.07142857142857142,0.42857142857142855,0.10991462
53.0,0.14285714285714285,0.42857142857142855,0.22480224
53.0,0.21428571428571427,0.42857142857142855,0.33947548
53.0,0.2857142857142857,0.42857142857142855,0.4490389
53.0,0.3571428571428571,0.42857142857142855,0.5467834
53.0,0.42857142857142855,0.42857142857142855,0.6193007
53.0,0.5,0.42857142857142855,0.6462662
53.0,0.5714285714285714,0.42857142857142855,0.61861926
53.0,0.6428571428571428,0.42857142857142855,0.5470232
53.0,0.7142857142857142,0.42857142857142855,0.4474614
53.0,0.7857142857142857,0.42857142857142855,0.33477277
53.0,0.8571428571428571,0.42857142857142855,0.22060417
53.0,0.9285714285714285,0.42857142857142855,0.10966134
53.0,1.0,0.42857142857142855,0.002441383
53.0,0.0,0.5,-0.0037598396
53.0,0.07142857142857142,0.5,0.11341342
53.0,0.14285714285714285,0.5,0.23445432
53.0,0.21428571428571427,0.5,0.35460064
53.0,0.2857142857142857,0.5,0.46884134
53.0,0.3571428571428571,0.5,0.57028013
53.0,0.42857142857142855,0.5,0.6452958
53.0,0.5,0.5,0.673015
53.0,0.5714285714285714,0.5,0.64415234
53.0,0.6428571428571428,0.5,0.5707557
53.0,0.7142857142857142,0.5,0.46937165
53.0,0.7857142857142857,0.5,0.35374802
53.0,0.8571428571428571,0.5,0.23462372
53.0,0.9285714285714285,0.5,0.117624424
53.0,1.0,0.5,0.00537563
53.0,0.0,0.5714285714285714,-0.001138539
53.0,0.07142857142857142,0.5714285714285714,0.10977621
53.0,0.14285714285714285,0.5714285714285714,0.22448549
53.0,0.21428571428571427,0.5714285714285714,0.3392331
53.0,0.2857142857142857,0.5714285714285714,0.44945213
53.0,0.3571428571428571,0.5714285714285714,0.5476635
53.0,0.42857142857142855,0.5714285714285714,0.6196547
53.0,0.5,0.5714285714285714,0.6455221
53.0,0.5714285714285714,0.5714285714285714,0.617231
53.0,0.6428571428571428,0.5714285714285714,0.54711795
53.0,0.7142857142857142,0.5714285714285714,0.45082363
53.0,0.7857142857142857,0.5714285714285714,0.34018162
53.0,0.8571428571428571,0.5714285714285714,0.22495842
53.0,0.9285714285714285,0.5714285714285714,0.11177776
53.0,1.0,0.5714285714285714,0.0045231124
53.0,0.0,0.6428571428571428,0.0012509143
53.0,0.07142857142857142,0.6428571428571428,0.09693738
53.0,0.14285714285714285,0.6428571428571428,0.19602118
53.0,0.21428571428571427,0.6428571428571428,0.29648605
53.0,0.2857142857142857,0.6428571428571428,0.39465278
53.0,0.3571428571428571,0.6428571428571428,0.4828873
53.0,0.42857142857142855,0.6428571428571428,0.5472998
53.0,0.5,0.6428571428571428,0.5705078
53.0,0.5714285714285714,0.6428571428571428,0.5457844
53.0,0.6428571428571428,0.6428571428571428,0.4833885
53.0,0.7142857142857142,0.6428571428571428,0.39726326
53.0,0.7857142857142857,0.6428571428571428,0.2983441
53.0,0.8571428571428571,0.6428571428571428,0.19573845
53.0,0.9285714285714285,0.6428571428571428,0.09591834
53.0,1.0,0.6428571428571428,0.0023246622
53.0,0.0,0.7142857142857142,0.0013734167
53.0,0.07142857142857142,0.7142857142857142,0.07871743
53.0,0.14285714285714285,0.7142857142857142,0.15835835
53.0,0.21428571428571427,0.7142857142857142,0.23965336
53.0,0.2857142857142857,0.7142857142857142,0.31999245
53.0,0.3571428571428571,0.7142857142857142,0.39266813
53.0,0.42857142857142855,0.7142857142857142,0.4457766
53.0,0.5,0.7142857142857142,0.4656025
53.0,0.5714285714285714,0.7142857142857142,0.44637504
53.0,0.6428571428571428,0.7142857142857142,0.39491403
53.0,0.7142857142857142,0.7142857142857142,0.3230552
53.0,0.7857142857142857,0.7142857142857142,0.24134944
53.0,0.8571428571428571,0.7142857142857142,0.15781514
53.0,0.9285714285714285,0.7142857142857142,0.07726624
53.0,1.0,0.7142857142857142,0.0015808484
53.0,0.0,0.7857142857142857,0.0009661829
53.0,0.07142857142857142,0.7857142857142857,0.05983688
53.0,0.14285714285714285,0.7857142857142857,0.11944314
53.0,0.21428571428571427,0.7857142857142857,0.18010092
53.0,0.2857142857142857,0.7857142857142857,0.24037115
53.0,0.3571428571428571,0.7857142857142857,0.295191
53.0,0.42857142857142855,0.7857142857142857,0.33541155
53.0,0.5,0.7857142857142857,0.35087118
53.0,0.5714285714285714,0.7857142857142857,0.33664232
53.0,0.6428571428571428,0.7857142857142857,0.296843
53.0,0.7142857142857142,0.7857142857142857,0.24132289
53.0,0.7857142857142857,0.7857142857142857,0.17958288
53.0,0.8571428571428571,0.7857142857142857,0.11767378
53.0,0.9285714285714285,0.7857142857142857,0.05804035
53.0,1.0,0.7857142857142857,0.0008240482
53.0,0.0,0.8571428571428571,0.00027628895
53.0,0.07142857142857142,0.8571428571428571,0.041242402
53.0,0.14285714285714285,0.8571428571428571,0.08113519
53.0,0.21428571428571427,0.8571428571428571,0.12100812
53.0,0.2857142857142857,0.8571428571428571,0.160608
53.0,0.3571428571428571,0.8571428571428571,0.19681422
53.0,0.42857142857142855,0.8571428571428571,0.22350451
53.0,0.5,0.8571428571428571,0.23389992
53.0,0.5714285714285714,0.8571428571428571,0.22429127
53.0,0.6428571428571428,0.8571428571428571,0.1969263
53.0,0.7142857142857142,0.8571428571428571,0.15908647
53.0,0.7857142857142857,0.8571428571428571,0.11805748
53.0,0.8571428571428571,0.8571428571428571,0.077581994
53.0,0.9285714285714285,0.8571428571428571,0.03804849
53.0,1.0,0.8571428571428571,-0.0017245235
53.0,0.0,0.9285714285714285,-0.002600369
53.0,0.07142857142857142,0.9285714285714285,0.020938106
53.0,0.14285714285714285,0.9285714285714285,0.041593928
53.0,0.21428571428571427,0.9285714285714285,0.061026447
53.0,0.2857142857142857,0.9285714285714285,0.080106
53.0,0.3571428571428571,0.9285714285714285,0.097772755
53.0,0.42857142857142855,0.9285714285714285,0.111067764
53.0,0.5,0.9285714285714285,0.11656859
53.0,0.5714285714285714,0.9285714285714285,0.11206987
53.0,0.6428571428571428,0.9285714285714285,0.09816158
53.0,0.7142857142857142,0.9285714285714285,0.07870098
53.0,0.7857142857142857,0.9285714285714285,0.057931803
53.0,0.8571428571428571,0.9285714285714285,0.037484784
53.0,0.9285714285714285,0.9285714285714285,0.016383104
53.0,1.0,0.9285714285714285,-0.0073355893
53.0,0.0,1.0,-0.010906204
53.0,0.07142857142857142,1.0,-0.004382723
53.0,0.14285714285714285,1.0,-0.0021927636
53.0,0.21428571428571427,1.0,-0.0021116072
53.0,0.2857142857142857,1.0,-0.0021722885
53.0,0.3571428571428571,1.0,-0.0013841735
53.0,0.42857142857142855,1.0,0.0002491763
53.0,0.5,1.0,0.0021836897
53.0,0.5714285714285714,1.0,0.0034465035
53.0,0.6428571428571428,1.0,0.003053463
53.0,0.7142857142857142,1.0,0.0012976369
53.0,0.7857142857142857,1.0,-0.00073923264
53.0,0.8571428571428571,1.0,-0.003177953
53.0,0.9285714285714285,1.0,-0.007791736
53.0,1.0,1.0,-0.016917493
54.0,0.0,0.0,-0.013300956
54.0,0.07142857142857142,0.0,-0.0060512526
54.0,0.14285714285714285,0.0,-0.0028281892
54.0,0.21428571428571427,0.0,-0.0024026623
54.0,0.2857142857142857,0.0,-0.0024022767
54.0,0.3571428571428571,0.0,-0.0005701566
54.0,0.42857142857142855,0.0,0.0025662417
54.0,0.5,0.0,0.003883794
54.0,0.5714285714285714,0.0,0.002005632
54.0,0.6428571428571428,0.0,-0.0007251194
54.0,0.7142857142857142,0.0,-0.001546477
54.0,0.7857142857142857,0.0,-0.00071504805
54.0,0.8571428571428571,0.0,-0.00083154906
54.0,0.9285714285714285,0.0,-0.0042732665
54.0,1.0,0.0,-0.0125124315
54.0,0.0,0.07142857142857142,-0.006554434
54.0,0.07142857142857142,0.07142857142857142,0.016997103
54.0,0.14285714285714285,0.07142857142857142,0.038618036
54.0,0.21428571428571427,0.07142857142857142,0.058648422
54.0,0.2857142857142857,0.07142857142857142,0.0778384
54.0,0.3571428571428571,0.07142857142857142,0.096296564
54.0,0.42857142857142855,0.07142857142857142,0.110852756
54.0,0.5,0.07142857142857142,0.115714096
54.0,0.5714285714285714,0.07142857142857142,0.108807944
54.0,0.6428571428571428,0.07142857142857142,0.09439609
54.0,0.7142857142857142,0.07142857142857142,0.07774591
54.0,0.7857142857142857,0.07142857142857142,0.06036774
54.0,0.8571428571428571,0.07142857142857142,0.04132279
54.0,0.9285714285714285,0.07142857142857142,0.01985696
54.0,1.0,0.07142857142857142,-0.0048832605
54.0,0.0,0.14285714285714285,-0.0037202155
54.0,0.07142857142857142,0.14285714285714285,0.037085544
54.0,0.14285714285714285,0.14285714285714285,0.078401595
54.0,0.21428571428571427,0.14285714285714285,0.119624995
54.0,0.2857142857142857,0.14285714285714285,0.15973972
54.0,0.3571428571428571,0.14285714285714285,0.19648804
54.0,0.42857142857142855,0.14285714285714285,0.22386396
54.0,0.5,0.14285714285714285,0.2331813
54.0,0.5714285714285714,0.14285714285714285,0.22147019
54.0,0.6428571428571428,0.14285714285714285,0.19468506
54.0,0.7142857142857142,0.14285714285714285,0.16035905
54.0,0.7857142857142857,0.14285714285714285,0.12217758
54.0,0.8571428571428571,0.14285714285714285,0.08186202
54.0,0.9285714285714285,0.14285714285714285,0.0407143
54.0,1.0,0.14285714285714285,-0.0018313089
54.0,0.0,0.21428571428571427,-0.0021326253
54.0,0.07142857142857142,0.21428571428571427,0.056596555
54.0,0.14285714285714285,0.21428571428571427,0.11807444
54.0,0.21428571428571427,0.21428571428571427,0.1806867
54.0,0.2857142857142857,0.21428571428571427,0.24173857
54.0,0.3571428571428571,0.21428571428571427,0.2968279
54.0,0.42857142857142855,0.21428571428571427,0.3373404
54.0,0.5,0.21428571428571427,0.3517133
54.0,0.5714285714285714,0.21428571428571427,0.3358128
54.0,0.6428571428571428,0.21428571428571427,0.29668573
54.0,0.7142857142857142,0.21428571428571427,0.24366386
54.0,0.7857142857142857,0.21428571428571427,0.18320718
54.0,0.8571428571428571,0.21428571428571427,0.120628975
54.0,0.9285714285714285,0.21428571428571427,0.05922506
54.0,1.0,0.21428571428571427,-0.0017023766
54.0,0.0,0.2857142857142857,-0.00010664109
54.0,0.07142857142857142,0.2857142857142857,0.07697063
54.0,0.14285714285714285,0.2857142857142857,0.15827413
54.0,0.21428571428571427,0.2857142857142857,0.24116503
54.0,0.2857142857142857,0.2857142857142857,0.32166514
54.0,0.3571428571428571,0.2857142857142857,0.39384305
54.0,0.42857142857142855,0.2857142857142857,0.4469019
54.0,0.5,0.2857142857142857,0.46638238
54.0,0.5714285714285714,0.2857142857142857,0.44665158
54.0,0.6428571428571428,0.2857142857142857,0.39538968
54.0,0.7142857142857142,0.2857142857142857,0.32364944
54.0,0.7857142857142857,0.2857142857142857,0.2413293
54.0,0.8571428571428571,0.2857142857142857,0.15746805
54.0,0.9285714285714285,0.2857142857142857,0.07662766
54.0,1.0,0.2857142857142857,-0.0021807263
54.0,0.0,0.3571428571428571,0.001541595
54.0,0.07142857142857142,0.3571428571428571,0.09670365
54.0,0.14285714285714285,0.3571428571428571,0.1964922
54.0,0.21428571428571427,0.3571428571428571,0.2973217
54.0,0.2857142857142857,0.3571428571428571,0.39450988
54.0,0.3571428571428571,0.3571428571428571,0.48136672
54.0,0.42857142857142855,0.3571428571428571,0.5453949
54.0,0.5,0.3571428571428571,0.56915945
54.0,0.5714285714285714,0.3571428571428571,0.5453533
54.0,0.6428571428571428,0.3571428571428571,0.4826132
54.0,0.7142857142857142,0.3571428571428571,0.3942481
54.0,0.7857142857142857,0.3571428571428571,0.29345998
54.0,0.8571428571428571,0.3571428571428571,0.19169198
54.0,0.9285714285714285,0.3571428571428571,0.09380574
54.0,1.0,0.3571428571428571,-0.00096005294
54.0,0.0,0.42857142857142855,-0.00061453227
54.0,0.07142857142857142,0.42857142857142855,0.109748445
54.0,0.14285714285714285,0.42857142857142855,0.22438225
54.0,0.21428571428571427,0.42857142857142855,0.3388615
54.0,0.2857142857142857,0.42857142857142855,0.44817802
54.0,0.3571428571428571,0.42857142857142855,0.54545605
54.0,0.42857142857142855,0.42857142857142855,0.6172922
54.0,0.5,0.42857142857142855,0.64386785
54.0,0.5714285714285714,0.42857142857142855,0.6165298
54.0,0.6428571428571428,0.42857142857142855,0.5456036
54.0,0.7142857142857142,0.42857142857142855,0.44662413
54.0,0.7857142857142857,0.42857142857142855,0.3342226
54.0,0.8571428571428571,0.42857142857142855,0.22013117
54.0,0.9285714285714285,0.42857142857142855,0.10935796
54.0,1.0,0.42857142857142855,0.002541407
54.0,0.0,0.5,-0.0037059197
54.0,0.07142857142857142,0.5,0.113076635
54.0,0.14285714285714285,0.5,0.23382114
54.0,0.21428571428571427,0.5,0.35373837
54.0,0.2857142857142857,0.5,0.46768835
54.0,0.3571428571428571,0.5,0.5685975
54.0,0.42857142857142855,0.5,0.64286673
54.0,0.5,0.5,0.67018116
54.0,0.5714285714285714,0.5,0.64170533
54.0,0.6428571428571428,0.5,0.5690804
54.0,0.7142857142857142,0.5,0.4683475
54.0,0.7857142857142857,0.5,0.35305747
54.0,0.8571428571428571,0.5,0.23406644
54.0,0.9285714285714285,0.5,0.11729742
54.0,1.0,0.5,0.005505367
54.0,0.0,0.5714285714285714,-0.0012044841
54.0,0.07142857142857142,0.5714285714285714,0.10939406
54.0,0.14285714285714285,0.5714285714285714,0.22388265
54.0,0.21428571428571427,0.5714285714285714,0.3384581
54.0,0.2857142857142857,0.5714285714285714,0.44841343
54.0,0.3571428571428571,0.5714285714285714,0.5461163
54.0,0.42857142857142855,0.5714285714285714,0.61742324
54.0,0.5,0.5714285714285714,0.64296544
54.0,0.5714285714285714,0.5714285714285714,0.6150795
54.0,0.6428571428571428,0.5714285714285714,0.5456745
54.0,0.7142857142857142,0.5714285714285714,0.44993442
54.0,0.7857142857142857,0.5714285714285714,0.3395726
54.0,0.8571428571428571,0.5714285714285714,0.22447498
54.0,0.9285714285714285,0.5714285714285714,0.11151151
54.0,1.0,0.5714285714285714,0.0046802824
54.0,0.0,0.6428571428571428,0.001209869
54.0,0.07142857142857142,0.6428571428571428,0.09670275
54.0,0.14285714285714285,0.6428571428571428,0.19568367
54.0,0.21428571428571427,0.6428571428571428,0.2960659
54.0,0.2857142857142857,0.6428571428571428,0.3940305
54.0,0.3571428571428571,0.6428571428571428,0.48183405
54.0,0.42857142857142855,0.6428571428571428,0.54570544
54.0,0.5,0.6428571428571428,0.5687072
54.0,0.5714285714285714,0.6428571428571428,0.54433405
54.0,0.6428571428571428,0.6428571428571428,0.48246324
54.0,0.7142857142857142,0.6428571428571428,0.39670178
54.0,0.7857142857142857,0.6428571428571428,0.29794157
54.0,0.8571428571428571,0.6428571428571428,0.19540647
54.0,0.9285714285714285,0.6428571428571428,0.0957476
54.0,1.0,0.6428571428571428,0.0024940139
54.0,0.0,0.7142857142857142,0.0014029657
54.0,0.07142857142857142,0.7142857142857142,0.078636296
54.0,0.14285714285714285,0.7142857142857142,0.15824293
54.0,0.21428571428571427,0.7142857142857142,0.23950528
54.0,0.2857142857142857,0.7142857142857142,0.31969285
54.0,0.3571428571428571,0.7142857142857142,0.39202917
54.0,0.42857142857142855,0.7142857142857142,0.44474068
54.0,0.5,0.7142857142857142,0.4644428
54.0,0.5714285714285714,0.7142857142857142,0.44547927
54.0,0.6428571428571428,0.7142857142857142,0.3943815
54.0,0.7142857142857142,0.7142857142857142,0.32274625
54.0,0.7857142857142857,0.7142857142857142,0.24111514
54.0,0.8571428571428571,0.7142857142857142,0.15760872
54.0,0.9285714285714285,0.7142857142857142,0.07716902
54.0,1.0,0.7142857142857142,0.0017396538
54.0,0.0,0.7857142857142857,0.0010237088
54.0,0.07142857142857142,0.7857142857142857,0.059826054
54.0,0.14285714285714285,0.7857142857142857,0.11942416
54.0,0.21428571428571427,0.7857142857142857,0.18006715
54.0,0.2857142857142857,0.7857142857142857,0.24021651
54.0,0.3571428571428571,0.7857142857142857,0.29476404
54.0,0.42857142857142855,0.7857142857142857,0.33467868
54.0,0.5,0.7857142857142857,0.35004202
54.0,0.5714285714285714,0.7857142857142857,0.33600172
54.0,0.6428571428571428,0.7857142857142857,0.29647663
54.0,0.7142857142857142,0.7857142857142857,0.2411301
54.0,0.7857142857142857,0.7857142857142857,0.17944545
54.0,0.8571428571428571,0.7857142857142857,0.11755305
54.0,0.9285714285714285,0.7857142857142857,0.05799512
54.0,1.0,0.7857142857142857,0.00096788537
54.0,0.0,0.8571428571428571,0.00031346735
54.0,0.07142857142857142,0.8571428571428571,0.0412356
54.0,0.14285714285714285,0.8571428571428571,0.08113951
54.0,0.21428571428571427,0.8571428571428571,0.121018566
54.0,0.2857142857142857,0.8571428571428571,0.16053733
54.0,0.3571428571428571,0.8571428571428571,0.19654457
54.0,0.42857142857142855,0.8571428571428571,0.22301053
54.0,0.5,0.8571428571428571,0.23332754
54.0,0.5714285714285714,0.8571428571428571,0.22384517
54.0,0.6428571428571428,0.8571428571428571,0.196686
54.0,0.7142857142857142,0.8571428571428571,0.15898639
54.0,0.7857142857142857,0.8571428571428571,0.118001305
54.0,0.8571428571428571,0.8571428571428571,0.07752993
54.0,0.9285714285714285,0.8571428571428571,0.03803816
54.0,1.0,0.8571428571428571,-0.0016048709
54.0,0.0,0.9285714285714285,-0.0026102485
54.0,0.07142857142857142,0.9285714285714285,0.020912949
54.0,0.14285714285714285,0.9285714285714285,0.04160933
54.0,0.21428571428571427,0.9285714285714285,0.061084934
54.0,0.2857142857142857,0.9285714285714285,0.08014373
54.0,0.3571428571428571,0.9285714285714285,0.097702906
54.0,0.42857142857142855,0.9285714285714285,0.11086703
54.0,0.5,0.9285714285714285,0.116321914
54.0,0.5714285714285714,0.9285714285714285,0.111900516
54.0,0.6428571428571428,0.9285714285714285,0.09812211
54.0,0.7142857142857142,0.9285714285714285,0.07874535
54.0,0.7857142857142857,0.9285714285714285,0.057985052
54.0,0.8571428571428571,0.9285714285714285,0.037509955
54.0,0.9285714285714285,0.9285714285714285,0.016406953
54.0,1.0,0.9285714285714285,-0.007239786
54.0,0.0,1.0,-0.010953688
54.0,0.07142857142857142,1.0,-0.0044022994
54.0,0.14285714285714285,1.0,-0.0021271016
54.0,0.21428571428571427,1.0,-0.0019526994
54.0,0.2857142857142857,1.0,-0.0019641975
54.0,0.3571428571428571,1.0,-0.0011889348
54.0,0.42857142857142855,1.0,0.00040491577
54.0,0.5,1.0,0.0023301756
54.0,0.5714285714285714,1.0,0.0036321646
54.0,0.6428571428571428,1.0,0.0032887226
54.0,0.7142857142857142,1.0,0.0015422916
54.0,0.7857142857142857,1.0,-0.0005428428
54.0,0.8571428571428571,1.0,-0.003056922
54.0,0.9285714285714285,1.0,-0.007721995
54.0,1.0,1.0,-0.016831767
55.0,0.0,0.0,-0.013447838
55.0,0.07142857142857142,0.0,-0.0062045315
55.0,0.14285714285714285,0.0,-0.0029235696
55.0,0.21428571428571427,0.0,-0.0023788093
55.0,0.2857142857142857,0.0,-0.0022343611
55.0,0.3571428571428571,0.0,-0.0003039278
55.0,0.42857142857142855,0.0,0.0028466536
55.0,0.5,0.0,0.0041431226
55.0,0.5714285714285714,0.0,0.0022545774
55.0,0.6428571428571428,0.0,-0.0005036397
55.0,0.7142857142857142,0.0,-0.001397335
55.0,0.7857142857142857,0.0,-0.00064675603
55.0,0.8571428571428571,0.0,-0.0008034231
55.0,0.9285714285714285,0.0,-0.0042339647
55.0,1.0,0.0,-0.012420067
55.0,0.0,0.07142857142857142,-0.006674571
55.0,0.07142857142857142,0.07142857142857142,0.016842008
55.0,0.14285714285714285,0.07142857142857142,0.038476273
55.0,0.21428571428571427,0.07142857142857142,0.058553897
55.0,0.2857142857142857,0.07142857142857142,0.07778866
55.0,0.3571428571428571,0.07142857142857142,0.09622582
55.0,0.42857142857142855,0.07142857142857142,0.11068623
55.0,0.5,0.07142857142857142,0.11549031
55.0,0.5714285714285714,0.07142857142857142,0.108642735
55.0,0.6428571428571428,0.07142857142857142,0.0943264
55.0,0.7142857142857142,0.07142857142857142,0.07771434
55.0,0.7857142857142857,0.07142857142857142,0.060329176
55.0,0.8571428571428571,0.07142857142857142,0.04127849
55.0,0.9285714285714285,0.07142857142857142,0.01983098
55.0,1.0,0.07142857142857142,-0.0048499564
55.0,0.0,0.14285714285714285,-0.003755604
55.0,0.07142857142857142,0.14285714285714285,0.03698618
55.0,0.14285714285714285,0.14285714285714285,0.07827226
55.0,0.21428571428571427,0.14285714285714285,0.11947697
55.0,0.2857142857142857,0.14285714285714285,0.15954515
55.0,0.3571428571428571,0.14285714285714285,0.19616221
55.0,0.42857142857142855,0.14285714285714285,0.22333682
55.0,0.5,0.14285714285714285,0.23256138
55.0,0.5714285714285714,0.14285714285714285,0.22098193
55.0,0.6428571428571428,0.14285714285714285,0.1944152
55.0,0.7142857142857142,0.14285714285714285,0.16022928
55.0,0.7857142857142857,0.14285714285714285,0.122095786
55.0,0.8571428571428571,0.14285714285714285,0.08178204
55.0,0.9285714285714285,0.14285714285714285,0.04064104
55.0,1.0,0.14285714285714285,-0.0018349821
55.0,0.0,0.21428571428571427,-0.002047536
55.0,0.07142857142857142,0.21428571428571427,0.056582876
55.0,0.14285714285714285,0.21428571428571427,0.1179891
55.0,0.21428571428571427,0.21428571428571427,0.1805312
55.0,0.2857142857142857,0.21428571428571427,0.24147175
55.0,0.3571428571428571,0.21428571428571427,0.2963453
55.0,0.42857142857142855,0.21428571428571427,0.33656156
55.0,0.5,0.21428571428571427,0.35079837
55.0,0.5714285714285714,0.21428571428571427,0.33508077
55.0,0.6428571428571428,0.21428571428571427,0.29626688
55.0,0.7142857142857142,0.21428571428571427,0.24346639
55.0,0.7857142857142857,0.21428571428571427,0.18309481
55.0,0.8571428571428571,0.21428571428571427,0.12050546
55.0,0.9285714285714285,0.21428571428571427,0.059096858
55.0,1.0,0.21428571428571427,-0.001723201
55.0,0.0,0.2857142857142857,8.7588094e-05
55.0,0.07142857142857142,0.2857142857142857,0.077015765
55.0,0.14285714285714285,0.2857142857142857,0.1582055
55.0,0.21428571428571427,0.2857142857142857,0.24099107
55.0,0.2857142857142857,0.2857142857142857,0.32133973
55.0,0.3571428571428571,0.2857142857142857,0.3932343
55.0,0.42857142857142855,0.2857142857142857,0.4458962
55.0,0.5,0.2857142857142857,0.46517202
55.0,0.5714285714285714,0.2857142857142857,0.44564292
55.0,0.6428571428571428,0.2857142857142857,0.394766
55.0,0.7142857142857142,0.2857142857142857,0.3233293
55.0,0.7857142857142857,0.2857142857142857,0.24113782
55.0,0.8571428571428571,0.2857142857142857,0.15726171
55.0,0.9285714285714285,0.2857142857142857,0.07643507
55.0,1.0,0.2857142857142857,-0.0021884302
55.0,0.0,0.3571428571428571,0.0017687222
55.0,0.07142857142857142,0.3571428571428571,0.09670236
55.0,0.14285714285714285,0.3571428571428571,0.19631973
55.0,0.21428571428571427,0.3571428571428571,0.2970084
55.0,0.2857142857142857,0.3571428571428571,0.39400578
55.0,0.3571428571428571,0.3571428571428571,0.4804991
55.0,0.42857142857142855,0.3571428571428571,0.5440011
55.0,0.5,0.3571428571428571,0.5674674
55.0,0.5714285714285714,0.3571428571428571,0.54388523
55.0,0.6428571428571428,0.3571428571428571,0.48163608
55.0,0.7142857142857142,0.3571428571428571,0.39369965
55.0,0.7857142857142857,0.3571428571428571,0.29311582
55.0,0.8571428571428571,0.3571428571428571,0.19136627
55.0,0.9285714285714285,0.3571428571428571,0.0935546
55.0,1.0,0.3571428571428571,-0.0009209076
55.0,0.0,0.42857142857142855,-0.0004545832
55.0,0.07142857142857142,0.42857142857142855,0.10957359
55.0,0.14285714285714285,0.42857142857142855,0.2239553
55.0,0.21428571428571427,0.42857142857142855,0.33823577
55.0,0.2857142857142857,0.42857142857142855,0.4472974
55.0,0.3571428571428571,0.42857142857142855,0.54410654
55.0,0.42857142857142855,0.42857142857142855,0.61527663
55.0,0.5,0.42857142857142855,0.6414781
55.0,0.5714285714285714,0.42857142857142855,0.6144434
55.0,0.6428571428571428,0.42857142857142855,0.5441764
55.0,0.7142857142857142,0.42857142857142855,0.4457808
55.0,0.7857142857142857,0.42857142857142855,0.33367765
55.0,0.8571428571428571,0.42857142857142855,0.2196697
55.0,0.9285714285714285,0.42857142857142855,0.10905745
55.0,1.0,0.42857142857142855,0.002632997
55.0,0.0,0.5,-0.003670969
55.0,0.07142857142857142,0.5,0.112728156
55.0,0.14285714285714285,0.5,0.23318039
55.0,0.21428571428571427,0.5,0.35286602
55.0,0.2857142857142857,0.5,0.46651867
55.0,0.3571428571428571,0.5,0.5668987
55.0,0.42857142857142855,0.5,0.640441
55.0,0.5,0.5,0.6673692
55.0,0.5714285714285714,0.5,0.639273
55.0,0.6428571428571428,0.5,0.56740415
55.0,0.7142857142857142,0.5,0.46731853
55.0,0.7857142857142857,0.5,0.35237134
55.0,0.8571428571428571,0.5,0.23351835
55.0,0.9285714285714285,0.5,0.11697187
55.0,1.0,0.5,0.005625709
55.0,0.0,0.5714285714285714,-0.0012926692
55.0,0.07142857142857142,0.5714285714285714,0.10899685
55.0,0.14285714285714285,0.5714285714285714,0.22326796
55.0,0.21428571428571427,0.5714285714285714,0.3376693
55.0,0.2857142857142857,0.5714285714285714,0.44735584
55.0,0.3571428571428571,0.5714285714285714,0.54455084
55.0,0.42857142857142855,0.5714285714285714,0.6151899
55.0,0.5,0.5714285714285714,0.6404227
55.0,0.5714285714285714,0.5714285714285714,0.61293423
55.0,0.6428571428571428,0.5714285714285714,0.54422253
55.0,0.7142857142857142,0.5714285714285714,0.44903436
55.0,0.7857142857142857,0.5714285714285714,0.33895978
55.0,0.8571428571428571,0.5714285714285714,0.22399321
55.0,0.9285714285714285,0.5714285714285714,0.111243546
55.0,1.0,0.5714285714285714,0.0048273494
55.0,0.0,0.6428571428571428,0.0011479249
55.0,0.07142857142857142,0.6428571428571428,0.09645336
55.0,0.14285714285714285,0.6428571428571428,0.19533373
55.0,0.21428571428571427,0.6428571428571428,0.29563108
55.0,0.2857142857142857,0.6428571428571428,0.39338872
55.0,0.3571428571428571,0.6428571428571428,0.48076233
55.0,0.42857142857142855,0.6428571428571428,0.5441052
55.0,0.5,0.6428571428571428,0.56691045
55.0,0.5714285714285714,0.6428571428571428,0.5428796
55.0,0.6428571428571428,0.6428571428571428,0.48152506
55.0,0.7142857142857142,0.6428571428571428,0.3961271
55.0,0.7857142857142857,0.6428571428571428,0.2975328
55.0,0.8571428571428571,0.6428571428571428,0.19507317
55.0,0.9285714285714285,0.6428571428571428,0.09557343
55.0,1.0,0.6428571428571428,0.0026537469
55.0,0.0,0.7142857142857142,0.0014164886
55.0,0.07142857142857142,0.7142857142857142,0.07854563
55.0,0.14285714285714285,0.7142857142857142,0.15812032
55.0,0.21428571428571427,0.7142857142857142,0.2393486
55.0,0.2857142857142857,0.7142857142857142,0.319382
55.0,0.3571428571428571,0.7142857142857142,0.3913804
55.0,0.42857142857142855,0.7142857142857142,0.44370452
55.0,0.5,0.7142857142857142,0.46328947
55.0,0.5714285714285714,0.7142857142857142,0.44458446
55.0,0.6428571428571428,0.7142857142857142,0.39384264
55.0,0.7142857142857142,0.7142857142857142,0.32243106
55.0,0.7857142857142857,0.7142857142857142,0.24087833
55.0,0.8571428571428571,0.7142857142857142,0.15740207
55.0,0.9285714285714285,0.7142857142857142,0.07706889
55.0,1.0,0.7142857142857142,0.0018905429
55.0,0.0,0.7857142857142857,0.001070491
55.0,0.07142857142857142,0.7857142857142857,0.05980938
55.0,0.14285714285714285,0.7857142857142857,0.119402565
55.0,0.21428571428571427,0.7857142857142857,0.18003027
55.0,0.2857142857142857,0.7857142857142857,0.24005653
55.0,0.3571428571428571,0.7857142857142857,0.29433367
55.0,0.42857142857142855,0.7857142857142857,0.33395082
55.0,0.5,0.7857142857142857,0.3492227
55.0,0.5714285714285714,0.7857142857142857,0.33536723
55.0,0.6428571428571428,0.7857142857142857,0.2961111
55.0,0.7142857142857142,0.7857142857142857,0.24093707
55.0,0.7857142857142857,0.7857142857142857,0.17930934
55.0,0.8571428571428571,0.7857142857142857,0.11743436
55.0,0.9285714285714285,0.7857142857142857,0.057948075
55.0,1.0,0.7857142857142857,0.0011048494
55.0,0.0,0.8571428571428571,0.0003421111
55.0,0.07142857142857142,0.8571428571428571,0.041226134
55.0,0.14285714285714285,0.8571428571428571,0.0811439
55.0,0.21428571428571427,0.8571428571428571,0.12102843
55.0,0.2857142857142857,0.8571428571428571,0.16046396
55.0,0.3571428571428571,0.8571428571428571,0.1962725
55.0,0.42857142857142855,0.8571428571428571,0.22251886
55.0,0.5,0.8571428571428571,0.23276068
55.0,0.5714285714285714,0.8571428571428571,0.22340378
55.0,0.6428571428571428,0.8571428571428571,0.1964476
55.0,0.7142857142857142,0.8571428571428571,0.15888841
55.0,0.7857142857142857,0.8571428571428571,0.117947794
55.0,0.8571428571428571,0.8571428571428571,0.07748055
55.0,0.9285714285714285,0.8571428571428571,0.038027424
55.0,1.0,0.8571428571428571,-0.0014900425
55.0,0.0,0.9285714285714285,-0.0026274594
55.0,0.07142857142857142,0.9285714285714285,0.020885728
55.0,0.14285714285714285,0.9285714285714285,0.041625176
55.0,0.21428571428571427,0.9285714285714285,0.06114299
55.0,0.2857142857142857,0.9285714285714285,0.08017865
55.0,0.3571428571428571,0.9285714285714285,0.09762942
55.0,0.42857142857142855,0.9285714285714285,0.11066487
55.0,0.5,0.9285714285714285,0.11607546
55.0,0.5714285714285714,0.9285714285714285,0.111731425
55.0,0.6428571428571428,0.9285714285714285,0.09808177
55.0,0.7142857142857142,0.9285714285714285,0.078790724
55.0,0.7857142857142857,0.9285714285714285,0.058040418
55.0,0.8571428571428571,0.9285714285714285,0.037537463
55.0,0.9285714285714285,0.9285714285714285,0.01643056
55.0,1.0,0.9285714285714285,-0.0071470262
55.0,0.0,1.0,-0.011007466
55.0,0.07142857142857142,1.0,-0.004423509
55.0,0.14285714285714285,1.0,-0.0020616315
55.0,0.21428571428571427,1.0,-0.0017946484
55.0,0.2857142857142857,1.0,-0.0017587366
55.0,0.3571428571428571,1.0,-0.0009980695
55.0,0.42857142857142855,1.0,0.00055616256
55.0,0.5,1.0,0.0024726829
55.0,0.5714285714285714,1.0,0.0038136533
55.0,0.6428571428571428,1.0,0.0035209795
55.0,0.7142857142857142,1.0,0.0017854339
55.0,0.7857142857142857,1.0,-0.0003453428
55.0,0.8571428571428571,1.0,-0.0029338943
55.0,0.9285714285714285,1.0,-0.0076512517
55.0,1.0,1.0,-0.016747646
56.0,0.0,0.0,-0.0136090955
56.0,0.07142857142857142,0.0,-0.0063683167
56.0,0.14285714285714285,0.0,-0.0030255811
56.0,0.21428571428571427,0.0,-0.0023593577
56.0,0.2857142857142857,0.0,-0.0020698747
56.0,0.3571428571428571,0.0,-4.1789375e-05
56.0,0.42857142857142855,0.0,0.0031234855
56.0,0.5,0.0,0.0043991506
56.0,0.5714285714285714,0.0,0.002499206
56.0,0.6428571428571428,0.0,-0.00028669368
56.0,0.7142857142857142,0.0,-0.0012511173
56.0,0.7857142857142857,0.0,-0.0005812878
56.0,0.8571428571428571,0.0,-0.00078063924
56.0,0.9285714285714285,0.0,-0.0042035887
56.0,1.0,0.0,-0.012340778
56.0,0.0,0.07142857142857142,-0.0068052514
56.0,0.07142857142857142,0.07142857142857142,0.016679041
56.0,0.14285714285714285,0.07142857142857142,0.038328648
56.0,0.21428571428571427,0.07142857142857142,0.058454923
56.0,0.2857142857142857,0.07142857142857142,0.07773372
56.0,0.3571428571428571,0.07142857142857142,0.096150525
56.0,0.42857142857142855,0.07142857142857142,0.110518284
56.0,0.5,0.07142857142857142,0.11526642
56.0,0.5714285714285714,0.07142857142857142,0.10847602
56.0,0.6428571428571428,0.07142857142857142,0.09425413
56.0,0.7142857142857142,0.07142857142857142,0.07768121
56.0,0.7857142857142857,0.07142857142857142,0.060288377
56.0,0.8571428571428571,0.07142857142857142,0.041230366
56.0,0.9285714285714285,0.07142857142857142,0.01979763
56.0,1.0,0.07142857142857142,-0.0048296535
56.0,0.0,0.14285714285714285,-0.0037972825
56.0,0.07142857142857142,0.14285714285714285,0.036882278
56.0,0.14285714285714285,0.14285714285714285,0.078138776
56.0,0.21428571428571427,0.14285714285714285,0.11932417
56.0,0.2857142857142857,0.14285714285714285,0.15934402
56.0,0.3571428571428571,0.14285714285714285,0.19582997
56.0,0.42857142857142855,0.14285714285714285,0.22280796
56.0,0.5,0.14285714285714285,0.23194292
56.0,0.5714285714285714,0.14285714285714285,0.22049168
56.0,0.6428571428571428,0.14285714285714285,0.19414006
56.0,0.7142857142857142,0.14285714285714285,0.16009499
56.0,0.7857142857142857,0.14285714285714285,0.122011416
56.0,0.8571428571428571,0.14285714285714285,0.08169879
56.0,0.9285714285714285,0.14285714285714285,0.040560633
56.0,1.0,0.14285714285714285,-0.0018514851
56.0,0.0,0.21428571428571427,-0.0019663656
56.0,0.07142857142857142,0.21428571428571427,0.05656615
56.0,0.14285714285714285,0.21428571428571427,0.11790133
56.0,0.21428571428571427,0.21428571428571427,0.18037073
56.0,0.2857142857142857,0.21428571428571427,0.24119566
56.0,0.3571428571428571,0.21428571428571427,0.29585278
56.0,0.42857142857142855,0.21428571428571427,0.33577785
56.0,0.5,0.21428571428571427,0.34988233
56.0,0.5714285714285714,0.21428571428571427,0.3343424
56.0,0.6428571428571428,0.21428571428571427,0.29583564
56.0,0.7142857142857142,0.21428571428571427,0.2432581
56.0,0.7857142857142857,0.21428571428571427,0.18297786
56.0,0.8571428571428571,0.21428571428571427,0.12038001
56.0,0.9285714285714285,0.21428571428571427,0.058962688
56.0,1.0,0.21428571428571427,-0.0017562145
56.0,0.0,0.2857142857142857,0.00027671363
56.0,0.07142857142857142,0.2857142857142857,0.07705822
56.0,0.14285714285714285,0.2857142857142857,0.15813284
56.0,0.21428571428571427,0.2857142857142857,0.24080886
56.0,0.2857142857142857,0.2857142857142857,0.32099968
56.0,0.3571428571428571,0.2857142857142857,0.3926086
56.0,0.42857142857142855,0.2857142857142857,0.4448797
56.0,0.5,0.2857142857142857,0.46395585
56.0,0.5714285714285714,0.2857142857142857,0.4446215
56.0,0.6428571428571428,0.2857142857142857,0.39412364
56.0,0.7142857142857142,0.2857142857142857,0.32299396
56.0,0.7857142857142857,0.2857142857142857,0.24094151
56.0,0.8571428571428571,0.2857142857142857,0.1570576
56.0,0.9285714285714285,0.2857142857142857,0.07624012
56.0,1.0,0.2857142857142857,-0.0022065053
56.0,0.0,0.3571428571428571,0.0019862344
56.0,0.07142857142857142,0.3571428571428571,0.09669486
56.0,0.14285714285714285,0.3571428571428571,0.19614045
56.0,0.21428571428571427,0.3571428571428571,0.29668215
56.0,0.2857142857142857,0.3571428571428571,0.39348087
56.0,0.3571428571428571,0.3571428571428571,0.47960678
56.0,0.42857142857142855,0.3571428571428571,0.5425914
56.0,0.5,0.3571428571428571,0.56576914
56.0,0.5714285714285714,0.3571428571428571,0.5424055
56.0,0.6428571428571428,0.3571428571428571,0.48064077
56.0,0.7142857142857142,0.3571428571428571,0.39313725
56.0,0.7857142857142857,0.3571428571428571,0.29277173
56.0,0.8571428571428571,0.3571428571428571,0.19104844
56.0,0.9285714285714285,0.3571428571428571,0.09330525
56.0,1.0,0.3571428571428571,-0.0008905241
56.0,0.0,0.42857142857142855,-0.00030906592
56.0,0.07142857142857142,0.42857142857142855,0.10938967
56.0,0.14285714285714285,0.42857142857142855,0.22352085
56.0,0.21428571428571427,0.42857142857142855,0.33759725
56.0,0.2857142857142857,0.42857142857142855,0.4463952
56.0,0.3571428571428571,0.42857142857142855,0.54273367
56.0,0.42857142857142855,0.42857142857142855,0.613252
56.0,0.5,0.42857142857142855,0.63909525
56.0,0.5714285714285714,0.42857142857142855,0.6123591
56.0,0.6428571428571428,0.42857142857142855,0.54274035
56.0,0.7142857142857142,0.42857142857142855,0.4449307
56.0,0.7857142857142857,0.42857142857142855,0.33313757
56.0,0.8571428571428571,0.42857142857142855,0.2192194
56.0,0.9285714285714285,0.42857142857142855,0.10876021
56.0,1.0,0.42857142857142855,0.0027165553
56.0,0.0,0.5,-0.0036546374
56.0,0.07142857142857142,0.5,0.11236732
56.0,0.14285714285714285,0.5,0.23253138
56.0,0.21428571428571427,0.5,0.3519828
56.0,0.2857142857142857,0.5,0.465331
56.0,0.3571428571428571,0.5,0.56518316
56.0,0.42857142857142855,0.5,0.63801557
56.0,0.5,0.5,0.66457635
56.0,0.5714285714285714,0.5,0.6368527
56.0,0.6428571428571428,0.5,0.56572545
56.0,0.7142857142857142,0.5,0.46628404
56.0,0.7857142857142857,0.5,0.35168818
56.0,0.8571428571428571,0.5,0.23297869
56.0,0.9285714285714285,0.5,0.1166481
56.0,1.0,0.5,0.0057376614
56.0,0.0,0.5714285714285714,-0.0014025578
56.0,0.07142857142857142,0.5714285714285714,0.108584054
56.0,0.14285714285714285,0.5714285714285714,0.22264178
56.0,0.21428571428571427,0.5714285714285714,0.33686623
56.0,0.2857142857142857,0.5714285714285714,0.4462778
56.0,0.3571428571428571,0.5714285714285714,0.5429664
56.0,0.42857142857142855,0.5714285714285714,0.6129541
56.0,0.5,0.5714285714285714,0.63789254
56.0,0.5714285714285714,0.5714285714285714,0.6107936
56.0,0.6428571428571428,0.5714285714285714,0.5427613
56.0,0.7142857142857142,0.5714285714285714,0.44812298
56.0,0.7857142857142857,0.5714285714285714,0.33834302
56.0,0.8571428571428571,0.5714285714285714,0.22351332
56.0,0.9285714285714285,0.5714285714285714,0.1109738
56.0,1.0,0.5714285714285714,0.0049652
56.0,0.0,0.6428571428571428,0.0010653278
56.0,0.07142857142857142,0.6428571428571428,0.096189186
56.0,0.14285714285714285,0.6428571428571428,0.19497207
56.0,0.21428571428571427,0.6428571428571428,0.29518124
56.0,0.2857142857142857,0.6428571428571428,0.39272675
56.0,0.3571428571428571,0.6428571428571428,0.47967166
56.0,0.42857142857142855,0.6428571428571428,0.5424985
56.0,0.5,0.6428571428571428,0.5651165
56.0,0.5714285714285714,0.6428571428571428,0.5414217
56.0,0.6428571428571428,0.6428571428571428,0.48057368
56.0,0.7142857142857142,0.6428571428571428,0.39553976
56.0,0.7857142857142857,0.6428571428571428,0.29711834
56.0,0.8571428571428571,0.6428571428571428,0.19473927
56.0,0.9285714285714285,0.6428571428571428,0.09539645
56.0,1.0,0.6428571428571428,0.0028048968
56.0,0.0,0.7142857142857142,0.0014146781
56.0,0.07142857142857142,0.7142857142857142,0.078444585
56.0,0.14285714285714285,0.7142857142857142,0.1579906
56.0,0.21428571428571427,0.7142857142857142,0.23918311
56.0,0.2857142857142857,0.7142857142857142,0.3190587
56.0,0.3571428571428571,0.7142857142857142,0.39072153
56.0,0.42857142857142855,0.7142857142857142,0.44266826
56.0,0.5,0.7142857142857142,0.46214223
56.0,0.5714285714285714,0.7142857142857142,0.44369015
56.0,0.6428571428571428,0.7142857142857142,0.39329776
56.0,0.7142857142857142,0.7142857142857142,0.32210973
56.0,0.7857142857142857,0.7142857142857142,0.24063967
56.0,0.8571428571428571,0.7142857142857142,0.15719561
56.0,0.9285714285714285,0.7142857142857142,0.076966226
56.0,1.0,0.7142857142857142,0.0020339293
56.0,0.0,0.7857142857142857,0.0011057099
56.0,0.07142857142857142,0.7857142857142857,0.059787072
56.0,0.14285714285714285,0.7857142857142857,0.11937871
56.0,0.21428571428571427,0.7857142857142857,0.17998998
56.0,0.2857142857142857,0.7857142857142857,0.23989142
56.0,0.3571428571428571,0.7857142857142857,0.29390013
56.0,0.42857142857142855,0.7857142857142857,0.33322683
56.0,0.5,0.7857142857142857,0.3484122
56.0,0.5714285714285714,0.7857142857142857,0.33473858
56.0,0.6428571428571428,0.7857142857142857,0.29574665
56.0,0.7142857142857142,0.7857142857142857,0.24074472
56.0,0.7857142857142857,0.7857142857142857,0.1791749
56.0,0.8571428571428571,0.7857142857142857,0.117316775
56.0,0.9285714285714285,0.7857142857142857,0.057899855
56.0,1.0,0.7857142857142857,0.0012362255
56.0,0.0,0.8571428571428571,0.0003623804
56.0,0.07142857142857142,0.8571428571428571,0.04121352
56.0,0.14285714285714285,0.8571428571428571,0.08114827
56.0,0.21428571428571427,0.8571428571428571,0.12103716
56.0,0.2857142857142857,0.8571428571428571,0.16038789
56.0,0.3571428571428571,0.8571428571428571,0.19599867
56.0,0.42857142857142855,0.8571428571428571,0.22202948
56.0,0.5,0.8571428571428571,0.23220013
56.0,0.5714285714285714,0.8571428571428571,0.22296664
56.0,0.6428571428571428,0.8571428571428571,0.19621116
56.0,0.7142857142857142,0.8571428571428571,0.158792
56.0,0.7857142857142857,0.8571428571428571,0.117897294
56.0,0.8571428571428571,0.8571428571428571,0.07743343
56.0,0.9285714285714285,0.8571428571428571,0.038016096
56.0,1.0,0.8571428571428571,-0.0013793232
56.0,0.0,0.9285714285714285,-0.002651685
56.0,0.07142857142857142,0.9285714285714285,0.020856433
56.0,0.14285714285714285,0.9285714285714285,0.041641604
56.0,0.21428571428571427,0.9285714285714285,0.06120105
56.0,0.2857142857142857,0.9285714285714285,0.08021154
56.0,0.3571428571428571,0.9285714285714285,0.09755323
56.0,0.42857142857142855,0.9285714285714285,0.110461675
56.0,0.5,0.9285714285714285,0.115829535
56.0,0.5714285714285714,0.9285714285714285,0.111562595
56.0,0.6428571428571428,0.9285714285714285,0.09804149
56.0,0.7142857142857142,0.9285714285714285,0.0788366
56.0,0.7857142857142857,0.9285714285714285,0.058097817
56.0,0.8571428571428571,0.9285714285714285,0.037567317
56.0,0.9285714285714285,0.9285714285714285,0.016454957
56.0,1.0,0.9285714285714285,-0.0070572877
56.0,0.0,1.0,-0.011067812
56.0,0.07142857142857142,1.0,-0.0044473633
56.0,0.14285714285714285,1.0,-0.0019966206
56.0,0.21428571428571427,1.0,-0.0016375566
56.0,0.2857142857142857,1.0,-0.0015562745
56.0,0.3571428571428571,1.0,-0.0008113766
56.0,0.42857142857142855,1.0,0.0007032668
56.0,0.5,1.0,0.002611584
56.0,0.5714285714285714,1.0,0.003992147
56.0,0.6428571428571428,1.0,0.0037503308
56.0,0.7142857142857142,1.0,0.0020280397
56.0,0.7857142857142857,1.0,-0.00014669541
56.0,0.8571428571428571,1.0,-0.0028089592
56.0,0.9285714285714285,1.0,-0.00757935
56.0,1.0,1.0,-0.01666554
57.0,0.0,0.0,-0.013784163
57.0,0.07142857142857142,0.0,-0.0065428494
57.0,0.14285714285714285,0.0,-0.0031348513
57.0,0.21428571428571427,0.0,-0.0023447042
57.0,0.2857142857142857,0.0,-0.0019089291
57.0,0.3571428571428571,0.0,0.00021694321
57.0,0.42857142857142855,0.0,0.0033964822
57.0,0.5,0.0,0.004651922
57.0,0.5714285714285714,0.0,0.0027401624
57.0,0.6428571428571428,0.0,-7.304642e-05
57.0,0.7142857142857142,0.0,-0.0011073137
57.0,0.7857142857142857,0.0,-0.0005185725
57.0,0.8571428571428571,0.0,-0.0007634917
57.0,0.9285714285714285,0.0,-0.004182429
57.0,1.0,0.0,-0.012274944
57.0,0.0,0.07142857142857142,-0.0069460245
57.0,0.07142857142857142,0.07142857142857142,0.016508628
57.0,0.14285714285714285,0.07142857142857142,0.03817509
57.0,0.21428571428571427,0.07142857142857142,0.0583506
57.0,0.2857142857142857,0.07142857142857142,0.07767382
57.0,0.3571428571428571,0.07142857142857142,0.096070595
57.0,0.42857142857142855,0.07142857142857142,0.110348046
57.0,0.5,0.07142857142857142,0.11504223
57.0,0.5714285714285714,0.07142857142857142,0.10830777
57.0,0.6428571428571428,0.07142857142857142,0.09417934
57.0,0.7142857142857142,0.07142857142857142,0.077645816
57.0,0.7857142857142857,0.07142857142857142,0.060246244
57.0,0.8571428571428571,0.07142857142857142,0.041178532
57.0,0.9285714285714285,0.07142857142857142,0.019755676
57.0,1.0,0.07142857142857142,-0.004822419
57.0,0.0,0.14285714285714285,-0.0038449382
57.0,0.07142857142857142,0.14285714285714285,0.03677378
57.0,0.14285714285714285,0.14285714285714285,0.07800158
57.0,0.21428571428571427,0.14285714285714285,0.119166486
57.0,0.2857142857142857,0.14285714285714285,0.15913625
57.0,0.3571428571428571,0.14285714285714285,0.19549178
57.0,0.42857142857142855,0.14285714285714285,0.22227705
57.0,0.5,0.14285714285714285,0.23132478
57.0,0.5714285714285714,0.14285714285714285,0.21999988
57.0,0.6428571428571428,0.14285714285714285,0.19385989
57.0,0.7142857142857142,0.14285714285714285,0.1599564
57.0,0.7857142857142857,0.14285714285714285,0.12192462
57.0,0.8571428571428571,0.14285714285714285,0.081613176
57.0,0.9285714285714285,0.14285714285714285,0.04047288
57.0,1.0,0.14285714285714285,-0.0018808851
57.0,0.0,0.21428571428571427,-0.0018894905
57.0,0.07142857142857142,0.21428571428571427,0.056547247
57.0,0.14285714285714285,0.21428571428571427,0.11781026
57.0,0.21428571428571427,0.21428571428571427,0.18020423
57.0,0.2857142857142857,0.21428571428571427,0.24090941
57.0,0.3571428571428571,0.21428571428571427,0.29534927
57.0,0.42857142857142855,0.21428571428571427,0.33498886
57.0,0.5,0.21428571428571427,0.3489648
57.0,0.5714285714285714,0.21428571428571427,0.33359686
57.0,0.6428571428571428,0.21428571428571427,0.2953923
57.0,0.7142857142857142,0.21428571428571427,0.24303989
57.0,0.7857142857142857,0.21428571428571427,0.1828561
57.0,0.8571428571428571,0.21428571428571427,0.12025351
57.0,0.9285714285714285,0.21428571428571427,0.058824196
57.0,1.0,0.21428571428571427,-0.0018009851
57.0,0.0,0.2857142857142857,0.00046010595
57.0,0.07142857142857142,0.2857142857142857,0.07709674
57.0,0.14285714285714285,0.2857142857142857,0.15805598
57.0,0.21428571428571427,0.2857142857142857,0.24061744
57.0,0.2857142857142857,0.2857142857142857,0.32064423
57.0,0.3571428571428571,0.2857142857142857,0.3919649
57.0,0.42857142857142855,0.2857142857142857,0.44385096
57.0,0.5,0.2857142857142857,0.46273258
57.0,0.5714285714285714,0.2857142857142857,0.44358736
57.0,0.6428571428571428,0.2857142857142857,0.39346206
57.0,0.7142857142857142,0.2857142857142857,0.32264343
57.0,0.7857142857142857,0.2857142857142857,0.24074061
57.0,0.8571428571428571,0.2857142857142857,0.15685622
57.0,0.9285714285714285,0.2857142857142857,0.07604424
57.0,1.0,0.2857142857142857,-0.0022343257
57.0,0.0,0.3571428571428571,0.0021936996
57.0,0.07142857142857142,0.3571428571428571,0.09668031
57.0,0.14285714285714285,0.3571428571428571,0.19595352
57.0,0.21428571428571427,0.3571428571428571,0.29634276
57.0,0.2857142857142857,0.3571428571428571,0.39293358
57.0,0.3571428571428571,0.3571428571428571,0.47868872
57.0,0.42857142857142855,0.3571428571428571,0.5411647
57.0,0.5,0.3571428571428571,0.56406355
57.0,0.5714285714285714,0.3571428571428571,0.5409136
57.0,0.6428571428571428,0.3571428571428571,0.47962597
57.0,0.7142857142857142,0.3571428571428571,0.39256045
57.0,0.7857142857142857,0.3571428571428571,0.29242656
57.0,0.8571428571428571,0.3571428571428571,0.19073813
57.0,0.9285714285714285,0.3571428571428571,0.093058564
57.0,1.0,0.3571428571428571,-0.0008679861
57.0,0.0,0.42857142857142855,-0.00017829333
57.0,0.07142857142857142,0.42857142857142855,0.109195955
57.0,0.14285714285714285,0.42857142857142855,0.2230768
57.0,0.21428571428571427,0.42857142857142855,0.33694392
57.0,0.2857142857142857,0.42857142857142855,0.44546968
57.0,0.3571428571428571,0.42857142857142855,0.54133564
57.0,0.42857142857142855,0.42857142857142855,0.6112166
57.0,0.5,0.42857142857142855,0.63671684
57.0,0.5714285714285714,0.42857142857142855,0.6102745
57.0,0.6428571428571428,0.42857142857142855,0.5412948
57.0,0.7142857142857142,0.42857142857142855,0.44407213
57.0,0.7857142857142857,0.42857142857142855,0.33260098
57.0,0.8571428571428571,0.42857142857142855,0.2187802
57.0,0.9285714285714285,0.42857142857142855,0.10846725
57.0,1.0,0.42857142857142855,0.0027926406
57.0,0.0,0.5,-0.003657096
57.0,0.07142857142857142,0.5,0.11199512
57.0,0.14285714285714285,0.5,0.23187296
57.0,0.21428571428571427,0.5,0.3510868
57.0,0.2857142857142857,0.5,0.46412447
57.0,0.3571428571428571,0.5,0.5634494
57.0,0.42857142857142855,0.5,0.6355902
57.0,0.5,0.5,0.6618005
57.0,0.5714285714285714,0.5,0.63444346
57.0,0.6428571428571428,0.5,0.5640428
57.0,0.7142857142857142,0.5,0.4652433
57.0,0.7857142857142857,0.5,0.3510075
57.0,0.8571428571428571,0.5,0.2324471
57.0,0.9285714285714285,0.5,0.11632686
57.0,1.0,0.5,0.0058416193
57.0,0.0,0.5714285714285714,-0.0015334124
57.0,0.07142857142857142,0.5714285714285714,0.10815666
57.0,0.14285714285714285,0.5714285714285714,0.22200362
57.0,0.21428571428571427,0.5714285714285714,0.3360484
57.0,0.2857142857142857,0.5714285714285714,0.44517964
57.0,0.3571428571428571,0.5714285714285714,0.5413631
57.0,0.42857142857142855,0.5714285714285714,0.6107152
57.0,0.5,0.5714285714285714,0.635374
57.0,0.5714285714285714,0.5714285714285714,0.60865706
57.0,0.6428571428571428,0.5714285714285714,0.5412909
57.0,0.7142857142857142,0.5714285714285714,0.44719973
57.0,0.7857142857142857,0.5714285714285714,0.3377221
57.0,0.8571428571428571,0.5714285714285714,0.22303559
57.0,0.9285714285714285,0.5714285714285714,0.110703
57.0,1.0,0.5714285714285714,0.005094803
57.0,0.0,0.6428571428571428,0.00096271094
57.0,0.07142857142857142,0.6428571428571428,0.09591047
57.0,0.14285714285714285,0.6428571428571428,0.1945981
57.0,0.21428571428571427,0.6428571428571428,0.2947163
57.0,0.2857142857142857,0.6428571428571428,0.39204422
57.0,0.3571428571428571,0.6428571428571428,0.47856188
57.0,0.42857142857142855,0.6428571428571428,0.5408852
57.0,0.5,0.6428571428571428,0.5633253
57.0,0.5714285714285714,0.6428571428571428,0.53995943
57.0,0.6428571428571428,0.6428571428571428,0.47960955
57.0,0.7142857142857142,0.6428571428571428,0.3949402
57.0,0.7857142857142857,0.6428571428571428,0.296698
57.0,0.8571428571428571,0.6428571428571428,0.1944045
57.0,0.9285714285714285,0.6428571428571428,0.09521661
57.0,1.0,0.6428571428571428,0.002947568
57.0,0.0,0.7142857142857142,0.001396819
57.0,0.07142857142857142,0.7142857142857142,0.07833367
57.0,0.14285714285714285,0.7142857142857142,0.15785363
57.0,0.21428571428571427,0.7142857142857142,0.23900838
57.0,0.2857142857142857,0.7142857142857142,0.31872323
57.0,0.3571428571428571,0.7142857142857142,0.39005277
57.0,0.42857142857142855,0.7142857142857142,0.44163144
57.0,0.5,0.7142857142857142,0.46100035
57.0,0.5714285714285714,0.7142857142857142,0.44279566
57.0,0.6428571428571428,0.7142857142857142,0.39274687
57.0,0.7142857142857142,0.7142857142857142,0.32178247
57.0,0.7857142857142857,0.7142857142857142,0.24039842
57.0,0.8571428571428571,0.7142857142857142,0.15698966
57.0,0.9285714285714285,0.7142857142857142,0.07686145
57.0,1.0,0.7142857142857142,0.002170018
57.0,0.0,0.7857142857142857,0.0011296635
57.0,0.07142857142857142,0.7857142857142857,0.059759267
57.0,0.14285714285714285,0.7857142857142857,0.119351976
57.0,0.21428571428571427,0.7857142857142857,0.17994604
57.0,0.2857142857142857,0.7857142857142857,0.23972078
57.0,0.3571428571428571,0.7857142857142857,0.29346347
57.0,0.42857142857142855,0.7857142857142857,0.33250722
57.0,0.5,0.7857142857142857,0.3476106
57.0,0.5714285714285714,0.7857142857142857,0.33411533
57.0,0.6428571428571428,0.7857142857142857,0.29538316
57.0,0.7142857142857142,0.7857142857142857,0.24055268
57.0,0.7857142857142857,0.7857142857142857,0.17904243
57.0,0.8571428571428571,0.7857142857142857,0.11720186
57.0,0.9285714285714285,0.7857142857142857,0.05785068
57.0,1.0,0.7857142857142857,0.0013615927
57.0,0.0,0.8571428571428571,0.00037412252
57.0,0.07142857142857142,0.8571428571428571,0.041197788
57.0,0.14285714285714285,0.8571428571428571,0.08115226
57.0,0.21428571428571427,0.8571428571428571,0.12104533
57.0,0.2857142857142857,0.8571428571428571,0.16030928
57.0,0.3571428571428571,0.8571428571428571,0.19572307
57.0,0.42857142857142855,0.8571428571428571,0.22154361
57.0,0.5,0.8571428571428571,0.23164569
57.0,0.5714285714285714,0.8571428571428571,0.2225342
57.0,0.6428571428571428,0.8571428571428571,0.19597726
57.0,0.7142857142857142,0.8571428571428571,0.15869789
57.0,0.7857142857142857,0.8571428571428571,0.1178497
57.0,0.8571428571428571,0.8571428571428571,0.077388756
57.0,0.9285714285714285,0.8571428571428571,0.038005006
57.0,1.0,0.8571428571428571,-0.0012731301
57.0,0.0,0.9285714285714285,-0.0026834616
57.0,0.07142857142857142,0.9285714285714285,0.02082498
57.0,0.14285714285714285,0.9285714285714285,0.041657783
57.0,0.21428571428571427,0.9285714285714285,0.061258115
57.0,0.2857142857142857,0.9285714285714285,0.08024172
57.0,0.3571428571428571,0.9285714285714285,0.0974743
57.0,0.42857142857142855,0.9285714285714285,0.110257424
57.0,0.5,0.9285714285714285,0.115584634
57.0,0.5714285714285714,0.9285714285714285,0.1113949
57.0,0.6428571428571428,0.9285714285714285,0.09800194
57.0,0.7142857142857142,0.9285714285714285,0.07888407
57.0,0.7857142857142857,0.9285714285714285,0.05815752
57.0,0.8571428571428571,0.9285714285714285,0.03759944
57.0,0.9285714285714285,0.9285714285714285,0.01647979
57.0,1.0,0.9285714285714285,-0.006970604
57.0,0.0,1.0,-0.011134905
57.0,0.07142857142857142,1.0,-0.004473333
57.0,0.14285714285714285,1.0,-0.0019319179
57.0,0.21428571428571427,1.0,-0.0014817854
57.0,0.2857142857142857,1.0,-0.0013566213
57.0,0.3571428571428571,1.0,-0.000628558
57.0,0.42857142857142855,1.0,0.00084666815
57.0,0.5,1.0,0.002747058
57.0,0.5714285714285714,1.0,0.004167593
57.0,0.6428571428571428,1.0,0.0039773053
57.0,0.7142857142857142,1.0,0.0022696396
57.0,0.7857142857142857,1.0,5.286839e-05
57.0,0.8571428571428571,1.0,-0.0026819678
57.0,0.9285714285714285,1.0,-0.007507135
57.0,1.0,1.0,-0.016584862
58.0,0.0,0.0,-0.013973594
58.0,0.07142857142857142,0.0,-0.006727581
58.0,0.14285714285714285,0.0,-0.003250857
58.0,0.21428571428571427,0.0,-0.0023343014
58.0,0.2857142857142857,0.0,-0.0017522993
58.0,0.3571428571428571,0.0,0.00047129858
58.0,0.42857142857142855,0.0,0.0036663227
58.0,0.5,0.0,0.0049012555
58.0,0.5714285714285714,0.0,0.0029775156
58.0,0.6428571428571428,0.0,0.00013657939
58.0,0.7142857142857142,0.0,-0.0009663245
58.0,0.7857142857142857,0.0,-0.00045868102
58.0,0.8571428571428571,0.0,-0.00075103436
58.0,0.9285714285714285,0.0,-0.0041709254
58.0,1.0,0.0,-0.012222671
58.0,0.0,0.07142857142857142,-0.0070973886
58.0,0.07142857142857142,0.07142857142857142,0.016330272
58.0,0.14285714285714285,0.07142857142857142,0.03801612
58.0,0.21428571428571427,0.07142857142857142,0.058241628
58.0,0.2857142857142857,0.07142857142857142,0.07760854
58.0,0.3571428571428571,0.07142857142857142,0.0959856
58.0,0.42857142857142855,0.07142857142857142,0.110175826
58.0,0.5,0.07142857142857142,0.114817865
58.0,0.5714285714285714,0.07142857142857142,0.108138286
58.0,0.6428571428571428,0.07142857142857142,0.09410165
58.0,0.7142857142857142,0.07142857142857142,0.07760867
58.0,0.7857142857142857,0.07142857142857142,0.060202785
58.0,0.8571428571428571,0.07142857142857142,0.04112271
58.0,0.9285714285714285,0.07142857142857142,0.019705772
58.0,1.0,0.07142857142857142,-0.004828402
58.0,0.0,0.14285714285714285,-0.0038987892
58.0,0.07142857142857142,0.14285714285714285,0.036661305
58.0,0.14285714285714285,0.14285714285714285,0.077860385
58.0,0.21428571428571427,0.14285714285714285,0.11900351
58.0,0.2857142857142857,0.14285714285714285,0.15892138
58.0,0.3571428571428571,0.14285714285714285,0.19514693
58.0,0.42857142857142855,0.14285714285714285,0.22174384
58.0,0.5,0.14285714285714285,0.23070793
58.0,0.5714285714285714,0.14285714285714285,0.21950589
58.0,0.6428571428571428,0.14285714285714285,0.19357413
58.0,0.7142857142857142,0.14285714285714285,0.15981264
58.0,0.7857142857142857,0.14285714285714285,0.121835016
58.0,0.8571428571428571,0.14285714285714285,0.081523925
58.0,0.9285714285714285,0.14285714285714285,0.040378258
58.0,1.0,0.14285714285714285,-0.0019231746
58.0,0.0,0.21428571428571427,-0.0018164301
58.0,0.07142857142857142,0.21428571428571427,0.056525424
58.0,0.14285714285714285,0.21428571428571427,0.11771544
58.0,0.21428571428571427,0.21428571428571427,0.18003121
58.0,0.2857142857142857,0.21428571428571427,0.24061339
58.0,0.3571428571428571,0.21428571428571427,0.29483512
58.0,0.42857142857142855,0.21428571428571427,0.33419383
58.0,0.5,0.21428571428571427,0.348045
58.0,0.5714285714285714,0.21428571428571427,0.3328447
58.0,0.6428571428571428,0.21428571428571427,0.29493693
58.0,0.7142857142857142,0.21428571428571427,0.24281086
58.0,0.7857142857142857,0.21428571428571427,0.1827297
58.0,0.8571428571428571,0.21428571428571427,0.12012591
58.0,0.9285714285714285,0.21428571428571427,0.05868113
58.0,1.0,0.21428571428571427,-0.001857237
58.0,0.0,0.2857142857142857,0.0006378023
58.0,0.07142857142857142,0.2857142857142857,0.077131264
58.0,0.14285714285714285,0.2857142857142857,0.15797336
58.0,0.21428571428571427,0.2857142857142857,0.2404157
58.0,0.2857142857142857,0.2857142857142857,0.3202723
58.0,0.3571428571428571,0.2857142857142857,0.39130196
58.0,0.42857142857142855,0.2857142857142857,0.44280922
58.0,0.5,0.2857142857142857,0.46150142
58.0,0.5714285714285714,0.2857142857142857,0.44253957
58.0,0.6428571428571428,0.2857142857142857,0.392781
58.0,0.7142857142857142,0.2857142857142857,0.32227713
58.0,0.7857142857142857,0.2857142857142857,0.24053465
58.0,0.8571428571428571,0.2857142857142857,0.15665732
58.0,0.9285714285714285,0.2857142857142857,0.07584801
58.0,1.0,0.2857142857142857,-0.002271519
58.0,0.0,0.3571428571428571,0.0023904918
58.0,0.07142857142857142,0.3571428571428571,0.09665842
58.0,0.14285714285714285,0.3571428571428571,0.19575788
58.0,0.21428571428571427,0.3571428571428571,0.29598787
58.0,0.2857142857142857,0.3571428571428571,0.39236274
58.0,0.3571428571428571,0.3571428571428571,0.47774392
58.0,0.42857142857142855,0.3571428571428571,0.53971994
58.0,0.5,0.3571428571428571,0.56234795
58.0,0.5714285714285714,0.3571428571428571,0.5394077
58.0,0.6428571428571428,0.3571428571428571,0.47859216
58.0,0.7142857142857142,0.3571428571428571,0.3919696
58.0,0.7857142857142857,0.3571428571428571,0.29208013
58.0,0.8571428571428571,0.3571428571428571,0.19043595
58.0,0.9285714285714285,0.3571428571428571,0.0928155
58.0,1.0,0.3571428571428571,-0.0008518109
58.0,0.0,0.42857142857142855,-6.341282e-05
58.0,0.07142857142857142,0.42857142857142855,0.10899168
58.0,0.14285714285714285,0.42857142857142855,0.22262262
58.0,0.21428571428571427,0.42857142857142855,0.33627415
58.0,0.2857142857142857,0.42857142857142855,0.44451937
58.0,0.3571428571428571,0.42857142857142855,0.5399117
58.0,0.42857142857142855,0.42857142857142855,0.6091688
58.0,0.5,0.42857142857142855,0.63434035
58.0,0.5714285714285714,0.42857142857142855,0.60818905
58.0,0.6428571428571428,0.42857142857142855,0.5398391
58.0,0.7142857142857142,0.42857142857142855,0.4432051
58.0,0.7857142857142857,0.42857142857142855,0.33206663
58.0,0.8571428571428571,0.42857142857142855,0.21835126
58.0,0.9285714285714285,0.42857142857142855,0.10817917
58.0,1.0,0.42857142857142855,0.0028632423
58.0,0.0,0.5,-0.0036780247
58.0,0.07142857142857142,0.5,0.11161051
58.0,0.14285714285714285,0.5,0.23120497
58.0,0.21428571428571427,0.5,0.3501763
58.0,0.2857142857142857,0.5,0.46289727
58.0,0.3571428571428571,0.5,0.5616964
58.0,0.42857142857142855,0.5,0.6331617
58.0,0.5,0.5,0.6590397
58.0,0.5714285714285714,0.5,0.6320434
58.0,0.6428571428571428,0.5,0.5623566
58.0,0.7142857142857142,0.5,0.4641954
58.0,0.7857142857142857,0.5,0.3503273
58.0,0.8571428571428571,0.5,0.23192331
58.0,0.9285714285714285,0.5,0.11600851
58.0,1.0,0.5,0.0059389835
58.0,0.0,0.5714285714285714,-0.0016850168
58.0,0.07142857142857142,0.5714285714285714,0.10771508
58.0,0.14285714285714285,0.5714285714285714,0.22135378
58.0,0.21428571428571427,0.5714285714285714,0.335215
58.0,0.2857142857142857,0.5714285714285714,0.4440603
58.0,0.3571428571428571,0.5714285714285714,0.53974056
58.0,0.42857142857142855,0.5714285714285714,0.60847247
58.0,0.5,0.5714285714285714,0.63286525
58.0,0.5714285714285714,0.5714285714285714,0.6065237
58.0,0.6428571428571428,0.5714285714285714,0.5398115
58.0,0.7142857142857142,0.5714285714285714,0.4462649
58.0,0.7857142857142857,0.5714285714285714,0.33709648
58.0,0.8571428571428571,0.5714285714285714,0.22255993
58.0,0.9285714285714285,0.5714285714285714,0.11043197
58.0,1.0,0.5714285714285714,0.005215927
58.0,0.0,0.6428571428571428,0.00084021594
58.0,0.07142857142857142,0.6428571428571428,0.09561774
58.0,0.14285714285714285,0.6428571428571428,0.19421192
58.0,0.21428571428571427,0.6428571428571428,0.29423568
58.0,0.2857142857142857,0.6428571428571428,0.39134178
58.0,0.3571428571428571,0.6428571428571428,0.47743365
58.0,0.42857142857142855,0.6428571428571428,0.53926504
58.0,0.5,0.6428571428571428,0.5615358
58.0,0.5714285714285714,0.6428571428571428,0.53849214
58.0,0.6428571428571428,0.6428571428571428,0.47863215
58.0,0.7142857142857142,0.6428571428571428,0.3943275
58.0,0.7857142857142857,0.6428571428571428,0.29627156
58.0,0.8571428571428571,0.6428571428571428,0.19406949
58.0,0.9285714285714285,0.6428571428571428,0.09503488
58.0,1.0,0.6428571428571428,0.0030822298
58.0,0.0,0.7142857142857142,0.0013636937
58.0,0.07142857142857142,0.7142857142857142,0.07821298
58.0,0.14285714285714285,0.7142857142857142,0.15770859
58.0,0.21428571428571427,0.7142857142857142,0.2388236
58.0,0.2857142857142857,0.7142857142857142,0.31837535
58.0,0.3571428571428571,0.7142857142857142,0.38937396
58.0,0.42857142857142855,0.7142857142857142,0.44059405
58.0,0.5,0.7142857142857142,0.45986322
58.0,0.5714285714285714,0.7142857142857142,0.441901
58.0,0.6428571428571428,0.7142857142857142,0.3921896
58.0,0.7142857142857142,0.7142857142857142,0.3214494
58.0,0.7857142857142857,0.7142857142857142,0.24015583
58.0,0.8571428571428571,0.7142857142857142,0.15678418
58.0,0.9285714285714285,0.7142857142857142,0.076755255
58.0,1.0,0.7142857142857142,0.0022986894
58.0,0.0,0.7857142857142857,0.001142568
58.0,0.07142857142857142,0.7857142857142857,0.05972586
58.0,0.14285714285714285,0.7857142857142857,0.11932219
58.0,0.21428571428571427,0.7857142857142857,0.17989837
58.0,0.2857142857142857,0.7857142857142857,0.23954473
58.0,0.3571428571428571,0.7857142857142857,0.29302433
58.0,0.42857142857142855,0.7857142857142857,0.3317919
58.0,0.5,0.7857142857142857,0.34681818
58.0,0.5714285714285714,0.7857142857142857,0.33349767
58.0,0.6428571428571428,0.7857142857142857,0.29502115
58.0,0.7142857142857142,0.7857142857142857,0.2403614
58.0,0.7857142857142857,0.7857142857142857,0.17891185
58.0,0.8571428571428571,0.7857142857142857,0.11708862
58.0,0.9285714285714285,0.7857142857142857,0.057800405
58.0,1.0,0.7857142857142857,0.0014810329
58.0,0.0,0.8571428571428571,0.00037713256
58.0,0.07142857142857142,0.8571428571428571,0.04117886
58.0,0.14285714285714285,0.8571428571428571,0.08115531
58.0,0.21428571428571427,0.8571428571428571,0.121052094
58.0,0.2857142857142857,0.8571428571428571,0.16022788
58.0,0.3571428571428571,0.8571428571428571,0.19544657
58.0,0.42857142857142855,0.8571428571428571,0.22106041
58.0,0.5,0.8571428571428571,0.23109731
58.0,0.5714285714285714,0.8571428571428571,0.22210737
58.0,0.6428571428571428,0.8571428571428571,0.1957464
58.0,0.7142857142857142,0.8571428571428571,0.15860623
58.0,0.7857142857142857,0.8571428571428571,0.117805146
58.0,0.8571428571428571,0.8571428571428571,0.07734687
58.0,0.9285714285714285,0.8571428571428571,0.037993673
58.0,1.0,0.8571428571428571,-0.0011715302
58.0,0.0,0.9285714285714285,-0.0027220557
58.0,0.07142857142857142,0.9285714285714285,0.02079092
58.0,0.14285714285714285,0.9285714285714285,0.04167398
58.0,0.21428571428571427,0.9285714285714285,0.061314672
58.0,0.2857142857142857,0.9285714285714285,0.08026949
58.0,0.3571428571428571,0.9285714285714285,0.09739309
58.0,0.42857142857142855,0.9285714285714285,0.11005322
58.0,0.5,0.9285714285714285,0.11534146
58.0,0.5714285714285714,0.9285714285714285,0.11122856
58.0,0.6428571428571428,0.9285714285714285,0.09796318
58.0,0.7142857142857142,0.9285714285714285,0.07893259
58.0,0.7857142857142857,0.9285714285714285,0.05821958
58.0,0.8571428571428571,0.9285714285714285,0.037634052
58.0,0.9285714285714285,0.9285714285714285,0.016504958
58.0,1.0,0.9285714285714285,-0.0068869973
58.0,0.0,1.0,-0.011208384
58.0,0.07142857142857142,1.0,-0.004501441
58.0,0.14285714285714285,1.0,-0.0018680589
58.0,0.21428571428571427,1.0,-0.0013270089
58.0,0.2857142857142857,1.0,-0.0011600154
58.0,0.3571428571428571,1.0,-0.00044903252
58.0,0.42857142857142855,1.0,0.0009868955
58.0,0.5,1.0,0.0028798794
58.0,0.5714285714285714,1.0,0.004340186
58.0,0.6428571428571428,1.0,0.0042025587
58.0,0.7142857142857142,1.0,0.002510733
58.0,0.7857142857142857,1.0,0.0002537137
58.0,0.8571428571428571,1.0,-0.0025533373
58.0,0.9285714285714285,1.0,-0.0074337358
58.0,1.0,1.0,-0.01650659
59.0,0.0,0.0,-0.014176976
59.0,0.07142857142857142,0.0,-0.00692295
59.0,0.14285714285714285,0.0,-0.0033741435
59.0,0.21428571428571427,0.0,-0.0023284098
59.0,0.2857142857142857,0.0,-0.0015997859
59.0,0.3571428571428571,0.0,0.0007212078
59.0,0.42857142857142855,0.0,0.003932501
59.0,0.5,0.0,0.0051478436
59.0,0.5714285714285714,0.0,0.0032111956
59.0,0.6428571428571428,0.0,0.0003430294
59.0,0.7142857142857142,0.0,-0.0008280026
59.0,0.7857142857142857,0.0,-0.0004014047
59.0,0.8571428571428571,0.0,-0.0007441798
59.0,0.9285714285714285,0.0,-0.0041683773
59.0,1.0,0.0,-0.012183719
59.0,0.0,0.07142857142857142,-0.0072580865
59.0,0.07142857142857142,0.07142857142857142,0.016144563
59.0,0.14285714285714285,0.07142857142857142,0.037851434
59.0,0.21428571428571427,0.07142857142857142,0.058127396
59.0,0.2857142857142857,0.07142857142857142,0.07753792
59.0,0.3571428571428571,0.07142857142857142,0.09589616
59.0,0.42857142857142855,0.07142857142857142,0.11000126
59.0,0.5,0.07142857142857142,0.11459299
59.0,0.5714285714285714,0.07142857142857142,0.10796754
59.0,0.6428571428571428,0.07142857142857142,0.09402206
59.0,0.7142857142857142,0.07142857142857142,0.077570274
59.0,0.7857142857142857,0.07142857142857142,0.06015726
59.0,0.8571428571428571,0.07142857142857142,0.041063316
59.0,0.9285714285714285,0.07142857142857142,0.019647546
59.0,1.0,0.07142857142857142,-0.0048478628
59.0,0.0,0.14285714285714285,-0.00395877
59.0,0.07142857142857142,0.14285714285714285,0.036544282
59.0,0.14285714285714285,0.14285714285714285,0.07771518
59.0,0.21428571428571427,0.14285714285714285,0.118835054
59.0,0.2857142857142857,0.14285714285714285,0.15869989
59.0,0.3571428571428571,0.14285714285714285,0.19479577
59.0,0.42857142857142855,0.14285714285714285,0.22120844
59.0,0.5,0.14285714285714285,0.23009126
59.0,0.5714285714285714,0.14285714285714285,0.21900965
59.0,0.6428571428571428,0.14285714285714285,0.19328336
59.0,0.7142857142857142,0.14285714285714285,0.15966477
59.0,0.7857142857142857,0.14285714285714285,0.12174293
59.0,0.8571428571428571,0.14285714285714285,0.08143254
59.0,0.9285714285714285,0.14285714285714285,0.040277287
59.0,1.0,0.14285714285714285,-0.0019775638
59.0,0.0,0.21428571428571427,-0.001747896
59.0,0.07142857142857142,0.21428571428571427,0.05650103
59.0,0.14285714285714285,0.21428571428571427,0.117616974
59.0,0.21428571428571427,0.21428571428571427,0.17985094
59.0,0.2857142857142857,0.21428571428571427,0.2403061
59.0,0.3571428571428571,0.21428571428571427,0.29430982
59.0,0.42857142857142855,0.21428571428571427,0.3333927
59.0,0.5,0.21428571428571427,0.34712175
59.0,0.5714285714285714,0.21428571428571427,0.33208475
59.0,0.6428571428571428,0.21428571428571427,0.29446876
59.0,0.7142857142857142,0.21428571428571427,0.24257083
59.0,0.7857142857142857,0.21428571428571427,0.1825981
59.0,0.8571428571428571,0.21428571428571427,0.11999684
59.0,0.9285714285714285,0.21428571428571427,0.058534138
59.0,1.0,0.21428571428571427,-0.0019245306
59.0,0.0,0.2857142857142857,0.0008095419
59.0,0.07142857142857142,0.2857142857142857,0.07716166
59.0,0.14285714285714285,0.2857142857142857,0.15788497
59.0,0.21428571428571427,0.2857142857142857,0.24020334
59.0,0.2857142857142857,0.2857142857142857,0.31988266
59.0,0.3571428571428571,0.2857142857142857,0.39061967
59.0,0.42857142857142855,0.2857142857142857,0.4417535
59.0,0.5,0.2857142857142857,0.46026087
59.0,0.5714285714285714,0.2857142857142857,0.4414775
59.0,0.6428571428571428,0.2857142857142857,0.39208058
59.0,0.7142857142857142,0.2857142857142857,0.32189497
59.0,0.7857142857142857,0.2857142857142857,0.24032362
59.0,0.8571428571428571,0.2857142857142857,0.15646125
59.0,0.9285714285714285,0.2857142857142857,0.07565199
59.0,1.0,0.2857142857142857,-0.0023164684
59.0,0.0,0.3571428571428571,0.0025771288
59.0,0.07142857142857142,0.3571428571428571,0.09662826
59.0,0.14285714285714285,0.3571428571428571,0.19555233
59.0,0.21428571428571427,0.3571428571428571,0.29561737
59.0,0.2857142857142857,0.3571428571428571,0.39176735
59.0,0.3571428571428571,0.3571428571428571,0.47677103
59.0,0.42857142857142855,0.3571428571428571,0.53825545
59.0,0.5,0.3571428571428571,0.560622
59.0,0.5714285714285714,0.3571428571428571,0.537888
59.0,0.6428571428571428,0.3571428571428571,0.47753912
59.0,0.7142857142857142,0.3571428571428571,0.39136353
59.0,0.7857142857142857,0.3571428571428571,0.29173157
59.0,0.8571428571428571,0.3571428571428571,0.19014186
59.0,0.9285714285714285,0.3571428571428571,0.092577405
59.0,1.0,0.3571428571428571,-0.0008419091
59.0,0.0,0.42857142857142855,3.6372803e-05
59.0,0.07142857142857142,0.42857142857142855,0.10877672
59.0,0.14285714285714285,0.42857142857142855,0.22215714
59.0,0.21428571428571427,0.42857142857142855,0.33558697
59.0,0.2857142857142857,0.42857142857142855,0.44354272
59.0,0.3571428571428571,0.42857142857142855,0.5384605
59.0,0.42857142857142855,0.42857142857142855,0.6071066
59.0,0.5,0.42857142857142855,0.6319647
59.0,0.5714285714285714,0.42857142857142855,0.6061004
59.0,0.6428571428571428,0.42857142857142855,0.53837156
59.0,0.7142857142857142,0.42857142857142855,0.44232756
59.0,0.7857142857142857,0.42857142857142855,0.33153397
59.0,0.8571428571428571,0.42857142857142855,0.21793279
59.0,0.9285714285714285,0.42857142857142855,0.10789687
59.0,1.0,0.42857142857142855,0.002928025
59.0,0.0,0.5,-0.0037179077
59.0,0.07142857142857142,0.5,0.111213505
59.0,0.14285714285714285,0.5,0.23052609
59.0,0.21428571428571427,0.5,0.34925094
59.0,0.2857142857142857,0.5,0.46164864
59.0,0.3571428571428571,0.5,0.55992275
59.0,0.42857142857142855,0.5,0.6307299
59.0,0.5,0.5,0.6562911
59.0,0.5714285714285714,0.5,0.6296503
59.0,0.6428571428571428,0.5,0.5606647
59.0,0.7142857142857142,0.5,0.4631398
59.0,0.7857142857142857,0.5,0.34964758
59.0,0.8571428571428571,0.5,0.2314074
59.0,0.9285714285714285,0.5,0.11569423
59.0,1.0,0.5,0.006029888
59.0,0.0,0.5714285714285714,-0.0018573338
59.0,0.07142857142857142,0.5714285714285714,0.10725895
59.0,0.14285714285714285,0.5714285714285714,0.22069179
59.0,0.21428571428571427,0.5714285714285714,0.3343665
59.0,0.2857142857142857,0.5714285714285714,0.44291982
59.0,0.3571428571428571,0.5714285714285714,0.5380985
59.0,0.42857142857142855,0.5714285714285714,0.6062252
59.0,0.5,0.5714285714285714,0.6303655
59.0,0.5714285714285714,0.5714285714285714,0.6043928
59.0,0.6428571428571428,0.5714285714285714,0.53832203
59.0,0.7142857142857142,0.5714285714285714,0.44531804
59.0,0.7857142857142857,0.5714285714285714,0.33646595
59.0,0.8571428571428571,0.5714285714285714,0.22208653
59.0,0.9285714285714285,0.5714285714285714,0.11016113
59.0,1.0,0.5714285714285714,0.00532969
59.0,0.0,0.6428571428571428,0.0006980812
59.0,0.07142857142857142,0.6428571428571428,0.09531112
59.0,0.14285714285714285,0.6428571428571428,0.19381346
59.0,0.21428571428571427,0.6428571428571428,0.29373923
59.0,0.2857142857142857,0.6428571428571428,0.39061856
59.0,0.3571428571428571,0.6428571428571428,0.4762869
59.0,0.42857142857142855,0.6428571428571428,0.53763777
59.0,0.5,0.6428571428571428,0.5597474
59.0,0.5714285714285714,0.6428571428571428,0.5370199
59.0,0.6428571428571428,0.6428571428571428,0.4776422
59.0,0.7142857142857142,0.6428571428571428,0.39370283
59.0,0.7857142857142857,0.6428571428571428,0.29583922
59.0,0.8571428571428571,0.6428571428571428,0.19373415
59.0,0.9285714285714285,0.6428571428571428,0.09485181
59.0,1.0,0.6428571428571428,0.0032095155
59.0,0.0,0.7142857142857142,0.0013148179
59.0,0.07142857142857142,0.7142857142857142,0.078082055
59.0,0.14285714285714285,0.7142857142857142,0.15755577
59.0,0.21428571428571427,0.7142857142857142,0.23862936
59.0,0.2857142857142857,0.7142857142857142,0.31801444
59.0,0.3571428571428571,0.7142857142857142,0.38868523
59.0,0.42857142857142855,0.7142857142857142,0.43955567
59.0,0.5,0.7142857142857142,0.45873022
59.0,0.5714285714285714,0.7142857142857142,0.441005
59.0,0.6428571428571428,0.7142857142857142,0.39162585
59.0,0.7142857142857142,0.7142857142857142,0.3211104
59.0,0.7857142857142857,0.7142857142857142,0.23991118
59.0,0.8571428571428571,0.7142857142857142,0.15657985
59.0,0.9285714285714285,0.7142857142857142,0.07664757
59.0,1.0,0.7142857142857142,0.0024210205
59.0,0.0,0.7857142857142857,0.001144222
59.0,0.07142857142857142,0.7857142857142857,0.059686534
59.0,0.14285714285714285,0.7857142857142857,0.11928906
59.0,0.21428571428571427,0.7857142857142857,0.17984638
59.0,0.2857142857142857,0.7857142857142857,0.23936312
59.0,0.3571428571428571,0.7857142857142857,0.29258218
59.0,0.42857142857142855,0.7857142857142857,0.3310813
59.0,0.5,0.7857142857142857,0.34603405
59.0,0.5714285714285714,0.7857142857142857,0.3328854
59.0,0.6428571428571428,0.7857142857142857,0.29466057
59.0,0.7142857142857142,0.7857142857142857,0.2401707
59.0,0.7857142857142857,0.7857142857142857,0.17878361
59.0,0.8571428571428571,0.7857142857142857,0.116978146
59.0,0.9285714285714285,0.7857142857142857,0.057749882
59.0,1.0,0.7857142857142857,0.0015946208
59.0,0.0,0.8571428571428571,0.00037160795
59.0,0.07142857142857142,0.8571428571428571,0.041156095
59.0,0.14285714285714285,0.8571428571428571,0.081157446
59.0,0.21428571428571427,0.8571428571428571,0.12105752
59.0,0.2857142857142857,0.8571428571428571,0.16014412
59.0,0.3571428571428571,0.8571428571428571,0.19516866
59.0,0.42857142857142855,0.8571428571428571,0.22058117
59.0,0.5,0.8571428571428571,0.23055607
59.0,0.5714285714285714,0.8571428571428571,0.22168554
59.0,0.6428571428571428,0.8571428571428571,0.19551842
59.0,0.7142857142857142,0.8571428571428571,0.15851738
59.0,0.7857142857142857,0.8571428571428571,0.11776408
59.0,0.8571428571428571,0.8571428571428571,0.07730795
59.0,0.9285714285714285,0.8571428571428571,0.03798233
59.0,1.0,0.8571428571428571,-0.0010740394
59.0,0.0,0.9285714285714285,-0.0027677761
59.0,0.07142857142857142,0.9285714285714285,0.020754233
59.0,0.14285714285714285,0.9285714285714285,0.041689888
59.0,0.21428571428571427,0.9285714285714285,0.061370507
59.0,0.2857142857142857,0.9285714285714285,0.08029549
59.0,0.3571428571428571,0.9285714285714285,0.09730998
59.0,0.42857142857142855,0.9285714285714285,0.10984904
59.0,0.5,0.9285714285714285,0.115099914
59.0,0.5714285714285714,0.9285714285714285,0.11106379
59.0,0.6428571428571428,0.9285714285714285,0.09792528
59.0,0.7142857142857142,0.9285714285714285,0.07898308
59.0,0.7857142857142857,0.9285714285714285,0.05828432
59.0,0.8571428571428571,0.9285714285714285,0.037670866
59.0,0.9285714285714285,0.9285714285714285,0.016530592
59.0,1.0,0.9285714285714285,-0.006806628
59.0,0.0,1.0,-0.011288386
59.0,0.07142857142857142,1.0,-0.004532644
59.0,0.14285714285714285,1.0,-0.0018051062
59.0,0.21428571428571427,1.0,-0.0011736257
59.0,0.2857142857142857,1.0,-0.0009658942
59.0,0.3571428571428571,1.0,-0.00027321
59.0,0.42857142857142855,1.0,0.0011240086
59.0,0.5,1.0,0.0030106073
59.0,0.5714285714285714,1.0,0.004510558
59.0,0.6428571428571428,1.0,0.004425659
59.0,0.7142857142857142,1.0,0.0027512377
59.0,0.7857142857142857,1.0,0.00045554247
59.0,0.8571428571428571,1.0,-0.0024228143
59.0,0.9285714285714285,1.0,-0.0073598335
59.0,1.0,1.0,-0.01643031
60.0,0.0,0.0,-0.014393884
60.0,0.07142857142857142,0.0,-0.0071286084
60.0,0.14285714285714285,0.0,-0.0035039345
60.0,0.21428571428571427,0.0,-0.002327702
60.0,0.2857142857142857,0.0,-0.0014518099
60.0,0.3571428571428571,0.0,0.0009667715
60.0,0.42857142857142855,0.0,0.004194849
60.0,0.5,0.0,0.0053909766
60.0,0.5714285714285714,0.0,0.0034415936
60.0,0.6428571428571428,0.0,0.00054668915
60.0,0.7142857142857142,0.0,-0.00069149304
60.0,0.7857142857142857,0.0,-0.00034692977
60.0,0.8571428571428571,0.0,-0.0007420713
60.0,0.9285714285714285,0.0,-0.0041753063
60.0,1.0,0.0,-0.012159445
60.0,0.0,0.07142857142857142,-0.0074291704
60.0,0.07142857142857142,0.07142857142857142,0.01595138
60.0,0.14285714285714285,0.07142857142857142,0.037680954
60.0,0.21428571428571427,0.07142857142857142,0.05800783
60.0,0.2857142857142857,0.07142857142857142,0.077461936
60.0,0.3571428571428571,0.07142857142857142,0.09580181
60.0,0.42857142857142855,0.07142857142857142,0.10982454
60.0,0.5,0.07142857142857142,0.11436813
60.0,0.5714285714285714,0.07142857142857142,0.10779597
60.0,0.6428571428571428,0.07142857142857142,0.09394081
60.0,0.7142857142857142,0.07142857142857142,0.07752992
60.0,0.7857142857142857,0.07142857142857142,0.060110345
60.0,0.8571428571428571,0.07142857142857142,0.040999938
60.0,0.9285714285714285,0.07142857142857142,0.01958175
60.0,1.0,0.07142857142857142,-0.00488066
60.0,0.0,0.14285714285714285,-0.0040248455
60.0,0.07142857142857142,0.14285714285714285,0.036422607
60.0,0.14285714285714285,0.14285714285714285,0.07756523
60.0,0.21428571428571427,0.14285714285714285,0.11866128
60.0,0.2857142857142857,0.14285714285714285,0.15847124
60.0,0.3571428571428571,0.14285714285714285,0.19443825
60.0,0.42857142857142855,0.14285714285714285,0.22067009
60.0,0.5,0.14285714285714285,0.2294745
60.0,0.5714285714285714,0.14285714285714285,0.21851099
60.0,0.6428571428571428,0.14285714285714285,0.19298755
60.0,0.7142857142857142,0.14285714285714285,0.15951197
60.0,0.7857142857142857,0.14285714285714285,0.12164765
60.0,0.8571428571428571,0.14285714285714285,0.08133862
60.0,0.9285714285714285,0.14285714285714285,0.040170483
60.0,1.0,0.14285714285714285,-0.0020451257
60.0,0.0,0.21428571428571427,-0.0016837725
60.0,0.07142857142857142,0.21428571428571427,0.056472972
60.0,0.14285714285714285,0.21428571428571427,0.11751392
60.0,0.21428571428571427,0.21428571428571427,0.17966323
60.0,0.2857142857142857,0.21428571428571427,0.23998855
60.0,0.3571428571428571,0.21428571428571427,0.29377297
60.0,0.42857142857142855,0.21428571428571427,0.33258405
60.0,0.5,0.21428571428571427,0.34619462
60.0,0.5714285714285714,0.21428571428571427,0.33131716
60.0,0.6428571428571428,0.21428571428571427,0.29398808
60.0,0.7142857142857142,0.21428571428571427,0.24232022
60.0,0.7857142857142857,0.21428571428571427,0.18246178
60.0,0.8571428571428571,0.21428571428571427,0.11986766
60.0,0.9285714285714285,0.21428571428571427,0.058384553
60.0,1.0,0.21428571428571427,-0.0020015622
60.0,0.0,0.2857142857142857,0.00097535085
60.0,0.07142857142857142,0.2857142857142857,0.077186994
60.0,0.14285714285714285,0.2857142857142857,0.15778992
60.0,0.21428571428571427,0.2857142857142857,0.2399789
60.0,0.2857142857142857,0.2857142857142857,0.31947547
60.0,0.3571428571428571,0.2857142857142857,0.38991722
60.0,0.42857142857142855,0.2857142857142857,0.4406825
60.0,0.5,0.2857142857142857,0.4590101
60.0,0.5714285714285714,0.2857142857142857,0.4404007
60.0,0.6428571428571428,0.2857142857142857,0.39136037
60.0,0.7142857142857142,0.2857142857142857,0.32149765
60.0,0.7857142857142857,0.2857142857142857,0.24010737
60.0,0.8571428571428571,0.2857142857142857,0.15626842
60.0,0.9285714285714285,0.2857142857142857,0.0754575
60.0,1.0,0.2857142857142857,-0.0023686672
60.0,0.0,0.3571428571428571,0.0027528172
60.0,0.07142857142857142,0.3571428571428571,0.0965898
60.0,0.14285714285714285,0.3571428571428571,0.19533606
60.0,0.21428571428571427,0.3571428571428571,0.2952288
60.0,0.2857142857142857,0.3571428571428571,0.391146
60.0,0.3571428571428571,0.3571428571428571,0.47576952
60.0,0.42857142857142855,0.3571428571428571,0.53677016
60.0,0.5,0.3571428571428571,0.55888414
60.0,0.5714285714285714,0.3571428571428571,0.5363531
60.0,0.6428571428571428,0.3571428571428571,0.47646603
60.0,0.7142857142857142,0.3571428571428571,0.39074257
60.0,0.7857142857142857,0.3571428571428571,0.29138076
60.0,0.8571428571428571,0.3571428571428571,0.18985529
60.0,0.9285714285714285,0.3571428571428571,0.09234396
60.0,1.0,0.3571428571428571,-0.00083615724
60.0,0.0,0.42857142857142855,0.00012072828
60.0,0.07142857142857142,0.42857142857142855,0.10855017
60.0,0.14285714285714285,0.42857142857142855,0.22167923
60.0,0.21428571428571427,0.42857142857142855,0.33488044
60.0,0.2857142857142857,0.42857142857142855,0.44253913
60.0,0.3571428571428571,0.42857142857142855,0.5369802
60.0,0.42857142857142855,0.42857142857142855,0.6050297
60.0,0.5,0.42857142857142855,0.6295876
60.0,0.5714285714285714,0.42857142857142855,0.60400766
60.0,0.6428571428571428,0.42857142857142855,0.5368926
60.0,0.7142857142857142,0.42857142857142855,0.44143987
60.0,0.7857142857142857,0.42857142857142855,0.33100203
60.0,0.8571428571428571,0.42857142857142855,0.21752405
60.0,0.9285714285714285,0.42857142857142855,0.107620925
60.0,1.0,0.42857142857142855,0.002988725
60.0,0.0,0.5,-0.0037755156
60.0,0.07142857142857142,0.5,0.11080364
60.0,0.14285714285714285,0.5,0.22983555
60.0,0.21428571428571427,0.5,0.3483095
60.0,0.2857142857142857,0.5,0.4603773
60.0,0.3571428571428571,0.5,0.5581278
60.0,0.42857142857142855,0.5,0.6282924
60.0,0.5,0.5,0.65355325
60.0,0.5714285714285714,0.5,0.62726325
60.0,0.6428571428571428,0.5,0.5589664
60.0,0.7142857142857142,0.5,0.4620751
60.0,0.7857142857142857,0.5,0.34896728
60.0,0.8571428571428571,0.5,0.2308987
60.0,0.9285714285714285,0.5,0.115384005
60.0,1.0,0.5,0.006115592
60.0,0.0,0.5714285714285714,-0.00204862
60.0,0.07142857142857142,0.5714285714285714,0.106789805
60.0,0.14285714285714285,0.5714285714285714,0.2200179
60.0,0.21428571428571427,0.5714285714285714,0.33350158
60.0,0.2857142857142857,0.5714285714285714,0.44175792
60.0,0.3571428571428571,0.5714285714285714,0.5364363
60.0,0.42857142857142855,0.5714285714285714,0.60397273
60.0,0.5,0.5714285714285714,0.62787354
60.0,0.5714285714285714,0.5714285714285714,0.6022635
60.0,0.6428571428571428,0.5714285714285714,0.5368233
60.0,0.7142857142857142,0.5714285714285714,0.44435963
60.0,0.7857142857142857,0.5714285714285714,0.33583042
60.0,0.8571428571428571,0.5714285714285714,0.22161503
60.0,0.9285714285714285,0.5714285714285714,0.10989073
60.0,1.0,0.5714285714285714,0.0054366207
60.0,0.0,0.6428571428571428,0.00053743925
60.0,0.07142857142857142,0.6428571428571428,0.09499078
60.0,0.14285714285714285,0.6428571428571428,0.19340272
60.0,0.21428571428571427,0.6428571428571428,0.29322702
60.0,0.2857142857142857,0.6428571428571428,0.38987476
60.0,0.3571428571428571,0.6428571428571428,0.4751216
60.0,0.42857142857142855,0.6428571428571428,0.536003
60.0,0.5,0.6428571428571428,0.55795956
60.0,0.5714285714285714,0.6428571428571428,0.53554255
60.0,0.6428571428571428,0.6428571428571428,0.47663918
60.0,0.7142857142857142,0.6428571428571428,0.39306602
60.0,0.7857142857142857,0.6428571428571428,0.29540145
60.0,0.8571428571428571,0.6428571428571428,0.19339898
60.0,0.9285714285714285,0.6428571428571428,0.0946676
60.0,1.0,0.6428571428571428,0.0033294698
60.0,0.0,0.7142857142857142,0.0012511155
60.0,0.07142857142857142,0.7142857142857142,0.07794125
60.0,0.14285714285714285,0.7142857142857142,0.15739508
60.0,0.21428571428571427,0.7142857142857142,0.23842497
60.0,0.2857142857142857,0.7142857142857142,0.31764132
60.0,0.3571428571428571,0.7142857142857142,0.3879867
60.0,0.42857142857142855,0.7142857142857142,0.43851653
60.0,0.5,0.7142857142857142,0.45760074
60.0,0.5714285714285714,0.7142857142857142,0.44010845
60.0,0.6428571428571428,0.7142857142857142,0.39105615
60.0,0.7142857142857142,0.7142857142857142,0.32076624
60.0,0.7857142857142857,0.7142857142857142,0.23966561
60.0,0.8571428571428571,0.7142857142857142,0.15637648
60.0,0.9285714285714285,0.7142857142857142,0.07653903
60.0,1.0,0.7142857142857142,0.0025364598
60.0,0.0,0.7857142857142857,0.0011349684
60.0,0.07142857142857142,0.7857142857142857,0.05964143
60.0,0.14285714285714285,0.7857142857142857,0.11925239
60.0,0.21428571428571427,0.7857142857142857,0.17979008
60.0,0.2857142857142857,0.7857142857142857,0.2391759
60.0,0.3571428571428571,0.7857142857142857,0.2921374
60.0,0.42857142857142855,0.7857142857142857,0.33037528
60.0,0.5,0.7857142857142857,0.34525785
60.0,0.5714285714285714,0.7857142857142857,0.3322784
60.0,0.6428571428571428,0.7857142857142857,0.2943009
60.0,0.7142857142857142,0.7857142857142857,0.23998119
60.0,0.7857142857142857,0.7857142857142857,0.17865779
60.0,0.8571428571428571,0.7857142857142857,0.116869785
60.0,0.9285714285714285,0.7857142857142857,0.05769866
60.0,1.0,0.7857142857142857,0.0017029522
60.0,0.0,0.8571428571428571,0.00035804417
60.0,0.07142857142857142,0.8571428571428571,0.041130245
60.0,0.14285714285714285,0.8571428571428571,0.08115829
60.0,0.21428571428571427,0.8571428571428571,0.12106105
60.0,0.2857142857142857,0.8571428571428571,0.16005777
60.0,0.3571428571428571,0.8571428571428571,0.1948903
60.0,0.42857142857142855,0.8571428571428571,0.22010608
60.0,0.5,0.8571428571428571,0.23002167
60.0,0.5714285714285714,0.8571428571428571,0.22126946
60.0,0.6428571428571428,0.8571428571428571,0.19529372
60.0,0.7142857142857142,0.8571428571428571,0.15843144
60.0,0.7857142857142857,0.8571428571428571,0.11772651
60.0,0.8571428571428571,0.8571428571428571,0.07727184
60.0,0.9285714285714285,0.8571428571428571,0.037971087
60.0,1.0,0.8571428571428571,-0.0009807134
60.0,0.0,0.9285714285714285,-0.0028209062
60.0,0.07142857142857142,0.9285714285714285,0.020715274
60.0,0.14285714285714285,0.9285714285714285,0.041705124
60.0,0.21428571428571427,0.9285714285714285,0.06142494
60.0,0.2857142857142857,0.9285714285714285,0.08031912
60.0,0.3571428571428571,0.9285714285714285,0.09722539
60.0,0.42857142857142855,0.9285714285714285,0.10964585
60.0,0.5,0.9285714285714285,0.11486105
60.0,0.5714285714285714,0.9285714285714285,0.11090076
60.0,0.6428571428571428,0.9285714285714285,0.09788902
60.0,0.7142857142857142,0.9285714285714285,0.07903476
60.0,0.7857142857142857,0.9285714285714285,0.05835162
60.0,0.8571428571428571,0.9285714285714285,0.037710182
60.0,0.9285714285714285,0.9285714285714285,0.016556535
60.0,1.0,0.9285714285714285,-0.0067289704
60.0,0.0,1.0,-0.0113749225
60.0,0.07142857142857142,1.0,-0.004565945
60.0,0.14285714285714285,1.0,-0.0017429097
60.0,0.21428571428571427,1.0,-0.001021876
60.0,0.2857142857142857,1.0,-0.0007743882
60.0,0.3571428571428571,1.0,-0.000100136735
60.0,0.42857142857142855,1.0,0.0012589237
60.0,0.5,1.0,0.0031393087
60.0,0.5714285714285714,1.0,0.004679314
60.0,0.6428571428571428,1.0,0.004647567
60.0,0.7142857142857142,1.0,0.0029917127
60.0,0.7857142857142857,1.0,0.0006586304
60.0,0.8571428571428571,1.0,-0.0022911849
60.0,0.9285714285714285,1.0,-0.0072852233
60.0,1.0,1.0,-0.01635582
