time,x,y,temperature
1.0,0.0,0.0,-0.013526362
1.0,0.07142857142857142,0.0,-0.0032776827
1.0,0.14285714285714285,0.0,-0.00047959108
1.0,0.21428571428571427,0.0,-0.003768851
1.0,0.2857142857142857,0.0,-0.008131702
1.0,0.3571428571428571,0.0,-0.005831008
1.0,0.42857142857142855,0.0,0.0032194657
1.0,0.5,0.0,0.006214219
1.0,0.5714285714285714,0.0,-0.0014888095
1.0,0.6428571428571428,0.0,-0.008849555
1.0,0.7142857142857142,0.0,-0.009591212
1.0,0.7857142857142857,0.0,-0.0074407095
1.0,0.8571428571428571,0.0,-0.0075383717
1.0,0.9285714285714285,0.0,-0.012593144
1.0,1.0,0.0,-0.02355808
1.0,0.0,0.07142857142857142,-0.003548433
1.0,0.07142857142857142,0.07142857142857142,0.023520648
1.0,0.14285714285714285,0.07142857142857142,0.044866495
1.0,0.21428571428571427,0.07142857142857142,0.061005704
1.0,0.2857142857142857,0.07142857142857142,0.07588772
1.0,0.3571428571428571,0.07142857142857142,0.09713221
1.0,0.42857142857142855,0.07142857142857142,0.12387314
1.0,0.5,0.07142857142857142,0.13435294
1.0,0.5714285714285714,0.07142857142857142,0.11830301
1.0,0.6428571428571428,0.07142857142857142,0.0950863
1.0,0.7142857142857142,0.07142857142857142,0.07706507
1.0,0.7857142857142857,0.07142857142857142,0.060992472
1.0,0.8571428571428571,0.07142857142857142,0.04228788
1.0,0.9285714285714285,0.07142857142857142,0.019251622
1.0,1.0,0.07142857142857142,-0.008573943
1.0,0.0,0.14285714285714285,-0.00063927565
1.0,0.07142857142857142,0.14285714285714285,0.044396743
1.0,0.14285714285714285,0.14285714285714285,0.08584533
1.0,0.21428571428571427,0.14285714285714285,0.123354994
1.0,0.2857142857142857,0.14285714285714285,0.1596708
1.0,0.3571428571428571,0.14285714285714285,0.20218824
1.0,0.42857142857142855,0.14285714285714285,0.25005192
1.0,0.5,0.14285714285714285,0.2708891
1.0,0.5714285714285714,0.14285714285714285,0.24484259
1.0,0.6428571428571428,0.14285714285714285,0.2020825
1.0,0.7142857142857142,0.14285714285714285,0.16294478
1.0,0.7857142857142857,0.14285714285714285,0.12511775
1.0,0.8571428571428571,0.14285714285714285,0.08525205
1.0,0.9285714285714285,0.14285714285714285,0.04265064
1.0,1.0,0.14285714285714285,-0.0030705119
1.0,0.0,0.21428571428571427,-0.0034506312
1.0,0.07142857142857142,0.21428571428571427,0.06067083
1.0,0.14285714285714285,0.21428571428571427,0.12335392
1.0,0.21428571428571427,0.21428571428571427,0.1831597
1.0,0.2857142857142857,0.21428571428571427,0.24140668
1.0,0.3571428571428571,0.21428571428571427,0.30516443
1.0,0.42857142857142855,0.21428571428571427,0.3750183
1.0,0.5,0.21428571428571427,0.40819967
1.0,0.5714285714285714,0.21428571428571427,0.3711731
1.0,0.6428571428571428,0.21428571428571427,0.3068346
1.0,0.7142857142857142,0.21428571428571427,0.24483377
1.0,0.7857142857142857,0.21428571428571427,0.1840389
1.0,0.8571428571428571,0.21428571428571427,0.12247255
1.0,0.9285714285714285,0.21428571428571427,0.059908144
1.0,1.0,0.21428571428571427,-0.004211561
1.0,0.0,0.2857142857142857,-0.008786952
1.0,0.07142857142857142,0.2857142857142857,0.07557077
1.0,0.14285714285714285,0.2857142857142857,0.1603944
1.0,0.21428571428571427,0.2857142857142857,0.24273527
1.0,0.2857142857142857,0.2857142857142857,0.32223
1.0,0.3571428571428571,0.2857142857142857,0.4055987
1.0,0.42857142857142855,0.2857142857142857,0.49622548
1.0,0.5,0.2857142857142857,0.5426974
1.0,0.5714285714285714,0.2857142857142857,0.49424475
1.0,0.6428571428571428,0.2857142857142857,0.4079033
1.0,0.7142857142857142,0.2857142857142857,0.32365364
1.0,0.7857142857142857,0.2857142857142857,0.24109215
1.0,0.8571428571428571,0.2857142857142857,0.15864602
1.0,0.9285714285714285,0.2857142857142857,0.07594809
1.0,1.0,0.2857142857142857,-0.0070937136
1.0,0.0,0.3571428571428571,-0.0105688395
1.0,0.07142857142857142,0.3571428571428571,0.09465003
1.0,0.14285714285714285,0.3571428571428571,0.20215255
1.0,0.21428571428571427,0.3571428571428571,0.3070726
1.0,0.2857142857142857,0.3571428571428571,0.40722916
1.0,0.3571428571428571,0.3571428571428571,0.5090526
1.0,0.42857142857142855,0.3571428571428571,0.6193106
1.0,0.5,0.3571428571428571,0.67977667
1.0,0.5714285714285714,0.3571428571428571,0.6194777
1.0,0.6428571428571428,0.3571428571428571,0.51110345
1.0,0.7142857142857142,0.3571428571428571,0.4063003
1.0,0.7857142857142857,0.3571428571428571,0.30372244
1.0,0.8571428571428571,0.3571428571428571,0.20051849
1.0,0.9285714285714285,0.3571428571428571,0.096590176
1.0,1.0,0.3571428571428571,-0.0060346434
1.0,0.0,0.42857142857142855,-0.0038680537
1.0,0.07142857142857142,0.42857142857142855,0.12009635
1.0,0.14285714285714285,0.42857142857142855,0.24867079
1.0,0.21428571428571427,0.42857142857142855,0.37533665
1.0,0.2857142857142857,0.42857142857142855,0.49639022
1.0,0.3571428571428571,0.42857142857142855,0.6178709
1.0,0.42857142857142855,0.42857142857142855,0.74877745
1.0,0.5,0.42857142857142855,0.824385
1.0,0.5714285714285714,0.42857142857142855,0.7519555
1.0,0.6428571428571428,0.42857142857142855,0.62088907
1.0,0.7142857142857142,0.42857142857142855,0.49592018
1.0,0.7857142857142857,0.42857142857142855,0.37318194
1.0,0.8571428571428571,0.42857142857142855,0.24814409
1.0,0.9285714285714285,0.42857142857142855,0.12243713
1.0,1.0,0.42857142857142855,0.001325964
1.0,0.0,0.5,0.0027653305
1.0,0.07142857142857142,0.5,0.13454907
1.0,0.14285714285714285,0.5,0.27278158
1.0,0.21428571428571427,0.5,0.41076386
1.0,0.2857142857142857,0.5,0.5443493
1.0,0.3571428571428571,0.5,0.6789273
1.0,0.42857142857142855,0.5,0.82323676
1.0,0.5,0.5,0.9083198
1.0,0.5714285714285714,0.5,0.8273334
1.0,0.6428571428571428,0.5,0.6814767
1.0,0.7142857142857142,0.5,0.54515064
1.0,0.7857142857142857,0.5,0.41151553
1.0,0.8571428571428571,0.5,0.27437723
1.0,0.9285714285714285,0.5,0.13691753
1.0,1.0,0.5,0.006746753
1.0,0.0,0.5714285714285714,-0.0010828013
1.0,0.07142857142857142,0.5714285714285714,0.1206995
1.0,0.14285714285714285,0.5714285714285714,0.2471835
1.0,0.21428571428571427,0.5714285714285714,0.3730207
1.0,0.2857142857142857,0.5714285714285714,0.49535626
1.0,0.3571428571428571,0.5714285714285714,0.6193826
1.0,0.42857142857142855,0.5714285714285714,0.7513357
1.0,0.5,0.5714285714285714,0.8267658
1.0,0.5714285714285714,0.5714285714285714,0.7486942
1.0,0.6428571428571428,0.5714285714285714,0.614129
1.0,0.7142857142857142,0.5714285714285714,0.49260992
1.0,0.7857142857142857,0.5714285714285714,0.37356132
1.0,0.8571428571428571,0.5714285714285714,0.24875072
1.0,0.9285714285714285,0.5714285714285714,0.12138068
1.0,1.0,0.5714285714285714,-0.0003603408
1.0,0.0,0.6428571428571428,-0.0070100585
1.0,0.07142857142857142,0.6428571428571428,0.096307576
1.0,0.14285714285714285,0.6428571428571428,0.20124368
1.0,0.21428571428571427,0.6428571428571428,0.30467126
1.0,0.2857142857142857,0.6428571428571428,0.4062612
1.0,0.3571428571428571,0.6428571428571428,0.51157796
1.0,0.42857142857142855,0.6428571428571428,0.6227139
1.0,0.5,0.6428571428571428,0.68329173
1.0,0.5714285714285714,0.6428571428571428,0.6179103
1.0,0.6428571428571428,0.6428571428571428,0.5049717
1.0,0.7142857142857142,0.6428571428571428,0.40382385
1.0,0.7857142857142857,0.6428571428571428,0.30572143
1.0,0.8571428571428571,0.6428571428571428,0.2022422
1.0,0.9285714285714285,0.6428571428571428,0.09511583
1.0,1.0,0.6428571428571428,-0.009180472
1.0,0.0,0.7142857142857142,-0.008574636
1.0,0.07142857142857142,0.7142857142857142,0.07585892
1.0,0.14285714285714285,0.7142857142857142,0.15929188
1.0,0.21428571428571427,0.7142857142857142,0.24041498
1.0,0.2857142857142857,0.7142857142857142,0.3207923
1.0,0.3571428571428571,0.7142857142857142,0.40610424
1.0,0.42857142857142855,0.7142857142857142,0.4957804
1.0,0.5,0.7142857142857142,0.5442477
1.0,0.5714285714285714,0.7142857142857142,0.4961735
1.0,0.6428571428571428,0.7142857142857142,0.4060627
1.0,0.7142857142857142,0.7142857142857142,0.32335705
1.0,0.7857142857142857,0.7142857142857142,0.24465823
1.0,0.8571428571428571,0.7142857142857142,0.16245644
1.0,0.9285714285714285,0.7142857142857142,0.07646805
1.0,1.0,0.7142857142857142,-0.009358567
1.0,0.0,0.7857142857142857,-0.0069628516
1.0,0.07142857142857142,0.7857142857142857,0.059630387
1.0,0.14285714285714285,0.7857142857142857,0.12284038
1.0,0.21428571428571427,0.7857142857142857,0.18244477
1.0,0.2857142857142857,0.7857142857142857,0.24110171
1.0,0.3571428571428571,0.7857142857142857,0.30441785
1.0,0.42857142857142855,0.7857142857142857,0.37093395
1.0,0.5,0.7857142857142857,0.40706396
1.0,0.5714285714285714,0.7857142857142857,0.374657
1.0,0.6428571428571428,0.7857142857142857,0.30760628
1.0,0.7142857142857142,0.7857142857142857,0.24462464
1.0,0.7857142857142857,0.7857142857142857,0.1863741
1.0,0.8571428571428571,0.7857142857142857,0.12600136
1.0,0.9285714285714285,0.7857142857142857,0.061251566
1.0,1.0,0.7857142857142857,-0.0061797695
1.0,0.0,0.8571428571428571,-0.005244815
1.0,0.07142857142857142,0.8571428571428571,0.04402057
1.0,0.14285714285714285,0.8571428571428571,0.087437384
1.0,0.21428571428571427,0.8571428571428571,0.12551272
1.0,0.2857142857142857,0.8571428571428571,0.1617723
1.0,0.3571428571428571,0.8571428571428571,0.20189787
1.0,0.42857142857142855,0.8571428571428571,0.24493447
1.0,0.5,0.8571428571428571,0.2686227
1.0,0.5714285714285714,0.8571428571428571,0.24861431
1.0,0.6428571428571428,0.8571428571428571,0.20395601
1.0,0.7142857142857142,0.8571428571428571,0.16212766
1.0,0.7857142857142857,0.8571428571428571,0.12530002
1.0,0.8571428571428571,0.8571428571428571,0.0869358
1.0,0.9285714285714285,0.8571428571428571,0.043167073
1.0,1.0,0.8571428571428571,-0.006081798
1.0,0.0,0.9285714285714285,-0.0071501816
1.0,0.07142857142857142,0.9285714285714285,0.024330888
1.0,0.14285714285714285,0.9285714285714285,0.047525853
1.0,0.21428571428571427,0.9285714285714285,0.06388993
1.0,0.2857142857142857,0.9285714285714285,0.0780519
1.0,0.3571428571428571,0.9285714285714285,0.09606599
1.0,0.42857142857142855,0.9285714285714285,0.11830718
1.0,0.5,0.9285714285714285,0.13165386
1.0,0.5714285714285714,0.9285714285714285,0.12156717
1.0,0.6428571428571428,0.9285714285714285,0.097435705
1.0,0.7142857142857142,0.9285714285714285,0.07652163
1.0,0.7857142857142857,0.9285714285714285,0.060554363
1.0,0.8571428571428571,0.9285714285714285,0.04320442
1.0,0.9285714285714285,0.9285714285714285,0.019479651
1.0,1.0,0.9285714285714285,-0.012076617
1.0,0.0,1.0,-0.01720485
1.0,0.07142857142857142,1.0,-0.0045446353
1.0,0.14285714285714285,1.0,-0.0018150834
1.0,0.21428571428571427,1.0,-0.0060496666
1.0,0.2857142857142857,1.0,-0.011343739
1.0,0.3571428571428571,1.0,-0.011311867
1.0,0.42857142857142855,1.0,-0.0043781707
1.0,0.5,1.0,0.0024126163
1.0,0.5714285714285714,1.0,0.00054025557
1.0,0.6428571428571428,1.0,-0.006322087
1.0,0.7142857142857142,1.0,-0.008724206
1.0,0.7857142857142857,1.0,-0.006192577
1.0,0.8571428571428571,1.0,-0.004833215
1.0,0.9285714285714285,1.0,-0.010296491
1.0,1.0,1.0,-0.025134586
2.0,0.0,0.0,-0.014116173
2.0,0.07142857142857142,0.0,-0.003808421
2.0,0.14285714285714285,0.0,-0.0009829076
2.0,0.21428571428571427,0.0,-0.004320544
2.0,0.2857142857142857,0.0,-0.008853116
2.0,0.3571428571428571,0.0,-0.006850493
2.0,0.42857142857142855,0.0,0.0018860316
2.0,0.5,0.0,0.0047816774
2.0,0.5714285714285714,0.0,-0.0027536796
2.0,0.6428571428571428,0.0,-0.009842389
2.0,0.7142857142857142,0.0,-0.010328968
2.0,0.7857142857142857,0.0,-0.008011506
2.0,0.8571428571428571,0.0,-0.008066406
2.0,0.9285714285714285,0.0,-0.013186694
2.0,1.0,0.0,-0.024287984
2.0,0.0,0.07142857142857142,-0.004225065
2.0,0.07142857142857142,0.07142857142857142,0.022956312
2.0,0.14285714285714285,0.07142857142857142,0.044407576
2.0,0.21428571428571427,0.07142857142857142,0.060600378
2.0,0.2857142857142857,0.07142857142857142,0.07540965
2.0,0.3571428571428571,0.07142857142857142,0.09638982
2.0,0.42857142857142855,0.07142857142857142,0.12275811
2.0,0.5,0.07142857142857142,0.13310203
2.0,0.5714285714285714,0.07142857142857142,0.11726377
2.0,0.6428571428571428,0.07142857142857142,0.09433965
2.0,0.7142857142857142,0.07142857142857142,0.076540105
2.0,0.7857142857142857,0.07142857142857142,0.060562067
2.0,0.8571428571428571,0.07142857142857142,0.041811146
2.0,0.9285714285714285,0.07142857142857142,0.018627457
2.0,1.0,0.07142857142857142,-0.009394878
2.0,0.0,0.14285714285714285,-0.0013730312
2.0,0.07142857142857142,0.14285714285714285,0.04382299
2.0,0.14285714285714285,0.14285714285714285,0.08544644
2.0,0.21428571428571427,0.14285714285714285,0.123100616
2.0,0.2857142857142857,0.14285714285714285,0.15943412
2.0,0.3571428571428571,0.14285714285714285,0.20170651
2.0,0.42857142857142855,0.14285714285714285,0.24908027
2.0,0.5,0.14285714285714285,0.26969323
2.0,0.5714285714285714,0.14285714285714285,0.24393773
2.0,0.6428571428571428,0.14285714285714285,0.20153594
2.0,0.7142857142857142,0.14285714285714285,0.16261071
2.0,0.7857142857142857,0.14285714285714285,0.12481748
2.0,0.8571428571428571,0.14285714285714285,0.0848306
2.0,0.9285714285714285,0.14285714285714285,0.042017803
2.0,1.0,0.14285714285714285,-0.0039458433
2.0,0.0,0.21428571428571427,-0.0041952757
2.0,0.07142857142857142,0.21428571428571427,0.060137756
2.0,0.14285714285714285,0.21428571428571427,0.123057015
2.0,0.21428571428571427,0.21428571428571427,0.18308088
2.0,0.2857142857142857,0.21428571428571427,0.24141291
2.0,0.3571428571428571,0.21428571428571427,0.3049154
2.0,0.42857142857142855,0.21428571428571427,0.3740929
2.0,0.5,0.21428571428571427,0.40689495
2.0,0.5714285714285714,0.21428571428571427,0.3702845
2.0,0.6428571428571428,0.21428571428571427,0.30642897
2.0,0.7142857142857142,0.21428571428571427,0.2446607
2.0,0.7857142857142857,0.21428571428571427,0.18386209
2.0,0.8571428571428571,0.21428571428571427,0.1221245
2.0,0.9285714285714285,0.21428571428571427,0.05930631
2.0,1.0,0.21428571428571427,-0.00509102
2.0,0.0,0.2857142857142857,-0.009537781
2.0,0.07142857142857142,0.2857142857142857,0.07509488
2.0,0.14285714285714285,0.2857142857142857,0.16021219
2.0,0.21428571428571427,0.2857142857142857,0.2428182
2.0,0.2857142857142857,0.2857142857142857,0.3224262
2.0,0.3571428571428571,0.2857142857142857,0.40549764
2.0,0.42857142857142855,0.2857142857142857,0.49521726
2.0,0.5,0.2857142857142857,0.5411056
2.0,0.5714285714285714,0.2857142857142857,0.4932468
2.0,0.6428571428571428,0.2857142857142857,0.4075523
2.0,0.7142857142857142,0.2857142857142857,0.323566
2.0,0.7857142857142857,0.2857142857142857,0.24098629
2.0,0.8571428571428571,0.2857142857142857,0.15834993
2.0,0.9285714285714285,0.2857142857142857,0.07538084
2.0,1.0,0.2857142857142857,-0.007954725
2.0,0.0,0.3571428571428571,-0.011467724
2.0,0.07142857142857142,0.3571428571428571,0.09409647
2.0,0.14285714285714285,0.3571428571428571,0.20193972
2.0,0.21428571428571427,0.3571428571428571,0.3071313
2.0,0.2857142857142857,0.3571428571428571,0.4073667
2.0,0.3571428571428571,0.3571428571428571,0.50880617
2.0,0.42857142857142855,0.3571428571428571,0.6179109
2.0,0.5,0.3571428571428571,0.6775747
2.0,0.5714285714285714,0.3571428571428571,0.61809766
2.0,0.6428571428571428,0.3571428571428571,0.51054394
2.0,0.7142857142857142,0.3571428571428571,0.4060336
2.0,0.7857142857142857,0.3571428571428571,0.30346066
2.0,0.8571428571428571,0.3571428571428571,0.20010969
2.0,0.9285714285714285,0.3571428571428571,0.0959553
2.0,1.0,0.3571428571428571,-0.006926448
2.0,0.0,0.42857142857142855,-0.005191601
2.0,0.07142857142857142,0.42857142857142855,0.11914069
2.0,0.14285714285714285,0.42857142857142855,0.24804658
2.0,0.21428571428571427,0.42857142857142855,0.374905
2.0,0.2857142857142857,0.42857142857142855,0.49587876
2.0,0.3571428571428571,0.42857142857142855,0.6167636
2.0,0.42857142857142855,0.42857142857142855,0.74621165
2.0,0.5,0.42857142857142855,0.8207819
2.0,0.5714285714285714,0.42857142857142855,0.74944544
2.0,0.6428571428571428,0.42857142857142855,0.6194286
2.0,0.7142857142857142,0.42857142857142855,0.4948715
2.0,0.7857142857142857,0.42857142857142855,0.37230757
2.0,0.8571428571428571,0.42857142857142855,0.24732095
2.0,0.9285714285714285,0.42857142857142855,0.12155805
2.0,1.0,0.42857142857142855,0.00031187292
2.0,0.0,0.5,0.0010768762
2.0,0.07142857142857142,0.5,0.13318038
2.0,0.14285714285714285,0.5,0.27166995
2.0,0.21428571428571427,0.5,0.4097074
2.0,0.2857142857142857,0.5,0.54299045
2.0,0.3571428571428571,0.5,0.6766867
2.0,0.42857142857142855,0.5,0.81921864
2.0,0.5,0.5,0.90305185
2.0,0.5714285714285714,0.5,0.82344925
2.0,0.6428571428571428,0.5,0.6790064
2.0,0.7142857142857142,0.5,0.54336494
2.0,0.7857142857142857,0.5,0.41016424
2.0,0.8571428571428571,0.5,0.27329588
2.0,0.9285714285714285,0.5,0.13592821
2.0,1.0,0.5,0.0057102507
2.0,0.0,0.5714285714285714,-0.0025764639
2.0,0.07142857142857142,0.5714285714285714,0.11952754
2.0,0.14285714285714285,0.5714285714285714,0.24628943
2.0,0.21428571428571427,0.5714285714285714,0.3722466
2.0,0.2857142857142857,0.5714285714285714,0.49441963
2.0,0.3571428571428571,0.5714285714285714,0.61780256
2.0,0.42857142857142855,0.5714285714285714,0.7482649
2.0,0.5,0.5714285714285714,0.8225617
2.0,0.5714285714285714,0.5714285714285714,0.74587107
2.0,0.6428571428571428,0.5714285714285714,0.6126864
2.0,0.7142857142857142,0.5714285714285714,0.4917053
2.0,0.7857142857142857,0.5714285714285714,0.37290704
2.0,0.8571428571428571,0.5714285714285714,0.24819773
2.0,0.9285714285714285,0.5714285714285714,0.12078262
2.0,1.0,0.5714285714285714,-0.0011030519
2.0,0.0,0.6428571428571428,-0.008029939
2.0,0.07142857142857142,0.6428571428571428,0.09560101
2.0,0.14285714285714285,0.6428571428571428,0.20082739
2.0,0.21428571428571427,0.6428571428571428,0.304458
2.0,0.2857142857142857,0.6428571428571428,0.40609545
2.0,0.3571428571428571,0.6428571428571428,0.5111228
2.0,0.42857142857142855,0.6428571428571428,0.62123716
2.0,0.5,0.6428571428571428,0.6809493
2.0,0.5714285714285714,0.6428571428571428,0.6167012
2.0,0.6428571428571428,0.6428571428571428,0.5048478
2.0,0.7142857142857142,0.6428571428571428,0.40394062
2.0,0.7857142857142857,0.6428571428571428,0.30579817
2.0,0.8571428571428571,0.6428571428571428,0.20219398
2.0,0.9285714285714285,0.6428571428571428,0.094877094
2.0,1.0,0.6428571428571428,-0.009644263
2.0,0.0,0.7142857142857142,-0.0092177475
2.0,0.07142857142857142,0.7142857142857142,0.07544594
2.0,0.14285714285714285,0.7142857142857142,0.15908188
2.0,0.21428571428571427,0.7142857142857142,0.24035692
2.0,0.2857142857142857,0.7142857142857142,0.32080433
2.0,0.3571428571428571,0.7142857142857142,0.40593898
2.0,0.42857142857142855,0.7142857142857142,0.49484015
2.0,0.5,0.7142857142857142,0.5426321
2.0,0.5714285714285714,0.7142857142857142,0.49541456
2.0,0.6428571428571428,0.7142857142857142,0.4061671
2.0,0.7142857142857142,0.7142857142857142,0.3235982
2.0,0.7857142857142857,0.7142857142857142,0.24478358
2.0,0.8571428571428571,0.7142857142857142,0.16241965
2.0,0.9285714285714285,0.7142857142857142,0.0762453
2.0,1.0,0.7142857142857142,-0.009777703
2.0,0.0,0.7857142857142857,-0.0073731923
2.0,0.07142857142857142,0.7857142857142857,0.059339702
2.0,0.14285714285714285,0.7857142857142857,0.12263761
2.0,0.21428571428571427,0.7857142857142857,0.1823032
2.0,0.2857142857142857,0.7857142857142857,0.2409867
2.0,0.3571428571428571,0.7857142857142857,0.3041446
2.0,0.42857142857142855,0.7857142857142857,0.3700498
2.0,0.5,0.7857142857142857,0.40567568
2.0,0.5714285714285714,0.7857142857142857,0.37388495
2.0,0.6428571428571428,0.7857142857142857,0.30750215
2.0,0.7142857142857142,0.7857142857142857,0.24461588
2.0,0.7857142857142857,0.7857142857142857,0.18626072
2.0,0.8571428571428571,0.7857142857142857,0.1257724
2.0,0.9285714285714285,0.7857142857142857,0.060903423
2.0,1.0,0.7857142857142857,-0.00665778
2.0,0.0,0.8571428571428571,-0.00551314
2.0,0.07142857142857142,0.8571428571428571,0.043768495
2.0,0.14285714285714285,0.8571428571428571,0.08717325
2.0,0.21428571428571427,0.8571428571428571,0.12523235
2.0,0.2857142857142857,0.8571428571428571,0.16147134
2.0,0.3571428571428571,0.8571428571428571,0.20143586
2.0,0.42857142857142855,0.8571428571428571,0.24399307
2.0,0.5,0.8571428571428571,0.26732424
2.0,0.5714285714285714,0.8571428571428571,0.24774703
2.0,0.6428571428571428,0.8571428571428571,0.20359904
2.0,0.7142857142857142,0.8571428571428571,0.16185182
2.0,0.7857142857142857,0.8571428571428571,0.12494867
2.0,0.8571428571428571,0.8571428571428571,0.08652488
2.0,0.9285714285714285,0.8571428571428571,0.042707063
2.0,1.0,0.8571428571428571,-0.0066078017
2.0,0.0,0.9285714285714285,-0.0073383832
2.0,0.07142857142857142,0.9285714285714285,0.024071604
2.0,0.14285714285714285,0.9285714285714285,0.0471795
2.0,0.21428571428571427,0.9285714285714285,0.06347474
2.0,0.2857142857142857,0.9285714285714285,0.07757785
2.0,0.3571428571428571,0.9285714285714285,0.095422775
2.0,0.42857142857142855,0.9285714285714285,0.11728751
2.0,0.5,0.9285714285714285,0.13038555
2.0,0.5714285714285714,0.9285714285714285,0.120599516
2.0,0.6428571428571428,0.9285714285714285,0.09686778
2.0,0.7142857142857142,0.9285714285714285,0.076045
2.0,0.7857142857142857,0.9285714285714285,0.060037144
2.0,0.8571428571428571,0.9285714285714285,0.042672984
2.0,0.9285714285714285,0.9285714285714285,0.018955976
2.0,1.0,0.9285714285714285,-0.012612243
2.0,0.0,1.0,-0.017376248
2.0,0.07142857142857142,1.0,-0.004852942
2.0,0.14285714285714285,1.0,-0.0022557052
2.0,0.21428571428571427,1.0,-0.00658693
2.0,0.2857142857142857,1.0,-0.011967246
2.0,0.3571428571428571,1.0,-0.0121083455
2.0,0.42857142857142855,1.0,-0.005470586
2.0,0.5,1.0,0.0011471724
2.0,0.5714285714285714,1.0,-0.00051346514
2.0,0.6428571428571428,1.0,-0.0070540393
2.0,0.7142857142857142,1.0,-0.009342742
2.0,0.7857142857142857,1.0,-0.006814887
2.0,0.8571428571428571,1.0,-0.005436511
2.0,0.9285714285714285,1.0,-0.010849928
2.0,1.0,1.0,-0.025653582
3.0,0.0,0.0,-0.014682789
3.0,0.07142857142857142,0.0,-0.0043151462
3.0,0.14285714285714285,0.0,-0.0014587166
3.0,0.21428571428571427,0.0,-0.0048355768
3.0,0.2857142857142857,0.0,-0.00952147
3.0,0.3571428571428571,0.0,-0.007798278
3.0,0.42857142857142855,0.0,0.00063639414
3.0,0.5,0.0,0.0034365533
3.0,0.5714285714285714,0.0,-0.0039332667
3.0,0.6428571428571428,0.0,-0.0107587995
3.0,0.7142857142857142,0.0,-0.011001506
3.0,0.7857142857142857,0.0,-0.008525007
3.0,0.8571428571428571,0.0,-0.008540229
3.0,0.9285714285714285,0.0,-0.013729588
3.0,1.0,0.0,-0.024969012
3.0,0.0,0.07142857142857142,-0.0048748637
3.0,0.07142857142857142,0.07142857142857142,0.022417381
3.0,0.14285714285714285,0.07142857142857142,0.043974634
3.0,0.21428571428571427,0.07142857142857142,0.06022595
3.0,0.2857142857142857,0.07142857142857142,0.07497532
3.0,0.3571428571428571,0.07142857142857142,0.09570693
3.0,0.42857142857142855,0.07142857142857142,0.12171029
3.0,0.5,0.07142857142857142,0.13191667
3.0,0.5714285714285714,0.07142857142857142,0.116289474
3.0,0.6428571428571428,0.07142857142857142,0.0936529
3.0,0.7142857142857142,0.07142857142857142,0.07606836
3.0,0.7857142857142857,0.07142857142857142,0.060181424
3.0,0.8571428571428571,0.07142857142857142,0.04138363
3.0,0.9285714285714285,0.07142857142857142,0.018053524
3.0,1.0,0.07142857142857142,-0.010164791
3.0,0.0,0.14285714285714285,-0.0020746412
3.0,0.07142857142857142,0.14285714285714285,0.04327724
3.0,0.14285714285714285,0.14285714285714285,0.08507182
3.0,0.21428571428571427,0.14285714285714285,0.122871794
3.0,0.2857142857142857,0.14285714285714285,0.1592315
3.0,0.3571428571428571,0.14285714285714285,0.20126995
3.0,0.42857142857142855,0.14285714285714285,0.24815556
3.0,0.5,0.14285714285714285,0.2685372
3.0,0.5714285714285714,0.14285714285714285,0.24307463
3.0,0.6428571428571428,0.14285714285714285,0.20103332
3.0,0.7142857142857142,0.14285714285714285,0.16231893
3.0,0.7857142857142857,0.14285714285714285,0.12456144
3.0,0.8571428571428571,0.14285714285714285,0.084456526
3.0,0.9285714285714285,0.14285714285714285,0.041437328
3.0,1.0,0.14285714285714285,-0.0047663236
3.0,0.0,0.21428571428571427,-0.0049002646
3.0,0.07142857142857142,0.21428571428571427,0.05963672
3.0,0.14285714285714285,0.21428571428571427,0.12278438
3.0,0.21428571428571427,0.21428571428571427,0.18302047
3.0,0.2857142857142857,0.21428571428571427,0.24143985
3.0,0.3571428571428571,0.21428571428571427,0.3046952
3.0,0.42857142857142855,0.21428571428571427,0.37319535
3.0,0.5,0.21428571428571427,0.40560532
3.0,0.5714285714285714,0.21428571428571427,0.36941755
3.0,0.6428571428571428,0.21428571428571427,0.30605268
3.0,0.7142857142857142,0.21428571428571427,0.24452004
3.0,0.7857142857142857,0.21428571428571427,0.18372363
3.0,0.8571428571428571,0.21428571428571427,0.12182269
3.0,0.9285714285714285,0.21428571428571427,0.058757305
3.0,1.0,0.21428571428571427,-0.005912044
3.0,0.0,0.2857142857142857,-0.0102376975
3.0,0.07142857142857142,0.2857142857142857,0.074657336
3.0,0.14285714285714285,0.2857142857142857,0.16005357
3.0,0.21428571428571427,0.2857142857142857,0.24291131
3.0,0.2857142857142857,0.2857142857142857,0.3226269
3.0,0.3571428571428571,0.2857142857142857,0.40540746
3.0,0.42857142857142855,0.2857142857142857,0.49422014
3.0,0.5,0.2857142857142857,0.53951037
3.0,0.5714285714285714,0.2857142857142857,0.49225628
3.0,0.6428571428571428,0.2857142857142857,0.40722013
3.0,0.7142857142857142,0.2857142857142857,0.32350257
3.0,0.7857142857142857,0.2857142857142857,0.24091306
3.0,0.8571428571428571,0.2857142857142857,0.1580974
3.0,0.9285714285714285,0.2857142857142857,0.07486663
3.0,1.0,0.2857142857142857,-0.008753785
3.0,0.0,0.3571428571428571,-0.012302667
3.0,0.07142857142857142,0.3571428571428571,0.09358903
3.0,0.14285714285714285,0.3571428571428571,0.20175
3.0,0.21428571428571427,0.3571428571428571,0.30718935
3.0,0.2857142857142857,0.3571428571428571,0.40748844
3.0,0.3571428571428571,0.3571428571428571,0.5085468
3.0,0.42857142857142855,0.3571428571428571,0.6165033
3.0,0.5,0.3571428571428571,0.6753497
3.0,0.5714285714285714,0.3571428571428571,0.61670876
3.0,0.6428571428571428,0.3571428571428571,0.5099925
3.0,0.7142857142857142,0.3571428571428571,0.40578026
3.0,0.7857142857142857,0.3571428571428571,0.30322242
3.0,0.8571428571428571,0.3571428571428571,0.19973901
3.0,0.9285714285714285,0.3571428571428571,0.09537321
3.0,1.0,0.3571428571428571,-0.0077521214
3.0,0.0,0.42857142857142855,-0.0064397464
3.0,0.07142857142857142,0.42857142857142855,0.11823837
3.0,0.14285714285714285,0.42857142857142855,0.24744415
3.0,0.21428571428571427,0.42857142857142855,0.37446082
3.0,0.2857142857142857,0.42857142857142855,0.49533004
3.0,0.3571428571428571,0.42857142857142855,0.61561567
3.0,0.42857142857142855,0.42857142857142855,0.74361026
3.0,0.5,0.42857142857142855,0.81712353
3.0,0.5714285714285714,0.42857142857142855,0.74689597
3.0,0.6428571428571428,0.42857142857142855,0.61795425
3.0,0.7142857142857142,0.42857142857142855,0.49382007
3.0,0.7857142857142857,0.42857142857142855,0.37144545
3.0,0.8571428571428571,0.42857142857142855,0.24653095
3.0,0.9285714285714285,0.42857142857142855,0.12073276
3.0,1.0,0.42857142857142855,-0.00063108
3.0,0.0,0.5,-0.00052722264
3.0,0.07142857142857142,0.5,0.13187441
3.0,0.14285714285714285,0.5,0.27058893
3.0,0.21428571428571427,0.5,0.40864512
3.0,0.2857142857142857,0.5,0.5415983
3.0,0.3571428571428571,0.5,0.67440856
3.0,0.42857142857142855,0.5,0.815167
3.0,0.5,0.5,0.8977213
3.0,0.5714285714285714,0.5,0.8195128
3.0,0.6428571428571428,0.5,0.6765154
3.0,0.7142857142857142,0.5,0.54157156
3.0,0.7857142857142857,0.5,0.4088205
3.0,0.8571428571428571,0.5,0.27224457
3.0,0.9285714285714285,0.5,0.13499084
3.0,1.0,0.5,0.004744447
3.0,0.0,0.5714285714285714,-0.0039797137
3.0,0.07142857142857142,0.5714285714285714,0.11842898
3.0,0.14285714285714285,0.5714285714285714,0.2454443
3.0,0.21428571428571427,0.5714285714285714,0.37149382
3.0,0.2857142857142857,0.5714285714285714,0.49348783
3.0,0.3571428571428571,0.5714285714285714,0.61622864
3.0,0.42857142857142855,0.5714285714285714,0.74520946
3.0,0.5,0.5714285714285714,0.8183493
3.0,0.5714285714285714,0.5714285714285714,0.743039
3.0,0.6428571428571428,0.5714285714285714,0.6112546
3.0,0.7142857142857142,0.5714285714285714,0.4908092
3.0,0.7857142857142857,0.5714285714285714,0.37226254
3.0,0.8571428571428571,0.5714285714285714,0.24766785
3.0,0.9285714285714285,0.5714285714285714,0.120226555
3.0,1.0,0.5714285714285714,-0.0017856667
3.0,0.0,0.6428571428571428,-0.008966104
3.0,0.07142857142857142,0.6428571428571428,0.09496257
3.0,0.14285714285714285,0.6428571428571428,0.20045847
3.0,0.21428571428571427,0.6428571428571428,0.3042723
3.0,0.2857142857142857,0.6428571428571428,0.4059458
3.0,0.3571428571428571,0.6428571428571428,0.51068366
3.0,0.42857142857142855,0.6428571428571428,0.61978054
3.0,0.5,0.6428571428571428,0.6786098
3.0,0.5714285714285714,0.6428571428571428,0.6154884
3.0,0.6428571428571428,0.6428571428571428,0.5047356
3.0,0.7142857142857142,0.6428571428571428,0.40406758
3.0,0.7857142857142857,0.6428571428571428,0.30588233
3.0,0.8571428571428571,0.6428571428571428,0.2021609
3.0,0.9285714285714285,0.6428571428571428,0.09466882
3.0,1.0,0.6428571428571428,-0.010060848
3.0,0.0,0.7142857142857142,-0.009793119
3.0,0.07142857142857142,0.7142857142857142,0.0750861
3.0,0.14285714285714285,0.7142857142857142,0.15890792
3.0,0.21428571428571427,0.7142857142857142,0.24032015
3.0,0.2857142857142857,0.7142857142857142,0.32083085
3.0,0.3571428571428571,0.7142857142857142,0.40579087
3.0,0.42857142857142855,0.7142857142857142,0.49392205
3.0,0.5,0.7142857142857142,0.5410258
3.0,0.5714285714285714,0.7142857142857142,0.49465156
3.0,0.6428571428571428,0.7142857142857142,0.40627518
3.0,0.7142857142857142,0.7142857142857142,0.32384366
3.0,0.7857142857142857,0.7142857142857142,0.24491164
3.0,0.8571428571428571,0.7142857142857142,0.1623918
3.0,0.9285714285714285,0.7142857142857142,0.07604449
3.0,1.0,0.7142857142857142,-0.010159948
3.0,0.0,0.7857142857142857,-0.0077316696
3.0,0.07142857142857142,0.7857142857142857,0.05908756
3.0,0.14285714285714285,0.7857142857142857,0.12246037
3.0,0.21428571428571427,0.7857142857142857,0.18217915
3.0,0.2857142857142857,0.7857142857142857,0.24088937
3.0,0.3571428571428571,0.7857142857142857,0.3038961
3.0,0.42857142857142855,0.7857142857142857,0.36919835
3.0,0.5,0.7857142857142857,0.4043134
3.0,0.5714285714285714,0.7857142857142857,0.3731207
3.0,0.6428571428571428,0.7857142857142857,0.307405
3.0,0.7142857142857142,0.7857142857142857,0.24461302
3.0,0.7857142857142857,0.7857142857142857,0.18614987
3.0,0.8571428571428571,0.7857142857142857,0.12554912
3.0,0.9285714285714285,0.7857142857142857,0.06057193
3.0,1.0,0.7857142857142857,-0.0071066217
3.0,0.0,0.8571428571428571,-0.005742901
3.0,0.07142857142857142,0.8571428571428571,0.04354453
3.0,0.14285714285714285,0.8571428571428571,0.086928986
3.0,0.21428571428571427,0.8571428571428571,0.124970905
3.0,0.2857142857142857,0.8571428571428571,0.16119547
3.0,0.3571428571428571,0.8571428571428571,0.20101033
3.0,0.42857142857142855,0.8571428571428571,0.24310085
3.0,0.5,0.8571428571428571,0.26607266
3.0,0.5714285714285714,0.8571428571428571,0.24690902
3.0,0.6428571428571428,0.8571428571428571,0.20326394
3.0,0.7142857142857142,0.8571428571428571,0.16159272
3.0,0.7857142857142857,0.8571428571428571,0.12460665
3.0,0.8571428571428571,0.8571428571428571,0.08612146
3.0,0.9285714285714285,0.8571428571428571,0.042261377
3.0,1.0,0.8571428571428571,-0.007109725
3.0,0.0,0.9285714285714285,-0.0074987123
3.0,0.07142857142857142,0.9285714285714285,0.02383414
3.0,0.14285714285714285,0.9285714285714285,0.046852574
3.0,0.21428571428571427,0.9285714285714285,0.063084066
3.0,0.2857142857142857,0.9285714285714285,0.07713975
3.0,0.3571428571428571,0.9285714285714285,0.09483055
3.0,0.42857142857142855,0.9285714285714285,0.11633394
3.0,0.5,0.9285714285714285,0.12918514
3.0,0.5714285714285714,0.9285714285714285,0.11968496
3.0,0.6428571428571428,0.9285714285714285,0.09634229
3.0,0.7142857142857142,0.9285714285714285,0.07560178
3.0,0.7857142857142857,0.9285714285714285,0.05954156
3.0,0.8571428571428571,0.9285714285714285,0.042155065
3.0,0.9285714285714285,0.9285714285714285,0.01844639
3.0,1.0,0.9285714285714285,-0.013126691
3.0,0.0,1.0,-0.017525464
3.0,0.07142857142857142,1.0,-0.00514003
3.0,0.14285714285714285,1.0,-0.0026711933
3.0,0.21428571428571427,1.0,-0.0070893057
3.0,0.2857142857142857,1.0,-0.012541247
3.0,0.3571428571428571,1.0,-0.012838786
3.0,0.42857142857142855,1.0,-0.006481272
3.0,0.5,1.0,-3.2612123e-05
3.0,0.5714285714285714,1.0,-0.0014921436
3.0,0.6428571428571428,1.0,-0.0077226097
3.0,0.7142857142857142,1.0,-0.009909657
3.0,0.7857142857142857,1.0,-0.007400629
3.0,0.8571428571428571,1.0,-0.006016438
3.0,0.9285714285714285,1.0,-0.011386176
3.0,1.0,1.0,-0.026153661
4.0,0.0,0.0,-0.015225803
4.0,0.07142857142857142,0.0,-0.004798309
4.0,0.14285714285714285,0.0,-0.0019081505
4.0,0.21428571428571427,0.0,-0.005314571
4.0,0.2857142857142857,0.0,-0.010137827
4.0,0.3571428571428571,0.0,-0.00867463
4.0,0.42857142857142855,0.0,-0.00052937586
4.0,0.5,0.0,0.002178709
4.0,0.5714285714285714,0.0,-0.0050283084
4.0,0.6428571428571428,0.0,-0.011600216
4.0,0.7142857142857142,0.0,-0.011610174
4.0,0.7857142857142857,0.0,-0.008982603
4.0,0.8571428571428571,0.0,-0.008962561
4.0,0.9285714285714285,0.0,-0.014222399
4.0,1.0,0.0,-0.02560094
4.0,0.0,0.07142857142857142,-0.0054970505
4.0,0.07142857142857142,0.07142857142857142,0.02190331
4.0,0.14285714285714285,0.07142857142857142,0.043566853
4.0,0.21428571428571427,0.07142857142857142,0.059881978
4.0,0.2857142857142857,0.07142857142857142,0.07458406
4.0,0.3571428571428571,0.07142857142857142,0.09508263
4.0,0.42857142857142855,0.07142857142857142,0.12072807
4.0,0.5,0.07142857142857142,0.13079606
4.0,0.5714285714285714,0.07142857142857142,0.11537968
4.0,0.6428571428571428,0.07142857142857142,0.093025036
4.0,0.7142857142857142,0.07142857142857142,0.075647704
4.0,0.7857142857142857,0.07142857142857142,0.05984824
4.0,0.8571428571428571,0.07142857142857142,0.04100459
4.0,0.9285714285714285,0.07142857142857142,0.017529428
4.0,1.0,0.07142857142857142,-0.010884055
4.0,0.0,0.14285714285714285,-0.0027434723
4.0,0.07142857142857142,0.14285714285714285,0.042759594
4.0,0.14285714285714285,0.14285714285714285,0.08472201
4.0,0.21428571428571427,0.14285714285714285,0.12266772
4.0,0.2857142857142857,0.14285714285714285,0.15906015
4.0,0.3571428571428571,0.14285714285714285,0.2008769
4.0,0.42857142857142855,0.14285714285714285,0.24727616
4.0,0.5,0.14285714285714285,0.26741895
4.0,0.5714285714285714,0.14285714285714285,0.24225247
4.0,0.6428571428571428,0.14285714285714285,0.20057242
4.0,0.7142857142857142,0.14285714285714285,0.1620664
4.0,0.7857142857142857,0.14285714285714285,0.12434659
4.0,0.8571428571428571,0.14285714285714285,0.08412882
4.0,0.9285714285714285,0.14285714285714285,0.04090687
4.0,1.0,0.14285714285714285,-0.005533085
4.0,0.0,0.21428571428571427,-0.005564249
4.0,0.07142857142857142,0.21428571428571427,0.059167787
4.0,0.14285714285714285,0.21428571428571427,0.122535296
4.0,0.21428571428571427,0.21428571428571427,0.18297815
4.0,0.2857142857142857,0.21428571428571427,0.24148566
4.0,0.3571428571428571,0.21428571428571427,0.3045025
4.0,0.42857142857142855,0.21428571428571427,0.3723243
4.0,0.5,0.21428571428571427,0.40433097
4.0,0.5714285714285714,0.21428571428571427,0.3685726
4.0,0.6428571428571428,0.21428571428571427,0.30570474
4.0,0.7142857142857142,0.21428571428571427,0.24440977
4.0,0.7857142857142857,0.21428571428571427,0.18362236
4.0,0.8571428571428571,0.21428571428571427,0.12156544
4.0,0.9285714285714285,0.21428571428571427,0.058260627
4.0,1.0,0.21428571428571427,-0.006675386
4.0,0.0,0.2857142857142857,-0.010886951
4.0,0.07142857142857142,0.2857142857142857,0.07425737
4.0,0.14285714285714285,0.2857142857142857,0.15991752
4.0,0.21428571428571427,0.2857142857142857,0.24301282
4.0,0.2857142857142857,0.2857142857142857,0.3228302
4.0,0.3571428571428571,0.2857142857142857,0.4053262
4.0,0.42857142857142855,0.2857142857142857,0.4932332
4.0,0.5,0.2857142857142857,0.5379126
4.0,0.5714285714285714,0.2857142857142857,0.49127305
4.0,0.6428571428571428,0.2857142857142857,0.40690663
4.0,0.7142857142857142,0.2857142857142857,0.3234622
4.0,0.7857142857142857,0.2857142857142857,0.2408706
4.0,0.8571428571428571,0.2857142857142857,0.15788637
4.0,0.9285714285714285,0.2857142857142857,0.0744049
4.0,1.0,0.2857142857142857,-0.009490767
4.0,0.0,0.3571428571428571,-0.013073864
4.0,0.07142857142857142,0.3571428571428571,0.09312681
4.0,0.14285714285714285,0.3571428571428571,0.20158067
4.0,0.21428571428571427,0.3571428571428571,0.307244
4.0,0.2857142857142857,0.3571428571428571,0.40759236
4.0,0.3571428571428571,0.3571428571428571,0.5082731
4.0,0.42857142857142855,0.3571428571428571,0.6150877
4.0,0.5,0.3571428571428571,0.67310447
4.0,0.5714285714285714,0.3571428571428571,0.61531156
4.0,0.6428571428571428,0.3571428571428571,0.5094476
4.0,0.7142857142857142,0.3571428571428571,0.40553826
4.0,0.7857142857142857,0.3571428571428571,0.30300498
4.0,0.8571428571428571,0.3571428571428571,0.1994048
4.0,0.9285714285714285,0.3571428571428571,0.09484354
4.0,1.0,0.3571428571428571,-0.008511701
4.0,0.0,0.42857142857142855,-0.0076120915
4.0,0.07142857142857142,0.42857142857142855,0.117388405
4.0,0.14285714285714285,0.42857142857142855,0.24686229
4.0,0.21428571428571427,0.42857142857142855,0.3740029
4.0,0.2857142857142857,0.42857142857142855,0.49474275
4.0,0.3571428571428571,0.42857142857142855,0.61442775
4.0,0.42857142857142855,0.42857142857142855,0.74097574
4.0,0.5,0.42857142857142855,0.8134144
4.0,0.5714285714285714,0.42857142857142855,0.74430937
4.0,0.6428571428571428,0.42857142857142855,0.61646676
4.0,0.7142857142857142,0.42857142857142855,0.49276543
4.0,0.7857142857142857,0.42857142857142855,0.37059486
4.0,0.8571428571428571,0.42857142857142855,0.24577329
4.0,0.9285714285714285,0.42857142857142855,0.11996067
4.0,1.0,0.42857142857142855,-0.0015030811
4.0,0.0,0.5,-0.0020463103
4.0,0.07142857142857142,0.5,0.1306307
4.0,0.14285714285714285,0.5,0.2695375
4.0,0.21428571428571427,0.5,0.40757617
4.0,0.2857142857142857,0.5,0.5401735
4.0,0.3571428571428571,0.5,0.67209506
4.0,0.42857142857142855,0.5,0.811085
4.0,0.5,0.5,0.89233583
4.0,0.5714285714285714,0.5,0.8155292
4.0,0.6428571428571428,0.5,0.6740069
4.0,0.7142857142857142,0.5,0.53977126
4.0,0.7857142857142857,0.5,0.4074841
4.0,0.8571428571428571,0.5,0.27122205
4.0,0.9285714285714285,0.5,0.13410577
4.0,1.0,0.5,0.0038496396
4.0,0.0,0.5714285714285714,-0.0052923495
4.0,0.07142857142857142,0.5714285714285714,0.11740304
4.0,0.14285714285714285,0.5714285714285714,0.24464616
4.0,0.21428571428571427,0.5714285714285714,0.37076202
4.0,0.2857142857142857,0.5714285714285714,0.49255913
4.0,0.3571428571428571,0.5714285714285714,0.6146608
4.0,0.42857142857142855,0.5714285714285714,0.74216914
4.0,0.5,0.5714285714285714,0.8141324
4.0,0.5714285714285714,0.5714285714285714,0.7402
4.0,0.6428571428571428,0.5714285714285714,0.6098327
4.0,0.7142857142857142,0.5714285714285714,0.48992103
4.0,0.7857142857142857,0.5714285714285714,0.37162673
4.0,0.8571428571428571,0.5714285714285714,0.24716017
4.0,0.9285714285714285,0.5714285714285714,0.119711585
4.0,1.0,0.5714285714285714,-0.002407604
4.0,0.0,0.6428571428571428,-0.009819352
4.0,0.07142857142857142,0.6428571428571428,0.094390884
4.0,0.14285714285714285,0.6428571428571428,0.20013541
4.0,0.21428571428571427,0.6428571428571428,0.30411208
4.0,0.2857142857142857,0.6428571428571428,0.40580866
4.0,0.3571428571428571,0.6428571428571428,0.51025796
4.0,0.42857142857142855,0.6428571428571428,0.6183423
4.0,0.5,0.6428571428571428,0.6762732
4.0,0.5714285714285714,0.6428571428571428,0.61427116
4.0,0.6428571428571428,0.6428571428571428,0.50463295
4.0,0.7142857142857142,0.6428571428571428,0.4042026
4.0,0.7857142857142857,0.6428571428571428,0.30597225
4.0,0.8571428571428571,0.6428571428571428,0.20214218
4.0,0.9285714285714285,0.6428571428571428,0.094490156
4.0,1.0,0.6428571428571428,-0.010431261
4.0,0.0,0.7142857142857142,-0.010301285
4.0,0.07142857142857142,0.7142857142857142,0.07477717
4.0,0.14285714285714285,0.7142857142857142,0.15876773
4.0,0.21428571428571427,0.7142857142857142,0.24030286
4.0,0.2857142857142857,0.7142857142857142,0.3208705
4.0,0.3571428571428571,0.7142857142857142,0.40565816
4.0,0.42857142857142855,0.7142857142857142,0.49302387
4.0,0.5,0.7142857142857142,0.53942937
4.0,0.5714285714285714,0.7142857142857142,0.49388343
4.0,0.6428571428571428,0.7142857142857142,0.40638554
4.0,0.7142857142857142,0.7142857142857142,0.3240918
4.0,0.7857142857142857,0.7142857142857142,0.24504113
4.0,0.8571428571428571,0.7142857142857142,0.16237263
4.0,0.9285714285714285,0.7142857142857142,0.075865395
4.0,1.0,0.7142857142857142,-0.010505364
4.0,0.0,0.7857142857142857,-0.008039349
4.0,0.07142857142857142,0.7857142857142857,0.058872566
4.0,0.14285714285714285,0.7857142857142857,0.122307576
4.0,0.21428571428571427,0.7857142857142857,0.1820718
4.0,0.2857142857142857,0.7857142857142857,0.24080819
4.0,0.3571428571428571,0.7857142857142857,0.3036703
4.0,0.42857142857142855,0.7857142857142857,0.36837834
4.0,0.5,0.7857142857142857,0.40297672
4.0,0.5714285714285714,0.7857142857142857,0.37236428
4.0,0.6428571428571428,0.7857142857142857,0.30731446
4.0,0.7142857142857142,0.7857142857142857,0.24461558
4.0,0.7857142857142857,0.7857142857142857,0.18604101
4.0,0.8571428571428571,0.7857142857142857,0.12533192
4.0,0.9285714285714285,0.7857142857142857,0.060256742
4.0,1.0,0.7857142857142857,-0.007525691
4.0,0.0,0.8571428571428571,-0.0059356997
4.0,0.07142857142857142,0.8571428571428571,0.043347158
4.0,0.14285714285714285,0.8571428571428571,0.086703934
4.0,0.21428571428571427,0.8571428571428571,0.12472742
4.0,0.2857142857142857,0.8571428571428571,0.16094376
4.0,0.3571428571428571,0.8571428571428571,0.20062035
4.0,0.42857142857142855,0.8571428571428571,0.24225608
4.0,0.5,0.8571428571428571,0.2648672
4.0,0.5714285714285714,0.8571428571428571,0.24609941
4.0,0.6428571428571428,0.8571428571428571,0.20295
4.0,0.7142857142857142,0.8571428571428571,0.16134971
4.0,0.7857142857142857,0.8571428571428571,0.124273546
4.0,0.8571428571428571,0.8571428571428571,0.085725926
4.0,0.9285714285714285,0.8571428571428571,0.041829567
4.0,1.0,0.8571428571428571,-0.007586782
4.0,0.0,0.9285714285714285,-0.0076320665
4.0,0.07142857142857142,0.9285714285714285,0.02361713
4.0,0.14285714285714285,0.9285714285714285,0.046544887
4.0,0.21428571428571427,0.9285714285714285,0.06271803
4.0,0.2857142857142857,0.9285714285714285,0.07673696
4.0,0.3571428571428571,0.9285714285714285,0.09428851
4.0,0.42857142857142855,0.9285714285714285,0.115445174
4.0,0.5,0.9285714285714285,0.12805164
4.0,0.5714285714285714,0.9285714285714285,0.118823014
4.0,0.6428571428571428,0.9285714285714285,0.095858626
4.0,0.7142857142857142,0.9285714285714285,0.07519214
4.0,0.7857142857142857,0.9285714285714285,0.05906778
4.0,0.8571428571428571,0.9285714285714285,0.0416514
4.0,0.9285714285714285,0.9285714285714285,0.017951641
4.0,1.0,0.9285714285714285,-0.013620746
4.0,0.0,1.0,-0.01765386
4.0,0.07142857142857142,1.0,-0.0054078875
4.0,0.14285714285714285,1.0,-0.0030624298
4.0,0.21428571428571427,1.0,-0.007557134
4.0,0.2857142857142857,1.0,-0.013066479
4.0,0.3571428571428571,1.0,-0.013504469
4.0,0.42857142857142855,1.0,-0.007411574
4.0,0.5,1.0,-0.0011275271
4.0,0.5714285714285714,1.0,-0.0023964206
4.0,0.6428571428571428,1.0,-0.00832756
4.0,0.7142857142857142,1.0,-0.0104245255
4.0,0.7857142857142857,1.0,-0.007949212
4.0,0.8571428571428571,1.0,-0.0065725343
4.0,0.9285714285714285,1.0,-0.011904226
4.0,1.0,1.0,-0.026634473
5.0,0.0,0.0,-0.0157446
5.0,0.07142857142857142,0.0,-0.005258032
5.0,0.14285714285714285,0.0,-0.0023307325
5.0,0.21428571428571427,0.0,-0.005758633
5.0,0.2857142857142857,0.0,-0.010702559
5.0,0.3571428571428571,0.0,-0.009479669
5.0,0.42857142857142855,0.0,-0.0016117552
5.0,0.5,0.0,0.0010073809
5.0,0.5714285714285714,0.0,-0.0060396725
5.0,0.6428571428571428,0.0,-0.012367298
5.0,0.7142857142857142,0.0,-0.012156804
5.0,0.7857142857142857,0.0,-0.009385948
5.0,0.8571428571428571,0.0,-0.009334342
5.0,0.9285714285714285,0.0,-0.014665575
5.0,1.0,0.0,-0.026184134
5.0,0.0,0.07142857142857142,-0.0060914354
5.0,0.07142857142857142,0.07142857142857142,0.02141431
5.0,0.14285714285714285,0.07142857142857142,0.043184128
5.0,0.21428571428571427,0.07142857142857142,0.059567824
5.0,0.2857142857142857,0.07142857142857142,0.074234016
5.0,0.3571428571428571,0.07142857142857142,0.094515495
5.0,0.42857142857142855,0.07142857142857142,0.11981086
5.0,0.5,0.07142857142857142,0.12974009
5.0,0.5714285714285714,0.07142857142857142,0.11453269
5.0,0.6428571428571428,0.07142857142857142,0.09245483
5.0,0.7142857142857142,0.07142857142857142,0.07527742
5.0,0.7857142857142857,0.07142857142857142,0.059562333
5.0,0.8571428571428571,0.07142857142857142,0.040672548
5.0,0.9285714285714285,0.07142857142857142,0.017053887
5.0,1.0,0.07142857142857142,-0.011552514
5.0,0.0,0.14285714285714285,-0.0033792118
5.0,0.07142857142857142,0.14285714285714285,0.04226981
5.0,0.14285714285714285,0.14285714285714285,0.08439609
5.0,0.21428571428571427,0.14285714285714285,0.12248718
5.0,0.2857142857142857,0.14285714285714285,0.15891929
5.0,0.3571428571428571,0.14285714285714285,0.20052546
5.0,0.42857142857142855,0.14285714285714285,0.24644133
5.0,0.5,0.14285714285714285,0.2663396
5.0,0.5714285714285714,0.14285714285714285,0.24147111
5.0,0.6428571428571428,0.14285714285714285,0.20015198
5.0,0.7142857142857142,0.14285714285714285,0.16185202
5.0,0.7857142857142857,0.14285714285714285,0.12417244
5.0,0.8571428571428571,0.14285714285714285,0.08384633
5.0,0.9285714285714285,0.14285714285714285,0.040426694
5.0,1.0,0.14285714285714285,-0.00624548
5.0,0.0,0.21428571428571427,-0.0061882203
5.0,0.07142857142857142,0.21428571428571427,0.05873104
5.0,0.14285714285714285,0.21428571428571427,0.12230889
5.0,0.21428571428571427,0.21428571428571427,0.18295218
5.0,0.2857142857142857,0.21428571428571427,0.24154833
5.0,0.3571428571428571,0.21428571428571427,0.30433443
5.0,0.42857142857142855,0.21428571428571427,0.37147862
5.0,0.5,0.21428571428571427,0.403072
5.0,0.5714285714285714,0.21428571428571427,0.3677483
5.0,0.6428571428571428,0.21428571428571427,0.30538374
5.0,0.7142857142857142,0.21428571428571427,0.24432877
5.0,0.7857142857142857,0.21428571428571427,0.18355642
5.0,0.8571428571428571,0.21428571428571427,0.12135232
5.0,0.9285714285714285,0.21428571428571427,0.057815097
5.0,1.0,0.21428571428571427,-0.0073803524
5.0,0.0,0.2857142857142857,-0.011485356
5.0,0.07142857142857142,0.2857142857142857,0.07389485
5.0,0.14285714285714285,0.2857142857142857,0.15980268
5.0,0.21428571428571427,0.2857142857142857,0.24312124
5.0,0.2857142857142857,0.2857142857142857,0.3230343
5.0,0.3571428571428571,0.2857142857142857,0.40525094
5.0,0.42857142857142855,0.2857142857142857,0.49225575
5.0,0.5,0.2857142857142857,0.53631365
5.0,0.5714285714285714,0.2857142857142857,0.49029696
5.0,0.6428571428571428,0.2857142857142857,0.4066103
5.0,0.7142857142857142,0.2857142857142857,0.32344297
5.0,0.7857142857142857,0.2857142857142857,0.24085778
5.0,0.8571428571428571,0.2857142857142857,0.15771556
5.0,0.9285714285714285,0.2857142857142857,0.07399501
5.0,1.0,0.2857142857142857,-0.010166497
5.0,0.0,0.3571428571428571,-0.013781471
5.0,0.07142857142857142,0.3571428571428571,0.09270867
5.0,0.14285714285714285,0.3571428571428571,0.20143197
5.0,0.21428571428571427,0.3571428571428571,0.3072942
5.0,0.2857142857142857,0.3571428571428571,0.40767664
5.0,0.3571428571428571,0.3571428571428571,0.5079835
5.0,0.42857142857142855,0.3571428571428571,0.6136643
5.0,0.5,0.3571428571428571,0.67084146
5.0,0.5714285714285714,0.3571428571428571,0.6139066
5.0,0.6428571428571428,0.3571428571428571,0.50890857
5.0,0.7142857142857142,0.3571428571428571,0.40530643
5.0,0.7857142857142857,0.3571428571428571,0.30280772
5.0,0.8571428571428571,0.3571428571428571,0.19910544
5.0,0.9285714285714285,0.3571428571428571,0.09436486
5.0,1.0,0.3571428571428571,-0.009205901
5.0,0.0,0.42857142857142855,-0.008709193
5.0,0.07142857142857142,0.42857142857142855,0.116590284
5.0,0.14285714285714285,0.42857142857142855,0.24629998
5.0,0.21428571428571427,0.42857142857142855,0.37352931
5.0,0.2857142857142857,0.42857142857142855,0.49411625
5.0,0.3571428571428571,0.42857142857142855,0.61319935
5.0,0.42857142857142855,0.42857142857142855,0.73830926
5.0,0.5,0.42857142857142855,0.8096596
5.0,0.5714285714285714,0.42857142857142855,0.7416877
5.0,0.6428571428571428,0.42857142857142855,0.6149665
5.0,0.7142857142857142,0.42857142857142855,0.4917066
5.0,0.7857142857142857,0.42857142857142855,0.36975375
5.0,0.8571428571428571,0.42857142857142855,0.24504644
5.0,0.9285714285714285,0.42857142857142855,0.119241275
5.0,1.0,0.42857142857142855,-0.002304771
5.0,0.0,0.5,-0.0034799846
5.0,0.07142857142857142,0.5,0.12944874
5.0,0.14285714285714285,0.5,0.26851472
5.0,0.21428571428571427,0.5,0.40649983
5.0,0.2857142857142857,0.5,0.53871584
5.0,0.3571428571428571,0.5,0.66974777
5.0,0.42857142857142855,0.5,0.8069784
5.0,0.5,0.5,0.8869032
5.0,0.5714285714285714,0.5,0.8115027
5.0,0.6428571428571428,0.5,0.6714828
5.0,0.7142857142857142,0.5,0.53796494
5.0,0.7857142857142857,0.5,0.40615445
5.0,0.8571428571428571,0.5,0.270227
5.0,0.9285714285714285,0.5,0.1332704
5.0,1.0,0.5,0.0030245846
5.0,0.0,0.5714285714285714,-0.0065145204
5.0,0.07142857142857142,0.5714285714285714,0.11644841
5.0,0.14285714285714285,0.5714285714285714,0.24389416
5.0,0.21428571428571427,0.5714285714285714,0.37004888
5.0,0.2857142857142857,0.5714285714285714,0.491633
5.0,0.3571428571428571,0.5714285714285714,0.6130984
5.0,0.42857142857142855,0.5714285714285714,0.73914534
5.0,0.5,0.5714285714285714,0.8099139
5.0,0.5714285714285714,0.5714285714285714,0.7373547
5.0,0.6428571428571428,0.5714285714285714,0.6084204
5.0,0.7142857142857142,0.5714285714285714,0.48904002
5.0,0.7857142857142857,0.5714285714285714,0.3709983
5.0,0.8571428571428571,0.5714285714285714,0.24667245
5.0,0.9285714285714285,0.5714285714285714,0.119236834
5.0,1.0,0.5714285714285714,-0.0029708007
5.0,0.0,0.6428571428571428,-0.01059007
5.0,0.07142857142857142,0.6428571428571428,0.09388414
5.0,0.14285714285714285,0.6428571428571428,0.19985658
5.0,0.21428571428571427,0.6428571428571428,0.30397546
5.0,0.2857142857142857,0.6428571428571428,0.40568247
5.0,0.3571428571428571,0.6428571428571428,0.5098436
5.0,0.42857142857142855,0.6428571428571428,0.61692005
5.0,0.5,0.6428571428571428,0.67394006
5.0,0.5714285714285714,0.6428571428571428,0.61304843
5.0,0.6428571428571428,0.6428571428571428,0.5045373
5.0,0.7142857142857142,0.6428571428571428,0.40434393
5.0,0.7857142857142857,0.6428571428571428,0.3060666
5.0,0.8571428571428571,0.6428571428571428,0.20213595
5.0,0.9285714285714285,0.6428571428571428,0.094340436
5.0,1.0,0.6428571428571428,-0.010755167
5.0,0.0,0.7142857142857142,-0.010744148
5.0,0.07142857142857142,0.7142857142857142,0.0745185
5.0,0.14285714285714285,0.7142857142857142,0.15865968
5.0,0.21428571428571427,0.7142857142857142,0.24030331
5.0,0.2857142857142857,0.7142857142857142,0.32092085
5.0,0.3571428571428571,0.7142857142857142,0.4055381
5.0,0.42857142857142855,0.7142857142857142,0.49214345
5.0,0.5,0.7142857142857142,0.53784204
5.0,0.5714285714285714,0.7142857142857142,0.49311012
5.0,0.6428571428571428,0.7142857142857142,0.406497
5.0,0.7142857142857142,0.7142857142857142,0.32434246
5.0,0.7857142857142857,0.7142857142857142,0.24517158
5.0,0.8571428571428571,0.7142857142857142,0.16236019
5.0,0.9285714285714285,0.7142857142857142,0.07570754
5.0,1.0,0.7142857142857142,-0.010814452
5.0,0.0,0.7857142857142857,-0.008297295
5.0,0.07142857142857142,0.7857142857142857,0.058693178
5.0,0.14285714285714285,0.7857142857142857,0.12217731
5.0,0.21428571428571427,0.7857142857142857,0.18197954
5.0,0.2857142857142857,0.7857142857142857,0.24074179
5.0,0.3571428571428571,0.7857142857142857,0.30346602
5.0,0.42857142857142855,0.7857142857142857,0.36758813
5.0,0.5,0.7857142857142857,0.4016651
5.0,0.5714285714285714,0.7857142857142857,0.37161466
5.0,0.6428571428571428,0.7857142857142857,0.30722943
5.0,0.7142857142857142,0.7857142857142857,0.2446228
5.0,0.7857142857142857,0.7857142857142857,0.18593368
5.0,0.8571428571428571,0.7857142857142857,0.12512015
5.0,0.9285714285714285,0.7857142857142857,0.059958003
5.0,1.0,0.7857142857142857,-0.007914984
5.0,0.0,0.8571428571428571,-0.0060926313
5.0,0.07142857142857142,0.8571428571428571,0.04317472
5.0,0.14285714285714285,0.8571428571428571,0.086496614
5.0,0.21428571428571427,0.8571428571428571,0.12450085
5.0,0.2857142857142857,0.8571428571428571,0.1607153
5.0,0.3571428571428571,0.8571428571428571,0.20026441
5.0,0.42857142857142855,0.8571428571428571,0.24145755
5.0,0.5,0.8571428571428571,0.2637069
5.0,0.5714285714285714,0.8571428571428571,0.24531776
5.0,0.6428571428571428,0.8571428571428571,0.20265666
5.0,0.7142857142857142,0.8571428571428571,0.16112341
5.0,0.7857142857142857,0.8571428571428571,0.123950474
5.0,0.8571428571428571,0.8571428571428571,0.08533851
5.0,0.9285714285714285,0.8571428571428571,0.041411836
5.0,1.0,0.8571428571428571,-0.00803955
5.0,0.0,0.9285714285714285,-0.0077394927
5.0,0.07142857142857142,0.9285714285714285,0.023419462
5.0,0.14285714285714285,0.9285714285714285,0.04625538
5.0,0.21428571428571427,0.9285714285714285,0.062375285
5.0,0.2857142857142857,0.9285714285714285,0.07636928
5.0,0.3571428571428571,0.9285714285714285,0.09379539
5.0,0.42857142857142855,0.9285714285714285,0.11462026
5.0,0.5,0.9285714285714285,0.1269843
5.0,0.5714285714285714,0.9285714285714285,0.11801321
5.0,0.6428571428571428,0.9285714285714285,0.09541666
5.0,0.7142857142857142,0.9285714285714285,0.074815966
5.0,0.7857142857142857,0.9285714285714285,0.05861666
5.0,0.8571428571428571,0.9285714285714285,0.04116238
5.0,0.9285714285714285,0.9285714285714285,0.017471436
5.0,1.0,0.9285714285714285,-0.014093545
5.0,0.0,1.0,-0.017762117
5.0,0.07142857142857142,1.0,-0.0056568896
5.0,0.14285714285714285,1.0,-0.0034300191
5.0,0.21428571428571427,1.0,-0.0079907635
5.0,0.2857142857142857,1.0,-0.013543283
5.0,0.3571428571428571,1.0,-0.014105928
5.0,0.42857142857142855,1.0,-0.008262978
5.0,0.5,1.0,-0.002138381
5.0,0.5714285714285714,1.0,-0.0032263706
5.0,0.6428571428571428,1.0,-0.008869902
5.0,0.7142857142857142,1.0,-0.010886812
5.0,0.7857142857142857,1.0,-0.008459923
5.0,0.8571428571428571,1.0,-0.0071039433
5.0,0.9285714285714285,1.0,-0.012403888
5.0,1.0,1.0,-0.027095657
6.0,0.0,0.0,-0.01624002
6.0,0.07142857142857142,0.0,-0.0056940923
6.0,0.14285714285714285,0.0,-0.0027271928
6.0,0.21428571428571427,0.0,-0.0061677853
6.0,0.2857142857142857,0.0,-0.011216556
6.0,0.3571428571428571,0.0,-0.010215883
6.0,0.42857142857142855,0.0,-0.002611232
6.0,0.5,0.0,-7.743109e-05
6.0,0.5714285714285714,0.0,-0.0069681862
6.0,0.6428571428571428,0.0,-0.013062266
6.0,0.7142857142857142,0.0,-0.012643502
6.0,0.7857142857142857,0.0,-0.009736695
6.0,0.8571428571428571,0.0,-0.009656009
6.0,0.9285714285714285,0.0,-0.015060485
6.0,1.0,0.0,-0.026718967
6.0,0.0,0.07142857142857142,-0.0066577876
6.0,0.07142857142857142,0.07142857142857142,0.02095079
6.0,0.14285714285714285,0.07142857142857142,0.042825624
6.0,0.21428571428571427,0.07142857142857142,0.059282444
6.0,0.2857142857142857,0.07142857142857142,0.073924445
6.0,0.3571428571428571,0.07142857142857142,0.09400384
6.0,0.42857142857142855,0.07142857142857142,0.11895741
6.0,0.5,0.07142857142857142,0.1287469
6.0,0.5714285714285714,0.07142857142857142,0.113747634
6.0,0.6428571428571428,0.07142857142857142,0.09193988
6.0,0.7142857142857142,0.07142857142857142,0.07495444
6.0,0.7857142857142857,0.07142857142857142,0.05932086
6.0,0.8571428571428571,0.07142857142857142,0.040386602
6.0,0.9285714285714285,0.07142857142857142,0.016626574
6.0,1.0,0.07142857142857142,-0.012170271
6.0,0.0,0.14285714285714285,-0.0039816434
6.0,0.07142857142857142,0.14285714285714285,0.04180816
6.0,0.14285714285714285,0.14285714285714285,0.0840931
6.0,0.21428571428571427,0.14285714285714285,0.12232872
6.0,0.2857142857142857,0.14285714285714285,0.15880732
6.0,0.3571428571428571,0.14285714285714285,0.20021376
6.0,0.42857142857142855,0.14285714285714285,0.24564865
6.0,0.5,0.14285714285714285,0.26529723
6.0,0.5714285714285714,0.14285714285714285,0.24072841
6.0,0.6428571428571428,0.14285714285714285,0.19977018
6.0,0.7142857142857142,0.14285714285714285,0.16167465
6.0,0.7857142857142857,0.14285714285714285,0.124036945
6.0,0.8571428571428571,0.14285714285714285,0.08360778
6.0,0.9285714285714285,0.14285714285714285,0.039996423
6.0,1.0,0.14285714285714285,-0.006904022
6.0,0.0,0.21428571428571427,-0.006770975
6.0,0.07142857142857142,0.21428571428571427,0.058326103
6.0,0.14285714285714285,0.21428571428571427,0.12210489
6.0,0.21428571428571427,0.21428571428571427,0.18294162
6.0,0.2857142857142857,0.21428571428571427,0.24162647
6.0,0.3571428571428571,0.21428571428571427,0.30418965
6.0,0.42857142857142855,0.21428571428571427,0.37065706
6.0,0.5,0.21428571428571427,0.40182894
6.0,0.5714285714285714,0.21428571428571427,0.36694458
6.0,0.6428571428571428,0.21428571428571427,0.30508852
6.0,0.7142857142857142,0.21428571428571427,0.24427554
6.0,0.7857142857142857,0.21428571428571427,0.18352418
6.0,0.8571428571428571,0.21428571428571427,0.121181466
6.0,0.9285714285714285,0.21428571428571427,0.05742079
6.0,1.0,0.21428571428571427,-0.008028031
6.0,0.0,0.2857142857142857,-0.012033044
6.0,0.07142857142857142,0.2857142857142857,0.07356932
6.0,0.14285714285714285,0.2857142857142857,0.1597083
6.0,0.21428571428571427,0.2857142857142857,0.24323547
6.0,0.2857142857142857,0.2857142857142857,0.3232371
6.0,0.3571428571428571,0.2857142857142857,0.40518034
6.0,0.42857142857142855,0.2857142857142857,0.491287
6.0,0.5,0.2857142857142857,0.53471476
6.0,0.5714285714285714,0.2857142857142857,0.48932844
6.0,0.6428571428571428,0.2857142857142857,0.4063302
6.0,0.7142857142857142,0.2857142857142857,0.32344267
6.0,0.7857142857142857,0.2857142857142857,0.24087211
6.0,0.8571428571428571,0.2857142857142857,0.15758385
6.0,0.9285714285714285,0.2857142857142857,0.07363535
6.0,1.0,0.2857142857142857,-0.010781386
6.0,0.0,0.3571428571428571,-0.014425562
6.0,0.07142857142857142,0.3571428571428571,0.09233423
6.0,0.14285714285714285,0.3571428571428571,0.20130084
6.0,0.21428571428571427,0.3571428571428571,0.3073371
6.0,0.2857142857142857,0.3571428571428571,0.40773964
6.0,0.3571428571428571,0.3571428571428571,0.5076763
6.0,0.42857142857142855,0.3571428571428571,0.6122322
6.0,0.5,0.3571428571428571,0.66856176
6.0,0.5714285714285714,0.3571428571428571,0.61249423
6.0,0.6428571428571428,0.3571428571428571,0.5083744
6.0,0.7142857142857142,0.3571428571428571,0.40508336
6.0,0.7857142857142857,0.3571428571428571,0.30262816
6.0,0.8571428571428571,0.3571428571428571,0.1988393
6.0,0.9285714285714285,0.3571428571428571,0.09393647
6.0,1.0,0.3571428571428571,-0.009835751
6.0,0.0,0.42857142857142855,-0.009730936
6.0,0.07142857142857142,0.42857142857142855,0.11584293
6.0,0.14285714285714285,0.42857142857142855,0.24575478
6.0,0.21428571428571427,0.42857142857142855,0.37303883
6.0,0.2857142857142857,0.42857142857142855,0.49345
6.0,0.3571428571428571,0.42857142857142855,0.61193097
6.0,0.42857142857142855,0.42857142857142855,0.7356135
6.0,0.5,0.42857142857142855,0.8058636
6.0,0.5714285714285714,0.42857142857142855,0.7390329
6.0,0.6428571428571428,0.42857142857142855,0.6134542
6.0,0.7142857142857142,0.42857142857142855,0.4906438
6.0,0.7857142857142857,0.42857142857142855,0.3689214
6.0,0.8571428571428571,0.42857142857142855,0.24434844
6.0,0.9285714285714285,0.42857142857142855,0.11857278
6.0,1.0,0.42857142857142855,-0.0030372674
6.0,0.0,0.5,-0.004828674
6.0,0.07142857142857142,0.5,0.12832785
6.0,0.14285714285714285,0.5,0.2675198
6.0,0.21428571428571427,0.5,0.40541577
6.0,0.2857142857142857,0.5,0.53722715
6.0,0.3571428571428571,0.5,0.66736966
6.0,0.42857142857142855,0.5,0.8028514
6.0,0.5,0.5,0.8814317
6.0,0.5714285714285714,0.5,0.8074388
6.0,0.6428571428571428,0.5,0.66894484
6.0,0.7142857142857142,0.5,0.53615344
6.0,0.7857142857142857,0.5,0.40483055
6.0,0.8571428571428571,0.5,0.26925856
6.0,0.9285714285714285,0.5,0.1324852
6.0,1.0,0.5,0.0022691777
6.0,0.0,0.5714285714285714,-0.007645988
6.0,0.07142857142857142,0.5714285714285714,0.11556477
6.0,0.14285714285714285,0.5714285714285714,0.24318647
6.0,0.21428571428571427,0.5714285714285714,0.36935323
6.0,0.2857142857142857,0.5714285714285714,0.49070764
6.0,0.3571428571428571,0.5714285714285714,0.6115406
6.0,0.42857142857142855,0.5714285714285714,0.7361377
6.0,0.5,0.5714285714285714,0.8056976
6.0,0.5714285714285714,0.5714285714285714,0.734505
6.0,0.6428571428571428,0.5714285714285714,0.6070173
6.0,0.7142857142857142,0.5714285714285714,0.48816562
6.0,0.7857142857142857,0.5714285714285714,0.37037605
6.0,0.8571428571428571,0.5714285714285714,0.24620366
6.0,0.9285714285714285,0.5714285714285714,0.118800975
6.0,1.0,0.5714285714285714,-0.0034750411
6.0,0.0,0.6428571428571428,-0.0112804035
6.0,0.07142857142857142,0.6428571428571428,0.09344046
6.0,0.14285714285714285,0.6428571428571428,0.19961877
6.0,0.21428571428571427,0.6428571428571428,0.30385903
6.0,0.2857142857142857,0.6428571428571428,0.4055654
6.0,0.3571428571428571,0.6428571428571428,0.5094383
6.0,0.42857142857142855,0.6428571428571428,0.61551243
6.0,0.5,0.6428571428571428,0.67161036
6.0,0.5714285714285714,0.6428571428571428,0.6118193
6.0,0.6428571428571428,0.6428571428571428,0.50444674
6.0,0.7142857142857142,0.6428571428571428,0.40449026
6.0,0.7857142857142857,0.6428571428571428,0.30616355
6.0,0.8571428571428571,0.6428571428571428,0.20214099
6.0,0.9285714285714285,0.6428571428571428,0.09421845
6.0,1.0,0.6428571428571428,-0.011033104
6.0,0.0,0.7142857142857142,-0.011122071
6.0,0.07142857142857142,0.7142857142857142,0.07430717
6.0,0.14285714285714285,0.7142857142857142,0.15858155
6.0,0.21428571428571427,0.7142857142857142,0.2403191
6.0,0.2857142857142857,0.7142857142857142,0.32098046
6.0,0.3571428571428571,0.7142857142857142,0.40542942
6.0,0.42857142857142855,0.7142857142857142,0.49127942
6.0,0.5,0.7142857142857142,0.5362636
6.0,0.5714285714285714,0.7142857142857142,0.4923308
6.0,0.6428571428571428,0.7142857142857142,0.4066075
6.0,0.7142857142857142,0.7142857142857142,0.32459384
6.0,0.7857142857142857,0.7142857142857142,0.2453017
6.0,0.8571428571428571,0.7142857142857142,0.1623547
6.0,0.9285714285714285,0.7142857142857142,0.07557013
6.0,1.0,0.7142857142857142,-0.011086629
6.0,0.0,0.7857142857142857,-0.008507618
6.0,0.07142857142857142,0.7857142857142857,0.058547482
6.0,0.14285714285714285,0.7857142857142857,0.122067966
6.0,0.21428571428571427,0.7857142857142857,0.18190068
6.0,0.2857142857142857,0.7857142857142857,0.2406896
6.0,0.3571428571428571,0.7857142857142857,0.3032818
6.0,0.42857142857142855,0.7857142857142857,0.36682606
6.0,0.5,0.7857142857142857,0.40037754
6.0,0.5714285714285714,0.7857142857142857,0.37087184
6.0,0.6428571428571428,0.7857142857142857,0.30714917
6.0,0.7142857142857142,0.7857142857142857,0.2446346
6.0,0.7857142857142857,0.7857142857142857,0.1858286
6.0,0.8571428571428571,0.7857142857142857,0.12491367
6.0,0.9285714285714285,0.7857142857142857,0.059675626
6.0,1.0,0.7857142857142857,-0.008273755
6.0,0.0,0.8571428571428571,-0.0062142396
6.0,0.07142857142857142,0.8571428571428571,0.04302644
6.0,0.14285714285714285,0.8571428571428571,0.08630601
6.0,0.21428571428571427,0.8571428571428571,0.12429052
6.0,0.2857142857142857,0.8571428571428571,0.16050875
6.0,0.3571428571428571,0.8571428571428571,0.19994144
6.0,0.42857142857142855,0.8571428571428571,0.24070308
6.0,0.5,0.8571428571428571,0.26259068
6.0,0.5714285714285714,0.8571428571428571,0.24456337
6.0,0.6428571428571428,0.8571428571428571,0.20238344
6.0,0.7142857142857142,0.8571428571428571,0.1609132
6.0,0.7857142857142857,0.8571428571428571,0.12363709
6.0,0.8571428571428571,0.8571428571428571,0.08495927
6.0,0.9285714285714285,0.8571428571428571,0.041009028
6.0,1.0,0.8571428571428571,-0.008467034
6.0,0.0,0.9285714285714285,-0.007822243
6.0,0.07142857142857142,0.9285714285714285,0.02323981
6.0,0.14285714285714285,0.9285714285714285,0.045982733
6.0,0.21428571428571427,0.9285714285714285,0.06205547
6.0,0.2857142857142857,0.9285714285714285,0.07603513
6.0,0.3571428571428571,0.9285714285714285,0.09335018
6.0,0.42857142857142855,0.9285714285714285,0.11385668
6.0,0.5,0.9285714285714285,0.12598166
6.0,0.5714285714285714,0.9285714285714285,0.117254905
6.0,0.6428571428571428,0.9285714285714285,0.09501568
6.0,0.7142857142857142,0.9285714285714285,0.074473284
6.0,0.7857142857142857,0.9285714285714285,0.0581882
6.0,0.8571428571428571,0.9285714285714285,0.04068892
6.0,0.9285714285714285,0.9285714285714285,0.017006889
6.0,1.0,0.9285714285714285,-0.014544734
6.0,0.0,1.0,-0.017851658
6.0,0.07142857142857142,1.0,-0.0058875727
6.0,0.14285714285714285,1.0,-0.0037744371
6.0,0.21428571428571427,1.0,-0.008390608
6.0,0.2857142857142857,1.0,-0.013972788
6.0,0.3571428571428571,1.0,-0.014644408
6.0,0.42857142857142855,1.0,-0.009036408
6.0,0.5,1.0,-0.0030662613
6.0,0.5714285714285714,1.0,-0.0039827013
6.0,0.6428571428571428,1.0,-0.0093501145
6.0,0.7142857142857142,1.0,-0.011297111
6.0,0.7857142857142857,1.0,-0.008932219
6.0,0.8571428571428571,1.0,-0.0076099345
6.0,0.9285714285714285,1.0,-0.0128844315
6.0,1.0,1.0,-0.027537234
7.0,0.0,0.0,-0.016711082
7.0,0.07142857142857142,0.0,-0.006107428
7.0,0.14285714285714285,0.0,-0.0030978108
7.0,0.21428571428571427,0.0,-0.0065435553
7.0,0.2857142857142857,0.0,-0.011681666
7.0,0.3571428571428571,0.0,-0.010882669
7.0,0.42857142857142855,0.0,-0.003529367
7.0,0.5,0.0,-0.0010773921
7.0,0.5714285714285714,0.0,-0.007815008
7.0,0.6428571428571428,0.0,-0.013686192
7.0,0.7142857142857142,0.0,-0.0130712325
7.0,0.7857142857142857,0.0,-0.010036313
7.0,0.8571428571428571,0.0,-0.009930448
7.0,0.9285714285714285,0.0,-0.015407481
7.0,1.0,0.0,-0.027206257
7.0,0.0,0.07142857142857142,-0.0071968
7.0,0.07142857142857142,0.07142857142857142,0.020511702
7.0,0.14285714285714285,0.07142857142857142,0.042491157
7.0,0.21428571428571427,0.07142857142857142,0.059024468
7.0,0.2857142857142857,0.07142857142857142,0.07365348
7.0,0.3571428571428571,0.07142857142857142,0.09354658
7.0,0.42857142857142855,0.07142857142857142,0.118166454
7.0,0.5,0.07142857142857142,0.12781626
7.0,0.5714285714285714,0.07142857142857142,0.11302355
7.0,0.6428571428571428,0.07142857142857142,0.09147978
7.0,0.7142857142857142,0.07142857142857142,0.07467727
7.0,0.7857142857142857,0.07142857142857142,0.059121966
7.0,0.8571428571428571,0.07142857142857142,0.040145278
7.0,0.9285714285714285,0.07142857142857142,0.016247138
7.0,1.0,0.07142857142857142,-0.012738497
7.0,0.0,0.14285714285714285,-0.0045505827
7.0,0.07142857142857142,0.14285714285714285,0.04137394
7.0,0.14285714285714285,0.14285714285714285,0.083813496
7.0,0.21428571428571427,0.14285714285714285,0.12219242
7.0,0.2857142857142857,0.14285714285714285,0.15872219
7.0,0.3571428571428571,0.14285714285714285,0.19993982
7.0,0.42857142857142855,0.14285714285714285,0.24489826
7.0,0.5,0.14285714285714285,0.26429188
7.0,0.5714285714285714,0.14285714285714285,0.24002403
7.0,0.6428571428571428,0.14285714285714285,0.19942622
7.0,0.7142857142857142,0.14285714285714285,0.1615316
7.0,0.7857142857142857,0.14285714285714285,0.1239383
7.0,0.8571428571428571,0.14285714285714285,0.08341267
7.0,0.9285714285714285,0.14285714285714285,0.03961452
7.0,1.0,0.14285714285714285,-0.0075092623
7.0,0.0,0.21428571428571427,-0.0073134163
7.0,0.07142857142857142,0.21428571428571427,0.057952255
7.0,0.14285714285714285,0.21428571428571427,0.121922486
7.0,0.21428571428571427,0.21428571428571427,0.1829447
7.0,0.2857142857142857,0.21428571428571427,0.24171835
7.0,0.3571428571428571,0.21428571428571427,0.3040656
7.0,0.42857142857142855,0.21428571428571427,0.3698585
7.0,0.5,0.21428571428571427,0.40060103
7.0,0.5714285714285714,0.21428571428571427,0.3661611
7.0,0.6428571428571428,0.21428571428571427,0.3048179
7.0,0.7142857142857142,0.21428571428571427,0.24424759
7.0,0.7857142857142857,0.21428571428571427,0.18352385
7.0,0.8571428571428571,0.21428571428571427,0.12105132
7.0,0.9285714285714285,0.21428571428571427,0.057075597
7.0,1.0,0.21428571428571427,-0.008618579
7.0,0.0,0.2857142857142857,-0.0125305755
7.0,0.07142857142857142,0.2857142857142857,0.07327978
7.0,0.14285714285714285,0.2857142857142857,0.15963319
7.0,0.21428571428571427,0.2857142857142857,0.24335364
7.0,0.2857142857142857,0.2857142857142857,0.32343712
7.0,0.3571428571428571,0.2857142857142857,0.40511188
7.0,0.42857142857142855,0.2857142857142857,0.49032605
7.0,0.5,0.2857142857142857,0.53311646
7.0,0.5714285714285714,0.2857142857142857,0.48836732
7.0,0.6428571428571428,0.2857142857142857,0.4060657
7.0,0.7142857142857142,0.2857142857142857,0.32346103
7.0,0.7857142857142857,0.2857142857142857,0.2409122
7.0,0.8571428571428571,0.2857142857142857,0.15748885
7.0,0.9285714285714285,0.2857142857142857,0.073325105
7.0,1.0,0.2857142857142857,-0.011336253
7.0,0.0,0.3571428571428571,-0.015007794
7.0,0.07142857142857142,0.3571428571428571,0.09200194
7.0,0.14285714285714285,0.3571428571428571,0.20118669
7.0,0.21428571428571427,0.3571428571428571,0.3073722
7.0,0.2857142857142857,0.3571428571428571,0.40778
7.0,0.3571428571428571,0.3571428571428571,0.5073501
7.0,0.42857142857142855,0.3571428571428571,0.6107919
7.0,0.5,0.3571428571428571,0.666269
7.0,0.5714285714285714,0.3571428571428571,0.6110754
7.0,0.6428571428571428,0.3571428571428571,0.5078448
7.0,0.7142857142857142,0.3571428571428571,0.4048676
7.0,0.7857142857142857,0.3571428571428571,0.3024649
7.0,0.8571428571428571,0.3571428571428571,0.1986041
7.0,0.9285714285714285,0.3571428571428571,0.09355611
7.0,1.0,0.3571428571428571,-0.01040116
7.0,0.0,0.42857142857142855,-0.01067805
7.0,0.07142857142857142,0.42857142857142855,0.115145214
7.0,0.14285714285714285,0.42857142857142855,0.24522644
7.0,0.21428571428571427,0.42857142857142855,0.37253043
7.0,0.2857142857142857,0.42857142857142855,0.4927438
7.0,0.3571428571428571,0.42857142857142855,0.61062366
7.0,0.42857142857142855,0.42857142857142855,0.73289025
7.0,0.5,0.42857142857142855,0.802031
7.0,0.5714285714285714,0.42857142857142855,0.7363474
7.0,0.6428571428571428,0.42857142857142855,0.61192966
7.0,0.7142857142857142,0.42857142857142855,0.48957545
7.0,0.7857142857142857,0.42857142857142855,0.36809677
7.0,0.8571428571428571,0.42857142857142855,0.24367857
7.0,0.9285714285714285,0.42857142857142855,0.11795429
7.0,1.0,0.42857142857142855,-0.0037011812
7.0,0.0,0.5,-0.0060921246
7.0,0.07142857142857142,0.5,0.12726775
7.0,0.14285714285714285,0.5,0.26655218
7.0,0.21428571428571427,0.5,0.40432334
7.0,0.2857142857142857,0.5,0.53570795
7.0,0.3571428571428571,0.5,0.66496277
7.0,0.42857142857142855,0.5,0.7987087
7.0,0.5,0.5,0.87592965
7.0,0.5714285714285714,0.5,0.8033427
7.0,0.6428571428571428,0.5,0.6663964
7.0,0.7142857142857142,0.5,0.5343383
7.0,0.7857142857142857,0.5,0.40351284
7.0,0.8571428571428571,0.5,0.26831526
7.0,0.9285714285714285,0.5,0.13174793
7.0,1.0,0.5,0.0015818393
7.0,0.0,0.5714285714285714,-0.008688056
7.0,0.07142857142857142,0.5714285714285714,0.114750616
7.0,0.14285714285714285,0.5714285714285714,0.2425214
7.0,0.21428571428571427,0.5714285714285714,0.36867294
7.0,0.2857142857142857,0.5714285714285714,0.48978257
7.0,0.3571428571428571,0.5714285714285714,0.60998696
7.0,0.42857142857142855,0.5714285714285714,0.7331466
7.0,0.5,0.5714285714285714,0.8014864
7.0,0.5714285714285714,0.5714285714285714,0.7316521
7.0,0.6428571428571428,0.5714285714285714,0.605623
7.0,0.7142857142857142,0.5714285714285714,0.48729688
7.0,0.7857142857142857,0.5714285714285714,0.36975873
7.0,0.8571428571428571,0.5714285714285714,0.24575227
7.0,0.9285714285714285,0.5714285714285714,0.11840273
7.0,1.0,0.5714285714285714,-0.003921964
7.0,0.0,0.6428571428571428,-0.01189036
7.0,0.07142857142857142,0.6428571428571428,0.093058914
7.0,0.14285714285714285,0.6428571428571428,0.1994206
7.0,0.21428571428571427,0.6428571428571428,0.30376118
7.0,0.2857142857142857,0.6428571428571428,0.40545434
7.0,0.3571428571428571,0.6428571428571428,0.5090395
7.0,0.42857142857142855,0.6428571428571428,0.61411643
7.0,0.5,0.6428571428571428,0.6692843
7.0,0.5714285714285714,0.6428571428571428,0.6105836
7.0,0.6428571428571428,0.6428571428571428,0.5043591
7.0,0.7142857142857142,0.6428571428571428,0.40464017
7.0,0.7857142857142857,0.6428571428571428,0.3062617
7.0,0.8571428571428571,0.6428571428571428,0.20215595
7.0,0.9285714285714285,0.6428571428571428,0.09412297
7.0,1.0,0.6428571428571428,-0.011265972
7.0,0.0,0.7142857142857142,-0.011436918
7.0,0.07142857142857142,0.7142857142857142,0.07414222
7.0,0.14285714285714285,0.7142857142857142,0.15853149
7.0,0.21428571428571427,0.7142857142857142,0.24034834
7.0,0.2857142857142857,0.7142857142857142,0.32104775
7.0,0.3571428571428571,0.7142857142857142,0.4053303
7.0,0.42857142857142855,0.7142857142857142,0.49042988
7.0,0.5,0.7142857142857142,0.53469396
7.0,0.5714285714285714,0.7142857142857142,0.49154538
7.0,0.6428571428571428,0.7142857142857142,0.40671587
7.0,0.7142857142857142,0.7142857142857142,0.32484496
7.0,0.7857142857142857,0.7142857142857142,0.24543083
7.0,0.8571428571428571,0.7142857142857142,0.16235483
7.0,0.9285714285714285,0.7142857142857142,0.07545309
7.0,1.0,0.7142857142857142,-0.011322283
7.0,0.0,0.7857142857142857,-0.008670875
7.0,0.07142857142857142,0.7857142857142857,0.05843416
7.0,0.14285714285714285,0.7857142857142857,0.12197889
7.0,0.21428571428571427,0.7857142857142857,0.18183419
7.0,0.2857142857142857,0.7857142857142857,0.24064979
7.0,0.3571428571428571,0.7857142857142857,0.30311543
7.0,0.42857142857142855,0.7857142857142857,0.36608976
7.0,0.5,0.7857142857142857,0.39911342
7.0,0.5714285714285714,0.7857142857142857,0.37013528
7.0,0.6428571428571428,0.7857142857142857,0.3070728
7.0,0.7142857142857142,0.7857142857142857,0.24465042
7.0,0.7857142857142857,0.7857142857142857,0.18572474
7.0,0.8571428571428571,0.7857142857142857,0.12471237
7.0,0.9285714285714285,0.7857142857142857,0.059409328
7.0,1.0,0.7857142857142857,-0.008602818
7.0,0.0,0.8571428571428571,-0.006302991
7.0,0.07142857142857142,0.8571428571428571,0.042900622
7.0,0.14285714285714285,0.8571428571428571,0.086131364
7.0,0.21428571428571427,0.8571428571428571,0.12409554
7.0,0.2857142857142857,0.8571428571428571,0.16032404
7.0,0.3571428571428571,0.8571428571428571,0.19964996
7.0,0.42857142857142855,0.8571428571428571,0.23999134
7.0,0.5,0.8571428571428571,0.2615174
7.0,0.5714285714285714,0.8571428571428571,0.2438359
7.0,0.6428571428571428,0.8571428571428571,0.20212941
7.0,0.7142857142857142,0.8571428571428571,0.16071905
7.0,0.7857142857142857,0.8571428571428571,0.12333428
7.0,0.8571428571428571,0.8571428571428571,0.084588714
7.0,0.9285714285714285,0.8571428571428571,0.040620424
7.0,1.0,0.8571428571428571,-0.008869802
7.0,0.0,0.9285714285714285,-0.007881922
7.0,0.07142857142857142,0.9285714285714285,0.023077797
7.0,0.14285714285714285,0.9285714285714285,0.04572729
7.0,0.21428571428571427,0.9285714285714285,0.061757885
7.0,0.2857142857142857,0.9285714285714285,0.075734414
7.0,0.3571428571428571,0.9285714285714285,0.09295198
7.0,0.42857142857142855,0.9285714285714285,0.113153614
7.0,0.5,0.9285714285714285,0.12504244
7.0,0.5714285714285714,0.9285714285714285,0.116546534
7.0,0.6428571428571428,0.9285714285714285,0.094654866
7.0,0.7142857142857142,0.9285714285714285,0.07416441
7.0,0.7857142857142857,0.9285714285714285,0.057783403
7.0,0.8571428571428571,0.9285714285714285,0.040230922
7.0,0.9285714285714285,0.9285714285714285,0.01655763
7.0,1.0,0.9285714285714285,-0.01497474
7.0,0.0,1.0,-0.017923743
7.0,0.07142857142857142,1.0,-0.006101447
7.0,0.14285714285714285,1.0,-0.004096618
7.0,0.21428571428571427,1.0,-0.008757298
7.0,0.2857142857142857,1.0,-0.01435509
7.0,0.3571428571428571,1.0,-0.015120679
7.0,0.42857142857142855,1.0,-0.009733652
7.0,0.5,1.0,-0.0039129453
7.0,0.5714285714285714,1.0,-0.0046666646
7.0,0.6428571428571428,1.0,-0.0097688
7.0,0.7142857142857142,1.0,-0.011655313
7.0,0.7857142857142857,1.0,-0.009365485
7.0,0.8571428571428571,1.0,-0.00809002
7.0,0.9285714285714285,1.0,-0.013346137
7.0,1.0,1.0,-0.027958822
8.0,0.0,0.0,-0.017158091
8.0,0.07142857142857142,0.0,-0.006497585
8.0,0.14285714285714285,0.0,-0.003444043
8.0,0.21428571428571427,0.0,-0.006886062
8.0,0.2857142857142857,0.0,-0.0120979
8.0,0.3571428571428571,0.0,-0.011482094
8.0,0.42857142857142855,0.0,-0.0043664286
8.0,0.5,0.0,-0.0019922229
8.0,0.5714285714285714,0.0,-0.008581658
8.0,0.6428571428571428,0.0,-0.014241022
8.0,0.7142857142857142,0.0,-0.013442521
8.0,0.7857142857142857,0.0,-0.010287267
8.0,0.8571428571428571,0.0,-0.010157769
8.0,0.9285714285714285,0.0,-0.015707903
8.0,1.0,0.0,-0.02764555
8.0,0.0,0.07142857142857142,-0.0077072913
8.0,0.07142857142857142,0.07142857142857142,0.020097695
8.0,0.14285714285714285,0.07142857142857142,0.042180397
8.0,0.21428571428571427,0.07142857142857142,0.05879339
8.0,0.2857142857142857,0.07142857142857142,0.07342022
8.0,0.3571428571428571,0.07142857142857142,0.09314174
8.0,0.42857142857142855,0.07142857142857142,0.117436625
8.0,0.5,0.07142857142857142,0.12694655
8.0,0.5714285714285714,0.07142857142857142,0.11235816
8.0,0.6428571428571428,0.07142857142857142,0.091071434
8.0,0.7142857142857142,0.07142857142857142,0.0744442
8.0,0.7857142857142857,0.07142857142857142,0.058964916
8.0,0.8571428571428571,0.07142857142857142,0.039947346
8.0,0.9285714285714285,0.07142857142857142,0.015914343
8.0,1.0,0.07142857142857142,-0.0132568935
8.0,0.0,0.14285714285714285,-0.0050858343
8.0,0.07142857142857142,0.14285714285714285,0.040967397
8.0,0.14285714285714285,0.14285714285714285,0.08355565
8.0,0.21428571428571427,0.14285714285714285,0.122076504
8.0,0.2857142857142857,0.14285714285714285,0.15866277
8.0,0.3571428571428571,0.14285714285714285,0.19970201
8.0,0.42857142857142855,0.14285714285714285,0.24418718
8.0,0.5,0.14285714285714285,0.2633224
8.0,0.5714285714285714,0.14285714285714285,0.23935646
8.0,0.6428571428571428,0.14285714285714285,0.19911811
8.0,0.7142857142857142,0.14285714285714285,0.16142116
8.0,0.7857142857142857,0.14285714285714285,0.12387455
8.0,0.8571428571428571,0.14285714285714285,0.08325841
8.0,0.9285714285714285,0.14285714285714285,0.039280526
8.0,1.0,0.14285714285714285,-0.008061015
8.0,0.0,0.21428571428571427,-0.007815122
8.0,0.07142857142857142,0.21428571428571427,0.05760944
8.0,0.14285714285714285,0.21428571428571427,0.12176085
8.0,0.21428571428571427,0.21428571428571427,0.1829606
8.0,0.2857142857142857,0.21428571428571427,0.2418217
8.0,0.3571428571428571,0.21428571428571427,0.30396068
8.0,0.42857142857142855,0.21428571428571427,0.3690812
8.0,0.5,0.21428571428571427,0.3993887
8.0,0.5714285714285714,0.21428571428571427,0.36539653
8.0,0.6428571428571428,0.21428571428571427,0.30457065
8.0,0.7142857142857142,0.21428571428571427,0.24424398
8.0,0.7857142857142857,0.21428571428571427,0.1835537
8.0,0.8571428571428571,0.21428571428571427,0.12096108
8.0,0.9285714285714285,0.21428571428571427,0.056778908
8.0,1.0,0.21428571428571427,-0.009152778
8.0,0.0,0.2857142857142857,-0.012978325
8.0,0.07142857142857142,0.2857142857142857,0.073025346
8.0,0.14285714285714285,0.2857142857142857,0.15957655
8.0,0.21428571428571427,0.2857142857142857,0.24347413
8.0,0.2857142857142857,0.2857142857142857,0.32363245
8.0,0.3571428571428571,0.2857142857142857,0.40504414
8.0,0.42857142857142855,0.2857142857142857,0.48937124
8.0,0.5,0.2857142857142857,0.5315205
8.0,0.5714285714285714,0.2857142857142857,0.48741353
8.0,0.6428571428571428,0.2857142857142857,0.40581515
8.0,0.7142857142857142,0.2857142857142857,0.32349527
8.0,0.7857142857142857,0.2857142857142857,0.2409755
8.0,0.8571428571428571,0.2857142857142857,0.1574297
8.0,0.9285714285714285,0.2857142857142857,0.07306256
8.0,1.0,0.2857142857142857,-0.011832015
8.0,0.0,0.3571428571428571,-0.015528226
8.0,0.07142857142857142,0.3571428571428571,0.091710165
8.0,0.14285714285714285,0.3571428571428571,0.20108733
8.0,0.21428571428571427,0.3571428571428571,0.30739787
8.0,0.2857142857142857,0.3571428571428571,0.40779638
8.0,0.3571428571428571,0.3571428571428571,0.507004
8.0,0.42857142857142855,0.3571428571428571,0.6093434
8.0,0.5,0.3571428571428571,0.6639641
8.0,0.5714285714285714,0.3571428571428571,0.6096503
8.0,0.6428571428571428,0.3571428571428571,0.5073193
8.0,0.7142857142857142,0.3571428571428571,0.40465784
8.0,0.7857142857142857,0.3571428571428571,0.3023154
8.0,0.8571428571428571,0.3571428571428571,0.19839895
8.0,0.9285714285714285,0.3571428571428571,0.09322334
8.0,1.0,0.3571428571428571,-0.010904112
8.0,0.0,0.42857142857142855,-0.011550915
8.0,0.07142857142857142,0.42857142857142855,0.11449564
8.0,0.14285714285714285,0.42857142857142855,0.24471301
8.0,0.21428571428571427,0.42857142857142855,0.3720033
8.0,0.2857142857142857,0.42857142857142855,0.49199772
8.0,0.3571428571428571,0.42857142857142855,0.6092784
8.0,0.42857142857142855,0.42857142857142855,0.7301423
8.0,0.5,0.42857142857142855,0.798167
8.0,0.5714285714285714,0.42857142857142855,0.7336346
8.0,0.6428571428571428,0.42857142857142855,0.61039454
8.0,0.7142857142857142,0.42857142857142855,0.48850304
8.0,0.7857142857142857,0.42857142857142855,0.36727816
8.0,0.8571428571428571,0.42857142857142855,0.24303481
8.0,0.9285714285714285,0.42857142857142855,0.117383905
8.0,1.0,0.42857142857142855,-0.0042974213
8.0,0.0,0.5,-0.007270721
8.0,0.07142857142857142,0.5,0.12626746
8.0,0.14285714285714285,0.5,0.2656101
8.0,0.21428571428571427,0.5,0.40322223
8.0,0.2857142857142857,0.5,0.53415906
8.0,0.3571428571428571,0.5,0.6625308
8.0,0.42857142857142855,0.5,0.7945553
8.0,0.5,0.5,0.87040466
8.0,0.5714285714285714,0.5,0.79921985
8.0,0.6428571428571428,0.5,0.6638392
8.0,0.7142857142857142,0.5,0.5325192
8.0,0.7857142857142857,0.5,0.40220022
8.0,0.8571428571428571,0.5,0.26739612
8.0,0.9285714285714285,0.5,0.1310575
8.0,1.0,0.5,0.0009618541
8.0,0.0,0.5714285714285714,-0.009641723
8.0,0.07142857142857142,0.5714285714285714,0.11400453
8.0,0.14285714285714285,0.5714285714285714,0.24189678
8.0,0.21428571428571427,0.5714285714285714,0.36800683
8.0,0.2857142857142857,0.5714285714285714,0.48885697
8.0,0.3571428571428571,0.5714285714285714,0.6084378
8.0,0.42857142857142855,0.5714285714285714,0.7301728
8.0,0.5,0.5714285714285714,0.79728353
8.0,0.5714285714285714,0.5714285714285714,0.7287974
8.0,0.6428571428571428,0.5714285714285714,0.60423684
8.0,0.7142857142857142,0.5714285714285714,0.48643297
8.0,0.7857142857142857,0.5714285714285714,0.3691453
8.0,0.8571428571428571,0.5714285714285714,0.24531645
8.0,0.9285714285714285,0.5714285714285714,0.11804024
8.0,1.0,0.5714285714285714,-0.0043117413
8.0,0.0,0.6428571428571428,-0.012422212
8.0,0.07142857142857142,0.6428571428571428,0.09273682
8.0,0.14285714285714285,0.6428571428571428,0.1992594
8.0,0.21428571428571427,0.6428571428571428,0.3036795
8.0,0.2857142857142857,0.6428571428571428,0.40534845
8.0,0.3571428571428571,0.6428571428571428,0.50864553
8.0,0.42857142857142855,0.6428571428571428,0.61273116
8.0,0.5,0.6428571428571428,0.6669621
8.0,0.5714285714285714,0.6428571428571428,0.6093401
8.0,0.6428571428571428,0.6428571428571428,0.5042726
8.0,0.7142857142857142,0.6428571428571428,0.40479115
8.0,0.7857142857142857,0.6428571428571428,0.30635956
8.0,0.8571428571428571,0.6428571428571428,0.20217884
8.0,0.9285714285714285,0.6428571428571428,0.094053015
8.0,1.0,0.6428571428571428,-0.011454054
8.0,0.0,0.7142857142857142,-0.011690774
8.0,0.07142857142857142,0.7142857142857142,0.07402123
8.0,0.14285714285714285,0.7142857142857142,0.15850754
8.0,0.21428571428571427,0.7142857142857142,0.24039012
8.0,0.2857142857142857,0.7142857142857142,0.32112116
8.0,0.3571428571428571,0.7142857142857142,0.40523824
8.0,0.42857142857142855,0.7142857142857142,0.4895922
8.0,0.5,0.7142857142857142,0.53313255
8.0,0.5714285714285714,0.7142857142857142,0.49075323
8.0,0.6428571428571428,0.7142857142857142,0.40682083
8.0,0.7142857142857142,0.7142857142857142,0.32509518
8.0,0.7857142857142857,0.7142857142857142,0.24555796
8.0,0.8571428571428571,0.7142857142857142,0.16235976
8.0,0.9285714285714285,0.7142857142857142,0.075355
8.0,1.0,0.7142857142857142,-0.011521765
8.0,0.0,0.7857142857142857,-0.008789332
8.0,0.07142857142857142,0.7857142857142857,0.058351435
8.0,0.14285714285714285,0.7857142857142857,0.12190751
8.0,0.21428571428571427,0.7857142857142857,0.18177901
8.0,0.2857142857142857,0.7857142857142857,0.24062216
8.0,0.3571428571428571,0.7857142857142857,0.30296674
8.0,0.42857142857142855,0.7857142857142857,0.36537805
8.0,0.5,0.7857142857142857,0.39787197
8.0,0.5714285714285714,0.7857142857142857,0.36940458
8.0,0.6428571428571428,0.7857142857142857,0.30699897
8.0,0.7142857142857142,0.7857142857142857,0.24466977
8.0,0.7857142857142857,0.7857142857142857,0.18562236
8.0,0.8571428571428571,0.7857142857142857,0.12451623
8.0,0.9285714285714285,0.7857142857142857,0.05915899
8.0,1.0,0.7857142857142857,-0.00890172
8.0,0.0,0.8571428571428571,-0.0063602114
8.0,0.07142857142857142,0.8571428571428571,0.042795613
8.0,0.14285714285714285,0.8571428571428571,0.08597108
8.0,0.21428571428571427,0.8571428571428571,0.12391514
8.0,0.2857142857142857,0.8571428571428571,0.16015999
8.0,0.3571428571428571,0.8571428571428571,0.1993883
8.0,0.42857142857142855,0.8571428571428571,0.23932031
8.0,0.5,0.8571428571428571,0.26048595
8.0,0.5714285714285714,0.8571428571428571,0.24313441
8.0,0.6428571428571428,0.8571428571428571,0.20189399
8.0,0.7142857142857142,0.8571428571428571,0.1605413
8.0,0.7857142857142857,0.8571428571428571,0.12304144
8.0,0.8571428571428571,0.8571428571428571,0.08422712
8.0,0.9285714285714285,0.8571428571428571,0.04024676
8.0,1.0,0.8571428571428571,-0.009246663
8.0,0.0,0.9285714285714285,-0.007919558
8.0,0.07142857142857142,0.9285714285714285,0.022931356
8.0,0.14285714285714285,0.9285714285714285,0.045487016
8.0,0.21428571428571427,0.9285714285714285,0.061482146
8.0,0.2857142857142857,0.9285714285714285,0.075466014
8.0,0.3571428571428571,0.9285714285714285,0.09259874
8.0,0.42857142857142855,0.9285714285714285,0.11250875
8.0,0.5,0.9285714285714285,0.12416468
8.0,0.5714285714285714,0.9285714285714285,0.11588777
8.0,0.6428571428571428,0.9285714285714285,0.09433301
8.0,0.7142857142857142,0.9285714285714285,0.073888816
8.0,0.7857142857142857,0.9285714285714285,0.057402708
8.0,0.8571428571428571,0.9285714285714285,0.039789774
8.0,0.9285714285714285,0.9285714285714285,0.016124316
8.0,1.0,0.9285714285714285,-0.015382775
8.0,0.0,1.0,-0.017979015
8.0,0.07142857142857142,1.0,-0.006298856
8.0,0.14285714285714285,1.0,-0.004396689
8.0,0.21428571428571427,1.0,-0.009091836
8.0,0.2857142857142857,1.0,-0.014691628
8.0,0.3571428571428571,1.0,-0.015536227
8.0,0.42857142857142855,1.0,-0.010356252
8.0,0.5,1.0,-0.0046803886
8.0,0.5714285714285714,1.0,-0.0052800262
8.0,0.6428571428571428,1.0,-0.010126614
8.0,0.7142857142857142,1.0,-0.011961554
8.0,0.7857142857142857,1.0,-0.009759692
8.0,0.8571428571428571,1.0,-0.00854379
8.0,0.9285714285714285,1.0,-0.013787904
8.0,1.0,1.0,-0.028360367
9.0,0.0,0.0,-0.017581366
9.0,0.07142857142857142,0.0,-0.006865264
9.0,0.14285714285714285,0.0,-0.0037654163
9.0,0.21428571428571427,0.0,-0.0071964907
9.0,0.2857142857142857,0.0,-0.012466625
9.0,0.3571428571428571,0.0,-0.012015459
9.0,0.42857142857142855,0.0,-0.0051240185
9.0,0.5,0.0,-0.0028248997
9.0,0.5714285714285714,0.0,-0.009269399
9.0,0.6428571428571428,0.0,-0.014728569
9.0,0.7142857142857142,0.0,-0.013759536
9.0,0.7857142857142857,0.0,-0.010491368
9.0,0.8571428571428571,0.0,-0.010340535
9.0,0.9285714285714285,0.0,-0.015962869
9.0,1.0,0.0,-0.02803868
9.0,0.0,0.07142857142857142,-0.008189754
9.0,0.07142857142857142,0.07142857142857142,0.01970815
9.0,0.14285714285714285,0.07142857142857142,0.041891985
9.0,0.21428571428571427,0.07142857142857142,0.058588162
9.0,0.2857142857142857,0.07142857142857142,0.07322307
9.0,0.3571428571428571,0.07142857142857142,0.09278735
9.0,0.42857142857142855,0.07142857142857142,0.116765566
9.0,0.5,0.07142857142857142,0.12613642
9.0,0.5714285714285714,0.07142857142857142,0.11175015
9.0,0.6428571428571428,0.07142857142857142,0.09071317
9.0,0.7142857142857142,0.07142857142857142,0.07425287
9.0,0.7857142857142857,0.07142857142857142,0.058846533
9.0,0.8571428571428571,0.07142857142857142,0.03979043
9.0,0.9285714285714285,0.07142857142857142,0.015626706
9.0,1.0,0.07142857142857142,-0.013726057
9.0,0.0,0.14285714285714285,-0.0055874465
9.0,0.07142857142857142,0.14285714285714285,0.040587813
9.0,0.14285714285714285,0.14285714285714285,0.08331946
9.0,0.21428571428571427,0.14285714285714285,0.12197951
9.0,0.2857142857142857,0.14285714285714285,0.15862736
9.0,0.3571428571428571,0.14285714285714285,0.19949806
9.0,0.42857142857142855,0.14285714285714285,0.24351409
9.0,0.5,0.14285714285714285,0.26238787
9.0,0.5714285714285714,0.14285714285714285,0.23872426
9.0,0.6428571428571428,0.14285714285714285,0.19884363
9.0,0.7142857142857142,0.14285714285714285,0.16134146
9.0,0.7857142857142857,0.14285714285714285,0.12384511
9.0,0.8571428571428571,0.14285714285714285,0.08314405
9.0,0.9285714285714285,0.14285714285714285,0.038993016
9.0,1.0,0.14285714285714285,-0.008561068
9.0,0.0,0.21428571428571427,-0.00827656
9.0,0.07142857142857142,0.21428571428571427,0.057297185
9.0,0.14285714285714285,0.21428571428571427,0.121618696
9.0,0.21428571428571427,0.21428571428571427,0.18298782
9.0,0.2857142857142857,0.21428571428571427,0.24193516
9.0,0.3571428571428571,0.21428571428571427,0.3038719
9.0,0.42857142857142855,0.21428571428571427,0.3683244
9.0,0.5,0.21428571428571427,0.39819184
9.0,0.5714285714285714,0.21428571428571427,0.36465073
9.0,0.6428571428571428,0.21428571428571427,0.30434543
9.0,0.7142857142857142,0.21428571428571427,0.24426287
9.0,0.7857142857142857,0.21428571428571427,0.1836125
9.0,0.8571428571428571,0.21428571428571427,0.12090821
9.0,0.9285714285714285,0.21428571428571427,0.05652961
9.0,1.0,0.21428571428571427,-0.00963191
9.0,0.0,0.2857142857142857,-0.013376746
9.0,0.07142857142857142,0.2857142857142857,0.07280514
9.0,0.14285714285714285,0.2857142857142857,0.1595364
9.0,0.21428571428571427,0.2857142857142857,0.24359581
9.0,0.2857142857142857,0.2857142857142857,0.32382122
9.0,0.3571428571428571,0.2857142857142857,0.4049758
9.0,0.42857142857142855,0.2857142857142857,0.48842305
9.0,0.5,0.2857142857142857,0.5299274
9.0,0.5714285714285714,0.2857142857142857,0.48646715
9.0,0.6428571428571428,0.2857142857142857,0.40557787
9.0,0.7142857142857142,0.2857142857142857,0.323544
9.0,0.7857142857142857,0.2857142857142857,0.24106088
9.0,0.8571428571428571,0.2857142857142857,0.15740353
9.0,0.9285714285714285,0.2857142857142857,0.072846435
9.0,1.0,0.2857142857142857,-0.012269334
9.0,0.0,0.3571428571428571,-0.015987594
9.0,0.07142857142857142,0.3571428571428571,0.09145788
9.0,0.14285714285714285,0.3571428571428571,0.20100166
9.0,0.21428571428571427,0.3571428571428571,0.30741173
9.0,0.2857142857142857,0.3571428571428571,0.4077878
9.0,0.3571428571428571,0.3571428571428571,0.50663763
9.0,0.42857142857142855,0.3571428571428571,0.60788685
9.0,0.5,0.3571428571428571,0.66165006
9.0,0.5714285714285714,0.3571428571428571,0.60822016
9.0,0.6428571428571428,0.3571428571428571,0.50679606
9.0,0.7142857142857142,0.3571428571428571,0.40445262
9.0,0.7857142857142857,0.3571428571428571,0.30217832
9.0,0.8571428571428571,0.3571428571428571,0.19822101
9.0,0.9285714285714285,0.3571428571428571,0.09293548
9.0,1.0,0.3571428571428571,-0.011345432
9.0,0.0,0.42857142857142855,-0.012350728
9.0,0.07142857142857142,0.42857142857142855,0.113893814
9.0,0.14285714285714285,0.42857142857142855,0.24421257
9.0,0.21428571428571427,0.42857142857142855,0.37145665
9.0,0.2857142857142857,0.42857142857142855,0.49121255
9.0,0.3571428571428571,0.42857142857142855,0.6078964
9.0,0.42857142857142855,0.42857142857142855,0.72737175
9.0,0.5,0.42857142857142855,0.7942767
9.0,0.5714285714285714,0.42857142857142855,0.73089576
9.0,0.6428571428571428,0.42857142857142855,0.6088485
9.0,0.7142857142857142,0.42857142857142855,0.48742515
9.0,0.7857142857142857,0.42857142857142855,0.36646488
9.0,0.8571428571428571,0.42857142857142855,0.24241585
9.0,0.9285714285714285,0.42857142857142855,0.116860844
9.0,1.0,0.42857142857142855,-0.004827873
9.0,0.0,0.5,-0.008365148
9.0,0.07142857142857142,0.5,0.12532602
9.0,0.14285714285714285,0.5,0.26469275
9.0,0.21428571428571427,0.5,0.40211266
9.0,0.2857142857142857,0.5,0.5325834
9.0,0.3571428571428571,0.5,0.6600761
9.0,0.42857142857142855,0.5,0.7903953
9.0,0.5,0.5,0.8648651
9.0,0.5714285714285714,0.5,0.7950753
9.0,0.6428571428571428,0.5,0.6612764
9.0,0.7142857142857142,0.5,0.5306989
9.0,0.7857142857142857,0.5,0.4008925
9.0,0.8571428571428571,0.5,0.26649982
9.0,0.9285714285714285,0.5,0.13041231
9.0,1.0,0.5,0.00040754583
9.0,0.0,0.5714285714285714,-0.010507406
9.0,0.07142857142857142,0.5714285714285714,0.11332474
9.0,0.14285714285714285,0.5714285714285714,0.24131149
9.0,0.21428571428571427,0.5714285714285714,0.3673531
9.0,0.2857142857142857,0.5714285714285714,0.48793003
9.0,0.3571428571428571,0.5714285714285714,0.6068917
9.0,0.42857142857142855,0.5714285714285714,0.7272162
9.0,0.5,0.5714285714285714,0.793092
9.0,0.5714285714285714,0.5714285714285714,0.72594243
9.0,0.6428571428571428,0.5714285714285714,0.6028588
9.0,0.7142857142857142,0.5714285714285714,0.48557422
9.0,0.7857142857142857,0.5714285714285714,0.3685342
9.0,0.8571428571428571,0.5714285714285714,0.24489474
9.0,0.9285714285714285,0.5714285714285714,0.117712416
9.0,1.0,0.5714285714285714,-0.004645952
9.0,0.0,0.6428571428571428,-0.012877055
9.0,0.07142857142857142,0.6428571428571428,0.092472136
9.0,0.14285714285714285,0.6428571428571428,0.19913253
9.0,0.21428571428571427,0.6428571428571428,0.3036117
9.0,0.2857142857142857,0.6428571428571428,0.4052451
9.0,0.3571428571428571,0.6428571428571428,0.5082543
9.0,0.42857142857142855,0.6428571428571428,0.611354
9.0,0.5,0.6428571428571428,0.664644
9.0,0.5714285714285714,0.6428571428571428,0.60808814
9.0,0.6428571428571428,0.6428571428571428,0.5041847
9.0,0.7142857142857142,0.6428571428571428,0.40494156
9.0,0.7857142857142857,0.6428571428571428,0.30645567
9.0,0.8571428571428571,0.6428571428571428,0.20220847
9.0,0.9285714285714285,0.6428571428571428,0.09400752
9.0,1.0,0.6428571428571428,-0.011598193
9.0,0.0,0.7142857142857142,-0.011885175
9.0,0.07142857142857142,0.7142857142857142,0.07394188
9.0,0.14285714285714285,0.7142857142857142,0.15850767
9.0,0.21428571428571427,0.7142857142857142,0.2404418
9.0,0.2857142857142857,0.7142857142857142,0.32119906
9.0,0.3571428571428571,0.7142857142857142,0.40515196
9.0,0.42857142857142855,0.7142857142857142,0.488765
9.0,0.5,0.7142857142857142,0.5315791
9.0,0.5714285714285714,0.7142857142857142,0.4899541
9.0,0.6428571428571428,0.7142857142857142,0.40692067
9.0,0.7142857142857142,0.7142857142857142,0.3253427
9.0,0.7857142857142857,0.7142857142857142,0.2456823
9.0,0.8571428571428571,0.7142857142857142,0.1623689
9.0,0.9285714285714285,0.7142857142857142,0.075276114
9.0,1.0,0.7142857142857142,-0.011685417
9.0,0.0,0.7857142857142857,-0.008864106
9.0,0.07142857142857142,0.7857142857142857,0.058297537
9.0,0.14285714285714285,0.7857142857142857,0.121852614
9.0,0.21428571428571427,0.7857142857142857,0.18173382
9.0,0.2857142857142857,0.7857142857142857,0.24060446
9.0,0.3571428571428571,0.7857142857142857,0.30283305
9.0,0.42857142857142855,0.7857142857142857,0.3646888
9.0,0.5,0.7857142857142857,0.39665273
9.0,0.5714285714285714,0.7857142857142857,0.36867943
9.0,0.6428571428571428,0.7857142857142857,0.30692714
9.0,0.7142857142857142,0.7857142857142857,0.24469206
9.0,0.7857142857142857,0.7857142857142857,0.18552098
9.0,0.8571428571428571,0.7857142857142857,0.12432445
9.0,0.9285714285714285,0.7857142857142857,0.05892437
9.0,1.0,0.7857142857142857,-0.009170343
9.0,0.0,0.8571428571428571,-0.0063869143
9.0,0.07142857142857142,0.8571428571428571,0.042710833
9.0,0.14285714285714285,0.8571428571428571,0.08582452
9.0,0.21428571428571427,0.8571428571428571,0.123748265
9.0,0.2857142857142857,0.8571428571428571,0.16001575
9.0,0.3571428571428571,0.8571428571428571,0.19915546
9.0,0.42857142857142855,0.8571428571428571,0.23868808
9.0,0.5,0.8571428571428571,0.25949436
9.0,0.5714285714285714,0.8571428571428571,0.24245787
9.0,0.6428571428571428,0.8571428571428571,0.20167619
9.0,0.7142857142857142,0.8571428571428571,0.16037932
9.0,0.7857142857142857,0.8571428571428571,0.122759365
9.0,0.8571428571428571,0.8571428571428571,0.083874345
9.0,0.9285714285714285,0.8571428571428571,0.039887678
9.0,1.0,0.8571428571428571,-0.009598547
9.0,0.0,0.9285714285714285,-0.007936698
9.0,0.07142857142857142,0.9285714285714285,0.02280029
9.0,0.14285714285714285,0.9285714285714285,0.045261554
9.0,0.21428571428571427,0.9285714285714285,0.061227493
9.0,0.2857142857142857,0.9285714285714285,0.07522924
9.0,0.3571428571428571,0.9285714285714285,0.092289686
9.0,0.42857142857142855,0.9285714285714285,0.11192074
9.0,0.5,0.9285714285714285,0.123347364
9.0,0.5714285714285714,0.9285714285714285,0.11527706
9.0,0.6428571428571428,0.9285714285714285,0.09404991
9.0,0.7142857142857142,0.9285714285714285,0.07364587
9.0,0.7857142857142857,0.9285714285714285,0.057046495
9.0,0.8571428571428571,0.9285714285714285,0.039365042
9.0,0.9285714285714285,0.9285714285714285,0.01570674
9.0,1.0,0.9285714285714285,-0.015769403
9.0,0.0,1.0,-0.01801917
9.0,0.07142857142857142,1.0,-0.006480829
9.0,0.14285714285714285,1.0,-0.004675622
9.0,0.21428571428571427,1.0,-0.009393573
9.0,0.2857142857142857,1.0,-0.014982597
9.0,0.3571428571428571,1.0,-0.015892535
9.0,0.42857142857142855,1.0,-0.010906299
9.0,0.5,1.0,-0.0053695375
9.0,0.5714285714285714,1.0,-0.005823263
9.0,0.6428571428571428,1.0,-0.010425628
9.0,0.7142857142857142,1.0,-0.012216841
9.0,0.7857142857142857,1.0,-0.010114291
9.0,0.8571428571428571,1.0,-0.00897069
9.0,0.9285714285714285,1.0,-0.014210143
9.0,1.0,1.0,-0.028741773
10.0,0.0,0.0,-0.017980617
10.0,0.07142857142857142,0.0,-0.007210375
10.0,0.14285714285714285,0.0,-0.004063328
10.0,0.21428571428571427,0.0,-0.007476014
10.0,0.2857142857142857,0.0,-0.012789634
10.0,0.3571428571428571,0.0,-0.012483676
10.0,0.42857142857142855,0.0,-0.005804275
10.0,0.5,0.0,-0.003575963
10.0,0.5714285714285714,0.0,-0.009880745
10.0,0.6428571428571428,0.0,-0.015150995
10.0,0.7142857142857142,0.0,-0.014024776
10.0,0.7857142857142857,0.0,-0.010651172
10.0,0.8571428571428571,0.0,-0.010480215
10.0,0.9285714285714285,0.0,-0.016173854
10.0,1.0,0.0,-0.028385796
10.0,0.0,0.07142857142857142,-0.008644045
10.0,0.07142857142857142,0.07142857142857142,0.01934259
10.0,0.14285714285714285,0.07142857142857142,0.041625667
10.0,0.21428571428571427,0.07142857142857142,0.058407582
10.0,0.2857142857142857,0.07142857142857142,0.07306017
10.0,0.3571428571428571,0.07142857142857142,0.09248202
10.0,0.42857142857142855,0.07142857142857142,0.11615261
10.0,0.5,0.07142857142857142,0.12538353
10.0,0.5714285714285714,0.07142857142857142,0.11119755
10.0,0.6428571428571428,0.07142857142857142,0.09040313
10.0,0.7142857142857142,0.07142857142857142,0.07410125
10.0,0.7857142857142857,0.07142857142857142,0.05876583
10.0,0.8571428571428571,0.07142857142857142,0.039673552
10.0,0.9285714285714285,0.07142857142857142,0.0153838685
10.0,1.0,0.07142857142857142,-0.01414732
10.0,0.0,0.14285714285714285,-0.006055909
10.0,0.07142857142857142,0.14285714285714285,0.04023559
10.0,0.14285714285714285,0.14285714285714285,0.083104245
10.0,0.21428571428571427,0.14285714285714285,0.12190064
10.0,0.2857142857142857,0.14285714285714285,0.15861382
10.0,0.3571428571428571,0.14285714285714285,0.19932586
10.0,0.42857142857142855,0.14285714285714285,0.24287781
10.0,0.5,0.14285714285714285,0.2614867
10.0,0.5714285714285714,0.14285714285714285,0.23812611
10.0,0.6428571428571428,0.14285714285714285,0.19860157
10.0,0.7142857142857142,0.14285714285714285,0.16129076
10.0,0.7857142857142857,0.14285714285714285,0.12384588
10.0,0.8571428571428571,0.14285714285714285,0.08306792
10.0,0.9285714285714285,0.14285714285714285,0.038750708
10.0,1.0,0.14285714285714285,-0.00900966
10.0,0.0,0.21428571428571427,-0.008697889
10.0,0.07142857142857142,0.21428571428571427,0.057014897
10.0,0.14285714285714285,0.21428571428571427,0.12149542
10.0,0.21428571428571427,0.21428571428571427,0.18302579
10.0,0.2857142857142857,0.21428571428571427,0.24205732
10.0,0.3571428571428571,0.21428571428571427,0.30379826
10.0,0.42857142857142855,0.21428571428571427,0.36758605
10.0,0.5,0.21428571428571427,0.39701036
10.0,0.5714285714285714,0.21428571428571427,0.363923
10.0,0.6428571428571428,0.21428571428571427,0.3041402
10.0,0.7142857142857142,0.21428571428571427,0.24430233
10.0,0.7857142857142857,0.21428571428571427,0.18369663
10.0,0.8571428571428571,0.21428571428571427,0.12089143
10.0,0.9285714285714285,0.21428571428571427,0.056326456
10.0,1.0,0.21428571428571427,-0.010056325
10.0,0.0,0.2857142857142857,-0.013726486
10.0,0.07142857142857142,0.2857142857142857,0.07261815
10.0,0.14285714285714285,0.2857142857142857,0.15951201
10.0,0.21428571428571427,0.2857142857142857,0.24371758
10.0,0.2857142857142857,0.2857142857142857,0.32400241
10.0,0.3571428571428571,0.2857142857142857,0.40490428
10.0,0.42857142857142855,0.2857142857142857,0.48747984
10.0,0.5,0.2857142857142857,0.5283381
10.0,0.5714285714285714,0.2857142857142857,0.48552832
10.0,0.6428571428571428,0.2857142857142857,0.40535277
10.0,0.7142857142857142,0.2857142857142857,0.3236062
10.0,0.7857142857142857,0.2857142857142857,0.24116552
10.0,0.8571428571428571,0.2857142857142857,0.15740891
10.0,0.9285714285714285,0.2857142857142857,0.072675236
10.0,1.0,0.2857142857142857,-0.012650111
10.0,0.0,0.3571428571428571,-0.016387284
10.0,0.07142857142857142,0.3571428571428571,0.09124376
10.0,0.14285714285714285,0.3571428571428571,0.20092809
10.0,0.21428571428571427,0.3571428571428571,0.30741355
10.0,0.2857142857142857,0.3571428571428571,0.4077534
10.0,0.3571428571428571,0.3571428571428571,0.50624996
10.0,0.42857142857142855,0.3571428571428571,0.6064223
10.0,0.5,0.3571428571428571,0.6593292
10.0,0.5714285714285714,0.3571428571428571,0.60678446
10.0,0.6428571428571428,0.3571428571428571,0.5062754
10.0,0.7142857142857142,0.3571428571428571,0.40425074
10.0,0.7857142857142857,0.3571428571428571,0.30205154
10.0,0.8571428571428571,0.3571428571428571,0.19806859
10.0,0.9285714285714285,0.3571428571428571,0.092691496
10.0,1.0,0.3571428571428571,-0.011726969
10.0,0.0,0.42857142857142855,-0.013078586
10.0,0.07142857142857142,0.42857142857142855,0.113336794
10.0,0.14285714285714285,0.42857142857142855,0.24372444
10.0,0.21428571428571427,0.42857142857142855,0.37088892
10.0,0.2857142857142857,0.42857142857142855,0.49038815
10.0,0.3571428571428571,0.42857142857142855,0.6064792
10.0,0.42857142857142855,0.42857142857142855,0.7245822
10.0,0.5,0.42857142857142855,0.790365
10.0,0.5714285714285714,0.42857142857142855,0.7281344
10.0,0.6428571428571428,0.42857142857142855,0.60729283
10.0,0.7142857142857142,0.42857142857142855,0.48634237
10.0,0.7857142857142857,0.42857142857142855,0.3656559
10.0,0.8571428571428571,0.42857142857142855,0.2418201
10.0,0.9285714285714285,0.42857142857142855,0.11638258
10.0,1.0,0.42857142857142855,-0.005293579
10.0,0.0,0.5,-0.009376452
10.0,0.07142857142857142,0.5,0.12444172
10.0,0.14285714285714285,0.5,0.2637996
10.0,0.21428571428571427,0.5,0.40099403
10.0,0.2857142857142857,0.5,0.530981
10.0,0.3571428571428571,0.5,0.6576023
10.0,0.42857142857142855,0.5,0.78623426
10.0,0.5,0.5,0.85931844
10.0,0.5714285714285714,0.5,0.790915
10.0,0.6428571428571428,0.5,0.6587103
10.0,0.7142857142857142,0.5,0.52887803
10.0,0.7857142857142857,0.5,0.39958942
10.0,0.8571428571428571,0.5,0.26562482
10.0,0.9285714285714285,0.5,0.1298106
10.0,1.0,0.5,-8.198712e-05
10.0,0.0,0.5714285714285714,-0.01128664
10.0,0.07142857142857142,0.5714285714285714,0.11270954
10.0,0.14285714285714285,0.5714285714285714,0.24076304
10.0,0.21428571428571427,0.5714285714285714,0.3667097
10.0,0.2857142857142857,0.5714285714285714,0.48700097
10.0,0.3571428571428571,0.5714285714285714,0.6053494
10.0,0.42857142857142855,0.5714285714285714,0.7242771
10.0,0.5,0.5714285714285714,0.78891474
10.0,0.5714285714285714,0.5714285714285714,0.7230885
10.0,0.6428571428571428,0.5714285714285714,0.6014878
10.0,0.7142857142857142,0.5714285714285714,0.4847194
10.0,0.7857142857142857,0.5714285714285714,0.3679249
10.0,0.8571428571428571,0.5714285714285714,0.2444855
10.0,0.9285714285714285,0.5714285714285714,0.11741761
10.0,1.0,0.5714285714285714,-0.004925416
10.0,0.0,0.6428571428571428,-0.013256916
10.0,0.07142857142857142,0.6428571428571428,0.0922623
10.0,0.14285714285714285,0.6428571428571428,0.19903749
10.0,0.21428571428571427,0.6428571428571428,0.3035555
10.0,0.2857142857142857,0.6428571428571428,0.40514332
10.0,0.3571428571428571,0.6428571428571428,0.5078648
10.0,0.42857142857142855,0.6428571428571428,0.6099835
10.0,0.5,0.6428571428571428,0.6623297
10.0,0.5714285714285714,0.6428571428571428,0.6068275
10.0,0.6428571428571428,0.6428571428571428,0.5040939
10.0,0.7142857142857142,0.6428571428571428,0.4050907
10.0,0.7857142857142857,0.6428571428571428,0.30654848
10.0,0.8571428571428571,0.6428571428571428,0.20224315
10.0,0.9285714285714285,0.6428571428571428,0.09398474
10.0,1.0,0.6428571428571428,-0.011699767
10.0,0.0,0.7142857142857142,-0.012022101
10.0,0.07142857142857142,0.7142857142857142,0.07390301
10.0,0.14285714285714285,0.7142857142857142,0.15852925
10.0,0.21428571428571427,0.7142857142857142,0.24050173
10.0,0.2857142857142857,0.7142857142857142,0.32128018
10.0,0.3571428571428571,0.7142857142857142,0.40507013
10.0,0.42857142857142855,0.7142857142857142,0.4879469
10.0,0.5,0.7142857142857142,0.53003323
10.0,0.5714285714285714,0.7142857142857142,0.48914737
10.0,0.6428571428571428,0.7142857142857142,0.40701416
10.0,0.7142857142857142,0.7142857142857142,0.32558686
10.0,0.7857142857142857,0.7142857142857142,0.24580285
10.0,0.8571428571428571,0.7142857142857142,0.16238107
10.0,0.9285714285714285,0.7142857142857142,0.07521459
10.0,1.0,0.7142857142857142,-0.011813925
10.0,0.0,0.7857142857142857,-0.008897797
10.0,0.07142857142857142,0.7857142857142857,0.058270738
10.0,0.14285714285714285,0.7857142857142857,0.12181271
10.0,0.21428571428571427,0.7857142857142857,0.18169738
10.0,0.2857142857142857,0.7857142857142857,0.24059653
10.0,0.3571428571428571,0.7857142857142857,0.3027134
10.0,0.42857142857142855,0.7857142857142857,0.36402044
10.0,0.5,0.7857142857142857,0.39545357
10.0,0.5714285714285714,0.7857142857142857,0.36795902
10.0,0.6428571428571428,0.7857142857142857,0.30685642
10.0,0.7142857142857142,0.7857142857142857,0.24471667
10.0,0.7857142857142857,0.7857142857142857,0.18542092
10.0,0.8571428571428571,0.7857142857142857,0.12413699
10.0,0.9285714285714285,0.7857142857142857,0.058705278
10.0,1.0,0.7857142857142857,-0.009409302
10.0,0.0,0.8571428571428571,-0.0063855285
10.0,0.07142857142857142,0.8571428571428571,0.042644203
10.0,0.14285714285714285,0.8571428571428571,0.08569036
10.0,0.21428571428571427,0.8571428571428571,0.12359453
10.0,0.2857142857142857,0.8571428571428571,0.15989044
10.0,0.3571428571428571,0.8571428571428571,0.19895038
10.0,0.42857142857142855,0.8571428571428571,0.23809335
10.0,0.5,0.8571428571428571,0.2585416
10.0,0.5714285714285714,0.8571428571428571,0.24180579
10.0,0.6428571428571428,0.8571428571428571,0.20147488
10.0,0.7142857142857142,0.8571428571428571,0.16023234
10.0,0.7857142857142857,0.8571428571428571,0.12248855
10.0,0.8571428571428571,0.8571428571428571,0.083530895
10.0,0.9285714285714285,0.8571428571428571,0.039543193
10.0,1.0,0.8571428571428571,-0.009925232
10.0,0.0,0.9285714285714285,-0.00793488
10.0,0.07142857142857142,0.9285714285714285,0.02268263
10.0,0.14285714285714285,0.9285714285714285,0.045050405
10.0,0.21428571428571427,0.9285714285714285,0.060993433
10.0,0.2857142857142857,0.9285714285714285,0.07502315
10.0,0.3571428571428571,0.9285714285714285,0.09202335
10.0,0.42857142857142855,0.9285714285714285,0.111387275
10.0,0.5,0.9285714285714285,0.122588076
10.0,0.5714285714285714,0.9285714285714285,0.11471329
10.0,0.6428571428571428,0.9285714285714285,0.09380392
10.0,0.7142857142857142,0.9285714285714285,0.073435865
10.0,0.7857142857142857,0.9285714285714285,0.05671446
10.0,0.8571428571428571,0.9285714285714285,0.038957376
10.0,0.9285714285714285,0.9285714285714285,0.01530576
10.0,1.0,0.9285714285714285,-0.016133875
10.0,0.0,1.0,-0.018045574
10.0,0.07142857142857142,1.0,-0.006648549
10.0,0.14285714285714285,1.0,-0.004933983
10.0,0.21428571428571427,1.0,-0.009664636
10.0,0.2857142857142857,1.0,-0.01522904
10.0,0.3571428571428571,1.0,-0.016190447
10.0,0.42857142857142855,1.0,-0.011385162
10.0,0.5,1.0,-0.0059824744
10.0,0.5714285714285714,1.0,-0.0062985728
10.0,0.6428571428571428,1.0,-0.010665969
10.0,0.7142857142857142,1.0,-0.012421564
10.0,0.7857142857142857,1.0,-0.010429353
10.0,0.8571428571428571,1.0,-0.009370242
10.0,0.9285714285714285,1.0,-0.014611875
10.0,1.0,1.0,-0.029102843
11.0,0.0,0.0,-0.018356
11.0,0.07142857142857142,0.0,-0.0075338716
11.0,0.14285714285714285,0.0,-0.004337863
11.0,0.21428571428571427,0.0,-0.00772556
11.0,0.2857142857142857,0.0,-0.013067466
11.0,0.3571428571428571,0.0,-0.012889327
11.0,0.42857142857142855,0.0,-0.0064080628
11.0,0.5,0.0,-0.0042474726
11.0,0.5714285714285714,0.0,-0.010417086
11.0,0.6428571428571428,0.0,-0.015511085
11.0,0.7142857142857142,0.0,-0.014239729
11.0,0.7857142857142857,0.0,-0.010767852
11.0,0.8571428571428571,0.0,-0.010578536
11.0,0.9285714285714285,0.0,-0.016341612
11.0,1.0,0.0,-0.028688028
11.0,0.0,0.07142857142857142,-0.009070457
11.0,0.07142857142857142,0.07142857142857142,0.01900085
11.0,0.14285714285714285,0.07142857142857142,0.041380882
11.0,0.21428571428571427,0.07142857142857142,0.058250338
11.0,0.2857142857142857,0.07142857142857142,0.07293063
11.0,0.3571428571428571,0.07142857142857142,0.092223234
11.0,0.42857142857142855,0.07142857142857142,0.115594395
11.0,0.5,0.07142857142857142,0.12468734
11.0,0.5714285714285714,0.07142857142857142,0.110698275
11.0,0.6428571428571428,0.07142857142857142,0.09013938
11.0,0.7142857142857142,0.07142857142857142,0.0739867
11.0,0.7857142857142857,0.07142857142857142,0.05872027
11.0,0.8571428571428571,0.07142857142857142,0.039594956
11.0,0.9285714285714285,0.07142857142857142,0.015183448
11.0,1.0,0.07142857142857142,-0.014520698
11.0,0.0,0.14285714285714285,-0.006490906
11.0,0.07142857142857142,0.14285714285714285,0.039909165
11.0,0.14285714285714285,0.14285714285714285,0.0829088
11.0,0.21428571428571427,0.14285714285714285,0.12183874
11.0,0.2857142857142857,0.14285714285714285,0.15862076
11.0,0.3571428571428571,0.14285714285714285,0.19918315
11.0,0.42857142857142855,0.14285714285714285,0.24227592
11.0,0.5,0.14285714285714285,0.26061827
11.0,0.5714285714285714,0.14285714285714285,0.23756045
11.0,0.6428571428571428,0.14285714285714285,0.19838947
11.0,0.7142857142857142,0.14285714285714285,0.161267
11.0,0.7857142857142857,0.14285714285714285,0.12387685
11.0,0.8571428571428571,0.14285714285714285,0.0830279
11.0,0.9285714285714285,0.14285714285714285,0.038552925
11.0,1.0,0.14285714285714285,-0.00940729
11.0,0.0,0.21428571428571427,-0.009079446
11.0,0.07142857142857142,0.21428571428571427,0.05676192
11.0,0.14285714285714285,0.21428571428571427,0.12139014
11.0,0.21428571428571427,0.21428571428571427,0.18307221
11.0,0.2857142857142857,0.21428571428571427,0.24218607
11.0,0.3571428571428571,0.21428571428571427,0.3037369
11.0,0.42857142857142855,0.21428571428571427,0.366865
11.0,0.5,0.21428571428571427,0.39584413
11.0,0.5714285714285714,0.21428571428571427,0.36321202
11.0,0.6428571428571428,0.21428571428571427,0.30395418
11.0,0.7142857142857142,0.21428571428571427,0.24436069
11.0,0.7857142857142857,0.21428571428571427,0.18380569
11.0,0.8571428571428571,0.21428571428571427,0.120908566
11.0,0.9285714285714285,0.21428571428571427,0.05616708
11.0,1.0,0.21428571428571427,-0.010427476
11.0,0.0,0.2857142857142857,-0.014028434
11.0,0.07142857142857142,0.2857142857142857,0.07246347
11.0,0.14285714285714285,0.2857142857142857,0.15950201
11.0,0.21428571428571427,0.2857142857142857,0.24383736
11.0,0.2857142857142857,0.2857142857142857,0.3241748
11.0,0.3571428571428571,0.2857142857142857,0.4048285
11.0,0.42857142857142855,0.2857142857142857,0.48654115
11.0,0.5,0.2857142857142857,0.5267533
11.0,0.5714285714285714,0.2857142857142857,0.48459628
11.0,0.6428571428571428,0.2857142857142857,0.40513864
11.0,0.7142857142857142,0.2857142857142857,0.3236795
11.0,0.7857142857142857,0.2857142857142857,0.24128813
11.0,0.8571428571428571,0.2857142857142857,0.15744385
11.0,0.9285714285714285,0.2857142857142857,0.07254697
11.0,1.0,0.2857142857142857,-0.012975031
11.0,0.0,0.3571428571428571,-0.016728532
11.0,0.07142857142857142,0.3571428571428571,0.09106607
11.0,0.14285714285714285,0.3571428571428571,0.20086467
11.0,0.21428571428571427,0.3571428571428571,0.3074015
11.0,0.2857142857142857,0.3571428571428571,0.40769285
11.0,0.3571428571428571,0.3571428571428571,0.5058408
11.0,0.42857142857142855,0.3571428571428571,0.6049511
11.0,0.5,0.3571428571428571,0.6570031
11.0,0.5714285714285714,0.3571428571428571,0.60534424
11.0,0.6428571428571428,0.3571428571428571,0.505756
11.0,0.7142857142857142,0.3571428571428571,0.4040508
11.0,0.7857142857142857,0.3571428571428571,0.30193374
11.0,0.8571428571428571,0.3571428571428571,0.1979399
11.0,0.9285714285714285,0.3571428571428571,0.09248954
11.0,1.0,0.3571428571428571,-0.012049773
11.0,0.0,0.42857142857142855,-0.013734621
11.0,0.07142857142857142,0.42857142857142855,0.11282439
11.0,0.14285714285714285,0.42857142857142855,0.24324661
11.0,0.21428571428571427,0.42857142857142855,0.37030095
11.0,0.2857142857142857,0.42857142857142855,0.4895264
11.0,0.3571428571428571,0.42857142857142855,0.60502905
11.0,0.42857142857142855,0.42857142857142855,0.721775
11.0,0.5,0.42857142857142855,0.7864361
11.0,0.5714285714285714,0.42857142857142855,0.7253522
11.0,0.6428571428571428,0.42857142857142855,0.6057285
11.0,0.7142857142857142,0.42857142857142855,0.48525435
11.0,0.7857142857142857,0.42857142857142855,0.36484998
11.0,0.8571428571428571,0.42857142857142855,0.24124491
11.0,0.9285714285714285,0.42857142857142855,0.115947194
11.0,1.0,0.42857142857142855,-0.005696551
11.0,0.0,0.5,-0.0103051
11.0,0.07142857142857142,0.5,0.12361329
11.0,0.14285714285714285,0.5,0.2629288
11.0,0.21428571428571427,0.5,0.39986658
11.0,0.2857142857142857,0.5,0.5293553
11.0,0.3571428571428571,0.5,0.6551131
11.0,0.42857142857142855,0.5,0.78207576
11.0,0.5,0.5,0.8537725
11.0,0.5714285714285714,0.5,0.7867436
11.0,0.6428571428571428,0.5,0.65614384
11.0,0.7142857142857142,0.5,0.5270582
11.0,0.7857142857142857,0.5,0.3982908
11.0,0.8571428571428571,0.5,0.26476955
11.0,0.9285714285714285,0.5,0.12925117
11.0,1.0,0.5,-0.00050853286
11.0,0.0,0.5714285714285714,-0.0119809145
11.0,0.07142857142857142,0.5714285714285714,0.11215728
11.0,0.14285714285714285,0.5714285714285714,0.24024916
11.0,0.21428571428571427,0.5714285714285714,0.36607623
11.0,0.2857142857142857,0.5714285714285714,0.48606953
11.0,0.3571428571428571,0.5714285714285714,0.6038104
11.0,0.42857142857142855,0.5714285714285714,0.7213554
11.0,0.5,0.5714285714285714,0.78475404
11.0,0.5714285714285714,0.5714285714285714,0.7202372
11.0,0.6428571428571428,0.5714285714285714,0.60012406
11.0,0.7142857142857142,0.5714285714285714,0.48386782
11.0,0.7857142857142857,0.5714285714285714,0.36731583
11.0,0.8571428571428571,0.5714285714285714,0.24408716
11.0,0.9285714285714285,0.5714285714285714,0.1171538
11.0,1.0,0.5714285714285714,-0.005152249
11.0,0.0,0.6428571428571428,-0.013564029
11.0,0.07142857142857142,0.6428571428571428,0.09210535
11.0,0.14285714285714285,0.6428571428571428,0.19897223
11.0,0.21428571428571427,0.6428571428571428,0.30350864
11.0,0.2857142857142857,0.6428571428571428,0.40504047
11.0,0.3571428571428571,0.6428571428571428,0.5074745
11.0,0.42857142857142855,0.6428571428571428,0.608618
11.0,0.5,0.6428571428571428,0.6600196
11.0,0.5714285714285714,0.6428571428571428,0.60555756
11.0,0.6428571428571428,0.6428571428571428,0.5039979
11.0,0.7142857142857142,0.6428571428571428,0.40523615
11.0,0.7857142857142857,0.6428571428571428,0.3066365
11.0,0.8571428571428571,0.6428571428571428,0.20228162
11.0,0.9285714285714285,0.6428571428571428,0.093983606
11.0,1.0,0.6428571428571428,-0.011759059
11.0,0.0,0.7142857142857142,-0.012103037
11.0,0.07142857142857142,0.7142857142857142,0.07390129
11.0,0.14285714285714285,0.7142857142857142,0.15857069
11.0,0.21428571428571427,0.7142857142857142,0.24056876
11.0,0.2857142857142857,0.7142857142857142,0.32136312
11.0,0.3571428571428571,0.7142857142857142,0.40499088
11.0,0.42857142857142855,0.7142857142857142,0.48713568
11.0,0.5,0.7142857142857142,0.52849436
11.0,0.5714285714285714,0.7142857142857142,0.488333
11.0,0.6428571428571428,0.7142857142857142,0.40709984
11.0,0.7142857142857142,0.7142857142857142,0.32582644
11.0,0.7857142857142857,0.7142857142857142,0.24591914
11.0,0.8571428571428571,0.7142857142857142,0.16239503
11.0,0.9285714285714285,0.7142857142857142,0.07517012
11.0,1.0,0.7142857142857142,-0.011908078
11.0,0.0,0.7857142857142857,-0.008891613
11.0,0.07142857142857142,0.7857142857142857,0.058269195
11.0,0.14285714285714285,0.7857142857142857,0.12178639
11.0,0.21428571428571427,0.7857142857142857,0.18166889
11.0,0.2857142857142857,0.7857142857142857,0.24059758
11.0,0.3571428571428571,0.7857142857142857,0.3026064
11.0,0.42857142857142855,0.7857142857142857,0.36337104
11.0,0.5,0.7857142857142857,0.39427498
11.0,0.5714285714285714,0.7857142857142857,0.3672432
11.0,0.6428571428571428,0.7857142857142857,0.30678555
11.0,0.7142857142857142,0.7857142857142857,0.24474326
11.0,0.7857142857142857,0.7857142857142857,0.18532154
11.0,0.8571428571428571,0.7857142857142857,0.12395405
11.0,0.9285714285714285,0.7857142857142857,0.05850113
11.0,1.0,0.7857142857142857,-0.009618633
11.0,0.0,0.8571428571428571,-0.0063568363
11.0,0.07142857142857142,0.8571428571428571,0.0425943
11.0,0.14285714285714285,0.8571428571428571,0.08556705
11.0,0.21428571428571427,0.8571428571428571,0.123452894
11.0,0.2857142857142857,0.8571428571428571,0.15978318
11.0,0.3571428571428571,0.8571428571428571,0.19877101
11.0,0.42857142857142855,0.8571428571428571,0.2375335
11.0,0.5,0.8571428571428571,0.2576261
11.0,0.5714285714285714,0.8571428571428571,0.24117672
11.0,0.6428571428571428,0.8571428571428571,0.20128964
11.0,0.7142857142857142,0.8571428571428571,0.16010045
11.0,0.7857142857142857,0.8571428571428571,0.12222863
11.0,0.8571428571428571,0.8571428571428571,0.08319682
11.0,0.9285714285714285,0.8571428571428571,0.03921354
11.0,1.0,0.8571428571428571,-0.010226765
11.0,0.0,0.9285714285714285,-0.007915248
11.0,0.07142857142857142,0.9285714285714285,0.022577912
11.0,0.14285714285714285,0.9285714285714285,0.044851888
11.0,0.21428571428571427,0.9285714285714285,0.060778968
11.0,0.2857142857142857,0.9285714285714285,0.07484773
11.0,0.3571428571428571,0.9285714285714285,0.09179803
11.0,0.42857142857142855,0.9285714285714285,0.11090653
11.0,0.5,0.9285714285714285,0.12188492
11.0,0.5714285714285714,0.9285714285714285,0.11419477
11.0,0.6428571428571428,0.9285714285714285,0.093593776
11.0,0.7142857142857142,0.9285714285714285,0.073257335
11.0,0.7857142857142857,0.9285714285714285,0.056407228
11.0,0.8571428571428571,0.9285714285714285,0.03856735
11.0,0.9285714285714285,0.9285714285714285,0.014921109
11.0,1.0,0.9285714285714285,-0.01647649
11.0,0.0,1.0,-0.018058632
11.0,0.07142857142857142,1.0,-0.0068026884
11.0,0.14285714285714285,1.0,-0.005172166
11.0,0.21428571428571427,1.0,-0.009904481
11.0,0.2857142857142857,1.0,-0.01543191
11.0,0.3571428571428571,1.0,-0.016432174
11.0,0.42857142857142855,1.0,-0.011795596
11.0,0.5,1.0,-0.0065217474
11.0,0.5714285714285714,1.0,-0.0067072148
11.0,0.6428571428571428,1.0,-0.01084973
11.0,0.7142857142857142,1.0,-0.012576607
11.0,0.7857142857142857,1.0,-0.010704861
11.0,0.8571428571428571,1.0,-0.009741654
11.0,0.9285714285714285,1.0,-0.014992968
11.0,1.0,1.0,-0.029443622
12.0,0.0,0.0,-0.018708222
12.0,0.07142857142857142,0.0,-0.007835762
12.0,0.14285714285714285,0.0,-0.0045903074
12.0,0.21428571428571427,0.0,-0.007945684
12.0,0.2857142857142857,0.0,-0.013302253
12.0,0.3571428571428571,0.0,-0.013233316
12.0,0.42857142857142855,0.0,-0.006938272
12.0,0.5,0.0,-0.0048416303
12.0,0.5714285714285714,0.0,-0.010881138
12.0,0.6428571428571428,0.0,-0.015810259
12.0,0.7142857142857142,0.0,-0.01440733
12.0,0.7857142857142857,0.0,-0.010844459
12.0,0.8571428571428571,0.0,-0.010637448
12.0,0.9285714285714285,0.0,-0.016468383
12.0,1.0,0.0,-0.02894663
12.0,0.0,0.07142857142857142,-0.009469458
12.0,0.07142857142857142,0.07142857142857142,0.018682227
12.0,0.14285714285714285,0.07142857142857142,0.041156292
12.0,0.21428571428571427,0.07142857142857142,0.058116063
12.0,0.2857142857142857,0.07142857142857142,0.07283232
12.0,0.3571428571428571,0.07142857142857142,0.09200948
12.0,0.42857142857142855,0.07142857142857142,0.1150899
12.0,0.5,0.07142857142857142,0.12404498
12.0,0.5714285714285714,0.07142857142857142,0.110250644
12.0,0.6428571428571428,0.07142857142857142,0.08991906
12.0,0.7142857142857142,0.07142857142857142,0.07390762
12.0,0.7857142857142857,0.07142857142857142,0.05870729
12.0,0.8571428571428571,0.07142857142857142,0.039552793
12.0,0.9285714285714285,0.07142857142857142,0.015024654
12.0,1.0,0.07142857142857142,-0.0148480395
12.0,0.0,0.14285714285714285,-0.0068931887
12.0,0.07142857142857142,0.14285714285714285,0.03960888
12.0,0.14285714285714285,0.14285714285714285,0.082732596
12.0,0.21428571428571427,0.14285714285714285,0.12179265
12.0,0.2857142857142857,0.14285714285714285,0.15864685
12.0,0.3571428571428571,0.14285714285714285,0.19906805
12.0,0.42857142857142855,0.14285714285714285,0.24170661
12.0,0.5,0.14285714285714285,0.25978133
12.0,0.5714285714285714,0.14285714285714285,0.23702605
12.0,0.6428571428571428,0.14285714285714285,0.19820635
12.0,0.7142857142857142,0.14285714285714285,0.16126822
12.0,0.7857142857142857,0.14285714285714285,0.123935245
12.0,0.8571428571428571,0.14285714285714285,0.083022214
12.0,0.9285714285714285,0.14285714285714285,0.03839747
12.0,1.0,0.14285714285714285,-0.009755873
12.0,0.0,0.21428571428571427,-0.009421724
12.0,0.07142857142857142,0.21428571428571427,0.056536593
12.0,0.14285714285714285,0.21428571428571427,0.121302016
12.0,0.21428571428571427,0.21428571428571427,0.18312652
12.0,0.2857142857142857,0.21428571428571427,0.24232
12.0,0.3571428571428571,0.21428571428571427,0.30368662
12.0,0.42857142857142855,0.21428571428571427,0.3661598
12.0,0.5,0.21428571428571427,0.39469287
12.0,0.5714285714285714,0.21428571428571427,0.36251786
12.0,0.6428571428571428,0.21428571428571427,0.30378646
12.0,0.7142857142857142,0.21428571428571427,0.24443603
12.0,0.7857142857142857,0.21428571428571427,0.18393704
12.0,0.8571428571428571,0.21428571428571427,0.120957635
12.0,0.9285714285714285,0.21428571428571427,0.056050457
12.0,1.0,0.21428571428571427,-0.010746756
12.0,0.0,0.2857142857142857,-0.014283173
12.0,0.07142857142857142,0.2857142857142857,0.072339945
12.0,0.14285714285714285,0.2857142857142857,0.15950511
12.0,0.21428571428571427,0.2857142857142857,0.24395496
12.0,0.2857142857142857,0.2857142857142857,0.32433677
12.0,0.3571428571428571,0.2857142857142857,0.40474707
12.0,0.42857142857142855,0.2857142857142857,0.4856065
12.0,0.5,0.2857142857142857,0.52517384
12.0,0.5714285714285714,0.2857142857142857,0.4836715
12.0,0.6428571428571428,0.2857142857142857,0.40493494
12.0,0.7142857142857142,0.2857142857142857,0.3237626
12.0,0.7857142857142857,0.2857142857142857,0.24142584
12.0,0.8571428571428571,0.2857142857142857,0.15750572
12.0,0.9285714285714285,0.2857142857142857,0.072459295
12.0,1.0,0.2857142857142857,-0.013246157
12.0,0.0,0.3571428571428571,-0.017012643
12.0,0.07142857142857142,0.3571428571428571,0.09092311
12.0,0.14285714285714285,0.3571428571428571,0.20080994
12.0,0.21428571428571427,0.3571428571428571,0.30737445
12.0,0.2857142857142857,0.3571428571428571,0.40760538
12.0,0.3571428571428571,0.3571428571428571,0.5054097
12.0,0.42857142857142855,0.3571428571428571,0.6034718
12.0,0.5,0.3571428571428571,0.65467405
12.0,0.5714285714285714,0.3571428571428571,0.6039007
12.0,0.6428571428571428,0.3571428571428571,0.5052373
12.0,0.7142857142857142,0.3571428571428571,0.40385175
12.0,0.7857142857142857,0.3571428571428571,0.30182233
12.0,0.8571428571428571,0.3571428571428571,0.19783261
12.0,0.9285714285714285,0.3571428571428571,0.092326716
12.0,1.0,0.3571428571428571,-0.012315453
12.0,0.0,0.42857142857142855,-0.014321805
12.0,0.07142857142857142,0.42857142857142855,0.11235388
12.0,0.14285714285714285,0.42857142857142855,0.24277806
12.0,0.21428571428571427,0.42857142857142855,0.3696914
12.0,0.2857142857142857,0.42857142857142855,0.4886276
12.0,0.3571428571428571,0.42857142857142855,0.603548
12.0,0.42857142857142855,0.42857142857142855,0.7189541
12.0,0.5,0.42857142857142855,0.78249574
12.0,0.5714285714285714,0.42857142857142855,0.72255385
12.0,0.6428571428571428,0.42857142857142855,0.6041563
12.0,0.7142857142857142,0.42857142857142855,0.48416185
12.0,0.7857142857142857,0.42857142857142855,0.3640465
12.0,0.8571428571428571,0.42857142857142855,0.24068964
12.0,0.9285714285714285,0.42857142857142855,0.11555309
12.0,1.0,0.42857142857142855,-0.0060381154
12.0,0.0,0.5,-0.011152581
12.0,0.07142857142857142,0.5,0.12284001
12.0,0.14285714285714285,0.5,0.26207957
12.0,0.21428571428571427,0.5,0.39873084
12.0,0.2857142857142857,0.5,0.52770823
12.0,0.3571428571428571,0.5,0.6526115
12.0,0.42857142857142855,0.5,0.7779249
12.0,0.5,0.5,0.8482342
12.0,0.5714285714285714,0.5,0.782567
12.0,0.6428571428571428,0.5,0.6535798
12.0,0.7142857142857142,0.5,0.5252409
12.0,0.7857142857142857,0.5,0.39699662
12.0,0.8571428571428571,0.5,0.26393276
12.0,0.9285714285714285,0.5,0.12873144
12.0,1.0,0.5,-0.00087405834
12.0,0.0,0.5714285714285714,-0.012592071
12.0,0.07142857142857142,0.5714285714285714,0.1116652
12.0,0.14285714285714285,0.5714285714285714,0.23976803
12.0,0.21428571428571427,0.5714285714285714,0.36545077
12.0,0.2857142857142857,0.5714285714285714,0.4851355
12.0,0.3571428571428571,0.5714285714285714,0.60227484
12.0,0.42857142857142855,0.5714285714285714,0.7184522
12.0,0.5,0.5714285714285714,0.7806131
12.0,0.5714285714285714,0.5714285714285714,0.7173895
12.0,0.6428571428571428,0.5714285714285714,0.59876674
12.0,0.7142857142857142,0.5714285714285714,0.4830202
12.0,0.7857142857142857,0.5714285714285714,0.36670634
12.0,0.8571428571428571,0.5714285714285714,0.24369812
12.0,0.9285714285714285,0.5714285714285714,0.11692006
12.0,1.0,0.5714285714285714,-0.005327248
12.0,0.0,0.6428571428571428,-0.013799944
12.0,0.07142857142857142,0.6428571428571428,0.091998264
12.0,0.14285714285714285,0.6428571428571428,0.19893336
12.0,0.21428571428571427,0.6428571428571428,0.30346972
12.0,0.2857142857142857,0.6428571428571428,0.40493622
12.0,0.3571428571428571,0.6428571428571428,0.5070822
12.0,0.42857142857142855,0.6428571428571428,0.60725546
12.0,0.5,0.6428571428571428,0.6577138
12.0,0.5714285714285714,0.6428571428571428,0.6042776
12.0,0.6428571428571428,0.6428571428571428,0.50389475
12.0,0.7142857142857142,0.6428571428571428,0.40537685
12.0,0.7857142857142857,0.6428571428571428,0.30671844
12.0,0.8571428571428571,0.6428571428571428,0.20232219
12.0,0.9285714285714285,0.6428571428571428,0.0940023
12.0,1.0,0.6428571428571428,-0.011777946
12.0,0.0,0.7142857142857142,-0.012131066
12.0,0.07142857142857142,0.7142857142857142,0.073934756
12.0,0.14285714285714285,0.7142857142857142,0.15862966
12.0,0.21428571428571427,0.7142857142857142,0.24064109
12.0,0.2857142857142857,0.7142857142857142,0.32144716
12.0,0.3571428571428571,0.7142857142857142,0.404913
12.0,0.42857142857142855,0.7142857142857142,0.4863298
12.0,0.5,0.7142857142857142,0.5269623
12.0,0.5714285714285714,0.7142857142857142,0.4875105
12.0,0.6428571428571428,0.7142857142857142,0.40717643
12.0,0.7142857142857142,0.7142857142857142,0.32606018
12.0,0.7857142857142857,0.7142857142857142,0.24603003
12.0,0.8571428571428571,0.7142857142857142,0.16241048
12.0,0.9285714285714285,0.7142857142857142,0.07514184
12.0,1.0,0.7142857142857142,-0.011967615
12.0,0.0,0.7857142857142857,-0.008847945
12.0,0.07142857142857142,0.7857142857142857,0.058291063
12.0,0.14285714285714285,0.7857142857142857,0.12177207
12.0,0.21428571428571427,0.7857142857142857,0.18164724
12.0,0.2857142857142857,0.7857142857142857,0.24060613
12.0,0.3571428571428571,0.7857142857142857,0.30251122
12.0,0.42857142857142855,0.7857142857142857,0.3627391
12.0,0.5,0.7857142857142857,0.39311472
12.0,0.5714285714285714,0.7857142857142857,0.36653107
12.0,0.6428571428571428,0.7857142857142857,0.3067136
12.0,0.7142857142857142,0.7857142857142857,0.24477136
12.0,0.7857142857142857,0.7857142857142857,0.18522294
12.0,0.8571428571428571,0.7857142857142857,0.123775
12.0,0.9285714285714285,0.7857142857142857,0.05831147
12.0,1.0,0.7857142857142857,-0.009798803
12.0,0.0,0.8571428571428571,-0.0063030133
12.0,0.07142857142857142,0.8571428571428571,0.04255995
12.0,0.14285714285714285,0.8571428571428571,0.0854542
12.0,0.21428571428571427,0.8571428571428571,0.12332264
12.0,0.2857142857142857,0.8571428571428571,0.15969346
12.0,0.3571428571428571,0.8571428571428571,0.19861643
12.0,0.42857142857142855,0.8571428571428571,0.237007
12.0,0.5,0.8571428571428571,0.25674576
12.0,0.5714285714285714,0.8571428571428571,0.24056977
12.0,0.6428571428571428,0.8571428571428571,0.20111856
12.0,0.7142857142857142,0.8571428571428571,0.15998305
12.0,0.7857142857142857,0.8571428571428571,0.12198035
12.0,0.8571428571428571,0.8571428571428571,0.08287223
12.0,0.9285714285714285,0.8571428571428571,0.0388986
12.0,1.0,0.8571428571428571,-0.010502906
12.0,0.0,0.9285714285714285,-0.007879921
12.0,0.07142857142857142,0.9285714285714285,0.02248425
12.0,0.14285714285714285,0.9285714285714285,0.04466658
12.0,0.21428571428571427,0.9285714285714285,0.06058407
12.0,0.2857142857142857,0.9285714285714285,0.07470101
12.0,0.3571428571428571,0.9285714285714285,0.09161263
12.0,0.42857142857142855,0.9285714285714285,0.11047573
12.0,0.5,0.9285714285714285,0.12123605
12.0,0.5714285714285714,0.9285714285714285,0.11372011
12.0,0.6428571428571428,0.9285714285714285,0.093418315
12.0,0.7142857142857142,0.9285714285714285,0.07311005
12.0,0.7857142857142857,0.9285714285714285,0.05612489
12.0,0.8571428571428571,0.9285714285714285,0.038195398
12.0,0.9285714285714285,0.9285714285714285,0.01455279
12.0,1.0,0.9285714285714285,-0.016797725
12.0,0.0,1.0,-0.018060777
12.0,0.07142857142857142,1.0,-0.0069444617
12.0,0.14285714285714285,1.0,-0.005391374
12.0,0.21428571428571427,1.0,-0.010114171
12.0,0.2857142857142857,1.0,-0.015592421
12.0,0.3571428571428571,1.0,-0.016618602
12.0,0.42857142857142855,1.0,-0.01213909
12.0,0.5,1.0,-0.0069895135
12.0,0.5714285714285714,1.0,-0.007051156
12.0,0.6428571428571428,1.0,-0.010978387
12.0,0.7142857142857142,1.0,-0.012682785
12.0,0.7857142857142857,1.0,-0.010940985
12.0,0.8571428571428571,1.0,-0.010085286
12.0,0.9285714285714285,1.0,-0.015353535
12.0,1.0,1.0,-0.029764362
13.0,0.0,0.0,-0.019037377
13.0,0.07142857142857142,0.0,-0.00811682
13.0,0.14285714285714285,0.0,-0.0048212977
13.0,0.21428571428571427,0.0,-0.008138341
13.0,0.2857142857142857,0.0,-0.013495036
13.0,0.3571428571428571,0.0,-0.013518219
13.0,0.42857142857142855,0.0,-0.0073961588
13.0,0.5,0.0,-0.0053605484
13.0,0.5714285714285714,0.0,-0.011275207
13.0,0.6428571428571428,0.0,-0.016051486
13.0,0.7142857142857142,0.0,-0.014530153
13.0,0.7857142857142857,0.0,-0.010882997
13.0,0.8571428571428571,0.0,-0.010659461
13.0,0.9285714285714285,0.0,-0.01655525
13.0,1.0,0.0,-0.02916205
13.0,0.0,0.07142857142857142,-0.009840594
13.0,0.07142857142857142,0.07142857142857142,0.018386327
13.0,0.14285714285714285,0.07142857142857142,0.040951923
13.0,0.21428571428571427,0.07142857142857142,0.058002517
13.0,0.2857142857142857,0.07142857142857142,0.07276353
13.0,0.3571428571428571,0.07142857142857142,0.09183837
13.0,0.42857142857142855,0.07142857142857142,0.11463647
13.0,0.5,0.07142857142857142,0.12345525
13.0,0.5714285714285714,0.07142857142857142,0.10985182
13.0,0.6428571428571428,0.07142857142857142,0.089740224
13.0,0.7142857142857142,0.07142857142857142,0.073861375
13.0,0.7857142857142857,0.07142857142857142,0.058724917
13.0,0.8571428571428571,0.07142857142857142,0.03954506
13.0,0.9285714285714285,0.07142857142857142,0.014906234
13.0,1.0,0.07142857142857142,-0.015130402
13.0,0.0,0.14285714285714285,-0.007262782
13.0,0.07142857142857142,0.14285714285714285,0.039333344
13.0,0.14285714285714285,0.14285714285714285,0.082574464
13.0,0.21428571428571427,0.14285714285714285,0.121761285
13.0,0.2857142857142857,0.14285714285714285,0.15868968
13.0,0.3571428571428571,0.14285714285714285,0.1989781
13.0,0.42857142857142855,0.14285714285714285,0.24116746
13.0,0.5,0.14285714285714285,0.25897413
13.0,0.5714285714285714,0.14285714285714285,0.23652041
13.0,0.6428571428571428,0.14285714285714285,0.19804993
13.0,0.7142857142857142,0.14285714285714285,0.16129218
13.0,0.7857142857142857,0.14285714285714285,0.12401817
13.0,0.8571428571428571,0.14285714285714285,0.08304906
13.0,0.9285714285714285,0.14285714285714285,0.03828253
13.0,1.0,0.14285714285714285,-0.010056407
13.0,0.0,0.21428571428571427,-0.009725631
13.0,0.07142857142857142,0.21428571428571427,0.056339696
13.0,0.14285714285714285,0.21428571428571427,0.12122961
13.0,0.21428571428571427,0.21428571428571427,0.18318745
13.0,0.2857142857142857,0.21428571428571427,0.24245787
13.0,0.3571428571428571,0.21428571428571427,0.30364478
13.0,0.42857142857142855,0.21428571428571427,0.3654694
13.0,0.5,0.21428571428571427,0.39355597
13.0,0.5714285714285714,0.21428571428571427,0.3618394
13.0,0.6428571428571428,0.21428571428571427,0.30363443
13.0,0.7142857142857142,0.21428571428571427,0.24452719
13.0,0.7857142857142857,0.21428571428571427,0.18408844
13.0,0.8571428571428571,0.21428571428571427,0.12103631
13.0,0.9285714285714285,0.21428571428571427,0.055974714
13.0,1.0,0.21428571428571427,-0.011015692
13.0,0.0,0.2857142857142857,-0.0144923655
13.0,0.07142857142857142,0.2857142857142857,0.07224617
13.0,0.14285714285714285,0.2857142857142857,0.15951994
13.0,0.21428571428571427,0.2857142857142857,0.24406874
13.0,0.2857142857142857,0.2857142857142857,0.32448736
13.0,0.3571428571428571,0.2857142857142857,0.4046589
13.0,0.42857142857142855,0.2857142857142857,0.48467457
13.0,0.5,0.2857142857142857,0.52360195
13.0,0.5714285714285714,0.2857142857142857,0.48275325
13.0,0.6428571428571428,0.2857142857142857,0.4047398
13.0,0.7142857142857142,0.2857142857142857,0.32385436
13.0,0.7857142857142857,0.2857142857142857,0.24157739
13.0,0.8571428571428571,0.2857142857142857,0.1575926
13.0,0.9285714285714285,0.2857142857142857,0.07241089
13.0,1.0,0.2857142857142857,-0.013464981
13.0,0.0,0.3571428571428571,-0.017240826
13.0,0.07142857142857142,0.3571428571428571,0.09081333
13.0,0.14285714285714285,0.3571428571428571,0.20076273
13.0,0.21428571428571427,0.3571428571428571,0.30733204
13.0,0.2857142857142857,0.3571428571428571,0.40749124
13.0,0.3571428571428571,0.3571428571428571,0.5049569
13.0,0.42857142857142855,0.3571428571428571,0.6019866
13.0,0.5,0.3571428571428571,0.65234447
13.0,0.5714285714285714,0.3571428571428571,0.60245353
13.0,0.6428571428571428,0.3571428571428571,0.50471944
13.0,0.7142857142857142,0.3571428571428571,0.40365255
13.0,0.7857142857142857,0.3571428571428571,0.3017163
13.0,0.8571428571428571,0.3571428571428571,0.19774424
13.0,0.9285714285714285,0.3571428571428571,0.09220177
13.0,1.0,0.3571428571428571,-0.012525954
13.0,0.0,0.42857142857142855,-0.014841025
13.0,0.07142857142857142,0.42857142857142855,0.111923896
13.0,0.14285714285714285,0.42857142857142855,0.24231699
13.0,0.21428571428571427,0.42857142857142855,0.3690605
13.0,0.2857142857142857,0.42857142857142855,0.48769426
13.0,0.3571428571428571,0.42857142857142855,0.6020377
13.0,0.42857142857142855,0.42857142857142855,0.716122
13.0,0.5,0.42857142857142855,0.7785485
13.0,0.5714285714285714,0.42857142857142855,0.71974033
13.0,0.6428571428571428,0.42857142857142855,0.60257804
13.0,0.7142857142857142,0.42857142857142855,0.48306507
13.0,0.7857142857142857,0.42857142857142855,0.36324447
13.0,0.8571428571428571,0.42857142857142855,0.24015248
13.0,0.9285714285714285,0.42857142857142855,0.115197994
13.0,1.0,0.42857142857142855,-0.006320291
13.0,0.0,0.5,-0.011920449
13.0,0.07142857142857142,0.5,0.12212003
13.0,0.14285714285714285,0.5,0.26125082
13.0,0.21428571428571427,0.5,0.39758652
13.0,0.2857142857142857,0.5,0.5260412
13.0,0.3571428571428571,0.5,0.6501008
13.0,0.42857142857142855,0.5,0.7737865
13.0,0.5,0.5,0.84271127
13.0,0.5714285714285714,0.5,0.77838993
13.0,0.6428571428571428,0.5,0.6510205
13.0,0.7142857142857142,0.5,0.5234276
13.0,0.7857142857142857,0.5,0.39570665
13.0,0.8571428571428571,0.5,0.26311314
13.0,0.9285714285714285,0.5,0.1282498
13.0,1.0,0.5,-0.0011801729
13.0,0.0,0.5714285714285714,-0.013121896
13.0,0.07142857142857142,0.5714285714285714,0.11123154
13.0,0.14285714285714285,0.5714285714285714,0.23931721
13.0,0.21428571428571427,0.5714285714285714,0.3648318
13.0,0.2857142857142857,0.5714285714285714,0.48419887
13.0,0.3571428571428571,0.5714285714285714,0.600743
13.0,0.42857142857142855,0.5714285714285714,0.7155668
13.0,0.5,0.5714285714285714,0.77649397
13.0,0.5714285714285714,0.5714285714285714,0.71454674
13.0,0.6428571428571428,0.5714285714285714,0.5974151
13.0,0.7142857142857142,0.5714285714285714,0.4821754
13.0,0.7857142857142857,0.5714285714285714,0.36609566
13.0,0.8571428571428571,0.5714285714285714,0.24331635
13.0,0.9285714285714285,0.5714285714285714,0.11671328
13.0,1.0,0.5714285714285714,-0.005452574
13.0,0.0,0.6428571428571428,-0.0139678875
13.0,0.07142857142857142,0.6428571428571428,0.09193891
13.0,0.14285714285714285,0.6428571428571428,0.19891916
13.0,0.21428571428571427,0.6428571428571428,0.3034364
13.0,0.2857142857142857,0.6428571428571428,0.4048289
13.0,0.3571428571428571,0.6428571428571428,0.5066867
13.0,0.42857142857142855,0.6428571428571428,0.60589486
13.0,0.5,0.6428571428571428,0.6554128
13.0,0.5714285714285714,0.6428571428571428,0.6029885
13.0,0.6428571428571428,0.6428571428571428,0.5037829
13.0,0.7142857142857142,0.6428571428571428,0.40551084
13.0,0.7857142857142857,0.6428571428571428,0.30679303
13.0,0.8571428571428571,0.6428571428571428,0.20236313
13.0,0.9285714285714285,0.6428571428571428,0.09403965
13.0,1.0,0.6428571428571428,-0.011757293
13.0,0.0,0.7142857142857142,-0.0121082375
13.0,0.07142857142857142,0.7142857142857142,0.07400123
13.0,0.14285714285714285,0.7142857142857142,0.15870461
13.0,0.21428571428571427,0.7142857142857142,0.2407169
13.0,0.2857142857142857,0.7142857142857142,0.32153115
13.0,0.3571428571428571,0.7142857142857142,0.40483487
13.0,0.42857142857142855,0.7142857142857142,0.48552743
13.0,0.5,0.7142857142857142,0.5254364
13.0,0.5714285714285714,0.7142857142857142,0.48668006
13.0,0.6428571428571428,0.7142857142857142,0.40724227
13.0,0.7142857142857142,0.7142857142857142,0.32628718
13.0,0.7857142857142857,0.7142857142857142,0.24613449
13.0,0.8571428571428571,0.7142857142857142,0.16242605
13.0,0.9285714285714285,0.7142857142857142,0.07512883
13.0,1.0,0.7142857142857142,-0.011994221
13.0,0.0,0.7857142857142857,-0.008768902
13.0,0.07142857142857142,0.7857142857142857,0.058334425
13.0,0.14285714285714285,0.7857142857142857,0.12176836
13.0,0.21428571428571427,0.7857142857142857,0.18163139
13.0,0.2857142857142857,0.7857142857142857,0.24062195
13.0,0.3571428571428571,0.7857142857142857,0.30242535
13.0,0.42857142857142855,0.7857142857142857,0.36212242
13.0,0.5,0.7857142857142857,0.3919722
13.0,0.5714285714285714,0.7857142857142857,0.36582223
13.0,0.6428571428571428,0.7857142857142857,0.30663967
13.0,0.7142857142857142,0.7857142857142857,0.24479994
13.0,0.7857142857142857,0.7857142857142857,0.18512523
13.0,0.8571428571428571,0.7857142857142857,0.12359997
13.0,0.9285714285714285,0.7857142857142857,0.058136053
13.0,1.0,0.7857142857142857,-0.009950058
13.0,0.0,0.8571428571428571,-0.0062263096
13.0,0.07142857142857142,0.8571428571428571,0.042539112
13.0,0.14285714285714285,0.8571428571428571,0.08535045
13.0,0.21428571428571427,0.8571428571428571,0.1232033
13.0,0.2857142857142857,0.8571428571428571,0.15962037
13.0,0.3571428571428571,0.8571428571428571,0.19848505
13.0,0.42857142857142855,0.8571428571428571,0.23651136
13.0,0.5,0.8571428571428571,0.25589934
13.0,0.5714285714285714,0.8571428571428571,0.23998415
13.0,0.6428571428571428,0.8571428571428571,0.20096132
13.0,0.7142857142857142,0.8571428571428571,0.15987913
13.0,0.7857142857142857,0.8571428571428571,0.12174324
13.0,0.8571428571428571,0.8571428571428571,0.08255804
13.0,0.9285714285714285,0.8571428571428571,0.038598157
13.0,1.0,0.8571428571428571,-0.010754806
13.0,0.0,0.9285714285714285,-0.0078298235
13.0,0.07142857142857142,0.9285714285714285,0.022401027
13.0,0.14285714285714285,0.9285714285714285,0.04449284
13.0,0.21428571428571427,0.9285714285714285,0.060408033
13.0,0.2857142857142857,0.9285714285714285,0.07458283
13.0,0.3571428571428571,0.9285714285714285,0.09146539
13.0,0.42857142857142855,0.9285714285714285,0.11009357
13.0,0.5,0.9285714285714285,0.12063923
13.0,0.5714285714285714,0.9285714285714285,0.11328738
13.0,0.6428571428571428,0.9285714285714285,0.093276046
13.0,0.7142857142857142,0.9285714285714285,0.072992824
13.0,0.7857142857142857,0.9285714285714285,0.055867545
13.0,0.8571428571428571,0.9285714285714285,0.03784164
13.0,0.9285714285714285,0.9285714285714285,0.014201409
13.0,1.0,0.9285714285714285,-0.017097123
13.0,0.0,1.0,-0.0180525
13.0,0.07142857142857142,1.0,-0.0070745787
13.0,0.14285714285714285,1.0,-0.005592199
13.0,0.21428571428571427,1.0,-0.010294388
13.0,0.2857142857142857,1.0,-0.015711375
13.0,0.3571428571428571,1.0,-0.016751885
13.0,0.42857142857142855,1.0,-0.012418137
13.0,0.5,1.0,-0.0073878886
13.0,0.5714285714285714,1.0,-0.0073332572
13.0,0.6428571428571428,1.0,-0.011053973
13.0,0.7142857142857142,1.0,-0.012741764
13.0,0.7857142857142857,1.0,-0.0111382725
13.0,0.8571428571428571,1.0,-0.010400631
13.0,0.9285714285714285,1.0,-0.01569312
13.0,1.0,1.0,-0.03006469
14.0,0.0,0.0,-0.019343864
14.0,0.07142857142857142,0.0,-0.008378153
14.0,0.14285714285714285,0.0,-0.0050314898
14.0,0.21428571428571427,0.0,-0.008304075
14.0,0.2857142857142857,0.0,-0.013648064
14.0,0.3571428571428571,0.0,-0.013745439
14.0,0.42857142857142855,0.0,-0.0077840546
14.0,0.5,0.0,-0.0058065066
14.0,0.5714285714285714,0.0,-0.011601687
14.0,0.6428571428571428,0.0,-0.016237505
14.0,0.7142857142857142,0.0,-0.014610031
14.0,0.7857142857142857,0.0,-0.010885929
14.0,0.8571428571428571,0.0,-0.010645599
14.0,0.9285714285714285,0.0,-0.01660429
14.0,1.0,0.0,-0.029335901
14.0,0.0,0.07142857142857142,-0.010185116
14.0,0.07142857142857142,0.07142857142857142,0.01811248
14.0,0.14285714285714285,0.07142857142857142,0.040766045
14.0,0.21428571428571427,0.07142857142857142,0.05790908
14.0,0.2857142857142857,0.07142857142857142,0.07272277
14.0,0.3571428571428571,0.07142857142857142,0.09170725
14.0,0.42857142857142855,0.07142857142857142,0.114231475
14.0,0.5,0.07142857142857142,0.12291502
14.0,0.5714285714285714,0.07142857142857142,0.10949976
14.0,0.6428571428571428,0.07142857142857142,0.089600496
14.0,0.7142857142857142,0.07142857142857142,0.07384568
14.0,0.7857142857142857,0.07142857142857142,0.058771648
14.0,0.8571428571428571,0.07142857142857142,0.039569385
14.0,0.9285714285714285,0.07142857142857142,0.014825947
14.0,1.0,0.07142857142857142,-0.0153685445
14.0,0.0,0.14285714285714285,-0.0076005245
14.0,0.07142857142857142,0.14285714285714285,0.039082505
14.0,0.14285714285714285,0.14285714285714285,0.08243395
14.0,0.21428571428571427,0.14285714285714285,0.12174297
14.0,0.2857142857142857,0.14285714285714285,0.1587482
14.0,0.3571428571428571,0.14285714285714285,0.19891137
14.0,0.42857142857142855,0.14285714285714285,0.24065775
14.0,0.5,0.14285714285714285,0.25819555
14.0,0.5714285714285714,0.14285714285714285,0.23604284
14.0,0.6428571428571428,0.14285714285714285,0.19791827
14.0,0.7142857142857142,0.14285714285714285,0.16133712
14.0,0.7857142857142857,0.14285714285714285,0.1241247
14.0,0.8571428571428571,0.14285714285714285,0.0831067
14.0,0.9285714285714285,0.14285714285714285,0.03820639
14.0,1.0,0.14285714285714285,-0.010309712
14.0,0.0,0.21428571428571427,-0.00999138
14.0,0.07142857142857142,0.21428571428571427,0.056168966
14.0,0.14285714285714285,0.21428571428571427,0.121171914
14.0,0.21428571428571427,0.21428571428571427,0.18325393
14.0,0.2857142857142857,0.21428571428571427,0.24259737
14.0,0.3571428571428571,0.21428571428571427,0.30361015
14.0,0.42857142857142855,0.21428571428571427,0.36479235
14.0,0.5,0.21428571428571427,0.39243346
14.0,0.5714285714285714,0.21428571428571427,0.36117512
14.0,0.6428571428571428,0.21428571428571427,0.303498
14.0,0.7142857142857142,0.21428571428571427,0.24463183
14.0,0.7857142857142857,0.21428571428571427,0.18425801
14.0,0.8571428571428571,0.21428571428571427,0.1211429
14.0,0.9285714285714285,0.21428571428571427,0.05593679
14.0,1.0,0.21428571428571427,-0.011235819
14.0,0.0,0.2857142857142857,-0.01465662
14.0,0.07142857142857142,0.2857142857142857,0.07218075
14.0,0.14285714285714285,0.2857142857142857,0.15954548
14.0,0.21428571428571427,0.2857142857142857,0.24417716
14.0,0.2857142857142857,0.2857142857142857,0.32462576
14.0,0.3571428571428571,0.2857142857142857,0.40456238
14.0,0.42857142857142855,0.2857142857142857,0.4837458
14.0,0.5,0.2857142857142857,0.5220362
14.0,0.5714285714285714,0.2857142857142857,0.48184198
14.0,0.6428571428571428,0.2857142857142857,0.4045528
14.0,0.7142857142857142,0.2857142857142857,0.32395315
14.0,0.7857142857142857,0.2857142857142857,0.24174032
14.0,0.8571428571428571,0.2857142857142857,0.15770169
14.0,0.9285714285714285,0.2857142857142857,0.07239933
14.0,1.0,0.2857142857142857,-0.0136332745
14.0,0.0,0.3571428571428571,-0.017414883
14.0,0.07142857142857142,0.3571428571428571,0.09073509
14.0,0.14285714285714285,0.3571428571428571,0.2007209
14.0,0.21428571428571427,0.3571428571428571,0.30727342
14.0,0.2857142857142857,0.3571428571428571,0.40735012
14.0,0.3571428571428571,0.3571428571428571,0.50448215
14.0,0.42857142857142855,0.3571428571428571,0.6004947
14.0,0.5,0.3571428571428571,0.65001565
14.0,0.5714285714285714,0.3571428571428571,0.60100347
14.0,0.6428571428571428,0.3571428571428571,0.504201
14.0,0.7142857142857142,0.3571428571428571,0.4034524
14.0,0.7857142857142857,0.3571428571428571,0.3016129
14.0,0.8571428571428571,0.3571428571428571,0.19767255
14.0,0.9285714285714285,0.3571428571428571,0.09211194
14.0,1.0,0.3571428571428571,-0.012683467
14.0,0.0,0.42857142857142855,-0.015293249
14.0,0.07142857142857142,0.42857142857142855,0.111532696
14.0,0.14285714285714285,0.42857142857142855,0.24186254
14.0,0.21428571428571427,0.42857142857142855,0.36840865
14.0,0.2857142857142857,0.42857142857142855,0.48672757
14.0,0.3571428571428571,0.42857142857142855,0.6005015
14.0,0.42857142857142855,0.42857142857142855,0.7132816
14.0,0.5,0.42857142857142855,0.7745994
14.0,0.5714285714285714,0.42857142857142855,0.71691483
14.0,0.6428571428571428,0.42857142857142855,0.6009933
14.0,0.7142857142857142,0.42857142857142855,0.48196462
14.0,0.7857142857142857,0.42857142857142855,0.36244333
14.0,0.8571428571428571,0.42857142857142855,0.23963058
14.0,0.9285714285714285,0.42857142857142855,0.11488036
14.0,1.0,0.42857142857142855,-0.0065453285
14.0,0.0,0.5,-0.012610105
14.0,0.07142857142857142,0.5,0.12145094
14.0,0.14285714285714285,0.5,0.26044104
14.0,0.21428571428571427,0.5,0.3964352
14.0,0.2857142857142857,0.5,0.52435774
14.0,0.3571428571428571,0.5,0.6475846
14.0,0.42857142857142855,0.5,0.76966417
14.0,0.5,0.5,0.8372101
14.0,0.5714285714285714,0.5,0.77421796
14.0,0.6428571428571428,0.5,0.6484692
14.0,0.7142857142857142,0.5,0.5216203
14.0,0.7857142857142857,0.5,0.39442092
14.0,0.8571428571428571,0.5,0.26230893
14.0,0.9285714285714285,0.5,0.1278047
14.0,1.0,0.5,-0.0014289999
14.0,0.0,0.5714285714285714,-0.013572306
14.0,0.07142857142857142,0.5714285714285714,0.110853195
14.0,0.14285714285714285,0.5714285714285714,0.23889464
14.0,0.21428571428571427,0.5714285714285714,0.36421844
14.0,0.2857142857142857,0.5714285714285714,0.48325893
14.0,0.3571428571428571,0.5714285714285714,0.5992147
14.0,0.42857142857142855,0.5714285714285714,0.7126998
14.0,0.5,0.5714285714285714,0.7723992
14.0,0.5714285714285714,0.5714285714285714,0.711711
14.0,0.6428571428571428,0.5714285714285714,0.59606993
14.0,0.7142857142857142,0.5714285714285714,0.48133326
14.0,0.7857142857142857,0.5714285714285714,0.3654828
14.0,0.8571428571428571,0.5714285714285714,0.24294072
14.0,0.9285714285714285,0.5714285714285714,0.11653236
14.0,1.0,0.5714285714285714,-0.005529807
14.0,0.0,0.6428571428571428,-0.014069819
14.0,0.07142857142857142,0.6428571428571428,0.09192383
14.0,0.14285714285714285,0.6428571428571428,0.19892696
14.0,0.21428571428571427,0.6428571428571428,0.30340672
14.0,0.2857142857142857,0.6428571428571428,0.40471742
14.0,0.3571428571428571,0.6428571428571428,0.5062865
14.0,0.42857142857142855,0.6428571428571428,0.60453457
14.0,0.5,0.6428571428571428,0.653116
14.0,0.5714285714285714,0.6428571428571428,0.60168874
14.0,0.6428571428571428,0.6428571428571428,0.5036606
14.0,0.7142857142857142,0.6428571428571428,0.4056371
14.0,0.7857142857142857,0.6428571428571428,0.3068589
14.0,0.8571428571428571,0.6428571428571428,0.20240304
14.0,0.9285714285714285,0.6428571428571428,0.09409373
14.0,1.0,0.6428571428571428,-0.0116983885
14.0,0.0,0.7142857142857142,-0.012036943
14.0,0.07142857142857142,0.7142857142857142,0.07409782
14.0,0.14285714285714285,0.7142857142857142,0.15879267
14.0,0.21428571428571427,0.7142857142857142,0.24079576
14.0,0.2857142857142857,0.7142857142857142,0.32161367
14.0,0.3571428571428571,0.7142857142857142,0.40475556
14.0,0.42857142857142855,0.7142857142857142,0.4847272
14.0,0.5,0.7142857142857142,0.5239167
14.0,0.5714285714285714,0.7142857142857142,0.48584098
14.0,0.6428571428571428,0.7142857142857142,0.4072969
14.0,0.7142857142857142,0.7142857142857142,0.32650632
14.0,0.7857142857142857,0.7142857142857142,0.24623245
14.0,0.8571428571428571,0.7142857142857142,0.16244139
14.0,0.9285714285714285,0.7142857142857142,0.07512997
14.0,1.0,0.7142857142857142,-0.011988514
14.0,0.0,0.7857142857142857,-0.008656436
14.0,0.07142857142857142,0.7857142857142857,0.058397368
14.0,0.14285714285714285,0.7857142857142857,0.12177374
14.0,0.21428571428571427,0.7857142857142857,0.18162063
14.0,0.2857142857142857,0.7857142857142857,0.24064383
14.0,0.3571428571428571,0.7857142857142857,0.30234906
14.0,0.42857142857142855,0.7857142857142857,0.36151978
14.0,0.5,0.7857142857142857,0.3908462
14.0,0.5714285714285714,0.7857142857142857,0.365116
14.0,0.6428571428571428,0.7857142857142857,0.30656293
14.0,0.7142857142857142,0.7857142857142857,0.24482828
14.0,0.7857142857142857,0.7857142857142857,0.18502796
14.0,0.8571428571428571,0.7857142857142857,0.123427875
14.0,0.9285714285714285,0.7857142857142857,0.057974495
14.0,1.0,0.7857142857142857,-0.010073342
14.0,0.0,0.8571428571428571,-0.0061276713
14.0,0.07142857142857142,0.8571428571428571,0.042531006
14.0,0.14285714285714285,0.8571428571428571,0.08525524
14.0,0.21428571428571427,0.8571428571428571,0.12309418
14.0,0.2857142857142857,0.8571428571428571,0.15956345
14.0,0.3571428571428571,0.8571428571428571,0.19837566
14.0,0.42857142857142855,0.8571428571428571,0.23604524
14.0,0.5,0.8571428571428571,0.2550847
14.0,0.5714285714285714,0.8571428571428571,0.2394177
14.0,0.6428571428571428,0.8571428571428571,0.20081574
14.0,0.7142857142857142,0.8571428571428571,0.1597888
14.0,0.7857142857142857,0.8571428571428571,0.12151786
14.0,0.8571428571428571,0.8571428571428571,0.082253434
14.0,0.9285714285714285,0.8571428571428571,0.03831238
14.0,1.0,0.8571428571428571,-0.010981725
14.0,0.0,0.9285714285714285,-0.007766762
14.0,0.07142857142857142,0.9285714285714285,0.022326812
14.0,0.14285714285714285,0.9285714285714285,0.044329837
14.0,0.21428571428571427,0.9285714285714285,0.06024982
14.0,0.2857142857142857,0.9285714285714285,0.074491926
14.0,0.3571428571428571,0.9285714285714285,0.09135466
14.0,0.42857142857142855,0.9285714285714285,0.10975733
14.0,0.5,0.9285714285714285,0.12009212
14.0,0.5714285714285714,0.9285714285714285,0.112895116
14.0,0.6428571428571428,0.9285714285714285,0.09316544
14.0,0.7142857142857142,0.9285714285714285,0.07290553
14.0,0.7857142857142857,0.9285714285714285,0.0556347
14.0,0.8571428571428571,0.9285714285714285,0.037506007
14.0,0.9285714285714285,0.9285714285714285,0.0138667775
14.0,1.0,0.9285714285714285,-0.017375097
14.0,0.0,1.0,-0.018035404
14.0,0.07142857142857142,1.0,-0.0071938904
14.0,0.14285714285714285,1.0,-0.005775152
14.0,0.21428571428571427,1.0,-0.010445917
14.0,0.2857142857142857,1.0,-0.015789725
14.0,0.3571428571428571,1.0,-0.016833954
14.0,0.42857142857142855,1.0,-0.012635478
14.0,0.5,1.0,-0.0077198604
14.0,0.5714285714285714,1.0,-0.0075546512
14.0,0.6428571428571428,1.0,-0.01107777
14.0,0.7142857142857142,1.0,-0.012754493
14.0,0.7857142857142857,1.0,-0.011296825
14.0,0.8571428571428571,1.0,-0.010687531
14.0,0.9285714285714285,1.0,-0.016011741
14.0,1.0,1.0,-0.03034481
15.0,0.0,0.0,-0.019628137
15.0,0.07142857142857142,0.0,-0.008619406
15.0,0.14285714285714285,0.0,-0.0052217813
15.0,0.21428571428571427,0.0,-0.008443979
15.0,0.2857142857142857,0.0,-0.013761827
15.0,0.3571428571428571,0.0,-0.013917581
15.0,0.42857142857142855,0.0,-0.008105342
15.0,0.5,0.0,-0.0061826864
15.0,0.5714285714285714,0.0,-0.011863508
15.0,0.6428571428571428,0.0,-0.016370632
15.0,0.7142857142857142,0.0,-0.014650867
15.0,0.7857142857142857,0.0,-0.010855817
15.0,0.8571428571428571,0.0,-0.0105993645
15.0,0.9285714285714285,0.0,-0.016616859
15.0,1.0,0.0,-0.029469624
15.0,0.0,0.07142857142857142,-0.010503293
15.0,0.07142857142857142,0.07142857142857142,0.01785988
15.0,0.14285714285714285,0.07142857142857142,0.040598392
15.0,0.21428571428571427,0.07142857142857142,0.057834677
15.0,0.2857142857142857,0.07142857142857142,0.07270863
15.0,0.3571428571428571,0.07142857142857142,0.0916148
15.0,0.42857142857142855,0.07142857142857142,0.11387292
15.0,0.5,0.07142857142857142,0.122422256
15.0,0.5714285714285714,0.07142857142857142,0.10919204
15.0,0.6428571428571428,0.07142857142857142,0.08949693
15.0,0.7142857142857142,0.07142857142857142,0.07385861
15.0,0.7857142857142857,0.07142857142857142,0.058844097
15.0,0.8571428571428571,0.07142857142857142,0.03962431
15.0,0.9285714285714285,0.07142857142857142,0.014782063
15.0,1.0,0.07142857142857142,-0.0155644575
15.0,0.0,0.14285714285714285,-0.007906356
15.0,0.07142857142857142,0.14285714285714285,0.03885527
15.0,0.14285714285714285,0.14285714285714285,0.082310066
15.0,0.21428571428571427,0.14285714285714285,0.12173685
15.0,0.2857142857142857,0.14285714285714285,0.15882045
15.0,0.3571428571428571,0.14285714285714285,0.19886546
15.0,0.42857142857142855,0.14285714285714285,0.2401743
15.0,0.5,0.14285714285714285,0.25744385
15.0,0.5714285714285714,0.14285714285714285,0.235591
15.0,0.6428571428571428,0.14285714285714285,0.19780949
15.0,0.7142857142857142,0.14285714285714285,0.16140085
15.0,0.7857142857142857,0.14285714285714285,0.12425239
15.0,0.8571428571428571,0.14285714285714285,0.083192684
15.0,0.9285714285714285,0.14285714285714285,0.038167976
15.0,1.0,0.14285714285714285,-0.010518999
15.0,0.0,0.21428571428571427,-0.010220234
15.0,0.07142857142857142,0.21428571428571427,0.056024164
15.0,0.14285714285714285,0.21428571428571427,0.12112836
15.0,0.21428571428571427,0.21428571428571427,0.18332398
15.0,0.2857142857142857,0.21428571428571427,0.2427384
15.0,0.3571428571428571,0.21428571428571427,0.30358055
15.0,0.42857142857142855,0.21428571428571427,0.36412662
15.0,0.5,0.21428571428571427,0.39132512
15.0,0.5714285714285714,0.21428571428571427,0.36052468
15.0,0.6428571428571428,0.21428571428571427,0.30337468
15.0,0.7142857142857142,0.21428571428571427,0.24474826
15.0,0.7857142857142857,0.21428571428571427,0.18444371
15.0,0.8571428571428571,0.21428571428571427,0.121275105
15.0,0.9285714285714285,0.21428571428571427,0.055935778
15.0,1.0,0.21428571428571427,-0.011408963
15.0,0.0,0.2857142857142857,-0.014777487
15.0,0.07142857142857142,0.2857142857142857,0.072142564
15.0,0.14285714285714285,0.2857142857142857,0.15958054
15.0,0.21428571428571427,0.2857142857142857,0.2442801
15.0,0.2857142857142857,0.2857142857142857,0.3247512
15.0,0.3571428571428571,0.2857142857142857,0.40445676
15.0,0.42857142857142855,0.2857142857142857,0.48281834
15.0,0.5,0.2857142857142857,0.5204786
15.0,0.5714285714285714,0.2857142857142857,0.48093697
15.0,0.6428571428571428,0.2857142857142857,0.40437245
15.0,0.7142857142857142,0.2857142857142857,0.32405713
15.0,0.7857142857142857,0.2857142857142857,0.24191248
15.0,0.8571428571428571,0.2857142857142857,0.15783156
15.0,0.9285714285714285,0.2857142857142857,0.07242161
15.0,1.0,0.2857142857142857,-0.013753557
15.0,0.0,0.3571428571428571,-0.017537035
15.0,0.07142857142857142,0.3571428571428571,0.090686075
15.0,0.14285714285714285,0.3571428571428571,0.20068328
15.0,0.21428571428571427,0.3571428571428571,0.30719775
15.0,0.2857142857142857,0.3571428571428571,0.40718222
15.0,0.3571428571428571,0.3571428571428571,0.50398636
15.0,0.42857142857142855,0.3571428571428571,0.5989976
15.0,0.5,0.3571428571428571,0.64769006
15.0,0.5714285714285714,0.3571428571428571,0.59955126
15.0,0.6428571428571428,0.3571428571428571,0.50368166
15.0,0.7142857142857142,0.3571428571428571,0.4032506
15.0,0.7857142857142857,0.3571428571428571,0.3015113
15.0,0.8571428571428571,0.3571428571428571,0.19761582
15.0,0.9285714285714285,0.3571428571428571,0.09205531
15.0,1.0,0.3571428571428571,-0.012790413
15.0,0.0,0.42857142857142855,-0.015681367
15.0,0.07142857142857142,0.42857142857142855,0.111178204
15.0,0.14285714285714285,0.42857142857142855,0.24141312
15.0,0.21428571428571427,0.42857142857142855,0.3677361
15.0,0.2857142857142857,0.42857142857142855,0.4857303
15.0,0.3571428571428571,0.42857142857142855,0.5989414
15.0,0.42857142857142855,0.42857142857142855,0.7104361
15.0,0.5,0.42857142857142855,0.7706524
15.0,0.5714285714285714,0.42857142857142855,0.714081
15.0,0.6428571428571428,0.42857142857142855,0.5994044
15.0,0.7142857142857142,0.42857142857142855,0.48086086
15.0,0.7857142857142857,0.42857142857142855,0.36164165
15.0,0.8571428571428571,0.42857142857142855,0.23912269
15.0,0.9285714285714285,0.42857142857142855,0.11459712
15.0,1.0,0.42857142857142855,-0.0067153657
15.0,0.0,0.5,-0.013223109
15.0,0.07142857142857142,0.5,0.12083144
15.0,0.14285714285714285,0.5,0.25964987
15.0,0.21428571428571427,0.5,0.3952765
15.0,0.2857142857142857,0.5,0.52265996
15.0,0.3571428571428571,0.5,0.6450672
15.0,0.42857142857142855,0.5,0.76556224
15.0,0.5,0.5,0.8317382
15.0,0.5714285714285714,0.5,0.77005637
15.0,0.6428571428571428,0.5,0.6459283
15.0,0.7142857142857142,0.5,0.519821
15.0,0.7857142857142857,0.5,0.39313954
15.0,0.8571428571428571,0.5,0.2615189
15.0,0.9285714285714285,0.5,0.12739298
15.0,1.0,0.5,-0.0016223202
15.0,0.0,0.5714285714285714,-0.013946512
15.0,0.07142857142857142,0.5714285714285714,0.11052815
15.0,0.14285714285714285,0.5714285714285714,0.23849863
15.0,0.21428571428571427,0.5714285714285714,0.36360976
15.0,0.2857142857142857,0.5714285714285714,0.48231682
15.0,0.3571428571428571,0.5714285714285714,0.5976904
15.0,0.42857142857142855,0.5714285714285714,0.70985097
15.0,0.5,0.5714285714285714,0.76833105
15.0,0.5714285714285714,0.5714285714285714,0.70888305
15.0,0.6428571428571428,0.5714285714285714,0.5947297
15.0,0.7142857142857142,0.5714285714285714,0.48049352
15.0,0.7857142857142857,0.5714285714285714,0.3648671
15.0,0.8571428571428571,0.5714285714285714,0.24256927
15.0,0.9285714285714285,0.5714285714285714,0.11637486
15.0,1.0,0.5714285714285714,-0.005560764
15.0,0.0,0.6428571428571428,-0.014109046
15.0,0.07142857142857142,0.6428571428571428,0.091950625
15.0,0.14285714285714285,0.6428571428571428,0.19895361
15.0,0.21428571428571427,0.6428571428571428,0.30337954
15.0,0.2857142857142857,0.6428571428571428,0.40460083
15.0,0.3571428571428571,0.6428571428571428,0.5058807
15.0,0.42857142857142855,0.6428571428571428,0.60317343
15.0,0.5,0.6428571428571428,0.65082437
15.0,0.5714285714285714,0.6428571428571428,0.60037845
15.0,0.6428571428571428,0.6428571428571428,0.5035256
15.0,0.7142857142857142,0.6428571428571428,0.40575397
15.0,0.7857142857142857,0.6428571428571428,0.3069153
15.0,0.8571428571428571,0.6428571428571428,0.20244063
15.0,0.9285714285714285,0.6428571428571428,0.09416348
15.0,1.0,0.6428571428571428,-0.01160282
15.0,0.0,0.7142857142857142,-0.011919715
15.0,0.07142857142857142,0.7142857142857142,0.074222565
15.0,0.14285714285714285,0.7142857142857142,0.1588924
15.0,0.21428571428571427,0.7142857142857142,0.24087554
15.0,0.2857142857142857,0.7142857142857142,0.32169425
15.0,0.3571428571428571,0.7142857142857142,0.40467376
15.0,0.42857142857142855,0.7142857142857142,0.48392794
15.0,0.5,0.7142857142857142,0.52240205
15.0,0.5714285714285714,0.7142857142857142,0.4849936
15.0,0.6428571428571428,0.7142857142857142,0.40733844
15.0,0.7142857142857142,0.7142857142857142,0.32671657
15.0,0.7857142857142857,0.7142857142857142,0.24632275
15.0,0.8571428571428571,0.7142857142857142,0.16245484
15.0,0.9285714285714285,0.7142857142857142,0.07514376
15.0,1.0,0.7142857142857142,-0.011951619
15.0,0.0,0.7857142857142857,-0.008512967
15.0,0.07142857142857142,0.7857142857142857,0.058477625
15.0,0.14285714285714285,0.7857142857142857,0.12178693
15.0,0.21428571428571427,0.7857142857142857,0.18161392
15.0,0.2857142857142857,0.7857142857142857,0.24067146
15.0,0.3571428571428571,0.7857142857142857,0.30228
15.0,0.42857142857142855,0.7857142857142857,0.360929
15.0,0.5,0.7857142857142857,0.38973567
15.0,0.5714285714285714,0.7857142857142857,0.36441198
15.0,0.6428571428571428,0.7857142857142857,0.30648178
15.0,0.7142857142857142,0.7857142857142857,0.24485624
15.0,0.7857142857142857,0.7857142857142857,0.18493076
15.0,0.8571428571428571,0.7857142857142857,0.123259775
15.0,0.9285714285714285,0.7857142857142857,0.057825916
15.0,1.0,0.7857142857142857,-0.010169343
15.0,0.0,0.8571428571428571,-0.006010101
15.0,0.07142857142857142,0.8571428571428571,0.042533726
15.0,0.14285714285714285,0.8571428571428571,0.08516704
15.0,0.21428571428571427,0.8571428571428571,0.122994654
15.0,0.2857142857142857,0.8571428571428571,0.15952164
15.0,0.3571428571428571,0.8571428571428571,0.19828677
15.0,0.42857142857142855,0.8571428571428571,0.2356058
15.0,0.5,0.8571428571428571,0.25430018
15.0,0.5714285714285714,0.8571428571428571,0.23887011
15.0,0.6428571428571428,0.8571428571428571,0.2006816
15.0,0.7142857142857142,0.8571428571428571,0.15971059
15.0,0.7857142857142857,0.8571428571428571,0.12130391
15.0,0.8571428571428571,0.8571428571428571,0.08195915
15.0,0.9285714285714285,0.8571428571428571,0.038040858
15.0,1.0,0.8571428571428571,-0.011185364
15.0,0.0,0.9285714285714285,-0.0076922933
15.0,0.07142857142857142,0.9285714285714285,0.022260647
15.0,0.14285714285714285,0.9285714285714285,0.04417716
15.0,0.21428571428571427,0.9285714285714285,0.060109198
15.0,0.2857142857142857,0.9285714285714285,0.07442768
15.0,0.3571428571428571,0.9285714285714285,0.091279
15.0,0.42857142857142855,0.9285714285714285,0.10946503
15.0,0.5,0.9285714285714285,0.119591825
15.0,0.5714285714285714,0.9285714285714285,0.112541236
15.0,0.6428571428571428,0.9285714285714285,0.09308446
15.0,0.7142857142857142,0.9285714285714285,0.07284611
15.0,0.7857142857142857,0.9285714285714285,0.0554263
15.0,0.8571428571428571,0.9285714285714285,0.03718961
15.0,0.9285714285714285,0.9285714285714285,0.013548839
15.0,1.0,0.9285714285714285,-0.01763187
15.0,0.0,1.0,-0.018010478
15.0,0.07142857142857142,1.0,-0.007303645
15.0,0.14285714285714285,1.0,-0.005940384
15.0,0.21428571428571427,1.0,-0.010569291
15.0,0.2857142857142857,1.0,-0.015828796
15.0,0.3571428571428571,1.0,-0.01686591
15.0,0.42857142857142855,1.0,-0.012793192
15.0,0.5,1.0,-0.007987634
15.0,0.5714285714285714,1.0,-0.007718214
15.0,0.6428571428571428,1.0,-0.011052341
15.0,0.7142857142857142,1.0,-0.012722683
15.0,0.7857142857142857,1.0,-0.011417401
15.0,0.8571428571428571,1.0,-0.010946215
15.0,0.9285714285714285,1.0,-0.016309097
15.0,1.0,1.0,-0.030605152
16.0,0.0,0.0,-0.019891184
16.0,0.07142857142857142,0.0,-0.008841877
16.0,0.14285714285714285,0.0,-0.0053934576
16.0,0.21428571428571427,0.0,-0.008559694
16.0,0.2857142857142857,0.0,-0.013838501
16.0,0.3571428571428571,0.0,-0.014036936
16.0,0.42857142857142855,0.0,-0.008361922
16.0,0.5,0.0,-0.0064914646
16.0,0.5714285714285714,0.0,-0.012063642
16.0,0.6428571428571428,0.0,-0.016453773
16.0,0.7142857142857142,0.0,-0.014653628
16.0,0.7857142857142857,0.0,-0.010794864
16.0,0.8571428571428571,0.0,-0.010521886
16.0,0.9285714285714285,0.0,-0.016594648
16.0,1.0,0.0,-0.029564768
16.0,0.0,0.07142857142857142,-0.010795542
16.0,0.07142857142857142,0.07142857142857142,0.017627954
16.0,0.14285714285714285,0.07142857142857142,0.040447578
16.0,0.21428571428571427,0.07142857142857142,0.05777774
16.0,0.2857142857142857,0.07142857142857142,0.07271877
16.0,0.3571428571428571,0.07142857142857142,0.091557294
16.0,0.42857142857142855,0.07142857142857142,0.113558196
16.0,0.5,0.07142857142857142,0.12197507
16.0,0.5714285714285714,0.07142857142857142,0.108925804
16.0,0.6428571428571428,0.07142857142857142,0.08942829
16.0,0.7142857142857142,0.07142857142857142,0.07389758
16.0,0.7857142857142857,0.07142857142857142,0.05894109
16.0,0.8571428571428571,0.07142857142857142,0.039707236
16.0,0.9285714285714285,0.07142857142857142,0.014772921
16.0,1.0,0.07142857142857142,-0.015718766
16.0,0.0,0.14285714285714285,-0.008181629
16.0,0.07142857142857142,0.14285714285714285,0.03865122
16.0,0.14285714285714285,0.14285714285714285,0.082201354
16.0,0.21428571428571427,0.14285714285714285,0.12174169
16.0,0.2857142857142857,0.14285714285714285,0.15890484
16.0,0.3571428571428571,0.14285714285714285,0.19883798
16.0,0.42857142857142855,0.14285714285714285,0.23971489
16.0,0.5,0.14285714285714285,0.25671828
16.0,0.5714285714285714,0.14285714285714285,0.23516347
16.0,0.6428571428571428,0.14285714285714285,0.19772197
16.0,0.7142857142857142,0.14285714285714285,0.16148187
16.0,0.7857142857142857,0.14285714285714285,0.12439885
16.0,0.8571428571428571,0.14285714285714285,0.08330455
16.0,0.9285714285714285,0.14285714285714285,0.03816414
16.0,1.0,0.14285714285714285,-0.010683925
16.0,0.0,0.21428571428571427,-0.010413124
16.0,0.07142857142857142,0.21428571428571427,0.05590424
16.0,0.14285714285714285,0.21428571428571427,0.12109763
16.0,0.21428571428571427,0.21428571428571427,0.18339756
16.0,0.2857142857142857,0.21428571428571427,0.24287853
16.0,0.3571428571428571,0.21428571428571427,0.30355436
16.0,0.42857142857142855,0.21428571428571427,0.36347178
16.0,0.5,0.21428571428571427,0.39023066
16.0,0.5714285714285714,0.21428571428571427,0.3598875
16.0,0.6428571428571428,0.21428571428571427,0.3032636
16.0,0.7142857142857142,0.21428571428571427,0.2448751
16.0,0.7857142857142857,0.21428571428571427,0.18464357
16.0,0.8571428571428571,0.21428571428571427,0.12143
16.0,0.9285714285714285,0.21428571428571427,0.05596924
16.0,1.0,0.21428571428571427,-0.011537478
16.0,0.0,0.2857142857142857,-0.01485598
16.0,0.07142857142857142,0.2857142857142857,0.07213006
16.0,0.14285714285714285,0.2857142857142857,0.15962332
16.0,0.21428571428571427,0.2857142857142857,0.2443757
16.0,0.2857142857142857,0.2857142857142857,0.32486272
16.0,0.3571428571428571,0.2857142857142857,0.40434125
16.0,0.42857142857142855,0.2857142857142857,0.48189273
16.0,0.5,0.2857142857142857,0.51892996
16.0,0.5714285714285714,0.2857142857142857,0.48003802
16.0,0.6428571428571428,0.2857142857142857,0.40419778
16.0,0.7142857142857142,0.2857142857142857,0.3241651
16.0,0.7857142857142857,0.2857142857142857,0.24209201
16.0,0.8571428571428571,0.2857142857142857,0.15797862
16.0,0.9285714285714285,0.2857142857142857,0.07247611
16.0,1.0,0.2857142857142857,-0.01382731
16.0,0.0,0.3571428571428571,-0.017608361
16.0,0.07142857142857142,0.3571428571428571,0.09066483
16.0,0.14285714285714285,0.3571428571428571,0.20064883
16.0,0.21428571428571427,0.3571428571428571,0.3071048
16.0,0.2857142857142857,0.3571428571428571,0.40698895
16.0,0.3571428571428571,0.3571428571428571,0.5034699
16.0,0.42857142857142855,0.3571428571428571,0.5974958
16.0,0.5,0.3571428571428571,0.6453697
16.0,0.5714285714285714,0.3571428571428571,0.5980971
16.0,0.6428571428571428,0.3571428571428571,0.5031608
16.0,0.7142857142857142,0.3571428571428571,0.40304548
16.0,0.7857142857142857,0.3571428571428571,0.30141023
16.0,0.8571428571428571,0.3571428571428571,0.19757149
16.0,0.9285714285714285,0.3571428571428571,0.092029065
16.0,1.0,0.3571428571428571,-0.0128486315
16.0,0.0,0.42857142857142855,-0.01600701
16.0,0.07142857142857142,0.42857142857142855,0.11085849
16.0,0.14285714285714285,0.42857142857142855,0.24096787
16.0,0.21428571428571427,0.42857142857142855,0.36704314
16.0,0.2857142857142857,0.42857142857142855,0.48470375
16.0,0.3571428571428571,0.42857142857142855,0.597361
16.0,0.42857142857142855,0.42857142857142855,0.70758796
16.0,0.5,0.42857142857142855,0.76671225
16.0,0.5714285714285714,0.42857142857142855,0.711241
16.0,0.6428571428571428,0.42857142857142855,0.5978122
16.0,0.7142857142857142,0.42857142857142855,0.4797548
16.0,0.7857142857142857,0.42857142857142855,0.3608397
16.0,0.8571428571428571,0.42857142857142855,0.23862717
16.0,0.9285714285714285,0.42857142857142855,0.11434672
16.0,1.0,0.42857142857142855,-0.0068322504
16.0,0.0,0.5,-0.013762155
16.0,0.07142857142857142,0.5,0.12025919
16.0,0.14285714285714285,0.5,0.25887537
16.0,0.21428571428571427,0.5,0.3941115
16.0,0.2857142857142857,0.5,0.52095133
16.0,0.3571428571428571,0.5,0.64255095
16.0,0.42857142857142855,0.5,0.7614849
16.0,0.5,0.5,0.8263009
16.0,0.5714285714285714,0.5,0.7659094
16.0,0.6428571428571428,0.5,0.64340097
16.0,0.7142857142857142,0.5,0.518031
16.0,0.7857142857142857,0.5,0.3918627
16.0,0.8571428571428571,0.5,0.2607417
16.0,0.9285714285714285,0.5,0.12701306
16.0,1.0,0.5,-0.0017633671
16.0,0.0,0.5714285714285714,-0.014246286
16.0,0.07142857142857142,0.5714285714285714,0.11025334
16.0,0.14285714285714285,0.5714285714285714,0.23812598
16.0,0.21428571428571427,0.5714285714285714,0.3630043
16.0,0.2857142857142857,0.5714285714285714,0.48137185
16.0,0.3571428571428571,0.5714285714285714,0.59617007
16.0,0.42857142857142855,0.5714285714285714,0.7070209
16.0,0.5,0.5714285714285714,0.7642912
16.0,0.5714285714285714,0.5714285714285714,0.7060647
16.0,0.6428571428571428,0.5714285714285714,0.59339476
16.0,0.7142857142857142,0.5714285714285714,0.47965646
16.0,0.7857142857142857,0.5714285714285714,0.3642487
16.0,0.8571428571428571,0.5714285714285714,0.24220097
16.0,0.9285714285714285,0.5714285714285714,0.116239615
16.0,1.0,0.5714285714285714,-0.0055475766
16.0,0.0,0.6428571428571428,-0.014088103
16.0,0.07142857142857142,0.6428571428571428,0.09201614
16.0,0.14285714285714285,0.6428571428571428,0.1989974
16.0,0.21428571428571427,0.6428571428571428,0.30335277
16.0,0.2857142857142857,0.6428571428571428,0.40447837
16.0,0.3571428571428571,0.6428571428571428,0.5054679
16.0,0.42857142857142855,0.6428571428571428,0.60180956
16.0,0.5,0.6428571428571428,0.6485377
16.0,0.5714285714285714,0.6428571428571428,0.5990579
16.0,0.6428571428571428,0.6428571428571428,0.5033773
16.0,0.7142857142857142,0.6428571428571428,0.40586054
16.0,0.7857142857142857,0.6428571428571428,0.30696046
16.0,0.8571428571428571,0.6428571428571428,0.20247427
16.0,0.9285714285714285,0.6428571428571428,0.0942464
16.0,1.0,0.6428571428571428,-0.011472561
16.0,0.0,0.7142857142857142,-0.01175958
16.0,0.07142857142857142,0.7142857142857142,0.074372396
16.0,0.14285714285714285,0.7142857142857142,0.1590018
16.0,0.21428571428571427,0.7142857142857142,0.24095574
16.0,0.2857142857142857,0.7142857142857142,0.3217725
16.0,0.3571428571428571,0.7142857142857142,0.40458858
16.0,0.42857142857142855,0.7142857142857142,0.48312822
16.0,0.5,0.7142857142857142,0.520893
16.0,0.5714285714285714,0.7142857142857142,0.48413715
16.0,0.6428571428571428,0.7142857142857142,0.40736604
16.0,0.7142857142857142,0.7142857142857142,0.32691664
16.0,0.7857142857142857,0.7142857142857142,0.24640477
16.0,0.8571428571428571,0.7142857142857142,0.16246623
16.0,0.9285714285714285,0.7142857142857142,0.07516944
16.0,1.0,0.7142857142857142,-0.011884772
16.0,0.0,0.7857142857142857,-0.008340777
16.0,0.07142857142857142,0.7857142857142857,0.05857353
16.0,0.14285714285714285,0.7857142857142857,0.121806316
16.0,0.21428571428571427,0.7857142857142857,0.18161102
16.0,0.2857142857142857,0.7857142857142857,0.24070424
16.0,0.3571428571428571,0.7857142857142857,0.3022179
16.0,0.42857142857142855,0.7857142857142857,0.36034873
16.0,0.5,0.7857142857142857,0.3886396
16.0,0.5714285714285714,0.7857142857142857,0.36370963
16.0,0.6428571428571428,0.7857142857142857,0.30639592
16.0,0.7142857142857142,0.7857142857142857,0.24488267
16.0,0.7857142857142857,0.7857142857142857,0.1848335
16.0,0.8571428571428571,0.7857142857142857,0.12309425
16.0,0.9285714285714285,0.7857142857142857,0.057690255
16.0,1.0,0.7857142857142857,-0.010238451
16.0,0.0,0.8571428571428571,-0.0058743665
16.0,0.07142857142857142,0.8571428571428571,0.042545646
16.0,0.14285714285714285,0.8571428571428571,0.08508541
16.0,0.21428571428571427,0.8571428571428571,0.12290428
16.0,0.2857142857142857,0.8571428571428571,0.15949418
16.0,0.3571428571428571,0.8571428571428571,0.19821693
16.0,0.42857142857142855,0.8571428571428571,0.2351915
16.0,0.5,0.8571428571428571,0.2535436
16.0,0.5714285714285714,0.8571428571428571,0.23833963
16.0,0.6428571428571428,0.8571428571428571,0.2005573
16.0,0.7142857142857142,0.8571428571428571,0.15964413
16.0,0.7857142857142857,0.8571428571428571,0.12110112
16.0,0.8571428571428571,0.8571428571428571,0.081675224
16.0,0.9285714285714285,0.8571428571428571,0.03778349
16.0,1.0,0.8571428571428571,-0.011364975
16.0,0.0,0.9285714285714285,-0.007608385
16.0,0.07142857142857142,0.9285714285714285,0.022201642
16.0,0.14285714285714285,0.9285714285714285,0.044033762
16.0,0.21428571428571427,0.9285714285714285,0.05998552
16.0,0.2857142857142857,0.9285714285714285,0.074389
16.0,0.3571428571428571,0.9285714285714285,0.091236375
16.0,0.42857142857142855,0.9285714285714285,0.10921375
16.0,0.5,0.9285714285714285,0.119137
16.0,0.5714285714285714,0.9285714285714285,0.1122235
16.0,0.6428571428571428,0.9285714285714285,0.09303224
16.0,0.7142857142857142,0.9285714285714285,0.07281416
16.0,0.7857142857142857,0.9285714285714285,0.055242106
16.0,0.8571428571428571,0.9285714285714285,0.036891706
16.0,0.9285714285714285,0.9285714285714285,0.013248044
16.0,1.0,0.9285714285714285,-0.017867688
16.0,0.0,1.0,-0.017979361
16.0,0.07142857142857142,1.0,-0.007404438
16.0,0.14285714285714285,1.0,-0.00608954
16.0,0.21428571428571427,1.0,-0.010665286
16.0,0.2857142857142857,1.0,-0.015829865
16.0,0.3571428571428571,1.0,-0.016850013
16.0,0.42857142857142855,1.0,-0.012893845
16.0,0.5,1.0,-0.008194306
16.0,0.5714285714285714,1.0,-0.007826791
16.0,0.6428571428571428,1.0,-0.010979564
16.0,0.7142857142857142,1.0,-0.012647827
16.0,0.7857142857142857,1.0,-0.011500728
16.0,0.8571428571428571,1.0,-0.011176434
16.0,0.9285714285714285,1.0,-0.016585123
16.0,1.0,1.0,-0.030845653
17.0,0.0,0.0,-0.020132992
17.0,0.07142857142857142,0.0,-0.009046995
17.0,0.14285714285714285,0.0,-0.005547461
17.0,0.21428571428571427,0.0,-0.008652517
17.0,0.2857142857142857,0.0,-0.013880392
17.0,0.3571428571428571,0.0,-0.014105369
17.0,0.42857142857142855,0.0,-0.008557034
17.0,0.5,0.0,-0.0067357654
17.0,0.5714285714285714,0.0,-0.012204674
17.0,0.6428571428571428,0.0,-0.01648961
17.0,0.7142857142857142,0.0,-0.014621914
17.0,0.7857142857142857,0.0,-0.010705375
17.0,0.8571428571428571,0.0,-0.01041532
17.0,0.9285714285714285,0.0,-0.016539864
17.0,1.0,0.0,-0.029622264
17.0,0.0,0.07142857142857142,-0.011062809
17.0,0.07142857142857142,0.07142857142857142,0.017415714
17.0,0.14285714285714285,0.07142857142857142,0.040312544
17.0,0.21428571428571427,0.07142857142857142,0.05773714
17.0,0.2857142857142857,0.07142857142857142,0.072752155
17.0,0.3571428571428571,0.07142857142857142,0.09153368
17.0,0.42857142857142855,0.07142857142857142,0.113284744
17.0,0.5,0.07142857142857142,0.12157003
17.0,0.5714285714285714,0.07142857142857142,0.10869887
17.0,0.6428571428571428,0.07142857142857142,0.08939106
17.0,0.7142857142857142,0.07142857142857142,0.07396018
17.0,0.7857142857142857,0.07142857142857142,0.059059314
17.0,0.8571428571428571,0.07142857142857142,0.039816387
17.0,0.9285714285714285,0.07142857142857142,0.014796696
17.0,1.0,0.07142857142857142,-0.015834235
17.0,0.0,0.14285714285714285,-0.008426811
17.0,0.07142857142857142,0.14285714285714285,0.03846877
17.0,0.14285714285714285,0.14285714285714285,0.08210704
17.0,0.21428571428571427,0.14285714285714285,0.12175647
17.0,0.2857142857142857,0.14285714285714285,0.15900013
17.0,0.3571428571428571,0.14285714285714285,0.19882768
17.0,0.42857142857142855,0.14285714285714285,0.23927844
17.0,0.5,0.14285714285714285,0.25601652
17.0,0.5714285714285714,0.14285714285714285,0.23475792
17.0,0.6428571428571428,0.14285714285714285,0.19765258
17.0,0.7142857142857142,0.14285714285714285,0.16157827
17.0,0.7857142857142857,0.14285714285714285,0.124561794
17.0,0.8571428571428571,0.14285714285714285,0.083440065
17.0,0.9285714285714285,0.14285714285714285,0.038193323
17.0,1.0,0.14285714285714285,-0.010807977
17.0,0.0,0.21428571428571427,-0.010570533
17.0,0.07142857142857142,0.21428571428571427,0.05580744
17.0,0.14285714285714285,0.21428571428571427,0.12107844
17.0,0.21428571428571427,0.21428571428571427,0.18347351
17.0,0.2857142857142857,0.21428571428571427,0.24301699
17.0,0.3571428571428571,0.21428571428571427,0.30352956
17.0,0.42857142857142855,0.21428571428571427,0.3628255
17.0,0.5,0.21428571428571427,0.38914925
17.0,0.5714285714285714,0.21428571428571427,0.35926184
17.0,0.6428571428571428,0.21428571428571427,0.30316338
17.0,0.7142857142857142,0.21428571428571427,0.24501076
17.0,0.7857142857142857,0.21428571428571427,0.18485504
17.0,0.8571428571428571,0.21428571428571427,0.12160566
17.0,0.9285714285714285,0.21428571428571427,0.05603443
17.0,1.0,0.21428571428571427,-0.011622922
17.0,0.0,0.2857142857142857,-0.014894264
17.0,0.07142857142857142,0.2857142857142857,0.072141655
17.0,0.14285714285714285,0.2857142857142857,0.15967304
17.0,0.21428571428571427,0.2857142857142857,0.24446437
17.0,0.2857142857142857,0.2857142857142857,0.32496008
17.0,0.3571428571428571,0.2857142857142857,0.4042151
17.0,0.42857142857142855,0.2857142857142857,0.48096812
17.0,0.5,0.2857142857142857,0.51739
17.0,0.5714285714285714,0.2857142857142857,0.47914496
17.0,0.6428571428571428,0.2857142857142857,0.40402856
17.0,0.7142857142857142,0.2857142857142857,0.3242758
17.0,0.7857142857142857,0.2857142857142857,0.24227703
17.0,0.8571428571428571,0.2857142857142857,0.15814109
17.0,0.9285714285714285,0.2857142857142857,0.072560385
17.0,1.0,0.2857142857142857,-0.013857336
17.0,0.0,0.3571428571428571,-0.017631523
17.0,0.07142857142857142,0.3571428571428571,0.09066869
17.0,0.14285714285714285,0.3571428571428571,0.20061563
17.0,0.21428571428571427,0.3571428571428571,0.30699426
17.0,0.2857142857142857,0.3571428571428571,0.40676984
17.0,0.3571428571428571,0.3571428571428571,0.50293326
17.0,0.42857142857142855,0.3571428571428571,0.5959903
17.0,0.5,0.3571428571428571,0.64305574
17.0,0.5714285714285714,0.3571428571428571,0.5966421
17.0,0.6428571428571428,0.3571428571428571,0.5026382
17.0,0.7142857142857142,0.3571428571428571,0.40283713
17.0,0.7857142857142857,0.3571428571428571,0.30130708
17.0,0.8571428571428571,0.3571428571428571,0.19753692
17.0,0.9285714285714285,0.3571428571428571,0.09203103
17.0,1.0,0.3571428571428571,-0.012860336
17.0,0.0,0.42857142857142855,-0.016272254
17.0,0.07142857142857142,0.42857142857142855,0.11057148
17.0,0.14285714285714285,0.42857142857142855,0.24052578
17.0,0.21428571428571427,0.42857142857142855,0.36633065
17.0,0.2857142857142857,0.42857142857142855,0.48365128
17.0,0.3571428571428571,0.42857142857142855,0.595762
17.0,0.42857142857142855,0.42857142857142855,0.70474124
17.0,0.5,0.42857142857142855,0.76278365
17.0,0.5714285714285714,0.42857142857142855,0.70839775
17.0,0.6428571428571428,0.42857142857142855,0.5962182
17.0,0.7142857142857142,0.42857142857142855,0.47864735
17.0,0.7857142857142857,0.42857142857142855,0.36003688
17.0,0.8571428571428571,0.42857142857142855,0.23814216
17.0,0.9285714285714285,0.42857142857142855,0.11412584
17.0,1.0,0.42857142857142855,-0.0068994397
17.0,0.0,0.5,-0.014229071
17.0,0.07142857142857142,0.5,0.119732745
17.0,0.14285714285714285,0.5,0.25811705
17.0,0.21428571428571427,0.5,0.3929416
17.0,0.2857142857142857,0.5,0.51923424
17.0,0.3571428571428571,0.5,0.64004064
17.0,0.42857142857142855,0.5,0.757436
17.0,0.5,0.5,0.8209045
17.0,0.5714285714285714,0.5,0.76178235
17.0,0.6428571428571428,0.5,0.64088905
17.0,0.7142857142857142,0.5,0.5162528
17.0,0.7857142857142857,0.5,0.3905912
17.0,0.8571428571428571,0.5,0.25997543
17.0,0.9285714285714285,0.5,0.12666248
17.0,1.0,0.5,-0.0018536607
17.0,0.0,0.5714285714285714,-0.014474721
17.0,0.07142857142857142,0.5714285714285714,0.110026
17.0,0.14285714285714285,0.5714285714285714,0.23777524
17.0,0.21428571428571427,0.5714285714285714,0.36240143
17.0,0.2857142857142857,0.5714285714285714,0.48042476
17.0,0.3571428571428571,0.5714285714285714,0.5946542
17.0,0.42857142857142855,0.5714285714285714,0.70420945
17.0,0.5,0.5714285714285714,0.76028216
17.0,0.5714285714285714,0.5714285714285714,0.7032571
17.0,0.6428571428571428,0.5714285714285714,0.59206456
17.0,0.7142857142857142,0.5714285714285714,0.47882193
17.0,0.7857142857142857,0.5714285714285714,0.3636257
17.0,0.8571428571428571,0.5714285714285714,0.24183369
17.0,0.9285714285714285,0.5714285714285714,0.116123386
17.0,1.0,0.5714285714285714,-0.0054925615
17.0,0.0,0.6428571428571428,-0.014009939
17.0,0.07142857142857142,0.6428571428571428,0.0921173
17.0,0.14285714285714285,0.6428571428571428,0.19905517
17.0,0.21428571428571427,0.6428571428571428,0.30332488
17.0,0.2857142857142857,0.6428571428571428,0.40434945
17.0,0.3571428571428571,0.6428571428571428,0.50504786
17.0,0.42857142857142855,0.6428571428571428,0.60044265
17.0,0.5,0.6428571428571428,0.6462565
17.0,0.5714285714285714,0.6428571428571428,0.59772724
17.0,0.6428571428571428,0.6428571428571428,0.50321364
17.0,0.7142857142857142,0.6428571428571428,0.40595487
17.0,0.7857142857142857,0.6428571428571428,0.30699402
17.0,0.8571428571428571,0.6428571428571428,0.20250264
17.0,0.9285714285714285,0.6428571428571428,0.09434118
17.0,1.0,0.6428571428571428,-0.011308753
17.0,0.0,0.7142857142857142,-0.011558906
17.0,0.07142857142857142,0.7142857142857142,0.07454518
17.0,0.14285714285714285,0.7142857142857142,0.15911871
17.0,0.21428571428571427,0.7142857142857142,0.24103472
17.0,0.2857142857142857,0.7142857142857142,0.3218475
17.0,0.3571428571428571,0.7142857142857142,0.40449888
17.0,0.42857142857142855,0.7142857142857142,0.48232633
17.0,0.5,0.7142857142857142,0.5193883
17.0,0.5714285714285714,0.7142857142857142,0.4832719
17.0,0.6428571428571428,0.7142857142857142,0.40737808
17.0,0.7142857142857142,0.7142857142857142,0.32710594
17.0,0.7857142857142857,0.7142857142857142,0.24647784
17.0,0.8571428571428571,0.7142857142857142,0.16247457
17.0,0.9285714285714285,0.7142857142857142,0.07520604
17.0,1.0,0.7142857142857142,-0.01178901
17.0,0.0,0.7857142857142857,-0.008142122
17.0,0.07142857142857142,0.7857142857142857,0.05868309
17.0,0.14285714285714285,0.7857142857142857,0.12183089
17.0,0.21428571428571427,0.7857142857142857,0.1816107
17.0,0.2857142857142857,0.7857142857142857,0.24074146
17.0,0.3571428571428571,0.7857142857142857,0.30216077
17.0,0.42857142857142855,0.7857142857142857,0.35977763
17.0,0.5,0.7857142857142857,0.3875565
17.0,0.5714285714285714,0.7857142857142857,0.36300793
17.0,0.6428571428571428,0.7857142857142857,0.30630434
17.0,0.7142857142857142,0.7857142857142857,0.24490735
17.0,0.7857142857142857,0.7857142857142857,0.18473604
17.0,0.8571428571428571,0.7857142857142857,0.1229317
17.0,0.9285714285714285,0.7857142857142857,0.0575665
17.0,1.0,0.7857142857142857,-0.010281482
17.0,0.0,0.8571428571428571,-0.0057233283
17.0,0.07142857142857142,0.8571428571428571,0.042565294
17.0,0.14285714285714285,0.8571428571428571,0.08500893
17.0,0.21428571428571427,0.8571428571428571,0.1228224
17.0,0.2857142857142857,0.8571428571428571,0.15948056
17.0,0.3571428571428571,0.8571428571428571,0.19816492
17.0,0.42857142857142855,0.8571428571428571,0.2348005
17.0,0.5,0.8571428571428571,0.25281367
17.0,0.5714285714285714,0.8571428571428571,0.23782493
17.0,0.6428571428571428,0.8571428571428571,0.20044187
17.0,0.7142857142857142,0.8571428571428571,0.15958858
17.0,0.7857142857142857,0.8571428571428571,0.12090973
17.0,0.8571428571428571,0.8571428571428571,0.081401505
17.0,0.9285714285714285,0.8571428571428571,0.03754047
17.0,1.0,0.8571428571428571,-0.011521348
17.0,0.0,0.9285714285714285,-0.0075160423
17.0,0.07142857142857142,0.9285714285714285,0.022147544
17.0,0.14285714285714285,0.9285714285714285,0.04389932
17.0,0.21428571428571427,0.9285714285714285,0.059878007
17.0,0.2857142857142857,0.9285714285714285,0.074374676
17.0,0.3571428571428571,0.9285714285714285,0.09122538
17.0,0.42857142857142855,0.9285714285714285,0.10900141
17.0,0.5,0.9285714285714285,0.11872435
17.0,0.5714285714285714,0.9285714285714285,0.11194009
17.0,0.6428571428571428,0.9285714285714285,0.093006626
17.0,0.7142857142857142,0.9285714285714285,0.07280762
17.0,0.7857142857142857,0.9285714285714285,0.055081673
17.0,0.8571428571428571,0.9285714285714285,0.03661274
17.0,0.9285714285714285,0.9285714285714285,0.012964248
17.0,1.0,0.9285714285714285,-0.018082947
17.0,0.0,1.0,-0.017943483
17.0,0.07142857142857142,1.0,-0.007497507
17.0,0.14285714285714285,1.0,-0.006223011
17.0,0.21428571428571427,1.0,-0.010735079
17.0,0.2857142857142857,1.0,-0.015794288
17.0,0.3571428571428571,1.0,-0.016788468
17.0,0.42857142857142855,1.0,-0.012939935
17.0,0.5,1.0,-0.008342438
17.0,0.5714285714285714,1.0,-0.007882112
17.0,0.6428571428571428,1.0,-0.010861994
17.0,0.7142857142857142,1.0,-0.012531881
17.0,0.7857142857142857,1.0,-0.011547987
17.0,0.8571428571428571,1.0,-0.011378628
17.0,0.9285714285714285,1.0,-0.016839977
17.0,1.0,1.0,-0.031066164
18.0,0.0,0.0,-0.020354554
18.0,0.07142857142857142,0.0,-0.009234724
18.0,0.14285714285714285,0.0,-0.005684619
18.0,0.21428571428571427,0.0,-0.008723305
18.0,0.2857142857142857,0.0,-0.013888081
18.0,0.3571428571428571,0.0,-0.01412578
18.0,0.42857142857142855,0.0,-0.00869342
18.0,0.5,0.0,-0.0069187405
18.0,0.5714285714285714,0.0,-0.01229043
18.0,0.6428571428571428,0.0,-0.016481303
18.0,0.7142857142857142,0.0,-0.014558048
18.0,0.7857142857142857,0.0,-0.010590103
18.0,0.8571428571428571,0.0,-0.010283266
18.0,0.9285714285714285,0.0,-0.016454786
18.0,1.0,0.0,-0.029644735
18.0,0.0,0.07142857142857142,-0.011305568
18.0,0.07142857142857142,0.07142857142857142,0.017222367
18.0,0.14285714285714285,0.07142857142857142,0.040193208
18.0,0.21428571428571427,0.07142857142857142,0.057711475
18.0,0.2857142857142857,0.07142857142857142,0.072806686
18.0,0.3571428571428571,0.07142857142857142,0.09154071
18.0,0.42857142857142855,0.07142857142857142,0.11304937
18.0,0.5,0.07142857142857142,0.12120517
18.0,0.5714285714285714,0.07142857142857142,0.10850809
18.0,0.6428571428571428,0.07142857142857142,0.08938316
18.0,0.7142857142857142,0.07142857142857142,0.07404464
18.0,0.7857142857142857,0.07142857142857142,0.059197195
18.0,0.8571428571428571,0.07142857142857142,0.039948568
18.0,0.9285714285714285,0.07142857142857142,0.014851033
18.0,1.0,0.07142857142857142,-0.015911639
18.0,0.0,0.14285714285714285,-0.008642954
18.0,0.07142857142857142,0.14285714285714285,0.03830746
18.0,0.14285714285714285,0.14285714285714285,0.082025945
18.0,0.21428571428571427,0.14285714285714285,0.12177942
18.0,0.2857142857142857,0.14285714285714285,0.15910414
18.0,0.3571428571428571,0.14285714285714285,0.19883151
18.0,0.42857142857142855,0.14285714285714285,0.2388624
18.0,0.5,0.14285714285714285,0.2553376
18.0,0.5714285714285714,0.14285714285714285,0.23437305
18.0,0.6428571428571428,0.14285714285714285,0.19760126
18.0,0.7142857142857142,0.14285714285714285,0.16168685
18.0,0.7857142857142857,0.14285714285714285,0.124739595
18.0,0.8571428571428571,0.14285714285714285,0.08359754
18.0,0.9285714285714285,0.14285714285714285,0.038253717
18.0,1.0,0.14285714285714285,-0.010892049
18.0,0.0,0.21428571428571427,-0.010694503
18.0,0.07142857142857142,0.21428571428571427,0.05573331
18.0,0.14285714285714285,0.21428571428571427,0.12106954
18.0,0.21428571428571427,0.21428571428571427,0.18355015
18.0,0.2857142857142857,0.21428571428571427,0.243153
18.0,0.3571428571428571,0.21428571428571427,0.30350536
18.0,0.42857142857142855,0.21428571428571427,0.3621875
18.0,0.5,0.21428571428571427,0.3880809
18.0,0.5714285714285714,0.21428571428571427,0.35864708
18.0,0.6428571428571428,0.21428571428571427,0.30307233
18.0,0.7142857142857142,0.21428571428571427,0.24515343
18.0,0.7857142857142857,0.21428571428571427,0.1850765
18.0,0.8571428571428571,0.21428571428571427,0.121799774
18.0,0.9285714285714285,0.21428571428571427,0.05612915
18.0,1.0,0.21428571428571427,-0.011667491
18.0,0.0,0.2857142857142857,-0.014893213
18.0,0.07142857142857142,0.2857142857142857,0.07217559
18.0,0.14285714285714285,0.2857142857142857,0.15972802
18.0,0.21428571428571427,0.2857142857142857,0.24454439
18.0,0.2857142857142857,0.2857142857142857,0.32504293
18.0,0.3571428571428571,0.2857142857142857,0.40407747
18.0,0.42857142857142855,0.2857142857142857,0.48004377
18.0,0.5,0.2857142857142857,0.51586026
18.0,0.5714285714285714,0.2857142857142857,0.47825766
18.0,0.6428571428571428,0.2857142857142857,0.40386266
18.0,0.7142857142857142,0.2857142857142857,0.32438773
18.0,0.7857142857142857,0.2857142857142857,0.24246526
18.0,0.8571428571428571,0.2857142857142857,0.15831628
18.0,0.9285714285714285,0.2857142857142857,0.07267086
18.0,1.0,0.2857142857142857,-0.013845638
18.0,0.0,0.3571428571428571,-0.01760808
18.0,0.07142857142857142,0.3571428571428571,0.09069657
18.0,0.14285714285714285,0.3571428571428571,0.20058303
18.0,0.21428571428571427,0.3571428571428571,0.30686617
18.0,0.2857142857142857,0.3571428571428571,0.40652633
18.0,0.3571428571428571,0.3571428571428571,0.50237715
18.0,0.42857142857142855,0.3571428571428571,0.5944812
18.0,0.5,0.3571428571428571,0.640751
18.0,0.5714285714285714,0.3571428571428571,0.5951857
18.0,0.6428571428571428,0.3571428571428571,0.50211304
18.0,0.7142857142857142,0.3571428571428571,0.40262482
18.0,0.7857142857142857,0.3571428571428571,0.30120102
18.0,0.8571428571428571,0.3571428571428571,0.19751
18.0,0.9285714285714285,0.3571428571428571,0.09205797
18.0,1.0,0.3571428571428571,-0.012828619
18.0,0.0,0.42857142857142855,-0.016479596
18.0,0.07142857142857142,0.42857142857142855,0.110315196
18.0,0.14285714285714285,0.42857142857142855,0.24008587
18.0,0.21428571428571427,0.42857142857142855,0.36559963
18.0,0.2857142857142857,0.42857142857142855,0.4825747
18.0,0.3571428571428571,0.42857142857142855,0.5941483
18.0,0.42857142857142855,0.42857142857142855,0.70189756
18.0,0.5,0.42857142857142855,0.7588706
18.0,0.5714285714285714,0.42857142857142855,0.7055545
18.0,0.6428571428571428,0.42857142857142855,0.5946236
18.0,0.7142857142857142,0.42857142857142855,0.47753903
18.0,0.7857142857142857,0.42857142857142855,0.35923302
18.0,0.8571428571428571,0.42857142857142855,0.23766585
18.0,0.9285714285714285,0.42857142857142855,0.11393235
18.0,1.0,0.42857142857142855,-0.006919042
18.0,0.0,0.5,-0.01462593
18.0,0.07142857142857142,0.5,0.1192492
18.0,0.14285714285714285,0.5,0.25737384
18.0,0.21428571428571427,0.5,0.39176694
18.0,0.2857142857142857,0.5,0.51751184
18.0,0.3571428571428571,0.5,0.6375387
18.0,0.42857142857142855,0.5,0.7534185
18.0,0.5,0.5,0.81555474
18.0,0.5714285714285714,0.5,0.7576796
18.0,0.6428571428571428,0.5,0.6383954
18.0,0.7142857142857142,0.5,0.5144878
18.0,0.7857142857142857,0.5,0.38932502
18.0,0.8571428571428571,0.5,0.25921932
18.0,0.9285714285714285,0.5,0.12633915
18.0,1.0,0.5,-0.0018960694
18.0,0.0,0.5714285714285714,-0.014634685
18.0,0.07142857142857142,0.5714285714285714,0.109843746
18.0,0.14285714285714285,0.5714285714285714,0.23744413
18.0,0.21428571428571427,0.5714285714285714,0.36180055
18.0,0.2857142857142857,0.5714285714285714,0.4794763
18.0,0.3571428571428571,0.5714285714285714,0.59314346
18.0,0.42857142857142855,0.5714285714285714,0.70141673
18.0,0.5,0.5714285714285714,0.7563057
18.0,0.5714285714285714,0.5714285714285714,0.70046115
18.0,0.6428571428571428,0.5714285714285714,0.59073895
18.0,0.7142857142857142,0.5714285714285714,0.47798938
18.0,0.7857142857142857,0.5714285714285714,0.3629991
18.0,0.8571428571428571,0.5714285714285714,0.24146679
18.0,0.9285714285714285,0.5714285714285714,0.1160248
18.0,1.0,0.5714285714285714,-0.0053974846
18.0,0.0,0.6428571428571428,-0.013877877
18.0,0.07142857142857142,0.6428571428571428,0.092251025
18.0,0.14285714285714285,0.6428571428571428,0.1991249
18.0,0.21428571428571427,0.6428571428571428,0.30329525
18.0,0.2857142857142857,0.6428571428571428,0.40421316
18.0,0.3571428571428571,0.6428571428571428,0.50461894
18.0,0.42857142857142855,0.6428571428571428,0.59907186
18.0,0.5,0.6428571428571428,0.64398074
18.0,0.5714285714285714,0.6428571428571428,0.596386
18.0,0.6428571428571428,0.6428571428571428,0.5030332
18.0,0.7142857142857142,0.6428571428571428,0.40603644
18.0,0.7857142857142857,0.6428571428571428,0.30701408
18.0,0.8571428571428571,0.6428571428571428,0.20252421
18.0,0.9285714285714285,0.6428571428571428,0.09444652
18.0,1.0,0.6428571428571428,-0.011113451
18.0,0.0,0.7142857142857142,-0.011320659
18.0,0.07142857142857142,0.7142857142857142,0.074738145
18.0,0.14285714285714285,0.7142857142857142,0.15924203
18.0,0.21428571428571427,0.7142857142857142,0.24111214
18.0,0.2857142857142857,0.7142857142857142,0.32191887
18.0,0.3571428571428571,0.7142857142857142,0.4044036
18.0,0.42857142857142855,0.7142857142857142,0.48152146
18.0,0.5,0.7142857142857142,0.5178883
18.0,0.5714285714285714,0.7142857142857142,0.48239735
18.0,0.6428571428571428,0.7142857142857142,0.40737435
18.0,0.7142857142857142,0.7142857142857142,0.32728332
18.0,0.7857142857142857,0.7142857142857142,0.24654156
18.0,0.8571428571428571,0.7142857142857142,0.16247913
18.0,0.9285714285714285,0.7142857142857142,0.07525234
18.0,1.0,0.7142857142857142,-0.011665584
18.0,0.0,0.7857142857142857,-0.007919521
18.0,0.07142857142857142,0.7857142857142857,0.058804125
18.0,0.14285714285714285,0.7857142857142857,0.12185944
18.0,0.21428571428571427,0.7857142857142857,0.18161254
18.0,0.2857142857142857,0.7857142857142857,0.24078271
18.0,0.3571428571428571,0.7857142857142857,0.3021079
18.0,0.42857142857142855,0.7857142857142857,0.35921356
18.0,0.5,0.7857142857142857,0.38648576
18.0,0.5714285714285714,0.7857142857142857,0.3623066
18.0,0.6428571428571428,0.7857142857142857,0.30620527
18.0,0.7142857142857142,0.7857142857142857,0.24492854
18.0,0.7857142857142857,0.7857142857142857,0.18463865
18.0,0.8571428571428571,0.7857142857142857,0.1227719
18.0,0.9285714285714285,0.7857142857142857,0.057454266
18.0,1.0,0.7857142857142857,-0.010299434
18.0,0.0,0.8571428571428571,-0.0055584842
18.0,0.07142857142857142,0.8571428571428571,0.04259195
18.0,0.14285714285714285,0.8571428571428571,0.084937096
18.0,0.21428571428571427,0.8571428571428571,0.122748636
18.0,0.2857142857142857,0.8571428571428571,0.15948017
18.0,0.3571428571428571,0.8571428571428571,0.1981291
18.0,0.42857142857142855,0.8571428571428571,0.23443066
18.0,0.5,0.8571428571428571,0.2521074
18.0,0.5714285714285714,0.8571428571428571,0.2373248
18.0,0.6428571428571428,0.8571428571428571,0.20033285
18.0,0.7142857142857142,0.8571428571428571,0.15954258
18.0,0.7857142857142857,0.8571428571428571,0.120729424
18.0,0.8571428571428571,0.8571428571428571,0.08113823
18.0,0.9285714285714285,0.8571428571428571,0.037310947
18.0,1.0,0.8571428571428571,-0.0116558345
18.0,0.0,0.9285714285714285,-0.007416905
18.0,0.07142857142857142,0.9285714285714285,0.022098329
18.0,0.14285714285714285,0.9285714285714285,0.043773144
18.0,0.21428571428571427,0.9285714285714285,0.05978626
18.0,0.2857142857142857,0.9285714285714285,0.07438392
18.0,0.3571428571428571,0.9285714285714285,0.09124444
18.0,0.42857142857142855,0.9285714285714285,0.10882548
18.0,0.5,0.9285714285714285,0.11835105
18.0,0.5714285714285714,0.9285714285714285,0.11168925
18.0,0.6428571428571428,0.9285714285714285,0.09300533
18.0,0.7142857142857142,0.9285714285714285,0.072825916
18.0,0.7857142857142857,0.9285714285714285,0.054944552
18.0,0.8571428571428571,0.9285714285714285,0.036352918
18.0,0.9285714285714285,0.9285714285714285,0.012696813
18.0,1.0,0.9285714285714285,-0.01827798
18.0,0.0,1.0,-0.017903637
18.0,0.07142857142857142,1.0,-0.0075836135
18.0,0.14285714285714285,1.0,-0.0063409274
18.0,0.21428571428571427,1.0,-0.01077882
18.0,0.2857142857142857,1.0,-0.015723206
18.0,0.3571428571428571,1.0,-0.016683165
18.0,0.42857142857142855,1.0,-0.012934812
18.0,0.5,1.0,-0.008435261
18.0,0.5714285714285714,1.0,-0.007887331
18.0,0.6428571428571428,1.0,-0.010701829
18.0,0.7142857142857142,1.0,-0.012376417
18.0,0.7857142857142857,1.0,-0.011559484
18.0,0.8571428571428571,1.0,-0.011552707
18.0,0.9285714285714285,1.0,-0.017073963
18.0,1.0,1.0,-0.03126758
19.0,0.0,0.0,-0.020557158
19.0,0.07142857142857142,0.0,-0.009406061
19.0,0.14285714285714285,0.0,-0.005805836
19.0,0.21428571428571427,0.0,-0.008773689
19.0,0.2857142857142857,0.0,-0.013864777
19.0,0.3571428571428571,0.0,-0.014100523
19.0,0.42857142857142855,0.0,-0.008773808
19.0,0.5,0.0,-0.007043709
19.0,0.5714285714285714,0.0,-0.012323414
19.0,0.6428571428571428,0.0,-0.016431812
19.0,0.7142857142857142,0.0,-0.014464115
19.0,0.7857142857142857,0.0,-0.01045159
19.0,0.8571428571428571,0.0,-0.010126234
19.0,0.9285714285714285,0.0,-0.016341269
19.0,1.0,0.0,-0.029633433
19.0,0.0,0.07142857142857142,-0.011524816
19.0,0.07142857142857142,0.07142857142857142,0.01704701
19.0,0.14285714285714285,0.07142857142857142,0.040087067
19.0,0.21428571428571427,0.07142857142857142,0.057699747
19.0,0.2857142857142857,0.07142857142857142,0.072880365
19.0,0.3571428571428571,0.07142857142857142,0.09157633
19.0,0.42857142857142855,0.07142857142857142,0.11284995
19.0,0.5,0.07142857142857142,0.12087778
19.0,0.5714285714285714,0.07142857142857142,0.10835119
19.0,0.6428571428571428,0.07142857142857142,0.08940182
19.0,0.7142857142857142,0.07142857142857142,0.07414723
19.0,0.7857142857142857,0.07142857142857142,0.059352465
19.0,0.8571428571428571,0.07142857142857142,0.040102795
19.0,0.9285714285714285,0.07142857142857142,0.014933652
19.0,1.0,0.07142857142857142,-0.015953854
19.0,0.0,0.14285714285714285,-0.008830824
19.0,0.07142857142857142,0.14285714285714285,0.038166013
19.0,0.14285714285714285,0.14285714285714285,0.08195735
19.0,0.21428571428571427,0.14285714285714285,0.12181004
19.0,0.2857142857142857,0.14285714285714285,0.15921599
19.0,0.3571428571428571,0.14285714285714285,0.19884765
19.0,0.42857142857142855,0.14285714285714285,0.23846447
19.0,0.5,0.14285714285714285,0.2546792
19.0,0.5714285714285714,0.14285714285714285,0.23400737
19.0,0.6428571428571428,0.14285714285714285,0.19756506
19.0,0.7142857142857142,0.14285714285714285,0.1618074
19.0,0.7857142857142857,0.14285714285714285,0.124929644
19.0,0.8571428571428571,0.14285714285714285,0.08377417
19.0,0.9285714285714285,0.14285714285714285,0.03834212
19.0,1.0,0.14285714285714285,-0.010938668
19.0,0.0,0.21428571428571427,-0.010785346
19.0,0.07142857142857142,0.21428571428571427,0.05568006
19.0,0.14285714285714285,0.21428571428571427,0.12107024
19.0,0.21428571428571427,0.21428571428571427,0.18362692
19.0,0.2857142857142857,0.21428571428571427,0.24328452
19.0,0.3571428571428571,0.21428571428571427,0.3034796
19.0,0.42857142857142855,0.21428571428571427,0.3615559
19.0,0.5,0.21428571428571427,0.3870248
19.0,0.5714285714285714,0.21428571428571427,0.35804272
19.0,0.6428571428571428,0.21428571428571427,0.30298978
19.0,0.7142857142857142,0.21428571428571427,0.24530166
19.0,0.7857142857142857,0.21428571428571427,0.1853055
19.0,0.8571428571428571,0.21428571428571427,0.122009255
19.0,0.9285714285714285,0.21428571428571427,0.0562504
19.0,1.0,0.21428571428571427,-0.011673653
19.0,0.0,0.2857142857142857,-0.014854859
19.0,0.07142857142857142,0.2857142857142857,0.07223054
19.0,0.14285714285714285,0.2857142857142857,0.1597881
19.0,0.21428571428571427,0.2857142857142857,0.24461553
19.0,0.2857142857142857,0.2857142857142857,0.32511067
19.0,0.3571428571428571,0.2857142857142857,0.40392795
19.0,0.42857142857142855,0.2857142857142857,0.4791204
19.0,0.5,0.2857142857142857,0.5143409
19.0,0.5714285714285714,0.2857142857142857,0.47737527
19.0,0.6428571428571428,0.2857142857142857,0.40370008
19.0,0.7142857142857142,0.2857142857142857,0.3245002
19.0,0.7857142857142857,0.2857142857142857,0.24265507
19.0,0.8571428571428571,0.2857142857142857,0.1585021
19.0,0.9285714285714285,0.2857142857142857,0.07280594
19.0,1.0,0.2857142857142857,-0.013794997
19.0,0.0,0.3571428571428571,-0.017540788
19.0,0.07142857142857142,0.3571428571428571,0.09074603
19.0,0.14285714285714285,0.3571428571428571,0.20054941
19.0,0.21428571428571427,0.3571428571428571,0.3067205
19.0,0.2857142857142857,0.3571428571428571,0.40625945
19.0,0.3571428571428571,0.3571428571428571,0.5018027
19.0,0.42857142857142855,0.3571428571428571,0.5929694
19.0,0.5,0.3571428571428571,0.638456
19.0,0.5714285714285714,0.3571428571428571,0.5937296
19.0,0.6428571428571428,0.3571428571428571,0.5015853
19.0,0.7142857142857142,0.3571428571428571,0.4024071
19.0,0.7857142857142857,0.3571428571428571,0.30109113
19.0,0.8571428571428571,0.3571428571428571,0.19748893
19.0,0.9285714285714285,0.3571428571428571,0.09210786
19.0,1.0,0.3571428571428571,-0.012755559
19.0,0.0,0.42857142857142855,-0.016630843
19.0,0.07142857142857142,0.42857142857142855,0.11008765
19.0,0.14285714285714285,0.42857142857142855,0.23964685
19.0,0.21428571428571427,0.42857142857142855,0.36485168
19.0,0.2857142857142857,0.42857142857142855,0.48147732
19.0,0.3571428571428571,0.42857142857142855,0.5925224
19.0,0.42857142857142855,0.42857142857142855,0.69906086
19.0,0.5,0.42857142857142855,0.7549776
19.0,0.5714285714285714,0.42857142857142855,0.70271355
19.0,0.6428571428571428,0.42857142857142855,0.5930297
19.0,0.7142857142857142,0.42857142857142855,0.47643137
19.0,0.7857142857142857,0.42857142857142855,0.35842782
19.0,0.8571428571428571,0.42857142857142855,0.23719665
19.0,0.9285714285714285,0.42857142857142855,0.113764085
19.0,1.0,0.42857142857142855,-0.006893196
19.0,0.0,0.5,-0.014956017
19.0,0.07142857142857142,0.5,0.11880695
19.0,0.14285714285714285,0.5,0.25664473
19.0,0.21428571428571427,0.5,0.39058974
19.0,0.2857142857142857,0.5,0.5157869
19.0,0.3571428571428571,0.5,0.6350487
19.0,0.42857142857142855,0.5,0.7494363
19.0,0.5,0.5,0.8102566
19.0,0.5714285714285714,0.5,0.75360507
19.0,0.6428571428571428,0.5,0.6359223
19.0,0.7142857142857142,0.5,0.5127377
19.0,0.7857142857142857,0.5,0.3880645
19.0,0.8571428571428571,0.5,0.2584719
19.0,0.9285714285714285,0.5,0.12604052
19.0,1.0,0.5,-0.0018934319
19.0,0.0,0.5714285714285714,-0.014729471
19.0,0.07142857142857142,0.5714285714285714,0.10970285
19.0,0.14285714285714285,0.5714285714285714,0.23712988
19.0,0.21428571428571427,0.5714285714285714,0.36120072
19.0,0.2857142857142857,0.5714285714285714,0.47852632
19.0,0.3571428571428571,0.5714285714285714,0.591638
19.0,0.42857142857142855,0.5714285714285714,0.6986438
19.0,0.5,0.5714285714285714,0.75236326
19.0,0.5714285714285714,0.5714285714285714,0.69767886
19.0,0.6428571428571428,0.5714285714285714,0.5894176
19.0,0.7142857142857142,0.5714285714285714,0.4771595
19.0,0.7857142857142857,0.5714285714285714,0.362368
19.0,0.8571428571428571,0.5714285714285714,0.24109805
19.0,0.9285714285714285,0.5714285714285714,0.11594159
19.0,1.0,0.5714285714285714,-0.0052648494
19.0,0.0,0.6428571428571428,-0.01369507
19.0,0.07142857142857142,0.6428571428571428,0.09241459
19.0,0.14285714285714285,0.6428571428571428,0.1992045
19.0,0.21428571428571427,0.6428571428571428,0.3032624
19.0,0.2857142857142857,0.6428571428571428,0.40406957
19.0,0.3571428571428571,0.6428571428571428,0.504181
19.0,0.42857142857142855,0.6428571428571428,0.59769523
19.0,0.5,0.6428571428571428,0.64171064
19.0,0.5714285714285714,0.6428571428571428,0.59503466
19.0,0.6428571428571428,0.6428571428571428,0.5028351
19.0,0.7142857142857142,0.6428571428571428,0.40610364
19.0,0.7857142857142857,0.6428571428571428,0.30702084
19.0,0.8571428571428571,0.6428571428571428,0.20253813
19.0,0.9285714285714285,0.6428571428571428,0.094560005
19.0,1.0,0.6428571428571428,-0.010888451
19.0,0.0,0.7142857142857142,-0.011048184
19.0,0.07142857142857142,0.7142857142857142,0.07494889
19.0,0.14285714285714285,0.7142857142857142,0.15936908
19.0,0.21428571428571427,0.7142857142857142,0.24118698
19.0,0.2857142857142857,0.7142857142857142,0.3219858
19.0,0.3571428571428571,0.7142857142857142,0.40430218
19.0,0.42857142857142855,0.7142857142857142,0.48071247
19.0,0.5,0.7142857142857142,0.51639193
19.0,0.5714285714285714,0.7142857142857142,0.48151386
19.0,0.6428571428571428,0.7142857142857142,0.4073537
19.0,0.7142857142857142,0.7142857142857142,0.32744795
19.0,0.7857142857142857,0.7142857142857142,0.24659508
19.0,0.8571428571428571,0.7142857142857142,0.16247876
19.0,0.9285714285714285,0.7142857142857142,0.07530721
19.0,1.0,0.7142857142857142,-0.011516073
19.0,0.0,0.7857142857142857,-0.007675671
19.0,0.07142857142857142,0.7857142857142857,0.058935538
19.0,0.14285714285714285,0.7857142857142857,0.12189076
19.0,0.21428571428571427,0.7857142857142857,0.18161604
19.0,0.2857142857142857,0.7857142857142857,0.24082738
19.0,0.3571428571428571,0.7857142857142857,0.30205855
19.0,0.42857142857142855,0.7857142857142857,0.35865557
19.0,0.5,0.7857142857142857,0.38542575
19.0,0.5714285714285714,0.7857142857142857,0.36160505
19.0,0.6428571428571428,0.7857142857142857,0.3060989
19.0,0.7142857142857142,0.7857142857142857,0.24494666
19.0,0.7857142857142857,0.7857142857142857,0.18454027
19.0,0.8571428571428571,0.7857142857142857,0.122614436
19.0,0.9285714285714285,0.7857142857142857,0.057352833
19.0,1.0,0.7857142857142857,-0.010293127
19.0,0.0,0.8571428571428571,-0.0053820023
19.0,0.07142857142857142,0.8571428571428571,0.04262326
19.0,0.14285714285714285,0.8571428571428571,0.084869556
19.0,0.21428571428571427,0.8571428571428571,0.12268273
19.0,0.2857142857142857,0.8571428571428571,0.15949209
19.0,0.3571428571428571,0.8571428571428571,0.19810829
19.0,0.42857142857142855,0.8571428571428571,0.23407924
19.0,0.5,0.8571428571428571,0.25142422
19.0,0.5714285714285714,0.8571428571428571,0.23683752
19.0,0.6428571428571428,0.8571428571428571,0.20023052
19.0,0.7142857142857142,0.8571428571428571,0.15950583
19.0,0.7857142857142857,0.8571428571428571,0.12055976
19.0,0.8571428571428571,0.8571428571428571,0.08088515
19.0,0.9285714285714285,0.8571428571428571,0.037094712
19.0,1.0,0.8571428571428571,-0.011767712
19.0,0.0,0.9285714285714285,-0.007312999
19.0,0.07142857142857142,0.9285714285714285,0.022053007
19.0,0.14285714285714285,0.9285714285714285,0.043654457
19.0,0.21428571428571427,0.9285714285714285,0.059709884
19.0,0.2857142857142857,0.9285714285714285,0.07441589
19.0,0.3571428571428571,0.9285714285714285,0.091291316
19.0,0.42857142857142855,0.9285714285714285,0.10868348
19.0,0.5,0.9285714285714285,0.11801518
19.0,0.5714285714285714,0.9285714285714285,0.11146807
19.0,0.6428571428571428,0.9285714285714285,0.09302699
19.0,0.7142857142857142,0.9285714285714285,0.07286731
19.0,0.7857142857142857,0.9285714285714285,0.054830268
19.0,0.8571428571428571,0.9285714285714285,0.036111742
19.0,0.9285714285714285,0.9285714285714285,0.012446213
19.0,1.0,0.9285714285714285,-0.018453062
19.0,0.0,1.0,-0.017861508
19.0,0.07142857142857142,1.0,-0.0076633403
19.0,0.14285714285714285,1.0,-0.006444345
19.0,0.21428571428571427,1.0,-0.010798176
19.0,0.2857142857142857,1.0,-0.015618398
19.0,0.3571428571428571,1.0,-0.016536538
19.0,0.42857142857142855,1.0,-0.012880516
19.0,0.5,1.0,-0.008475591
19.0,0.5714285714285714,1.0,-0.007845138
19.0,0.6428571428571428,1.0,-0.010501605
19.0,0.7142857142857142,1.0,-0.012183734
19.0,0.7857142857142857,1.0,-0.011536841
19.0,0.8571428571428571,1.0,-0.011699525
19.0,0.9285714285714285,1.0,-0.017286554
19.0,1.0,1.0,-0.031449888
20.0,0.0,0.0,-0.020740975
20.0,0.07142857142857142,0.0,-0.00956278
20.0,0.14285714285714285,0.0,-0.0059126327
20.0,0.21428571428571427,0.0,-0.008804741
20.0,0.2857142857142857,0.0,-0.013811079
20.0,0.3571428571428571,0.0,-0.014032182
20.0,0.42857142857142855,0.0,-0.008801495
20.0,0.5,0.0,-0.0071142474
20.0,0.5714285714285714,0.0,-0.012307224
20.0,0.6428571428571428,0.0,-0.01634387
20.0,0.7142857142857142,0.0,-0.014343669
20.0,0.7857142857142857,0.0,-0.010291916
20.0,0.8571428571428571,0.0,-0.009947714
20.0,0.9285714285714285,0.0,-0.016201146
20.0,1.0,0.0,-0.029589862
20.0,0.0,0.07142857142857142,-0.011721377
20.0,0.07142857142857142,0.07142857142857142,0.016888358
20.0,0.14285714285714285,0.07142857142857142,0.03999394
20.0,0.21428571428571427,0.07142857142857142,0.05770056
20.0,0.2857142857142857,0.07142857142857142,0.0729712
20.0,0.3571428571428571,0.07142857142857142,0.09163817
20.0,0.42857142857142855,0.07142857142857142,0.112683505
20.0,0.5,0.07142857142857142,0.12058506
20.0,0.5714285714285714,0.07142857142857142,0.108225465
20.0,0.6428571428571428,0.07142857142857142,0.089445144
20.0,0.7142857142857142,0.07142857142857142,0.074267216
20.0,0.7857142857142857,0.07142857142857142,0.059522375
20.0,0.8571428571428571,0.07142857142857142,0.040276133
20.0,0.9285714285714285,0.07142857142857142,0.015043146
20.0,1.0,0.07142857142857142,-0.015962288
20.0,0.0,0.14285714285714285,-0.0089920545
20.0,0.07142857142857142,0.14285714285714285,0.03804353
20.0,0.14285714285714285,0.14285714285714285,0.081900015
20.0,0.21428571428571427,0.14285714285714285,0.12184658
20.0,0.2857142857142857,0.14285714285714285,0.15933341
20.0,0.3571428571428571,0.14285714285714285,0.19887413
20.0,0.42857142857142855,0.14285714285714285,0.23808306
20.0,0.5,0.14285714285714285,0.25404
20.0,0.5714285714285714,0.14285714285714285,0.23365787
20.0,0.6428571428571428,0.14285714285714285,0.19754268
20.0,0.7142857142857142,0.14285714285714285,0.16193768
20.0,0.7857142857142857,0.14285714285714285,0.12512949
20.0,0.8571428571428571,0.14285714285714285,0.08396779
20.0,0.9285714285714285,0.14285714285714285,0.03845653
20.0,1.0,0.14285714285714285,-0.01095044
20.0,0.0,0.21428571428571427,-0.010845357
20.0,0.07142857142857142,0.21428571428571427,0.05564645
20.0,0.14285714285714285,0.21428571428571427,0.12107942
20.0,0.21428571428571427,0.21428571428571427,0.18370283
20.0,0.2857142857142857,0.21428571428571427,0.24341136
20.0,0.3571428571428571,0.21428571428571427,0.30345127
20.0,0.42857142857142855,0.21428571428571427,0.3609299
20.0,0.5,0.21428571428571427,0.3859805
20.0,0.5714285714285714,0.21428571428571427,0.35744736
20.0,0.6428571428571428,0.21428571428571427,0.3029138
20.0,0.7142857142857142,0.21428571428571427,0.24545342
20.0,0.7857142857142857,0.21428571428571427,0.18554011
20.0,0.8571428571428571,0.21428571428571427,0.122232564
20.0,0.9285714285714285,0.21428571428571427,0.05639676
20.0,1.0,0.21428571428571427,-0.011644118
20.0,0.0,0.2857142857142857,-0.014780859
20.0,0.07142857142857142,0.2857142857142857,0.072305284
20.0,0.14285714285714285,0.2857142857142857,0.1598509
20.0,0.21428571428571427,0.2857142857142857,0.24467745
20.0,0.2857142857142857,0.2857142857142857,0.32516342
20.0,0.3571428571428571,0.2857142857142857,0.40376604
20.0,0.42857142857142855,0.2857142857142857,0.47819617
20.0,0.5,0.2857142857142857,0.5128318
20.0,0.5714285714285714,0.2857142857142857,0.47649744
20.0,0.6428571428571428,0.2857142857142857,0.40353853
20.0,0.7142857142857142,0.2857142857142857,0.3246113
20.0,0.7857142857142857,0.2857142857142857,0.24284485
20.0,0.8571428571428571,0.2857142857142857,0.15869536
20.0,0.9285714285714285,0.2857142857142857,0.0729621
20.0,1.0,0.2857142857142857,-0.013707877
20.0,0.0,0.3571428571428571,-0.017431606
20.0,0.07142857142857142,0.3571428571428571,0.09081533
20.0,0.14285714285714285,0.3571428571428571,0.20051391
20.0,0.21428571428571427,0.3571428571428571,0.30655774
20.0,0.2857142857142857,0.3571428571428571,0.40597007
20.0,0.3571428571428571,0.3571428571428571,0.5012114
20.0,0.42857142857142855,0.3571428571428571,0.5914566
20.0,0.5,0.3571428571428571,0.6361726
20.0,0.5714285714285714,0.3571428571428571,0.59227335
20.0,0.6428571428571428,0.3571428571428571,0.5010541
20.0,0.7142857142857142,0.3571428571428571,0.40218467
20.0,0.7857142857142857,0.3571428571428571,0.30097544
20.0,0.8571428571428571,0.3571428571428571,0.19747159
20.0,0.9285714285714285,0.3571428571428571,0.092177786
20.0,1.0,0.3571428571428571,-0.012644098
20.0,0.0,0.42857142857142855,-0.016729299
20.0,0.07142857142857142,0.42857142857142855,0.10988628
20.0,0.14285714285714285,0.42857142857142855,0.23920822
20.0,0.21428571428571427,0.42857142857142855,0.36408702
20.0,0.2857142857142857,0.42857142857142855,0.48036188
20.0,0.3571428571428571,0.42857142857142855,0.59088755
20.0,0.42857142857142855,0.42857142857142855,0.6962331
20.0,0.5,0.42857142857142855,0.75110793
20.0,0.5714285714285714,0.42857142857142855,0.6998778
20.0,0.6428571428571428,0.42857142857142855,0.5914376
20.0,0.7142857142857142,0.42857142857142855,0.47532547
20.0,0.7857142857142857,0.42857142857142855,0.357621
20.0,0.8571428571428571,0.42857142857142855,0.23673311
20.0,0.9285714285714285,0.42857142857142855,0.11361816
20.0,1.0,0.42857142857142855,-0.006825694
20.0,0.0,0.5,-0.015221213
20.0,0.07142857142857142,0.5,0.11840356
20.0,0.14285714285714285,0.5,0.25592887
20.0,0.21428571428571427,0.5,0.38941047
20.0,0.2857142857142857,0.5,0.5140624
20.0,0.3571428571428571,0.5,0.63257354
20.0,0.42857142857142855,0.5,0.74549276
20.0,0.5,0.5,0.8050147
20.0,0.5714285714285714,0.5,0.7495637
20.0,0.6428571428571428,0.5,0.63347197
20.0,0.7142857142857142,0.5,0.5110049
20.0,0.7857142857142857,0.5,0.3868104
20.0,0.8571428571428571,0.5,0.25773206
20.0,0.9285714285714285,0.5,0.12576437
20.0,1.0,0.5,-0.0018479386
20.0,0.0,0.5714285714285714,-0.014762261
20.0,0.07142857142857142,0.5714285714285714,0.109600626
20.0,0.14285714285714285,0.5714285714285714,0.23683132
20.0,0.21428571428571427,0.5714285714285714,0.36060148
20.0,0.2857142857142857,0.5714285714285714,0.47757554
20.0,0.3571428571428571,0.5714285714285714,0.5901378
20.0,0.42857142857142855,0.5714285714285714,0.6958891
20.0,0.5,0.5714285714285714,0.748457
20.0,0.5714285714285714,0.5714285714285714,0.6949114
20.0,0.6428571428571428,0.5714285714285714,0.5881006
20.0,0.7142857142857142,0.5714285714285714,0.4763321
20.0,0.7857142857142857,0.5714285714285714,0.3617324
20.0,0.8571428571428571,0.5714285714285714,0.24072713
20.0,0.9285714285714285,0.5714285714285714,0.115871646
20.0,1.0,0.5714285714285714,-0.005097457
20.0,0.0,0.6428571428571428,-0.013465413
20.0,0.07142857142857142,0.6428571428571428,0.09260468
20.0,0.14285714285714285,0.6428571428571428,0.19929144
20.0,0.21428571428571427,0.6428571428571428,0.3032251
20.0,0.2857142857142857,0.6428571428571428,0.40391788
20.0,0.3571428571428571,0.6428571428571428,0.50373375
20.0,0.42857142857142855,0.6428571428571428,0.5963126
20.0,0.5,0.6428571428571428,0.63944685
20.0,0.5714285714285714,0.6428571428571428,0.59367317
20.0,0.6428571428571428,0.6428571428571428,0.5026182
20.0,0.7142857142857142,0.6428571428571428,0.4061559
20.0,0.7857142857142857,0.6428571428571428,0.30701327
20.0,0.8571428571428571,0.6428571428571428,0.20254308
20.0,0.9285714285714285,0.6428571428571428,0.094680384
20.0,1.0,0.6428571428571428,-0.010635198
20.0,0.0,0.7142857142857142,-0.010744319
20.0,0.07142857142857142,0.7142857142857142,0.07517493
20.0,0.14285714285714285,0.7142857142857142,0.15949899
20.0,0.21428571428571427,0.7142857142857142,0.24125832
20.0,0.2857142857142857,0.7142857142857142,0.32204825
20.0,0.3571428571428571,0.7142857142857142,0.40419382
20.0,0.42857142857142855,0.7142857142857142,0.47989875
20.0,0.5,0.7142857142857142,0.51489955
20.0,0.5714285714285714,0.7142857142857142,0.48062137
20.0,0.6428571428571428,0.7142857142857142,0.4073145
20.0,0.7142857142857142,0.7142857142857142,0.3275988
20.0,0.7857142857142857,0.7142857142857142,0.246638
20.0,0.8571428571428571,0.7142857142857142,0.16247343
20.0,0.9285714285714285,0.7142857142857142,0.07536973
20.0,1.0,0.7142857142857142,-0.011341282
20.0,0.0,0.7857142857142857,-0.0074123675
20.0,0.07142857142857142,0.7857142857142857,0.059074245
20.0,0.14285714285714285,0.7857142857142857,0.121923395
20.0,0.21428571428571427,0.7857142857142857,0.18162113
20.0,0.2857142857142857,0.7857142857142857,0.24087507
20.0,0.3571428571428571,0.7857142857142857,0.3020112
20.0,0.42857142857142855,0.7857142857142857,0.35810187
20.0,0.5,0.7857142857142857,0.38437557
20.0,0.5714285714285714,0.7857142857142857,0.3609023
20.0,0.6428571428571428,0.7857142857142857,0.30598342
20.0,0.7142857142857142,0.7857142857142857,0.24496013
20.0,0.7857142857142857,0.7857142857142857,0.18444121
20.0,0.8571428571428571,0.7857142857142857,0.12245945
20.0,0.9285714285714285,0.7857142857142857,0.05726166
20.0,1.0,0.7857142857142857,-0.010263876
20.0,0.0,0.8571428571428571,-0.0051958794
20.0,0.07142857142857142,0.8571428571428571,0.042658612
20.0,0.14285714285714285,0.8571428571428571,0.08480479
20.0,0.21428571428571427,0.8571428571428571,0.12262384
20.0,0.2857142857142857,0.8571428571428571,0.15951596
20.0,0.3571428571428571,0.8571428571428571,0.19810073
20.0,0.42857142857142855,0.8571428571428571,0.2337454
20.0,0.5,0.8571428571428571,0.25076094
20.0,0.5714285714285714,0.8571428571428571,0.23636217
20.0,0.6428571428571428,0.8571428571428571,0.20013252
20.0,0.7142857142857142,0.8571428571428571,0.15947708
20.0,0.7857142857142857,0.8571428571428571,0.12040102
20.0,0.8571428571428571,0.8571428571428571,0.08064323
20.0,0.9285714285714285,0.8571428571428571,0.03689189
20.0,1.0,0.8571428571428571,-0.011859068
20.0,0.0,0.9285714285714285,-0.007205383
20.0,0.07142857142857142,0.9285714285714285,0.022010013
20.0,0.14285714285714285,0.9285714285714285,0.04354249
20.0,0.21428571428571427,0.9285714285714285,0.059647836
20.0,0.2857142857142857,0.9285714285714285,0.07446929
20.0,0.3571428571428571,0.9285714285714285,0.09136418
20.0,0.42857142857142855,0.9285714285714285,0.10857295
20.0,0.5,0.9285714285714285,0.117713906
20.0,0.5714285714285714,0.9285714285714285,0.111275
20.0,0.6428571428571428,0.9285714285714285,0.09306977
20.0,0.7142857142857142,0.9285714285714285,0.07293015
20.0,0.7857142857142857,0.9285714285714285,0.054737702
20.0,0.8571428571428571,0.9285714285714285,0.035889223
20.0,0.9285714285714285,0.9285714285714285,0.012212499
20.0,1.0,0.9285714285714285,-0.018609006
20.0,0.0,1.0,-0.017817974
20.0,0.07142857142857142,1.0,-0.0077378163
20.0,0.14285714285714285,1.0,-0.006534173
20.0,0.21428571428571427,1.0,-0.010793558
20.0,0.2857142857142857,1.0,-0.015480873
20.0,0.3571428571428571,1.0,-0.016350187
20.0,0.42857142857142855,1.0,-0.012780455
20.0,0.5,1.0,-0.008466479
20.0,0.5714285714285714,1.0,-0.007758626
20.0,0.6428571428571428,1.0,-0.010263619
20.0,0.7142857142857142,1.0,-0.011955489
20.0,0.7857142857142857,1.0,-0.01148123
20.0,0.8571428571428571,1.0,-0.011819125
20.0,0.9285714285714285,1.0,-0.017478753
20.0,1.0,1.0,-0.03161299
21.0,0.0,0.0,-0.02090742
21.0,0.07142857142857142,0.0,-0.009704896
21.0,0.14285714285714285,0.0,-0.006005612
21.0,0.21428571428571427,0.0,-0.008818119
21.0,0.2857142857142857,0.0,-0.013729437
21.0,0.3571428571428571,0.0,-0.013923568
21.0,0.42857142857142855,0.0,-0.00877991
21.0,0.5,0.0,-0.007133347
21.0,0.5714285714285714,0.0,-0.012245473
21.0,0.6428571428571428,0.0,-0.016220208
21.0,0.7142857142857142,0.0,-0.014198341
21.0,0.7857142857142857,0.0,-0.010113859
21.0,0.8571428571428571,0.0,-0.009750084
21.0,0.9285714285714285,0.0,-0.016036607
21.0,1.0,0.0,-0.029516205
21.0,0.0,0.07142857142857142,-0.0118966075
21.0,0.07142857142857142,0.07142857142857142,0.01674563
21.0,0.14285714285714285,0.07142857142857142,0.03991264
21.0,0.21428571428571427,0.07142857142857142,0.057712235
21.0,0.2857142857142857,0.07142857142857142,0.073078655
21.0,0.3571428571428571,0.07142857142857142,0.09172364
21.0,0.42857142857142855,0.07142857142857142,0.112547316
21.0,0.5,0.07142857142857142,0.12032408
21.0,0.5714285714285714,0.07142857142857142,0.10812806
21.0,0.6428571428571428,0.07142857142857142,0.0895104
21.0,0.7142857142857142,0.07142857142857142,0.074402414
21.0,0.7857142857142857,0.07142857142857142,0.0597049
21.0,0.8571428571428571,0.07142857142857142,0.040466055
21.0,0.9285714285714285,0.07142857142857142,0.015176064
21.0,1.0,0.07142857142857142,-0.015938938
21.0,0.0,0.14285714285714285,-0.009126778
21.0,0.07142857142857142,0.14285714285714285,0.037938442
21.0,0.14285714285714285,0.14285714285714285,0.08185268
21.0,0.21428571428571427,0.14285714285714285,0.121888526
21.0,0.2857142857142857,0.14285714285714285,0.1594559
21.0,0.3571428571428571,0.14285714285714285,0.19890879
21.0,0.42857142857142855,0.14285714285714285,0.2377156
21.0,0.5,0.14285714285714285,0.2534186
21.0,0.5714285714285714,0.14285714285714285,0.23332405
21.0,0.6428571428571428,0.14285714285714285,0.19753182
21.0,0.7142857142857142,0.14285714285714285,0.1620747
21.0,0.7857142857142857,0.14285714285714285,0.12533803
21.0,0.8571428571428571,0.14285714285714285,0.08417595
21.0,0.9285714285714285,0.14285714285714285,0.038594924
21.0,1.0,0.14285714285714285,-0.010929228
21.0,0.0,0.21428571428571427,-0.010875304
21.0,0.07142857142857142,0.21428571428571427,0.055631384
21.0,0.14285714285714285,0.21428571428571427,0.121095456
21.0,0.21428571428571427,0.21428571428571427,0.18377714
21.0,0.2857142857142857,0.21428571428571427,0.24353269
21.0,0.3571428571428571,0.21428571428571427,0.30341917
21.0,0.42857142857142855,0.21428571428571427,0.3603085
21.0,0.5,0.21428571428571427,0.38494787
21.0,0.5714285714285714,0.21428571428571427,0.35686007
21.0,0.6428571428571428,0.21428571428571427,0.3028434
21.0,0.7142857142857142,0.21428571428571427,0.2456083
21.0,0.7857142857142857,0.21428571428571427,0.18577859
21.0,0.8571428571428571,0.21428571428571427,0.12246654
21.0,0.9285714285714285,0.21428571428571427,0.056564003
21.0,1.0,0.21428571428571427,-0.011581303
21.0,0.0,0.2857142857142857,-0.014673607
21.0,0.07142857142857142,0.2857142857142857,0.07239768
21.0,0.14285714285714285,0.2857142857142857,0.15991619
21.0,0.21428571428571427,0.2857142857142857,0.24473009
21.0,0.2857142857142857,0.2857142857142857,0.3252012
21.0,0.3571428571428571,0.2857142857142857,0.40359172
21.0,0.42857142857142855,0.2857142857142857,0.47727236
21.0,0.5,0.2857142857142857,0.5113343
21.0,0.5714285714285714,0.2857142857142857,0.47562456
21.0,0.6428571428571428,0.2857142857142857,0.40337828
21.0,0.7142857142857142,0.2857142857142857,0.3247202
21.0,0.7857142857142857,0.2857142857142857,0.24303228
21.0,0.8571428571428571,0.2857142857142857,0.15889418
21.0,0.9285714285714285,0.2857142857142857,0.07313756
21.0,1.0,0.2857142857142857,-0.013587126
21.0,0.0,0.3571428571428571,-0.017283203
21.0,0.07142857142857142,0.3571428571428571,0.09090235
21.0,0.14285714285714285,0.3571428571428571,0.20047571
21.0,0.21428571428571427,0.3571428571428571,0.306378
21.0,0.2857142857142857,0.3571428571428571,0.40566015
21.0,0.3571428571428571,0.3571428571428571,0.50060314
21.0,0.42857142857142855,0.3571428571428571,0.58994263
21.0,0.5,0.3571428571428571,0.6339026
21.0,0.5714285714285714,0.3571428571428571,0.59081775
21.0,0.6428571428571428,0.3571428571428571,0.50051934
21.0,0.7142857142857142,0.3571428571428571,0.4019569
21.0,0.7857142857142857,0.3571428571428571,0.30085355
21.0,0.8571428571428571,0.3571428571428571,0.19745567
21.0,0.9285714285714285,0.3571428571428571,0.092264675
21.0,1.0,0.3571428571428571,-0.012497426
21.0,0.0,0.42857142857142855,-0.016777694
21.0,0.07142857142857142,0.42857142857142855,0.109709695
21.0,0.14285714285714285,0.42857142857142855,0.23877004
21.0,0.21428571428571427,0.42857142857142855,0.3633076
21.0,0.2857142857142857,0.42857142857142855,0.4792309
21.0,0.3571428571428571,0.42857142857142855,0.5892456
21.0,0.42857142857142855,0.42857142857142855,0.6934173
21.0,0.5,0.42857142857142855,0.747265
21.0,0.5714285714285714,0.42857142857142855,0.69705003
21.0,0.6428571428571428,0.42857142857142855,0.58984876
21.0,0.7142857142857142,0.42857142857142855,0.47422194
21.0,0.7857142857142857,0.42857142857142855,0.35681325
21.0,0.8571428571428571,0.42857142857142855,0.23627332
21.0,0.9285714285714285,0.42857142857142855,0.1134922
21.0,1.0,0.42857142857142855,-0.006718726
21.0,0.0,0.5,-0.015424625
21.0,0.07142857142857142,0.5,0.11803643
21.0,0.14285714285714285,0.5,0.25522494
21.0,0.21428571428571427,0.5,0.38823077
21.0,0.2857142857142857,0.5,0.51234126
21.0,0.3571428571428571,0.5,0.6301162
21.0,0.42857142857142855,0.5,0.74158955
21.0,0.5,0.5,0.7998344
21.0,0.5714285714285714,0.5,0.7455587
21.0,0.6428571428571428,0.5,0.63104665
21.0,0.7142857142857142,0.5,0.5092912
21.0,0.7857142857142857,0.5,0.38556376
21.0,0.8571428571428571,0.5,0.25699833
21.0,0.9285714285714285,0.5,0.12550798
21.0,1.0,0.5,-0.0017630095
21.0,0.0,0.5714285714285714,-0.014736579
21.0,0.07142857142857142,0.5714285714285714,0.10953406
21.0,0.14285714285714285,0.5714285714285714,0.23654568
21.0,0.21428571428571427,0.5714285714285714,0.36000243
21.0,0.2857142857142857,0.5714285714285714,0.4766254
21.0,0.3571428571428571,0.5714285714285714,0.5886436
21.0,0.42857142857142855,0.5714285714285714,0.69315416
21.0,0.5,0.5714285714285714,0.74458814
21.0,0.5714285714285714,0.5714285714285714,0.69215924
21.0,0.6428571428571428,0.5714285714285714,0.5867872
21.0,0.7142857142857142,0.5714285714285714,0.47550687
21.0,0.7857142857142857,0.5714285714285714,0.36109185
21.0,0.8571428571428571,0.5714285714285714,0.24035221
21.0,0.9285714285714285,0.5714285714285714,0.115813084
21.0,1.0,0.5714285714285714,-0.0048971334
21.0,0.0,0.6428571428571428,-0.013191649
21.0,0.07142857142857142,0.6428571428571428,0.092817985
21.0,0.14285714285714285,0.6428571428571428,0.19938353
21.0,0.21428571428571427,0.6428571428571428,0.30318218
21.0,0.2857142857142857,0.6428571428571428,0.40375826
21.0,0.3571428571428571,0.6428571428571428,0.5032759
21.0,0.42857142857142855,0.6428571428571428,0.59492326
21.0,0.5,0.6428571428571428,0.6371896
21.0,0.5714285714285714,0.6428571428571428,0.59230185
21.0,0.6428571428571428,0.6428571428571428,0.5023809
21.0,0.7142857142857142,0.6428571428571428,0.40619224
21.0,0.7857142857142857,0.6428571428571428,0.30699012
21.0,0.8571428571428571,0.6428571428571428,0.20253763
21.0,0.9285714285714285,0.6428571428571428,0.09480627
21.0,1.0,0.6428571428571428,-0.010356606
21.0,0.0,0.7142857142857142,-0.010411442
21.0,0.07142857142857142,0.7142857142857142,0.07541399
21.0,0.14285714285714285,0.7142857142857142,0.1596298
21.0,0.21428571428571427,0.7142857142857142,0.2413258
21.0,0.2857142857142857,0.7142857142857142,0.322106
21.0,0.3571428571428571,0.7142857142857142,0.4040776
21.0,0.42857142857142855,0.7142857142857142,0.47907865
21.0,0.5,0.7142857142857142,0.51341057
21.0,0.5714285714285714,0.7142857142857142,0.4797194
21.0,0.6428571428571428,0.7142857142857142,0.40725687
21.0,0.7142857142857142,0.7142857142857142,0.3277351
21.0,0.7857142857142857,0.7142857142857142,0.24666998
21.0,0.8571428571428571,0.7142857142857142,0.16246183
21.0,0.9285714285714285,0.7142857142857142,0.075437896
21.0,1.0,0.7142857142857142,-0.011143581
21.0,0.0,0.7857142857142857,-0.00713268
21.0,0.07142857142857142,0.7857142857142857,0.059219204
21.0,0.14285714285714285,0.7857142857142857,0.12195701
21.0,0.21428571428571427,0.7857142857142857,0.18162699
21.0,0.2857142857142857,0.7857142857142857,0.24092531
21.0,0.3571428571428571,0.7857142857142857,0.30196536
21.0,0.42857142857142855,0.7857142857142857,0.35755134
21.0,0.5,0.7857142857142857,0.38333428
21.0,0.5714285714285714,0.7857142857142857,0.36019847
21.0,0.6428571428571428,0.7857142857142857,0.30585867
21.0,0.7142857142857142,0.7857142857142857,0.24496841
21.0,0.7857142857142857,0.7857142857142857,0.18434125
21.0,0.8571428571428571,0.7857142857142857,0.122306086
21.0,0.9285714285714285,0.7857142857142857,0.05718022
21.0,1.0,0.7857142857142857,-0.01021237
21.0,0.0,0.8571428571428571,-0.0050017545
21.0,0.07142857142857142,0.8571428571428571,0.04269617
21.0,0.14285714285714285,0.8571428571428571,0.08474215
21.0,0.21428571428571427,0.8571428571428571,0.122571774
21.0,0.2857142857142857,0.8571428571428571,0.15955058
21.0,0.3571428571428571,0.8571428571428571,0.1981058
21.0,0.42857142857142855,0.8571428571428571,0.233426
21.0,0.5,0.8571428571428571,0.25011602
21.0,0.5714285714285714,0.8571428571428571,0.23589678
21.0,0.6428571428571428,0.8571428571428571,0.20003825
21.0,0.7142857142857142,0.8571428571428571,0.15945485
21.0,0.7857142857142857,0.8571428571428571,0.12025189
21.0,0.8571428571428571,0.8571428571428571,0.080410786
21.0,0.9285714285714285,0.8571428571428571,0.03670207
21.0,1.0,0.8571428571428571,-0.011929748
21.0,0.0,0.9285714285714285,-0.007096001
21.0,0.07142857142857142,0.9285714285714285,0.021968588
21.0,0.14285714285714285,0.9285714285714285,0.04343718
21.0,0.21428571428571427,0.9285714285714285,0.059600078
21.0,0.2857142857142857,0.9285714285714285,0.07454308
21.0,0.3571428571428571,0.9285714285714285,0.091461346
21.0,0.42857142857142855,0.9285714285714285,0.10849137
21.0,0.5,0.9285714285714285,0.117444135
21.0,0.5714285714285714,0.9285714285714285,0.11110702
21.0,0.6428571428571428,0.9285714285714285,0.09313113
21.0,0.7142857142857142,0.9285714285714285,0.073013194
21.0,0.7857142857142857,0.9285714285714285,0.054666243
21.0,0.8571428571428571,0.9285714285714285,0.035685334
21.0,0.9285714285714285,0.9285714285714285,0.011994979
21.0,1.0,0.9285714285714285,-0.018745638
21.0,0.0,1.0,-0.017774563
21.0,0.07142857142857142,1.0,-0.0078076916
21.0,0.14285714285714285,1.0,-0.0066112773
21.0,0.21428571428571427,1.0,-0.010766102
21.0,0.2857142857142857,1.0,-0.01531255
21.0,0.3571428571428571,1.0,-0.016126398
21.0,0.42857142857142855,1.0,-0.012637195
21.0,0.5,1.0,-0.008411509
21.0,0.5714285714285714,1.0,-0.0076302225
21.0,0.6428571428571428,1.0,-0.009990503
21.0,0.7142857142857142,1.0,-0.011694082
21.0,0.7857142857142857,1.0,-0.011393898
21.0,0.8571428571428571,1.0,-0.011912459
21.0,0.9285714285714285,1.0,-0.017650224
21.0,1.0,1.0,-0.031758048
22.0,0.0,0.0,-0.02105727
22.0,0.07142857142857142,0.0,-0.009833799
22.0,0.14285714285714285,0.0,-0.0060864436
22.0,0.21428571428571427,0.0,-0.008814423
22.0,0.2857142857142857,0.0,-0.013621843
22.0,0.3571428571428571,0.0,-0.013777434
22.0,0.42857142857142855,0.0,-0.008712464
22.0,0.5,0.0,-0.0071047554
22.0,0.5714285714285714,0.0,-0.012141087
22.0,0.6428571428571428,0.0,-0.016063966
22.0,0.7142857142857142,0.0,-0.014031366
22.0,0.7857142857142857,0.0,-0.009919413
22.0,0.8571428571428571,0.0,-0.009534978
22.0,0.9285714285714285,0.0,-0.015850328
22.0,1.0,0.0,-0.029415175
22.0,0.0,0.07142857142857142,-0.012051241
22.0,0.07142857142857142,0.07142857142857142,0.016618088
22.0,0.14285714285714285,0.07142857142857142,0.039841644
22.0,0.21428571428571427,0.07142857142857142,0.057734057
22.0,0.2857142857142857,0.07142857142857142,0.07320001
22.0,0.3571428571428571,0.07142857142857142,0.0918302
22.0,0.42857142857142855,0.07142857142857142,0.11243849
22.0,0.5,0.07142857142857142,0.12009279
22.0,0.5714285714285714,0.07142857142857142,0.10805627
22.0,0.6428571428571428,0.07142857142857142,0.08959496
22.0,0.7142857142857142,0.07142857142857142,0.07455029
22.0,0.7857142857142857,0.07142857142857142,0.0598981
22.0,0.8571428571428571,0.07142857142857142,0.040670335
22.0,0.9285714285714285,0.07142857142857142,0.015331267
22.0,1.0,0.07142857142857142,-0.01588592
22.0,0.0,0.14285714285714285,-0.009237322
22.0,0.07142857142857142,0.14285714285714285,0.037850056
22.0,0.14285714285714285,0.14285714285714285,0.08181404
22.0,0.21428571428571427,0.14285714285714285,0.1219343
22.0,0.2857142857142857,0.14285714285714285,0.15958138
22.0,0.3571428571428571,0.14285714285714285,0.19895019
22.0,0.42857142857142855,0.14285714285714285,0.23736109
22.0,0.5,0.14285714285714285,0.2528135
22.0,0.5714285714285714,0.14285714285714285,0.23300344
22.0,0.6428571428571428,0.14285714285714285,0.19753087
22.0,0.7142857142857142,0.14285714285714285,0.16221803
22.0,0.7857142857142857,0.14285714285714285,0.12555239
22.0,0.8571428571428571,0.14285714285714285,0.08439602
22.0,0.9285714285714285,0.14285714285714285,0.03875395
22.0,1.0,0.14285714285714285,-0.010877439
22.0,0.0,0.21428571428571427,-0.010876716
22.0,0.07142857142857142,0.21428571428571427,0.05563364
22.0,0.14285714285714285,0.21428571428571427,0.12111788
22.0,0.21428571428571427,0.21428571428571427,0.18384893
22.0,0.2857142857142857,0.21428571428571427,0.24364743
22.0,0.3571428571428571,0.21428571428571427,0.30338177
22.0,0.42857142857142855,0.21428571428571427,0.35969013
22.0,0.5,0.21428571428571427,0.38392597
22.0,0.5714285714285714,0.21428571428571427,0.35627997
22.0,0.6428571428571428,0.21428571428571427,0.302777
22.0,0.7142857142857142,0.21428571428571427,0.24576396
22.0,0.7857142857142857,0.21428571428571427,0.18601885
22.0,0.8571428571428571,0.21428571428571427,0.12270903
22.0,0.9285714285714285,0.21428571428571427,0.056750752
22.0,1.0,0.21428571428571427,-0.011487604
22.0,0.0,0.2857142857142857,-0.014533852
22.0,0.07142857142857142,0.2857142857142857,0.07250597
22.0,0.14285714285714285,0.2857142857142857,0.15998255
22.0,0.21428571428571427,0.2857142857142857,0.24477232
22.0,0.2857142857142857,0.2857142857142857,0.32522365
22.0,0.3571428571428571,0.2857142857142857,0.40340415
22.0,0.42857142857142855,0.2857142857142857,0.47634777
22.0,0.5,0.2857142857142857,0.5098475
22.0,0.5714285714285714,0.2857142857142857,0.47475547
22.0,0.6428571428571428,0.2857142857142857,0.40321767
22.0,0.7142857142857142,0.2857142857142857,0.32482588
22.0,0.7857142857142857,0.2857142857142857,0.24321601
22.0,0.8571428571428571,0.2857142857142857,0.1590962
22.0,0.9285714285714285,0.2857142857142857,0.07332861
22.0,1.0,0.2857142857142857,-0.013435298
22.0,0.0,0.3571428571428571,-0.017097622
22.0,0.07142857142857142,0.3571428571428571,0.09100507
22.0,0.14285714285714285,0.3571428571428571,0.2004341
22.0,0.21428571428571427,0.3571428571428571,0.30618194
22.0,0.2857142857142857,0.3571428571428571,0.40532985
22.0,0.3571428571428571,0.3571428571428571,0.49997967
22.0,0.42857142857142855,0.3571428571428571,0.5884293
22.0,0.5,0.3571428571428571,0.63164693
22.0,0.5714285714285714,0.3571428571428571,0.58936334
22.0,0.6428571428571428,0.3571428571428571,0.4999811
22.0,0.7142857142857142,0.3571428571428571,0.4017231
22.0,0.7857142857142857,0.3571428571428571,0.3007244
22.0,0.8571428571428571,0.3571428571428571,0.19743904
22.0,0.9285714285714285,0.3571428571428571,0.09236687
22.0,1.0,0.3571428571428571,-0.012317763
22.0,0.0,0.42857142857142855,-0.016777959
22.0,0.07142857142857142,0.42857142857142855,0.10955537
22.0,0.14285714285714285,0.42857142857142855,0.2383312
22.0,0.21428571428571427,0.42857142857142855,0.3625154
22.0,0.2857142857142857,0.42857142857142855,0.47808763
22.0,0.3571428571428571,0.42857142857142855,0.5876005
22.0,0.42857142857142855,0.42857142857142855,0.6906162
22.0,0.5,0.42857142857142855,0.74345326
22.0,0.5714285714285714,0.42857142857142855,0.69423276
22.0,0.6428571428571428,0.42857142857142855,0.58826476
22.0,0.7142857142857142,0.42857142857142855,0.4731222
22.0,0.7857142857142857,0.42857142857142855,0.3560043
22.0,0.8571428571428571,0.42857142857142855,0.23581602
22.0,0.9285714285714285,0.42857142857142855,0.11338318
22.0,1.0,0.42857142857142855,-0.0065757567
22.0,0.0,0.5,-0.015569516
22.0,0.07142857142857142,0.5,0.117703624
22.0,0.14285714285714285,0.5,0.2545333
22.0,0.21428571428571427,0.5,0.38705194
22.0,0.2857142857142857,0.5,0.51062655
22.0,0.3571428571428571,0.5,0.62767977
22.0,0.42857142857142855,0.5,0.7377302
22.0,0.5,0.5,0.794719
22.0,0.5714285714285714,0.5,0.7415934
22.0,0.6428571428571428,0.5,0.62864786
22.0,0.7142857142857142,0.5,0.5075977
22.0,0.7857142857142857,0.5,0.38432524
22.0,0.8571428571428571,0.5,0.25627017
22.0,0.9285714285714285,0.5,0.12526913
22.0,1.0,0.5,-0.0016409988
22.0,0.0,0.5714285714285714,-0.014655353
22.0,0.07142857142857142,0.5714285714285714,0.10949961
22.0,0.14285714285714285,0.5714285714285714,0.23627195
22.0,0.21428571428571427,0.5714285714285714,0.35940337
22.0,0.2857142857142857,0.5714285714285714,0.4756754
22.0,0.3571428571428571,0.5714285714285714,0.5871556
22.0,0.42857142857142855,0.5714285714285714,0.6904388
22.0,0.5,0.5714285714285714,0.74075806
22.0,0.5714285714285714,0.5714285714285714,0.68942446
22.0,0.6428571428571428,0.5714285714285714,0.5854779
22.0,0.7142857142857142,0.5714285714285714,0.47468424
22.0,0.7857142857142857,0.5714285714285714,0.360447
22.0,0.8571428571428571,0.5714285714285714,0.23997286
22.0,0.9285714285714285,0.5714285714285714,0.115763135
22.0,1.0,0.5714285714285714,-0.0046663443
22.0,0.0,0.6428571428571428,-0.012877733
22.0,0.07142857142857142,0.6428571428571428,0.09305179
22.0,0.14285714285714285,0.6428571428571428,0.1994789
22.0,0.21428571428571427,0.6428571428571428,0.30313355
22.0,0.2857142857142857,0.6428571428571428,0.4035902
22.0,0.3571428571428571,0.6428571428571428,0.5028074
22.0,0.42857142857142855,0.6428571428571428,0.593527
22.0,0.5,0.6428571428571428,0.63493913
22.0,0.5714285714285714,0.6428571428571428,0.59092116
22.0,0.6428571428571428,0.6428571428571428,0.50212306
22.0,0.7142857142857142,0.6428571428571428,0.4062115
22.0,0.7857142857142857,0.6428571428571428,0.30695212
22.0,0.8571428571428571,0.6428571428571428,0.20252168
22.0,0.9285714285714285,0.6428571428571428,0.094935164
22.0,1.0,0.6428571428571428,-0.0100537995
22.0,0.0,0.7142857142857142,-0.010053576
22.0,0.07142857142857142,0.7142857142857142,0.07566304
22.0,0.14285714285714285,0.7142857142857142,0.15975997
22.0,0.21428571428571427,0.7142857142857142,0.24138874
22.0,0.2857142857142857,0.7142857142857142,0.32215855
22.0,0.3571428571428571,0.7142857142857142,0.40395314
22.0,0.42857142857142855,0.7142857142857142,0.47825125
22.0,0.5,0.7142857142857142,0.5119247
22.0,0.5714285714285714,0.7142857142857142,0.47880852
22.0,0.6428571428571428,0.7142857142857142,0.4071796
22.0,0.7142857142857142,0.7142857142857142,0.32785583
22.0,0.7857142857142857,0.7142857142857142,0.24669033
22.0,0.8571428571428571,0.7142857142857142,0.1624439
22.0,0.9285714285714285,0.7142857142857142,0.07551139
22.0,1.0,0.7142857142857142,-0.01092393
22.0,0.0,0.7857142857142857,-0.0068387473
22.0,0.07142857142857142,0.7857142857142857,0.059368476
22.0,0.14285714285714285,0.7857142857142857,0.12199012
22.0,0.21428571428571427,0.7857142857142857,0.18163314
22.0,0.2857142857142857,0.7857142857142857,0.24097794
22.0,0.3571428571428571,0.7857142857142857,0.30191946
22.0,0.42857142857142855,0.7857142857142857,0.35700256
22.0,0.5,0.7857142857142857,0.3823009
22.0,0.5714285714285714,0.7857142857142857,0.35949206
22.0,0.6428571428571428,0.7857142857142857,0.30572367
22.0,0.7142857142857142,0.7857142857142857,0.2449711
22.0,0.7857142857142857,0.7857142857142857,0.18423975
22.0,0.8571428571428571,0.7857142857142857,0.122154705
22.0,0.9285714285714285,0.7857142857142857,0.057107583
22.0,1.0,0.7857142857142857,-0.010139951
22.0,0.0,0.8571428571428571,-0.0048015723
22.0,0.07142857142857142,0.8571428571428571,0.042734742
22.0,0.14285714285714285,0.8571428571428571,0.084681414
22.0,0.21428571428571427,0.8571428571428571,0.12252612
22.0,0.2857142857142857,0.8571428571428571,0.15959541
22.0,0.3571428571428571,0.8571428571428571,0.19812085
22.0,0.42857142857142855,0.8571428571428571,0.23312002
22.0,0.5,0.8571428571428571,0.24948832
22.0,0.5714285714285714,0.8571428571428571,0.23544006
22.0,0.6428571428571428,0.8571428571428571,0.19994593
22.0,0.7142857142857142,0.8571428571428571,0.1594387
22.0,0.7857142857142857,0.8571428571428571,0.120112605
22.0,0.8571428571428571,0.8571428571428571,0.08018925
22.0,0.9285714285714285,0.8571428571428571,0.036524817
22.0,1.0,0.8571428571428571,-0.011980792
22.0,0.0,0.9285714285714285,-0.0069861123
22.0,0.07142857142857142,0.9285714285714285,0.021927502
22.0,0.14285714285714285,0.9285714285714285,0.0433374
22.0,0.21428571428571427,0.9285714285714285,0.059565283
22.0,0.2857142857142857,0.9285714285714285,0.07463587
22.0,0.3571428571428571,0.9285714285714285,0.09158104
22.0,0.42857142857142855,0.9285714285714285,0.10843613
22.0,0.5,0.9285714285714285,0.11720366
22.0,0.5714285714285714,0.9285714285714285,0.11096261
22.0,0.6428571428571428,0.9285714285714285,0.09321008
22.0,0.7142857142857142,0.9285714285714285,0.07311479
22.0,0.7857142857142857,0.9285714285714285,0.05461534
22.0,0.8571428571428571,0.9285714285714285,0.035499614
22.0,0.9285714285714285,0.9285714285714285,0.011793329
22.0,1.0,0.9285714285714285,-0.018864337
22.0,0.0,1.0,-0.017732244
22.0,0.07142857142857142,1.0,-0.007874069
22.0,0.14285714285714285,1.0,-0.0066753495
22.0,0.21428571428571427,1.0,-0.010716633
22.0,0.2857142857142857,1.0,-0.015114558
22.0,0.3571428571428571,1.0,-0.015867896
22.0,0.42857142857142855,1.0,-0.012453635
22.0,0.5,1.0,-0.008313348
22.0,0.5714285714285714,1.0,-0.007463404
22.0,0.6428571428571428,1.0,-0.009684906
22.0,0.7142857142857142,1.0,-0.011401628
22.0,0.7857142857142857,1.0,-0.011276321
22.0,0.8571428571428571,1.0,-0.011979678
22.0,0.9285714285714285,1.0,-0.017801195
22.0,1.0,1.0,-0.03188508
23.0,0.0,0.0,-0.021191798
23.0,0.07142857142857142,0.0,-0.009950888
23.0,0.14285714285714285,0.0,-0.0061561586
23.0,0.21428571428571427,0.0,-0.008795905
23.0,0.2857142857142857,0.0,-0.013490182
23.0,0.3571428571428571,0.0,-0.013595971
23.0,0.42857142857142855,0.0,-0.008602106
23.0,0.5,0.0,-0.007031777
23.0,0.5714285714285714,0.0,-0.011997529
23.0,0.6428571428571428,0.0,-0.015877914
23.0,0.7142857142857142,0.0,-0.013844875
23.0,0.7857142857142857,0.0,-0.009711442
23.0,0.8571428571428571,0.0,-0.009305094
23.0,0.9285714285714285,0.0,-0.015644312
23.0,1.0,0.0,-0.029287606
23.0,0.0,0.07142857142857142,-0.012186467
23.0,0.07142857142857142,0.07142857142857142,0.016503654
23.0,0.14285714285714285,0.07142857142857142,0.03978029
23.0,0.21428571428571427,0.07142857142857142,0.057764463
23.0,0.2857142857142857,0.07142857142857142,0.07333365
23.0,0.3571428571428571,0.07142857142857142,0.09195515
23.0,0.42857142857142855,0.07142857142857142,0.112354204
23.0,0.5,0.07142857142857142,0.119888164
23.0,0.5714285714285714,0.07142857142857142,0.108007826
23.0,0.6428571428571428,0.07142857142857142,0.08969732
23.0,0.7142857142857142,0.07142857142857142,0.07470862
23.0,0.7857142857142857,0.07142857142857142,0.060099497
23.0,0.8571428571428571,0.07142857142857142,0.040886953
23.0,0.9285714285714285,0.07142857142857142,0.015505536
23.0,1.0,0.07142857142857142,-0.01580605
23.0,0.0,0.14285714285714285,-0.009323959
23.0,0.07142857142857142,0.14285714285714285,0.037776656
23.0,0.14285714285714285,0.14285714285714285,0.081783526
23.0,0.21428571428571427,0.14285714285714285,0.12198266
23.0,0.2857142857142857,0.14285714285714285,0.15970865
23.0,0.3571428571428571,0.14285714285714285,0.19899592
23.0,0.42857142857142855,0.14285714285714285,0.23701712
23.0,0.5,0.14285714285714285,0.25222313
23.0,0.5714285714285714,0.14285714285714285,0.23269437
23.0,0.6428571428571428,0.14285714285714285,0.19753772
23.0,0.7142857142857142,0.14285714285714285,0.1623654
23.0,0.7857142857142857,0.14285714285714285,0.12577122
23.0,0.8571428571428571,0.14285714285714285,0.084625825
23.0,0.9285714285714285,0.14285714285714285,0.038932078
23.0,1.0,0.14285714285714285,-0.010797218
23.0,0.0,0.21428571428571427,-0.010851248
23.0,0.07142857142857142,0.21428571428571427,0.05565118
23.0,0.14285714285714285,0.21428571428571427,0.12114511
23.0,0.21428571428571427,0.21428571428571427,0.18391737
23.0,0.2857142857142857,0.21428571428571427,0.24375406
23.0,0.3571428571428571,0.21428571428571427,0.30333796
23.0,0.42857142857142855,0.21428571428571427,0.3590743
23.0,0.5,0.21428571428571427,0.3829145
23.0,0.5714285714285714,0.21428571428571427,0.35570592
23.0,0.6428571428571428,0.21428571428571427,0.30271316
23.0,0.7142857142857142,0.21428571428571427,0.24591944
23.0,0.7857142857142857,0.21428571428571427,0.18625869
23.0,0.8571428571428571,0.21428571428571427,0.12295743
23.0,0.9285714285714285,0.21428571428571427,0.056953594
23.0,1.0,0.21428571428571427,-0.011365735
23.0,0.0,0.2857142857142857,-0.014364845
23.0,0.07142857142857142,0.2857142857142857,0.07262863
23.0,0.14285714285714285,0.2857142857142857,0.16004936
23.0,0.21428571428571427,0.2857142857142857,0.24480408
23.0,0.2857142857142857,0.2857142857142857,0.32523167
23.0,0.3571428571428571,0.2857142857142857,0.40320382
23.0,0.42857142857142855,0.2857142857142857,0.47542286
23.0,0.5,0.2857142857142857,0.50837266
23.0,0.5714285714285714,0.2857142857142857,0.4738903
23.0,0.6428571428571428,0.2857142857142857,0.40305567
23.0,0.7142857142857142,0.2857142857142857,0.32492706
23.0,0.7857142857142857,0.2857142857142857,0.24339443
23.0,0.8571428571428571,0.2857142857142857,0.15929899
23.0,0.9285714285714285,0.2857142857142857,0.07353292
23.0,1.0,0.2857142857142857,-0.013255664
23.0,0.0,0.3571428571428571,-0.016877215
23.0,0.07142857142857142,0.3571428571428571,0.09112164
23.0,0.14285714285714285,0.3571428571428571,0.20038809
23.0,0.21428571428571427,0.3571428571428571,0.30597043
23.0,0.2857142857142857,0.3571428571428571,0.40498203
23.0,0.3571428571428571,0.3571428571428571,0.49934238
23.0,0.42857142857142855,0.3571428571428571,0.5869162
23.0,0.5,0.3571428571428571,0.62940663
23.0,0.5714285714285714,0.3571428571428571,0.58791035
23.0,0.6428571428571428,0.3571428571428571,0.49943763
23.0,0.7142857142857142,0.3571428571428571,0.40148342
23.0,0.7857142857142857,0.3571428571428571,0.3005869
23.0,0.8571428571428571,0.3571428571428571,0.19741984
23.0,0.9285714285714285,0.3571428571428571,0.09248074
23.0,1.0,0.3571428571428571,-0.012108737
23.0,0.0,0.42857142857142855,-0.016733222
23.0,0.07142857142857142,0.42857142857142855,0.109421805
23.0,0.14285714285714285,0.42857142857142855,0.23789158
23.0,0.21428571428571427,0.42857142857142855,0.3617117
23.0,0.2857142857142857,0.42857142857142855,0.47693512
23.0,0.3571428571428571,0.42857142857142855,0.5859545
23.0,0.42857142857142855,0.42857142857142855,0.68783194
23.0,0.5,0.42857142857142855,0.7396749
23.0,0.5714285714285714,0.42857142857142855,0.69142795
23.0,0.6428571428571428,0.42857142857142855,0.5866859
23.0,0.7142857142857142,0.42857142857142855,0.47202793
23.0,0.7857142857142857,0.42857142857142855,0.35519454
23.0,0.8571428571428571,0.42857142857142855,0.23536015
23.0,0.9285714285714285,0.42857142857142855,0.11328902
23.0,1.0,0.42857142857142855,-0.006398962
23.0,0.0,0.5,-0.015658759
23.0,0.07142857142857142,0.5,0.11740241
23.0,0.14285714285714285,0.5,0.25385207
23.0,0.21428571428571427,0.5,0.38587534
23.0,0.2857142857142857,0.5,0.5089208
23.0,0.3571428571428571,0.5,0.6252665
23.0,0.42857142857142855,0.5,0.733917
23.0,0.5,0.5,0.78967214
23.0,0.5714285714285714,0.5,0.737672
23.0,0.6428571428571428,0.5,0.626278
23.0,0.7142857142857142,0.5,0.5059268
23.0,0.7857142857142857,0.5,0.38309467
23.0,0.8571428571428571,0.5,0.25554582
23.0,0.9285714285714285,0.5,0.12504578
23.0,1.0,0.5,-0.0014851848
23.0,0.0,0.5714285714285714,-0.014523127
23.0,0.07142857142857142,0.5714285714285714,0.10949434
23.0,0.14285714285714285,0.5714285714285714,0.23600739
23.0,0.21428571428571427,0.5714285714285714,0.3588041
23.0,0.2857142857142857,0.5714285714285714,0.47472715
23.0,0.3571428571428571,0.5714285714285714,0.5856745
23.0,0.42857142857142855,0.5714285714285714,0.6877428
23.0,0.5,0.5714285714285714,0.73696804
23.0,0.5714285714285714,0.5714285714285714,0.68670803
23.0,0.6428571428571428,0.5714285714285714,0.58417195
23.0,0.7142857142857142,0.5714285714285714,0.4738644
23.0,0.7857142857142857,0.5714285714285714,0.35979766
23.0,0.8571428571428571,0.5714285714285714,0.23958752
23.0,0.9285714285714285,0.5714285714285714,0.1157207
23.0,1.0,0.5714285714285714,-0.0044084946
23.0,0.0,0.6428571428571428,-0.0125276605
23.0,0.07142857142857142,0.6428571428571428,0.093302846
23.0,0.14285714285714285,0.6428571428571428,0.19957575
23.0,0.21428571428571427,0.6428571428571428,0.30307847
23.0,0.2857142857142857,0.6428571428571428,0.40341398
23.0,0.3571428571428571,0.6428571428571428,0.50232744
23.0,0.42857142857142855,0.6428571428571428,0.592123
23.0,0.5,0.6428571428571428,0.63269573
23.0,0.5714285714285714,0.6428571428571428,0.58953077
23.0,0.6428571428571428,0.6428571428571428,0.5018439
23.0,0.7142857142857142,0.6428571428571428,0.40621322
23.0,0.7857142857142857,0.6428571428571428,0.30689764
23.0,0.8571428571428571,0.6428571428571428,0.20249313
23.0,0.9285714285714285,0.6428571428571428,0.09506606
23.0,1.0,0.6428571428571428,-0.009729446
23.0,0.0,0.7142857142857142,-0.009673291
23.0,0.07142857142857142,0.7142857142857142,0.075919956
23.0,0.14285714285714285,0.7142857142857142,0.15988871
23.0,0.21428571428571427,0.7142857142857142,0.24144673
23.0,0.2857142857142857,0.7142857142857142,0.32220608
23.0,0.3571428571428571,0.7142857142857142,0.40381944
23.0,0.42857142857142855,0.7142857142857142,0.47741663
23.0,0.5,0.7142857142857142,0.5104424
23.0,0.5714285714285714,0.7142857142857142,0.47788793
23.0,0.6428571428571428,0.7142857142857142,0.4070821
23.0,0.7142857142857142,0.7142857142857142,0.3279609
23.0,0.7857142857142857,0.7142857142857142,0.24669906
23.0,0.8571428571428571,0.7142857142857142,0.1624187
23.0,0.9285714285714285,0.7142857142857142,0.07558913
23.0,1.0,0.7142857142857142,-0.010683761
23.0,0.0,0.7857142857142857,-0.006533296
23.0,0.07142857142857142,0.7857142857142857,0.059520632
23.0,0.14285714285714285,0.7857142857142857,0.12202195
23.0,0.21428571428571427,0.7857142857142857,0.18163952
23.0,0.2857142857142857,0.7857142857142857,0.24103203
23.0,0.3571428571428571,0.7857142857142857,0.30187297
23.0,0.42857142857142855,0.7857142857142857,0.35645378
23.0,0.5,0.7857142857142857,0.38127384
23.0,0.5714285714285714,0.7857142857142857,0.3587832
23.0,0.6428571428571428,0.7857142857142857,0.30557692
23.0,0.7142857142857142,0.7857142857142857,0.24496752
23.0,0.7857142857142857,0.7857142857142857,0.18413705
23.0,0.8571428571428571,0.7857142857142857,0.122004814
23.0,0.9285714285714285,0.7857142857142857,0.05704344
23.0,1.0,0.7857142857142857,-0.01004747
23.0,0.0,0.8571428571428571,-0.0045981416
23.0,0.07142857142857142,0.8571428571428571,0.042773157
23.0,0.14285714285714285,0.8571428571428571,0.08462209
23.0,0.21428571428571427,0.8571428571428571,0.12248657
23.0,0.2857142857142857,0.8571428571428571,0.15964988
23.0,0.3571428571428571,0.8571428571428571,0.19814539
23.0,0.42857142857142855,0.8571428571428571,0.23282519
23.0,0.5,0.8571428571428571,0.24887472
23.0,0.5714285714285714,0.8571428571428571,0.23499103
23.0,0.6428571428571428,0.8571428571428571,0.19985437
23.0,0.7142857142857142,0.8571428571428571,0.15942743
23.0,0.7857142857142857,0.8571428571428571,0.11998264
23.0,0.8571428571428571,0.8571428571428571,0.079977654
23.0,0.9285714285714285,0.8571428571428571,0.03635988
23.0,1.0,0.8571428571428571,-0.012012945
23.0,0.0,0.9285714285714285,-0.006877222
23.0,0.07142857142857142,0.9285714285714285,0.021886349
23.0,0.14285714285714285,0.9285714285714285,0.04324288
23.0,0.21428571428571427,0.9285714285714285,0.059543364
23.0,0.2857142857142857,0.9285714285714285,0.07474687
23.0,0.3571428571428571,0.9285714285714285,0.0917212
23.0,0.42857142857142855,0.9285714285714285,0.1084047
23.0,0.5,0.9285714285714285,0.11698999
23.0,0.5714285714285714,0.9285714285714285,0.11083908
23.0,0.6428571428571428,0.9285714285714285,0.093303725
23.0,0.7142857142857142,0.9285714285714285,0.07323301
23.0,0.7857142857142857,0.9285714285714285,0.054583654
23.0,0.8571428571428571,0.9285714285714285,0.035332013
23.0,0.9285714285714285,0.9285714285714285,0.011608309
23.0,1.0,0.9285714285714285,-0.01896498
23.0,0.0,1.0,-0.017691962
23.0,0.07142857142857142,1.0,-0.007937965
23.0,0.14285714285714285,1.0,-0.0067282654
23.0,0.21428571428571427,1.0,-0.010645836
23.0,0.2857142857142857,1.0,-0.014888649
23.0,0.3571428571428571,1.0,-0.01557687
23.0,0.42857142857142855,1.0,-0.01223264
23.0,0.5,1.0,-0.008175475
23.0,0.5714285714285714,1.0,-0.0072603645
23.0,0.6428571428571428,1.0,-0.009349433
23.0,0.7142857142857142,1.0,-0.011080422
23.0,0.7857142857142857,1.0,-0.011129872
23.0,0.8571428571428571,1.0,-0.012021822
23.0,0.9285714285714285,1.0,-0.017932583
23.0,1.0,1.0,-0.031994533
24.0,0.0,0.0,-0.02131195
24.0,0.07142857142857142,0.0,-0.010057026
24.0,0.14285714285714285,0.0,-0.0062154317
24.0,0.21428571428571427,0.0,-0.008764087
24.0,0.2857142857142857,0.0,-0.013336024
24.0,0.3571428571428571,0.0,-0.013382225
24.0,0.42857142857142855,0.0,-0.008452131
24.0,0.5,0.0,-0.006918014
24.0,0.5714285714285714,0.0,-0.011818309
24.0,0.6428571428571428,0.0,-0.015665092
24.0,0.7142857142857142,0.0,-0.013641407
24.0,0.7857142857142857,0.0,-0.009491612
24.0,0.8571428571428571,0.0,-0.009063848
24.0,0.9285714285714285,0.0,-0.015420773
24.0,1.0,0.0,-0.029136315
24.0,0.0,0.07142857142857142,-0.012303664
24.0,0.07142857142857142,0.07142857142857142,0.016401883
24.0,0.14285714285714285,0.07142857142857142,0.039727323
24.0,0.21428571428571427,0.07142857142857142,0.057802133
24.0,0.2857142857142857,0.07142857142857142,0.07347789
24.0,0.3571428571428571,0.07142857142857142,0.09209679
24.0,0.42857142857142855,0.07142857142857142,0.112292394
24.0,0.5,0.07142857142857142,0.11970734
24.0,0.5714285714285714,0.07142857142857142,0.107979745
24.0,0.6428571428571428,0.07142857142857142,0.089813985
24.0,0.7142857142857142,0.07142857142857142,0.074875526
24.0,0.7857142857142857,0.07142857142857142,0.06030678
24.0,0.8571428571428571,0.07142857142857142,0.04111331
24.0,0.9285714285714285,0.07142857142857142,0.015696995
24.0,1.0,0.07142857142857142,-0.015701078
24.0,0.0,0.14285714285714285,-0.009388496
24.0,0.07142857142857142,0.14285714285714285,0.03771765
24.0,0.14285714285714285,0.14285714285714285,0.08176
24.0,0.21428571428571427,0.14285714285714285,0.12203286
24.0,0.2857142857142857,0.14285714285714285,0.15983637
24.0,0.3571428571428571,0.14285714285714285,0.19904386
24.0,0.42857142857142855,0.14285714285714285,0.2366814
24.0,0.5,0.14285714285714285,0.2516454
24.0,0.5714285714285714,0.14285714285714285,0.23239537
24.0,0.6428571428571428,0.14285714285714285,0.19755137
24.0,0.7142857142857142,0.14285714285714285,0.16251566
24.0,0.7857142857142857,0.14285714285714285,0.12599175
24.0,0.8571428571428571,0.14285714285714285,0.08486314
24.0,0.9285714285714285,0.14285714285714285,0.03912589
24.0,1.0,0.14285714285714285,-0.010692068
24.0,0.0,0.21428571428571427,-0.010800533
24.0,0.07142857142857142,0.21428571428571427,0.055683367
24.0,0.14285714285714285,0.21428571428571427,0.12117652
24.0,0.21428571428571427,0.21428571428571427,0.1839816
24.0,0.2857142857142857,0.21428571428571427,0.24385309
24.0,0.3571428571428571,0.21428571428571427,0.30328667
24.0,0.42857142857142855,0.21428571428571427,0.35845944
24.0,0.5,0.21428571428571427,0.38191342
24.0,0.5714285714285714,0.21428571428571427,0.35513723
24.0,0.6428571428571428,0.21428571428571427,0.302651
24.0,0.7142857142857142,0.21428571428571427,0.24607262
24.0,0.7857142857142857,0.21428571428571427,0.18649653
24.0,0.8571428571428571,0.21428571428571427,0.123209424
24.0,0.9285714285714285,0.21428571428571427,0.057170294
24.0,1.0,0.21428571428571427,-0.011218862
24.0,0.0,0.2857142857142857,-0.014168072
24.0,0.07142857142857142,0.2857142857142857,0.07276414
24.0,0.14285714285714285,0.2857142857142857,0.16011523
24.0,0.21428571428571427,0.2857142857142857,0.24482596
24.0,0.2857142857142857,0.2857142857142857,0.3252249
24.0,0.3571428571428571,0.2857142857142857,0.40299
24.0,0.42857142857142855,0.2857142857142857,0.4744966
24.0,0.5,0.2857142857142857,0.5069098
24.0,0.5714285714285714,0.2857142857142857,0.47302794
24.0,0.6428571428571428,0.2857142857142857,0.4028918
24.0,0.7142857142857142,0.2857142857142857,0.32502297
24.0,0.7857142857142857,0.2857142857142857,0.24356645
24.0,0.8571428571428571,0.2857142857142857,0.15950027
24.0,0.9285714285714285,0.2857142857142857,0.07374771
24.0,1.0,0.2857142857142857,-0.0130509
24.0,0.0,0.3571428571428571,-0.016625386
24.0,0.07142857142857142,0.3571428571428571,0.09125035
24.0,0.14285714285714285,0.3571428571428571,0.20033681
24.0,0.21428571428571427,0.3571428571428571,0.30574375
24.0,0.2857142857142857,0.3571428571428571,0.40461713
24.0,0.3571428571428571,0.3571428571428571,0.49869192
24.0,0.42857142857142855,0.3571428571428571,0.58540535
24.0,0.5,0.3571428571428571,0.627183
24.0,0.5714285714285714,0.3571428571428571,0.58645934
24.0,0.6428571428571428,0.3571428571428571,0.4988901
24.0,0.7142857142857142,0.3571428571428571,0.40123713
24.0,0.7857142857142857,0.3571428571428571,0.30044064
24.0,0.8571428571428571,0.3571428571428571,0.19739643
24.0,0.9285714285714285,0.3571428571428571,0.092603765
24.0,1.0,0.3571428571428571,-0.011872561
24.0,0.0,0.42857142857142855,-0.016646754
24.0,0.07142857142857142,0.42857142857142855,0.10930646
24.0,0.14285714285714285,0.42857142857142855,0.23745087
24.0,0.21428571428571427,0.42857142857142855,0.36089784
24.0,0.2857142857142857,0.42857142857142855,0.47577566
24.0,0.3571428571428571,0.42857142857142855,0.5843102
24.0,0.42857142857142855,0.42857142857142855,0.6850669
24.0,0.5,0.42857142857142855,0.7359335
24.0,0.5714285714285714,0.42857142857142855,0.68863857
24.0,0.6428571428571428,0.42857142857142855,0.58511525
24.0,0.7142857142857142,0.42857142857142855,0.47094005
24.0,0.7857142857142857,0.42857142857142855,0.35438436
24.0,0.8571428571428571,0.42857142857142855,0.23490408
24.0,0.9285714285714285,0.42857142857142855,0.113207206
24.0,1.0,0.42857142857142855,-0.0061922455
24.0,0.0,0.5,-0.015695743
24.0,0.07142857142857142,0.5,0.117130734
24.0,0.14285714285714285,0.5,0.2531815
24.0,0.21428571428571427,0.5,0.38470274
24.0,0.2857142857142857,0.5,0.5072268
24.0,0.3571428571428571,0.5,0.62287843
24.0,0.42857142857142855,0.5,0.7301519
24.0,0.5,0.5,0.784697
24.0,0.5714285714285714,0.5,0.73379666
24.0,0.6428571428571428,0.5,0.623938
24.0,0.7142857142857142,0.5,0.50427955
24.0,0.7857142857142857,0.5,0.38187456
24.0,0.8571428571428571,0.5,0.254825
24.0,0.9285714285714285,0.5,0.12483499
24.0,1.0,0.5,-0.0012986371
24.0,0.0,0.5714285714285714,-0.014343106
24.0,0.07142857142857142,0.5714285714285714,0.109515525
24.0,0.14285714285714285,0.5714285714285714,0.2357504
24.0,0.21428571428571427,0.5714285714285714,0.35820445
24.0,0.2857142857142857,0.5714285714285714,0.47378072
24.0,0.3571428571428571,0.5714285714285714,0.5841999
24.0,0.42857142857142855,0.5714285714285714,0.6850669
24.0,0.5,0.5714285714285714,0.7332195
24.0,0.5714285714285714,0.5714285714285714,0.6840103
24.0,0.6428571428571428,0.5714285714285714,0.58286977
24.0,0.7142857142857142,0.5714285714285714,0.4730472
24.0,0.7857142857142857,0.5714285714285714,0.35914385
24.0,0.8571428571428571,0.5714285714285714,0.23919535
24.0,0.9285714285714285,0.5714285714285714,0.115683265
24.0,1.0,0.5714285714285714,-0.0041253576
24.0,0.0,0.6428571428571428,-0.012144246
24.0,0.07142857142857142,0.6428571428571428,0.093568
24.0,0.14285714285714285,0.6428571428571428,0.1996721
24.0,0.21428571428571427,0.6428571428571428,0.30301616
24.0,0.2857142857142857,0.6428571428571428,0.4032291
24.0,0.3571428571428571,0.6428571428571428,0.50183606
24.0,0.42857142857142855,0.6428571428571428,0.59071076
24.0,0.5,0.6428571428571428,0.6304603
24.0,0.5714285714285714,0.6428571428571428,0.588132
24.0,0.6428571428571428,0.6428571428571428,0.50154215
24.0,0.7142857142857142,0.6428571428571428,0.4061964
24.0,0.7857142857142857,0.6428571428571428,0.30682662
24.0,0.8571428571428571,0.6428571428571428,0.20245236
24.0,0.9285714285714285,0.6428571428571428,0.09519681
24.0,1.0,0.6428571428571428,-0.00938505
24.0,0.0,0.7142857142857142,-0.009273478
24.0,0.07142857142857142,0.7142857142857142,0.076182775
24.0,0.14285714285714285,0.7142857142857142,0.16001417
24.0,0.21428571428571427,0.7142857142857142,0.2414993
24.0,0.2857142857142857,0.7142857142857142,0.32224804
24.0,0.3571428571428571,0.7142857142857142,0.4036763
24.0,0.42857142857142855,0.7142857142857142,0.47657368
24.0,0.5,0.7142857142857142,0.50896215
24.0,0.5714285714285714,0.7142857142857142,0.47695845
24.0,0.6428571428571428,0.7142857142857142,0.40696388
24.0,0.7142857142857142,0.7142857142857142,0.3280489
24.0,0.7857142857142857,0.7142857142857142,0.24669552
24.0,0.8571428571428571,0.7142857142857142,0.16238636
24.0,0.9285714285714285,0.7142857142857142,0.07566949
24.0,1.0,0.7142857142857142,-0.0104253
24.0,0.0,0.7857142857142857,-0.0062186057
24.0,0.07142857142857142,0.7857142857142857,0.05967328
24.0,0.14285714285714285,0.7857142857142857,0.1220518
24.0,0.21428571428571427,0.7857142857142857,0.18164577
24.0,0.2857142857142857,0.7857142857142857,0.2410875
24.0,0.3571428571428571,0.7857142857142857,0.30182502
24.0,0.42857142857142855,0.7857142857142857,0.35590467
24.0,0.5,0.7857142857142857,0.38025284
24.0,0.5714285714285714,0.7857142857142857,0.3580711
24.0,0.6428571428571428,0.7857142857142857,0.3054186
24.0,0.7142857142857142,0.7857142857142857,0.24495596
24.0,0.7857142857142857,0.7857142857142857,0.18403222
24.0,0.8571428571428571,0.7857142857142857,0.12185656
24.0,0.9285714285714285,0.7857142857142857,0.056986935
24.0,1.0,0.7857142857142857,-0.009936423
24.0,0.0,0.8571428571428571,-0.0043920884
24.0,0.07142857142857142,0.8571428571428571,0.042810448
24.0,0.14285714285714285,0.8571428571428571,0.0845631
24.0,0.21428571428571427,0.8571428571428571,0.12245234
24.0,0.2857142857142857,0.8571428571428571,0.15971312
24.0,0.3571428571428571,0.8571428571428571,0.19817808
24.0,0.42857142857142855,0.8571428571428571,0.2325395
24.0,0.5,0.8571428571428571,0.2482742
24.0,0.5714285714285714,0.8571428571428571,0.23454797
24.0,0.6428571428571428,0.8571428571428571,0.19976278
24.0,0.7142857142857142,0.8571428571428571,0.15942007
24.0,0.7857142857142857,0.8571428571428571,0.11986134
24.0,0.8571428571428571,0.8571428571428571,0.07977598
24.0,0.9285714285714285,0.8571428571428571,0.036206532
24.0,1.0,0.8571428571428571,-0.012026989
24.0,0.0,0.9285714285714285,-0.0067705633
24.0,0.07142857142857142,0.9285714285714285,0.021844018
24.0,0.14285714285714285,0.9285714285714285,0.043152858
24.0,0.21428571428571427,0.9285714285714285,0.059533514
24.0,0.2857142857142857,0.9285714285714285,0.07487446
24.0,0.3571428571428571,0.9285714285714285,0.0918799
24.0,0.42857142857142855,0.9285714285714285,0.10839508
24.0,0.5,0.9285714285714285,0.11680024
24.0,0.5714285714285714,0.9285714285714285,0.110734545
24.0,0.6428571428571428,0.9285714285714285,0.09341095
24.0,0.7142857142857142,0.9285714285714285,0.07336688
24.0,0.7857142857142857,0.9285714285714285,0.054570496
24.0,0.8571428571428571,0.9285714285714285,0.035181712
24.0,0.9285714285714285,0.9285714285714285,0.01143844
24.0,1.0,0.9285714285714285,-0.019048631
24.0,0.0,1.0,-0.017655443
24.0,0.07142857142857142,1.0,-0.00799914
24.0,0.14285714285714285,1.0,-0.0067697912
24.0,0.21428571428571427,1.0,-0.010555803
24.0,0.2857142857142857,1.0,-0.014636979
24.0,0.3571428571428571,1.0,-0.015255553
24.0,0.42857142857142855,1.0,-0.011977331
24.0,0.5,1.0,-0.008000572
24.0,0.5714285714285714,1.0,-0.0070246914
24.0,0.6428571428571428,1.0,-0.008986791
24.0,0.7142857142857142,1.0,-0.0107324505
24.0,0.7857142857142857,1.0,-0.010956363
24.0,0.8571428571428571,1.0,-0.012039666
24.0,0.9285714285714285,1.0,-0.018044252
24.0,1.0,1.0,-0.03208684
25.0,0.0,0.0,-0.021418866
25.0,0.07142857142857142,0.0,-0.010153635
25.0,0.14285714285714285,0.0,-0.0062660566
25.0,0.21428571428571427,0.0,-0.008719132
25.0,0.2857142857142857,0.0,-0.0131612765
25.0,0.3571428571428571,0.0,-0.01313915
25.0,0.42857142857142855,0.0,-0.008266159
25.0,0.5,0.0,-0.00676695
25.0,0.5714285714285714,0.0,-0.011606348
25.0,0.6428571428571428,0.0,-0.015428302
25.0,0.7142857142857142,0.0,-0.013423049
25.0,0.7857142857142857,0.0,-0.009262965
25.0,0.8571428571428571,0.0,-0.008811583
25.0,0.9285714285714285,0.0,-0.015182183
25.0,1.0,0.0,-0.02896364
25.0,0.0,0.07142857142857142,-0.0124037815
25.0,0.07142857142857142,0.07142857142857142,0.016311198
25.0,0.14285714285714285,0.07142857142857142,0.039681256
25.0,0.21428571428571427,0.07142857142857142,0.0578461
25.0,0.2857142857142857,0.07142857142857142,0.07363115
25.0,0.3571428571428571,0.07142857142857142,0.092252016
25.0,0.42857142857142855,0.07142857142857142,0.11224959
25.0,0.5,0.07142857142857142,0.11954815
25.0,0.5714285714285714,0.07142857142857142,0.1079692
25.0,0.6428571428571428,0.07142857142857142,0.08994394
25.0,0.7142857142857142,0.07142857142857142,0.07504896
25.0,0.7857142857142857,0.07142857142857142,0.060518675
25.0,0.8571428571428571,0.07142857142857142,0.04134737
25.0,0.9285714285714285,0.07142857142857142,0.015903153
25.0,1.0,0.07142857142857142,-0.015573421
25.0,0.0,0.14285714285714285,-0.009432699
25.0,0.07142857142857142,0.14285714285714285,0.037671097
25.0,0.14285714285714285,0.14285714285714285,0.08174153
25.0,0.21428571428571427,0.14285714285714285,0.12208419
25.0,0.2857142857142857,0.14285714285714285,0.15996306
25.0,0.3571428571428571,0.14285714285714285,0.19909346
25.0,0.42857142857142855,0.14285714285714285,0.23635274
25.0,0.5,0.14285714285714285,0.25107965
25.0,0.5714285714285714,0.14285714285714285,0.23210463
25.0,0.6428571428571428,0.14285714285714285,0.19756968
25.0,0.7142857142857142,0.14285714285714285,0.16266683
25.0,0.7857142857142857,0.14285714285714285,0.12621292
25.0,0.8571428571428571,0.14285714285714285,0.08510549
25.0,0.9285714285714285,0.14285714285714285,0.039332867
25.0,1.0,0.14285714285714285,-0.010563799
25.0,0.0,0.21428571428571427,-0.010726316
25.0,0.07142857142857142,0.21428571428571427,0.055728406
25.0,0.14285714285714285,0.21428571428571427,0.12121069
25.0,0.21428571428571427,0.21428571428571427,0.18404175
25.0,0.2857142857142857,0.21428571428571427,0.2439434
25.0,0.3571428571428571,0.21428571428571427,0.30322716
25.0,0.42857142857142855,0.21428571428571427,0.35784566
25.0,0.5,0.21428571428571427,0.38092104
25.0,0.5714285714285714,0.21428571428571427,0.35457265
25.0,0.6428571428571428,0.21428571428571427,0.30258912
25.0,0.7142857142857142,0.21428571428571427,0.2462239
25.0,0.7857142857142857,0.21428571428571427,0.18673098
25.0,0.8571428571428571,0.21428571428571427,0.123462595
25.0,0.9285714285714285,0.21428571428571427,0.057397522
25.0,1.0,0.21428571428571427,-0.011049532
25.0,0.0,0.2857142857142857,-0.013945732
25.0,0.07142857142857142,0.2857142857142857,0.07291103
25.0,0.14285714285714285,0.2857142857142857,0.16017964
25.0,0.21428571428571427,0.2857142857142857,0.24483746
25.0,0.2857142857142857,0.2857142857142857,0.32520348
25.0,0.3571428571428571,0.2857142857142857,0.4027628
25.0,0.42857142857142855,0.2857142857142857,0.47357008
25.0,0.5,0.2857142857142857,0.50545883
25.0,0.5714285714285714,0.2857142857142857,0.47216827
25.0,0.6428571428571428,0.2857142857142857,0.4027246
25.0,0.7142857142857142,0.2857142857142857,0.32511294
25.0,0.7857142857142857,0.2857142857142857,0.24373028
25.0,0.8571428571428571,0.2857142857142857,0.15969788
25.0,0.9285714285714285,0.2857142857142857,0.07396988
25.0,1.0,0.2857142857142857,-0.012823776
25.0,0.0,0.3571428571428571,-0.01634404
25.0,0.07142857142857142,0.3571428571428571,0.09138938
25.0,0.14285714285714285,0.3571428571428571,0.20028022
25.0,0.21428571428571427,0.3571428571428571,0.30550343
25.0,0.2857142857142857,0.3571428571428571,0.40423715
25.0,0.3571428571428571,0.3571428571428571,0.49802965
25.0,0.42857142857142855,0.3571428571428571,0.5838968
25.0,0.5,0.3571428571428571,0.62497777
25.0,0.5714285714285714,0.3571428571428571,0.5850102
25.0,0.6428571428571428,0.3571428571428571,0.49833703
25.0,0.7142857142857142,0.3571428571428571,0.40098476
25.0,0.7857142857142857,0.3571428571428571,0.30028513
25.0,0.8571428571428571,0.3571428571428571,0.19736692
25.0,0.9285714285714285,0.3571428571428571,0.0927337
25.0,1.0,0.3571428571428571,-0.011612543
25.0,0.0,0.42857142857142855,-0.016520757
25.0,0.07142857142857142,0.42857142857142855,0.109207086
25.0,0.14285714285714285,0.42857142857142855,0.2370086
25.0,0.21428571428571427,0.42857142857142855,0.3600766
25.0,0.2857142857142857,0.42857142857142855,0.47461265
25.0,0.3571428571428571,0.42857142857142855,0.5826702
25.0,0.42857142857142855,0.42857142857142855,0.6823233
25.0,0.5,0.42857142857142855,0.7322311
25.0,0.5714285714285714,0.42857142857142855,0.6858668
25.0,0.6428571428571428,0.42857142857142855,0.5835518
25.0,0.7142857142857142,0.42857142857142855,0.4698593
25.0,0.7857142857142857,0.42857142857142855,0.35357457
25.0,0.8571428571428571,0.42857142857142855,0.23444709
25.0,0.9285714285714285,0.42857142857142855,0.11313525
25.0,1.0,0.42857142857142855,-0.0059585134
25.0,0.0,0.5,-0.015683614
25.0,0.07142857142857142,0.5,0.11688597
25.0,0.14285714285714285,0.5,0.25252044
25.0,0.21428571428571427,0.5,0.38353544
25.0,0.2857142857142857,0.5,0.50554687
25.0,0.3571428571428571,0.5,0.6205175
25.0,0.42857142857142855,0.5,0.72643673
25.0,0.5,0.5,0.7797963
25.0,0.5714285714285714,0.5,0.72997016
25.0,0.6428571428571428,0.5,0.6216295
25.0,0.7142857142857142,0.5,0.5026574
25.0,0.7857142857142857,0.5,0.38066405
25.0,0.8571428571428571,0.5,0.25410658
25.0,0.9285714285714285,0.5,0.12463515
25.0,1.0,0.5,-0.0010837922
25.0,0.0,0.5714285714285714,-0.014119164
25.0,0.07142857142857142,0.5714285714285714,0.10956003
25.0,0.14285714285714285,0.5714285714285714,0.23549964
25.0,0.21428571428571427,0.5714285714285714,0.3576045
25.0,0.2857142857142857,0.5714285714285714,0.47283724
25.0,0.3571428571428571,0.5714285714285714,0.58273256
25.0,0.42857142857142855,0.5714285714285714,0.6824107
25.0,0.5,0.5714285714285714,0.72951317
25.0,0.5714285714285714,0.5714285714285714,0.68133324
25.0,0.6428571428571428,0.5714285714285714,0.58157134
25.0,0.7142857142857142,0.5714285714285714,0.47223285
25.0,0.7857142857142857,0.5714285714285714,0.35848594
25.0,0.8571428571428571,0.5714285714285714,0.23879662
25.0,0.9285714285714285,0.5714285714285714,0.11564908
25.0,1.0,0.5714285714285714,-0.0038195113
25.0,0.0,0.6428571428571428,-0.011731745
25.0,0.07142857142857142,0.6428571428571428,0.09384443
25.0,0.14285714285714285,0.6428571428571428,0.19976634
25.0,0.21428571428571427,0.6428571428571428,0.30294576
25.0,0.2857142857142857,0.6428571428571428,0.4030359
25.0,0.3571428571428571,0.6428571428571428,0.5013328
25.0,0.42857142857142855,0.6428571428571428,0.5892904
25.0,0.5,0.6428571428571428,0.6282323
25.0,0.5714285714285714,0.6428571428571428,0.5867248
25.0,0.6428571428571428,0.6428571428571428,0.501218
25.0,0.7142857142857142,0.6428571428571428,0.4061607
25.0,0.7857142857142857,0.6428571428571428,0.3067391
25.0,0.8571428571428571,0.6428571428571428,0.20239773
25.0,0.9285714285714285,0.6428571428571428,0.095327094
25.0,1.0,0.6428571428571428,-0.009023392
25.0,0.0,0.7142857142857142,-0.008857743
25.0,0.07142857142857142,0.7142857142857142,0.07644899
25.0,0.14285714285714285,0.7142857142857142,0.160135
25.0,0.21428571428571427,0.7142857142857142,0.24154624
25.0,0.2857142857142857,0.7142857142857142,0.32228422
25.0,0.3571428571428571,0.7142857142857142,0.40352282
25.0,0.42857142857142855,0.7142857142857142,0.47572172
25.0,0.5,0.7142857142857142,0.50748485
25.0,0.5714285714285714,0.7142857142857142,0.47602004
25.0,0.6428571428571428,0.7142857142857142,0.40682426
25.0,0.7142857142857142,0.7142857142857142,0.32811972
25.0,0.7857142857142857,0.7142857142857142,0.24667951
25.0,0.8571428571428571,0.7142857142857142,0.1623454
25.0,0.9285714285714285,0.7142857142857142,0.07575188
25.0,1.0,0.7142857142857142,-0.010149338
25.0,0.0,0.7857142857142857,-0.005896733
25.0,0.07142857142857142,0.7857142857142857,0.05982531
25.0,0.14285714285714285,0.7857142857142857,0.122078665
25.0,0.21428571428571427,0.7857142857142857,0.18165156
25.0,0.2857142857142857,0.7857142857142857,0.24114454
25.0,0.3571428571428571,0.7857142857142857,0.30177432
25.0,0.42857142857142855,0.7857142857142857,0.35535362
25.0,0.5,0.7857142857142857,0.37923652
25.0,0.5714285714285714,0.7857142857142857,0.35735488
25.0,0.6428571428571428,0.7857142857142857,0.30524787
25.0,0.7142857142857142,0.7857142857142857,0.244937
25.0,0.7857142857142857,0.7857142857142857,0.18392539
25.0,0.8571428571428571,0.7857142857142857,0.12170943
25.0,0.9285714285714285,0.7857142857142857,0.056937464
25.0,1.0,0.7857142857142857,-0.009807979
25.0,0.0,0.8571428571428571,-0.004185767
25.0,0.07142857142857142,0.8571428571428571,0.042844884
25.0,0.14285714285714285,0.8571428571428571,0.08450387
25.0,0.21428571428571427,0.8571428571428571,0.122423805
25.0,0.2857142857142857,0.8571428571428571,0.15978424
25.0,0.3571428571428571,0.8571428571428571,0.19821696
25.0,0.42857142857142855,0.8571428571428571,0.23226151
25.0,0.5,0.8571428571428571,0.24768457
25.0,0.5714285714285714,0.8571428571428571,0.23410952
25.0,0.6428571428571428,0.8571428571428571,0.19966927
25.0,0.7142857142857142,0.8571428571428571,0.15941547
25.0,0.7857142857142857,0.8571428571428571,0.11974878
25.0,0.8571428571428571,0.8571428571428571,0.07958443
25.0,0.9285714285714285,0.8571428571428571,0.036065057
25.0,1.0,0.8571428571428571,-0.012023726
25.0,0.0,0.9285714285714285,-0.006667861
25.0,0.07142857142857142,0.9285714285714285,0.021799445
25.0,0.14285714285714285,0.9285714285714285,0.043067064
25.0,0.21428571428571427,0.9285714285714285,0.059535004
25.0,0.2857142857142857,0.9285714285714285,0.075018086
25.0,0.3571428571428571,0.9285714285714285,0.0920554
25.0,0.42857142857142855,0.9285714285714285,0.108404286
25.0,0.5,0.9285714285714285,0.116631724
25.0,0.5714285714285714,0.9285714285714285,0.11064691
25.0,0.6428571428571428,0.9285714285714285,0.09352941
25.0,0.7142857142857142,0.9285714285714285,0.073514074
25.0,0.7857142857142857,0.9285714285714285,0.05457481
25.0,0.8571428571428571,0.9285714285714285,0.03504865
25.0,0.9285714285714285,0.9285714285714285,0.011284019
25.0,1.0,0.9285714285714285,-0.019115623
25.0,0.0,1.0,-0.017623182
25.0,0.07142857142857142,1.0,-0.008058962
25.0,0.14285714285714285,1.0,-0.006801488
25.0,0.21428571428571427,1.0,-0.010446952
25.0,0.2857142857142857,1.0,-0.01436071
25.0,0.3571428571428571,1.0,-0.014906299
25.0,0.42857142857142855,1.0,-0.011690744
25.0,0.5,1.0,-0.0077924104
25.0,0.5714285714285714,1.0,-0.006759093
25.0,0.6428571428571428,1.0,-0.008599167
25.0,0.7142857142857142,1.0,-0.010360275
25.0,0.7857142857142857,1.0,-0.010757142
25.0,0.8571428571428571,1.0,-0.012034093
25.0,0.9285714285714285,1.0,-0.018136766
25.0,1.0,1.0,-0.032162596
26.0,0.0,0.0,-0.021513999
26.0,0.07142857142857142,0.0,-0.010241491
26.0,0.14285714285714285,0.0,-0.006309024
26.0,0.21428571428571427,0.0,-0.008664022
26.0,0.2857142857142857,0.0,-0.012968606
26.0,0.3571428571428571,0.0,-0.012869726
26.0,0.42857142857142855,0.0,-0.00804722
26.0,0.5,0.0,-0.0065821046
26.0,0.5714285714285714,0.0,-0.011365746
26.0,0.6428571428571428,0.0,-0.015169849
26.0,0.7142857142857142,0.0,-0.01319236
26.0,0.7857142857142857,0.0,-0.009027072
26.0,0.8571428571428571,0.0,-0.008551625
26.0,0.9285714285714285,0.0,-0.014930786
26.0,1.0,0.0,-0.028771743
26.0,0.0,0.07142857142857142,-0.012488584
26.0,0.07142857142857142,0.07142857142857142,0.016230442
26.0,0.14285714285714285,0.07142857142857142,0.03964099
26.0,0.21428571428571427,0.07142857142857142,0.057894774
26.0,0.2857142857142857,0.07142857142857142,0.07379145
26.0,0.3571428571428571,0.07142857142857142,0.09241952
26.0,0.42857142857142855,0.07142857142857142,0.11222374
26.0,0.5,0.07142857142857142,0.11940702
26.0,0.5714285714285714,0.07142857142857142,0.10797418
26.0,0.6428571428571428,0.07142857142857142,0.09008359
26.0,0.7142857142857142,0.07142857142857142,0.075227045
26.0,0.7857142857142857,0.07142857142857142,0.0607322
26.0,0.8571428571428571,0.07142857142857142,0.0415864
26.0,0.9285714285714285,0.07142857142857142,0.016120903
26.0,1.0,0.07142857142857142,-0.015426279
26.0,0.0,0.14285714285714285,-0.009457753
26.0,0.07142857142857142,0.14285714285714285,0.03763597
26.0,0.14285714285714285,0.14285714285714285,0.08172837
26.0,0.21428571428571427,0.14285714285714285,0.12213517
26.0,0.2857142857142857,0.14285714285714285,0.16008787
26.0,0.3571428571428571,0.14285714285714285,0.19914177
26.0,0.42857142857142855,0.14285714285714285,0.23602946
26.0,0.5,0.14285714285714285,0.2505235
26.0,0.5714285714285714,0.14285714285714285,0.23182014
26.0,0.6428571428571428,0.14285714285714285,0.19759107
26.0,0.7142857142857142,0.14285714285714285,0.16281696
26.0,0.7857142857142857,0.14285714285714285,0.12643215
26.0,0.8571428571428571,0.14285714285714285,0.085350424
26.0,0.9285714285714285,0.14285714285714285,0.03955082
26.0,1.0,0.14285714285714285,-0.010415577
26.0,0.0,0.21428571428571427,-0.010630228
26.0,0.07142857142857142,0.21428571428571427,0.05578442
26.0,0.14285714285714285,0.21428571428571427,0.12124703
26.0,0.21428571428571427,0.21428571428571427,0.18409607
26.0,0.2857142857142857,0.21428571428571427,0.2440241
26.0,0.3571428571428571,0.21428571428571427,0.30315867
26.0,0.42857142857142855,0.21428571428571427,0.35723123
26.0,0.5,0.21428571428571427,0.37993744
26.0,0.5714285714285714,0.21428571428571427,0.35401148
26.0,0.6428571428571428,0.21428571428571427,0.30252627
26.0,0.7142857142857142,0.21428571428571427,0.2463704
26.0,0.7857142857142857,0.21428571428571427,0.18696019
26.0,0.8571428571428571,0.21428571428571427,0.12371478
26.0,0.9285714285714285,0.21428571428571427,0.05763296
26.0,1.0,0.21428571428571427,-0.010860489
26.0,0.0,0.2857142857142857,-0.013699725
26.0,0.07142857142857142,0.2857142857142857,0.0730675
26.0,0.14285714285714285,0.2857142857142857,0.16024193
26.0,0.21428571428571427,0.2857142857142857,0.24483854
26.0,0.2857142857142857,0.2857142857142857,0.32516843
26.0,0.3571428571428571,0.2857142857142857,0.40252316
26.0,0.42857142857142855,0.2857142857142857,0.47264242
26.0,0.5,0.2857142857142857,0.50402
26.0,0.5714285714285714,0.2857142857142857,0.47131082
26.0,0.6428571428571428,0.2857142857142857,0.4025535
26.0,0.7142857142857142,0.2857142857142857,0.32519573
26.0,0.7857142857142857,0.2857142857142857,0.24388474
26.0,0.8571428571428571,0.2857142857142857,0.15988988
26.0,0.9285714285714285,0.2857142857142857,0.074197315
26.0,1.0,0.2857142857142857,-0.012577207
26.0,0.0,0.3571428571428571,-0.016035814
26.0,0.07142857142857142,0.3571428571428571,0.091537036
26.0,0.14285714285714285,0.3571428571428571,0.20021771
26.0,0.21428571428571427,0.3571428571428571,0.30524978
26.0,0.2857142857142857,0.3571428571428571,0.4038435
26.0,0.3571428571428571,0.3571428571428571,0.49735665
26.0,0.42857142857142855,0.3571428571428571,0.58239204
26.0,0.5,0.3571428571428571,0.62279075
26.0,0.5714285714285714,0.3571428571428571,0.5835637
26.0,0.6428571428571428,0.3571428571428571,0.4977789
26.0,0.7142857142857142,0.3571428571428571,0.4007256
26.0,0.7857142857142857,0.3571428571428571,0.30011958
26.0,0.8571428571428571,0.3571428571428571,0.19733009
26.0,0.9285714285714285,0.3571428571428571,0.09286767
26.0,1.0,0.3571428571428571,-0.01133214
26.0,0.0,0.42857142857142855,-0.016358845
26.0,0.07142857142857142,0.42857142857142855,0.1091234
26.0,0.14285714285714285,0.42857142857142855,0.23656556
26.0,0.21428571428571427,0.42857142857142855,0.35924917
26.0,0.2857142857142857,0.42857142857142855,0.47344851
26.0,0.3571428571428571,0.42857142857142855,0.58103645
26.0,0.42857142857142855,0.42857142857142855,0.6796029
26.0,0.5,0.42857142857142855,0.72857076
26.0,0.5714285714285714,0.42857142857142855,0.6831142
26.0,0.6428571428571428,0.42857142857142855,0.5819975
26.0,0.7142857142857142,0.42857142857142855,0.4687873
26.0,0.7857142857142857,0.42857142857142855,0.3527651
26.0,0.8571428571428571,0.42857142857142855,0.2339873
26.0,0.9285714285714285,0.42857142857142855,0.11307034
26.0,1.0,0.42857142857142855,-0.005699993
26.0,0.0,0.5,-0.015625313
26.0,0.07142857142857142,0.5,0.11666601
26.0,0.14285714285714285,0.5,0.25186864
26.0,0.21428571428571427,0.5,0.38237458
26.0,0.2857142857142857,0.5,0.5038835
26.0,0.3571428571428571,0.5,0.6181863
26.0,0.42857142857142855,0.5,0.72277296
26.0,0.5,0.5,0.77497333
26.0,0.5714285714285714,0.5,0.726195
26.0,0.6428571428571428,0.5,0.61935395
26.0,0.7142857142857142,0.5,0.5010616
26.0,0.7857142857142857,0.5,0.3794653
26.0,0.8571428571428571,0.5,0.25339034
26.0,0.9285714285714285,0.5,0.12444378
26.0,1.0,0.5,-0.0008437494
26.0,0.0,0.5714285714285714,-0.013855235
26.0,0.07142857142857142,0.5714285714285714,0.1096239
26.0,0.14285714285714285,0.5714285714285714,0.23525345
26.0,0.21428571428571427,0.5714285714285714,0.3570041
26.0,0.2857142857142857,0.5714285714285714,0.47189677
26.0,0.3571428571428571,0.5714285714285714,0.58127207
26.0,0.42857142857142855,0.5714285714285714,0.6797746
26.0,0.5,0.5714285714285714,0.7258502
26.0,0.5714285714285714,0.5714285714285714,0.67867726
26.0,0.6428571428571428,0.5714285714285714,0.58027565
26.0,0.7142857142857142,0.5714285714285714,0.47142142
26.0,0.7857142857142857,0.5714285714285714,0.3578243
26.0,0.8571428571428571,0.5714285714285714,0.23838925
26.0,0.9285714285714285,0.5714285714285714,0.1156159
26.0,1.0,0.5714285714285714,-0.0034942487
26.0,0.0,0.6428571428571428,-0.011293882
26.0,0.07142857142857142,0.6428571428571428,0.09412973
26.0,0.14285714285714285,0.6428571428571428,0.1998566
26.0,0.21428571428571427,0.6428571428571428,0.30286762
26.0,0.2857142857142857,0.6428571428571428,0.40283445
26.0,0.3571428571428571,0.6428571428571428,0.50081724
26.0,0.42857142857142855,0.6428571428571428,0.5878613
26.0,0.5,0.6428571428571428,0.62601334
26.0,0.5714285714285714,0.6428571428571428,0.58530957
26.0,0.6428571428571428,0.6428571428571428,0.50087065
26.0,0.7142857142857142,0.6428571428571428,0.4061057
26.0,0.7857142857142857,0.6428571428571428,0.30663472
26.0,0.8571428571428571,0.6428571428571428,0.20232947
26.0,0.9285714285714285,0.6428571428571428,0.09545438
26.0,1.0,0.6428571428571428,-0.008645863
26.0,0.0,0.7142857142857142,-0.008428545
26.0,0.07142857142857142,0.7142857142857142,0.07671599
26.0,0.14285714285714285,0.7142857142857142,0.16025075
26.0,0.21428571428571427,0.7142857142857142,0.24158758
26.0,0.2857142857142857,0.7142857142857142,0.32231468
26.0,0.3571428571428571,0.7142857142857142,0.40335912
26.0,0.42857142857142855,0.7142857142857142,0.47486034
26.0,0.5,0.7142857142857142,0.50601006
26.0,0.5714285714285714,0.7142857142857142,0.47507226
26.0,0.6428571428571428,0.7142857142857142,0.40666285
26.0,0.7142857142857142,0.7142857142857142,0.32817268
26.0,0.7857142857142857,0.7142857142857142,0.24665132
26.0,0.8571428571428571,0.7142857142857142,0.16229661
26.0,0.9285714285714285,0.7142857142857142,0.07583546
26.0,1.0,0.7142857142857142,-0.009858378
26.0,0.0,0.7857142857142857,-0.0055707106
26.0,0.07142857142857142,0.7857142857142857,0.05997505
26.0,0.14285714285714285,0.7857142857142857,0.12210209
26.0,0.21428571428571427,0.7857142857142857,0.18165703
26.0,0.2857142857142857,0.7857142857142857,0.24120194
26.0,0.3571428571428571,0.7857142857142857,0.30172053
26.0,0.42857142857142855,0.7857142857142857,0.35479963
26.0,0.5,0.7857142857142857,0.37822416
26.0,0.5714285714285714,0.7857142857142857,0.35663456
26.0,0.6428571428571428,0.7857142857142857,0.30506402
26.0,0.7142857142857142,0.7857142857142857,0.24490887
26.0,0.7857142857142857,0.7857142857142857,0.18381613
26.0,0.8571428571428571,0.7857142857142857,0.12156349
26.0,0.9285714285714285,0.7857142857142857,0.056894295
26.0,1.0,0.7857142857142857,-0.009663017
26.0,0.0,0.8571428571428571,-0.0039810324
26.0,0.07142857142857142,0.8571428571428571,0.0428762
26.0,0.14285714285714285,0.8571428571428571,0.08444485
26.0,0.21428571428571427,0.8571428571428571,0.12240025
26.0,0.2857142857142857,0.8571428571428571,0.15986279
26.0,0.3571428571428571,0.8571428571428571,0.1982609
26.0,0.42857142857142855,0.8571428571428571,0.23198907
26.0,0.5,0.8571428571428571,0.24710447
26.0,0.5714285714285714,0.8571428571428571,0.23367469
26.0,0.6428571428571428,0.8571428571428571,0.19957303
26.0,0.7142857142857142,0.8571428571428571,0.15941249
26.0,0.7857142857142857,0.8571428571428571,0.11964326
26.0,0.8571428571428571,0.8571428571428571,0.079402156
26.0,0.9285714285714285,0.8571428571428571,0.035934847
26.0,1.0,0.8571428571428571,-0.012004358
26.0,0.0,0.9285714285714285,-0.0065702843
26.0,0.07142857142857142,0.9285714285714285,0.021752596
26.0,0.14285714285714285,0.9285714285714285,0.042984717
26.0,0.21428571428571427,0.9285714285714285,0.05954743
26.0,0.2857142857142857,0.9285714285714285,0.075175755
26.0,0.3571428571428571,0.9285714285714285,0.09224561
26.0,0.42857142857142855,0.9285714285714285,0.10842999
26.0,0.5,0.9285714285714285,0.116482206
26.0,0.5714285714285714,0.9285714285714285,0.11057357
26.0,0.6428571428571428,0.9285714285714285,0.09365704
26.0,0.7142857142857142,0.9285714285714285,0.07367324
26.0,0.7857142857142857,0.9285714285714285,0.054595508
26.0,0.8571428571428571,0.9285714285714285,0.03493193
26.0,0.9285714285714285,0.9285714285714285,0.011144361
26.0,1.0,0.9285714285714285,-0.019166667
26.0,0.0,1.0,-0.017596211
26.0,0.07142857142857142,1.0,-0.008118096
26.0,0.14285714285714285,1.0,-0.0068234764
26.0,0.21428571428571427,1.0,-0.010319809
26.0,0.2857142857142857,1.0,-0.014061409
26.0,0.3571428571428571,1.0,-0.014531498
26.0,0.42857142857142855,1.0,-0.011375633
26.0,0.5,1.0,-0.007553489
26.0,0.5714285714285714,1.0,-0.006466401
26.0,0.6428571428571428,1.0,-0.008189821
26.0,0.7142857142857142,1.0,-0.009965864
26.0,0.7857142857142857,1.0,-0.010534127
26.0,0.8571428571428571,1.0,-0.012005885
26.0,0.9285714285714285,1.0,-0.018211205
26.0,1.0,1.0,-0.032222427
27.0,0.0,0.0,-0.021599028
27.0,0.07142857142857142,0.0,-0.01032216
27.0,0.14285714285714285,0.0,-0.0063455803
27.0,0.21428571428571427,0.0,-0.008598608
27.0,0.2857142857142857,0.0,-0.012759591
27.0,0.3571428571428571,0.0,-0.0125759775
27.0,0.42857142857142855,0.0,-0.0077989874
27.0,0.5,0.0,-0.006367163
27.0,0.5714285714285714,0.0,-0.011098993
27.0,0.6428571428571428,0.0,-0.014893145
27.0,0.7142857142857142,0.0,-0.012951666
27.0,0.7857142857142857,0.0,-0.008786273
27.0,0.8571428571428571,0.0,-0.008286317
27.0,0.9285714285714285,0.0,-0.014668831
27.0,1.0,0.0,-0.028562732
27.0,0.0,0.07142857142857142,-0.012559242
27.0,0.07142857142857142,0.07142857142857142,0.016158242
27.0,0.14285714285714285,0.07142857142857142,0.039606117
27.0,0.21428571428571427,0.07142857142857142,0.05794739
27.0,0.2857142857142857,0.07142857142857142,0.0739576
27.0,0.3571428571428571,0.07142857142857142,0.09259571
27.0,0.42857142857142855,0.07142857142857142,0.11221213
27.0,0.5,0.07142857142857142,0.11928288
27.0,0.5714285714285714,0.07142857142857142,0.10799194
27.0,0.6428571428571428,0.07142857142857142,0.09023177
27.0,0.7142857142857142,0.07142857142857142,0.07540792
27.0,0.7857142857142857,0.07142857142857142,0.060946383
27.0,0.8571428571428571,0.07142857142857142,0.04182844
27.0,0.9285714285714285,0.07142857142857142,0.016348608
27.0,1.0,0.07142857142857142,-0.015261107
27.0,0.0,0.14285714285714285,-0.009465351
27.0,0.07142857142857142,0.14285714285714285,0.03761062
27.0,0.14285714285714285,0.14285714285714285,0.08171786
27.0,0.21428571428571427,0.14285714285714285,0.122184984
27.0,0.2857142857142857,0.14285714285714285,0.16020973
27.0,0.3571428571428571,0.14285714285714285,0.19918774
27.0,0.42857142857142855,0.14285714285714285,0.23570953
27.0,0.5,0.14285714285714285,0.24997577
27.0,0.5714285714285714,0.14285714285714285,0.2315411
27.0,0.6428571428571428,0.14285714285714285,0.19761407
27.0,0.7142857142857142,0.14285714285714285,0.16296545
27.0,0.7857142857142857,0.14285714285714285,0.12664793
27.0,0.8571428571428571,0.14285714285714285,0.08559577
27.0,0.9285714285714285,0.14285714285714285,0.03977704
27.0,1.0,0.14285714285714285,-0.010249489
27.0,0.0,0.21428571428571427,-0.010514283
27.0,0.07142857142857142,0.21428571428571427,0.055850573
27.0,0.14285714285714285,0.21428571428571427,0.121284224
27.0,0.21428571428571427,0.21428571428571427,0.18414497
27.0,0.2857142857142857,0.21428571428571427,0.24409539
27.0,0.3571428571428571,0.21428571428571427,0.30307972
27.0,0.42857142857142855,0.21428571428571427,0.3566154
27.0,0.5,0.21428571428571427,0.37896207
27.0,0.5714285714285714,0.21428571428571427,0.3534532
27.0,0.6428571428571428,0.21428571428571427,0.30246133
27.0,0.7142857142857142,0.21428571428571427,0.24651152
27.0,0.7857142857142857,0.21428571428571427,0.18718229
27.0,0.8571428571428571,0.21428571428571427,0.12396362
27.0,0.9285714285714285,0.21428571428571427,0.057873726
27.0,1.0,0.21428571428571427,-0.0106547335
27.0,0.0,0.2857142857142857,-0.013432548
27.0,0.07142857142857142,0.2857142857142857,0.073232
27.0,0.14285714285714285,0.2857142857142857,0.16030085
27.0,0.21428571428571427,0.2857142857142857,0.24482942
27.0,0.2857142857142857,0.2857142857142857,0.3251195
27.0,0.3571428571428571,0.2857142857142857,0.40226996
27.0,0.42857142857142855,0.2857142857142857,0.47171292
27.0,0.5,0.2857142857142857,0.50259286
27.0,0.5714285714285714,0.2857142857142857,0.47045532
27.0,0.6428571428571428,0.2857142857142857,0.402377
27.0,0.7142857142857142,0.2857142857142857,0.32527018
27.0,0.7857142857142857,0.2857142857142857,0.2440289
27.0,0.8571428571428571,0.2857142857142857,0.16007411
27.0,0.9285714285714285,0.2857142857142857,0.074427165
27.0,1.0,0.2857142857142857,-0.012314924
27.0,0.0,0.3571428571428571,-0.01570348
27.0,0.07142857142857142,0.3571428571428571,0.09169097
27.0,0.14285714285714285,0.3571428571428571,0.20014895
27.0,0.21428571428571427,0.3571428571428571,0.3049838
27.0,0.2857142857142857,0.3571428571428571,0.40343744
27.0,0.3571428571428571,0.3571428571428571,0.49667364
27.0,0.42857142857142855,0.3571428571428571,0.580891
27.0,0.5,0.3571428571428571,0.62062323
27.0,0.5714285714285714,0.3571428571428571,0.58212006
27.0,0.6428571428571428,0.3571428571428571,0.4972148
27.0,0.7142857142857142,0.3571428571428571,0.40046024
27.0,0.7857142857142857,0.3571428571428571,0.29994392
27.0,0.8571428571428571,0.3571428571428571,0.19728428
27.0,0.9285714285714285,0.3571428571428571,0.09300347
27.0,1.0,0.3571428571428571,-0.011033819
27.0,0.0,0.42857142857142855,-0.016163561
27.0,0.07142857142857142,0.42857142857142855,0.109052286
27.0,0.14285714285714285,0.42857142857142855,0.23612079
27.0,0.21428571428571427,0.42857142857142855,0.35841727
27.0,0.2857142857142857,0.42857142857142855,0.4722855
27.0,0.3571428571428571,0.42857142857142855,0.57941103
27.0,0.42857142857142855,0.42857142857142855,0.67690754
27.0,0.5,0.42857142857142855,0.72495437
27.0,0.5714285714285714,0.42857142857142855,0.680383
27.0,0.6428571428571428,0.42857142857142855,0.5804534
27.0,0.7142857142857142,0.42857142857142855,0.46772534
27.0,0.7857142857142857,0.42857142857142855,0.35195762
27.0,0.8571428571428571,0.42857142857142855,0.2335249
27.0,0.9285714285714285,0.42857142857142855,0.11301043
27.0,1.0,0.42857142857142855,-0.0054211775
27.0,0.0,0.5,-0.0155252
27.0,0.07142857142857142,0.5,0.116468824
27.0,0.14285714285714285,0.5,0.25122577
27.0,0.21428571428571427,0.5,0.3812222
27.0,0.2857142857142857,0.5,0.5022383
27.0,0.3571428571428571,0.5,0.615886
27.0,0.42857142857142855,0.5,0.71916217
27.0,0.5,0.5,0.77022916
27.0,0.5714285714285714,0.5,0.72247344
27.0,0.6428571428571428,0.5,0.61711174
27.0,0.7142857142857142,0.5,0.4994933
27.0,0.7857142857142857,0.5,0.3782788
27.0,0.8571428571428571,0.5,0.252675
27.0,0.9285714285714285,0.5,0.12425835
27.0,1.0,0.5,-0.00058231596
27.0,0.0,0.5714285714285714,-0.013555237
27.0,0.07142857142857142,0.5714285714285714,0.10970499
27.0,0.14285714285714285,0.5714285714285714,0.23501034
27.0,0.21428571428571427,0.5714285714285714,0.35640275
27.0,0.2857142857142857,0.5714285714285714,0.47096065
27.0,0.3571428571428571,0.5714285714285714,0.57981986
27.0,0.42857142857142855,0.5714285714285714,0.677159
27.0,0.5,0.5714285714285714,0.72223127
27.0,0.5714285714285714,0.5714285714285714,0.6760432
27.0,0.6428571428571428,0.5714285714285714,0.578983
27.0,0.7142857142857142,0.5714285714285714,0.47061244
27.0,0.7857142857142857,0.5714285714285714,0.35715932
27.0,0.8571428571428571,0.5714285714285714,0.23797399
27.0,0.9285714285714285,0.5714285714285714,0.11558292
27.0,1.0,0.5714285714285714,-0.0031518796
27.0,0.0,0.6428571428571428,-0.010834069
27.0,0.07142857142857142,0.6428571428571428,0.0944207
27.0,0.14285714285714285,0.6428571428571428,0.19994149
27.0,0.21428571428571427,0.6428571428571428,0.30278113
27.0,0.2857142857142857,0.6428571428571428,0.4026248
27.0,0.3571428571428571,0.6428571428571428,0.5002892
27.0,0.42857142857142855,0.6428571428571428,0.5864237
27.0,0.5,0.6428571428571428,0.6238029
27.0,0.5714285714285714,0.6428571428571428,0.58388674
27.0,0.6428571428571428,0.6428571428571428,0.5004995
27.0,0.7142857142857142,0.6428571428571428,0.4060307
27.0,0.7857142857142857,0.6428571428571428,0.3065134
27.0,0.8571428571428571,0.6428571428571428,0.20224681
27.0,0.9285714285714285,0.6428571428571428,0.095577784
27.0,1.0,0.6428571428571428,-0.008255095
27.0,0.0,0.7142857142857142,-0.007989482
27.0,0.07142857142857142,0.7142857142857142,0.076982036
27.0,0.14285714285714285,0.7142857142857142,0.16036028
27.0,0.21428571428571427,0.7142857142857142,0.24162263
27.0,0.2857142857142857,0.7142857142857142,0.3223398
27.0,0.3571428571428571,0.7142857142857142,0.40318432
27.0,0.42857142857142855,0.7142857142857142,0.47398943
27.0,0.5,0.7142857142857142,0.5045378
27.0,0.5714285714285714,0.7142857142857142,0.4741156
27.0,0.6428571428571428,0.7142857142857142,0.40647945
27.0,0.7142857142857142,0.7142857142857142,0.3282073
27.0,0.7857142857142857,0.7142857142857142,0.24660966
27.0,0.8571428571428571,0.7142857142857142,0.16223899
27.0,0.9285714285714285,0.7142857142857142,0.075918615
27.0,1.0,0.7142857142857142,-0.009553433
27.0,0.0,0.7857142857142857,-0.005242669
27.0,0.07142857142857142,0.7857142857142857,0.060121246
27.0,0.14285714285714285,0.7857142857142857,0.12212164
27.0,0.21428571428571427,0.7857142857142857,0.18166189
27.0,0.2857142857142857,0.7857142857142857,0.24125963
27.0,0.3571428571428571,0.7857142857142857,0.30166256
27.0,0.42857142857142855,0.7857142857142857,0.35424164
27.0,0.5,0.7857142857142857,0.37721524
27.0,0.5714285714285714,0.7857142857142857,0.35590935
27.0,0.6428571428571428,0.7857142857142857,0.304866
27.0,0.7142857142857142,0.7857142857142857,0.24487239
27.0,0.7857142857142857,0.7857142857142857,0.18370427
27.0,0.8571428571428571,0.7857142857142857,0.121418364
27.0,0.9285714285714285,0.7857142857142857,0.05685749
27.0,1.0,0.7857142857142857,-0.009502773
27.0,0.0,0.8571428571428571,-0.003779755
27.0,0.07142857142857142,0.8571428571428571,0.042903192
27.0,0.14285714285714285,0.8571428571428571,0.08438456
27.0,0.21428571428571427,0.8571428571428571,0.12238119
27.0,0.2857142857142857,0.8571428571428571,0.15994789
27.0,0.3571428571428571,0.8571428571428571,0.19830893
27.0,0.42857142857142855,0.8571428571428571,0.23172095
27.0,0.5,0.8571428571428571,0.24653211
27.0,0.5714285714285714,0.8571428571428571,0.23324192
27.0,0.6428571428571428,0.8571428571428571,0.19947323
27.0,0.7142857142857142,0.8571428571428571,0.15941009
27.0,0.7857142857142857,0.8571428571428571,0.11954508
27.0,0.8571428571428571,0.8571428571428571,0.0792292
27.0,0.9285714285714285,0.8571428571428571,0.035814866
27.0,1.0,0.8571428571428571,-0.011969549
27.0,0.0,0.9285714285714285,-0.0064788284
27.0,0.07142857142857142,0.9285714285714285,0.021701828
27.0,0.14285714285714285,0.9285714285714285,0.042905886
27.0,0.21428571428571427,0.9285714285714285,0.05956962
27.0,0.2857142857142857,0.9285714285714285,0.075346574
27.0,0.3571428571428571,0.9285714285714285,0.092448875
27.0,0.42857142857142855,0.9285714285714285,0.10847015
27.0,0.5,0.9285714285714285,0.11634893
27.0,0.5714285714285714,0.9285714285714285,0.11051247
27.0,0.6428571428571428,0.9285714285714285,0.09379222
27.0,0.7142857142857142,0.9285714285714285,0.07384296
27.0,0.7857142857142857,0.9285714285714285,0.054631017
27.0,0.8571428571428571,0.9285714285714285,0.034831226
27.0,0.9285714285714285,0.9285714285714285,0.011019259
27.0,1.0,0.9285714285714285,-0.019202348
27.0,0.0,1.0,-0.017575718
27.0,0.07142857142857142,1.0,-0.008177339
27.0,0.14285714285714285,1.0,-0.006836746
27.0,0.21428571428571427,1.0,-0.010176679
27.0,0.2857142857142857,1.0,-0.013741423
27.0,0.3571428571428571,1.0,-0.0141336555
27.0,0.42857142857142855,1.0,-0.011034475
27.0,0.5,1.0,-0.0072876783
27.0,0.5714285714285714,1.0,-0.006149673
27.0,0.6428571428571428,1.0,-0.0077609355
27.0,0.7142857142857142,1.0,-0.009551828
27.0,0.7857142857142857,1.0,-0.010288832
27.0,0.8571428571428571,1.0,-0.011956182
27.0,0.9285714285714285,1.0,-0.018267475
27.0,1.0,1.0,-0.03226652
28.0,0.0,0.0,-0.021674398
28.0,0.07142857142857142,0.0,-0.010396597
28.0,0.14285714285714285,0.0,-0.0063766586
28.0,0.21428571428571427,0.0,-0.0085253315
28.0,0.2857142857142857,0.0,-0.012535709
28.0,0.3571428571428571,0.0,-0.012261263
28.0,0.42857142857142855,0.0,-0.0075246925
28.0,0.5,0.0,-0.006124907
28.0,0.5714285714285714,0.0,-0.010809586
28.0,0.6428571428571428,0.0,-0.014600323
28.0,0.7142857142857142,0.0,-0.012702432
28.0,0.7857142857142857,0.0,-0.008542498
28.0,0.8571428571428571,0.0,-0.00801756
28.0,0.9285714285714285,0.0,-0.014398576
28.0,1.0,0.0,-0.028338708
28.0,0.0,0.07142857142857142,-0.012617334
28.0,0.07142857142857142,0.07142857142857142,0.016093366
28.0,0.14285714285714285,0.07142857142857142,0.039574064
28.0,0.21428571428571427,0.07142857142857142,0.058002368
28.0,0.2857142857142857,0.07142857142857142,0.07412786
28.0,0.3571428571428571,0.07142857142857142,0.09277959
28.0,0.42857142857142855,0.07142857142857142,0.112212
28.0,0.5,0.07142857142857142,0.119172014
28.0,0.5714285714285714,0.07142857142857142,0.108020306
28.0,0.6428571428571428,0.07142857142857142,0.09038616
28.0,0.7142857142857142,0.07142857142857142,0.075590365
28.0,0.7857142857142857,0.07142857142857142,0.0611588
28.0,0.8571428571428571,0.07142857142857142,0.04207182
28.0,0.9285714285714285,0.07142857142857142,0.016583703
28.0,1.0,0.07142857142857142,-0.015080639
28.0,0.0,0.14285714285714285,-0.009456913
28.0,0.07142857142857142,0.14285714285714285,0.037593782
28.0,0.14285714285714285,0.14285714285714285,0.08171009
28.0,0.21428571428571427,0.14285714285714285,0.12223225
28.0,0.2857142857142857,0.14285714285714285,0.1603267
28.0,0.3571428571428571,0.14285714285714285,0.19922999
28.0,0.42857142857142855,0.14285714285714285,0.23539163
28.0,0.5,0.14285714285714285,0.24943575
28.0,0.5714285714285714,0.14285714285714285,0.23126577
28.0,0.6428571428571428,0.14285714285714285,0.19763744
28.0,0.7142857142857142,0.14285714285714285,0.16311078
28.0,0.7857142857142857,0.14285714285714285,0.12685908
28.0,0.8571428571428571,0.14285714285714285,0.08583953
28.0,0.9285714285714285,0.14285714285714285,0.04000882
28.0,1.0,0.14285714285714285,-0.010068678
28.0,0.0,0.21428571428571427,-0.010380293
28.0,0.07142857142857142,0.21428571428571427,0.05592534
28.0,0.14285714285714285,0.21428571428571427,0.12132155
28.0,0.21428571428571427,0.21428571428571427,0.18418758
28.0,0.2857142857142857,0.21428571428571427,0.24415609
28.0,0.3571428571428571,0.21428571428571427,0.3029903
28.0,0.42857142857142855,0.21428571428571427,0.3559981
28.0,0.5,0.21428571428571427,0.3779942
28.0,0.5714285714285714,0.21428571428571427,0.35289562
28.0,0.6428571428571428,0.21428571428571427,0.30239326
28.0,0.7142857142857142,0.21428571428571427,0.2466462
28.0,0.7857142857142857,0.21428571428571427,0.18739557
28.0,0.8571428571428571,0.21428571428571427,0.12420709
28.0,0.9285714285714285,0.21428571428571427,0.05811744
28.0,1.0,0.21428571428571427,-0.010435113
28.0,0.0,0.2857142857142857,-0.013146231
28.0,0.07142857142857142,0.2857142857142857,0.073402815
28.0,0.14285714285714285,0.2857142857142857,0.16035624
28.0,0.21428571428571427,0.2857142857142857,0.24480999
28.0,0.2857142857142857,0.2857142857142857,0.32505733
28.0,0.3571428571428571,0.2857142857142857,0.4020038
28.0,0.42857142857142855,0.2857142857142857,0.4707827
28.0,0.5,0.2857142857142857,0.50117797
28.0,0.5714285714285714,0.2857142857142857,0.46960095
28.0,0.6428571428571428,0.2857142857142857,0.4021946
28.0,0.7142857142857142,0.2857142857142857,0.3253367
28.0,0.7857142857142857,0.2857142857142857,0.24416149
28.0,0.8571428571428571,0.2857142857142857,0.16024922
28.0,0.9285714285714285,0.2857142857142857,0.074656285
28.0,1.0,0.2857142857142857,-0.012038962
28.0,0.0,0.3571428571428571,-0.015349372
28.0,0.07142857142857142,0.3571428571428571,0.09185069
28.0,0.14285714285714285,0.3571428571428571,0.20007381
28.0,0.21428571428571427,0.3571428571428571,0.3047073
28.0,0.2857142857142857,0.3571428571428571,0.4030206
28.0,0.3571428571428571,0.3571428571428571,0.4959823
28.0,0.42857142857142855,0.3571428571428571,0.5793944
28.0,0.5,0.3571428571428571,0.61847574
28.0,0.5714285714285714,0.3571428571428571,0.58067906
28.0,0.6428571428571428,0.3571428571428571,0.49664474
28.0,0.7142857142857142,0.3571428571428571,0.40018833
28.0,0.7857142857142857,0.3571428571428571,0.29975796
28.0,0.8571428571428571,0.3571428571428571,0.1972281
28.0,0.9285714285714285,0.3571428571428571,0.09313866
28.0,1.0,0.3571428571428571,-0.010720835
28.0,0.0,0.42857142857142855,-0.01593792
28.0,0.07142857142857142,0.42857142857142855,0.108992584
28.0,0.14285714285714285,0.42857142857142855,0.23567519
28.0,0.21428571428571427,0.42857142857142855,0.3575834
28.0,0.2857142857142857,0.42857142857142855,0.47112638
28.0,0.3571428571428571,0.42857142857142855,0.5777959
28.0,0.42857142857142855,0.42857142857142855,0.6742386
28.0,0.5,0.42857142857142855,0.72138333
28.0,0.5714285714285714,0.42857142857142855,0.67767483
28.0,0.6428571428571428,0.42857142857142855,0.57892036
28.0,0.7142857142857142,0.42857142857142855,0.4666737
28.0,0.7857142857142857,0.42857142857142855,0.35115215
28.0,0.8571428571428571,0.42857142857142855,0.23305833
28.0,0.9285714285714285,0.42857142857142855,0.11295322
28.0,1.0,0.42857142857142855,-0.005124011
28.0,0.0,0.5,-0.015385793
28.0,0.07142857142857142,0.5,0.11629104
28.0,0.14285714285714285,0.5,0.25059104
28.0,0.21428571428571427,0.5,0.38007888
28.0,0.2857142857142857,0.5,0.5006135
28.0,0.3571428571428571,0.5,0.6136173
28.0,0.42857142857142855,0.5,0.715605
28.0,0.5,0.5,0.7655654
28.0,0.5714285714285714,0.5,0.7188069
28.0,0.6428571428571428,0.5,0.6149044
28.0,0.7142857142857142,0.5,0.49795425
28.0,0.7857142857142857,0.5,0.37710533
28.0,0.8571428571428571,0.5,0.25196096
28.0,0.9285714285714285,0.5,0.12407712
28.0,1.0,0.5,-0.00030158553
28.0,0.0,0.5714285714285714,-0.013223157
28.0,0.07142857142857142,0.5714285714285714,0.10980011
28.0,0.14285714285714285,0.5714285714285714,0.23476863
28.0,0.21428571428571427,0.5714285714285714,0.35580134
28.0,0.2857142857142857,0.5714285714285714,0.47002873
28.0,0.3571428571428571,0.5714285714285714,0.57837474
28.0,0.42857142857142855,0.5714285714285714,0.6745635
28.0,0.5,0.5714285714285714,0.7186573
28.0,0.5714285714285714,0.5714285714285714,0.6734324
28.0,0.6428571428571428,0.5714285714285714,0.57769394
28.0,0.7142857142857142,0.5714285714285714,0.46980673
28.0,0.7857142857142857,0.5714285714285714,0.3564909
28.0,0.8571428571428571,0.5714285714285714,0.23754978
28.0,0.9285714285714285,0.5714285714285714,0.115547456
28.0,1.0,0.5714285714285714,-0.0027944455
28.0,0.0,0.6428571428571428,-0.010355876
28.0,0.07142857142857142,0.6428571428571428,0.09471451
28.0,0.14285714285714285,0.6428571428571428,0.20002013
28.0,0.21428571428571427,0.6428571428571428,0.30268604
28.0,0.2857142857142857,0.6428571428571428,0.4024067
28.0,0.3571428571428571,0.6428571428571428,0.49974853
28.0,0.42857142857142855,0.6428571428571428,0.5849775
28.0,0.5,0.6428571428571428,0.6216019
28.0,0.5714285714285714,0.6428571428571428,0.58245677
28.0,0.6428571428571428,0.6428571428571428,0.50010484
28.0,0.7142857142857142,0.6428571428571428,0.40593553
28.0,0.7857142857142857,0.6428571428571428,0.3063751
28.0,0.8571428571428571,0.6428571428571428,0.20214927
28.0,0.9285714285714285,0.6428571428571428,0.09569589
28.0,1.0,0.6428571428571428,-0.007852876
28.0,0.0,0.7142857142857142,-0.0075431326
28.0,0.07142857142857142,0.7142857142857142,0.077245265
28.0,0.14285714285714285,0.7142857142857142,0.16046198
28.0,0.21428571428571427,0.7142857142857142,0.24165177
28.0,0.2857142857142857,0.7142857142857142,0.3223585
28.0,0.3571428571428571,0.7142857142857142,0.4029976
28.0,0.42857142857142855,0.7142857142857142,0.47310844
28.0,0.5,0.7142857142857142,0.50306785
28.0,0.5714285714285714,0.7142857142857142,0.47314975
28.0,0.6428571428571428,0.7142857142857142,0.4062736
28.0,0.7142857142857142,0.7142857142857142,0.32822314
28.0,0.7857142857142857,0.7142857142857142,0.2465553
28.0,0.8571428571428571,0.7142857142857142,0.16217306
28.0,0.9285714285714285,0.7142857142857142,0.07600108
28.0,1.0,0.7142857142857142,-0.009236054
28.0,0.0,0.7857142857142857,-0.0049142996
28.0,0.07142857142857142,0.7857142857142857,0.060262196
28.0,0.14285714285714285,0.7857142857142857,0.12213642
28.0,0.21428571428571427,0.7857142857142857,0.1816658
28.0,0.2857142857142857,0.7857142857142857,0.24131721
28.0,0.3571428571428571,0.7857142857142857,0.30159947
28.0,0.42857142857142855,0.7857142857142857,0.3536788
28.0,0.5,0.7857142857142857,0.37620854
28.0,0.5714285714285714,0.7857142857142857,0.35517907
28.0,0.6428571428571428,0.7857142857142857,0.30465382
28.0,0.7142857142857142,0.7857142857142857,0.24482554
28.0,0.7857142857142857,0.7857142857142857,0.18358947
28.0,0.8571428571428571,0.7857142857142857,0.121274374
28.0,0.9285714285714285,0.7857142857142857,0.05682583
28.0,1.0,0.7857142857142857,-0.009328813
28.0,0.0,0.8571428571428571,-0.0035831342
28.0,0.07142857142857142,0.8571428571428571,0.04292436
28.0,0.14285714285714285,0.8571428571428571,0.08432304
28.0,0.21428571428571427,0.8571428571428571,0.122366436
28.0,0.2857142857142857,0.8571428571428571,0.16003853
28.0,0.3571428571428571,0.8571428571428571,0.19835949
28.0,0.42857142857142855,0.8571428571428571,0.23145492
28.0,0.5,0.8571428571428571,0.24596539
28.0,0.5714285714285714,0.8571428571428571,0.2328099
28.0,0.6428571428571428,0.8571428571428571,0.19936813
28.0,0.7142857142857142,0.8571428571428571,0.15940753
28.0,0.7857142857142857,0.8571428571428571,0.11945317
28.0,0.8571428571428571,0.8571428571428571,0.07906536
28.0,0.9285714285714285,0.8571428571428571,0.03570534
28.0,1.0,0.8571428571428571,-0.011920103
28.0,0.0,0.9285714285714285,-0.006394972
28.0,0.07142857142857142,0.9285714285714285,0.021647073
28.0,0.14285714285714285,0.9285714285714285,0.042829476
28.0,0.21428571428571427,0.9285714285714285,0.05960156
28.0,0.2857142857142857,0.9285714285714285,0.07552955
28.0,0.3571428571428571,0.9285714285714285,0.09266307
28.0,0.42857142857142855,0.9285714285714285,0.108521916
28.0,0.5,0.9285714285714285,0.11622956
28.0,0.5714285714285714,0.9285714285714285,0.110461645
28.0,0.6428571428571428,0.9285714285714285,0.093933396
28.0,0.7142857142857142,0.9285714285714285,0.07402143
28.0,0.7857142857142857,0.9285714285714285,0.054680802
28.0,0.8571428571428571,0.9285714285714285,0.034746043
28.0,0.9285714285714285,0.9285714285714285,0.010908353
28.0,1.0,0.9285714285714285,-0.019223712
28.0,0.0,1.0,-0.01756258
28.0,0.07142857142857142,1.0,-0.008237212
28.0,0.14285714285714285,1.0,-0.0068415627
28.0,0.21428571428571427,1.0,-0.010018015
28.0,0.2857142857142857,1.0,-0.013402169
28.0,0.3571428571428571,1.0,-0.013714922
28.0,0.42857142857142855,1.0,-0.010670804
28.0,0.5,1.0,-0.0069971913
28.0,0.5714285714285714,1.0,-0.005811696
28.0,0.6428571428571428,1.0,-0.0073147723
28.0,0.7142857142857142,1.0,-0.009120152
28.0,0.7857142857142857,1.0,-0.010022976
28.0,0.8571428571428571,1.0,-0.011886199
28.0,0.9285714285714285,1.0,-0.018306293
28.0,1.0,1.0,-0.032295745
29.0,0.0,0.0,-0.021741882
29.0,0.07142857142857142,0.0,-0.01046675
29.0,0.14285714285714285,0.0,-0.0064041214
29.0,0.21428571428571427,0.0,-0.008445098
29.0,0.2857142857142857,0.0,-0.012299593
29.0,0.3571428571428571,0.0,-0.011927758
29.0,0.42857142857142855,0.0,-0.0072271945
29.0,0.5,0.0,-0.005859415
29.0,0.5714285714285714,0.0,-0.010500708
29.0,0.6428571428571428,0.0,-0.014294413
29.0,0.7142857142857142,0.0,-0.012447552
29.0,0.7857142857142857,0.0,-0.0082977945
29.0,0.8571428571428571,0.0,-0.007747342
29.0,0.9285714285714285,0.0,-0.014122703
29.0,1.0,0.0,-0.028102078
29.0,0.0,0.07142857142857142,-0.012664479
29.0,0.07142857142857142,0.07142857142857142,0.016035132
29.0,0.14285714285714285,0.07142857142857142,0.039544836
29.0,0.21428571428571427,0.07142857142857142,0.058058634
29.0,0.2857142857142857,0.07142857142857142,0.074300244
29.0,0.3571428571428571,0.07142857142857142,0.09296814
29.0,0.42857142857142855,0.07142857142857142,0.11222093
29.0,0.5,0.07142857142857142,0.11907258
29.0,0.5714285714285714,0.07142857142857142,0.108056866
29.0,0.6428571428571428,0.07142857142857142,0.09054474
29.0,0.7142857142857142,0.07142857142857142,0.07577221
29.0,0.7857142857142857,0.07142857142857142,0.061367773
29.0,0.8571428571428571,0.07142857142857142,0.042313285
29.0,0.9285714285714285,0.07142857142857142,0.016823567
29.0,1.0,0.07142857142857142,-0.014887826
29.0,0.0,0.14285714285714285,-0.009434304
29.0,0.07142857142857142,0.14285714285714285,0.03758447
29.0,0.14285714285714285,0.14285714285714285,0.08170324
29.0,0.21428571428571427,0.14285714285714285,0.12227703
29.0,0.2857142857142857,0.14285714285714285,0.16043855
29.0,0.3571428571428571,0.14285714285714285,0.19926687
29.0,0.42857142857142855,0.14285714285714285,0.23507449
29.0,0.5,0.14285714285714285,0.24890098
29.0,0.5714285714285714,0.14285714285714285,0.23099233
29.0,0.6428571428571428,0.14285714285714285,0.19765882
29.0,0.7142857142857142,0.14285714285714285,0.16325067
29.0,0.7857142857142857,0.14285714285714285,0.127063
29.0,0.8571428571428571,0.14285714285714285,0.086079136
29.0,0.9285714285714285,0.14285714285714285,0.04024387
29.0,1.0,0.14285714285714285,-0.009875753
29.0,0.0,0.21428571428571427,-0.010229774
29.0,0.07142857142857142,0.21428571428571427,0.056006588
29.0,0.14285714285714285,0.21428571428571427,0.12135822
29.0,0.21428571428571427,0.21428571428571427,0.18422312
29.0,0.2857142857142857,0.21428571428571427,0.2442058
29.0,0.3571428571428571,0.21428571428571427,0.3028889
29.0,0.42857142857142855,0.21428571428571427,0.35537806
29.0,0.5,0.21428571428571427,0.37703303
29.0,0.5714285714285714,0.21428571428571427,0.35233924
29.0,0.6428571428571428,0.21428571428571427,0.30232054
29.0,0.7142857142857142,0.21428571428571427,0.24677336
29.0,0.7857142857142857,0.21428571428571427,0.18759993
29.0,0.8571428571428571,0.21428571428571427,0.124443136
29.0,0.9285714285714285,0.21428571428571427,0.05836092
29.0,1.0,0.21428571428571427,-0.010204346
29.0,0.0,0.2857142857142857,-0.012842734
29.0,0.07142857142857142,0.2857142857142857,0.073578656
29.0,0.14285714285714285,0.2857142857142857,0.16040744
29.0,0.21428571428571427,0.2857142857142857,0.24478051
29.0,0.2857142857142857,0.2857142857142857,0.32498193
29.0,0.3571428571428571,0.2857142857142857,0.4017245
29.0,0.42857142857142855,0.2857142857142857,0.4698517
29.0,0.5,0.2857142857142857,0.4997748
29.0,0.5714285714285714,0.2857142857142857,0.46874693
29.0,0.6428571428571428,0.2857142857142857,0.4020054
29.0,0.7142857142857142,0.2857142857142857,0.32539284
29.0,0.7857142857142857,0.2857142857142857,0.24428132
29.0,0.8571428571428571,0.2857142857142857,0.16041277
29.0,0.9285714285714285,0.2857142857142857,0.07488275
29.0,1.0,0.2857142857142857,-0.011752547
29.0,0.0,0.3571428571428571,-0.014976372
29.0,0.07142857142857142,0.3571428571428571,0.09201337
29.0,0.14285714285714285,0.3571428571428571,0.19999209
29.0,0.21428571428571427,0.3571428571428571,0.30442
29.0,0.2857142857142857,0.3571428571428571,0.40259436
29.0,0.3571428571428571,0.3571428571428571,0.49528307
29.0,0.42857142857142855,0.3571428571428571,0.57790285
29.0,0.5,0.3571428571428571,0.61634845
29.0,0.5714285714285714,0.3571428571428571,0.57924145
29.0,0.6428571428571428,0.3571428571428571,0.49606842
29.0,0.7142857142857142,0.3571428571428571,0.39990997
29.0,0.7857142857142857,0.3571428571428571,0.29956156
29.0,0.8571428571428571,0.3571428571428571,0.19716045
29.0,0.9285714285714285,0.3571428571428571,0.09327026
29.0,1.0,0.3571428571428571,-0.010396079
29.0,0.0,0.42857142857142855,-0.015684668
29.0,0.07142857142857142,0.42857142857142855,0.10894173
29.0,0.14285714285714285,0.42857142857142855,0.23522872
29.0,0.21428571428571427,0.42857142857142855,0.35674825
29.0,0.2857142857142857,0.42857142857142855,0.4699738
29.0,0.3571428571428571,0.42857142857142855,0.5761927
29.0,0.42857142857142855,0.42857142857142855,0.671598
29.0,0.5,0.42857142857142855,0.71785975
29.0,0.5714285714285714,0.42857142857142855,0.6749915
29.0,0.6428571428571428,0.42857142857142855,0.5773988
29.0,0.7142857142857142,0.42857142857142855,0.4656342
29.0,0.7857142857142857,0.42857142857142855,0.3503495
29.0,0.8571428571428571,0.42857142857142855,0.23258778
29.0,0.9285714285714285,0.42857142857142855,0.11289661
29.0,1.0,0.42857142857142855,-0.004812219
29.0,0.0,0.5,-0.015211449
29.0,0.07142857142857142,0.5,0.116131894
29.0,0.14285714285714285,0.5,0.24996418
29.0,0.21428571428571427,0.5,0.37894663
29.0,0.2857142857142857,0.5,0.49901098
29.0,0.3571428571428571,0.5,0.6113818
29.0,0.42857142857142855,0.5,0.71210223
29.0,0.5,0.5,0.7609842
29.0,0.5714285714285714,0.5,0.71519685
29.0,0.6428571428571428,0.5,0.6127319
29.0,0.7142857142857142,0.5,0.4964435
29.0,0.7857142857142857,0.5,0.37594584
29.0,0.8571428571428571,0.5,0.25124678
29.0,0.9285714285714285,0.5,0.123898156
29.0,1.0,0.5,-4.895963e-06
29.0,0.0,0.5714285714285714,-0.012862624
29.0,0.07142857142857142,0.5714285714285714,0.109906435
29.0,0.14285714285714285,0.5714285714285714,0.23452741
29.0,0.21428571428571427,0.5714285714285714,0.3552
29.0,0.2857142857142857,0.5714285714285714,0.46910185
29.0,0.3571428571428571,0.5714285714285714,0.5769369
29.0,0.42857142857142855,0.5714285714285714,0.6719884
29.0,0.5,0.5714285714285714,0.71512866
29.0,0.5714285714285714,0.5714285714285714,0.67084455
29.0,0.6428571428571428,0.5714285714285714,0.57640815
29.0,0.7142857142857142,0.5714285714285714,0.4690038
29.0,0.7857142857142857,0.5714285714285714,0.3558205
29.0,0.8571428571428571,0.5714285714285714,0.23711665
29.0,0.9285714285714285,0.5714285714285714,0.11550846
29.0,1.0,0.5714285714285714,-0.0024248818
29.0,0.0,0.6428571428571428,-0.009863042
29.0,0.07142857142857142,0.6428571428571428,0.09500894
29.0,0.14285714285714285,0.6428571428571428,0.20009072
29.0,0.21428571428571427,0.6428571428571428,0.30258247
29.0,0.2857142857142857,0.6428571428571428,0.4021805
29.0,0.3571428571428571,0.6428571428571428,0.49919486
29.0,0.42857142857142855,0.6428571428571428,0.58352274
29.0,0.5,0.6428571428571428,0.61941063
29.0,0.5714285714285714,0.6428571428571428,0.58102053
29.0,0.6428571428571428,0.6428571428571428,0.49968642
29.0,0.7142857142857142,0.6428571428571428,0.40581968
29.0,0.7857142857142857,0.6428571428571428,0.30621973
29.0,0.8571428571428571,0.6428571428571428,0.20203704
29.0,0.9285714285714285,0.6428571428571428,0.095808014
29.0,1.0,0.6428571428571428,-0.007440918
29.0,0.0,0.7142857142857142,-0.0070926407
29.0,0.07142857142857142,0.7142857142857142,0.07750377
29.0,0.14285714285714285,0.7142857142857142,0.16055618
29.0,0.21428571428571427,0.7142857142857142,0.24167436
29.0,0.2857142857142857,0.7142857142857142,0.32237163
29.0,0.3571428571428571,0.7142857142857142,0.40279946
29.0,0.42857142857142855,0.7142857142857142,0.4722165
29.0,0.5,0.7142857142857142,0.50160027
29.0,0.5714285714285714,0.7142857142857142,0.47217536
29.0,0.6428571428571428,0.7142857142857142,0.4060454
29.0,0.7142857142857142,0.7142857142857142,0.3282195
29.0,0.7857142857142857,0.7142857142857142,0.24648848
29.0,0.8571428571428571,0.7142857142857142,0.16209832
29.0,0.9285714285714285,0.7142857142857142,0.07608212
29.0,1.0,0.7142857142857142,-0.008908012
29.0,0.0,0.7857142857142857,-0.0045883665
29.0,0.07142857142857142,0.7857142857142857,0.060396716
29.0,0.14285714285714285,0.7857142857142857,0.122145735
29.0,0.21428571428571427,0.7857142857142857,0.18166849
29.0,0.2857142857142857,0.7857142857142857,0.2413745
29.0,0.3571428571428571,0.7857142857142857,0.3015307
29.0,0.42857142857142855,0.7857142857142857,0.3531101
29.0,0.5,0.7857142857142857,0.37520367
29.0,0.5714285714285714,0.7857142857142857,0.35444298
29.0,0.6428571428571428,0.7857142857142857,0.30442736
29.0,0.7142857142857142,0.7857142857142857,0.24476853
29.0,0.7857142857142857,0.7857142857142857,0.1834715
29.0,0.8571428571428571,0.7857142857142857,0.12113065
29.0,0.9285714285714285,0.7857142857142857,0.056798913
29.0,1.0,0.7857142857142857,-0.009142016
29.0,0.0,0.8571428571428571,-0.0033930922
29.0,0.07142857142857142,0.8571428571428571,0.042939365
29.0,0.14285714285714285,0.8571428571428571,0.08425953
29.0,0.21428571428571427,0.8571428571428571,0.12235569
29.0,0.2857142857142857,0.8571428571428571,0.16013432
29.0,0.3571428571428571,0.8571428571428571,0.19841056
29.0,0.42857142857142855,0.8571428571428571,0.23118988
29.0,0.5,0.8571428571428571,0.24540389
29.0,0.5714285714285714,0.8571428571428571,0.23237747
29.0,0.6428571428571428,0.8571428571428571,0.19925761
29.0,0.7142857142857142,0.8571428571428571,0.15940388
29.0,0.7857142857142857,0.8571428571428571,0.119366966
29.0,0.8571428571428571,0.8571428571428571,0.07891014
29.0,0.9285714285714285,0.8571428571428571,0.03560599
29.0,1.0,0.8571428571428571,-0.011856739
29.0,0.0,0.9285714285714285,-0.0063199485
29.0,0.07142857142857142,0.9285714285714285,0.021587439
29.0,0.14285714285714285,0.9285714285714285,0.042755723
29.0,0.21428571428571427,0.9285714285714285,0.059641622
29.0,0.2857142857142857,0.9285714285714285,0.07572268
29.0,0.3571428571428571,0.9285714285714285,0.09288626
29.0,0.42857142857142855,0.9285714285714285,0.108583696
29.0,0.5,0.9285714285714285,0.116121925
29.0,0.5714285714285714,0.9285714285714285,0.110419
29.0,0.6428571428571428,0.9285714285714285,0.094078474
29.0,0.7142857142857142,0.9285714285714285,0.07420731
29.0,0.7857142857142857,0.9285714285714285,0.054743282
29.0,0.8571428571428571,0.9285714285714285,0.034675673
29.0,0.9285714285714285,0.9285714285714285,0.010810676
29.0,1.0,0.9285714285714285,-0.019230872
29.0,0.0,1.0,-0.01755758
29.0,0.07142857142857142,1.0,-0.0082982695
29.0,0.14285714285714285,1.0,-0.0068395836
29.0,0.21428571428571427,1.0,-0.009844869
29.0,0.2857142857142857,1.0,-0.013045601
29.0,0.3571428571428571,1.0,-0.013277878
29.0,0.42857142857142855,1.0,-0.010287092
29.0,0.5,1.0,-0.0066855373
29.0,0.5714285714285714,1.0,-0.0054548467
29.0,0.6428571428571428,1.0,-0.0068543823
29.0,0.7142857142857142,1.0,-0.008673162
29.0,0.7857142857142857,1.0,-0.00973839
29.0,0.8571428571428571,1.0,-0.011796785
29.0,0.9285714285714285,1.0,-0.018328767
29.0,1.0,1.0,-0.032310747
30.0,0.0,0.0,-0.02180276
30.0,0.07142857142857142,0.0,-0.010533157
30.0,0.14285714285714285,0.0,-0.0064281216
30.0,0.21428571428571427,0.0,-0.008358846
30.0,0.2857142857142857,0.0,-0.012052695
30.0,0.3571428571428571,0.0,-0.011579192
30.0,0.42857142857142855,0.0,-0.00690993
30.0,0.5,0.0,-0.00557362
30.0,0.5714285714285714,0.0,-0.01017511
30.0,0.6428571428571428,0.0,-0.013977514
30.0,0.7142857142857142,0.0,-0.012188693
30.0,0.7857142857142857,0.0,-0.00805403
30.0,0.8571428571428571,0.0,-0.007478473
30.0,0.9285714285714285,0.0,-0.013842666
30.0,1.0,0.0,-0.027855381
30.0,0.0,0.07142857142857142,-0.012701643
30.0,0.07142857142857142,0.07142857142857142,0.015981082
30.0,0.14285714285714285,0.07142857142857142,0.039517175
30.0,0.21428571428571427,0.07142857142857142,0.05811491
30.0,0.2857142857142857,0.07142857142857142,0.074474074
30.0,0.3571428571428571,0.07142857142857142,0.093159474
30.0,0.42857142857142855,0.07142857142857142,0.11223707
30.0,0.5,0.07142857142857142,0.11898223
30.0,0.5714285714285714,0.07142857142857142,0.10809927
30.0,0.6428571428571428,0.07142857142857142,0.09070588
30.0,0.7142857142857142,0.07142857142857142,0.07595181
30.0,0.7857142857142857,0.07142857142857142,0.061571233
30.0,0.8571428571428571,0.07142857142857142,0.042551897
30.0,0.9285714285714285,0.07142857142857142,0.01706615
30.0,1.0,0.07142857142857142,-0.01468476
30.0,0.0,0.14285714285714285,-0.0093988115
30.0,0.07142857142857142,0.14285714285714285,0.037580863
30.0,0.14285714285714285,0.14285714285714285,0.081697054
30.0,0.21428571428571427,0.14285714285714285,0.122317396
30.0,0.2857142857142857,0.14285714285714285,0.1605437
30.0,0.3571428571428571,0.14285714285714285,0.19929688
30.0,0.42857142857142855,0.14285714285714285,0.23475613
30.0,0.5,0.14285714285714285,0.24837077
30.0,0.5714285714285714,0.14285714285714285,0.23071933
30.0,0.6428571428571428,0.14285714285714285,0.19767761
30.0,0.7142857142857142,0.14285714285714285,0.16338462
30.0,0.7857142857142857,0.14285714285714285,0.127259
30.0,0.8571428571428571,0.14285714285714285,0.0863133
30.0,0.9285714285714285,0.14285714285714285,0.040479586
30.0,1.0,0.14285714285714285,-0.009673462
30.0,0.0,0.21428571428571427,-0.010065001
30.0,0.07142857142857142,0.21428571428571427,0.056094006
30.0,0.14285714285714285,0.21428571428571427,0.121392824
30.0,0.21428571428571427,0.21428571428571427,0.18425138
30.0,0.2857142857142857,0.21428571428571427,0.24424437
30.0,0.3571428571428571,0.21428571428571427,0.30277586
30.0,0.42857142857142855,0.21428571428571427,0.35475498
30.0,0.5,0.21428571428571427,0.3760782
30.0,0.5714285714285714,0.21428571428571427,0.35178235
30.0,0.6428571428571428,0.21428571428571427,0.30224207
30.0,0.7142857142857142,0.21428571428571427,0.24689177
30.0,0.7857142857142857,0.21428571428571427,0.18779251
30.0,0.8571428571428571,0.21428571428571427,0.1246699
30.0,0.9285714285714285,0.21428571428571427,0.058602497
30.0,1.0,0.21428571428571427,-0.009965205
30.0,0.0,0.2857142857142857,-0.012524469
30.0,0.07142857142857142,0.2857142857142857,0.07375803
30.0,0.14285714285714285,0.2857142857142857,0.16045368
30.0,0.21428571428571427,0.2857142857142857,0.24474144
30.0,0.2857142857142857,0.2857142857142857,0.32489428
30.0,0.3571428571428571,0.2857142857142857,0.4014323
30.0,0.42857142857142855,0.2857142857142857,0.46891874
30.0,0.5,0.2857142857142857,0.49838316
30.0,0.5714285714285714,0.2857142857142857,0.46789363
30.0,0.6428571428571428,0.2857142857142857,0.4018085
30.0,0.7142857142857142,0.2857142857142857,0.32543942
30.0,0.7857142857142857,0.2857142857142857,0.24438807
30.0,0.8571428571428571,0.2857142857142857,0.16056393
30.0,0.9285714285714285,0.2857142857142857,0.07510429
30.0,1.0,0.2857142857142857,-0.011458346
30.0,0.0,0.3571428571428571,-0.014587131
30.0,0.07142857142857142,0.3571428571428571,0.09217859
30.0,0.14285714285714285,0.3571428571428571,0.19990352
30.0,0.21428571428571427,0.3571428571428571,0.30412382
30.0,0.2857142857142857,0.3571428571428571,0.40215987
30.0,0.3571428571428571,0.3571428571428571,0.49457657
30.0,0.42857142857142855,0.3571428571428571,0.5764178
30.0,0.5,0.3571428571428571,0.61424214
30.0,0.5714285714285714,0.3571428571428571,0.577807
30.0,0.6428571428571428,0.3571428571428571,0.49548525
30.0,0.7142857142857142,0.3571428571428571,0.39962485
30.0,0.7857142857142857,0.3571428571428571,0.299355
30.0,0.8571428571428571,0.3571428571428571,0.19708076
30.0,0.9285714285714285,0.3571428571428571,0.09339684
30.0,1.0,0.3571428571428571,-0.010062278
30.0,0.0,0.42857142857142855,-0.015407232
30.0,0.07142857142857142,0.42857142857142855,0.10889928
30.0,0.14285714285714285,0.42857142857142855,0.23478135
30.0,0.21428571428571427,0.42857142857142855,0.35591465
30.0,0.2857142857142857,0.42857142857142855,0.46882832
30.0,0.3571428571428571,0.42857142857142855,0.574603
30.0,0.42857142857142855,0.42857142857142855,0.66898614
30.0,0.5,0.42857142857142855,0.71438515
30.0,0.5714285714285714,0.42857142857142855,0.67233425
30.0,0.6428571428571428,0.42857142857142855,0.57588965
30.0,0.7142857142857142,0.42857142857142855,0.4646072
30.0,0.7857142857142857,0.42857142857142855,0.34955043
30.0,0.8571428571428571,0.42857142857142855,0.23211202
30.0,0.9285714285714285,0.42857142857142855,0.112838455
30.0,1.0,0.42857142857142855,-0.004487724
30.0,0.0,0.5,-0.015004718
30.0,0.07142857142857142,0.5,0.115987904
30.0,0.14285714285714285,0.5,0.24934524
30.0,0.21428571428571427,0.5,0.3778263
30.0,0.2857142857142857,0.5,0.49743193
30.0,0.3571428571428571,0.5,0.6091802
30.0,0.42857142857142855,0.5,0.70865464
30.0,0.5,0.5,0.7564851
30.0,0.5714285714285714,0.5,0.7116446
30.0,0.6428571428571428,0.5,0.61059487
30.0,0.7142857142857142,0.5,0.4949627
30.0,0.7857142857142857,0.5,0.37480134
30.0,0.8571428571428571,0.5,0.2505333
30.0,0.9285714285714285,0.5,0.123719536
30.0,1.0,0.5,0.0003050482
30.0,0.0,0.5714285714285714,-0.012477846
30.0,0.07142857142857142,0.5714285714285714,0.11002107
30.0,0.14285714285714285,0.5714285714285714,0.2342856
30.0,0.21428571428571427,0.5714285714285714,0.35459822
30.0,0.2857142857142857,0.5714285714285714,0.46818018
30.0,0.3571428571428571,0.5714285714285714,0.57550687
30.0,0.42857142857142855,0.5714285714285714,0.66943353
30.0,0.5,0.5714285714285714,0.7116454
30.0,0.5714285714285714,0.5714285714285714,0.66828084
30.0,0.6428571428571428,0.5714285714285714,0.5751248
30.0,0.7142857142857142,0.5714285714285714,0.4682041
30.0,0.7857142857142857,0.5714285714285714,0.35514784
30.0,0.8571428571428571,0.5714285714285714,0.2366744
30.0,0.9285714285714285,0.5714285714285714,0.11546443
30.0,1.0,0.5714285714285714,-0.002045692
30.0,0.0,0.6428571428571428,-0.009359197
30.0,0.07142857142857142,0.6428571428571428,0.0953013
30.0,0.14285714285714285,0.6428571428571428,0.20015253
30.0,0.21428571428571427,0.6428571428571428,0.3024699
30.0,0.2857142857142857,0.6428571428571428,0.4019463
30.0,0.3571428571428571,0.6428571428571428,0.49862826
30.0,0.42857142857142855,0.6428571428571428,0.5820592
30.0,0.5,0.6428571428571428,0.61722934
30.0,0.5714285714285714,0.6428571428571428,0.5795777
30.0,0.6428571428571428,0.6428571428571428,0.49924374
30.0,0.7142857142857142,0.6428571428571428,0.40568322
30.0,0.7857142857142857,0.6428571428571428,0.30604795
30.0,0.8571428571428571,0.6428571428571428,0.20190981
30.0,0.9285714285714285,0.6428571428571428,0.09591238
30.0,1.0,0.6428571428571428,-0.007021771
30.0,0.0,0.7142857142857142,-0.0066399286
30.0,0.07142857142857142,0.7142857142857142,0.07775568
30.0,0.14285714285714285,0.7142857142857142,0.16064139
30.0,0.21428571428571427,0.7142857142857142,0.24169102
30.0,0.2857142857142857,0.7142857142857142,0.32237837
30.0,0.3571428571428571,0.7142857142857142,0.40258867
30.0,0.42857142857142855,0.7142857142857142,0.47131437
30.0,0.5,0.7142857142857142,0.500135
30.0,0.5714285714285714,0.7142857142857142,0.47119212
30.0,0.6428571428571428,0.7142857142857142,0.40579474
30.0,0.7142857142857142,0.7142857142857142,0.3281971
30.0,0.7857142857142857,0.7142857142857142,0.24640805
30.0,0.8571428571428571,0.7142857142857142,0.16201405
30.0,0.9285714285714285,0.7142857142857142,0.07616047
30.0,1.0,0.7142857142857142,-0.008570486
30.0,0.0,0.7857142857142857,-0.0042668665
30.0,0.07142857142857142,0.7857142857142857,0.060523838
30.0,0.14285714285714285,0.7857142857142857,0.12214992
30.0,0.21428571428571427,0.7857142857142857,0.18167034
30.0,0.2857142857142857,0.7857142857142857,0.24143082
30.0,0.3571428571428571,0.7857142857142857,0.3014556
30.0,0.42857142857142855,0.7857142857142857,0.35253537
30.0,0.5,0.7857142857142857,0.37419945
30.0,0.5714285714285714,0.7857142857142857,0.3537011
30.0,0.6428571428571428,0.7857142857142857,0.30418548
30.0,0.7142857142857142,0.7857142857142857,0.24470073
30.0,0.7857142857142857,0.7857142857142857,0.18335022
30.0,0.8571428571428571,0.7857142857142857,0.12098766
30.0,0.9285714285714285,0.7857142857142857,0.056776203
30.0,1.0,0.7857142857142857,-0.008943935
30.0,0.0,0.8571428571428571,-0.0032106647
30.0,0.07142857142857142,0.8571428571428571,0.04294759
30.0,0.14285714285714285,0.8571428571428571,0.08419446
30.0,0.21428571428571427,0.8571428571428571,0.12234811
30.0,0.2857142857142857,0.8571428571428571,0.16023387
30.0,0.3571428571428571,0.8571428571428571,0.198462
30.0,0.42857142857142855,0.8571428571428571,0.2309242
30.0,0.5,0.8571428571428571,0.24484515
30.0,0.5714285714285714,0.8571428571428571,0.23194373
30.0,0.6428571428571428,0.8571428571428571,0.19914027
30.0,0.7142857142857142,0.8571428571428571,0.15939772
30.0,0.7857142857142857,0.8571428571428571,0.1192862
30.0,0.8571428571428571,0.8571428571428571,0.07876367
30.0,0.9285714285714285,0.8571428571428571,0.03551557
30.0,1.0,0.8571428571428571,-0.011780833
30.0,0.0,0.9285714285714285,-0.0062543573
30.0,0.07142857142857142,0.9285714285714285,0.021522474
30.0,0.14285714285714285,0.9285714285714285,0.042683467
30.0,0.21428571428571427,0.9285714285714285,0.059690125
30.0,0.2857142857142857,0.9285714285714285,0.075925514
30.0,0.3571428571428571,0.9285714285714285,0.09311674
30.0,0.42857142857142855,0.9285714285714285,0.108652346
30.0,0.5,0.9285714285714285,0.11602374
30.0,0.5714285714285714,0.9285714285714285,0.11038249
30.0,0.6428571428571428,0.9285714285714285,0.0942259
30.0,0.7142857142857142,0.9285714285714285,0.07439872
30.0,0.7857142857142857,0.9285714285714285,0.054817356
30.0,0.8571428571428571,0.9285714285714285,0.034619134
30.0,0.9285714285714285,0.9285714285714285,0.010726697
30.0,1.0,0.9285714285714285,-0.019224875
30.0,0.0,1.0,-0.017561212
30.0,0.07142857142857142,1.0,-0.008361013
30.0,0.14285714285714285,1.0,-0.0068304986
30.0,0.21428571428571427,1.0,-0.009658603
30.0,0.2857142857142857,1.0,-0.012673379
30.0,0.3571428571428571,1.0,-0.012825181
30.0,0.42857142857142855,1.0,-0.00988599
30.0,0.5,1.0,-0.006355782
30.0,0.5714285714285714,1.0,-0.0050825225
30.0,0.6428571428571428,1.0,-0.0063817026
30.0,0.7142857142857142,1.0,-0.008212981
30.0,0.7857142857142857,1.0,-0.009436806
30.0,0.8571428571428571,1.0,-0.01168909
30.0,0.9285714285714285,1.0,-0.018334594
30.0,1.0,1.0,-0.032311823
31.0,0.0,0.0,-0.021859024
31.0,0.07142857142857142,0.0,-0.0105970325
31.0,0.14285714285714285,0.0,-0.0064505627
31.0,0.21428571428571427,0.0,-0.008268942
31.0,0.2857142857142857,0.0,-0.011797476
31.0,0.3571428571428571,0.0,-0.011216675
31.0,0.42857142857142855,0.0,-0.0065760342
31.0,0.5,0.0,-0.0052702883
31.0,0.5714285714285714,0.0,-0.0098356875
31.0,0.6428571428571428,0.0,-0.0136518525
31.0,0.7142857142857142,0.0,-0.011927747
31.0,0.7857142857142857,0.0,-0.007813037
31.0,0.8571428571428571,0.0,-0.0072121853
31.0,0.9285714285714285,0.0,-0.013561354
31.0,1.0,0.0,-0.027600847
31.0,0.0,0.07142857142857142,-0.012730566
31.0,0.07142857142857142,0.07142857142857142,0.01593041
31.0,0.14285714285714285,0.07142857142857142,0.03948966
31.0,0.21428571428571427,0.07142857142857142,0.05816999
31.0,0.2857142857142857,0.07142857142857142,0.07464676
31.0,0.3571428571428571,0.07142857142857142,0.093351945
31.0,0.42857142857142855,0.07142857142857142,0.112258025
31.0,0.5,0.07142857142857142,0.118898995
31.0,0.5714285714285714,0.07142857142857142,0.10814545
31.0,0.6428571428571428,0.07142857142857142,0.09086744
31.0,0.7142857142857142,0.07142857142857142,0.076127894
31.0,0.7857142857142857,0.07142857142857142,0.06176869
31.0,0.8571428571428571,0.07142857142857142,0.042784832
31.0,0.9285714285714285,0.07142857142857142,0.017308585
31.0,1.0,0.07142857142857142,-0.014473849
31.0,0.0,0.14285714285714285,-0.0093524335
31.0,0.07142857142857142,0.14285714285714285,0.037582256
31.0,0.14285714285714285,0.14285714285714285,0.08168967
31.0,0.21428571428571427,0.14285714285714285,0.12235341
31.0,0.2857142857142857,0.14285714285714285,0.1606418
31.0,0.3571428571428571,0.14285714285714285,0.19931905
31.0,0.42857142857142855,0.14285714285714285,0.23443581
31.0,0.5,0.14285714285714285,0.24784413
31.0,0.5714285714285714,0.14285714285714285,0.23044531
31.0,0.6428571428571428,0.14285714285714285,0.19769229
31.0,0.7142857142857142,0.14285714285714285,0.16351157
31.0,0.7857142857142857,0.14285714285714285,0.12744552
31.0,0.8571428571428571,0.14285714285714285,0.086539276
31.0,0.9285714285714285,0.14285714285714285,0.040713273
31.0,1.0,0.14285714285714285,-0.009464295
31.0,0.0,0.21428571428571427,-0.009887788
31.0,0.07142857142857142,0.21428571428571427,0.05618546
31.0,0.14285714285714285,0.21428571428571427,0.12142507
31.0,0.21428571428571427,0.21428571428571427,0.18427245
31.0,0.2857142857142857,0.21428571428571427,0.24427113
31.0,0.3571428571428571,0.21428571428571427,0.30264983
31.0,0.42857142857142855,0.21428571428571427,0.35412744
31.0,0.5,0.21428571428571427,0.37512913
31.0,0.5714285714285714,0.21428571428571427,0.3512241
31.0,0.6428571428571428,0.21428571428571427,0.30215698
31.0,0.7142857142857142,0.21428571428571427,0.24700043
31.0,0.7857142857142857,0.21428571428571427,0.18797278
31.0,0.8571428571428571,0.21428571428571427,0.1248853
31.0,0.9285714285714285,0.21428571428571427,0.058838993
31.0,1.0,0.21428571428571427,-0.009721079
31.0,0.0,0.2857142857142857,-0.012193974
31.0,0.07142857142857142,0.2857142857142857,0.073939286
31.0,0.14285714285714285,0.2857142857142857,0.16049449
31.0,0.21428571428571427,0.2857142857142857,0.24469274
31.0,0.2857142857142857,0.2857142857142857,0.32479453
31.0,0.3571428571428571,0.2857142857142857,0.4011272
31.0,0.42857142857142855,0.2857142857142857,0.46798417
31.0,0.5,0.2857142857142857,0.49700278
31.0,0.5714285714285714,0.2857142857142857,0.46703944
31.0,0.6428571428571428,0.2857142857142857,0.40160254
31.0,0.7142857142857142,0.2857142857142857,0.32547477
31.0,0.7857142857142857,0.2857142857142857,0.24448109
31.0,0.8571428571428571,0.2857142857142857,0.1607008
31.0,0.9285714285714285,0.2857142857142857,0.07531831
31.0,1.0,0.2857142857142857,-0.011159816
31.0,0.0,0.3571428571428571,-0.014183643
31.0,0.07142857142857142,0.3571428571428571,0.09234488
31.0,0.14285714285714285,0.3571428571428571,0.19980799
31.0,0.21428571428571427,0.3571428571428571,0.30381992
31.0,0.2857142857142857,0.3571428571428571,0.4017186
31.0,0.3571428571428571,0.3571428571428571,0.49386406
31.0,0.42857142857142855,0.3571428571428571,0.574938
31.0,0.5,0.3571428571428571,0.6121571
31.0,0.5714285714285714,0.3571428571428571,0.576376
31.0,0.6428571428571428,0.3571428571428571,0.49489504
31.0,0.7142857142857142,0.3571428571428571,0.39933357
31.0,0.7857142857142857,0.3571428571428571,0.29913756
31.0,0.8571428571428571,0.3571428571428571,0.19698726
31.0,0.9285714285714285,0.3571428571428571,0.09351581
31.0,1.0,0.3571428571428571,-0.009722115
31.0,0.0,0.42857142857142855,-0.015108273
31.0,0.07142857142857142,0.42857142857142855,0.10886345
31.0,0.14285714285714285,0.42857142857142855,0.23433347
31.0,0.21428571428571427,0.42857142857142855,0.35508344
31.0,0.2857142857142857,0.42857142857142855,0.46769303
31.0,0.3571428571428571,0.42857142857142855,0.5730278
31.0,0.42857142857142855,0.42857142857142855,0.66640365
31.0,0.5,0.42857142857142855,0.7109599
31.0,0.5714285714285714,0.42857142857142855,0.66970384
31.0,0.6428571428571428,0.42857142857142855,0.5743938
31.0,0.7142857142857142,0.42857142857142855,0.4635936
31.0,0.7857142857142857,0.42857142857142855,0.34875622
31.0,0.8571428571428571,0.42857142857142855,0.23163068
31.0,0.9285714285714285,0.42857142857142855,0.11277713
31.0,1.0,0.42857142857142855,-0.0041546756
31.0,0.0,0.5,-0.014769399
31.0,0.07142857142857142,0.5,0.11585755
31.0,0.14285714285714285,0.5,0.24873322
31.0,0.21428571428571427,0.5,0.3767187
31.0,0.2857142857142857,0.5,0.49587697
31.0,0.3571428571428571,0.5,0.60701287
31.0,0.42857142857142855,0.5,0.7052622
31.0,0.5,0.5,0.75207
31.0,0.5714285714285714,0.5,0.7081513
31.0,0.6428571428571428,0.5,0.60849375
31.0,0.7142857142857142,0.5,0.4935128
31.0,0.7857142857142857,0.5,0.37367225
31.0,0.8571428571428571,0.5,0.2498197
31.0,0.9285714285714285,0.5,0.12353974
31.0,1.0,0.5,0.0006256541
31.0,0.0,0.5714285714285714,-0.012072445
31.0,0.07142857142857142,0.5714285714285714,0.110141784
31.0,0.14285714285714285,0.5714285714285714,0.23404121
31.0,0.21428571428571427,0.5714285714285714,0.35399678
31.0,0.2857142857142857,0.5714285714285714,0.46726418
31.0,0.3571428571428571,0.5714285714285714,0.57408386
31.0,0.42857142857142855,0.5714285714285714,0.6668992
31.0,0.5,0.5714285714285714,0.7082089
31.0,0.5714285714285714,0.5714285714285714,0.665742
31.0,0.6428571428571428,0.5714285714285714,0.57384485
31.0,0.7142857142857142,0.5714285714285714,0.46740696
31.0,0.7857142857142857,0.5714285714285714,0.35447323
31.0,0.8571428571428571,0.5714285714285714,0.23622277
31.0,0.9285714285714285,0.5714285714285714,0.115414016
31.0,1.0,0.5714285714285714,-0.0016591409
31.0,0.0,0.6428571428571428,-0.008847513
31.0,0.07142857142857142,0.6428571428571428,0.09558922
31.0,0.14285714285714285,0.6428571428571428,0.20020461
31.0,0.21428571428571427,0.6428571428571428,0.30234885
31.0,0.2857142857142857,0.6428571428571428,0.40170395
31.0,0.3571428571428571,0.6428571428571428,0.4980482
31.0,0.42857142857142855,0.6428571428571428,0.58058727
31.0,0.5,0.6428571428571428,0.6150587
31.0,0.5714285714285714,0.6428571428571428,0.5781296
31.0,0.6428571428571428,0.6428571428571428,0.4987778
31.0,0.7142857142857142,0.6428571428571428,0.4055261
31.0,0.7857142857142857,0.6428571428571428,0.30585948
31.0,0.8571428571428571,0.6428571428571428,0.20176727
31.0,0.9285714285714285,0.6428571428571428,0.09600867
31.0,1.0,0.6428571428571428,-0.0065965513
31.0,0.0,0.7142857142857142,-0.0061890716
31.0,0.07142857142857142,0.7142857142857142,0.07799929
31.0,0.14285714285714285,0.7142857142857142,0.16071717
31.0,0.21428571428571427,0.7142857142857142,0.24170145
31.0,0.2857142857142857,0.7142857142857142,0.32237887
31.0,0.3571428571428571,0.7142857142857142,0.40236527
31.0,0.42857142857142855,0.7142857142857142,0.47040153
31.0,0.5,0.7142857142857142,0.4986723
31.0,0.5714285714285714,0.7142857142857142,0.4702009
31.0,0.6428571428571428,0.7142857142857142,0.40552154
31.0,0.7142857142857142,0.7142857142857142,0.32815456
31.0,0.7857142857142857,0.7142857142857142,0.24631524
31.0,0.8571428571428571,0.7142857142857142,0.16192128
31.0,0.9285714285714285,0.7142857142857142,0.07623571
31.0,1.0,0.7142857142857142,-0.008225464
31.0,0.0,0.7857142857142857,-0.003951461
31.0,0.07142857142857142,0.7857142857142857,0.06064202
31.0,0.14285714285714285,0.7857142857142857,0.122148104
31.0,0.21428571428571427,0.7857142857142857,0.18167078
31.0,0.2857142857142857,0.7857142857142857,0.24148583
31.0,0.3571428571428571,0.7857142857142857,0.3013728
31.0,0.42857142857142855,0.7857142857142857,0.3519533
31.0,0.5,0.7857142857142857,0.37319607
31.0,0.5714285714285714,0.7857142857142857,0.35295257
31.0,0.6428571428571428,0.7857142857142857,0.30392826
31.0,0.7142857142857142,0.7857142857142857,0.24462196
31.0,0.7857142857142857,0.7857142857142857,0.18322545
31.0,0.8571428571428571,0.7857142857142857,0.12084556
31.0,0.9285714285714285,0.7857142857142857,0.056757383
31.0,1.0,0.7857142857142857,-0.008734983
31.0,0.0,0.8571428571428571,-0.0030378709
31.0,0.07142857142857142,0.8571428571428571,0.042947732
31.0,0.14285714285714285,0.8571428571428571,0.084127285
31.0,0.21428571428571427,0.8571428571428571,0.12234432
31.0,0.2857142857142857,0.8571428571428571,0.16033688
31.0,0.3571428571428571,0.8571428571428571,0.19851157
31.0,0.42857142857142855,0.8571428571428571,0.23065616
31.0,0.5,0.8571428571428571,0.24428785
31.0,0.5714285714285714,0.8571428571428571,0.23150755
31.0,0.6428571428571428,0.8571428571428571,0.19901511
31.0,0.7142857142857142,0.8571428571428571,0.15938893
31.0,0.7857142857142857,0.8571428571428571,0.11920985
31.0,0.8571428571428571,0.8571428571428571,0.0786248
31.0,0.9285714285714285,0.8571428571428571,0.035434734
31.0,1.0,0.8571428571428571,-0.011692689
31.0,0.0,0.9285714285714285,-0.0061996253
31.0,0.07142857142857142,0.9285714285714285,0.021451823
31.0,0.14285714285714285,0.9285714285714285,0.04261287
31.0,0.21428571428571427,0.9285714285714285,0.05974576
31.0,0.2857142857142857,0.9285714285714285,0.076136135
31.0,0.3571428571428571,0.9285714285714285,0.0933527
31.0,0.42857142857142855,0.9285714285714285,0.108726874
31.0,0.5,0.9285714285714285,0.11593298
31.0,0.5714285714285714,0.9285714285714285,0.11035045
31.0,0.6428571428571428,0.9285714285714285,0.09437447
31.0,0.7142857142857142,0.9285714285714285,0.07459421
31.0,0.7857142857142857,0.9285714285714285,0.054902263
31.0,0.8571428571428571,0.9285714285714285,0.03457582
31.0,0.9285714285714285,0.9285714285714285,0.010654888
31.0,1.0,0.9285714285714285,-0.019206177
31.0,0.0,1.0,-0.017574482
31.0,0.07142857142857142,1.0,-0.008426017
31.0,0.14285714285714285,1.0,-0.0068156673
31.0,0.21428571428571427,1.0,-0.009460973
31.0,0.2857142857142857,1.0,-0.012287433
31.0,0.3571428571428571,1.0,-0.012358145
31.0,0.42857142857142855,1.0,-0.009470467
31.0,0.5,1.0,-0.0060097435
31.0,0.5714285714285714,1.0,-0.004696821
31.0,0.6428571428571428,1.0,-0.005899378
31.0,0.7142857142857142,1.0,-0.0077415006
31.0,0.7857142857142857,1.0,-0.009119541
31.0,0.8571428571428571,1.0,-0.011564315
31.0,0.9285714285714285,1.0,-0.018325727
31.0,1.0,1.0,-0.032300405
32.0,0.0,0.0,-0.021911204
32.0,0.07142857142857142,0.0,-0.010660318
32.0,0.14285714285714285,0.0,-0.006472445
32.0,0.21428571428571427,0.0,-0.008176022
32.0,0.2857142857142857,0.0,-0.011534476
32.0,0.3571428571428571,0.0,-0.010843446
32.0,0.42857142857142855,0.0,-0.006228124
32.0,0.5,0.0,-0.0049531283
32.0,0.5714285714285714,0.0,-0.009485823
32.0,0.6428571428571428,0.0,-0.0133199105
32.0,0.7142857142857142,0.0,-0.011666515
32.0,0.7857142857142857,0.0,-0.007576612
32.0,0.8571428571428571,0.0,-0.006950685
32.0,0.9285714285714285,0.0,-0.013280855
32.0,1.0,0.0,-0.027340814
32.0,0.0,0.07142857142857142,-0.012753141
32.0,0.07142857142857142,0.07142857142857142,0.01588203
32.0,0.14285714285714285,0.07142857142857142,0.039461024
32.0,0.21428571428571427,0.07142857142857142,0.05822327
32.0,0.2857142857142857,0.07142857142857142,0.07481785
32.0,0.3571428571428571,0.07142857142857142,0.09354361
32.0,0.42857142857142855,0.07142857142857142,0.112281345
32.0,0.5,0.07142857142857142,0.11882012
32.0,0.5714285714285714,0.07142857142857142,0.108193465
32.0,0.6428571428571428,0.07142857142857142,0.09102792
32.0,0.7142857142857142,0.07142857142857142,0.076298796
32.0,0.7857142857142857,0.07142857142857142,0.061957575
32.0,0.8571428571428571,0.07142857142857142,0.043010674
32.0,0.9285714285714285,0.07142857142857142,0.017549045
32.0,1.0,0.07142857142857142,-0.014257916
32.0,0.0,0.14285714285714285,-0.009296664
32.0,0.07142857142857142,0.14285714285714285,0.03758622
32.0,0.14285714285714285,0.14285714285714285,0.08168054
32.0,0.21428571428571427,0.14285714285714285,0.12238338
32.0,0.2857142857142857,0.14285714285714285,0.16073109
32.0,0.3571428571428571,0.14285714285714285,0.19933158
32.0,0.42857142857142855,0.14285714285714285,0.23411182
32.0,0.5,0.14285714285714285,0.24731946
32.0,0.5714285714285714,0.14285714285714285,0.23016983
32.0,0.6428571428571428,0.14285714285714285,0.1977011
32.0,0.7142857142857142,0.14285714285714285,0.16363001
32.0,0.7857142857142857,0.14285714285714285,0.12762061
32.0,0.8571428571428571,0.14285714285714285,0.08675585
32.0,0.9285714285714285,0.14285714285714285,0.040942863
32.0,1.0,0.14285714285714285,-0.009251081
32.0,0.0,0.21428571428571427,-0.009699781
32.0,0.07142857142857142,0.21428571428571427,0.056279644
32.0,0.14285714285714285,0.21428571428571427,0.12145377
32.0,0.21428571428571427,0.21428571428571427,0.184285
32.0,0.2857142857142857,0.21428571428571427,0.24428654
32.0,0.3571428571428571,0.21428571428571427,0.3025107
32.0,0.42857142857142855,0.21428571428571427,0.3534961
32.0,0.5,0.21428571428571427,0.3741851
32.0,0.5714285714285714,0.21428571428571427,0.35066396
32.0,0.6428571428571428,0.21428571428571427,0.30206406
32.0,0.7142857142857142,0.21428571428571427,0.24709874
32.0,0.7857142857142857,0.21428571428571427,0.18813998
32.0,0.8571428571428571,0.21428571428571427,0.12508832
32.0,0.9285714285714285,0.21428571428571427,0.059068806
32.0,1.0,0.21428571428571427,-0.0094741145
32.0,0.0,0.2857142857142857,-0.011852713
32.0,0.07142857142857142,0.2857142857142857,0.07412184
32.0,0.14285714285714285,0.2857142857142857,0.16053012
32.0,0.21428571428571427,0.2857142857142857,0.24463493
32.0,0.2857142857142857,0.2857142857142857,0.32468277
32.0,0.3571428571428571,0.2857142857142857,0.40080893
32.0,0.42857142857142855,0.2857142857142857,0.46704814
32.0,0.5,0.2857142857142857,0.4956333
32.0,0.5714285714285714,0.2857142857142857,0.46618432
32.0,0.6428571428571428,0.2857142857142857,0.40138713
32.0,0.7142857142857142,0.2857142857142857,0.3254987
32.0,0.7857142857142857,0.2857142857142857,0.24455917
32.0,0.8571428571428571,0.2857142857142857,0.16082197
32.0,0.9285714285714285,0.2857142857142857,0.07552256
32.0,1.0,0.2857142857142857,-0.010858648
32.0,0.0,0.3571428571428571,-0.013768605
32.0,0.07142857142857142,0.3571428571428571,0.09251018
32.0,0.14285714285714285,0.3571428571428571,0.19970596
32.0,0.21428571428571427,0.3571428571428571,0.30350888
32.0,0.2857142857142857,0.3571428571428571,0.40127116
32.0,0.3571428571428571,0.3571428571428571,0.49314594
32.0,0.42857142857142855,0.3571428571428571,0.5734648
32.0,0.5,0.3571428571428571,0.6100931
32.0,0.5714285714285714,0.3571428571428571,0.5749486
32.0,0.6428571428571428,0.3571428571428571,0.4942975
32.0,0.7142857142857142,0.3571428571428571,0.39903542
32.0,0.7857142857142857,0.3571428571428571,0.29891023
32.0,0.8571428571428571,0.3571428571428571,0.19688062
32.0,0.9285714285714285,0.3571428571428571,0.09362606
32.0,1.0,0.3571428571428571,-0.009379373
32.0,0.0,0.42857142857142855,-0.014790387
32.0,0.07142857142857142,0.42857142857142855,0.10883244
32.0,0.14285714285714285,0.42857142857142855,0.23388577
32.0,0.21428571428571427,0.42857142857142855,0.35425624
32.0,0.2857142857142857,0.42857142857142855,0.46656916
32.0,0.3571428571428571,0.42857142857142855,0.5714679
32.0,0.42857142857142855,0.42857142857142855,0.66385245
32.0,0.5,0.42857142857142855,0.70758504
32.0,0.5714285714285714,0.42857142857142855,0.66710186
32.0,0.6428571428571428,0.42857142857142855,0.5729113
32.0,0.7142857142857142,0.42857142857142855,0.46259373
32.0,0.7857142857142857,0.42857142857142855,0.34796706
32.0,0.8571428571428571,0.42857142857142855,0.23114422
32.0,0.9285714285714285,0.42857142857142855,0.11271037
32.0,1.0,0.42857142857142855,-0.0038150856
32.0,0.0,0.5,-0.01450915
32.0,0.07142857142857142,0.5,0.11573864
32.0,0.14285714285714285,0.5,0.24812883
32.0,0.21428571428571427,0.5,0.37562522
32.0,0.2857142857142857,0.5,0.49434817
32.0,0.3571428571428571,0.5,0.60487974
32.0,0.42857142857142855,0.5,0.70192516
32.0,0.5,0.5,0.747738
32.0,0.5714285714285714,0.5,0.7047173
32.0,0.6428571428571428,0.5,0.6064277
32.0,0.7142857142857142,0.5,0.4920929
32.0,0.7857142857142857,0.5,0.37255952
32.0,0.8571428571428571,0.5,0.24910584
32.0,0.9285714285714285,0.5,0.12335702
32.0,1.0,0.5,0.0009538075
32.0,0.0,0.5714285714285714,-0.011649855
32.0,0.07142857142857142,0.5714285714285714,0.11026577
32.0,0.14285714285714285,0.5714285714285714,0.23379415
32.0,0.21428571428571427,0.5714285714285714,0.3533957
32.0,0.2857142857142857,0.5714285714285714,0.46635395
32.0,0.3571428571428571,0.5714285714285714,0.5726681
32.0,0.42857142857142855,0.5714285714285714,0.66438514
32.0,0.5,0.5714285714285714,0.70481837
32.0,0.5714285714285714,0.5714285714285714,0.66322815
32.0,0.6428571428571428,0.5714285714285714,0.57256716
32.0,0.7142857142857142,0.5714285714285714,0.46661276
32.0,0.7857142857142857,0.5714285714285714,0.35379738
32.0,0.8571428571428571,0.5714285714285714,0.23576209
32.0,0.9285714285714285,0.5714285714285714,0.115356214
32.0,1.0,0.5714285714285714,-0.0012675682
32.0,0.0,0.6428571428571428,-0.008331315
32.0,0.07142857142857142,0.6428571428571428,0.09587089
32.0,0.14285714285714285,0.6428571428571428,0.20024556
32.0,0.21428571428571427,0.6428571428571428,0.3022189
32.0,0.2857142857142857,0.6428571428571428,0.4014536
32.0,0.3571428571428571,0.6428571428571428,0.49745446
32.0,0.42857142857142855,0.6428571428571428,0.5791074
32.0,0.5,0.6428571428571428,0.61289877
32.0,0.5714285714285714,0.6428571428571428,0.5766759
32.0,0.6428571428571428,0.6428571428571428,0.49828815
32.0,0.7142857142857142,0.6428571428571428,0.40534806
32.0,0.7857142857142857,0.6428571428571428,0.30565494
32.0,0.8571428571428571,0.6428571428571428,0.20160997
32.0,0.9285714285714285,0.6428571428571428,0.09609606
32.0,1.0,0.6428571428571428,-0.0061678523
32.0,0.0,0.7142857142857142,-0.005741612
32.0,0.07142857142857142,0.7142857142857142,0.07823297
32.0,0.14285714285714285,0.7142857142857142,0.16078296
32.0,0.21428571428571427,0.7142857142857142,0.24170554
32.0,0.2857142857142857,0.7142857142857142,0.32237303
32.0,0.3571428571428571,0.7142857142857142,0.40212893
32.0,0.42857142857142855,0.7142857142857142,0.46947744
32.0,0.5,0.7142857142857142,0.49721187
32.0,0.5714285714285714,0.7142857142857142,0.4692009
32.0,0.6428571428571428,0.7142857142857142,0.40522543
32.0,0.7142857142857142,0.7142857142857142,0.32809263
32.0,0.7857142857142857,0.7142857142857142,0.24620911
32.0,0.8571428571428571,0.7142857142857142,0.16181953
32.0,0.9285714285714285,0.7142857142857142,0.07630769
32.0,1.0,0.7142857142857142,-0.00787402
32.0,0.0,0.7857142857142857,-0.0036443928
32.0,0.07142857142857142,0.7857142857142857,0.060750686
32.0,0.14285714285714285,0.7857142857142857,0.12213997
32.0,0.21428571428571427,0.7857142857142857,0.18167004
32.0,0.2857142857142857,0.7857142857142857,0.241539
32.0,0.3571428571428571,0.7857142857142857,0.30128214
32.0,0.42857142857142855,0.7857142857142857,0.35136297
32.0,0.5,0.7857142857142857,0.37219232
32.0,0.5714285714285714,0.7857142857142857,0.3521976
32.0,0.6428571428571428,0.7857142857142857,0.30365574
32.0,0.7142857142857142,0.7857142857142857,0.24453115
32.0,0.7857142857142857,0.7857142857142857,0.18309699
32.0,0.8571428571428571,0.7857142857142857,0.12070315
32.0,0.9285714285714285,0.7857142857142857,0.05674205
32.0,1.0,0.7857142857142857,-0.008516812
32.0,0.0,0.8571428571428571,-0.0028755153
32.0,0.07142857142857142,0.8571428571428571,0.042939223
32.0,0.14285714285714285,0.8571428571428571,0.08405728
32.0,0.21428571428571427,0.8571428571428571,0.12234301
32.0,0.2857142857142857,0.8571428571428571,0.16044198
32.0,0.3571428571428571,0.8571428571428571,0.19855897
32.0,0.42857142857142855,0.8571428571428571,0.23038529
32.0,0.5,0.8571428571428571,0.24373132
32.0,0.5714285714285714,0.8571428571428571,0.23106828
32.0,0.6428571428571428,0.8571428571428571,0.19888155
32.0,0.7142857142857142,0.8571428571428571,0.15937586
32.0,0.7857142857142857,0.8571428571428571,0.119137116
32.0,0.8571428571428571,0.8571428571428571,0.078493915
32.0,0.9285714285714285,0.8571428571428571,0.035362273
32.0,1.0,0.8571428571428571,-0.011593853
32.0,0.0,0.9285714285714285,-0.0061563374
32.0,0.07142857142857142,0.9285714285714285,0.021374397
32.0,0.14285714285714285,0.9285714285714285,0.042543076
32.0,0.21428571428571427,0.9285714285714285,0.05980774
32.0,0.2857142857142857,0.9285714285714285,0.076353386
32.0,0.3571428571428571,0.9285714285714285,0.09359245
32.0,0.42857142857142855,0.9285714285714285,0.10880486
32.0,0.5,0.9285714285714285,0.11584713
32.0,0.5714285714285714,0.9285714285714285,0.11032126
32.0,0.6428571428571428,0.9285714285714285,0.09452207
32.0,0.7142857142857142,0.9285714285714285,0.074792884
32.0,0.7857142857142857,0.9285714285714285,0.054996528
32.0,0.8571428571428571,0.9285714285714285,0.034545265
32.0,0.9285714285714285,0.9285714285714285,0.010595302
32.0,1.0,0.9285714285714285,-0.019175578
32.0,0.0,1.0,-0.017598052
32.0,0.07142857142857142,1.0,-0.008494149
32.0,0.14285714285714285,1.0,-0.006795842
32.0,0.21428571428571427,1.0,-0.00925235
32.0,0.2857142857142857,1.0,-0.011889218
32.0,0.3571428571428571,1.0,-0.0118800225
32.0,0.42857142857142855,1.0,-0.009042849
32.0,0.5,1.0,-0.005650983
32.0,0.5714285714285714,1.0,-0.0043005915
32.0,0.6428571428571428,1.0,-0.0054093795
32.0,0.7142857142857142,1.0,-0.0072609754
32.0,0.7857142857142857,1.0,-0.008788996
32.0,0.8571428571428571,1.0,-0.011423302
32.0,0.9285714285714285,1.0,-0.018302023
32.0,1.0,1.0,-0.032275833
33.0,0.0,0.0,-0.021961391
33.0,0.07142857142857142,0.0,-0.01072356
33.0,0.14285714285714285,0.0,-0.006494879
33.0,0.21428571428571427,0.0,-0.008081253
33.0,0.2857142857142857,0.0,-0.011266756
33.0,0.3571428571428571,0.0,-0.010462143
33.0,0.42857142857142855,0.0,-0.0058692256
33.0,0.5,0.0,-0.004624673
33.0,0.5714285714285714,0.0,-0.009127702
33.0,0.6428571428571428,0.0,-0.012983934
33.0,0.7142857142857142,0.0,-0.011406296
33.0,0.7857142857142857,0.0,-0.007346322
33.0,0.8571428571428571,0.0,-0.0066954577
33.0,0.9285714285714285,0.0,-0.0130033875
33.0,1.0,0.0,-0.02707766
33.0,0.0,0.07142857142857142,-0.012770181
33.0,0.07142857142857142,0.07142857142857142,0.015834402
33.0,0.14285714285714285,0.07142857142857142,0.03943032
33.0,0.21428571428571427,0.07142857142857142,0.05827371
33.0,0.2857142857142857,0.07142857142857142,0.07498615
33.0,0.3571428571428571,0.07142857142857142,0.09373225
33.0,0.42857142857142855,0.07142857142857142,0.11230554
33.0,0.5,0.07142857142857142,0.11874404
33.0,0.5714285714285714,0.07142857142857142,0.10824164
33.0,0.6428571428571428,0.07142857142857142,0.091185294
33.0,0.7142857142857142,0.07142857142857142,0.07646354
33.0,0.7857142857142857,0.07142857142857142,0.062136732
33.0,0.8571428571428571,0.07142857142857142,0.04322797
33.0,0.9285714285714285,0.07142857142857142,0.01778569
33.0,1.0,0.07142857142857142,-0.014039428
33.0,0.0,0.14285714285714285,-0.009232999
33.0,0.07142857142857142,0.14285714285714285,0.037592232
33.0,0.14285714285714285,0.14285714285714285,0.081668794
33.0,0.21428571428571427,0.14285714285714285,0.12240765
33.0,0.2857142857142857,0.14285714285714285,0.1608113
33.0,0.3571428571428571,0.14285714285714285,0.19933411
33.0,0.42857142857142855,0.14285714285714285,0.23378335
33.0,0.5,0.14285714285714285,0.24679556
33.0,0.5714285714285714,0.14285714285714285,0.22989118
33.0,0.6428571428571428,0.14285714285714285,0.19770366
33.0,0.7142857142857142,0.14285714285714285,0.16373895
33.0,0.7857142857142857,0.14285714285714285,0.12778376
33.0,0.8571428571428571,0.14285714285714285,0.08696085
33.0,0.9285714285714285,0.14285714285714285,0.04116635
33.0,1.0,0.14285714285714285,-0.009036363
33.0,0.0,0.21428571428571427,-0.00950332
33.0,0.07142857142857142,0.21428571428571427,0.056375355
33.0,0.14285714285714285,0.21428571428571427,0.12147849
33.0,0.21428571428571427,0.21428571428571427,0.18428917
33.0,0.2857142857142857,0.21428571428571427,0.24428943
33.0,0.3571428571428571,0.21428571428571427,0.30235726
33.0,0.42857142857142855,0.21428571428571427,0.3528596
33.0,0.5,0.21428571428571427,0.3732456
33.0,0.5714285714285714,0.21428571428571427,0.3501008
33.0,0.6428571428571428,0.21428571428571427,0.30196267
33.0,0.7142857142857142,0.21428571428571427,0.24718556
33.0,0.7857142857142857,0.21428571428571427,0.18829247
33.0,0.8571428571428571,0.21428571428571427,0.12527674
33.0,0.9285714285714285,0.21428571428571427,0.05928932
33.0,1.0,0.21428571428571427,-0.00922677
33.0,0.0,0.2857142857142857,-0.011503158
33.0,0.07142857142857142,0.2857142857142857,0.07430337
33.0,0.14285714285714285,0.2857142857142857,0.16055882
33.0,0.21428571428571427,0.2857142857142857,0.2445674
33.0,0.2857142857142857,0.2857142857142857,0.3245593
33.0,0.3571428571428571,0.2857142857142857,0.4004785
33.0,0.42857142857142855,0.2857142857142857,0.4661102
33.0,0.5,0.2857142857142857,0.49427456
33.0,0.5714285714285714,0.2857142857142857,0.46532798
33.0,0.6428571428571428,0.2857142857142857,0.401162
33.0,0.7142857142857142,0.2857142857142857,0.3255105
33.0,0.7857142857142857,0.2857142857142857,0.24462166
33.0,0.8571428571428571,0.2857142857142857,0.16092688
33.0,0.9285714285714285,0.2857142857142857,0.07571587
33.0,1.0,0.2857142857142857,-0.010558345
33.0,0.0,0.3571428571428571,-0.013344341
33.0,0.07142857142857142,0.3571428571428571,0.09267365
33.0,0.14285714285714285,0.3571428571428571,0.1995972
33.0,0.21428571428571427,0.3571428571428571,0.30319142
33.0,0.2857142857142857,0.3571428571428571,0.40081894
33.0,0.3571428571428571,0.3571428571428571,0.49242246
33.0,0.42857142857142855,0.3571428571428571,0.57199806
33.0,0.5,0.3571428571428571,0.60805
33.0,0.5714285714285714,0.3571428571428571,0.5735245
33.0,0.6428571428571428,0.3571428571428571,0.49369252
33.0,0.7142857142857142,0.3571428571428571,0.39873102
33.0,0.7857142857142857,0.3571428571428571,0.2986729
33.0,0.8571428571428571,0.3571428571428571,0.19675896
33.0,0.9285714285714285,0.3571428571428571,0.093724884
33.0,1.0,0.3571428571428571,-0.009035529
33.0,0.0,0.42857142857142855,-0.014456705
33.0,0.07142857142857142,0.42857142857142855,0.10880513
33.0,0.14285714285714285,0.42857142857142855,0.23343796
33.0,0.21428571428571427,0.42857142857142855,0.3534346
33.0,0.2857142857142857,0.42857142857142855,0.4654573
33.0,0.3571428571428571,0.42857142857142855,0.56992424
33.0,0.42857142857142855,0.42857142857142855,0.6613317
33.0,0.5,0.42857142857142855,0.70426124
33.0,0.5714285714285714,0.42857142857142855,0.6645288
33.0,0.6428571428571428,0.42857142857142855,0.57144207
33.0,0.7142857142857142,0.42857142857142855,0.4616089
33.0,0.7857142857142857,0.42857142857142855,0.34718436
33.0,0.8571428571428571,0.42857142857142855,0.23065177
33.0,0.9285714285714285,0.42857142857142855,0.112636946
33.0,1.0,0.42857142857142855,-0.0034719566
33.0,0.0,0.5,-0.014227421
33.0,0.07142857142857142,0.5,0.1156295
33.0,0.14285714285714285,0.5,0.24753052
33.0,0.21428571428571427,0.5,0.37454647
33.0,0.2857142857142857,0.5,0.49284548
33.0,0.3571428571428571,0.5,0.6027816
33.0,0.42857142857142855,0.5,0.698643
33.0,0.5,0.5,0.7434897
33.0,0.5714285714285714,0.5,0.70134234
33.0,0.6428571428571428,0.5,0.60439795
33.0,0.7142857142857142,0.5,0.4907037
33.0,0.7857142857142857,0.5,0.37146378
33.0,0.8571428571428571,0.5,0.24839225
33.0,0.9285714285714285,0.5,0.12316964
33.0,1.0,0.5,0.0012872135
33.0,0.0,0.5714285714285714,-0.011214563
33.0,0.07142857142857142,0.5714285714285714,0.11039021
33.0,0.14285714285714285,0.5714285714285714,0.23354337
33.0,0.21428571428571427,0.5714285714285714,0.35279465
33.0,0.2857142857142857,0.5714285714285714,0.4654497
33.0,0.3571428571428571,0.5714285714285714,0.5712591
33.0,0.42857142857142855,0.5714285714285714,0.6618917
33.0,0.5,0.5714285714285714,0.70147413
33.0,0.5714285714285714,0.5714285714285714,0.6607395
33.0,0.6428571428571428,0.5714285714285714,0.571293
33.0,0.7142857142857142,0.5714285714285714,0.46582103
33.0,0.7857142857142857,0.5714285714285714,0.35312098
33.0,0.8571428571428571,0.5714285714285714,0.23529261
33.0,0.9285714285714285,0.5714285714285714,0.11528977
33.0,1.0,0.5714285714285714,-0.0008724192
33.0,0.0,0.6428571428571428,-0.007814192
33.0,0.07142857142857142,0.6428571428571428,0.09614406
33.0,0.14285714285714285,0.6428571428571428,0.20027502
33.0,0.21428571428571427,0.6428571428571428,0.3020801
33.0,0.2857142857142857,0.6428571428571428,0.40119493
33.0,0.3571428571428571,0.6428571428571428,0.49684733
33.0,0.42857142857142855,0.6428571428571428,0.5776195
33.0,0.5,0.6428571428571428,0.6107503
33.0,0.5714285714285714,0.6428571428571428,0.5752181
33.0,0.6428571428571428,0.6428571428571428,0.4977746
33.0,0.7142857142857142,0.6428571428571428,0.405149
33.0,0.7857142857142857,0.6428571428571428,0.30543432
33.0,0.8571428571428571,0.6428571428571428,0.20143783
33.0,0.9285714285714285,0.6428571428571428,0.096173435
33.0,1.0,0.6428571428571428,-0.0057365457
33.0,0.0,0.7142857142857142,-0.005300672
33.0,0.07142857142857142,0.7142857142857142,0.078455515
33.0,0.14285714285714285,0.7142857142857142,0.16083881
33.0,0.21428571428571427,0.7142857142857142,0.24170345
33.0,0.2857142857142857,0.7142857142857142,0.32236058
33.0,0.3571428571428571,0.7142857142857142,0.40187907
33.0,0.42857142857142855,0.7142857142857142,0.46854255
33.0,0.5,0.7142857142857142,0.49575365
33.0,0.5714285714285714,0.7142857142857142,0.46819305
33.0,0.6428571428571428,0.7142857142857142,0.4049067
33.0,0.7142857142857142,0.7142857142857142,0.32801104
33.0,0.7857142857142857,0.7142857142857142,0.24609065
33.0,0.8571428571428571,0.7142857142857142,0.1617089
33.0,0.9285714285714285,0.7142857142857142,0.07637542
33.0,1.0,0.7142857142857142,-0.0075174654
33.0,0.0,0.7857142857142857,-0.003347219
33.0,0.07142857142857142,0.7857142857142857,0.060848795
33.0,0.14285714285714285,0.7857142857142857,0.122125454
33.0,0.21428571428571427,0.7857142857142857,0.18166772
33.0,0.2857142857142857,0.7857142857142857,0.24158996
33.0,0.3571428571428571,0.7857142857142857,0.30118257
33.0,0.42857142857142855,0.7857142857142857,0.35076454
33.0,0.5,0.7857142857142857,0.3711879
33.0,0.5714285714285714,0.7857142857142857,0.35143554
33.0,0.6428571428571428,0.7857142857142857,0.30336723
33.0,0.7142857142857142,0.7857142857142857,0.24442914
33.0,0.7857142857142857,0.7857142857142857,0.18296441
33.0,0.8571428571428571,0.7857142857142857,0.12056152
33.0,0.9285714285714285,0.7857142857142857,0.056729816
33.0,1.0,0.7857142857142857,-0.00829005
33.0,0.0,0.8571428571428571,-0.0027253637
33.0,0.07142857142857142,0.8571428571428571,0.042922013
33.0,0.14285714285714285,0.8571428571428571,0.083984576
33.0,0.21428571428571427,0.8571428571428571,0.122344084
33.0,0.2857142857142857,0.8571428571428571,0.16054885
33.0,0.3571428571428571,0.8571428571428571,0.19860223
33.0,0.42857142857142855,0.8571428571428571,0.23010957
33.0,0.5,0.8571428571428571,0.24317381
33.0,0.5714285714285714,0.8571428571428571,0.23062423
33.0,0.6428571428571428,0.8571428571428571,0.19873916
33.0,0.7142857142857142,0.8571428571428571,0.15935844
33.0,0.7857142857142857,0.8571428571428571,0.11906811
33.0,0.8571428571428571,0.8571428571428571,0.07837055
33.0,0.9285714285714285,0.8571428571428571,0.035298247
33.0,1.0,0.8571428571428571,-0.011484497
33.0,0.0,0.9285714285714285,-0.0061255554
33.0,0.07142857142857142,0.9285714285714285,0.02129041
33.0,0.14285714285714285,0.9285714285714285,0.042473666
33.0,0.21428571428571427,0.9285714285714285,0.059875198
33.0,0.2857142857142857,0.9285714285714285,0.07657557
33.0,0.3571428571428571,0.9285714285714285,0.093834184
33.0,0.42857142857142855,0.9285714285714285,0.10888424
33.0,0.5,0.9285714285714285,0.11576434
33.0,0.5714285714285714,0.9285714285714285,0.11029268
33.0,0.6428571428571428,0.9285714285714285,0.09466798
33.0,0.7142857142857142,0.9285714285714285,0.074992776
33.0,0.7857142857142857,0.9285714285714285,0.055098966
33.0,0.8571428571428571,0.9285714285714285,0.034526277
33.0,0.9285714285714285,0.9285714285714285,0.010547697
33.0,1.0,0.9285714285714285,-0.019133978
33.0,0.0,1.0,-0.017632604
33.0,0.07142857142857142,1.0,-0.008565574
33.0,0.14285714285714285,1.0,-0.0067714374
33.0,0.21428571428571427,1.0,-0.0090345945
33.0,0.2857142857142857,1.0,-0.011480843
33.0,0.3571428571428571,1.0,-0.01139255
33.0,0.42857142857142855,1.0,-0.008605716
33.0,0.5,1.0,-0.0052820565
33.0,0.5714285714285714,1.0,-0.0038960362
33.0,0.6428571428571428,1.0,-0.004913994
33.0,0.7142857142857142,1.0,-0.0067731226
33.0,0.7857142857142857,1.0,-0.008446344
33.0,0.8571428571428571,1.0,-0.011268073
33.0,0.9285714285714285,1.0,-0.018264573
33.0,1.0,1.0,-0.03224001
34.0,0.0,0.0,-0.022010505
34.0,0.07142857142857142,0.0,-0.0107880505
34.0,0.14285714285714285,0.0,-0.006518933
34.0,0.21428571428571427,0.0,-0.007986187
34.0,0.2857142857142857,0.0,-0.010995627
34.0,0.3571428571428571,0.0,-0.0100747915
34.0,0.42857142857142855,0.0,-0.0055022417
34.0,0.5,0.0,-0.004287717
34.0,0.5714285714285714,0.0,-0.008763655
34.0,0.6428571428571428,0.0,-0.012646233
34.0,0.7142857142857142,0.0,-0.01114905
34.0,0.7857142857142857,0.0,-0.0071234675
34.0,0.8571428571428571,0.0,-0.0064487318
34.0,0.9285714285714285,0.0,-0.012730152
34.0,1.0,0.0,-0.026813097
34.0,0.0,0.07142857142857142,-0.012784195
34.0,0.07142857142857142,0.07142857142857142,0.015786737
34.0,0.14285714285714285,0.07142857142857142,0.03939686
34.0,0.21428571428571427,0.07142857142857142,0.058319494
34.0,0.2857142857142857,0.07142857142857142,0.075149
34.0,0.3571428571428571,0.07142857142857142,0.09391672
34.0,0.42857142857142855,0.07142857142857142,0.11232818
34.0,0.5,0.07142857142857142,0.11866928
34.0,0.5714285714285714,0.07142857142857142,0.10828809
34.0,0.6428571428571428,0.07142857142857142,0.09133833
34.0,0.7142857142857142,0.07142857142857142,0.076620735
34.0,0.7857142857142857,0.07142857142857142,0.06230495
34.0,0.8571428571428571,0.07142857142857142,0.043434277
34.0,0.9285714285714285,0.07142857142857142,0.01801537
34.0,1.0,0.07142857142857142,-0.013820359
34.0,0.0,0.14285714285714285,-0.00916381
34.0,0.07142857142857142,0.14285714285714285,0.037598882
34.0,0.14285714285714285,0.14285714285714285,0.081653036
34.0,0.21428571428571427,0.14285714285714285,0.12242428
34.0,0.2857142857142857,0.14285714285714285,0.16088156
34.0,0.3571428571428571,0.14285714285714285,0.19932525
34.0,0.42857142857142855,0.14285714285714285,0.23344913
34.0,0.5,0.14285714285714285,0.24627146
34.0,0.5714285714285714,0.14285714285714285,0.22960764
34.0,0.6428571428571428,0.14285714285714285,0.19769831
34.0,0.7142857142857142,0.14285714285714285,0.16383712
34.0,0.7857142857142857,0.14285714285714285,0.12793313
34.0,0.8571428571428571,0.14285714285714285,0.08715292
34.0,0.9285714285714285,0.14285714285714285,0.04138109
34.0,1.0,0.14285714285714285,-0.008821831
34.0,0.0,0.21428571428571427,-0.009299632
34.0,0.07142857142857142,0.21428571428571427,0.056471378
34.0,0.14285714285714285,0.21428571428571427,0.12149825
34.0,0.21428571428571427,0.21428571428571427,0.18428431
34.0,0.2857142857142857,0.21428571428571427,0.2442796
34.0,0.3571428571428571,0.21428571428571427,0.30218983
34.0,0.42857142857142855,0.21428571428571427,0.35221753
34.0,0.5,0.21428571428571427,0.37230983
34.0,0.5714285714285714,0.21428571428571427,0.34953448
34.0,0.6428571428571428,0.21428571428571427,0.30185166
34.0,0.7142857142857142,0.21428571428571427,0.2472598
34.0,0.7857142857142857,0.21428571428571427,0.18842977
34.0,0.8571428571428571,0.21428571428571427,0.12544966
34.0,0.9285714285714285,0.21428571428571427,0.05949796
34.0,1.0,0.21428571428571427,-0.008981922
34.0,0.0,0.2857142857142857,-0.011147454
34.0,0.07142857142857142,0.2857142857142857,0.07448293
34.0,0.14285714285714285,0.2857142857142857,0.16058053
34.0,0.21428571428571427,0.2857142857142857,0.24449122
34.0,0.2857142857142857,0.2857142857142857,0.32442462
34.0,0.3571428571428571,0.2857142857142857,0.40013492
34.0,0.42857142857142855,0.2857142857142857,0.4651702
34.0,0.5,0.2857142857142857,0.49292576
34.0,0.5714285714285714,0.2857142857142857,0.46446922
34.0,0.6428571428571428,0.2857142857142857,0.40092486
34.0,0.7142857142857142,0.2857142857142857,0.32550997
34.0,0.7857142857142857,0.2857142857142857,0.24466938
34.0,0.8571428571428571,0.2857142857142857,0.16101435
34.0,0.9285714285714285,0.2857142857142857,0.07589481
34.0,1.0,0.2857142857142857,-0.010261626
34.0,0.0,0.3571428571428571,-0.012913243
34.0,0.07142857142857142,0.3571428571428571,0.09283446
34.0,0.14285714285714285,0.3571428571428571,0.19948179
34.0,0.21428571428571427,0.3571428571428571,0.30286855
34.0,0.2857142857142857,0.3571428571428571,0.400362
34.0,0.3571428571428571,0.3571428571428571,0.4916944
34.0,0.42857142857142855,0.3571428571428571,0.57053804
34.0,0.5,0.3571428571428571,0.6060281
34.0,0.5714285714285714,0.3571428571428571,0.57210374
34.0,0.6428571428571428,0.3571428571428571,0.49307913
34.0,0.7142857142857142,0.3571428571428571,0.3984202
34.0,0.7857142857142857,0.3571428571428571,0.29842627
34.0,0.8571428571428571,0.3571428571428571,0.19662258
34.0,0.9285714285714285,0.3571428571428571,0.09381123
34.0,1.0,0.3571428571428571,-0.008693972
34.0,0.0,0.42857142857142855,-0.0141096795
34.0,0.07142857142857142,0.42857142857142855,0.10878044
34.0,0.14285714285714285,0.42857142857142855,0.2329907
34.0,0.21428571428571427,0.42857142857142855,0.35261974
34.0,0.2857142857142857,0.42857142857142855,0.46435943
34.0,0.3571428571428571,0.42857142857142855,0.5683972
34.0,0.42857142857142855,0.42857142857142855,0.65884304
34.0,0.5,0.42857142857142855,0.70098865
34.0,0.5714285714285714,0.42857142857142855,0.66198534
34.0,0.6428571428571428,0.42857142857142855,0.56998694
34.0,0.7142857142857142,0.42857142857142855,0.46063846
34.0,0.7857142857142857,0.42857142857142855,0.34640855
34.0,0.8571428571428571,0.42857142857142855,0.23015372
34.0,0.9285714285714285,0.42857142857142855,0.112555355
34.0,1.0,0.42857142857142855,-0.0031276876
34.0,0.0,0.5,-0.013927036
34.0,0.07142857142857142,0.5,0.1155282
34.0,0.14285714285714285,0.5,0.24693903
34.0,0.21428571428571427,0.5,0.3734829
34.0,0.2857142857142857,0.5,0.49136925
34.0,0.3571428571428571,0.5,0.60071725
34.0,0.42857142857142855,0.5,0.6954159
34.0,0.5,0.5,0.73932475
34.0,0.5714285714285714,0.5,0.6980269
34.0,0.6428571428571428,0.5,0.6024029
34.0,0.7142857142857142,0.5,0.48934525
34.0,0.7857142857142857,0.5,0.37038603
34.0,0.8571428571428571,0.5,0.24767786
34.0,0.9285714285714285,0.5,0.122977264
34.0,1.0,0.5,0.0016236668
34.0,0.0,0.5714285714285714,-0.010769465
34.0,0.07142857142857142,0.5714285714285714,0.11051304
34.0,0.14285714285714285,0.5714285714285714,0.23328781
34.0,0.21428571428571427,0.5714285714285714,0.35219386
34.0,0.2857142857142857,0.5714285714285714,0.46455127
34.0,0.3571428571428571,0.5714285714285714,0.5698566
34.0,0.42857142857142855,0.5714285714285714,0.65941864
34.0,0.5,0.5714285714285714,0.6981765
34.0,0.5714285714285714,0.5714285714285714,0.6582767
34.0,0.6428571428571428,0.5714285714285714,0.5700211
34.0,0.7142857142857142,0.5714285714285714,0.46503255
34.0,0.7857142857142857,0.5714285714285714,0.35244426
34.0,0.8571428571428571,0.5714285714285714,0.23481444
34.0,0.9285714285714285,0.5714285714285714,0.11521391
34.0,1.0,0.5714285714285714,-0.0004769722
34.0,0.0,0.6428571428571428,-0.00729894
34.0,0.07142857142857142,0.6428571428571428,0.09640612
34.0,0.14285714285714285,0.6428571428571428,0.20029247
34.0,0.21428571428571427,0.6428571428571428,0.30193263
34.0,0.2857142857142857,0.6428571428571428,0.40092853
34.0,0.3571428571428571,0.6428571428571428,0.49622613
34.0,0.42857142857142855,0.6428571428571428,0.57612365
34.0,0.5,0.6428571428571428,0.60861325
34.0,0.5714285714285714,0.6428571428571428,0.5737559
34.0,0.6428571428571428,0.6428571428571428,0.49723834
34.0,0.7142857142857142,0.6428571428571428,0.40492976
34.0,0.7857142857142857,0.6428571428571428,0.30519825
34.0,0.8571428571428571,0.6428571428571428,0.20125139
34.0,0.9285714285714285,0.6428571428571428,0.096240565
34.0,1.0,0.6428571428571428,-0.00530468
34.0,0.0,0.7142857142857142,-0.0048679346
34.0,0.07142857142857142,0.7142857142857142,0.07866563
34.0,0.14285714285714285,0.7142857142857142,0.16088344
34.0,0.21428571428571427,0.7142857142857142,0.24169499
34.0,0.2857142857142857,0.7142857142857142,0.32234117
34.0,0.3571428571428571,0.7142857142857142,0.40161532
34.0,0.42857142857142855,0.7142857142857142,0.46759674
34.0,0.5,0.7142857142857142,0.49429804
34.0,0.5714285714285714,0.7142857142857142,0.4671774
34.0,0.6428571428571428,0.7142857142857142,0.40456602
34.0,0.7142857142857142,0.7142857142857142,0.3279094
34.0,0.7857142857142857,0.7142857142857142,0.24595928
34.0,0.8571428571428571,0.7142857142857142,0.16158989
34.0,0.9285714285714285,0.7142857142857142,0.07643867
34.0,1.0,0.7142857142857142,-0.00715723
34.0,0.0,0.7857142857142857,-0.003061668
34.0,0.07142857142857142,0.7857142857142857,0.06093502
34.0,0.14285714285714285,0.7857142857142857,0.122104086
34.0,0.21428571428571427,0.7857142857142857,0.18166398
34.0,0.2857142857142857,0.7857142857142857,0.24163821
34.0,0.3571428571428571,0.7857142857142857,0.3010738
34.0,0.42857142857142855,0.7857142857142857,0.35015693
34.0,0.5,0.7857142857142857,0.37018257
34.0,0.5714285714285714,0.7857142857142857,0.35066637
34.0,0.6428571428571428,0.7857142857142857,0.30306268
34.0,0.7142857142857142,0.7857142857142857,0.24431482
34.0,0.7857142857142857,0.7857142857142857,0.18282782
34.0,0.8571428571428571,0.7857142857142857,0.12041996
34.0,0.9285714285714285,0.7857142857142857,0.056719743
34.0,1.0,0.7857142857142857,-0.008056247
34.0,0.0,0.8571428571428571,-0.00258834
34.0,0.07142857142857142,0.8571428571428571,0.042895243
34.0,0.14285714285714285,0.8571428571428571,0.08390885
34.0,0.21428571428571427,0.8571428571428571,0.122346856
34.0,0.2857142857142857,0.8571428571428571,0.16065645
34.0,0.3571428571428571,0.8571428571428571,0.19864058
34.0,0.42857142857142855,0.8571428571428571,0.2298279
34.0,0.5,0.8571428571428571,0.24261487
34.0,0.5714285714285714,0.8571428571428571,0.23017532
34.0,0.6428571428571428,0.8571428571428571,0.19858666
34.0,0.7142857142857142,0.8571428571428571,0.15933599
34.0,0.7857142857142857,0.8571428571428571,0.119001575
34.0,0.8571428571428571,0.8571428571428571,0.07825372
34.0,0.9285714285714285,0.8571428571428571,0.035241958
34.0,1.0,0.8571428571428571,-0.011365798
34.0,0.0,0.9285714285714285,-0.0061075287
34.0,0.07142857142857142,0.9285714285714285,0.021199156
34.0,0.14285714285714285,0.9285714285714285,0.042404853
34.0,0.21428571428571427,0.9285714285714285,0.059947662
34.0,0.2857142857142857,0.9285714285714285,0.0768023
34.0,0.3571428571428571,0.9285714285714285,0.09407625
34.0,0.42857142857142855,0.9285714285714285,0.10896324
34.0,0.5,0.9285714285714285,0.11568334
34.0,0.5714285714285714,0.9285714285714285,0.1102636
34.0,0.6428571428571428,0.9285714285714285,0.0948099
34.0,0.7142857142857142,0.9285714285714285,0.075193144
34.0,0.7857142857142857,0.9285714285714285,0.05520861
34.0,0.8571428571428571,0.9285714285714285,0.03451872
34.0,0.9285714285714285,0.9285714285714285,0.010510585
34.0,1.0,0.9285714285714285,-0.01908188
34.0,0.0,1.0,-0.017678313
34.0,0.07142857142857142,1.0,-0.008640711
34.0,0.14285714285714285,1.0,-0.0067430413
34.0,0.21428571428571427,1.0,-0.008808537
34.0,0.2857142857142857,1.0,-0.011063837
34.0,0.3571428571428571,1.0,-0.010898081
34.0,0.42857142857142855,1.0,-0.008161389
34.0,0.5,1.0,-0.0049051354
34.0,0.5714285714285714,1.0,-0.003485755
34.0,0.6428571428571428,1.0,-0.004415364
34.0,0.7142857142857142,1.0,-0.0062802667
34.0,0.7857142857142857,1.0,-0.008093097
34.0,0.8571428571428571,1.0,-0.011098788
34.0,0.9285714285714285,1.0,-0.018213756
34.0,1.0,1.0,-0.03219296
35.0,0.0,0.0,-0.022060167
35.0,0.07142857142857142,0.0,-0.010855353
35.0,0.14285714285714285,0.0,-0.006545513
35.0,0.21428571428571427,0.0,-0.007892287
35.0,0.2857142857142857,0.0,-0.010722474
35.0,0.3571428571428571,0.0,-0.009684012
35.0,0.42857142857142855,0.0,-0.005129765
35.0,0.5,0.0,-0.0039449306
35.0,0.5714285714285714,0.0,-0.008396472
35.0,0.6428571428571428,0.0,-0.012308308
35.0,0.7142857142857142,0.0,-0.0108961025
35.0,0.7857142857142857,0.0,-0.006909539
35.0,0.8571428571428571,0.0,-0.0062120007
35.0,0.9285714285714285,0.0,-0.012463965
35.0,1.0,0.0,-0.026549824
35.0,0.0,0.07142857142857142,-0.012795848
35.0,0.07142857142857142,0.07142857142857142,0.015736952
35.0,0.14285714285714285,0.07142857142857142,0.039359096
35.0,0.21428571428571427,0.07142857142857142,0.05836021
35.0,0.2857142857142857,0.07142857142857142,0.07530619
35.0,0.3571428571428571,0.07142857142857142,0.094094776
35.0,0.42857142857142855,0.07142857142857142,0.11234771
35.0,0.5,0.07142857142857142,0.11859376
35.0,0.5714285714285714,0.07142857142857142,0.108330764
35.0,0.6428571428571428,0.07142857142857142,0.09148572
35.0,0.7142857142857142,0.07142857142857142,0.07676908
35.0,0.7857142857142857,0.07142857142857142,0.06246116
35.0,0.8571428571428571,0.07142857142857142,0.043628663
35.0,0.9285714285714285,0.07142857142857142,0.018237129
35.0,1.0,0.07142857142857142,-0.013603182
35.0,0.0,0.14285714285714285,-0.009090166
35.0,0.07142857142857142,0.14285714285714285,0.0376044
35.0,0.14285714285714285,0.14285714285714285,0.0816326
35.0,0.21428571428571427,0.14285714285714285,0.12243316
35.0,0.2857142857142857,0.14285714285714285,0.16094069
35.0,0.3571428571428571,0.14285714285714285,0.19930351
35.0,0.42857142857142855,0.14285714285714285,0.23310848
35.0,0.5,0.14285714285714285,0.24574563
35.0,0.5714285714285714,0.14285714285714285,0.2293187
35.0,0.6428571428571428,0.14285714285714285,0.1976838
35.0,0.7142857142857142,0.14285714285714285,0.16392425
35.0,0.7857142857142857,0.14285714285714285,0.12806769
35.0,0.8571428571428571,0.14285714285714285,0.087330505
35.0,0.9285714285714285,0.14285714285714285,0.041585386
35.0,1.0,0.14285714285714285,-0.008611695
35.0,0.0,0.21428571428571427,-0.009090934
35.0,0.07142857142857142,0.21428571428571427,0.056566358
35.0,0.14285714285714285,0.21428571428571427,0.12151242
35.0,0.21428571428571427,0.21428571428571427,0.18427098
35.0,0.2857142857142857,0.21428571428571427,0.24425721
35.0,0.3571428571428571,0.21428571428571427,0.30200768
35.0,0.42857142857142855,0.21428571428571427,0.35156947
35.0,0.5,0.21428571428571427,0.3713766
35.0,0.5714285714285714,0.21428571428571427,0.3489633
35.0,0.6428571428571428,0.21428571428571427,0.30172974
35.0,0.7142857142857142,0.21428571428571427,0.24732104
35.0,0.7857142857142857,0.21428571428571427,0.18855044
35.0,0.8571428571428571,0.21428571428571427,0.12560552
35.0,0.9285714285714285,0.21428571428571427,0.059693575
35.0,1.0,0.21428571428571427,-0.008742386
35.0,0.0,0.2857142857142857,-0.010787076
35.0,0.07142857142857142,0.2857142857142857,0.07465995
35.0,0.14285714285714285,0.2857142857142857,0.16059609
35.0,0.21428571428571427,0.2857142857142857,0.24440584
35.0,0.2857142857142857,0.2857142857142857,0.32427824
35.0,0.3571428571428571,0.2857142857142857,0.3997787
35.0,0.42857142857142855,0.2857142857142857,0.46422774
35.0,0.5,0.2857142857142857,0.4915867
35.0,0.5714285714285714,0.2857142857142857,0.46360755
35.0,0.6428571428571428,0.2857142857142857,0.40067613
35.0,0.7142857142857142,0.2857142857142857,0.3254963
35.0,0.7857142857142857,0.2857142857142857,0.24470052
35.0,0.8571428571428571,0.2857142857142857,0.16108355
35.0,0.9285714285714285,0.2857142857142857,0.076059096
35.0,1.0,0.2857142857142857,-0.009969988
35.0,0.0,0.3571428571428571,-0.012478153
35.0,0.07142857142857142,0.3571428571428571,0.09299122
35.0,0.14285714285714285,0.3571428571428571,0.19935992
35.0,0.21428571428571427,0.3571428571428571,0.30254146
35.0,0.2857142857142857,0.3571428571428571,0.3999023
35.0,0.3571428571428571,0.3571428571428571,0.49096173
35.0,0.42857142857142855,0.3571428571428571,0.5690849
35.0,0.5,0.3571428571428571,0.6040272
35.0,0.5714285714285714,0.3571428571428571,0.5706864
35.0,0.6428571428571428,0.3571428571428571,0.49245816
35.0,0.7142857142857142,0.3571428571428571,0.39810318
35.0,0.7857142857142857,0.3571428571428571,0.29817006
35.0,0.8571428571428571,0.3571428571428571,0.19647096
35.0,0.9285714285714285,0.3571428571428571,0.093883224
35.0,1.0,0.3571428571428571,-0.00835617
35.0,0.0,0.42857142857142855,-0.013752074
35.0,0.07142857142857142,0.42857142857142855,0.108756736
35.0,0.14285714285714285,0.42857142857142855,0.23254403
35.0,0.21428571428571427,0.42857142857142855,0.3518127
35.0,0.2857142857142857,0.42857142857142855,0.46327597
35.0,0.3571428571428571,0.42857142857142855,0.566887
35.0,0.42857142857142855,0.42857142857142855,0.6563853
35.0,0.5,0.42857142857142855,0.6977675
35.0,0.5714285714285714,0.42857142857142855,0.65947235
35.0,0.6428571428571428,0.42857142857142855,0.5685463
35.0,0.7142857142857142,0.42857142857142855,0.45968348
35.0,0.7857142857142857,0.42857142857142855,0.34564036
35.0,0.8571428571428571,0.42857142857142855,0.2296497
35.0,0.9285714285714285,0.42857142857142855,0.11246404
35.0,1.0,0.42857142857142855,-0.0027844766
35.0,0.0,0.5,-0.013611258
35.0,0.07142857142857142,0.5,0.11543224
35.0,0.14285714285714285,0.5,0.24635345
35.0,0.21428571428571427,0.5,0.37243575
35.0,0.2857142857142857,0.5,0.4899196
35.0,0.3571428571428571,0.5,0.59868693
35.0,0.42857142857142855,0.5,0.69224286
35.0,0.5,0.5,0.73524195
35.0,0.5714285714285714,0.5,0.6947714
35.0,0.6428571428571428,0.5,0.600443
35.0,0.7142857142857142,0.5,0.48801675
35.0,0.7857142857142857,0.5,0.36932617
35.0,0.8571428571428571,0.5,0.24696413
35.0,0.9285714285714285,0.5,0.12277741
35.0,1.0,0.5,0.0019598966
35.0,0.0,0.5714285714285714,-0.010318176
35.0,0.07142857142857142,0.5714285714285714,0.110632144
35.0,0.14285714285714285,0.5714285714285714,0.23302679
35.0,0.21428571428571427,0.5714285714285714,0.35159343
35.0,0.2857142857142857,0.5714285714285714,0.4636587
35.0,0.3571428571428571,0.5714285714285714,0.56846046
35.0,0.42857142857142855,0.5714285714285714,0.6569654
35.0,0.5,0.5714285714285714,0.6949249
35.0,0.5714285714285714,0.5714285714285714,0.6558398
35.0,0.6428571428571428,0.5714285714285714,0.56875193
35.0,0.7142857142857142,0.5714285714285714,0.46424574
35.0,0.7857142857142857,0.5714285714285714,0.3517674
35.0,0.8571428571428571,0.5714285714285714,0.23432773
35.0,0.9285714285714285,0.5714285714285714,0.115127824
35.0,1.0,0.5714285714285714,-8.2054175e-05
35.0,0.0,0.6428571428571428,-0.0067886496
35.0,0.07142857142857142,0.6428571428571428,0.09665603
35.0,0.14285714285714285,0.6428571428571428,0.20029667
35.0,0.21428571428571427,0.6428571428571428,0.30177623
35.0,0.2857142857142857,0.6428571428571428,0.4006538
35.0,0.3571428571428571,0.6428571428571428,0.4955914
35.0,0.42857142857142855,0.6428571428571428,0.5746204
35.0,0.5,0.6428571428571428,0.60648835
35.0,0.5714285714285714,0.6428571428571428,0.57228994
35.0,0.6428571428571428,0.6428571428571428,0.49667895
35.0,0.7142857142857142,0.6428571428571428,0.40468922
35.0,0.7857142857142857,0.6428571428571428,0.3049471
35.0,0.8571428571428571,0.6428571428571428,0.20105094
35.0,0.9285714285714285,0.6428571428571428,0.09629661
35.0,1.0,0.6428571428571428,-0.004874089
35.0,0.0,0.7142857142857142,-0.004446381
35.0,0.07142857142857142,0.7142857142857142,0.07886114
35.0,0.14285714285714285,0.7142857142857142,0.16091695
35.0,0.21428571428571427,0.7142857142857142,0.24168003
35.0,0.2857142857142857,0.7142857142857142,0.322315
35.0,0.3571428571428571,0.7142857142857142,0.4013375
35.0,0.42857142857142855,0.7142857142857142,0.46664023
35.0,0.5,0.7142857142857142,0.49284488
35.0,0.5714285714285714,0.7142857142857142,0.46615377
35.0,0.6428571428571428,0.7142857142857142,0.4042032
35.0,0.7142857142857142,0.7142857142857142,0.32778835
35.0,0.7857142857142857,0.7142857142857142,0.24581555
35.0,0.8571428571428571,0.7142857142857142,0.16146225
35.0,0.9285714285714285,0.7142857142857142,0.07649687
35.0,1.0,0.7142857142857142,-0.0067945207
35.0,0.0,0.7857142857142857,-0.0027896324
35.0,0.07142857142857142,0.7857142857142857,0.061009236
35.0,0.14285714285714285,0.7857142857142857,0.12207601
35.0,0.21428571428571427,0.7857142857142857,0.18165831
35.0,0.2857142857142857,0.7857142857142857,0.24168316
35.0,0.3571428571428571,0.7857142857142857,0.30095476
35.0,0.42857142857142855,0.7857142857142857,0.3495402
35.0,0.5,0.7857142857142857,0.3691756
35.0,0.5714285714285714,0.7857142857142857,0.3498903
35.0,0.6428571428571428,0.7857142857142857,0.3027423
35.0,0.7142857142857142,0.7857142857142857,0.24418822
35.0,0.7857142857142857,0.7857142857142857,0.18268721
35.0,0.8571428571428571,0.7857142857142857,0.12027875
35.0,0.9285714285714285,0.7857142857142857,0.05671245
35.0,1.0,0.7857142857142857,-0.007815716
35.0,0.0,0.8571428571428571,-0.0024651447
35.0,0.07142857142857142,0.8571428571428571,0.04285831
35.0,0.14285714285714285,0.8571428571428571,0.08382971
35.0,0.21428571428571427,0.8571428571428571,0.12235161
35.0,0.2857142857142857,0.8571428571428571,0.1607636
35.0,0.3571428571428571,0.8571428571428571,0.19867313
35.0,0.42857142857142855,0.8571428571428571,0.22953941
35.0,0.5,0.8571428571428571,0.2420528
35.0,0.5714285714285714,0.8571428571428571,0.22972049
35.0,0.6428571428571428,0.8571428571428571,0.19842407
35.0,0.7142857142857142,0.8571428571428571,0.1593073
35.0,0.7857142857142857,0.8571428571428571,0.11893723
35.0,0.8571428571428571,0.8571428571428571,0.0781438
35.0,0.9285714285714285,0.8571428571428571,0.035192966
35.0,1.0,0.8571428571428571,-0.011238121
35.0,0.0,0.9285714285714285,-0.0061039897
35.0,0.07142857142857142,0.9285714285714285,0.021100365
35.0,0.14285714285714285,0.9285714285714285,0.042335868
35.0,0.21428571428571427,0.9285714285714285,0.060024135
35.0,0.2857142857142857,0.9285714285714285,0.07703134
35.0,0.3571428571428571,0.9285714285714285,0.094317116
35.0,0.42857142857142855,0.9285714285714285,0.1090398
35.0,0.5,0.9285714285714285,0.11560217
35.0,0.5714285714285714,0.9285714285714285,0.11023226
35.0,0.6428571428571428,0.9285714285714285,0.094947495
35.0,0.7142857142857142,0.9285714285714285,0.07539241
35.0,0.7857142857142857,0.9285714285714285,0.055324726
35.0,0.8571428571428571,0.9285714285714285,0.034521516
35.0,0.9285714285714285,0.9285714285714285,0.010484382
35.0,1.0,0.9285714285714285,-0.01901986
35.0,0.0,1.0,-0.017736237
35.0,0.07142857142857142,1.0,-0.00872058
35.0,0.14285714285714285,1.0,-0.006711878
35.0,0.21428571428571427,1.0,-0.0085753435
35.0,0.2857142857142857,1.0,-0.010640408
35.0,0.3571428571428571,1.0,-0.010398437
35.0,0.42857142857142855,1.0,-0.0077121677
35.0,0.5,1.0,-0.0045228796
35.0,0.5714285714285714,1.0,-0.0030711452
35.0,0.6428571428571428,1.0,-0.003914845
35.0,0.7142857142857142,1.0,-0.0057837525
35.0,0.7857142857142857,1.0,-0.0077312635
35.0,0.8571428571428571,1.0,-0.010917244
35.0,0.9285714285714285,1.0,-0.018150978
35.0,1.0,1.0,-0.032134898
36.0,0.0,0.0,-0.02211212
36.0,0.07142857142857142,0.0,-0.010926723
36.0,0.14285714285714285,0.0,-0.0065761553
36.0,0.21428571428571427,0.0,-0.007799601
36.0,0.2857142857142857,0.0,-0.010449654
36.0,0.3571428571428571,0.0,-0.009292057
36.0,0.42857142857142855,0.0,-0.0047542313
36.0,0.5,0.0,-0.0035991883
36.0,0.5714285714285714,0.0,-0.008028501
36.0,0.6428571428571428,0.0,-0.011972093
36.0,0.7142857142857142,0.0,-0.010649228
36.0,0.7857142857142857,0.0,-0.006705732
36.0,0.8571428571428571,0.0,-0.0059866505
36.0,0.9285714285714285,0.0,-0.012206444
36.0,1.0,0.0,-0.0262895
36.0,0.0,0.07142857142857142,-0.012807115
36.0,0.07142857142857142,0.07142857142857142,0.015684277
36.0,0.14285714285714285,0.07142857142857142,0.039316524
36.0,0.21428571428571427,0.07142857142857142,0.058394648
36.0,0.2857142857142857,0.07142857142857142,0.0754561
36.0,0.3571428571428571,0.07142857142857142,0.09426512
36.0,0.42857142857142855,0.07142857142857142,0.11236286
36.0,0.5,0.07142857142857142,0.11851544
36.0,0.5714285714285714,0.07142857142857142,0.10836824
36.0,0.6428571428571428,0.07142857142857142,0.091625415
36.0,0.7142857142857142,0.07142857142857142,0.07690739
36.0,0.7857142857142857,0.07142857142857142,0.06260421
36.0,0.8571428571428571,0.07142857142857142,0.043809235
36.0,0.9285714285714285,0.07142857142857142,0.01844848
36.0,1.0,0.07142857142857142,-0.013389894
36.0,0.0,0.14285714285714285,-0.00901369
36.0,0.07142857142857142,0.14285714285714285,0.03760814
36.0,0.14285714285714285,0.14285714285714285,0.08160708
36.0,0.21428571428571427,0.14285714285714285,0.12243346
36.0,0.2857142857142857,0.14285714285714285,0.16098805
36.0,0.3571428571428571,0.14285714285714285,0.19926909
36.0,0.42857142857142855,0.14285714285714285,0.23275957
36.0,0.5,0.14285714285714285,0.24521804
36.0,0.5714285714285714,0.14285714285714285,0.2290235
36.0,0.6428571428571428,0.14285714285714285,0.19765942
36.0,0.7142857142857142,0.14285714285714285,0.16399866
36.0,0.7857142857142857,0.14285714285714285,0.12818754
36.0,0.8571428571428571,0.14285714285714285,0.087491944
36.0,0.9285714285714285,0.14285714285714285,0.041777276
36.0,1.0,0.14285714285714285,-0.008406729
36.0,0.0,0.21428571428571427,-0.0088789575
36.0,0.07142857142857142,0.21428571428571427,0.05665879
36.0,0.14285714285714285,0.21428571428571427,0.12152032
36.0,0.21428571428571427,0.21428571428571427,0.18424727
36.0,0.2857142857142857,0.21428571428571427,0.24422103
36.0,0.3571428571428571,0.21428571428571427,0.30181047
36.0,0.42857142857142855,0.21428571428571427,0.35091484
36.0,0.5,0.21428571428571427,0.37044632
36.0,0.5714285714285714,0.21428571428571427,0.34838703
36.0,0.6428571428571428,0.21428571428571427,0.30159616
36.0,0.7142857142857142,0.21428571428571427,0.24736845
36.0,0.7857142857142857,0.21428571428571427,0.1886545
36.0,0.8571428571428571,0.21428571428571427,0.12574291
36.0,0.9285714285714285,0.21428571428571427,0.05987431
36.0,1.0,0.21428571428571427,-0.008509905
36.0,0.0,0.2857142857142857,-0.010424595
36.0,0.07142857142857142,0.2857142857142857,0.07483242
36.0,0.14285714285714285,0.2857142857142857,0.16060376
36.0,0.21428571428571427,0.2857142857142857,0.24431196
36.0,0.2857142857142857,0.2857142857142857,0.32412115
36.0,0.3571428571428571,0.2857142857142857,0.39940968
36.0,0.42857142857142855,0.2857142857142857,0.4632833
36.0,0.5,0.2857142857142857,0.49025655
36.0,0.5714285714285714,0.2857142857142857,0.4627427
36.0,0.6428571428571428,0.2857142857142857,0.40041444
36.0,0.7142857142857142,0.2857142857142857,0.32546896
36.0,0.7857142857142857,0.2857142857142857,0.2447159
36.0,0.8571428571428571,0.2857142857142857,0.16113305
36.0,0.9285714285714285,0.2857142857142857,0.07620624
36.0,1.0,0.2857142857142857,-0.009686672
36.0,0.0,0.3571428571428571,-0.012040145
36.0,0.07142857142857142,0.3571428571428571,0.09314261
36.0,0.14285714285714285,0.3571428571428571,0.1992315
36.0,0.21428571428571427,0.3571428571428571,0.3022101
36.0,0.2857142857142857,0.3571428571428571,0.3994392
36.0,0.3571428571428571,0.3571428571428571,0.49022508
36.0,0.42857142857142855,0.3571428571428571,0.5676381
36.0,0.5,0.3571428571428571,0.60204655
36.0,0.5714285714285714,0.3571428571428571,0.5692725
36.0,0.6428571428571428,0.3571428571428571,0.4918282
36.0,0.7142857142857142,0.3571428571428571,0.39777958
36.0,0.7857142857142857,0.3571428571428571,0.29790488
36.0,0.8571428571428571,0.3571428571428571,0.1963045
36.0,0.9285714285714285,0.3571428571428571,0.093939856
36.0,1.0,0.3571428571428571,-0.008025498
36.0,0.0,0.42857142857142855,-0.01338615
36.0,0.07142857142857142,0.42857142857142855,0.1087332
36.0,0.14285714285714285,0.42857142857142855,0.23209853
36.0,0.21428571428571427,0.42857142857142855,0.35101423
36.0,0.2857142857142857,0.42857142857142855,0.4622076
36.0,0.3571428571428571,0.42857142857142855,0.565394
36.0,0.42857142857142855,0.42857142857142855,0.6539595
36.0,0.5,0.42857142857142855,0.69459784
36.0,0.5714285714285714,0.42857142857142855,0.6569895
36.0,0.6428571428571428,0.42857142857142855,0.5671192
36.0,0.7142857142857142,0.42857142857142855,0.4587439
36.0,0.7857142857142857,0.42857142857142855,0.344881
36.0,0.8571428571428571,0.42857142857142855,0.22914015
36.0,0.9285714285714285,0.42857142857142855,0.11236169
36.0,1.0,0.42857142857142855,-0.0024456093
36.0,0.0,0.5,-0.013283738
36.0,0.07142857142857142,0.5,0.115340926
36.0,0.14285714285714285,0.5,0.2457737
36.0,0.21428571428571427,0.5,0.37140414
36.0,0.2857142857142857,0.5,0.48849708
36.0,0.3571428571428571,0.5,0.59669
36.0,0.42857142857142855,0.5,0.6891228
36.0,0.5,0.5,0.7312406
36.0,0.5714285714285714,0.5,0.6915749
36.0,0.6428571428571428,0.5,0.59851724
36.0,0.7142857142857142,0.5,0.48671788
36.0,0.7857142857142857,0.5,0.36828458
36.0,0.8571428571428571,0.5,0.24625066
36.0,0.9285714285714285,0.5,0.122569926
36.0,1.0,0.5,0.0022944948
36.0,0.0,0.5714285714285714,-0.009864219
36.0,0.07142857142857142,0.5714285714285714,0.11074594
36.0,0.14285714285714285,0.5714285714285714,0.23275942
36.0,0.21428571428571427,0.5714285714285714,0.35099363
36.0,0.2857142857142857,0.5714285714285714,0.46277165
36.0,0.3571428571428571,0.5714285714285714,0.5670703
36.0,0.42857142857142855,0.5714285714285714,0.6545324
36.0,0.5,0.5714285714285714,0.69171935
36.0,0.5714285714285714,0.5714285714285714,0.6534289
36.0,0.6428571428571428,0.5714285714285714,0.56748486
36.0,0.7142857142857142,0.5714285714285714,0.46346134
36.0,0.7857142857142857,0.5714285714285714,0.35109106
36.0,0.8571428571428571,0.5714285714285714,0.23383331
36.0,0.9285714285714285,0.5714285714285714,0.11503071
36.0,1.0,0.5714285714285714,0.00030965265
36.0,0.0,0.6428571428571428,-0.006286145
36.0,0.07142857142857142,0.6428571428571428,0.09689222
36.0,0.14285714285714285,0.6428571428571428,0.20028794
36.0,0.21428571428571427,0.6428571428571428,0.30161116
36.0,0.2857142857142857,0.6428571428571428,0.4003704
36.0,0.3571428571428571,0.6428571428571428,0.49494195
36.0,0.42857142857142855,0.6428571428571428,0.57311034
36.0,0.5,0.6428571428571428,0.6043755
36.0,0.5714285714285714,0.6428571428571428,0.5708208
36.0,0.6428571428571428,0.6428571428571428,0.49609697
36.0,0.7142857142857142,0.6428571428571428,0.4044283
36.0,0.7857142857142857,0.6428571428571428,0.30468106
36.0,0.8571428571428571,0.6428571428571428,0.20083699
36.0,0.9285714285714285,0.6428571428571428,0.09634181
36.0,1.0,0.6428571428571428,-0.0044453675
36.0,0.0,0.7142857142857142,-0.00403753
36.0,0.07142857142857142,0.7142857142857142,0.07904215
36.0,0.14285714285714285,0.7142857142857142,0.16093941
36.0,0.21428571428571427,0.7142857142857142,0.24165884
36.0,0.2857142857142857,0.7142857142857142,0.32228133
36.0,0.3571428571428571,0.7142857142857142,0.4010454
36.0,0.42857142857142855,0.7142857142857142,0.46567267
36.0,0.5,0.7142857142857142,0.4913944
36.0,0.5714285714285714,0.7142857142857142,0.46512294
36.0,0.6428571428571428,0.7142857142857142,0.40381858
36.0,0.7142857142857142,0.7142857142857142,0.32764772
36.0,0.7857142857142857,0.7142857142857142,0.24565989
36.0,0.8571428571428571,0.7142857142857142,0.16132629
36.0,0.9285714285714285,0.7142857142857142,0.07655027
36.0,1.0,0.7142857142857142,-0.0064302394
36.0,0.0,0.7857142857142857,-0.0025319168
36.0,0.07142857142857142,0.7857142857142857,0.061070584
36.0,0.14285714285714285,0.7857142857142857,0.12204046
36.0,0.21428571428571427,0.7857142857142857,0.18165079
36.0,0.2857142857142857,0.7857142857142857,0.24172464
36.0,0.3571428571428571,0.7857142857142857,0.30082542
36.0,0.42857142857142855,0.7857142857142857,0.34891337
36.0,0.5,0.7857142857142857,0.368167
36.0,0.5714285714285714,0.7857142857142857,0.34910655
36.0,0.6428571428571428,0.7857142857142857,0.30240598
36.0,0.7142857142857142,0.7857142857142857,0.24404895
36.0,0.7857142857142857,0.7857142857142857,0.18254192
36.0,0.8571428571428571,0.7857142857142857,0.12013794
36.0,0.9285714285714285,0.7857142857142857,0.05670709
36.0,1.0,0.7857142857142857,-0.0075700553
36.0,0.0,0.8571428571428571,-0.0023571039
36.0,0.07142857142857142,0.8571428571428571,0.04281096
36.0,0.14285714285714285,0.8571428571428571,0.08374752
36.0,0.21428571428571427,0.8571428571428571,0.122357495
36.0,0.2857142857142857,0.8571428571428571,0.1608696
36.0,0.3571428571428571,0.8571428571428571,0.19869822
36.0,0.42857142857142855,0.8571428571428571,0.22924298
36.0,0.5,0.8571428571428571,0.2414869
36.0,0.5714285714285714,0.8571428571428571,0.22925898
36.0,0.6428571428571428,0.8571428571428571,0.19825059
36.0,0.7142857142857142,0.8571428571428571,0.15927236
36.0,0.7857142857142857,0.8571428571428571,0.11887442
36.0,0.8571428571428571,0.8571428571428571,0.078040205
36.0,0.9285714285714285,0.8571428571428571,0.035151117
36.0,1.0,0.8571428571428571,-0.011102931
36.0,0.0,0.9285714285714285,-0.0061143497
36.0,0.07142857142857142,0.9285714285714285,0.020993829
36.0,0.14285714285714285,0.9285714285714285,0.042266034
36.0,0.21428571428571427,0.9285714285714285,0.060103856
36.0,0.2857142857142857,0.9285714285714285,0.07726231
36.0,0.3571428571428571,0.9285714285714285,0.0945552
36.0,0.42857142857142855,0.9285714285714285,0.1091128
36.0,0.5,0.9285714285714285,0.115518995
36.0,0.5714285714285714,0.9285714285714285,0.110197864
36.0,0.6428571428571428,0.9285714285714285,0.095079206
36.0,0.7142857142857142,0.9285714285714285,0.07558986
36.0,0.7857142857142857,0.9285714285714285,0.055445284
36.0,0.8571428571428571,0.9285714285714285,0.034533765
36.0,0.9285714285714285,0.9285714285714285,0.010468016
36.0,1.0,0.9285714285714285,-0.01894851
36.0,0.0,1.0,-0.01780637
36.0,0.07142857142857142,1.0,-0.008804795
36.0,0.14285714285714285,1.0,-0.006678785
36.0,0.21428571428571427,1.0,-0.008336732
36.0,0.2857142857142857,1.0,-0.010211696
36.0,0.3571428571428571,1.0,-0.009895992
36.0,0.42857142857142855,1.0,-0.007260767
36.0,0.5,1.0,-0.0041373344
36.0,0.5714285714285714,1.0,-0.002655399
36.0,0.6428571428571428,1.0,-0.0034151385
36.0,0.7142857142857142,1.0,-0.0052852863
36.0,0.7857142857142857,1.0,-0.0073620016
36.0,0.8571428571428571,1.0,-0.01072408
36.0,0.9285714285714285,1.0,-0.018076416
36.0,1.0,1.0,-0.032067385
37.0,0.0,0.0,-0.02216687
37.0,0.07142857142857142,0.0,-0.011002655
37.0,0.14285714285714285,0.0,-0.006611456
37.0,0.21428571428571427,0.0,-0.007710373
37.0,0.2857142857142857,0.0,-0.010178195
37.0,0.3571428571428571,0.0,-0.008900157
37.0,0.42857142857142855,0.0,-0.0043775467
37.0,0.5,0.0,-0.0032521738
37.0,0.5714285714285714,0.0,-0.0076615782
37.0,0.6428571428571428,0.0,-0.011639544
37.0,0.7142857142857142,0.0,-0.010409308
37.0,0.7857142857142857,0.0,-0.0065135444
37.0,0.8571428571428571,0.0,-0.005774428
37.0,0.9285714285714285,0.0,-0.011959345
37.0,1.0,0.0,-0.02603452
37.0,0.0,0.07142857142857142,-0.012819317
37.0,0.07142857142857142,0.07142857142857142,0.015627809
37.0,0.14285714285714285,0.07142857142857142,0.03926786
37.0,0.21428571428571427,0.07142857142857142,0.058421917
37.0,0.2857142857142857,0.07142857142857142,0.075597815
37.0,0.3571428571428571,0.07142857142857142,0.09442662
37.0,0.42857142857142855,0.07142857142857142,0.11237166
37.0,0.5,0.07142857142857142,0.11843305
37.0,0.5714285714285714,0.07142857142857142,0.10839967
37.0,0.6428571428571428,0.07142857142857142,0.09175689
37.0,0.7142857142857142,0.07142857142857142,0.077035
37.0,0.7857142857142857,0.07142857142857142,0.06273259
37.0,0.8571428571428571,0.07142857142857142,0.043974183
37.0,0.9285714285714285,0.07142857142857142,0.018647239
37.0,1.0,0.07142857142857142,-0.013183662
37.0,0.0,0.14285714285714285,-0.008936526
37.0,0.07142857142857142,0.14285714285714285,0.037608627
37.0,0.14285714285714285,0.14285714285714285,0.08157479
37.0,0.21428571428571427,0.14285714285714285,0.12242501
37.0,0.2857142857142857,0.14285714285714285,0.1610227
37.0,0.3571428571428571,0.14285714285714285,0.19922014
37.0,0.42857142857142855,0.14285714285714285,0.23240213
37.0,0.5,0.14285714285714285,0.24468708
37.0,0.5714285714285714,0.14285714285714285,0.22872072
37.0,0.6428571428571428,0.14285714285714285,0.19762422
37.0,0.7142857142857142,0.14285714285714285,0.16406018
37.0,0.7857142857142857,0.14285714285714285,0.12829068
37.0,0.8571428571428571,0.14285714285714285,0.08763633
37.0,0.9285714285714285,0.14285714285714285,0.04195439
37.0,1.0,0.14285714285714285,-0.008210191
37.0,0.0,0.21428571428571427,-0.008665526
37.0,0.07142857142857142,0.21428571428571427,0.05674815
37.0,0.14285714285714285,0.21428571428571427,0.12152127
37.0,0.21428571428571427,0.21428571428571427,0.18421437
37.0,0.2857142857142857,0.21428571428571427,0.24417153
37.0,0.3571428571428571,0.21428571428571427,0.30159795
37.0,0.42857142857142855,0.21428571428571427,0.3502531
37.0,0.5,0.21428571428571427,0.36951756
37.0,0.5714285714285714,0.21428571428571427,0.3478047
37.0,0.6428571428571428,0.21428571428571427,0.30145013
37.0,0.7142857142857142,0.21428571428571427,0.24740118
37.0,0.7857142857142857,0.21428571428571427,0.18874125
37.0,0.8571428571428571,0.21428571428571427,0.12586108
37.0,0.9285714285714285,0.21428571428571427,0.060038425
37.0,1.0,0.21428571428571427,-0.008287028
37.0,0.0,0.2857142857142857,-0.010061751
37.0,0.07142857142857142,0.2857142857142857,0.07499982
37.0,0.14285714285714285,0.2857142857142857,0.16060413
37.0,0.21428571428571427,0.2857142857142857,0.2442097
37.0,0.2857142857142857,0.2857142857142857,0.32395312
37.0,0.3571428571428571,0.2857142857142857,0.39902797
37.0,0.42857142857142855,0.2857142857142857,0.462336
37.0,0.5,0.2857142857142857,0.48893523
37.0,0.5714285714285714,0.2857142857142857,0.4618738
37.0,0.6428571428571428,0.2857142857142857,0.4001394
37.0,0.7142857142857142,0.2857142857142857,0.32542735
37.0,0.7857142857142857,0.2857142857142857,0.24471426
37.0,0.8571428571428571,0.2857142857142857,0.16116332
37.0,0.9285714285714285,0.2857142857142857,0.07633503
37.0,1.0,0.2857142857142857,-0.009413191
37.0,0.0,0.3571428571428571,-0.011601773
37.0,0.07142857142857142,0.3571428571428571,0.09328846
37.0,0.14285714285714285,0.3571428571428571,0.19909686
37.0,0.21428571428571427,0.3571428571428571,0.3018755
37.0,0.2857142857142857,0.3571428571428571,0.3989737
37.0,0.3571428571428571,0.3571428571428571,0.489484
37.0,0.42857142857142855,0.3571428571428571,0.56619775
37.0,0.5,0.3571428571428571,0.60008615
37.0,0.5714285714285714,0.3571428571428571,0.56786114
37.0,0.6428571428571428,0.3571428571428571,0.49118924
37.0,0.7142857142857142,0.3571428571428571,0.39744967
37.0,0.7857142857142857,0.3571428571428571,0.29763162
37.0,0.8571428571428571,0.3571428571428571,0.19612245
37.0,0.9285714285714285,0.3571428571428571,0.09397982
37.0,1.0,0.3571428571428571,-0.0077036778
37.0,0.0,0.42857142857142855,-0.013014966
37.0,0.07142857142857142,0.42857142857142855,0.10870857
37.0,0.14285714285714285,0.42857142857142855,0.23165415
37.0,0.21428571428571427,0.42857142857142855,0.35022473
37.0,0.2857142857142857,0.42857142857142855,0.461154
37.0,0.3571428571428571,0.42857142857142855,0.56391764
37.0,0.42857142857142855,0.42857142857142855,0.65156406
37.0,0.5,0.42857142857142855,0.6914783
37.0,0.5714285714285714,0.42857142857142855,0.65453726
37.0,0.6428571428571428,0.42857142857142855,0.56570613
37.0,0.7142857142857142,0.42857142857142855,0.45781973
37.0,0.7857142857142857,0.42857142857142855,0.34413004
37.0,0.8571428571428571,0.42857142857142855,0.22862571
37.0,0.9285714285714285,0.42857142857142855,0.11224763
37.0,1.0,0.42857142857142855,-0.002112181
37.0,0.0,0.5,-0.012946838
37.0,0.07142857142857142,0.5,0.115251996
37.0,0.14285714285714285,0.5,0.24519938
37.0,0.21428571428571427,0.5,0.37038904
37.0,0.2857142857142857,0.5,0.4871009
37.0,0.3571428571428571,0.5,0.59472525
37.0,0.42857142857142855,0.5,0.6860558
37.0,0.5,0.5,0.7273197
37.0,0.5714285714285714,0.5,0.6884368
37.0,0.6428571428571428,0.5,0.596625
37.0,0.7142857142857142,0.5,0.4854486
37.0,0.7857142857142857,0.5,0.3672621
37.0,0.8571428571428571,0.5,0.24553847
37.0,0.9285714285714285,0.5,0.12235377
37.0,1.0,0.5,0.0026255017
37.0,0.0,0.5714285714285714,-0.009410755
37.0,0.07142857142857142,0.5714285714285714,0.11085172
37.0,0.14285714285714285,0.5714285714285714,0.23248516
37.0,0.21428571428571427,0.5714285714285714,0.35039383
37.0,0.2857142857142857,0.5714285714285714,0.4618899
37.0,0.3571428571428571,0.5714285714285714,0.5656853
37.0,0.42857142857142855,0.5714285714285714,0.6521189
37.0,0.5,0.5714285714285714,0.6885597
37.0,0.5714285714285714,0.5714285714285714,0.6510435
37.0,0.6428571428571428,0.5714285714285714,0.5662209
37.0,0.7142857142857142,0.5714285714285714,0.4626789
37.0,0.7857142857142857,0.5714285714285714,0.35041583
37.0,0.8571428571428571,0.5714285714285714,0.23333128
37.0,0.9285714285714285,0.5714285714285714,0.11492265
37.0,1.0,0.5714285714285714,0.00069667306
37.0,0.0,0.6428571428571428,-0.005794131
37.0,0.07142857142857142,0.6428571428571428,0.097112715
37.0,0.14285714285714285,0.6428571428571428,0.20026504
37.0,0.21428571428571427,0.6428571428571428,0.30143705
37.0,0.2857142857142857,0.6428571428571428,0.40007874
37.0,0.3571428571428571,0.6428571428571428,0.49427837
37.0,0.42857142857142855,0.6428571428571428,0.57159317
37.0,0.5,0.6428571428571428,0.60227525
37.0,0.5714285714285714,0.6428571428571428,0.5693487
37.0,0.6428571428571428,0.6428571428571428,0.49549323
37.0,0.7142857142857142,0.6428571428571428,0.40414795
37.0,0.7857142857142857,0.6428571428571428,0.30440116
37.0,0.8571428571428571,0.6428571428571428,0.20060945
37.0,0.9285714285714285,0.6428571428571428,0.096375324
37.0,1.0,0.6428571428571428,-0.004020327
37.0,0.0,0.7142857142857142,-0.0036435286
37.0,0.07142857142857142,0.7142857142857142,0.07920723
37.0,0.14285714285714285,0.7142857142857142,0.16095012
37.0,0.21428571428571427,0.7142857142857142,0.24163187
37.0,0.2857142857142857,0.7142857142857142,0.32224017
37.0,0.3571428571428571,0.7142857142857142,0.40073895
37.0,0.42857142857142855,0.7142857142857142,0.46469444
37.0,0.5,0.7142857142857142,0.4899469
37.0,0.5714285714285714,0.7142857142857142,0.46408468
37.0,0.6428571428571428,0.7142857142857142,0.40341228
37.0,0.7142857142857142,0.7142857142857142,0.32748783
37.0,0.7857142857142857,0.7142857142857142,0.24549258
37.0,0.8571428571428571,0.7142857142857142,0.161183
37.0,0.9285714285714285,0.7142857142857142,0.076597996
37.0,1.0,0.7142857142857142,-0.00606566
37.0,0.0,0.7857142857142857,-0.0022902796
37.0,0.07142857142857142,0.7857142857142857,0.061118357
37.0,0.14285714285714285,0.7857142857142857,0.121997975
37.0,0.21428571428571427,0.7857142857142857,0.18164104
37.0,0.2857142857142857,0.7857142857142857,0.24176157
37.0,0.3571428571428571,0.7857142857142857,0.30068445
37.0,0.42857142857142855,0.7857142857142857,0.34827667
37.0,0.5,0.7857142857142857,0.36715645
37.0,0.5714285714285714,0.7857142857142857,0.34831575
37.0,0.6428571428571428,0.7857142857142857,0.3020537
37.0,0.7142857142857142,0.7857142857142857,0.24389786
37.0,0.7857142857142857,0.7857142857142857,0.18239252
37.0,0.8571428571428571,0.7857142857142857,0.119997196
37.0,0.9285714285714285,0.7857142857142857,0.056703277
37.0,1.0,0.7857142857142857,-0.007319712
37.0,0.0,0.8571428571428571,-0.002265201
37.0,0.07142857142857142,0.8571428571428571,0.042752612
37.0,0.14285714285714285,0.8571428571428571,0.08366143
37.0,0.21428571428571427,0.8571428571428571,0.12236392
37.0,0.2857142857142857,0.8571428571428571,0.16097409
37.0,0.3571428571428571,0.8571428571428571,0.19871522
37.0,0.42857142857142855,0.8571428571428571,0.22893786
37.0,0.5,0.8571428571428571,0.24091649
37.0,0.5714285714285714,0.8571428571428571,0.22879052
37.0,0.6428571428571428,0.8571428571428571,0.1980658
37.0,0.7142857142857142,0.8571428571428571,0.15923011
37.0,0.7857142857142857,0.8571428571428571,0.11881278
37.0,0.8571428571428571,0.8571428571428571,0.077942386
37.0,0.9285714285714285,0.8571428571428571,0.035115708
37.0,1.0,0.8571428571428571,-0.010959887
37.0,0.0,0.9285714285714285,-0.006139745
37.0,0.07142857142857142,0.9285714285714285,0.020879101
37.0,0.14285714285714285,0.9285714285714285,0.042195156
37.0,0.21428571428571427,0.9285714285714285,0.06018623
37.0,0.2857142857142857,0.9285714285714285,0.07749329
37.0,0.3571428571428571,0.9285714285714285,0.09478913
37.0,0.42857142857142855,0.9285714285714285,0.10918063
37.0,0.5,0.9285714285714285,0.11543233
37.0,0.5714285714285714,0.9285714285714285,0.11015843
37.0,0.6428571428571428,0.9285714285714285,0.09520403
37.0,0.7142857142857142,0.9285714285714285,0.07578381
37.0,0.7857142857142857,0.9285714285714285,0.05557041
37.0,0.8571428571428571,0.9285714285714285,0.034555193
37.0,0.9285714285714285,0.9285714285714285,0.010460976
37.0,1.0,0.9285714285714285,-0.018868756
37.0,0.0,1.0,-0.017889287
37.0,0.07142857142857142,1.0,-0.008894033
37.0,0.14285714285714285,1.0,-0.0066438196
37.0,0.21428571428571427,1.0,-0.008093445
37.0,0.2857142857142857,1.0,-0.009779486
37.0,0.3571428571428571,1.0,-0.009392382
37.0,0.42857142857142855,1.0,-0.0068083527
37.0,0.5,1.0,-0.0037505077
37.0,0.5714285714285714,1.0,-0.00223953
37.0,0.6428571428571428,1.0,-0.0029173465
37.0,0.7142857142857142,1.0,-0.004786902
37.0,0.7857142857142857,1.0,-0.006986809
37.0,0.8571428571428571,1.0,-0.010521089
37.0,0.9285714285714285,1.0,-0.017991059
37.0,1.0,1.0,-0.03199063
38.0,0.0,0.0,-0.022226635
38.0,0.07142857142857142,0.0,-0.011084645
38.0,0.14285714285714285,0.0,-0.0066528097
38.0,0.21428571428571427,0.0,-0.007625214
38.0,0.2857142857142857,0.0,-0.009909461
38.0,0.3571428571428571,0.0,-0.0085112
38.0,0.42857142857142855,0.0,-0.0040027713
38.0,0.5,0.0,-0.0029061688
38.0,0.5714285714285714,0.0,-0.0072977496
38.0,0.6428571428571428,0.0,-0.011311882
38.0,0.7142857142857142,0.0,-0.01017755
38.0,0.7857142857142857,0.0,-0.0063333446
38.0,0.8571428571428571,0.0,-0.0055761198
38.0,0.9285714285714285,0.0,-0.011724585
38.0,1.0,0.0,-0.025786817
38.0,0.0,0.07142857142857142,-0.012833835
38.0,0.07142857142857142,0.07142857142857142,0.015566102
38.0,0.14285714285714285,0.07142857142857142,0.039212458
38.0,0.21428571428571427,0.07142857142857142,0.058441676
38.0,0.2857142857142857,0.07142857142857142,0.07573006
38.0,0.3571428571428571,0.07142857142857142,0.09457681
38.0,0.42857142857142855,0.07142857142857142,0.11237239
38.0,0.5,0.07142857142857142,0.11834488
38.0,0.5714285714285714,0.07142857142857142,0.108422644
38.0,0.6428571428571428,0.07142857142857142,0.09187891
38.0,0.7142857142857142,0.07142857142857142,0.07715097
38.0,0.7857142857142857,0.07142857142857142,0.06284602
38.0,0.8571428571428571,0.07142857142857142,0.044122994
38.0,0.9285714285714285,0.07142857142857142,0.01883296
38.0,1.0,0.07142857142857142,-0.012985648
38.0,0.0,0.14285714285714285,-0.008859854
38.0,0.07142857142857142,0.14285714285714285,0.037605215
38.0,0.14285714285714285,0.14285714285714285,0.08153545
38.0,0.21428571428571427,0.14285714285714285,0.12240604
38.0,0.2857142857142857,0.14285714285714285,0.16104442
38.0,0.3571428571428571,0.14285714285714285,0.19915603
38.0,0.42857142857142855,0.14285714285714285,0.23203576
38.0,0.5,0.14285714285714285,0.24415216
38.0,0.5714285714285714,0.14285714285714285,0.2284097
38.0,0.6428571428571428,0.14285714285714285,0.19757678
38.0,0.7142857142857142,0.14285714285714285,0.1641078
38.0,0.7857142857142857,0.14285714285714285,0.12837683
38.0,0.8571428571428571,0.14285714285714285,0.08776231
38.0,0.9285714285714285,0.14285714285714285,0.04211604
38.0,1.0,0.14285714285714285,-0.008023114
38.0,0.0,0.21428571428571427,-0.008452111
38.0,0.07142857142857142,0.21428571428571427,0.056832135
38.0,0.14285714285714285,0.21428571428571427,0.12151488
38.0,0.21428571428571427,0.21428571428571427,0.18417118
38.0,0.2857142857142857,0.21428571428571427,0.2441082
38.0,0.3571428571428571,0.21428571428571427,0.30136934
38.0,0.42857142857142855,0.21428571428571427,0.3495843
38.0,0.5,0.21428571428571427,0.3685899
38.0,0.5714285714285714,0.21428571428571427,0.34721547
38.0,0.6428571428571428,0.21428571428571427,0.3012911
38.0,0.7142857142857142,0.21428571428571427,0.24741885
38.0,0.7857142857142857,0.21428571428571427,0.1888096
38.0,0.8571428571428571,0.21428571428571427,0.12595937
38.0,0.9285714285714285,0.21428571428571427,0.060183465
38.0,1.0,0.21428571428571427,-0.008076088
38.0,0.0,0.2857142857142857,-0.0097001875
38.0,0.07142857142857142,0.2857142857142857,0.07516112
38.0,0.14285714285714285,0.2857142857142857,0.16059628
38.0,0.21428571428571427,0.2857142857142857,0.24409872
38.0,0.2857142857142857,0.2857142857142857,0.3237744
38.0,0.3571428571428571,0.2857142857142857,0.3986333
38.0,0.42857142857142855,0.2857142857142857,0.46138516
38.0,0.5,0.2857142857142857,0.48762116
38.0,0.5714285714285714,0.2857142857142857,0.4610006
38.0,0.6428571428571428,0.2857142857142857,0.39985025
38.0,0.7142857142857142,0.2857142857142857,0.32537186
38.0,0.7857142857142857,0.2857142857142857,0.24469686
38.0,0.8571428571428571,0.2857142857142857,0.16117357
38.0,0.9285714285714285,0.2857142857142857,0.07644522
38.0,1.0,0.2857142857142857,-0.009152272
38.0,0.0,0.3571428571428571,-0.011165497
38.0,0.07142857142857142,0.3571428571428571,0.093426906
38.0,0.14285714285714285,0.3571428571428571,0.19895598
38.0,0.21428571428571427,0.3571428571428571,0.3015379
38.0,0.2857142857142857,0.3571428571428571,0.3985056
38.0,0.3571428571428571,0.3571428571428571,0.48873872
38.0,0.42857142857142855,0.3571428571428571,0.5647639
38.0,0.5,0.3571428571428571,0.59814525
38.0,0.5714285714285714,0.3571428571428571,0.56645274
38.0,0.6428571428571428,0.3571428571428571,0.49054098
38.0,0.7142857142857142,0.3571428571428571,0.39711323
38.0,0.7857142857142857,0.3571428571428571,0.29735005
38.0,0.8571428571428571,0.3571428571428571,0.19592497
38.0,0.9285714285714285,0.3571428571428571,0.09400233
38.0,1.0,0.3571428571428571,-0.0073925043
38.0,0.0,0.42857142857142855,-0.012640339
38.0,0.07142857142857142,0.42857142857142855,0.108682506
38.0,0.14285714285714285,0.42857142857142855,0.23121136
38.0,0.21428571428571427,0.42857142857142855,0.3494454
38.0,0.2857142857142857,0.42857142857142855,0.46011612
38.0,0.3571428571428571,0.42857142857142855,0.5624582
38.0,0.42857142857142855,0.42857142857142855,0.6491995
38.0,0.5,0.42857142857142855,0.6884092
38.0,0.5714285714285714,0.42857142857142855,0.65211535
38.0,0.6428571428571428,0.42857142857142855,0.56430674
38.0,0.7142857142857142,0.42857142857142855,0.45691058
38.0,0.7857142857142857,0.42857142857142855,0.34338897
38.0,0.8571428571428571,0.42857142857142855,0.22810656
38.0,0.9285714285714285,0.42857142857142855,0.11212086
38.0,1.0,0.42857142857142855,-0.0017870972
38.0,0.0,0.5,-0.012604483
38.0,0.07142857142857142,0.5,0.11516396
38.0,0.14285714285714285,0.5,0.24463075
38.0,0.21428571428571427,0.5,0.36939052
38.0,0.2857142857142857,0.5,0.4857307
38.0,0.3571428571428571,0.5,0.592792
38.0,0.42857142857142855,0.5,0.6830394
38.0,0.5,0.5,0.7234775
38.0,0.5714285714285714,0.5,0.6853564
38.0,0.6428571428571428,0.5,0.5947655
38.0,0.7142857142857142,0.5,0.48420745
38.0,0.7857142857142857,0.5,0.366259
38.0,0.8571428571428571,0.5,0.24482727
38.0,0.9285714285714285,0.5,0.12212788
38.0,1.0,0.5,0.0029503098
38.0,0.0,0.5714285714285714,-0.008960375
38.0,0.07142857142857142,0.5714285714285714,0.110948026
38.0,0.14285714285714285,0.5714285714285714,0.23220384
38.0,0.21428571428571427,0.5714285714285714,0.34979442
38.0,0.2857142857142857,0.5714285714285714,0.46101308
38.0,0.3571428571428571,0.5714285714285714,0.56430507
38.0,0.42857142857142855,0.5714285714285714,0.6497255
38.0,0.5,0.5714285714285714,0.68544513
38.0,0.5714285714285714,0.5714285714285714,0.6486842
38.0,0.6428571428571428,0.5714285714285714,0.5649587
38.0,0.7142857142857142,0.5714285714285714,0.46189833
38.0,0.7857142857142857,0.5714285714285714,0.34974167
38.0,0.8571428571428571,0.5714285714285714,0.23282206
38.0,0.9285714285714285,0.5714285714285714,0.114802696
38.0,1.0,0.5714285714285714,0.0010782843
38.0,0.0,0.6428571428571428,-0.005315163
38.0,0.07142857142857142,0.6428571428571428,0.097316414
38.0,0.14285714285714285,0.6428571428571428,0.20022765
38.0,0.21428571428571427,0.6428571428571428,0.30125415
38.0,0.2857142857142857,0.6428571428571428,0.39977795
38.0,0.3571428571428571,0.6428571428571428,0.49360025
38.0,0.42857142857142855,0.6428571428571428,0.5700696
38.0,0.5,0.6428571428571428,0.6001877
38.0,0.5714285714285714,0.6428571428571428,0.56787443
38.0,0.6428571428571428,0.6428571428571428,0.4948675
38.0,0.7142857142857142,0.6428571428571428,0.40384722
38.0,0.7857142857142857,0.6428571428571428,0.30410743
38.0,0.8571428571428571,0.6428571428571428,0.20036975
38.0,0.9285714285714285,0.6428571428571428,0.09639767
38.0,1.0,0.6428571428571428,-0.0036004046
38.0,0.0,0.7142857142857142,-0.0032663802
38.0,0.07142857142857142,0.7142857142857142,0.07935564
38.0,0.14285714285714285,0.7142857142857142,0.16094895
38.0,0.21428571428571427,0.7142857142857142,0.24159792
38.0,0.2857142857142857,0.7142857142857142,0.3221912
38.0,0.3571428571428571,0.7142857142857142,0.40041757
38.0,0.42857142857142855,0.7142857142857142,0.46370566
38.0,0.5,0.7142857142857142,0.48850185
38.0,0.5714285714285714,0.7142857142857142,0.4630397
38.0,0.6428571428571428,0.7142857142857142,0.40298533
38.0,0.7142857142857142,0.7142857142857142,0.32730892
38.0,0.7857142857142857,0.7142857142857142,0.24531376
38.0,0.8571428571428571,0.7142857142857142,0.161032
38.0,0.9285714285714285,0.7142857142857142,0.076640524
38.0,1.0,0.7142857142857142,-0.0057014907
38.0,0.0,0.7857142857142857,-0.0020663003
38.0,0.07142857142857142,0.7857142857142857,0.061152205
38.0,0.14285714285714285,0.7857142857142857,0.121948324
38.0,0.21428571428571427,0.7857142857142857,0.18162899
38.0,0.2857142857142857,0.7857142857142857,0.24179396
38.0,0.3571428571428571,0.7857142857142857,0.30053174
38.0,0.42857142857142855,0.7857142857142857,0.34762916
38.0,0.5,0.7857142857142857,0.3661436
38.0,0.5714285714285714,0.7857142857142857,0.34751743
38.0,0.6428571428571428,0.7857142857142857,0.3016855
38.0,0.7142857142857142,0.7857142857142857,0.2437337
38.0,0.7857142857142857,0.7857142857142857,0.18223877
38.0,0.8571428571428571,0.7857142857142857,0.119857036
38.0,0.9285714285714285,0.7857142857142857,0.056701034
38.0,1.0,0.7857142857142857,-0.007065707
38.0,0.0,0.8571428571428571,-0.0021893838
38.0,0.07142857142857142,0.8571428571428571,0.04268351
38.0,0.14285714285714285,0.8571428571428571,0.083571516
38.0,0.21428571428571427,0.8571428571428571,0.122370474
38.0,0.2857142857142857,0.8571428571428571,0.16107571
38.0,0.3571428571428571,0.8571428571428571,0.1987233
38.0,0.42857142857142855,0.8571428571428571,0.22862315
38.0,0.5,0.8571428571428571,0.24034086
38.0,0.5714285714285714,0.8571428571428571,0.22831465
38.0,0.6428571428571428,0.8571428571428571,0.19786948
38.0,0.7142857142857142,0.8571428571428571,0.15918078
38.0,0.7857142857142857,0.8571428571428571,0.11875179
38.0,0.8571428571428571,0.8571428571428571,0.07785011
38.0,0.9285714285714285,0.8571428571428571,0.035086874
38.0,1.0,0.8571428571428571,-0.0108106965
38.0,0.0,0.9285714285714285,-0.006180675
38.0,0.07142857142857142,0.9285714285714285,0.020755742
38.0,0.14285714285714285,0.9285714285714285,0.042123254
38.0,0.21428571428571427,0.9285714285714285,0.06026999
38.0,0.2857142857142857,0.9285714285714285,0.077723436
38.0,0.3571428571428571,0.9285714285714285,0.09501706
38.0,0.42857142857142855,0.9285714285714285,0.1092415
38.0,0.5,0.9285714285714285,0.11534078
38.0,0.5714285714285714,0.9285714285714285,0.11011287
38.0,0.6428571428571428,0.9285714285714285,0.095321134
38.0,0.7142857142857142,0.9285714285714285,0.07597383
38.0,0.7857142857142857,0.9285714285714285,0.05569829
38.0,0.8571428571428571,0.9285714285714285,0.034584504
38.0,0.9285714285714285,0.9285714285714285,0.01046301
38.0,1.0,0.9285714285714285,-0.018780746
38.0,0.0,1.0,-0.017985359
38.0,0.07142857142857142,1.0,-0.008989234
38.0,0.14285714285714285,1.0,-0.006607834
38.0,0.21428571428571427,1.0,-0.007846806
38.0,0.2857142857142857,1.0,-0.009345547
38.0,0.3571428571428571,1.0,-0.0088894935
38.0,0.42857142857142855,1.0,-0.0063579576
38.0,0.5,1.0,-0.003364765
38.0,0.5714285714285714,1.0,-0.0018259147
38.0,0.6428571428571428,1.0,-0.0024233693
38.0,0.7142857142857142,1.0,-0.0042895237
38.0,0.7857142857142857,1.0,-0.0066071013
38.0,0.8571428571428571,1.0,-0.01030858
38.0,0.9285714285714285,1.0,-0.017895702
38.0,1.0,1.0,-0.031904776
39.0,0.0,0.0,-0.02229201
39.0,0.07142857142857142,0.0,-0.011173771
39.0,0.14285714285714285,0.0,-0.006700637
39.0,0.21428571428571427,0.0,-0.0075455625
39.0,0.2857142857142857,0.0,-0.009645382
39.0,0.3571428571428571,0.0,-0.008126902
39.0,0.42857142857142855,0.0,-0.003631156
39.0,0.5,0.0,-0.002563904
39.0,0.5714285714285714,0.0,-0.00693947
39.0,0.6428571428571428,0.0,-0.010991328
39.0,0.7142857142857142,0.0,-0.009955437
39.0,0.7857142857142857,0.0,-0.0061669806
39.0,0.8571428571428571,0.0,-0.0053936625
39.0,0.9285714285714285,0.0,-0.01150372
39.0,1.0,0.0,-0.02554828
39.0,0.0,0.07142857142857142,-0.01285231
39.0,0.07142857142857142,0.07142857142857142,0.015497784
39.0,0.14285714285714285,0.07142857142857142,0.039148726
39.0,0.21428571428571427,0.07142857142857142,0.05845233
39.0,0.2857142857142857,0.07142857142857142,0.075851716
39.0,0.3571428571428571,0.07142857142857142,0.09471629
39.0,0.42857142857142855,0.07142857142857142,0.112364344
39.0,0.5,0.07142857142857142,0.11825023
39.0,0.5714285714285714,0.07142857142857142,0.10843663
39.0,0.6428571428571428,0.07142857142857142,0.091989554
39.0,0.7142857142857142,0.07142857142857142,0.0772543
39.0,0.7857142857142857,0.07142857142857142,0.06294349
39.0,0.8571428571428571,0.07142857142857142,0.04425466
39.0,0.9285714285714285,0.07142857142857142,0.019002363
39.0,1.0,0.07142857142857142,-0.012797975
39.0,0.0,0.14285714285714285,-0.008785162
39.0,0.07142857142857142,0.14285714285714285,0.03759583
39.0,0.14285714285714285,0.14285714285714285,0.08148788
39.0,0.21428571428571427,0.14285714285714285,0.12237684
39.0,0.2857142857142857,0.14285714285714285,0.16105232
39.0,0.3571428571428571,0.14285714285714285,0.1990766
39.0,0.42857142857142855,0.14285714285714285,0.231659
39.0,0.5,0.14285714285714285,0.24361265
39.0,0.5714285714285714,0.14285714285714285,0.22808939
39.0,0.6428571428571428,0.14285714285714285,0.19751695
39.0,0.7142857142857142,0.14285714285714285,0.1641408
39.0,0.7857142857142857,0.14285714285714285,0.12844554
39.0,0.8571428571428571,0.14285714285714285,0.08786868
39.0,0.9285714285714285,0.14285714285714285,0.042259686
39.0,1.0,0.14285714285714285,-0.007848651
39.0,0.0,0.21428571428571427,-0.00824035
39.0,0.07142857142857142,0.21428571428571427,0.05691097
39.0,0.14285714285714285,0.21428571428571427,0.12150016
39.0,0.21428571428571427,0.21428571428571427,0.18411759
39.0,0.2857142857142857,0.21428571428571427,0.24403092
39.0,0.3571428571428571,0.21428571428571427,0.30112475
39.0,0.42857142857142855,0.21428571428571427,0.34890756
39.0,0.5,0.21428571428571427,0.3676627
39.0,0.5714285714285714,0.21428571428571427,0.3466194
39.0,0.6428571428571428,0.21428571428571427,0.30111828
39.0,0.7142857142857142,0.21428571428571427,0.24742061
39.0,0.7857142857142857,0.21428571428571427,0.18885961
39.0,0.8571428571428571,0.21428571428571427,0.12603673
39.0,0.9285714285714285,0.21428571428571427,0.06030961
39.0,1.0,0.21428571428571427,-0.007878729
39.0,0.0,0.2857142857142857,-0.009341943
39.0,0.07142857142857142,0.2857142857142857,0.07531505
39.0,0.14285714285714285,0.2857142857142857,0.16058043
39.0,0.21428571428571427,0.2857142857142857,0.24397913
39.0,0.2857142857142857,0.2857142857142857,0.3235844
39.0,0.3571428571428571,0.2857142857142857,0.398225
39.0,0.42857142857142855,0.2857142857142857,0.46043104
39.0,0.5,0.2857142857142857,0.48631445
39.0,0.5714285714285714,0.2857142857142857,0.4601223
39.0,0.6428571428571428,0.2857142857142857,0.39954656
39.0,0.7142857142857142,0.2857142857142857,0.3253013
39.0,0.7857142857142857,0.2857142857142857,0.24466243
39.0,0.8571428571428571,0.2857142857142857,0.1611635
39.0,0.9285714285714285,0.2857142857142857,0.07653432
39.0,1.0,0.2857142857142857,-0.0089052925
39.0,0.0,0.3571428571428571,-0.010732844
39.0,0.07142857142857142,0.3571428571428571,0.093557805
39.0,0.14285714285714285,0.3571428571428571,0.19880873
39.0,0.21428571428571427,0.3571428571428571,0.30119738
39.0,0.2857142857142857,0.3571428571428571,0.39803508
39.0,0.3571428571428571,0.3571428571428571,0.48798904
39.0,0.42857142857142855,0.3571428571428571,0.56333536
39.0,0.5,0.3571428571428571,0.5962229
39.0,0.5714285714285714,0.3571428571428571,0.5650469
39.0,0.6428571428571428,0.3571428571428571,0.48988348
39.0,0.7142857142857142,0.3571428571428571,0.39677
39.0,0.7857142857142857,0.3571428571428571,0.29706097
39.0,0.8571428571428571,0.3571428571428571,0.19571277
39.0,0.9285714285714285,0.3571428571428571,0.094006225
39.0,1.0,0.3571428571428571,-0.007093915
39.0,0.0,0.42857142857142855,-0.012265121
39.0,0.07142857142857142,0.42857142857142855,0.108653106
39.0,0.14285714285714285,0.42857142857142855,0.2307699
39.0,0.21428571428571427,0.42857142857142855,0.34867653
39.0,0.2857142857142857,0.42857142857142855,0.45909342
39.0,0.3571428571428571,0.42857142857142855,0.56101435
39.0,0.42857142857142855,0.42857142857142855,0.6468649
39.0,0.5,0.42857142857142855,0.6853893
39.0,0.5714285714285714,0.42857142857142855,0.6497241
39.0,0.6428571428571428,0.42857142857142855,0.5629211
39.0,0.7142857142857142,0.42857142857142855,0.4560169
39.0,0.7857142857142857,0.42857142857142855,0.34265807
39.0,0.8571428571428571,0.42857142857142855,0.22758262
39.0,0.9285714285714285,0.42857142857142855,0.111980736
39.0,1.0,0.42857142857142855,-0.00147158
39.0,0.0,0.5,-0.012258404
39.0,0.07142857142857142,0.5,0.11507497
39.0,0.14285714285714285,0.5,0.2440663
39.0,0.21428571428571427,0.5,0.3684086
39.0,0.2857142857142857,0.5,0.48438585
39.0,0.3571428571428571,0.5,0.59088886
39.0,0.42857142857142855,0.5,0.6800734
39.0,0.5,0.5,0.71971285
39.0,0.5714285714285714,0.5,0.68233275
39.0,0.6428571428571428,0.5,0.59293735
39.0,0.7142857142857142,0.5,0.48299423
39.0,0.7857142857142857,0.5,0.3652746
39.0,0.8571428571428571,0.5,0.24411672
39.0,0.9285714285714285,0.5,0.12189291
39.0,1.0,0.5,0.0032676002
39.0,0.0,0.5714285714285714,-0.008516275
39.0,0.07142857142857142,0.5714285714285714,0.11103312
39.0,0.14285714285714285,0.5714285714285714,0.2319143
39.0,0.21428571428571427,0.5714285714285714,0.34919506
39.0,0.2857142857142857,0.5714285714285714,0.4601411
39.0,0.3571428571428571,0.5714285714285714,0.5629287
39.0,0.42857142857142855,0.5714285714285714,0.64735097
39.0,0.5,0.5714285714285714,0.68237525
39.0,0.5714285714285714,0.5714285714285714,0.64635044
39.0,0.6428571428571428,0.5714285714285714,0.5636985
39.0,0.7142857142857142,0.5714285714285714,0.46111938
39.0,0.7857142857142857,0.5714285714285714,0.3490692
39.0,0.8571428571428571,0.5714285714285714,0.23230651
39.0,0.9285714285714285,0.5714285714285714,0.11467061
39.0,1.0,0.5714285714285714,0.00145208
39.0,0.0,0.6428571428571428,-0.004851208
39.0,0.07142857142857142,0.6428571428571428,0.09750208
39.0,0.14285714285714285,0.6428571428571428,0.20017606
39.0,0.21428571428571427,0.6428571428571428,0.30106288
39.0,0.2857142857142857,0.6428571428571428,0.3994684
39.0,0.3571428571428571,0.6428571428571428,0.4929074
39.0,0.42857142857142855,0.6428571428571428,0.56853986
39.0,0.5,0.6428571428571428,0.59811276
39.0,0.5714285714285714,0.6428571428571428,0.56639785
39.0,0.6428571428571428,0.6428571428571428,0.4942211
39.0,0.7142857142857142,0.6428571428571428,0.4035271
39.0,0.7857142857142857,0.6428571428571428,0.30380076
39.0,0.8571428571428571,0.6428571428571428,0.20011818
39.0,0.9285714285714285,0.6428571428571428,0.0964083
39.0,1.0,0.6428571428571428,-0.003185981
39.0,0.0,0.7142857142857142,-0.0029077018
39.0,0.07142857142857142,0.7142857142857142,0.07948624
39.0,0.14285714285714285,0.7142857142857142,0.16093624
39.0,0.21428571428571427,0.7142857142857142,0.24155796
39.0,0.2857142857142857,0.7142857142857142,0.32213402
39.0,0.3571428571428571,0.7142857142857142,0.40008077
39.0,0.42857142857142855,0.7142857142857142,0.4627065
39.0,0.5,0.7142857142857142,0.48705974
39.0,0.5714285714285714,0.7142857142857142,0.461988
39.0,0.6428571428571428,0.7142857142857142,0.4025376
39.0,0.7142857142857142,0.7142857142857142,0.32711124
39.0,0.7857142857142857,0.7142857142857142,0.24512368
39.0,0.8571428571428571,0.7142857142857142,0.16087407
39.0,0.9285714285714285,0.7142857142857142,0.076677345
39.0,1.0,0.7142857142857142,-0.0053387443
39.0,0.0,0.7857142857142857,-0.0018605525
39.0,0.07142857142857142,0.7857142857142857,0.061171442
39.0,0.14285714285714285,0.7857142857142857,0.12189106
39.0,0.21428571428571427,0.7857142857142857,0.18161407
39.0,0.2857142857142857,0.7857142857142857,0.24182075
39.0,0.3571428571428571,0.7857142857142857,0.30036697
39.0,0.42857142857142855,0.7857142857142857,0.34697148
39.0,0.5,0.7857142857142857,0.36512798
39.0,0.5714285714285714,0.7857142857142857,0.34671134
39.0,0.6428571428571428,0.7857142857142857,0.30130237
39.0,0.7142857142857142,0.7857142857142857,0.24355778
39.0,0.7857142857142857,0.7857142857142857,0.18208078
39.0,0.8571428571428571,0.7857142857142857,0.11971674
39.0,0.9285714285714285,0.7857142857142857,0.05670055
39.0,1.0,0.7857142857142857,-0.0068085277
39.0,0.0,0.8571428571428571,-0.0021314258
39.0,0.07142857142857142,0.8571428571428571,0.0426029
39.0,0.14285714285714285,0.8571428571428571,0.08347764
39.0,0.21428571428571427,0.8571428571428571,0.12237658
39.0,0.2857142857142857,0.8571428571428571,0.16117324
39.0,0.3571428571428571,0.8571428571428571,0.19872123
39.0,0.42857142857142855,0.8571428571428571,0.22829816
39.0,0.5,0.8571428571428571,0.23975891
39.0,0.5714285714285714,0.8571428571428571,0.22783065
39.0,0.6428571428571428,0.8571428571428571,0.19766125
39.0,0.7142857142857142,0.8571428571428571,0.15912355
39.0,0.7857142857142857,0.8571428571428571,0.118691005
39.0,0.8571428571428571,0.8571428571428571,0.07776303
39.0,0.9285714285714285,0.8571428571428571,0.03506411
39.0,1.0,0.8571428571428571,-0.010655527
39.0,0.0,0.9285714285714285,-0.0062371837
39.0,0.07142857142857142,0.9285714285714285,0.020623531
39.0,0.14285714285714285,0.9285714285714285,0.04204949
39.0,0.21428571428571427,0.9285714285714285,0.060354777
39.0,0.2857142857142857,0.9285714285714285,0.07795094
39.0,0.3571428571428571,0.9285714285714285,0.09523846
39.0,0.42857142857142855,0.9285714285714285,0.10929521
39.0,0.5,0.9285714285714285,0.115243725
39.0,0.5714285714285714,0.9285714285714285,0.110060744
39.0,0.6428571428571428,0.9285714285714285,0.09542936
39.0,0.7142857142857142,0.9285714285714285,0.07615905
39.0,0.7857142857142857,0.9285714285714285,0.05582895
39.0,0.8571428571428571,0.9285714285714285,0.034621093
39.0,0.9285714285714285,0.9285714285714285,0.01047334
39.0,1.0,0.9285714285714285,-0.018685434
39.0,0.0,1.0,-0.01809505
39.0,0.07142857142857142,1.0,-0.00909013
39.0,0.14285714285714285,1.0,-0.006571853
39.0,0.21428571428571427,1.0,-0.0075978544
39.0,0.2857142857142857,1.0,-0.0089112455
39.0,0.3571428571428571,1.0,-0.008389142
39.0,0.42857142857142855,1.0,-0.0059103305
39.0,0.5,1.0,-0.0029813582
39.0,0.5714285714285714,1.0,-0.001416062
39.0,0.6428571428571428,1.0,-0.0019345069
39.0,0.7142857142857142,1.0,-0.003795036
39.0,0.7857142857142857,1.0,-0.0062243203
39.0,0.8571428571428571,1.0,-0.01008824
39.0,0.9285714285714285,1.0,-0.017791104
39.0,1.0,1.0,-0.03181141
40.0,0.0,0.0,-0.022364601
40.0,0.07142857142857142,0.0,-0.011271398
40.0,0.14285714285714285,0.0,-0.0067559695
40.0,0.21428571428571427,0.0,-0.00747231
40.0,0.2857142857142857,0.0,-0.009386791
40.0,0.3571428571428571,0.0,-0.0077483626
40.0,0.42857142857142855,0.0,-0.003265176
40.0,0.5,0.0,-0.0022268472
40.0,0.5714285714285714,0.0,-0.0065877764
40.0,0.6428571428571428,0.0,-0.010678285
40.0,0.7142857142857142,0.0,-0.009743531
40.0,0.7857142857142857,0.0,-0.006014851
40.0,0.8571428571428571,0.0,-0.005227712
40.0,0.9285714285714285,0.0,-0.0112972045
40.0,1.0,0.0,-0.025321186
40.0,0.0,0.07142857142857142,-0.012875756
40.0,0.07142857142857142,0.07142857142857142,0.015422064
40.0,0.14285714285714285,0.07142857142857142,0.039076813
40.0,0.21428571428571427,0.07142857142857142,0.058453545
40.0,0.2857142857142857,0.07142857142857142,0.075962104
40.0,0.3571428571428571,0.07142857142857142,0.09484227
40.0,0.42857142857142855,0.07142857142857142,0.112345874
40.0,0.5,0.07142857142857142,0.11814781
40.0,0.5714285714285714,0.07142857142857142,0.108440764
40.0,0.6428571428571428,0.07142857142857142,0.092089154
40.0,0.7142857142857142,0.07142857142857142,0.0773442
40.0,0.7857142857142857,0.07142857142857142,0.06302398
40.0,0.8571428571428571,0.07142857142857142,0.044367142
40.0,0.9285714285714285,0.07142857142857142,0.019154914
40.0,1.0,0.07142857142857142,-0.012623207
40.0,0.0,0.14285714285714285,-0.008713881
40.0,0.07142857142857142,0.14285714285714285,0.03758
40.0,0.14285714285714285,0.14285714285714285,0.081431836
40.0,0.21428571428571427,0.14285714285714285,0.122336395
40.0,0.2857142857142857,0.14285714285714285,0.16104576
40.0,0.3571428571428571,0.14285714285714285,0.19898078
40.0,0.42857142857142855,0.14285714285714285,0.23127179
40.0,0.5,0.14285714285714285,0.24306697
40.0,0.5714285714285714,0.14285714285714285,0.22775912
40.0,0.6428571428571428,0.14285714285714285,0.19744363
40.0,0.7142857142857142,0.14285714285714285,0.16415833
40.0,0.7857142857142857,0.14285714285714285,0.12849528
40.0,0.8571428571428571,0.14285714285714285,0.087955184
40.0,0.9285714285714285,0.14285714285714285,0.042384468
40.0,1.0,0.14285714285714285,-0.007688091
40.0,0.0,0.21428571428571427,-0.008032026
40.0,0.07142857142857142,0.21428571428571427,0.05698283
40.0,0.14285714285714285,0.21428571428571427,0.12147652
40.0,0.21428571428571427,0.21428571428571427,0.18405236
40.0,0.2857142857142857,0.21428571428571427,0.2439389
40.0,0.3571428571428571,0.21428571428571427,0.30086365
40.0,0.42857142857142855,0.21428571428571427,0.34822258
40.0,0.5,0.21428571428571427,0.36673558
40.0,0.5714285714285714,0.21428571428571427,0.3460153
40.0,0.6428571428571428,0.21428571428571427,0.30093086
40.0,0.7142857142857142,0.21428571428571427,0.24740657
40.0,0.7857142857142857,0.21428571428571427,0.18889031
40.0,0.8571428571428571,0.21428571428571427,0.12609257
40.0,0.9285714285714285,0.21428571428571427,0.060414337
40.0,1.0,0.21428571428571427,-0.007696838
40.0,0.0,0.2857142857142857,-0.008988177
40.0,0.07142857142857142,0.2857142857142857,0.07546096
40.0,0.14285714285714285,0.2857142857142857,0.16055603
40.0,0.21428571428571427,0.2857142857142857,0.24385113
40.0,0.2857142857142857,0.2857142857142857,0.3233834
40.0,0.3571428571428571,0.2857142857142857,0.39780357
40.0,0.42857142857142855,0.2857142857142857,0.45947295
40.0,0.5,0.2857142857142857,0.48501417
40.0,0.5714285714285714,0.2857142857142857,0.459238
40.0,0.6428571428571428,0.2857142857142857,0.39922732
40.0,0.7142857142857142,0.2857142857142857,0.3252151
40.0,0.7857142857142857,0.2857142857142857,0.24461177
40.0,0.8571428571428571,0.2857142857142857,0.16113293
40.0,0.9285714285714285,0.2857142857142857,0.07660194
40.0,1.0,0.2857142857142857,-0.008674161
40.0,0.0,0.3571428571428571,-0.010305381
40.0,0.07142857142857142,0.3571428571428571,0.093680754
40.0,0.14285714285714285,0.3571428571428571,0.19865522
40.0,0.21428571428571427,0.3571428571428571,0.3008552
40.0,0.2857142857142857,0.3571428571428571,0.39756262
40.0,0.3571428571428571,0.3571428571428571,0.4872347
40.0,0.42857142857142855,0.3571428571428571,0.56191254
40.0,0.5,0.3571428571428571,0.59431887
40.0,0.5714285714285714,0.3571428571428571,0.563643
40.0,0.6428571428571428,0.3571428571428571,0.48921633
40.0,0.7142857142857142,0.3571428571428571,0.39642045
40.0,0.7857142857142857,0.3571428571428571,0.29676482
40.0,0.8571428571428571,0.3571428571428571,0.1954857
40.0,0.9285714285714285,0.3571428571428571,0.09399112
40.0,1.0,0.3571428571428571,-0.0068097645
40.0,0.0,0.42857142857142855,-0.011890967
40.0,0.07142857142857142,0.42857142857142855,0.10861986
40.0,0.14285714285714285,0.42857142857142855,0.2303302
40.0,0.21428571428571427,0.42857142857142855,0.34791753
40.0,0.2857142857142857,0.42857142857142855,0.45808583
40.0,0.3571428571428571,0.42857142857142855,0.5595858
40.0,0.42857142857142855,0.42857142857142855,0.64455926
40.0,0.5,0.42857142857142855,0.6824178
40.0,0.5714285714285714,0.42857142857142855,0.6473624
40.0,0.6428571428571428,0.42857142857142855,0.5615482
40.0,0.7142857142857142,0.42857142857142855,0.4551379
40.0,0.7857142857142857,0.42857142857142855,0.3419377
40.0,0.8571428571428571,0.42857142857142855,0.22705457
40.0,0.9285714285714285,0.42857142857142855,0.11182679
40.0,1.0,0.42857142857142855,-0.0011675442
40.0,0.0,0.5,-0.01191184
40.0,0.07142857142857142,0.5,0.114983834
40.0,0.14285714285714285,0.5,0.24350664
40.0,0.21428571428571427,0.5,0.3674423
40.0,0.2857142857142857,0.5,0.4830656
40.0,0.3571428571428571,0.5,0.5890147
40.0,0.42857142857142855,0.5,0.6771557
40.0,0.5,0.5,0.7160244
40.0,0.5714285714285714,0.5,0.6793646
40.0,0.6428571428571428,0.5,0.59114033
40.0,0.7142857142857142,0.5,0.48180795
40.0,0.7857142857142857,0.5,0.36430997
40.0,0.8571428571428571,0.5,0.24340844
40.0,0.9285714285714285,0.5,0.12164656
40.0,1.0,0.5,0.0035759946
40.0,0.0,0.5714285714285714,-0.0080816755
40.0,0.07142857142857142,0.5714285714285714,0.1111057
40.0,0.14285714285714285,0.5714285714285714,0.2316162
40.0,0.21428571428571427,0.5714285714285714,0.34859577
40.0,0.2857142857142857,0.5714285714285714,0.4592721
40.0,0.3571428571428571,0.5714285714285714,0.56155616
40.0,0.42857142857142855,0.5714285714285714,0.64499533
40.0,0.5,0.5714285714285714,0.6793491
40.0,0.5714285714285714,0.5714285714285714,0.6440425
40.0,0.6428571428571428,0.5714285714285714,0.5624402
40.0,0.7142857142857142,0.5714285714285714,0.46034127
40.0,0.7857142857142857,0.5714285714285714,0.34839872
40.0,0.8571428571428571,0.5714285714285714,0.23178522
40.0,0.9285714285714285,0.5714285714285714,0.11452719
40.0,1.0,0.5714285714285714,0.0018172255
40.0,0.0,0.6428571428571428,-0.004405164
40.0,0.07142857142857142,0.6428571428571428,0.09766834
40.0,0.14285714285714285,0.6428571428571428,0.20010932
40.0,0.21428571428571427,0.6428571428571428,0.30086234
40.0,0.2857142857142857,0.6428571428571428,0.39914924
40.0,0.3571428571428571,0.6428571428571428,0.4921996
40.0,0.42857142857142855,0.6428571428571428,0.5670046
40.0,0.5,0.6428571428571428,0.5960511
40.0,0.5714285714285714,0.6428571428571428,0.56492
40.0,0.6428571428571428,0.6428571428571428,0.49355394
40.0,0.7142857142857142,0.6428571428571428,0.4031877
40.0,0.7857142857142857,0.6428571428571428,0.3034816
40.0,0.8571428571428571,0.6428571428571428,0.19985518
40.0,0.9285714285714285,0.6428571428571428,0.09640783
40.0,1.0,0.6428571428571428,-0.0027782032
40.0,0.0,0.7142857142857142,-0.0025689835
40.0,0.07142857142857142,0.7142857142857142,0.079598814
40.0,0.14285714285714285,0.7142857142857142,0.16091107
40.0,0.21428571428571427,0.7142857142857142,0.2415111
40.0,0.2857142857142857,0.7142857142857142,0.32206792
40.0,0.3571428571428571,0.7142857142857142,0.39972892
40.0,0.42857142857142855,0.7142857142857142,0.4616973
40.0,0.5,0.7142857142857142,0.48562083
40.0,0.5714285714285714,0.7142857142857142,0.46092975
40.0,0.6428571428571428,0.7142857142857142,0.40206972
40.0,0.7142857142857142,0.7142857142857142,0.32689527
40.0,0.7857142857142857,0.7142857142857142,0.24492314
40.0,0.8571428571428571,0.7142857142857142,0.16070923
40.0,0.9285714285714285,0.7142857142857142,0.07670913
40.0,1.0,0.7142857142857142,-0.0049782256
40.0,0.0,0.7857142857142857,-0.0016743699
40.0,0.07142857142857142,0.7857142857142857,0.06117618
40.0,0.14285714285714285,0.7857142857142857,0.1218263
40.0,0.21428571428571427,0.7857142857142857,0.18159671
40.0,0.2857142857142857,0.7857142857142857,0.2418417
40.0,0.3571428571428571,0.7857142857142857,0.30018908
40.0,0.42857142857142855,0.7857142857142857,0.346303
40.0,0.5,0.7857142857142857,0.36411002
40.0,0.5714285714285714,0.7857142857142857,0.34589806
40.0,0.6428571428571428,0.7857142857142857,0.30090344
40.0,0.7142857142857142,0.7857142857142857,0.24336907
40.0,0.7857142857142857,0.7857142857142857,0.18191814
40.0,0.8571428571428571,0.7857142857142857,0.11957727
40.0,0.9285714285714285,0.7857142857142857,0.05670084
40.0,1.0,0.7857142857142857,-0.006548603
40.0,0.0,0.8571428571428571,-0.0020913938
40.0,0.07142857142857142,0.8571428571428571,0.042510863
40.0,0.14285714285714285,0.8571428571428571,0.08337968
40.0,0.21428571428571427,0.8571428571428571,0.12238238
40.0,0.2857142857142857,0.8571428571428571,0.16126658
40.0,0.3571428571428571,0.8571428571428571,0.19870856
40.0,0.42857142857142855,0.8571428571428571,0.22796214
40.0,0.5,0.8571428571428571,0.23917076
40.0,0.5714285714285714,0.8571428571428571,0.22733806
40.0,0.6428571428571428,0.8571428571428571,0.19744126
40.0,0.7142857142857142,0.8571428571428571,0.15905815
40.0,0.7857142857142857,0.8571428571428571,0.118630044
40.0,0.8571428571428571,0.8571428571428571,0.07768082
40.0,0.9285714285714285,0.8571428571428571,0.035046782
40.0,1.0,0.8571428571428571,-0.010494814
40.0,0.0,0.9285714285714285,-0.006310058
40.0,0.07142857142857142,0.9285714285714285,0.020483032
40.0,0.14285714285714285,0.9285714285714285,0.041973643
40.0,0.21428571428571427,0.9285714285714285,0.0604396
40.0,0.2857142857142857,0.9285714285714285,0.078175746
40.0,0.3571428571428571,0.9285714285714285,0.09545169
40.0,0.42857142857142855,0.9285714285714285,0.10933892
40.0,0.5,0.9285714285714285,0.11513943
40.0,0.5714285714285714,0.9285714285714285,0.110000946
40.0,0.6428571428571428,0.9285714285714285,0.09552813
40.0,0.7142857142857142,0.9285714285714285,0.07633815
40.0,0.7857142857142857,0.9285714285714285,0.055960752
40.0,0.8571428571428571,0.9285714285714285,0.034664806
40.0,0.9285714285714285,0.9285714285714285,0.010491553
40.0,1.0,0.9285714285714285,-0.018583246
40.0,0.0,1.0,-0.01821806
40.0,0.07142857142857142,1.0,-0.009197091
40.0,0.14285714285714285,1.0,-0.0065363497
40.0,0.21428571428571427,1.0,-0.007348136
40.0,0.2857142857142857,1.0,-0.008478106
40.0,0.3571428571428571,1.0,-0.007892803
40.0,0.42857142857142855,1.0,-0.0054679485
40.0,0.5,1.0,-0.0026025744
40.0,0.5714285714285714,1.0,-0.0010114918
40.0,0.6428571428571428,1.0,-0.0014522271
40.0,0.7142857142857142,1.0,-0.0033041434
40.0,0.7857142857142857,1.0,-0.0058392147
40.0,0.8571428571428571,1.0,-0.009860785
40.0,0.9285714285714285,1.0,-0.017677762
40.0,1.0,1.0,-0.031710044
41.0,0.0,0.0,-0.022445746
41.0,0.07142857142857142,0.0,-0.0113777295
41.0,0.14285714285714285,0.0,-0.006819876
41.0,0.21428571428571427,0.0,-0.0074062226
41.0,0.2857142857142857,0.0,-0.009136101
41.0,0.3571428571428571,0.0,-0.0073778937
41.0,0.42857142857142855,0.0,-0.002906452
41.0,0.5,0.0,-0.0018964903
41.0,0.5714285714285714,0.0,-0.006244161
41.0,0.6428571428571428,0.0,-0.010374631
41.0,0.7142857142857142,0.0,-0.009542582
41.0,0.7857142857142857,0.0,-0.0058778645
41.0,0.8571428571428571,0.0,-0.005079017
41.0,0.9285714285714285,0.0,-0.011108265
41.0,1.0,0.0,-0.025106452
41.0,0.0,0.07142857142857142,-0.012905974
41.0,0.07142857142857142,0.07142857142857142,0.015338016
41.0,0.14285714285714285,0.07142857142857142,0.03899551
41.0,0.21428571428571427,0.07142857142857142,0.05844398
41.0,0.2857142857142857,0.07142857142857142,0.07606007
41.0,0.3571428571428571,0.07142857142857142,0.09495458
41.0,0.42857142857142855,0.07142857142857142,0.11231615
41.0,0.5,0.07142857142857142,0.11803613
41.0,0.5714285714285714,0.07142857142857142,0.10843331
41.0,0.6428571428571428,0.07142857142857142,0.09217604
41.0,0.7142857142857142,0.07142857142857142,0.07742003
41.0,0.7857142857142857,0.07142857142857142,0.063087545
41.0,0.8571428571428571,0.07142857142857142,0.044460393
41.0,0.9285714285714285,0.07142857142857142,0.019289538
41.0,1.0,0.07142857142857142,-0.012462289
41.0,0.0,0.14285714285714285,-0.008647826
41.0,0.07142857142857142,0.14285714285714285,0.037556324
41.0,0.14285714285714285,0.14285714285714285,0.08136597
41.0,0.21428571428571427,0.14285714285714285,0.122284405
41.0,0.2857142857142857,0.14285714285714285,0.16102411
41.0,0.3571428571428571,0.14285714285714285,0.19886833
41.0,0.42857142857142855,0.14285714285714285,0.2308724
41.0,0.5,0.14285714285714285,0.24251524
41.0,0.5714285714285714,0.14285714285714285,0.22741823
41.0,0.6428571428571428,0.14285714285714285,0.19735591
41.0,0.7142857142857142,0.14285714285714285,0.16416018
41.0,0.7857142857142857,0.14285714285714285,0.12852624
41.0,0.8571428571428571,0.14285714285714285,0.08802008
41.0,0.9285714285714285,0.14285714285714285,0.042489007
41.0,1.0,0.14285714285714285,-0.007543766
41.0,0.0,0.21428571428571427,-0.007828928
41.0,0.07142857142857142,0.21428571428571427,0.057046995
41.0,0.14285714285714285,0.21428571428571427,0.12144386
41.0,0.21428571428571427,0.21428571428571427,0.1839766
41.0,0.2857142857142857,0.21428571428571427,0.24383205
41.0,0.3571428571428571,0.21428571428571427,0.30058596
41.0,0.42857142857142855,0.21428571428571427,0.3475289
41.0,0.5,0.21428571428571427,0.36580765
41.0,0.5714285714285714,0.21428571428571427,0.34540254
41.0,0.6428571428571428,0.21428571428571427,0.30072808
41.0,0.7142857142857142,0.21428571428571427,0.24737579
41.0,0.7857142857142857,0.21428571428571427,0.18890226
41.0,0.8571428571428571,0.21428571428571427,0.12612644
41.0,0.9285714285714285,0.21428571428571427,0.060497224
41.0,1.0,0.21428571428571427,-0.0075325826
41.0,0.0,0.2857142857142857,-0.008640782
41.0,0.07142857142857142,0.2857142857142857,0.07559783
41.0,0.14285714285714285,0.2857142857142857,0.16052255
41.0,0.21428571428571427,0.2857142857142857,0.24371424
41.0,0.2857142857142857,0.2857142857142857,0.32317123
41.0,0.3571428571428571,0.2857142857142857,0.3973685
41.0,0.42857142857142855,0.2857142857142857,0.45851073
41.0,0.5,0.2857142857142857,0.48371938
41.0,0.5714285714285714,0.2857142857142857,0.45834786
41.0,0.6428571428571428,0.2857142857142857,0.39889234
41.0,0.7142857142857142,0.2857142857142857,0.32511416
41.0,0.7857142857142857,0.2857142857142857,0.24454474
41.0,0.8571428571428571,0.2857142857142857,0.16108212
41.0,0.9285714285714285,0.2857142857142857,0.07664705
41.0,1.0,0.2857142857142857,-0.008460783
41.0,0.0,0.3571428571428571,-0.009885221
41.0,0.07142857142857142,0.3571428571428571,0.09379415
41.0,0.14285714285714285,0.3571428571428571,0.19849586
41.0,0.21428571428571427,0.3571428571428571,0.30051053
41.0,0.2857142857142857,0.3571428571428571,0.3970874
41.0,0.3571428571428571,0.3571428571428571,0.4864754
41.0,0.42857142857142855,0.3571428571428571,0.56049407
41.0,0.5,0.3571428571428571,0.59243226
41.0,0.5714285714285714,0.3571428571428571,0.56224084
41.0,0.6428571428571428,0.3571428571428571,0.4885388
41.0,0.7142857142857142,0.3571428571428571,0.3960638
41.0,0.7857142857142857,0.3571428571428571,0.29646203
41.0,0.8571428571428571,0.3571428571428571,0.19524509
41.0,0.9285714285714285,0.3571428571428571,0.09395624
41.0,1.0,0.3571428571428571,-0.0065417895
41.0,0.0,0.42857142857142855,-0.011519731
41.0,0.07142857142857142,0.42857142857142855,0.108582154
41.0,0.14285714285714285,0.42857142857142855,0.22989208
41.0,0.21428571428571427,0.42857142857142855,0.34716958
41.0,0.2857142857142857,0.42857142857142855,0.4570923
41.0,0.3571428571428571,0.42857142857142855,0.55817205
41.0,0.42857142857142855,0.42857142857142855,0.642282
41.0,0.5,0.42857142857142855,0.6794936
41.0,0.5714285714285714,0.42857142857142855,0.64503074
41.0,0.6428571428571428,0.42857142857142855,0.5601884
41.0,0.7142857142857142,0.42857142857142855,0.45427307
41.0,0.7857142857142857,0.42857142857142855,0.3412282
41.0,0.8571428571428571,0.42857142857142855,0.22652353
41.0,0.9285714285714285,0.42857142857142855,0.11165837
41.0,1.0,0.42857142857142855,-0.0008764127
41.0,0.0,0.5,-0.011567437
41.0,0.07142857142857142,0.5,0.11488978
41.0,0.14285714285714285,0.5,0.2429505
41.0,0.21428571428571427,0.5,0.36649203
41.0,0.2857142857142857,0.5,0.48176837
41.0,0.3571428571428571,0.5,0.5871679
41.0,0.42857142857142855,0.5,0.6742855
41.0,0.5,0.5,0.712409
41.0,0.5714285714285714,0.5,0.67645097
41.0,0.6428571428571428,0.5,0.5893726
41.0,0.7142857142857142,0.5,0.4806476
41.0,0.7857142857142857,0.5,0.36336398
41.0,0.8571428571428571,0.5,0.24270248
41.0,0.9285714285714285,0.5,0.12139011
41.0,1.0,0.5,0.0038739434
41.0,0.0,0.5714285714285714,-0.007658609
41.0,0.07142857142857142,0.5714285714285714,0.11116429
41.0,0.14285714285714285,0.5714285714285714,0.23130937
41.0,0.21428571428571427,0.5714285714285714,0.34799546
41.0,0.2857142857142857,0.5714285714285714,0.45840704
41.0,0.3571428571428571,0.5714285714285714,0.56018645
41.0,0.42857142857142855,0.5714285714285714,0.64265853
41.0,0.5,0.5714285714285714,0.676367
41.0,0.5714285714285714,0.5714285714285714,0.64175916
41.0,0.6428571428571428,0.5714285714285714,0.56118405
41.0,0.7142857142857142,0.5714285714285714,0.45956448
41.0,0.7857142857142857,0.5714285714285714,0.3477301
41.0,0.8571428571428571,0.5714285714285714,0.23125927
41.0,0.9285714285714285,0.5714285714285714,0.11437122
41.0,1.0,0.5714285714285714,0.002172879
41.0,0.0,0.6428571428571428,-0.00397841
41.0,0.07142857142857142,0.6428571428571428,0.097814575
41.0,0.14285714285714285,0.6428571428571428,0.20002784
41.0,0.21428571428571427,0.6428571428571428,0.30065316
41.0,0.2857142857142857,0.6428571428571428,0.39882076
41.0,0.3571428571428571,0.6428571428571428,0.4914769
41.0,0.42857142857142855,0.6428571428571428,0.565464
41.0,0.5,0.6428571428571428,0.59400266
41.0,0.5714285714285714,0.6428571428571428,0.56344056
41.0,0.6428571428571428,0.6428571428571428,0.492867
41.0,0.7142857142857142,0.6428571428571428,0.40282965
41.0,0.7857142857142857,0.6428571428571428,0.30315048
41.0,0.8571428571428571,0.6428571428571428,0.19958161
41.0,0.9285714285714285,0.6428571428571428,0.096395634
41.0,1.0,0.6428571428571428,-0.0023785988
41.0,0.0,0.7142857142857142,-0.0022517303
41.0,0.07142857142857142,0.7142857142857142,0.079692505
41.0,0.14285714285714285,0.7142857142857142,0.16087417
41.0,0.21428571428571427,0.7142857142857142,0.2414582
41.0,0.2857142857142857,0.7142857142857142,0.32199305
41.0,0.3571428571428571,0.7142857142857142,0.39936128
41.0,0.42857142857142855,0.7142857142857142,0.460678
41.0,0.5,0.7142857142857142,0.4841848
41.0,0.5714285714285714,0.7142857142857142,0.45986545
41.0,0.6428571428571428,0.7142857142857142,0.40158257
41.0,0.7142857142857142,0.7142857142857142,0.32666156
41.0,0.7857142857142857,0.7142857142857142,0.24471226
41.0,0.8571428571428571,0.7142857142857142,0.16053845
41.0,0.9285714285714285,0.7142857142857142,0.07673498
41.0,1.0,0.7142857142857142,-0.0046203816
41.0,0.0,0.7857142857142857,-0.0015079016
41.0,0.07142857142857142,0.7857142857142857,0.061165422
41.0,0.14285714285714285,0.7857142857142857,0.121754296
41.0,0.21428571428571427,0.7857142857142857,0.18157592
41.0,0.2857142857142857,0.7857142857142857,0.24185619
41.0,0.3571428571428571,0.7857142857142857,0.2999984
41.0,0.42857142857142855,0.7857142857142857,0.34562346
41.0,0.5,0.7857142857142857,0.36308962
41.0,0.5714285714285714,0.7857142857142857,0.34507757
41.0,0.6428571428571428,0.7857142857142857,0.3004894
41.0,0.7142857142857142,0.7857142857142857,0.24316862
41.0,0.7857142857142857,0.7857142857142857,0.18175131
41.0,0.8571428571428571,0.7857142857142857,0.119437955
41.0,0.9285714285714285,0.7857142857142857,0.05670262
41.0,1.0,0.7857142857142857,-0.00628727
41.0,0.0,0.8571428571428571,-0.002069571
41.0,0.07142857142857142,0.8571428571428571,0.042407047
41.0,0.14285714285714285,0.8571428571428571,0.08327725
41.0,0.21428571428571427,0.8571428571428571,0.12238645
41.0,0.2857142857142857,0.8571428571428571,0.16135493
41.0,0.3571428571428571,0.8571428571428571,0.19868441
41.0,0.42857142857142855,0.8571428571428571,0.22761494
41.0,0.5,0.8571428571428571,0.2385757
41.0,0.5714285714285714,0.8571428571428571,0.22683701
41.0,0.6428571428571428,0.8571428571428571,0.19720927
41.0,0.7142857142857142,0.8571428571428571,0.15898438
41.0,0.7857142857142857,0.8571428571428571,0.11856846
41.0,0.8571428571428571,0.8571428571428571,0.07760342
41.0,0.9285714285714285,0.8571428571428571,0.03503489
41.0,1.0,0.8571428571428571,-0.010329307
41.0,0.0,0.9285714285714285,-0.0063996064
41.0,0.07142857142857142,0.9285714285714285,0.020333424
41.0,0.14285714285714285,0.9285714285714285,0.041895285
41.0,0.21428571428571427,0.9285714285714285,0.060523674
41.0,0.2857142857142857,0.9285714285714285,0.07839585
41.0,0.3571428571428571,0.9285714285714285,0.095655315
41.0,0.42857142857142855,0.9285714285714285,0.10937261
41.0,0.5,0.9285714285714285,0.11502708
41.0,0.5714285714285714,0.9285714285714285,0.10993192
41.0,0.6428571428571428,0.9285714285714285,0.09561687
41.0,0.7142857142857142,0.9285714285714285,0.076511405
41.0,0.7857142857142857,0.9285714285714285,0.05609364
41.0,0.8571428571428571,0.9285714285714285,0.03471451
41.0,0.9285714285714285,0.9285714285714285,0.010517123
41.0,1.0,0.9285714285714285,-0.018474665
41.0,0.0,1.0,-0.018354997
41.0,0.07142857142857142,1.0,-0.009310466
41.0,0.14285714285714285,1.0,-0.0065021403
41.0,0.21428571428571427,1.0,-0.0070982426
41.0,0.2857142857142857,1.0,-0.008047656
41.0,0.3571428571428571,1.0,-0.0074026147
41.0,0.42857142857142855,1.0,-0.0050321566
41.0,0.5,1.0,-0.0022297548
41.0,0.5714285714285714,1.0,-0.00061363075
41.0,0.6428571428571428,1.0,-0.000977789
41.0,0.7142857142857142,1.0,-0.002818522
41.0,0.7857142857142857,1.0,-0.005453323
41.0,0.8571428571428571,1.0,-0.009627183
41.0,0.9285714285714285,1.0,-0.017556593
41.0,1.0,1.0,-0.031602062
42.0,0.0,0.0,-0.022536416
42.0,0.07142857142857142,0.0,-0.011494388
42.0,0.14285714285714285,0.0,-0.0068932623
42.0,0.21428571428571427,0.0,-0.00734811
42.0,0.2857142857142857,0.0,-0.00889298
42.0,0.3571428571428571,0.0,-0.0070168236
42.0,0.42857142857142855,0.0,-0.0025566788
42.0,0.5,0.0,-0.0015749047
42.0,0.5714285714285714,0.0,-0.0059103807
42.0,0.6428571428571428,0.0,-0.010081188
42.0,0.7142857142857142,0.0,-0.009354104
42.0,0.7857142857142857,0.0,-0.0057567814
42.0,0.8571428571428571,0.0,-0.0049495148
42.0,0.9285714285714285,0.0,-0.010936693
42.0,1.0,0.0,-0.0249068
42.0,0.0,0.07142857142857142,-0.012944003
42.0,0.07142857142857142,0.07142857142857142,0.015244531
42.0,0.14285714285714285,0.07142857142857142,0.03890361
42.0,0.21428571428571427,0.07142857142857142,0.058423616
42.0,0.2857142857142857,0.07142857142857142,0.07614458
42.0,0.3571428571428571,0.07142857142857142,0.09505198
42.0,0.42857142857142855,0.07142857142857142,0.11227416
42.0,0.5,0.07142857142857142,0.117914416
42.0,0.5714285714285714,0.07142857142857142,0.10841375
42.0,0.6428571428571428,0.07142857142857142,0.092249095
42.0,0.7142857142857142,0.07142857142857142,0.07748129
42.0,0.7857142857142857,0.07142857142857142,0.06313256
42.0,0.8571428571428571,0.07142857142857142,0.04453319
42.0,0.9285714285714285,0.07142857142857142,0.019404069
42.0,1.0,0.07142857142857142,-0.01231742
42.0,0.0,0.14285714285714285,-0.008588277
42.0,0.07142857142857142,0.14285714285714285,0.037524335
42.0,0.14285714285714285,0.14285714285714285,0.08129019
42.0,0.21428571428571427,0.14285714285714285,0.122220464
42.0,0.2857142857142857,0.14285714285714285,0.16098726
42.0,0.3571428571428571,0.14285714285714285,0.19873825
42.0,0.42857142857142855,0.14285714285714285,0.23046196
42.0,0.5,0.14285714285714285,0.24195671
42.0,0.5714285714285714,0.14285714285714285,0.22706652
42.0,0.6428571428571428,0.14285714285714285,0.19725384
42.0,0.7142857142857142,0.14285714285714285,0.16414644
42.0,0.7857142857142857,0.14285714285714285,0.12853831
42.0,0.8571428571428571,0.14285714285714285,0.0880634
42.0,0.9285714285714285,0.14285714285714285,0.042572
42.0,1.0,0.14285714285714285,-0.007417106
42.0,0.0,0.21428571428571427,-0.0076317484
42.0,0.07142857142857142,0.21428571428571427,0.05710256
42.0,0.14285714285714285,0.21428571428571427,0.12140139
42.0,0.21428571428571427,0.21428571428571427,0.18388917
42.0,0.2857142857142857,0.21428571428571427,0.24371058
42.0,0.3571428571428571,0.21428571428571427,0.30029142
42.0,0.42857142857142855,0.21428571428571427,0.34682623
42.0,0.5,0.21428571428571427,0.36487788
42.0,0.5714285714285714,0.21428571428571427,0.34478033
42.0,0.6428571428571428,0.21428571428571427,0.30050948
42.0,0.7142857142857142,0.21428571428571427,0.24732774
42.0,0.7857142857142857,0.21428571428571427,0.1888948
42.0,0.8571428571428571,0.21428571428571427,0.12613815
42.0,0.9285714285714285,0.21428571428571427,0.060557544
42.0,1.0,0.21428571428571427,-0.0073869685
42.0,0.0,0.2857142857142857,-0.0083018355
42.0,0.07142857142857142,0.2857142857142857,0.075725116
42.0,0.14285714285714285,0.2857142857142857,0.1604801
42.0,0.21428571428571427,0.2857142857142857,0.24356842
42.0,0.2857142857142857,0.2857142857142857,0.3229475
42.0,0.3571428571428571,0.2857142857142857,0.3969198
42.0,0.42857142857142855,0.2857142857142857,0.45754415
42.0,0.5,0.2857142857142857,0.48242953
42.0,0.5714285714285714,0.2857142857142857,0.4574506
42.0,0.6428571428571428,0.2857142857142857,0.39854077
42.0,0.7142857142857142,0.2857142857142857,0.32499683
42.0,0.7857142857142857,0.2857142857142857,0.24446148
42.0,0.8571428571428571,0.2857142857142857,0.1610109
42.0,0.9285714285714285,0.2857142857142857,0.076669715
42.0,1.0,0.2857142857142857,-0.008266092
42.0,0.0,0.3571428571428571,-0.009473394
42.0,0.07142857142857142,0.3571428571428571,0.09389828
42.0,0.14285714285714285,0.3571428571428571,0.19832994
42.0,0.21428571428571427,0.3571428571428571,0.3001635
42.0,0.2857142857142857,0.3571428571428571,0.39660937
42.0,0.3571428571428571,0.3571428571428571,0.48571035
42.0,0.42857142857142855,0.3571428571428571,0.55907995
42.0,0.5,0.3571428571428571,0.5905616
42.0,0.5714285714285714,0.3571428571428571,0.56084025
42.0,0.6428571428571428,0.3571428571428571,0.48785093
42.0,0.7142857142857142,0.3571428571428571,0.39570048
42.0,0.7857142857142857,0.3571428571428571,0.29615295
42.0,0.8571428571428571,0.3571428571428571,0.19499025
42.0,0.9285714285714285,0.3571428571428571,0.09390169
42.0,1.0,0.3571428571428571,-0.0062910626
42.0,0.0,0.42857142857142855,-0.011153844
42.0,0.07142857142857142,0.42857142857142855,0.108539216
42.0,0.14285714285714285,0.42857142857142855,0.22945535
42.0,0.21428571428571427,0.42857142857142855,0.3464311
42.0,0.2857142857142857,0.42857142857142855,0.4561127
42.0,0.3571428571428571,0.42857142857142855,0.5567716
42.0,0.42857142857142855,0.42857142857142855,0.6400316
42.0,0.5,0.42857142857142855,0.67661554
42.0,0.5714285714285714,0.42857142857142855,0.6427275
42.0,0.6428571428571428,0.42857142857142855,0.55884075
42.0,0.7142857142857142,0.42857142857142855,0.4534227
42.0,0.7857142857142857,0.42857142857142855,0.34052977
42.0,0.8571428571428571,0.42857142857142855,0.22598958
42.0,0.9285714285714285,0.42857142857142855,0.11147556
42.0,1.0,0.42857142857142855,-0.0005995566
42.0,0.0,0.5,-0.0112275565
42.0,0.07142857142857142,0.5,0.114790864
42.0,0.14285714285714285,0.5,0.24239817
42.0,0.21428571428571427,0.5,0.36555648
42.0,0.2857142857142857,0.5,0.48049375
42.0,0.3571428571428571,0.5,0.58534735
42.0,0.42857142857142855,0.5,0.6714607
42.0,0.5,0.5,0.7088656
42.0,0.5714285714285714,0.5,0.67358994
42.0,0.6428571428571428,0.5,0.58763355
42.0,0.7142857142857142,0.5,0.47951162
42.0,0.7857142857142857,0.5,0.36243746
42.0,0.8571428571428571,0.5,0.24199927
42.0,0.9285714285714285,0.5,0.121122815
42.0,1.0,0.5,0.0041596284
42.0,0.0,0.5714285714285714,-0.0072493786
42.0,0.07142857142857142,0.5714285714285714,0.11120749
42.0,0.14285714285714285,0.5714285714285714,0.23099314
42.0,0.21428571428571427,0.5714285714285714,0.34739494
42.0,0.2857142857142857,0.5714285714285714,0.45754468
42.0,0.3571428571428571,0.5714285714285714,0.5588193
42.0,0.42857142857142855,0.5714285714285714,0.64033985
42.0,0.5,0.5714285714285714,0.6734267
42.0,0.5714285714285714,0.5714285714285714,0.63950074
42.0,0.6428571428571428,0.5714285714285714,0.5599295
42.0,0.7142857142857142,0.5714285714285714,0.45878825
42.0,0.7857142857142857,0.5714285714285714,0.3470645
42.0,0.8571428571428571,0.5714285714285714,0.23072845
42.0,0.9285714285714285,0.5714285714285714,0.11420374
42.0,1.0,0.5714285714285714,0.0025174832
42.0,0.0,0.6428571428571428,-0.0035735825
42.0,0.07142857142857142,0.6428571428571428,0.09793951
42.0,0.14285714285714285,0.6428571428571428,0.19993131
42.0,0.21428571428571427,0.6428571428571428,0.30043447
42.0,0.2857142857142857,0.6428571428571428,0.39848167
42.0,0.3571428571428571,0.6428571428571428,0.49073923
42.0,0.42857142857142855,0.6428571428571428,0.5639181
42.0,0.5,0.6428571428571428,0.59196687
42.0,0.5714285714285714,0.6428571428571428,0.56196
42.0,0.6428571428571428,0.6428571428571428,0.49216044
42.0,0.7142857142857142,0.6428571428571428,0.40245315
42.0,0.7857142857142857,0.6428571428571428,0.30280787
42.0,0.8571428571428571,0.6428571428571428,0.19929868
42.0,0.9285714285714285,0.6428571428571428,0.096372865
42.0,1.0,0.6428571428571428,-0.0019863704
42.0,0.0,0.7142857142857142,-0.0019570375
42.0,0.07142857142857142,0.7142857142857142,0.079767495
42.0,0.14285714285714285,0.7142857142857142,0.16082534
42.0,0.21428571428571427,0.7142857142857142,0.24139804
42.0,0.2857142857142857,0.7142857142857142,0.32190907
42.0,0.3571428571428571,0.7142857142857142,0.3989782
42.0,0.42857142857142855,0.7142857142857142,0.45964926
42.0,0.5,0.7142857142857142,0.48275244
42.0,0.5714285714285714,0.7142857142857142,0.45879552
42.0,0.6428571428571428,0.7142857142857142,0.40107614
42.0,0.7142857142857142,0.7142857142857142,0.32641032
42.0,0.7857142857142857,0.7142857142857142,0.24449152
42.0,0.8571428571428571,0.7142857142857142,0.16036189
42.0,0.9285714285714285,0.7142857142857142,0.07675572
42.0,1.0,0.7142857142857142,-0.0042662704
42.0,0.0,0.7857142857142857,-0.0013630772
42.0,0.07142857142857142,0.7857142857142857,0.06113977
42.0,0.14285714285714285,0.7857142857142857,0.121674515
42.0,0.21428571428571427,0.7857142857142857,0.18155226
42.0,0.2857142857142857,0.7857142857142857,0.24186364
42.0,0.3571428571428571,0.7857142857142857,0.29979387
42.0,0.42857142857142855,0.7857142857142857,0.3449331
42.0,0.5,0.7857142857142857,0.3620662
42.0,0.5714285714285714,0.7857142857142857,0.34425017
42.0,0.6428571428571428,0.7857142857142857,0.3000608
42.0,0.7142857142857142,0.7857142857142857,0.24295592
42.0,0.7857142857142857,0.7857142857142857,0.18158004
42.0,0.8571428571428571,0.7857142857142857,0.119299375
42.0,0.9285714285714285,0.7857142857142857,0.05670529
42.0,1.0,0.7857142857142857,-0.006024272
42.0,0.0,0.8571428571428571,-0.0020668143
42.0,0.07142857142857142,0.8571428571428571,0.042291507
42.0,0.14285714285714285,0.8571428571428571,0.083170556
42.0,0.21428571428571427,0.8571428571428571,0.12238891
42.0,0.2857142857142857,0.8571428571428571,0.1614369
42.0,0.3571428571428571,0.8571428571428571,0.19864812
42.0,0.42857142857142855,0.8571428571428571,0.2272556
42.0,0.5,0.8571428571428571,0.23797312
42.0,0.5714285714285714,0.8571428571428571,0.22632709
42.0,0.6428571428571428,0.8571428571428571,0.1969647
42.0,0.7142857142857142,0.8571428571428571,0.15890223
42.0,0.7857142857142857,0.8571428571428571,0.11850596
42.0,0.8571428571428571,0.8571428571428571,0.077530555
42.0,0.9285714285714285,0.8571428571428571,0.035028405
42.0,1.0,0.8571428571428571,-0.010159262
42.0,0.0,0.9285714285714285,-0.0065053413
42.0,0.07142857142857142,0.9285714285714285,0.020174764
42.0,0.14285714285714285,0.9285714285714285,0.04181397
42.0,0.21428571428571427,0.9285714285714285,0.060606413
42.0,0.2857142857142857,0.9285714285714285,0.078610845
42.0,0.3571428571428571,0.9285714285714285,0.09584879
42.0,0.42857142857142855,0.9285714285714285,0.109395556
42.0,0.5,0.9285714285714285,0.11490566
42.0,0.5714285714285714,0.9285714285714285,0.10985365
42.0,0.6428571428571428,0.9285714285714285,0.095694944
42.0,0.7142857142857142,0.9285714285714285,0.07667694
42.0,0.7857142857142857,0.9285714285714285,0.056226276
42.0,0.8571428571428571,0.9285714285714285,0.034769777
42.0,0.9285714285714285,0.9285714285714285,0.010549414
42.0,1.0,0.9285714285714285,-0.018360272
42.0,0.0,1.0,-0.018505834
42.0,0.07142857142857142,1.0,-0.009430551
42.0,0.14285714285714285,1.0,-0.006469585
42.0,0.21428571428571427,1.0,-0.0068495944
42.0,0.2857142857142857,1.0,-0.0076209484
42.0,0.3571428571428571,1.0,-0.006919031
42.0,0.42857142857142855,1.0,-0.0046038935
42.0,0.5,1.0,-0.0018641287
42.0,0.5714285714285714,1.0,-0.00022342149
42.0,0.6428571428571428,1.0,-0.00051204953
42.0,0.7142857142857142,1.0,-0.0023391927
42.0,0.7857142857142857,1.0,-0.0050678262
42.0,0.8571428571428571,1.0,-0.009388243
42.0,0.9285714285714285,1.0,-0.017428346
42.0,1.0,1.0,-0.031487662
43.0,0.0,0.0,-0.022637736
43.0,0.07142857142857142,0.0,-0.0116219865
43.0,0.14285714285714285,0.0,-0.006976743
43.0,0.21428571428571427,0.0,-0.0072993557
43.0,0.2857142857142857,0.0,-0.008659719
43.0,0.3571428571428571,0.0,-0.0066667376
43.0,0.42857142857142855,0.0,-0.002217114
43.0,0.5,0.0,-0.0012631463
43.0,0.5714285714285714,0.0,-0.0055875992
43.0,0.6428571428571428,0.0,-0.009799299
43.0,0.7142857142857142,0.0,-0.009177779
43.0,0.7857142857142857,0.0,-0.005651553
43.0,0.8571428571428571,0.0,-0.0048387432
43.0,0.9285714285714285,0.0,-0.010785029
43.0,1.0,0.0,-0.024722844
43.0,0.0,0.07142857142857142,-0.012990795
43.0,0.07142857142857142,0.07142857142857142,0.015140538
43.0,0.14285714285714285,0.07142857142857142,0.03880132
43.0,0.21428571428571427,0.07142857142857142,0.058391377
43.0,0.2857142857142857,0.07142857142857142,0.07621541
43.0,0.3571428571428571,0.07142857142857142,0.09513338
43.0,0.42857142857142855,0.07142857142857142,0.112218745
43.0,0.5,0.07142857142857142,0.1177815
43.0,0.5714285714285714,0.07142857142857142,0.108381145
43.0,0.6428571428571428,0.07142857142857142,0.092308275
43.0,0.7142857142857142,0.07142857142857142,0.07752777
43.0,0.7857142857142857,0.07142857142857142,0.06315967
43.0,0.8571428571428571,0.07142857142857142,0.044584867
43.0,0.9285714285714285,0.07142857142857142,0.01949817
43.0,1.0,0.07142857142857142,-0.0121903205
43.0,0.0,0.14285714285714285,-0.008536052
43.0,0.07142857142857142,0.14285714285714285,0.037482593
43.0,0.14285714285714285,0.14285714285714285,0.08120387
43.0,0.21428571428571427,0.14285714285714285,0.12214368
43.0,0.2857142857142857,0.14285714285714285,0.16093405
43.0,0.3571428571428571,0.14285714285714285,0.19859064
43.0,0.42857142857142855,0.14285714285714285,0.23003903
43.0,0.5,0.14285714285714285,0.24139044
43.0,0.5714285714285714,0.14285714285714285,0.22670226
43.0,0.6428571428571428,0.14285714285714285,0.1971359
43.0,0.7142857142857142,0.14285714285714285,0.16411553
43.0,0.7857142857142857,0.14285714285714285,0.1285302
43.0,0.8571428571428571,0.14285714285714285,0.088084504
43.0,0.9285714285714285,0.14285714285714285,0.0426329
43.0,1.0,0.14285714285714285,-0.007309214
43.0,0.0,0.21428571428571427,-0.007442672
43.0,0.07142857142857142,0.21428571428571427,0.05714836
43.0,0.14285714285714285,0.21428571428571427,0.12134855
43.0,0.21428571428571427,0.21428571428571427,0.18378997
43.0,0.2857142857142857,0.21428571428571427,0.24357378
43.0,0.3571428571428571,0.21428571428571427,0.29997945
43.0,0.42857142857142855,0.21428571428571427,0.3461141
43.0,0.5,0.21428571428571427,0.3639461
43.0,0.5714285714285714,0.21428571428571427,0.344149
43.0,0.6428571428571428,0.21428571428571427,0.30027422
43.0,0.7142857142857142,0.21428571428571427,0.247262
43.0,0.7857142857142857,0.21428571428571427,0.18886757
43.0,0.8571428571428571,0.21428571428571427,0.12612708
43.0,0.9285714285714285,0.21428571428571427,0.060593784
43.0,1.0,0.21428571428571427,-0.007261076
43.0,0.0,0.2857142857142857,-0.00797156
43.0,0.07142857142857142,0.2857142857142857,0.07584156
43.0,0.14285714285714285,0.2857142857142857,0.16042843
43.0,0.21428571428571427,0.2857142857142857,0.24341378
43.0,0.2857142857142857,0.2857142857142857,0.32271233
43.0,0.3571428571428571,0.2857142857142857,0.39645687
43.0,0.42857142857142855,0.2857142857142857,0.45657167
43.0,0.5,0.2857142857142857,0.48114383
43.0,0.5714285714285714,0.2857142857142857,0.4565459
43.0,0.6428571428571428,0.2857142857142857,0.39817253
43.0,0.7142857142857142,0.2857142857142857,0.3248639
43.0,0.7857142857142857,0.2857142857142857,0.24436203
43.0,0.8571428571428571,0.2857142857142857,0.16091946
43.0,0.9285714285714285,0.2857142857142857,0.07666941
43.0,1.0,0.2857142857142857,-0.008091652
43.0,0.0,0.3571428571428571,-0.009072064
43.0,0.07142857142857142,0.3571428571428571,0.093991324
43.0,0.14285714285714285,0.3571428571428571,0.19815816
43.0,0.21428571428571427,0.3571428571428571,0.29981422
43.0,0.2857142857142857,0.3571428571428571,0.3961283
43.0,0.3571428571428571,0.3571428571428571,0.4849396
43.0,0.42857142857142855,0.3571428571428571,0.5576693
43.0,0.5,0.3571428571428571,0.58870685
43.0,0.5714285714285714,0.3571428571428571,0.5594404
43.0,0.6428571428571428,0.3571428571428571,0.4871524
43.0,0.7142857142857142,0.3571428571428571,0.3953301
43.0,0.7857142857142857,0.3571428571428571,0.2958381
43.0,0.8571428571428571,0.3571428571428571,0.19472235
43.0,0.9285714285714285,0.3571428571428571,0.093827024
43.0,1.0,0.3571428571428571,-0.006058679
43.0,0.0,0.42857142857142855,-0.010795043
43.0,0.07142857142857142,0.42857142857142855,0.10848982
43.0,0.14285714285714285,0.42857142857142855,0.22901985
43.0,0.21428571428571427,0.42857142857142855,0.345703
43.0,0.2857142857142857,0.42857142857142855,0.4551456
43.0,0.3571428571428571,0.42857142857142855,0.5553839
43.0,0.42857142857142855,0.42857142857142855,0.63780755
43.0,0.5,0.42857142857142855,0.6737812
43.0,0.5714285714285714,0.42857142857142855,0.64045286
43.0,0.6428571428571428,0.42857142857142855,0.55750436
43.0,0.7142857142857142,0.42857142857142855,0.45258528
43.0,0.7857142857142857,0.42857142857142855,0.3398429
43.0,0.8571428571428571,0.42857142857142855,0.2254531
43.0,0.9285714285714285,0.42857142857142855,0.11127798
43.0,1.0,0.42857142857142855,-0.00033865217
43.0,0.0,0.5,-0.010893733
43.0,0.07142857142857142,0.5,0.11468647
43.0,0.14285714285714285,0.5,0.24184868
43.0,0.21428571428571427,0.5,0.36463553
43.0,0.2857142857142857,0.5,0.47923988
43.0,0.3571428571428571,0.5,0.58355135
43.0,0.42857142857142855,0.5,0.6686796
43.0,0.5,0.5,0.7053918
43.0,0.5714285714285714,0.5,0.6707806
43.0,0.6428571428571428,0.5,0.58592165
43.0,0.7142857142857142,0.5,0.4783995
43.0,0.7857142857142857,0.5,0.3615297
43.0,0.8571428571428571,0.5,0.24129939
43.0,0.9285714285714285,0.5,0.120844714
43.0,1.0,0.5,0.0044330275
43.0,0.0,0.5714285714285714,-0.0068565393
43.0,0.07142857142857142,0.5714285714285714,0.11123408
43.0,0.14285714285714285,0.5714285714285714,0.23066716
43.0,0.21428571428571427,0.5714285714285714,0.3467934
43.0,0.2857142857142857,0.5714285714285714,0.45668396
43.0,0.3571428571428571,0.5714285714285714,0.55745345
43.0,0.42857142857142855,0.5714285714285714,0.63803923
43.0,0.5,0.5714285714285714,0.67052835
43.0,0.5714285714285714,0.5714285714285714,0.6372667
43.0,0.6428571428571428,0.5714285714285714,0.5586765
43.0,0.7142857142857142,0.5714285714285714,0.4580125
43.0,0.7857142857142857,0.5714285714285714,0.3464011
43.0,0.8571428571428571,0.5714285714285714,0.23019397
43.0,0.9285714285714285,0.5714285714285714,0.11402466
43.0,1.0,0.5714285714285714,0.0028507253
43.0,0.0,0.6428571428571428,-0.0031911815
43.0,0.07142857142857142,0.6428571428571428,0.0980428
43.0,0.14285714285714285,0.6428571428571428,0.19981894
43.0,0.21428571428571427,0.6428571428571428,0.300207
43.0,0.2857142857142857,0.6428571428571428,0.39813235
43.0,0.3571428571428571,0.6428571428571428,0.48998594
43.0,0.42857142857142855,0.6428571428571428,0.56236744
43.0,0.5,0.6428571428571428,0.58994484
43.0,0.5714285714285714,0.6428571428571428,0.5604791
43.0,0.6428571428571428,0.6428571428571428,0.4914351
43.0,0.7142857142857142,0.6428571428571428,0.40205953
43.0,0.7857142857142857,0.6428571428571428,0.30245477
43.0,0.8571428571428571,0.6428571428571428,0.19900659
43.0,0.9285714285714285,0.6428571428571428,0.09633932
43.0,1.0,0.6428571428571428,-0.001603418
43.0,0.0,0.7142857142857142,-0.001685732
43.0,0.07142857142857142,0.7142857142857142,0.07982232
43.0,0.14285714285714285,0.7142857142857142,0.16076414
43.0,0.21428571428571427,0.7142857142857142,0.24133104
43.0,0.2857142857142857,0.7142857142857142,0.32181484
43.0,0.3571428571428571,0.7142857142857142,0.39857915
43.0,0.42857142857142855,0.7142857142857142,0.45861104
43.0,0.5,0.7142857142857142,0.48132294
43.0,0.5714285714285714,0.7142857142857142,0.45772004
43.0,0.6428571428571428,0.7142857142857142,0.40055108
43.0,0.7142857142857142,0.7142857142857142,0.3261422
43.0,0.7857142857142857,0.7142857142857142,0.24426174
43.0,0.8571428571428571,0.7142857142857142,0.16018042
43.0,0.9285714285714285,0.7142857142857142,0.07677163
43.0,1.0,0.7142857142857142,-0.003915825
43.0,0.0,0.7857142857142857,-0.001239636
43.0,0.07142857142857142,0.7857142857142857,0.06109876
43.0,0.14285714285714285,0.7857142857142857,0.12158745
43.0,0.21428571428571427,0.7857142857142857,0.18152459
43.0,0.2857142857142857,0.7857142857142857,0.2418637
43.0,0.3571428571428571,0.7857142857142857,0.29957557
43.0,0.42857142857142855,0.7857142857142857,0.3442318
43.0,0.5,0.7857142857142857,0.36104017
43.0,0.5714285714285714,0.7857142857142857,0.3434157
43.0,0.6428571428571428,0.7857142857142857,0.29961827
43.0,0.7142857142857142,0.7857142857142857,0.24273169
43.0,0.7857142857142857,0.7857142857142857,0.1814055
43.0,0.8571428571428571,0.7857142857142857,0.11916142
43.0,0.9285714285714285,0.7857142857142857,0.056709312
43.0,1.0,0.7857142857142857,-0.0057608644
43.0,0.0,0.8571428571428571,-0.0020833323
43.0,0.07142857142857142,0.8571428571428571,0.042164113
43.0,0.14285714285714285,0.8571428571428571,0.083059214
43.0,0.21428571428571427,0.8571428571428571,0.122389115
43.0,0.2857142857142857,0.8571428571428571,0.1615125
43.0,0.3571428571428571,0.8571428571428571,0.1985988
43.0,0.42857142857142855,0.8571428571428571,0.22688387
43.0,0.5,0.8571428571428571,0.23736292
43.0,0.5714285714285714,0.8571428571428571,0.22580805
43.0,0.6428571428571428,0.8571428571428571,0.19670805
43.0,0.7142857142857142,0.8571428571428571,0.15881154
43.0,0.7857142857142857,0.8571428571428571,0.11844277
43.0,0.8571428571428571,0.8571428571428571,0.07746119
43.0,0.9285714285714285,0.8571428571428571,0.03502645
43.0,1.0,0.8571428571428571,-0.009985731
43.0,0.0,0.9285714285714285,-0.0066278847
43.0,0.07142857142857142,0.9285714285714285,0.020006932
43.0,0.14285714285714285,0.9285714285714285,0.041729607
43.0,0.21428571428571427,0.9285714285714285,0.060687035
43.0,0.2857142857142857,0.9285714285714285,0.078819335
43.0,0.3571428571428571,0.9285714285714285,0.09603085
43.0,0.42857142857142855,0.9285714285714285,0.10940637
43.0,0.5,0.9285714285714285,0.11477471
43.0,0.5714285714285714,0.9285714285714285,0.109765485
43.0,0.6428571428571428,0.9285714285714285,0.09576192
43.0,0.7142857142857142,0.9285714285714285,0.07683537
43.0,0.7857142857142857,0.9285714285714285,0.056358613
43.0,0.8571428571428571,0.9285714285714285,0.034829758
43.0,0.9285714285714285,0.9285714285714285,0.010588261
43.0,1.0,0.9285714285714285,-0.01824047
43.0,0.0,1.0,-0.018670801
43.0,0.07142857142857142,1.0,-0.009558191
43.0,0.14285714285714285,1.0,-0.006439728
43.0,0.21428571428571427,1.0,-0.0066029103
43.0,0.2857142857142857,1.0,-0.00719989
43.0,0.3571428571428571,1.0,-0.00644469
43.0,0.42857142857142855,1.0,-0.004185588
43.0,0.5,1.0,-0.0015073316
43.0,0.5714285714285714,1.0,0.00015721004
43.0,0.6428571428571428,1.0,-5.5977143e-05
43.0,0.7142857142857142,1.0,-0.0018669488
43.0,0.7857142857142857,1.0,-0.0046831453
43.0,0.8571428571428571,1.0,-0.009144963
43.0,0.9285714285714285,1.0,-0.01729342
43.0,1.0,1.0,-0.03136734
44.0,0.0,0.0,-0.022750694
44.0,0.07142857142857142,0.0,-0.011761259
44.0,0.14285714285714285,0.0,-0.007070765
44.0,0.21428571428571427,0.0,-0.0072602835
44.0,0.2857142857142857,0.0,-0.008437004
44.0,0.3571428571428571,0.0,-0.0063282936
44.0,0.42857142857142855,0.0,-0.0018894887
44.0,0.5,0.0,-0.00096284505
44.0,0.5714285714285714,0.0,-0.0052767033
44.0,0.6428571428571428,0.0,-0.009529752
44.0,0.7142857142857142,0.0,-0.009015267
44.0,0.7857142857142857,0.0,-0.0055637704
44.0,0.8571428571428571,0.0,-0.0047480473
44.0,0.9285714285714285,0.0,-0.010652945
44.0,1.0,0.0,-0.024556257
44.0,0.0,0.07142857142857142,-0.013048088
44.0,0.07142857142857142,0.07142857142857142,0.01502592
44.0,0.14285714285714285,0.07142857142857142,0.038686883
44.0,0.21428571428571427,0.07142857142857142,0.05834674
44.0,0.2857142857142857,0.07142857142857142,0.07627179
44.0,0.3571428571428571,0.07142857142857142,0.09519856
44.0,0.42857142857142855,0.07142857142857142,0.112149596
44.0,0.5,0.07142857142857142,0.11763727
44.0,0.5714285714285714,0.07142857142857142,0.108335406
44.0,0.6428571428571428,0.07142857142857142,0.09235283
44.0,0.7142857142857142,0.07142857142857142,0.07755821
44.0,0.7857142857142857,0.07142857142857142,0.06316806
44.0,0.8571428571428571,0.07142857142857142,0.04461518
44.0,0.9285714285714285,0.07142857142857142,0.019570313
44.0,1.0,0.07142857142857142,-0.012082198
44.0,0.0,0.14285714285714285,-0.00849287
44.0,0.07142857142857142,0.14285714285714285,0.037430584
44.0,0.14285714285714285,0.14285714285714285,0.08110611
44.0,0.21428571428571427,0.14285714285714285,0.12205372
44.0,0.2857142857142857,0.14285714285714285,0.16086517
44.0,0.3571428571428571,0.14285714285714285,0.19842483
44.0,0.42857142857142855,0.14285714285714285,0.2296033
44.0,0.5,0.14285714285714285,0.24081627
44.0,0.5714285714285714,0.14285714285714285,0.22632632
44.0,0.6428571428571428,0.14285714285714285,0.19700262
44.0,0.7142857142857142,0.14285714285714285,0.16406758
44.0,0.7857142857142857,0.14285714285714285,0.12850276
44.0,0.8571428571428571,0.14285714285714285,0.088082634
44.0,0.9285714285714285,0.14285714285714285,0.042670034
44.0,1.0,0.14285714285714285,-0.0072217816
44.0,0.0,0.21428571428571427,-0.0072623915
44.0,0.07142857142857142,0.21428571428571427,0.057184167
44.0,0.14285714285714285,0.21428571428571427,0.121285446
44.0,0.21428571428571427,0.21428571428571427,0.18367885
44.0,0.2857142857142857,0.21428571428571427,0.24342126
44.0,0.3571428571428571,0.21428571428571427,0.29965013
44.0,0.42857142857142855,0.21428571428571427,0.34539247
44.0,0.5,0.21428571428571427,0.36301175
44.0,0.5714285714285714,0.21428571428571427,0.3435069
44.0,0.6428571428571428,0.21428571428571427,0.30002236
44.0,0.7142857142857142,0.21428571428571427,0.24717864
44.0,0.7857142857142857,0.21428571428571427,0.18882076
44.0,0.8571428571428571,0.21428571428571427,0.12609349
44.0,0.9285714285714285,0.21428571428571427,0.060605727
44.0,1.0,0.21428571428571427,-0.0071575576
44.0,0.0,0.2857142857142857,-0.007652346
44.0,0.07142857142857142,0.2857142857142857,0.075947426
44.0,0.14285714285714285,0.2857142857142857,0.16036697
44.0,0.21428571428571427,0.2857142857142857,0.24325034
44.0,0.2857142857142857,0.2857142857142857,0.32246473
44.0,0.3571428571428571,0.2857142857142857,0.39597934
44.0,0.42857142857142855,0.2857142857142857,0.4555937
44.0,0.5,0.2857142857142857,0.47986117
44.0,0.5714285714285714,0.2857142857142857,0.45563316
44.0,0.6428571428571428,0.2857142857142857,0.39778715
44.0,0.7142857142857142,0.2857142857142857,0.32471463
44.0,0.7857142857142857,0.2857142857142857,0.24424708
44.0,0.8571428571428571,0.2857142857142857,0.16080798
44.0,0.9285714285714285,0.2857142857142857,0.076645255
44.0,1.0,0.2857142857142857,-0.007938282
44.0,0.0,0.3571428571428571,-0.008682302
44.0,0.07142857142857142,0.3571428571428571,0.0940741
44.0,0.14285714285714285,0.3571428571428571,0.19797975
44.0,0.21428571428571427,0.3571428571428571,0.29946238
44.0,0.2857142857142857,0.3571428571428571,0.39564338
44.0,0.3571428571428571,0.3571428571428571,0.48416218
44.0,0.42857142857142855,0.3571428571428571,0.5562616
44.0,0.5,0.3571428571428571,0.5868665
44.0,0.5714285714285714,0.3571428571428571,0.55804116
44.0,0.6428571428571428,0.3571428571428571,0.48644257
44.0,0.7142857142857142,0.3571428571428571,0.3949528
44.0,0.7857142857142857,0.3571428571428571,0.295518
44.0,0.8571428571428571,0.3571428571428571,0.19444172
44.0,0.9285714285714285,0.3571428571428571,0.093732305
44.0,1.0,0.3571428571428571,-0.0058458904
44.0,0.0,0.42857142857142855,-0.010444806
44.0,0.07142857142857142,0.42857142857142855,0.108434044
44.0,0.14285714285714285,0.42857142857142855,0.22858521
44.0,0.21428571428571427,0.42857142857142855,0.34498462
44.0,0.2857142857142857,0.42857142857142855,0.45419085
44.0,0.3571428571428571,0.42857142857142855,0.5540073
44.0,0.42857142857142855,0.42857142857142855,0.63560814
44.0,0.5,0.42857142857142855,0.6709908
44.0,0.5714285714285714,0.42857142857142855,0.6382057
44.0,0.6428571428571428,0.42857142857142855,0.5561788
44.0,0.7142857142857142,0.42857142857142855,0.45176065
44.0,0.7857142857142857,0.42857142857142855,0.3391674
44.0,0.8571428571428571,0.42857142857142855,0.22491515
44.0,0.9285714285714285,0.42857142857142855,0.11106565
44.0,1.0,0.42857142857142855,-9.383354e-05
44.0,0.0,0.5,-0.010568977
44.0,0.07142857142857142,0.5,0.114575095
44.0,0.14285714285714285,0.5,0.24130142
44.0,0.21428571428571427,0.5,0.36372834
44.0,0.2857142857142857,0.5,0.47800562
44.0,0.3571428571428571,0.5,0.58177793
44.0,0.42857142857142855,0.5,0.6659409
44.0,0.5,0.5,0.7019854
44.0,0.5714285714285714,0.5,0.6680211
44.0,0.6428571428571428,0.5,0.5842356
44.0,0.7142857142857142,0.5,0.47730944
44.0,0.7857142857142857,0.5,0.36064053
44.0,0.8571428571428571,0.5,0.24060333
44.0,0.9285714285714285,0.5,0.120556004
44.0,1.0,0.5,0.004692509
44.0,0.0,0.5714285714285714,-0.0064819166
44.0,0.07142857142857142,0.5714285714285714,0.1112437
44.0,0.14285714285714285,0.5714285714285714,0.23033106
44.0,0.21428571428571427,0.5714285714285714,0.34618992
44.0,0.2857142857142857,0.5714285714285714,0.45582426
44.0,0.3571428571428571,0.5714285714285714,0.5560884
44.0,0.42857142857142855,0.5714285714285714,0.63575506
44.0,0.5,0.5714285714285714,0.6676708
44.0,0.5714285714285714,0.5714285714285714,0.6350562
44.0,0.6428571428571428,0.5714285714285714,0.5574246
44.0,0.7142857142857142,0.5714285714285714,0.45723653
44.0,0.7857142857142857,0.5714285714285714,0.34574068
44.0,0.8571428571428571,0.5714285714285714,0.22965667
44.0,0.9285714285714285,0.5714285714285714,0.11383466
44.0,1.0,0.5714285714285714,0.0031718602
44.0,0.0,0.6428571428571428,-0.0028336504
44.0,0.07142857142857142,0.6428571428571428,0.098123685
44.0,0.14285714285714285,0.6428571428571428,0.1996918
44.0,0.21428571428571427,0.6428571428571428,0.29997015
44.0,0.2857142857142857,0.6428571428571428,0.39777204
44.0,0.3571428571428571,0.6428571428571428,0.48921758
44.0,0.42857142857142855,0.6428571428571428,0.56081223
44.0,0.5,0.6428571428571428,0.5879356
44.0,0.5714285714285714,0.6428571428571428,0.5589976
44.0,0.6428571428571428,0.6428571428571428,0.49069172
44.0,0.7142857142857142,0.6428571428571428,0.40164807
44.0,0.7857142857142857,0.6428571428571428,0.30209178
44.0,0.8571428571428571,0.6428571428571428,0.19870658
44.0,0.9285714285714285,0.6428571428571428,0.09629563
44.0,1.0,0.6428571428571428,-0.0012293393
44.0,0.0,0.7142857142857142,-0.0014395351
44.0,0.07142857142857142,0.7142857142857142,0.07985751
44.0,0.14285714285714285,0.7142857142857142,0.16069108
44.0,0.21428571428571427,0.7142857142857142,0.24125728
44.0,0.2857142857142857,0.7142857142857142,0.32171074
44.0,0.3571428571428571,0.7142857142857142,0.39816406
44.0,0.42857142857142855,0.7142857142857142,0.45756352
44.0,0.5,0.7142857142857142,0.47989747
44.0,0.5714285714285714,0.7142857142857142,0.45663914
44.0,0.6428571428571428,0.7142857142857142,0.40000856
44.0,0.7142857142857142,0.7142857142857142,0.3258574
44.0,0.7857142857142857,0.7142857142857142,0.24402297
44.0,0.8571428571428571,0.7142857142857142,0.15999418
44.0,0.9285714285714285,0.7142857142857142,0.07678249
44.0,1.0,0.7142857142857142,-0.0035698647
44.0,0.0,0.7857142857142857,-0.0011383453
44.0,0.07142857142857142,0.7857142857142857,0.061041936
44.0,0.14285714285714285,0.7857142857142857,0.12149244
44.0,0.21428571428571427,0.7857142857142857,0.18149298
44.0,0.2857142857142857,0.7857142857142857,0.24185553
44.0,0.3571428571428571,0.7857142857142857,0.299343
44.0,0.42857142857142855,0.7857142857142857,0.3435195
44.0,0.5,0.7857142857142857,0.3600113
44.0,0.5714285714285714,0.7857142857142857,0.3425746
44.0,0.6428571428571428,0.7857142857142857,0.29916131
44.0,0.7142857142857142,0.7857142857142857,0.24249646
44.0,0.7857142857142857,0.7857142857142857,0.18122648
44.0,0.8571428571428571,0.7857142857142857,0.119024135
44.0,0.9285714285714285,0.7857142857142857,0.05671396
44.0,1.0,0.7857142857142857,-0.005496879
44.0,0.0,0.8571428571428571,-0.0021189833
44.0,0.07142857142857142,0.8571428571428571,0.04202507
44.0,0.14285714285714285,0.8571428571428571,0.08294309
44.0,0.21428571428571427,0.8571428571428571,0.1223864
44.0,0.2857142857142857,0.8571428571428571,0.16158055
44.0,0.3571428571428571,0.8571428571428571,0.19853652
44.0,0.42857142857142855,0.8571428571428571,0.22649959
44.0,0.5,0.8571428571428571,0.23674534
44.0,0.5714285714285714,0.8571428571428571,0.22528037
44.0,0.6428571428571428,0.8571428571428571,0.19643942
44.0,0.7142857142857142,0.8571428571428571,0.15871225
44.0,0.7857142857142857,0.8571428571428571,0.11837786
44.0,0.8571428571428571,0.8571428571428571,0.07739621
44.0,0.9285714285714285,0.8571428571428571,0.035029594
44.0,1.0,0.8571428571428571,-0.009808631
44.0,0.0,0.9285714285714285,-0.0067672366
44.0,0.07142857142857142,0.9285714285714285,0.01982949
44.0,0.14285714285714285,0.9285714285714285,0.041641295
44.0,0.21428571428571427,0.9285714285714285,0.060764663
44.0,0.2857142857142857,0.9285714285714285,0.07902031
44.0,0.3571428571428571,0.9285714285714285,0.096200876
44.0,0.42857142857142855,0.9285714285714285,0.10940448
44.0,0.5,0.9285714285714285,0.11463333
44.0,0.5714285714285714,0.9285714285714285,0.109666996
44.0,0.6428571428571428,0.9285714285714285,0.09581741
44.0,0.7142857142857142,0.9285714285714285,0.07698578
44.0,0.7857142857142857,0.9285714285714285,0.056489535
44.0,0.8571428571428571,0.9285714285714285,0.034894314
44.0,0.9285714285714285,0.9285714285714285,0.010633252
44.0,1.0,0.9285714285714285,-0.01811589
44.0,0.0,1.0,-0.018850084
44.0,0.07142857142857142,1.0,-0.009693065
44.0,0.14285714285714285,1.0,-0.0064129224
44.0,0.21428571428571427,1.0,-0.006359617
44.0,0.2857142857142857,1.0,-0.0067847027
44.0,0.3571428571428571,1.0,-0.00597955
44.0,0.42857142857142855,1.0,-0.0037774304
44.0,0.5,1.0,-0.0011598403
44.0,0.5714285714285714,1.0,0.0005279621
44.0,0.6428571428571428,1.0,0.000388938
44.0,0.7142857142857142,1.0,-0.001402528
44.0,0.7857142857142857,1.0,-0.0043005394
44.0,0.8571428571428571,1.0,-0.0088982815
44.0,0.9285714285714285,1.0,-0.017152637
44.0,1.0,1.0,-0.03124148
45.0,0.0,0.0,-0.02287656
45.0,0.07142857142857142,0.0,-0.011913094
45.0,0.14285714285714285,0.0,-0.007176533
45.0,0.21428571428571427,0.0,-0.007232037
45.0,0.2857142857142857,0.0,-0.008226141
45.0,0.3571428571428571,0.0,-0.0060031465
45.0,0.42857142857142855,0.0,-0.00157448
45.0,0.5,0.0,-0.00067482144
45.0,0.5714285714285714,0.0,-0.0049796114
45.0,0.6428571428571428,0.0,-0.009273001
45.0,0.7142857142857142,0.0,-0.008866326
45.0,0.7857142857142857,0.0,-0.0054927366
45.0,0.8571428571428571,0.0,-0.004677781
45.0,0.9285714285714285,0.0,-0.010542237
45.0,1.0,0.0,-0.02440872
45.0,0.0,0.07142857142857142,-0.013116482
45.0,0.07142857142857142,0.07142857142857142,0.014898845
45.0,0.14285714285714285,0.07142857142857142,0.03856061
45.0,0.21428571428571427,0.07142857142857142,0.05828903
45.0,0.2857142857142857,0.07142857142857142,0.076312475
45.0,0.3571428571428571,0.07142857142857142,0.09524685
45.0,0.42857142857142855,0.07142857142857142,0.11206616
45.0,0.5,0.07142857142857142,0.117480166
45.0,0.5714285714285714,0.07142857142857142,0.108275004
45.0,0.6428571428571428,0.07142857142857142,0.09238213
45.0,0.7142857142857142,0.07142857142857142,0.077573195
45.0,0.7857142857142857,0.07142857142857142,0.06315717
45.0,0.8571428571428571,0.07142857142857142,0.044623088
45.0,0.9285714285714285,0.07142857142857142,0.019619353
45.0,1.0,0.07142857142857142,-0.011993983
45.0,0.0,0.14285714285714285,-0.008460033
45.0,0.07142857142857142,0.14285714285714285,0.037367545
45.0,0.14285714285714285,0.14285714285714285,0.080996215
45.0,0.21428571428571427,0.14285714285714285,0.121950276
45.0,0.2857142857142857,0.14285714285714285,0.16077913
45.0,0.3571428571428571,0.14285714285714285,0.19824064
45.0,0.42857142857142855,0.14285714285714285,0.22915429
45.0,0.5,0.14285714285714285,0.24023372
45.0,0.5714285714285714,0.14285714285714285,0.22593749
45.0,0.6428571428571428,0.14285714285714285,0.196853
45.0,0.7142857142857142,0.14285714285714285,0.16400315
45.0,0.7857142857142857,0.14285714285714285,0.12845536
45.0,0.8571428571428571,0.14285714285714285,0.088057965
45.0,0.9285714285714285,0.14285714285714285,0.04268355
45.0,1.0,0.14285714285714285,-0.0071565965
45.0,0.0,0.21428571428571427,-0.0070926845
45.0,0.07142857142857142,0.21428571428571427,0.057208627
45.0,0.14285714285714285,0.21428571428571427,0.12121069
45.0,0.21428571428571427,0.21428571428571427,0.18355463
45.0,0.2857142857142857,0.21428571428571427,0.24325266
45.0,0.3571428571428571,0.21428571428571427,0.29930305
45.0,0.42857142857142855,0.21428571428571427,0.3446607
45.0,0.5,0.21428571428571427,0.36207393
45.0,0.5714285714285714,0.21428571428571427,0.34285474
45.0,0.6428571428571428,0.21428571428571427,0.29975334
45.0,0.7142857142857142,0.21428571428571427,0.24707744
45.0,0.7857142857142857,0.21428571428571427,0.18875495
45.0,0.8571428571428571,0.21428571428571427,0.1260373
45.0,0.9285714285714285,0.21428571428571427,0.060593568
45.0,1.0,0.21428571428571427,-0.007076212
45.0,0.0,0.2857142857142857,-0.007345044
45.0,0.07142857142857142,0.2857142857142857,0.0760411
45.0,0.14285714285714285,0.2857142857142857,0.16029549
45.0,0.21428571428571427,0.2857142857142857,0.24307728
45.0,0.2857142857142857,0.2857142857142857,0.32220525
45.0,0.3571428571428571,0.2857142857142857,0.39548737
45.0,0.42857142857142855,0.2857142857142857,0.4546097
45.0,0.5,0.2857142857142857,0.47858104
45.0,0.5714285714285714,0.2857142857142857,0.45471236
45.0,0.6428571428571428,0.2857142857142857,0.39738393
45.0,0.7142857142857142,0.2857142857142857,0.32454863
45.0,0.7857142857142857,0.2857142857142857,0.2441163
45.0,0.8571428571428571,0.2857142857142857,0.16067713
45.0,0.9285714285714285,0.2857142857142857,0.07659774
45.0,1.0,0.2857142857142857,-0.0078075016
45.0,0.0,0.3571428571428571,-0.008305634
45.0,0.07142857142857142,0.3571428571428571,0.09414526
45.0,0.14285714285714285,0.3571428571428571,0.19779524
45.0,0.21428571428571427,0.3571428571428571,0.2991081
45.0,0.2857142857142857,0.3571428571428571,0.39515442
45.0,0.3571428571428571,0.3571428571428571,0.48337707
45.0,0.42857142857142855,0.3571428571428571,0.5548558
45.0,0.5,0.3571428571428571,0.58503956
45.0,0.5714285714285714,0.3571428571428571,0.55664235
45.0,0.6428571428571428,0.3571428571428571,0.4857217
45.0,0.7142857142857142,0.3571428571428571,0.39456794
45.0,0.7857142857142857,0.3571428571428571,0.2951932
45.0,0.8571428571428571,0.3571428571428571,0.1941495
45.0,0.9285714285714285,0.3571428571428571,0.09361738
45.0,1.0,0.3571428571428571,-0.005653643
45.0,0.0,0.42857142857142855,-0.010104903
45.0,0.07142857142857142,0.42857142857142855,0.108370505
45.0,0.14285714285714285,0.42857142857142855,0.22815189
45.0,0.21428571428571427,0.42857142857142855,0.34427464
45.0,0.2857142857142857,0.42857142857142855,0.45324656
45.0,0.3571428571428571,0.42857142857142855,0.55264056
45.0,0.42857142857142855,0.42857142857142855,0.6334324
45.0,0.5,0.42857142857142855,0.6682413
45.0,0.5714285714285714,0.42857142857142855,0.6359848
45.0,0.6428571428571428,0.42857142857142855,0.5548637
45.0,0.7142857142857142,0.42857142857142855,0.45094782
45.0,0.7857142857142857,0.42857142857142855,0.33850348
45.0,0.8571428571428571,0.42857142857142855,0.22437593
45.0,0.9285714285714285,0.42857142857142855,0.11083931
45.0,1.0,0.42857142857142855,0.00013340916
45.0,0.0,0.5,-0.010255099
45.0,0.07142857142857142,0.5,0.11445565
45.0,0.14285714285714285,0.5,0.2407563
45.0,0.21428571428571427,0.5,0.3628337
45.0,0.2857142857142857,0.5,0.47678983
45.0,0.3571428571428571,0.5,0.5800257
45.0,0.42857142857142855,0.5,0.6632422
45.0,0.5,0.5,0.69864416
45.0,0.5714285714285714,0.5,0.66530937
45.0,0.6428571428571428,0.5,0.5825741
45.0,0.7142857142857142,0.5,0.47624108
45.0,0.7857142857142857,0.5,0.35976982
45.0,0.8571428571428571,0.5,0.23991188
45.0,0.9285714285714285,0.5,0.120257
45.0,1.0,0.5,0.0049376627
45.0,0.0,0.5714285714285714,-0.0061274553
45.0,0.07142857142857142,0.5714285714285714,0.111235015
45.0,0.14285714285714285,0.5714285714285714,0.22998455
45.0,0.21428571428571427,0.5714285714285714,0.3455848
45.0,0.2857142857142857,0.5714285714285714,0.4549647
45.0,0.3571428571428571,0.5714285714285714,0.5547237
45.0,0.42857142857142855,0.5714285714285714,0.63348806
45.0,0.5,0.5714285714285714,0.66485244
45.0,0.5714285714285714,0.5714285714285714,0.632869
45.0,0.6428571428571428,0.5714285714285714,0.5561736
45.0,0.7142857142857142,0.5714285714285714,0.4564609
45.0,0.7857142857142857,0.5714285714285714,0.34508327
45.0,0.8571428571428571,0.5714285714285714,0.229117
45.0,0.9285714285714285,0.5714285714285714,0.11363382
45.0,1.0,0.5714285714285714,0.003481052
45.0,0.0,0.6428571428571428,-0.0025020177
45.0,0.07142857142857142,0.6428571428571428,0.09818196
45.0,0.14285714285714285,0.6428571428571428,0.19954908
45.0,0.21428571428571427,0.6428571428571428,0.29972345
45.0,0.2857142857142857,0.6428571428571428,0.3974009
45.0,0.3571428571428571,0.6428571428571428,0.48843396
45.0,0.42857142857142855,0.6428571428571428,0.559253
45.0,0.5,0.6428571428571428,0.58593965
45.0,0.5714285714285714,0.6428571428571428,0.5575161
45.0,0.6428571428571428,0.6428571428571428,0.48993075
45.0,0.7142857142857142,0.6428571428571428,0.40122014
45.0,0.7857142857142857,0.6428571428571428,0.30171907
45.0,0.8571428571428571,0.6428571428571428,0.19839935
45.0,0.9285714285714285,0.6428571428571428,0.09624245
45.0,1.0,0.6428571428571428,-0.0008648867
45.0,0.0,0.7142857142857142,-0.0012187297
45.0,0.07142857142857142,0.7142857142857142,0.07987252
45.0,0.14285714285714285,0.7142857142857142,0.16060627
45.0,0.21428571428571427,0.7142857142857142,0.24117577
45.0,0.2857142857142857,0.7142857142857142,0.32159594
45.0,0.3571428571428571,0.7142857142857142,0.3977327
45.0,0.42857142857142855,0.7142857142857142,0.45650724
45.0,0.5,0.7142857142857142,0.4784749
45.0,0.5714285714285714,0.7142857142857142,0.4555536
45.0,0.6428571428571428,0.7142857142857142,0.39944866
45.0,0.7142857142857142,0.7142857142857142,0.32555702
45.0,0.7857142857142857,0.7142857142857142,0.24377596
45.0,0.8571428571428571,0.7142857142857142,0.15980381
45.0,0.9285714285714285,0.7142857142857142,0.07678916
45.0,1.0,0.7142857142857142,-0.0032284195
45.0,0.0,0.7857142857142857,-0.0010600621
45.0,0.07142857142857142,0.7857142857142857,0.06096966
45.0,0.14285714285714285,0.7857142857142857,0.121389754
45.0,0.21428571428571427,0.7857142857142857,0.18145704
45.0,0.2857142857142857,0.7857142857142857,0.24183849
45.0,0.3571428571428571,0.7857142857142857,0.2990959
45.0,0.42857142857142855,0.7857142857142857,0.34279662
45.0,0.5,0.7857142857142857,0.3589802
45.0,0.5714285714285714,0.7857142857142857,0.3417268
45.0,0.6428571428571428,0.7857142857142857,0.29869118
45.0,0.7142857142857142,0.7857142857142857,0.24224988
45.0,0.7857142857142857,0.7857142857142857,0.18104413
45.0,0.8571428571428571,0.7857142857142857,0.11888822
45.0,0.9285714285714285,0.7857142857142857,0.05671975
45.0,1.0,0.7857142857142857,-0.005233028
45.0,0.0,0.8571428571428571,-0.0021743858
45.0,0.07142857142857142,0.8571428571428571,0.04187409
45.0,0.14285714285714285,0.8571428571428571,0.08282172
45.0,0.21428571428571427,0.8571428571428571,0.12238049
45.0,0.2857142857142857,0.8571428571428571,0.16164045
45.0,0.3571428571428571,0.8571428571428571,0.19846015
45.0,0.42857142857142855,0.8571428571428571,0.2261028
45.0,0.5,0.8571428571428571,0.23611933
45.0,0.5714285714285714,0.8571428571428571,0.2247433
45.0,0.6428571428571428,0.8571428571428571,0.19615921
45.0,0.7142857142857142,0.8571428571428571,0.15860416
45.0,0.7857142857142857,0.8571428571428571,0.11831155
45.0,0.8571428571428571,0.8571428571428571,0.077334695
45.0,0.9285714285714285,0.8571428571428571,0.035036597
45.0,1.0,0.8571428571428571,-0.009628476
45.0,0.0,0.9285714285714285,-0.0069236504
45.0,0.07142857142857142,0.9285714285714285,0.019643277
45.0,0.14285714285714285,0.9285714285714285,0.04154951
45.0,0.21428571428571427,0.9285714285714285,0.060838573
45.0,0.2857142857142857,0.9285714285714285,0.07921358
45.0,0.3571428571428571,0.9285714285714285,0.096357815
45.0,0.42857142857142855,0.9285714285714285,0.10938937
45.0,0.5,0.9285714285714285,0.11448137
45.0,0.5714285714285714,0.9285714285714285,0.10955741
45.0,0.6428571428571428,0.9285714285714285,0.095861144
45.0,0.7142857142857142,0.9285714285714285,0.07712776
45.0,0.7857142857142857,0.9285714285714285,0.056618832
45.0,0.8571428571428571,0.9285714285714285,0.034962818
45.0,0.9285714285714285,0.9285714285714285,0.01068386
45.0,1.0,0.9285714285714285,-0.01798657
45.0,0.0,1.0,-0.019043256
45.0,0.07142857142857142,1.0,-0.009834847
45.0,0.14285714285714285,1.0,-0.0063899197
45.0,0.21428571428571427,1.0,-0.0061202655
45.0,0.2857142857142857,1.0,-0.0063773366
45.0,0.3571428571428571,1.0,-0.0055251615
45.0,0.42857142857142855,1.0,-0.003380959
45.0,0.5,1.0,-0.00082333107
45.0,0.5714285714285714,1.0,0.00088760536
45.0,0.6428571428571428,1.0,0.0008224575
45.0,0.7142857142857142,1.0,-0.00094690267
45.0,0.7857142857142857,1.0,-0.003920906
45.0,0.8571428571428571,1.0,-0.008648825
45.0,0.9285714285714285,1.0,-0.017006189
45.0,1.0,1.0,-0.031110942
46.0,0.0,0.0,-0.023016311
46.0,0.07142857142857142,0.0,-0.012078275
46.0,0.14285714285714285,0.0,-0.0072941133
46.0,0.21428571428571427,0.0,-0.0072147846
46.0,0.2857142857142857,0.0,-0.008027291
46.0,0.3571428571428571,0.0,-0.005692252
46.0,0.42857142857142855,0.0,-0.0012733992
46.0,0.5,0.0,-0.00040052738
46.0,0.5714285714285714,0.0,-0.004695571
46.0,0.6428571428571428,0.0,-0.009030071
46.0,0.7142857142857142,0.0,-0.008731657
46.0,0.7857142857142857,0.0,-0.0054392563
46.0,0.8571428571428571,0.0,-0.004628596
46.0,0.9285714285714285,0.0,-0.010453866
46.0,1.0,0.0,-0.024281316
46.0,0.0,0.07142857142857142,-0.013197182
46.0,0.07142857142857142,0.07142857142857142,0.014759091
46.0,0.14285714285714285,0.07142857142857142,0.038421217
46.0,0.21428571428571427,0.07142857142857142,0.058217928
46.0,0.2857142857142857,0.07142857142857142,0.0763373
46.0,0.3571428571428571,0.07142857142857142,0.09527742
46.0,0.42857142857142855,0.07142857142857142,0.11196666
46.0,0.5,0.07142857142857142,0.117310755
46.0,0.5714285714285714,0.07142857142857142,0.10819972
46.0,0.6428571428571428,0.07142857142857142,0.0923958
46.0,0.7142857142857142,0.07142857142857142,0.07757218
46.0,0.7857142857142857,0.07142857142857142,0.063127555
46.0,0.8571428571428571,0.07142857142857142,0.044608716
46.0,0.9285714285714285,0.07142857142857142,0.019645773
46.0,1.0,0.07142857142857142,-0.0119278515
46.0,0.0,0.14285714285714285,-0.008438072
46.0,0.07142857142857142,0.14285714285714285,0.03729236
46.0,0.14285714285714285,0.14285714285714285,0.08087389
46.0,0.21428571428571427,0.14285714285714285,0.121832915
46.0,0.2857142857142857,0.14285714285714285,0.16067588
46.0,0.3571428571428571,0.14285714285714285,0.19803788
46.0,0.42857142857142855,0.14285714285714285,0.228692
46.0,0.5,0.14285714285714285,0.23964188
46.0,0.5714285714285714,0.14285714285714285,0.22553563
46.0,0.6428571428571428,0.14285714285714285,0.19668682
46.0,0.7142857142857142,0.14285714285714285,0.1639208
46.0,0.7857142857142857,0.14285714285714285,0.1283875
46.0,0.8571428571428571,0.14285714285714285,0.08801034
46.0,0.9285714285714285,0.14285714285714285,0.042672247
46.0,1.0,0.14285714285714285,-0.00711421
46.0,0.0,0.21428571428571427,-0.0069344677
46.0,0.07142857142857142,0.21428571428571427,0.05722159
46.0,0.14285714285714285,0.21428571428571427,0.121124275
46.0,0.21428571428571427,0.21428571428571427,0.18341832
46.0,0.2857142857142857,0.21428571428571427,0.24306816
46.0,0.3571428571428571,0.21428571428571427,0.29893836
46.0,0.42857142857142855,0.21428571428571427,0.3439188
46.0,0.5,0.21428571428571427,0.36113253
46.0,0.5714285714285714,0.21428571428571427,0.34219083
46.0,0.6428571428571428,0.21428571428571427,0.29946673
46.0,0.7142857142857142,0.21428571428571427,0.24695814
46.0,0.7857142857142857,0.21428571428571427,0.188669
46.0,0.8571428571428571,0.21428571428571427,0.12595868
46.0,0.9285714285714285,0.21428571428571427,0.060555615
46.0,1.0,0.21428571428571427,-0.00701891
46.0,0.0,0.2857142857142857,-0.007050582
46.0,0.07142857142857142,0.2857142857142857,0.07612231
46.0,0.14285714285714285,0.2857142857142857,0.16021414
46.0,0.21428571428571427,0.2857142857142857,0.242894
46.0,0.2857142857142857,0.2857142857142857,0.32193315
46.0,0.3571428571428571,0.2857142857142857,0.39498043
46.0,0.42857142857142855,0.2857142857142857,0.45361894
46.0,0.5,0.2857142857142857,0.4773026
46.0,0.5714285714285714,0.2857142857142857,0.4537826
46.0,0.6428571428571428,0.2857142857142857,0.39696267
46.0,0.7142857142857142,0.2857142857142857,0.3243665
46.0,0.7857142857142857,0.2857142857142857,0.24397051
46.0,0.8571428571428571,0.2857142857142857,0.16052763
46.0,0.9285714285714285,0.2857142857142857,0.07652634
46.0,1.0,0.2857142857142857,-0.0076993564
46.0,0.0,0.3571428571428571,-0.007942573
46.0,0.07142857142857142,0.3571428571428571,0.09420423
46.0,0.14285714285714285,0.3571428571428571,0.19760352
46.0,0.21428571428571427,0.3571428571428571,0.2987503
46.0,0.2857142857142857,0.3571428571428571,0.39466015
46.0,0.3571428571428571,0.3571428571428571,0.48258457
46.0,0.42857142857142855,0.3571428571428571,0.5534513
46.0,0.5,0.3571428571428571,0.58322513
46.0,0.5714285714285714,0.3571428571428571,0.5552426
46.0,0.6428571428571428,0.3571428571428571,0.48498976
46.0,0.7142857142857142,0.3571428571428571,0.39417535
46.0,0.7857142857142857,0.3571428571428571,0.2948633
46.0,0.8571428571428571,0.3571428571428571,0.1938467
46.0,0.9285714285714285,0.3571428571428571,0.09348305
46.0,1.0,0.3571428571428571,-0.005482086
46.0,0.0,0.42857142857142855,-0.009776448
46.0,0.07142857142857142,0.42857142857142855,0.10829896
46.0,0.14285714285714285,0.42857142857142855,0.22771865
46.0,0.21428571428571427,0.42857142857142855,0.34357312
46.0,0.2857142857142857,0.42857142857142855,0.4523118
46.0,0.3571428571428571,0.42857142857142855,0.55128276
46.0,0.42857142857142855,0.42857142857142855,0.63127893
46.0,0.5,0.42857142857142855,0.665532
46.0,0.5714285714285714,0.42857142857142855,0.6337896
46.0,0.6428571428571428,0.42857142857142855,0.5535582
46.0,0.7142857142857142,0.42857142857142855,0.45014647
46.0,0.7857142857142857,0.42857142857142855,0.33785132
46.0,0.8571428571428571,0.42857142857142855,0.22383639
46.0,0.9285714285714285,0.42857142857142855,0.110598445
46.0,1.0,0.42857142857142855,0.00034277793
46.0,0.0,0.5,-0.009953358
46.0,0.07142857142857142,0.5,0.11432768
46.0,0.14285714285714285,0.5,0.24021253
46.0,0.21428571428571427,0.5,0.36195093
46.0,0.2857142857142857,0.5,0.47558996
46.0,0.3571428571428571,0.5,0.57829314
46.0,0.42857142857142855,0.5,0.6605823
46.0,0.5,0.5,0.69536555
46.0,0.5714285714285714,0.5,0.66264445
46.0,0.6428571428571428,0.5,0.5809361
46.0,0.7142857142857142,0.5,0.47519234
46.0,0.7857142857142857,0.5,0.3589172
46.0,0.8571428571428571,0.5,0.23922512
46.0,0.9285714285714285,0.5,0.11994801
46.0,1.0,0.5,0.0051678186
46.0,0.0,0.5714285714285714,-0.0057942206
46.0,0.07142857142857142,0.5714285714285714,0.11120732
46.0,0.14285714285714285,0.5714285714285714,0.22962728
46.0,0.21428571428571427,0.5714285714285714,0.34497708
46.0,0.2857142857142857,0.5714285714285714,0.4541049
46.0,0.3571428571428571,0.5714285714285714,0.55335844
46.0,0.42857142857142855,0.5714285714285714,0.63123745
46.0,0.5,0.5714285714285714,0.662073
46.0,0.5714285714285714,0.5714285714285714,0.6307047
46.0,0.6428571428571428,0.5714285714285714,0.5549239
46.0,0.7142857142857142,0.5714285714285714,0.45568475
46.0,0.7857142857142857,0.5714285714285714,0.34442884
46.0,0.8571428571428571,0.5714285714285714,0.22857624
46.0,0.9285714285714285,0.5714285714285714,0.11342292
46.0,1.0,0.5714285714285714,0.0037768995
46.0,0.0,0.6428571428571428,-0.002197341
46.0,0.07142857142857142,0.6428571428571428,0.098216966
46.0,0.14285714285714285,0.6428571428571428,0.1993908
46.0,0.21428571428571427,0.6428571428571428,0.29946727
46.0,0.2857142857142857,0.6428571428571428,0.3970174
46.0,0.3571428571428571,0.6428571428571428,0.48763406
46.0,0.42857142857142855,0.6428571428571428,0.55769
46.0,0.5,0.6428571428571428,0.58395696
46.0,0.5714285714285714,0.6428571428571428,0.5560347
46.0,0.6428571428571428,0.6428571428571428,0.48915297
46.0,0.7142857142857142,0.6428571428571428,0.40077606
46.0,0.7857142857142857,0.6428571428571428,0.3013377
46.0,0.8571428571428571,0.6428571428571428,0.19808534
46.0,0.9285714285714285,0.6428571428571428,0.09618008
46.0,1.0,0.6428571428571428,-0.00051031355
46.0,0.0,0.7142857142857142,-0.0010239864
46.0,0.07142857142857142,0.7142857142857142,0.079867505
46.0,0.14285714285714285,0.7142857142857142,0.1605092
46.0,0.21428571428571427,0.7142857142857142,0.24108723
46.0,0.2857142857142857,0.7142857142857142,0.32147008
46.0,0.3571428571428571,0.7142857142857142,0.39728558
46.0,0.42857142857142855,0.7142857142857142,0.4554425
46.0,0.5,0.7142857142857142,0.47705624
46.0,0.5714285714285714,0.7142857142857142,0.45446363
46.0,0.6428571428571428,0.7142857142857142,0.3988723
46.0,0.7142857142857142,0.7142857142857142,0.3252418
46.0,0.7857142857142857,0.7142857142857142,0.24352118
46.0,0.8571428571428571,0.7142857142857142,0.15960969
46.0,0.9285714285714285,0.7142857142857142,0.07679147
46.0,1.0,0.7142857142857142,-0.0028918544
46.0,0.0,0.7857142857142857,-0.0010045627
46.0,0.07142857142857142,0.7857142857142857,0.060882293
46.0,0.14285714285714285,0.7857142857142857,0.12127984
46.0,0.21428571428571427,0.7857142857142857,0.1814166
46.0,0.2857142857142857,0.7857142857142857,0.24181277
46.0,0.3571428571428571,0.7857142857142857,0.29883423
46.0,0.42857142857142855,0.7857142857142857,0.342063
46.0,0.5,0.7857142857142857,0.35794666
46.0,0.5714285714285714,0.7857142857142857,0.34087303
46.0,0.6428571428571428,0.7857142857142857,0.29820842
46.0,0.7142857142857142,0.7857142857142857,0.24199265
46.0,0.7857142857142857,0.7857142857142857,0.1808582
46.0,0.8571428571428571,0.7857142857142857,0.11875316
46.0,0.9285714285714285,0.7857142857142857,0.05672676
46.0,1.0,0.7857142857142857,-0.0049694376
46.0,0.0,0.8571428571428571,-0.0022497857
46.0,0.07142857142857142,0.8571428571428571,0.04171134
46.0,0.14285714285714285,0.8571428571428571,0.08269582
46.0,0.21428571428571427,0.8571428571428571,0.12237053
46.0,0.2857142857142857,0.8571428571428571,0.16169149
46.0,0.3571428571428571,0.8571428571428571,0.19836955
46.0,0.42857142857142855,0.8571428571428571,0.22569293
46.0,0.5,0.8571428571428571,0.23548566
46.0,0.5714285714285714,0.8571428571428571,0.22419779
46.0,0.6428571428571428,0.8571428571428571,0.195867
46.0,0.7142857142857142,0.8571428571428571,0.15848768
46.0,0.7857142857142857,0.8571428571428571,0.11824391
46.0,0.8571428571428571,0.8571428571428571,0.077276595
46.0,0.9285714285714285,0.8571428571428571,0.03504808
46.0,1.0,0.8571428571428571,-0.00944543
46.0,0.0,0.9285714285714285,-0.0070965
46.0,0.07142857142857142,0.9285714285714285,0.019447602
46.0,0.14285714285714285,0.9285714285714285,0.041453492
46.0,0.21428571428571427,0.9285714285714285,0.060908124
46.0,0.2857142857142857,0.9285714285714285,0.07939751
46.0,0.3571428571428571,0.9285714285714285,0.09650115
46.0,0.42857142857142855,0.9285714285714285,0.109360464
46.0,0.5,0.9285714285714285,0.11431784
46.0,0.5714285714285714,0.9285714285714285,0.10943661
46.0,0.6428571428571428,0.9285714285714285,0.09589275
46.0,0.7142857142857142,0.9285714285714285,0.07726098
46.0,0.7857142857142857,0.9285714285714285,0.056746148
46.0,0.8571428571428571,0.9285714285714285,0.035034563
46.0,0.9285714285714285,0.9285714285714285,0.010739799
46.0,1.0,0.9285714285714285,-0.017853167
46.0,0.0,1.0,-0.019250732
46.0,0.07142857142857142,1.0,-0.009984969
46.0,0.14285714285714285,1.0,-0.0063706036
46.0,0.21428571428571427,1.0,-0.005885778
46.0,0.2857142857142857,1.0,-0.005978546
46.0,0.3571428571428571,1.0,-0.0050828094
46.0,0.42857142857142855,1.0,-0.0029971758
46.0,0.5,1.0,-0.0004984895
46.0,0.5714285714285714,1.0,0.0012352793
46.0,0.6428571428571428,1.0,0.0012438474
46.0,0.7142857142857142,1.0,-0.00050060917
46.0,0.7857142857142857,1.0,-0.0035450207
46.0,0.8571428571428571,1.0,-0.008397189
46.0,0.9285714285714285,1.0,-0.01685505
46.0,1.0,1.0,-0.030975752
47.0,0.0,0.0,-0.0231704
47.0,0.07142857142857142,0.0,-0.012257369
47.0,0.14285714285714285,0.0,-0.007424279
47.0,0.21428571428571427,0.0,-0.0072100256
47.0,0.2857142857142857,0.0,-0.0078417715
47.0,0.3571428571428571,0.0,-0.0053964057
47.0,0.42857142857142855,0.0,-0.0009870157
47.0,0.5,0.0,-0.00014032796
47.0,0.5714285714285714,0.0,-0.0044272663
47.0,0.6428571428571428,0.0,-0.008801748
47.0,0.7142857142857142,0.0,-0.008611535
47.0,0.7857142857142857,0.0,-0.0054036835
47.0,0.8571428571428571,0.0,-0.0046009393
47.0,0.9285714285714285,0.0,-0.010387615
47.0,1.0,0.0,-0.02417536
47.0,0.0,0.07142857142857142,-0.013291059
47.0,0.07142857142857142,0.07142857142857142,0.014606026
47.0,0.14285714285714285,0.07142857142857142,0.03826899
47.0,0.21428571428571427,0.07142857142857142,0.058133155
47.0,0.2857142857142857,0.07142857142857142,0.07634596
47.0,0.3571428571428571,0.07142857142857142,0.09528957
47.0,0.42857142857142855,0.07142857142857142,0.11185238
47.0,0.5,0.07142857142857142,0.117127605
47.0,0.5714285714285714,0.07142857142857142,0.108109765
47.0,0.6428571428571428,0.07142857142857142,0.09239384
47.0,0.7142857142857142,0.07142857142857142,0.077554844
47.0,0.7857142857142857,0.07142857142857142,0.0630784
47.0,0.8571428571428571,0.07142857142857142,0.04457184
47.0,0.9285714285714285,0.07142857142857142,0.019647315
47.0,1.0,0.07142857142857142,-0.011884303
47.0,0.0,0.14285714285714285,-0.008428667
47.0,0.07142857142857142,0.14285714285714285,0.037204593
47.0,0.14285714285714285,0.14285714285714285,0.080738984
47.0,0.21428571428571427,0.14285714285714285,0.12170129
47.0,0.2857142857142857,0.14285714285714285,0.16055524
47.0,0.3571428571428571,0.14285714285714285,0.19781616
47.0,0.42857142857142855,0.14285714285714285,0.22821598
47.0,0.5,0.14285714285714285,0.23904082
47.0,0.5714285714285714,0.14285714285714285,0.22512043
47.0,0.6428571428571428,0.14285714285714285,0.1965045
47.0,0.7142857142857142,0.14285714285714285,0.16382113
47.0,0.7857142857142857,0.14285714285714285,0.12829994
47.0,0.8571428571428571,0.14285714285714285,0.08793926
47.0,0.9285714285714285,0.14285714285714285,0.042635925
47.0,1.0,0.14285714285714285,-0.0070952186
47.0,0.0,0.21428571428571427,-0.0067886347
47.0,0.07142857142857142,0.21428571428571427,0.057221785
47.0,0.14285714285714285,0.21428571428571427,0.1210259
47.0,0.21428571428571427,0.21428571428571427,0.1832681
47.0,0.2857142857142857,0.21428571428571427,0.24286705
47.0,0.3571428571428571,0.21428571428571427,0.2985554
47.0,0.42857142857142855,0.21428571428571427,0.34316584
47.0,0.5,0.21428571428571427,0.3601868
47.0,0.5714285714285714,0.21428571428571427,0.3415162
47.0,0.6428571428571428,0.21428571428571427,0.29916197
47.0,0.7142857142857142,0.21428571428571427,0.24682039
47.0,0.7857142857142857,0.21428571428571427,0.18856409
47.0,0.8571428571428571,0.21428571428571427,0.12585771
47.0,0.9285714285714285,0.21428571428571427,0.06049324
47.0,1.0,0.21428571428571427,-0.0069855014
47.0,0.0,0.2857142857142857,-0.006770405
47.0,0.07142857142857142,0.2857142857142857,0.07619088
47.0,0.14285714285714285,0.2857142857142857,0.16012156
47.0,0.21428571428571427,0.2857142857142857,0.2427012
47.0,0.2857142857142857,0.2857142857142857,0.32164747
47.0,0.3571428571428571,0.2857142857142857,0.39445746
47.0,0.42857142857142855,0.2857142857142857,0.45262092
47.0,0.5,0.2857142857142857,0.47602487
47.0,0.5714285714285714,0.2857142857142857,0.45284322
47.0,0.6428571428571428,0.2857142857142857,0.39652336
47.0,0.7142857142857142,0.2857142857142857,0.32416794
47.0,0.7857142857142857,0.2857142857142857,0.24380958
47.0,0.8571428571428571,0.2857142857142857,0.16035959
47.0,0.9285714285714285,0.2857142857142857,0.076431476
47.0,1.0,0.2857142857142857,-0.0076152245
47.0,0.0,0.3571428571428571,-0.007594765
47.0,0.07142857142857142,0.3571428571428571,0.094251245
47.0,0.14285714285714285,0.3571428571428571,0.19740507
47.0,0.21428571428571427,0.3571428571428571,0.29838875
47.0,0.2857142857142857,0.3571428571428571,0.3941605
47.0,0.3571428571428571,0.3571428571428571,0.48178294
47.0,0.42857142857142855,0.3571428571428571,0.5520472
47.0,0.5,0.3571428571428571,0.58142245
47.0,0.5714285714285714,0.3571428571428571,0.55384237
47.0,0.6428571428571428,0.3571428571428571,0.48424593
47.0,0.7142857142857142,0.3571428571428571,0.39377555
47.0,0.7857142857142857,0.3571428571428571,0.29452965
47.0,0.8571428571428571,0.3571428571428571,0.19353306
47.0,0.9285714285714285,0.3571428571428571,0.093329355
47.0,1.0,0.3571428571428571,-0.005331979
47.0,0.0,0.42857142857142855,-0.009461251
47.0,0.07142857142857142,0.42857142857142855,0.10821848
47.0,0.14285714285714285,0.42857142857142855,0.2272861
47.0,0.21428571428571427,0.42857142857142855,0.3428787
47.0,0.2857142857142857,0.42857142857142855,0.451385
47.0,0.3571428571428571,0.42857142857142855,0.5499324
47.0,0.42857142857142855,0.42857142857142855,0.62914556
47.0,0.5,0.42857142857142855,0.66286045
47.0,0.5714285714285714,0.42857142857142855,0.6316188
47.0,0.6428571428571428,0.42857142857142855,0.55226135
47.0,0.7142857142857142,0.42857142857142855,0.44935557
47.0,0.7857142857142857,0.42857142857142855,0.33720994
47.0,0.8571428571428571,0.42857142857142855,0.22329748
47.0,0.9285714285714285,0.42857142857142855,0.11034437
47.0,1.0,0.42857142857142855,0.00053377356
47.0,0.0,0.5,-0.009665997
47.0,0.07142857142857142,0.5,0.1141899
47.0,0.14285714285714285,0.5,0.2396689
47.0,0.21428571428571427,0.5,0.36107892
47.0,0.2857142857142857,0.5,0.47440517
47.0,0.3571428571428571,0.5,0.57657814
47.0,0.42857142857142855,0.5,0.65795857
47.0,0.5,0.5,0.6921469
47.0,0.5714285714285714,0.5,0.6600242
47.0,0.6428571428571428,0.5,0.5793203
47.0,0.7142857142857142,0.5,0.47416207
47.0,0.7857142857142857,0.5,0.35808143
47.0,0.8571428571428571,0.5,0.23854396
47.0,0.9285714285714285,0.5,0.11962945
47.0,1.0,0.5,0.0053827306
47.0,0.0,0.5714285714285714,-0.0054845223
47.0,0.07142857142857142,0.5714285714285714,0.111159824
47.0,0.14285714285714285,0.5714285714285714,0.22925913
47.0,0.21428571428571427,0.5714285714285714,0.3443665
47.0,0.2857142857142857,0.5714285714285714,0.45324326
47.0,0.3571428571428571,0.5714285714285714,0.5519917
47.0,0.42857142857142855,0.5714285714285714,0.62900275
47.0,0.5,0.5714285714285714,0.6593314
47.0,0.5714285714285714,0.5714285714285714,0.6285623
47.0,0.6428571428571428,0.5714285714285714,0.5536748
47.0,0.7142857142857142,0.5714285714285714,0.4549076
47.0,0.7857142857142857,0.5714285714285714,0.34377807
47.0,0.8571428571428571,0.5714285714285714,0.2280347
47.0,0.9285714285714285,0.5714285714285714,0.113202445
47.0,1.0,0.5714285714285714,0.004059664
47.0,0.0,0.6428571428571428,-0.0019206116
47.0,0.07142857142857142,0.6428571428571428,0.09822851
47.0,0.14285714285714285,0.6428571428571428,0.19921753
47.0,0.21428571428571427,0.6428571428571428,0.29920113
47.0,0.2857142857142857,0.6428571428571428,0.3966222
47.0,0.3571428571428571,0.6428571428571428,0.48681894
47.0,0.42857142857142855,0.6428571428571428,0.5561232
47.0,0.5,0.6428571428571428,0.5819869
47.0,0.5714285714285714,0.6428571428571428,0.5545536
47.0,0.6428571428571428,0.6428571428571428,0.48835868
47.0,0.7142857142857142,0.6428571428571428,0.40031657
47.0,0.7857142857142857,0.6428571428571428,0.3009482
47.0,0.8571428571428571,0.6428571428571428,0.19776592
47.0,0.9285714285714285,0.6428571428571428,0.096109085
47.0,1.0,0.6428571428571428,-0.00016570184
47.0,0.0,0.7142857142857142,-0.00085613225
47.0,0.07142857142857142,0.7142857142857142,0.07984223
47.0,0.14285714285714285,0.7142857142857142,0.16040038
47.0,0.21428571428571427,0.7142857142857142,0.24099079
47.0,0.2857142857142857,0.7142857142857142,0.32133296
47.0,0.3571428571428571,0.7142857142857142,0.39682198
47.0,0.42857142857142855,0.7142857142857142,0.4543698
47.0,0.5,0.7142857142857142,0.47564143
47.0,0.5714285714285714,0.7142857142857142,0.45336884
47.0,0.6428571428571428,0.7142857142857142,0.39828017
47.0,0.7142857142857142,0.7142857142857142,0.3249115
47.0,0.7857142857142857,0.7142857142857142,0.24325949
47.0,0.8571428571428571,0.7142857142857142,0.15941285
47.0,0.9285714285714285,0.7142857142857142,0.076790124
47.0,1.0,0.7142857142857142,-0.002560758
47.0,0.0,0.7857142857142857,-0.00097226445
47.0,0.07142857142857142,0.7857142857142857,0.06077919
47.0,0.14285714285714285,0.7857142857142857,0.12116218
47.0,0.21428571428571427,0.7857142857142857,0.18137082
47.0,0.2857142857142857,0.7857142857142857,0.24177736
47.0,0.3571428571428571,0.7857142857142857,0.29855782
47.0,0.42857142857142855,0.7857142857142857,0.34131908
47.0,0.5,0.7857142857142857,0.35691085
47.0,0.5714285714285714,0.7857142857142857,0.3400134
47.0,0.6428571428571428,0.7857142857142857,0.29771337
47.0,0.7142857142857142,0.7857142857142857,0.24172562
47.0,0.7857142857142857,0.7857142857142857,0.18066889
47.0,0.8571428571428571,0.7857142857142857,0.11861972
47.0,0.9285714285714285,0.7857142857142857,0.056735083
47.0,1.0,0.7857142857142857,-0.0047062607
47.0,0.0,0.8571428571428571,-0.0023444975
47.0,0.07142857142857142,0.8571428571428571,0.04153676
47.0,0.14285714285714285,0.8571428571428571,0.08256424
47.0,0.21428571428571427,0.8571428571428571,0.12235684
47.0,0.2857142857142857,0.8571428571428571,0.1617334
47.0,0.3571428571428571,0.8571428571428571,0.19826457
47.0,0.42857142857142855,0.8571428571428571,0.22526985
47.0,0.5,0.8571428571428571,0.23484373
47.0,0.5714285714285714,0.8571428571428571,0.2236435
47.0,0.6428571428571428,0.8571428571428571,0.19556354
47.0,0.7142857142857142,0.8571428571428571,0.15836267
47.0,0.7857142857142857,0.8571428571428571,0.11817416
47.0,0.8571428571428571,0.8571428571428571,0.07722222
47.0,0.9285714285714285,0.8571428571428571,0.03506421
47.0,1.0,0.8571428571428571,-0.009260082
47.0,0.0,0.9285714285714285,-0.0072865644
47.0,0.07142857142857142,0.9285714285714285,0.019242488
47.0,0.14285714285714285,0.9285714285714285,0.04135277
47.0,0.21428571428571427,0.9285714285714285,0.060972996
47.0,0.2857142857142857,0.9285714285714285,0.07957167
47.0,0.3571428571428571,0.9285714285714285,0.09663071
47.0,0.42857142857142855,0.9285714285714285,0.10931745
47.0,0.5,0.9285714285714285,0.11414271
47.0,0.5714285714285714,0.9285714285714285,0.10930462
47.0,0.6428571428571428,0.9285714285714285,0.09591264
47.0,0.7142857142857142,0.9285714285714285,0.0773852
47.0,0.7857142857142857,0.9285714285714285,0.056870908
47.0,0.8571428571428571,0.9285714285714285,0.035109475
47.0,0.9285714285714285,0.9285714285714285,0.010800417
47.0,1.0,0.9285714285714285,-0.017715767
47.0,0.0,1.0,-0.019472204
47.0,0.07142857142857142,1.0,-0.0101429885
47.0,0.14285714285714285,1.0,-0.006356506
47.0,0.21428571428571427,1.0,-0.0056569353
47.0,0.2857142857142857,1.0,-0.0055891713
47.0,0.3571428571428571,1.0,-0.0046530785
47.0,0.42857142857142855,1.0,-0.0026263641
47.0,0.5,1.0,-0.00018587802
47.0,0.5714285714285714,1.0,0.0015706895
47.0,0.6428571428571428,1.0,0.0016523963
47.0,0.7142857142857142,1.0,-6.481353e-05
47.0,0.7857142857142857,1.0,-0.003173218
47.0,0.8571428571428571,1.0,-0.00814413
47.0,0.9285714285714285,1.0,-0.01669975
47.0,1.0,1.0,-0.030836299
48.0,0.0,0.0,-0.023339726
48.0,0.07142857142857142,0.0,-0.012450777
48.0,0.14285714285714285,0.0,-0.0075680446
48.0,0.21428571428571427,0.0,-0.0072174757
48.0,0.2857142857142857,0.0,-0.0076702703
48.0,0.3571428571428571,0.0,-0.005116453
48.0,0.42857142857142855,0.0,-0.00071636774
48.0,0.5,0.0,0.000104756095
48.0,0.5714285714285714,0.0,-0.0041740304
48.0,0.6428571428571428,0.0,-0.008587823
48.0,0.7142857142857142,0.0,-0.008505934
48.0,0.7857142857142857,0.0,-0.005385534
48.0,0.8571428571428571,0.0,-0.004594789
48.0,0.9285714285714285,0.0,-0.010344819
48.0,1.0,0.0,-0.024091251
48.0,0.0,0.07142857142857142,-0.013398914
48.0,0.07142857142857142,0.07142857142857142,0.014438621
48.0,0.14285714285714285,0.07142857142857142,0.038102698
48.0,0.21428571428571427,0.07142857142857142,0.058033206
48.0,0.2857142857142857,0.07142857142857142,0.07633771
48.0,0.3571428571428571,0.07142857142857142,0.09528355
48.0,0.42857142857142855,0.07142857142857142,0.111721836
48.0,0.5,0.07142857142857142,0.116930954
48.0,0.5714285714285714,0.07142857142857142,0.1080043
48.0,0.6428571428571428,0.07142857142857142,0.09237512
48.0,0.7142857142857142,0.07142857142857142,0.0775208
48.0,0.7857142857142857,0.07142857142857142,0.06301006
48.0,0.8571428571428571,0.07142857142857142,0.044511653
48.0,0.9285714285714285,0.07142857142857142,0.019624569
48.0,1.0,0.07142857142857142,-0.011864164
48.0,0.0,0.14285714285714285,-0.008432145
48.0,0.07142857142857142,0.14285714285714285,0.03710372
48.0,0.14285714285714285,0.14285714285714285,0.08059049
48.0,0.21428571428571427,0.14285714285714285,0.1215549
48.0,0.2857142857142857,0.14285714285714285,0.16041721
48.0,0.3571428571428571,0.14285714285714285,0.19757558
48.0,0.42857142857142855,0.14285714285714285,0.22772616
48.0,0.5,0.14285714285714285,0.23843023
48.0,0.5714285714285714,0.14285714285714285,0.22469181
48.0,0.6428571428571428,0.14285714285714285,0.19630466
48.0,0.7142857142857142,0.14285714285714285,0.1637036
48.0,0.7857142857142857,0.14285714285714285,0.12819242
48.0,0.8571428571428571,0.14285714285714285,0.08784485
48.0,0.9285714285714285,0.14285714285714285,0.04257375
48.0,1.0,0.14285714285714285,-0.0071019093
48.0,0.0,0.21428571428571427,-0.006655626
48.0,0.07142857142857142,0.21428571428571427,0.057209015
48.0,0.14285714285714285,0.21428571428571427,0.120915316
48.0,0.21428571428571427,0.21428571428571427,0.1831052
48.0,0.2857142857142857,0.21428571428571427,0.2426492
48.0,0.3571428571428571,0.21428571428571427,0.2981545
48.0,0.42857142857142855,0.21428571428571427,0.34240228
48.0,0.5,0.21428571428571427,0.35923615
48.0,0.5714285714285714,0.21428571428571427,0.34082922
48.0,0.6428571428571428,0.21428571428571427,0.29883948
48.0,0.7142857142857142,0.21428571428571427,0.24666417
48.0,0.7857142857142857,0.21428571428571427,0.18844026
48.0,0.8571428571428571,0.21428571428571427,0.12573469
48.0,0.9285714285714285,0.21428571428571427,0.060404815
48.0,1.0,0.21428571428571427,-0.0069771195
48.0,0.0,0.2857142857142857,-0.0065051457
48.0,0.07142857142857142,0.2857142857142857,0.07624621
48.0,0.14285714285714285,0.2857142857142857,0.16001865
48.0,0.21428571428571427,0.2857142857142857,0.24249798
48.0,0.2857142857142857,0.2857142857142857,0.32134876
48.0,0.3571428571428571,0.2857142857142857,0.39391917
48.0,0.42857142857142855,0.2857142857142857,0.45161518
48.0,0.5,0.2857142857142857,0.47474754
48.0,0.5714285714285714,0.2857142857142857,0.45189402
48.0,0.6428571428571428,0.2857142857142857,0.39606574
48.0,0.7142857142857142,0.2857142857142857,0.32395267
48.0,0.7857142857142857,0.2857142857142857,0.2436342
48.0,0.8571428571428571,0.2857142857142857,0.16017412
48.0,0.9285714285714285,0.2857142857142857,0.07631386
48.0,1.0,0.2857142857142857,-0.0075549344
48.0,0.0,0.3571428571428571,-0.007263475
48.0,0.07142857142857142,0.3571428571428571,0.09428525
48.0,0.14285714285714285,0.3571428571428571,0.19719934
48.0,0.21428571428571427,0.3571428571428571,0.2980234
48.0,0.2857142857142857,0.3571428571428571,0.39365447
48.0,0.3571428571428571,0.3571428571428571,0.4809723
48.0,0.42857142857142855,0.3571428571428571,0.55064225
48.0,0.5,0.3571428571428571,0.57962966
48.0,0.5714285714285714,0.3571428571428571,0.5524404
48.0,0.6428571428571428,0.3571428571428571,0.4834895
48.0,0.7142857142857142,0.3571428571428571,0.39336753
48.0,0.7857142857142857,0.3571428571428571,0.29419187
48.0,0.8571428571428571,0.3571428571428571,0.19321012
48.0,0.9285714285714285,0.3571428571428571,0.09315665
48.0,1.0,0.3571428571428571,-0.0052039335
48.0,0.0,0.42857142857142855,-0.009160467
48.0,0.07142857142857142,0.42857142857142855,0.10812921
48.0,0.14285714285714285,0.42857142857142855,0.22685263
48.0,0.21428571428571427,0.42857142857142855,0.34219104
48.0,0.2857142857142857,0.42857142857142855,0.45046532
48.0,0.3571428571428571,0.42857142857142855,0.5485874
48.0,0.42857142857142855,0.42857142857142855,0.62703115
48.0,0.5,0.42857142857142855,0.66022533
48.0,0.5714285714285714,0.42857142857142855,0.62947124
48.0,0.6428571428571428,0.42857142857142855,0.5509726
48.0,0.7142857142857142,0.42857142857142855,0.44857427
48.0,0.7857142857142857,0.42857142857142855,0.33658013
48.0,0.8571428571428571,0.42857142857142855,0.22275934
48.0,0.9285714285714285,0.42857142857142855,0.110077284
48.0,1.0,0.42857142857142855,0.0007060459
48.0,0.0,0.5,-0.009394192
48.0,0.07142857142857142,0.5,0.11404202
48.0,0.14285714285714285,0.5,0.23912525
48.0,0.21428571428571427,0.5,0.36021677
48.0,0.2857142857142857,0.5,0.47323373
48.0,0.3571428571428571,0.5,0.57487935
48.0,0.42857142857142855,0.5,0.65537006
48.0,0.5,0.5,0.6889864
48.0,0.5714285714285714,0.5,0.6574468
48.0,0.6428571428571428,0.5,0.57772493
48.0,0.7142857142857142,0.5,0.4731494
48.0,0.7857142857142857,0.5,0.35726297
48.0,0.8571428571428571,0.5,0.23786846
48.0,0.9285714285714285,0.5,0.1193024
48.0,1.0,0.5,0.005581989
48.0,0.0,0.5714285714285714,-0.0051988894
48.0,0.07142857142857142,0.5714285714285714,0.11109263
48.0,0.14285714285714285,0.5714285714285714,0.22887981
48.0,0.21428571428571427,0.5714285714285714,0.34375238
48.0,0.2857142857142857,0.5714285714285714,0.45237955
48.0,0.3571428571428571,0.5714285714285714,0.5506235
48.0,0.42857142857142855,0.5714285714285714,0.62678266
48.0,0.5,0.5714285714285714,0.6566258
48.0,0.5714285714285714,0.5714285714285714,0.62644106
48.0,0.6428571428571428,0.5714285714285714,0.5524261
48.0,0.7142857142857142,0.5714285714285714,0.45412964
48.0,0.7857142857142857,0.5714285714285714,0.34313065
48.0,0.8571428571428571,0.5714285714285714,0.22749272
48.0,0.9285714285714285,0.5714285714285714,0.11297324
48.0,1.0,0.5714285714285714,0.0043290025
48.0,0.0,0.6428571428571428,-0.0016725073
48.0,0.07142857142857142,0.6428571428571428,0.09821635
48.0,0.14285714285714285,0.6428571428571428,0.19902843
48.0,0.21428571428571427,0.6428571428571428,0.29892495
48.0,0.2857142857142857,0.6428571428571428,0.39621428
48.0,0.3571428571428571,0.6428571428571428,0.48598832
48.0,0.42857142857142855,0.6428571428571428,0.5545532
48.0,0.5,0.6428571428571428,0.58002996
48.0,0.5714285714285714,0.6428571428571428,0.5530729
48.0,0.6428571428571428,0.6428571428571428,0.48754898
48.0,0.7142857142857142,0.6428571428571428,0.39984187
48.0,0.7857142857142857,0.6428571428571428,0.3005514
48.0,0.8571428571428571,0.6428571428571428,0.19744185
48.0,0.9285714285714285,0.6428571428571428,0.09603082
48.0,1.0,0.6428571428571428,0.0001691347
48.0,0.0,0.7142857142857142,-0.0007152045
48.0,0.07142857142857142,0.7142857142857142,0.079796955
48.0,0.14285714285714285,0.7142857142857142,0.16027972
48.0,0.21428571428571427,0.7142857142857142,0.24088675
48.0,0.2857142857142857,0.7142857142857142,0.32118398
48.0,0.3571428571428571,0.7142857142857142,0.3963422
48.0,0.42857142857142855,0.7142857142857142,0.45328882
48.0,0.5,0.7142857142857142,0.47423038
48.0,0.5714285714285714,0.7142857142857142,0.45227072
48.0,0.6428571428571428,0.7142857142857142,0.39767274
48.0,0.7142857142857142,0.7142857142857142,0.32456768
48.0,0.7857142857142857,0.7142857142857142,0.24299094
48.0,0.8571428571428571,0.7142857142857142,0.15921383
48.0,0.9285714285714285,0.7142857142857142,0.07678548
48.0,1.0,0.7142857142857142,-0.0022347355
48.0,0.0,0.7857142857142857,-0.00096332375
48.0,0.07142857142857142,0.7857142857142857,0.06066043
48.0,0.14285714285714285,0.7857142857142857,0.12103673
48.0,0.21428571428571427,0.7857142857142857,0.18132015
48.0,0.2857142857142857,0.7857142857142857,0.241732
48.0,0.3571428571428571,0.7857142857142857,0.2982662
48.0,0.42857142857142855,0.7857142857142857,0.34056506
48.0,0.5,0.7857142857142857,0.35587284
48.0,0.5714285714285714,0.7857142857142857,0.33914843
48.0,0.6428571428571428,0.7857142857142857,0.2972065
48.0,0.7142857142857142,0.7857142857142857,0.24144903
48.0,0.7857142857142857,0.7857142857142857,0.18047693
48.0,0.8571428571428571,0.7857142857142857,0.11848722
48.0,0.9285714285714285,0.7857142857142857,0.056744687
48.0,1.0,0.7857142857142857,-0.004443963
48.0,0.0,0.8571428571428571,-0.002459162
48.0,0.07142857142857142,0.8571428571428571,0.04135064
48.0,0.14285714285714285,0.8571428571428571,0.08242745
48.0,0.21428571428571427,0.8571428571428571,0.122337885
48.0,0.2857142857142857,0.8571428571428571,0.16176492
48.0,0.3571428571428571,0.8571428571428571,0.19814448
48.0,0.42857142857142855,0.8571428571428571,0.22483422
48.0,0.5,0.8571428571428571,0.23419431
48.0,0.5714285714285714,0.8571428571428571,0.22308055
48.0,0.6428571428571428,0.8571428571428571,0.19524913
48.0,0.7142857142857142,0.8571428571428571,0.15822959
48.0,0.7857142857142857,0.8571428571428571,0.11810302
48.0,0.8571428571428571,0.8571428571428571,0.0771705
48.0,0.9285714285714285,0.8571428571428571,0.035083838
48.0,1.0,0.8571428571428571,-0.009072867
48.0,0.0,0.9285714285714285,-0.007492901
48.0,0.07142857142857142,0.9285714285714285,0.019027993
48.0,0.14285714285714285,0.9285714285714285,0.041247316
48.0,0.21428571428571427,0.9285714285714285,0.061032258
48.0,0.2857142857142857,0.9285714285714285,0.079736136
48.0,0.3571428571428571,0.9285714285714285,0.09674499
48.0,0.42857142857142855,0.9285714285714285,0.10925979
48.0,0.5,0.9285714285714285,0.113956176
48.0,0.5714285714285714,0.9285714285714285,0.1091609
48.0,0.6428571428571428,0.9285714285714285,0.09592014
48.0,0.7142857142857142,0.9285714285714285,0.07750043
48.0,0.7857142857142857,0.9285714285714285,0.056992806
48.0,0.8571428571428571,0.9285714285714285,0.03518701
48.0,0.9285714285714285,0.9285714285714285,0.010865993
48.0,1.0,0.9285714285714285,-0.017575052
48.0,0.0,1.0,-0.01970806
48.0,0.07142857142857142,1.0,-0.010308984
48.0,0.14285714285714285,1.0,-0.006347622
48.0,0.21428571428571427,1.0,-0.0054346574
48.0,0.2857142857142857,1.0,-0.0052099125
48.0,0.3571428571428571,1.0,-0.0042368183
48.0,0.42857142857142855,1.0,-0.0022694217
48.0,0.5,1.0,0.00011322554
48.0,0.5714285714285714,1.0,0.0018929346
48.0,0.6428571428571428,1.0,0.0020478396
48.0,0.7142857142857142,1.0,0.0003612144
48.0,0.7857142857142857,1.0,-0.002806143
48.0,0.8571428571428571,1.0,-0.007890363
48.0,0.9285714285714285,1.0,-0.016540553
48.0,1.0,1.0,-0.030693479
49.0,0.0,0.0,-0.023525003
49.0,0.07142857142857142,0.0,-0.012659676
49.0,0.14285714285714285,0.0,-0.007725454
49.0,0.21428571428571427,0.0,-0.0072382893
49.0,0.2857142857142857,0.0,-0.0075137364
49.0,0.3571428571428571,0.0,-0.004853062
49.0,0.42857142857142855,0.0,-0.00046217255
49.0,0.5,0.0,0.00033433735
49.0,0.5714285714285714,0.0,-0.0039366977
49.0,0.6428571428571428,0.0,-0.008388829
49.0,0.7142857142857142,0.0,-0.008415648
49.0,0.7857142857142857,0.0,-0.0053856196
49.0,0.8571428571428571,0.0,-0.004610383
49.0,0.9285714285714285,0.0,-0.010326193
49.0,1.0,0.0,-0.024030857
49.0,0.0,0.07142857142857142,-0.013521621
49.0,0.07142857142857142,0.07142857142857142,0.01425692
49.0,0.14285714285714285,0.07142857142857142,0.037922204
49.0,0.21428571428571427,0.07142857142857142,0.057919316
49.0,0.2857142857142857,0.07142857142857142,0.076312125
49.0,0.3571428571428571,0.07142857142857142,0.09525866
49.0,0.42857142857142855,0.07142857142857142,0.11157498
49.0,0.5,0.07142857142857142,0.11671967
49.0,0.5714285714285714,0.07142857142857142,0.1078832
49.0,0.6428571428571428,0.07142857142857142,0.092340924
49.0,0.7142857142857142,0.07142857142857142,0.07747052
49.0,0.7857142857142857,0.07142857142857142,0.06292227
49.0,0.8571428571428571,0.07142857142857142,0.04442905
49.0,0.9285714285714285,0.07142857142857142,0.019576617
49.0,1.0,0.07142857142857142,-0.011868962
49.0,0.0,0.14285714285714285,-0.008449508
49.0,0.07142857142857142,0.14285714285714285,0.036988914
49.0,0.14285714285714285,0.14285714285714285,0.08042807
49.0,0.21428571428571427,0.14285714285714285,0.12139366
49.0,0.2857142857142857,0.14285714285714285,0.16026102
49.0,0.3571428571428571,0.14285714285714285,0.19731548
49.0,0.42857142857142855,0.14285714285714285,0.22722265
49.0,0.5,0.14285714285714285,0.23780972
49.0,0.5714285714285714,0.14285714285714285,0.2242492
49.0,0.6428571428571428,0.14285714285714285,0.1960878
49.0,0.7142857142857142,0.14285714285714285,0.16356865
49.0,0.7857142857142857,0.14285714285714285,0.12806474
49.0,0.8571428571428571,0.14285714285714285,0.08772702
49.0,0.9285714285714285,0.14285714285714285,0.04248628
49.0,1.0,0.14285714285714285,-0.007133142
49.0,0.0,0.21428571428571427,-0.00653763
49.0,0.07142857142857142,0.21428571428571427,0.057182804
49.0,0.14285714285714285,0.21428571428571427,0.12079156
49.0,0.21428571428571427,0.21428571428571427,0.18292825
49.0,0.2857142857142857,0.21428571428571427,0.24241486
49.0,0.3571428571428571,0.21428571428571427,0.29773533
49.0,0.42857142857142855,0.21428571428571427,0.34162718
49.0,0.5,0.21428571428571427,0.35827976
49.0,0.5714285714285714,0.21428571428571427,0.34013024
49.0,0.6428571428571428,0.21428571428571427,0.29849854
49.0,0.7142857142857142,0.21428571428571427,0.24648976
49.0,0.7857142857142857,0.21428571428571427,0.1882975
49.0,0.8571428571428571,0.21428571428571427,0.12558997
49.0,0.9285714285714285,0.21428571428571427,0.06029205
49.0,1.0,0.21428571428571427,-0.0069945315
49.0,0.0,0.2857142857142857,-0.0062559014
49.0,0.07142857142857142,0.2857142857142857,0.076287344
49.0,0.14285714285714285,0.2857142857142857,0.1599044
49.0,0.21428571428571427,0.2857142857142857,0.24228391
49.0,0.2857142857142857,0.2857142857142857,0.32103592
49.0,0.3571428571428571,0.2857142857142857,0.3933648
49.0,0.42857142857142855,0.2857142857142857,0.4506009
49.0,0.5,0.2857142857142857,0.47346905
49.0,0.5714285714285714,0.2857142857142857,0.45093486
49.0,0.6428571428571428,0.2857142857142857,0.39558914
49.0,0.7142857142857142,0.2857142857142857,0.32372072
49.0,0.7857142857142857,0.2857142857142857,0.24344468
49.0,0.8571428571428571,0.2857142857142857,0.1599713
49.0,0.9285714285714285,0.2857142857142857,0.07617326
49.0,1.0,0.2857142857142857,-0.0075190524
49.0,0.0,0.3571428571428571,-0.0069490233
49.0,0.07142857142857142,0.3571428571428571,0.0943063
49.0,0.14285714285714285,0.3571428571428571,0.1969862
49.0,0.21428571428571427,0.3571428571428571,0.29765353
49.0,0.2857142857142857,0.3571428571428571,0.39314103
49.0,0.3571428571428571,0.3571428571428571,0.48015118
49.0,0.42857142857142855,0.3571428571428571,0.54923636
49.0,0.5,0.3571428571428571,0.5778462
49.0,0.5714285714285714,0.3571428571428571,0.5510368
49.0,0.6428571428571428,0.3571428571428571,0.48272142
49.0,0.7142857142857142,0.3571428571428571,0.3929517
49.0,0.7857142857142857,0.3571428571428571,0.29385087
49.0,0.8571428571428571,0.3571428571428571,0.19287851
49.0,0.9285714285714285,0.3571428571428571,0.092965834
49.0,1.0,0.3571428571428571,-0.0050979564
49.0,0.0,0.42857142857142855,-0.0088745775
49.0,0.07142857142857142,0.42857142857142855,0.10802983
49.0,0.14285714285714285,0.42857142857142855,0.22641829
49.0,0.21428571428571427,0.42857142857142855,0.34150872
49.0,0.2857142857142857,0.42857142857142855,0.44955087
49.0,0.3571428571428571,0.42857142857142855,0.54724723
49.0,0.42857142857142855,0.42857142857142855,0.62493473
49.0,0.5,0.42857142857142855,0.6576248
49.0,0.5714285714285714,0.42857142857142855,0.6273462
49.0,0.6428571428571428,0.42857142857142855,0.54969084
49.0,0.7142857142857142,0.42857142857142855,0.44780186
49.0,0.7857142857142857,0.42857142857142855,0.3359615
49.0,0.8571428571428571,0.42857142857142855,0.22222298
49.0,0.9285714285714285,0.42857142857142855,0.10979737
49.0,1.0,0.42857142857142855,0.0008593863
49.0,0.0,0.5,-0.009139226
49.0,0.07142857142857142,0.5,0.11388301
49.0,0.14285714285714285,0.5,0.23858151
49.0,0.21428571428571427,0.5,0.35936296
49.0,0.2857142857142857,0.5,0.47207376
49.0,0.3571428571428571,0.5,0.57319415
49.0,0.42857142857142855,0.5,0.65281373
49.0,0.5,0.5,0.685881
49.0,0.5714285714285714,0.5,0.6549102
49.0,0.6428571428571428,0.5,0.576149
49.0,0.7142857142857142,0.5,0.47215274
49.0,0.7857142857142857,0.5,0.35646036
49.0,0.8571428571428571,0.5,0.2371997
49.0,0.9285714285714285,0.5,0.118966736
49.0,1.0,0.5,0.0057657575
49.0,0.0,0.5714285714285714,-0.0049390355
49.0,0.07142857142857142,0.5714285714285714,0.11100465
49.0,0.14285714285714285,0.5714285714285714,0.22848895
49.0,0.21428571428571427,0.5714285714285714,0.34313408
49.0,0.2857142857142857,0.5714285714285714,0.45151284
49.0,0.3571428571428571,0.5714285714285714,0.54925233
49.0,0.42857142857142855,0.5714285714285714,0.6245772
49.0,0.5,0.5714285714285714,0.65395546
49.0,0.5714285714285714,0.5714285714285714,0.62434065
49.0,0.6428571428571428,0.5714285714285714,0.55117816
49.0,0.7142857142857142,0.5714285714285714,0.45335037
49.0,0.7857142857142857,0.5714285714285714,0.3424864
49.0,0.8571428571428571,0.5714285714285714,0.2269519
49.0,0.9285714285714285,0.5714285714285714,0.11273611
49.0,1.0,0.5714285714285714,0.004585362
49.0,0.0,0.6428571428571428,-0.0014544064
49.0,0.07142857142857142,0.6428571428571428,0.09818063
49.0,0.14285714285714285,0.6428571428571428,0.19882397
49.0,0.21428571428571427,0.6428571428571428,0.29863837
49.0,0.2857142857142857,0.6428571428571428,0.39579368
49.0,0.3571428571428571,0.6428571428571428,0.48514134
49.0,0.42857142857142855,0.6428571428571428,0.55297995
49.0,0.5,0.6428571428571428,0.57808536
49.0,0.5714285714285714,0.6428571428571428,0.5515927
49.0,0.6428571428571428,0.6428571428571428,0.4867239
49.0,0.7142857142857142,0.6428571428571428,0.3993528
49.0,0.7857142857142857,0.6428571428571428,0.3001476
49.0,0.8571428571428571,0.6428571428571428,0.19711374
49.0,0.9285714285714285,0.6428571428571428,0.09594518
49.0,1.0,0.6428571428571428,0.00049391296
49.0,0.0,0.7142857142857142,-0.00060185883
49.0,0.07142857142857142,0.7142857142857142,0.0797316
49.0,0.14285714285714285,0.7142857142857142,0.16014765
49.0,0.21428571428571427,0.7142857142857142,0.2407744
49.0,0.2857142857142857,0.7142857142857142,0.3210228
49.0,0.3571428571428571,0.7142857142857142,0.39584637
49.0,0.42857142857142855,0.7142857142857142,0.45220056
49.0,0.5,0.7142857142857142,0.4728235
49.0,0.5714285714285714,0.7142857142857142,0.45116845
49.0,0.6428571428571428,0.7142857142857142,0.39705127
49.0,0.7142857142857142,0.7142857142857142,0.32421058
49.0,0.7857142857142857,0.7142857142857142,0.24271652
49.0,0.8571428571428571,0.7142857142857142,0.15901244
49.0,0.9285714285714285,0.7142857142857142,0.076777585
49.0,1.0,0.7142857142857142,-0.0019139433
49.0,0.0,0.7857142857142857,-0.0009778598
49.0,0.07142857142857142,0.7857142857142857,0.06052664
49.0,0.14285714285714285,0.7857142857142857,0.12090377
49.0,0.21428571428571427,0.7857142857142857,0.18126361
49.0,0.2857142857142857,0.7857142857142857,0.24167609
49.0,0.3571428571428571,0.7857142857142857,0.29795963
49.0,0.42857142857142855,0.7857142857142857,0.33980092
49.0,0.5,0.7857142857142857,0.35483295
49.0,0.5714285714285714,0.7857142857142857,0.3382781
49.0,0.6428571428571428,0.7857142857142857,0.29668844
49.0,0.7142857142857142,0.7857142857142857,0.24116307
49.0,0.7857142857142857,0.7857142857142857,0.18028241
49.0,0.8571428571428571,0.7857142857142857,0.11835689
49.0,0.9285714285714285,0.7857142857142857,0.05675573
49.0,1.0,0.7857142857142857,-0.004182634
49.0,0.0,0.8571428571428571,-0.0025932575
49.0,0.07142857142857142,0.8571428571428571,0.041152857
49.0,0.14285714285714285,0.8571428571428571,0.082285084
49.0,0.21428571428571427,0.8571428571428571,0.12231404
49.0,0.2857142857142857,0.8571428571428571,0.1617865
49.0,0.3571428571428571,0.8571428571428571,0.19800982
49.0,0.42857142857142855,0.8571428571428571,0.22438571
49.0,0.5,0.8571428571428571,0.23353662
49.0,0.5714285714285714,0.8571428571428571,0.22250943
49.0,0.6428571428571428,0.8571428571428571,0.19492395
49.0,0.7142857142857142,0.8571428571428571,0.15808874
49.0,0.7857142857142857,0.8571428571428571,0.11803011
49.0,0.8571428571428571,0.8571428571428571,0.077122025
49.0,0.9285714285714285,0.8571428571428571,0.035107423
49.0,1.0,0.8571428571428571,-0.008883276
49.0,0.0,0.9285714285714285,-0.007716135
49.0,0.07142857142857142,0.9285714285714285,0.01880417
49.0,0.14285714285714285,0.9285714285714285,0.041136667
49.0,0.21428571428571427,0.9285714285714285,0.061085694
49.0,0.2857142857142857,0.9285714285714285,0.07988896
49.0,0.3571428571428571,0.9285714285714285,0.09684427
49.0,0.42857142857142855,0.9285714285714285,0.109187655
49.0,0.5,0.9285714285714285,0.11375747
49.0,0.5714285714285714,0.9285714285714285,0.10900586
49.0,0.6428571428571428,0.9285714285714285,0.09591542
49.0,0.7142857142857142,0.9285714285714285,0.07760666
49.0,0.7857142857142857,0.9285714285714285,0.057111792
49.0,0.8571428571428571,0.9285714285714285,0.03526679
49.0,0.9285714285714285,0.9285714285714285,0.01093519
49.0,1.0,0.9285714285714285,-0.017431155
49.0,0.0,1.0,-0.019957654
49.0,0.07142857142857142,1.0,-0.010483162
49.0,0.14285714285714285,1.0,-0.006344404
49.0,0.21428571428571427,1.0,-0.0052197725
49.0,0.2857142857142857,1.0,-0.0048419917
49.0,0.3571428571428571,1.0,-0.00383477
49.0,0.42857142857142855,1.0,-0.0019272314
49.0,0.5,1.0,0.00039929803
49.0,0.5714285714285714,1.0,0.0022019325
49.0,0.6428571428571428,1.0,0.0024296707
49.0,0.7142857142857142,1.0,0.00077563804
49.0,0.7857142857142857,1.0,-0.0024443315
49.0,0.8571428571428571,1.0,-0.0076361345
49.0,0.9285714285714285,1.0,-0.016378146
49.0,1.0,1.0,-0.030547414
50.0,0.0,0.0,-0.0237272
50.0,0.07142857142857142,0.0,-0.012883984
50.0,0.14285714285714285,0.0,-0.0078961775
50.0,0.21428571428571427,0.0,-0.0072724107
50.0,0.2857142857142857,0.0,-0.007371847
50.0,0.3571428571428571,0.0,-0.004607188
50.0,0.42857142857142855,0.0,-0.00022471044
50.0,0.5,0.0,0.00054781884
50.0,0.5714285714285714,0.0,-0.0037150523
50.0,0.6428571428571428,0.0,-0.008205873
50.0,0.7142857142857142,0.0,-0.008340345
50.0,0.7857142857142857,0.0,-0.005403486
50.0,0.8571428571428571,0.0,-0.0046480084
50.0,0.9285714285714285,0.0,-0.010331788
50.0,1.0,0.0,-0.023994558
50.0,0.0,0.07142857142857142,-0.013660518
50.0,0.07142857142857142,0.07142857142857142,0.014060332
50.0,0.14285714285714285,0.07142857142857142,0.037727583
50.0,0.21428571428571427,0.07142857142857142,0.057789586
50.0,0.2857142857142857,0.07142857142857142,0.076269425
50.0,0.3571428571428571,0.07142857142857142,0.09521488
50.0,0.42857142857142855,0.07142857142857142,0.111411706
50.0,0.5,0.07142857142857142,0.1164948
50.0,0.5714285714285714,0.07142857142857142,0.10774617
50.0,0.6428571428571428,0.07142857142857142,0.09228968
50.0,0.7142857142857142,0.07142857142857142,0.077403985
50.0,0.7857142857142857,0.07142857142857142,0.06281608
50.0,0.8571428571428571,0.07142857142857142,0.044323146
50.0,0.9285714285714285,0.07142857142857142,0.019503504
50.0,1.0,0.07142857142857142,-0.011899122
50.0,0.0,0.14285714285714285,-0.008481992
50.0,0.07142857142857142,0.14285714285714285,0.036859535
50.0,0.14285714285714285,0.14285714285714285,0.080251954
50.0,0.21428571428571427,0.14285714285714285,0.12121729
50.0,0.2857142857142857,0.14285714285714285,0.16008708
50.0,0.3571428571428571,0.14285714285714285,0.19703695
50.0,0.42857142857142855,0.14285714285714285,0.22670497
50.0,0.5,0.14285714285714285,0.23717903
50.0,0.5714285714285714,0.14285714285714285,0.22379287
50.0,0.6428571428571428,0.14285714285714285,0.19585419
50.0,0.7142857142857142,0.14285714285714285,0.16341598
50.0,0.7857142857142857,0.14285714285714285,0.12791811
50.0,0.8571428571428571,0.14285714285714285,0.08758671
50.0,0.9285714285714285,0.14285714285714285,0.042373054
50.0,1.0,0.14285714285714285,-0.007191145
50.0,0.0,0.21428571428571427,-0.006434843
50.0,0.07142857142857142,0.21428571428571427,0.057142355
50.0,0.14285714285714285,0.21428571428571427,0.12065505
50.0,0.21428571428571427,0.21428571428571427,0.18273741
50.0,0.2857142857142857,0.21428571428571427,0.2421633
50.0,0.3571428571428571,0.21428571428571427,0.297298
50.0,0.42857142857142855,0.21428571428571427,0.3408407
50.0,0.5,0.21428571428571427,0.3573182
50.0,0.5714285714285714,0.21428571428571427,0.33941934
50.0,0.6428571428571428,0.21428571428571427,0.29813972
50.0,0.7142857142857142,0.21428571428571427,0.24629709
50.0,0.7857142857142857,0.21428571428571427,0.18813643
50.0,0.8571428571428571,0.21428571428571427,0.12542391
50.0,0.9285714285714285,0.21428571428571427,0.060154013
50.0,1.0,0.21428571428571427,-0.007038028
50.0,0.0,0.2857142857142857,-0.006023542
50.0,0.07142857142857142,0.2857142857142857,0.07631433
50.0,0.14285714285714285,0.2857142857142857,0.15977862
50.0,0.21428571428571427,0.2857142857142857,0.24205875
50.0,0.2857142857142857,0.2857142857142857,0.32070866
50.0,0.3571428571428571,0.2857142857142857,0.39279348
50.0,0.42857142857142855,0.2857142857142857,0.449578
50.0,0.5,0.2857142857142857,0.47218928
50.0,0.5714285714285714,0.2857142857142857,0.44996512
50.0,0.6428571428571428,0.2857142857142857,0.39509448
50.0,0.7142857142857142,0.2857142857142857,0.32347196
50.0,0.7857142857142857,0.2857142857142857,0.24324161
50.0,0.8571428571428571,0.2857142857142857,0.15975212
50.0,0.9285714285714285,0.2857142857142857,0.07601064
50.0,1.0,0.2857142857142857,-0.0075076977
50.0,0.0,0.3571428571428571,-0.0066523673
50.0,0.07142857142857142,0.3571428571428571,0.09431377
50.0,0.14285714285714285,0.3571428571428571,0.1967649
50.0,0.21428571428571427,0.3571428571428571,0.29727829
50.0,0.2857142857142857,0.3571428571428571,0.39261937
50.0,0.3571428571428571,0.3571428571428571,0.4793188
50.0,0.42857142857142855,0.3571428571428571,0.5478277
50.0,0.5,0.3571428571428571,0.5760708
50.0,0.5714285714285714,0.3571428571428571,0.54963064
50.0,0.6428571428571428,0.3571428571428571,0.48194134
50.0,0.7142857142857142,0.3571428571428571,0.3925274
50.0,0.7857142857142857,0.3571428571428571,0.2935062
50.0,0.8571428571428571,0.3571428571428571,0.19253898
50.0,0.9285714285714285,0.3571428571428571,0.09275751
50.0,1.0,0.3571428571428571,-0.0050137946
50.0,0.0,0.42857142857142855,-0.00860515
50.0,0.07142857142857142,0.42857142857142855,0.10792028
50.0,0.14285714285714285,0.42857142857142855,0.22598264
50.0,0.21428571428571427,0.42857142857142855,0.34083086
50.0,0.2857142857142857,0.42857142857142855,0.44864044
50.0,0.3571428571428571,0.42857142857142855,0.54590946
50.0,0.42857142857142855,0.42857142857142855,0.6228542
50.0,0.5,0.42857142857142855,0.65505683
50.0,0.5714285714285714,0.42857142857142855,0.6252422
50.0,0.6428571428571428,0.42857142857142855,0.54841554
50.0,0.7142857142857142,0.42857142857142855,0.44703725
50.0,0.7857142857142857,0.42857142857142855,0.33535373
50.0,0.8571428571428571,0.42857142857142855,0.2216886
50.0,0.9285714285714285,0.42857142857142855,0.109505855
50.0,1.0,0.42857142857142855,0.0009938395
50.0,0.0,0.5,-0.008902618
50.0,0.07142857142857142,0.5,0.113712125
50.0,0.14285714285714285,0.5,0.23803616
50.0,0.21428571428571427,0.5,0.3585165
50.0,0.2857142857142857,0.5,0.4709235
50.0,0.3571428571428571,0.5,0.57152164
50.0,0.42857142857142855,0.5,0.65028864
50.0,0.5,0.5,0.68282855
50.0,0.5714285714285714,0.5,0.6524126
50.0,0.6428571428571428,0.5,0.5745913
50.0,0.7142857142857142,0.5,0.4711708
50.0,0.7857142857142857,0.5,0.3556739
50.0,0.8571428571428571,0.5,0.23653758
50.0,0.9285714285714285,0.5,0.118623175
50.0,1.0,0.5,0.005933917
50.0,0.0,0.5714285714285714,-0.0047050947
50.0,0.07142857142857142,0.5714285714285714,0.110895835
50.0,0.14285714285714285,0.5714285714285714,0.22808668
50.0,0.21428571428571427,0.5714285714285714,0.34251124
50.0,0.2857142857142857,0.5714285714285714,0.4506415
50.0,0.3571428571428571,0.5714285714285714,0.5478777
50.0,0.42857142857142855,0.5714285714285714,0.62238574
50.0,0.5,0.5714285714285714,0.65131927
50.0,0.5714285714285714,0.5714285714285714,0.62226
50.0,0.6428571428571428,0.5714285714285714,0.5499298
50.0,0.7142857142857142,0.5714285714285714,0.45256984
50.0,0.7857142857142857,0.5714285714285714,0.3418457
50.0,0.8571428571428571,0.5714285714285714,0.22641242
50.0,0.9285714285714285,0.5714285714285714,0.11249194
50.0,1.0,0.5714285714285714,0.0048288396
50.0,0.0,0.6428571428571428,-0.0012661153
50.0,0.07142857142857142,0.6428571428571428,0.09812128
50.0,0.14285714285714285,0.6428571428571428,0.19860452
50.0,0.21428571428571427,0.6428571428571428,0.29834086
50.0,0.2857142857142857,0.6428571428571428,0.3953595
50.0,0.3571428571428571,0.6428571428571428,0.48427916
50.0,0.42857142857142855,0.6428571428571428,0.55140376
50.0,0.5,0.6428571428571428,0.5761535
50.0,0.5714285714285714,0.6428571428571428,0.55011326
50.0,0.6428571428571428,0.6428571428571428,0.4858848
50.0,0.7142857142857142,0.6428571428571428,0.3988502
50.0,0.7857142857142857,0.6428571428571428,0.29973763
50.0,0.8571428571428571,0.6428571428571428,0.19678296
50.0,0.9285714285714285,0.6428571428571428,0.0958534
50.0,1.0,0.6428571428571428,0.00080932584
50.0,0.0,0.7142857142857142,-0.0005160803
50.0,0.07142857142857142,0.7142857142857142,0.07964627
50.0,0.14285714285714285,0.7142857142857142,0.16000368
50.0,0.21428571428571427,0.7142857142857142,0.2406536
50.0,0.2857142857142857,0.7142857142857142,0.32084906
50.0,0.3571428571428571,0.7142857142857142,0.39533383
50.0,0.42857142857142855,0.7142857142857142,0.4511045
50.0,0.5,0.7142857142857142,0.47142032
50.0,0.5714285714285714,0.7142857142857142,0.4500634
50.0,0.6428571428571428,0.7142857142857142,0.3964159
50.0,0.7142857142857142,0.7142857142857142,0.32384107
50.0,0.7857142857142857,0.7142857142857142,0.24243665
50.0,0.8571428571428571,0.7142857142857142,0.15880999
50.0,0.9285714285714285,0.7142857142857142,0.07676744
50.0,1.0,0.7142857142857142,-0.0015984857
50.0,0.0,0.7857142857142857,-0.0010154257
50.0,0.07142857142857142,0.7857142857142857,0.060378343
50.0,0.14285714285714285,0.7857142857142857,0.120763086
50.0,0.21428571428571427,0.7857142857142857,0.18120147
50.0,0.2857142857142857,0.7857142857142857,0.24160942
50.0,0.3571428571428571,0.7857142857142857,0.29763833
50.0,0.42857142857142855,0.7857142857142857,0.3390272
50.0,0.5,0.7857142857142857,0.35379118
50.0,0.5714285714285714,0.7857142857142857,0.33740324
50.0,0.6428571428571428,0.7857142857142857,0.29615974
50.0,0.7142857142857142,0.7857142857142857,0.24086863
50.0,0.7857142857142857,0.7857142857142857,0.18008538
50.0,0.8571428571428571,0.7857142857142857,0.11822847
50.0,0.9285714285714285,0.7857142857142857,0.05676847
50.0,1.0,0.7857142857142857,-0.003922184
50.0,0.0,0.8571428571428571,-0.002746814
50.0,0.07142857142857142,0.8571428571428571,0.040943936
50.0,0.14285714285714285,0.8571428571428571,0.082137346
50.0,0.21428571428571427,0.8571428571428571,0.122284584
50.0,0.2857142857142857,0.8571428571428571,0.16179729
50.0,0.3571428571428571,0.8571428571428571,0.19785988
50.0,0.42857142857142855,0.8571428571428571,0.22392426
50.0,0.5,0.8571428571428571,0.2328717
50.0,0.5714285714285714,0.8571428571428571,0.2219305
50.0,0.6428571428571428,0.8571428571428571,0.19458869
50.0,0.7142857142857142,0.8571428571428571,0.15793957
50.0,0.7857142857142857,0.8571428571428571,0.11795538
50.0,0.8571428571428571,0.8571428571428571,0.07707649
50.0,0.9285714285714285,0.8571428571428571,0.035134643
50.0,1.0,0.8571428571428571,-0.008692403
50.0,0.0,0.9285714285714285,-0.007955377
50.0,0.07142857142857142,0.9285714285714285,0.018571127
50.0,0.14285714285714285,0.9285714285714285,0.041020654
50.0,0.21428571428571427,0.9285714285714285,0.06113211
50.0,0.2857142857142857,0.9285714285714285,0.080030635
50.0,0.3571428571428571,0.9285714285714285,0.09692841
50.0,0.42857142857142855,0.9285714285714285,0.10910023
50.0,0.5,0.9285714285714285,0.113547035
50.0,0.5714285714285714,0.9285714285714285,0.10883919
50.0,0.6428571428571428,0.9285714285714285,0.095899045
50.0,0.7142857142857142,0.9285714285714285,0.07770365
50.0,0.7857142857142857,0.9285714285714285,0.057227075
50.0,0.8571428571428571,0.9285714285714285,0.035348576
50.0,0.9285714285714285,0.9285714285714285,0.011008817
50.0,1.0,0.9285714285714285,-0.017284162
50.0,0.0,1.0,-0.020221308
50.0,0.07142857142857142,1.0,-0.010665781
50.0,0.14285714285714285,1.0,-0.006347509
50.0,0.21428571428571427,1.0,-0.005012733
50.0,0.2857142857142857,1.0,-0.0044858633
50.0,0.3571428571428571,1.0,-0.003447597
50.0,0.42857142857142855,1.0,-0.0016002255
50.0,0.5,1.0,0.0006717248
50.0,0.5714285714285714,1.0,0.002497173
50.0,0.6428571428571428,1.0,0.002797789
50.0,0.7142857142857142,1.0,0.001179277
50.0,0.7857142857142857,1.0,-0.002088801
50.0,0.8571428571428571,1.0,-0.0073822225
50.0,0.9285714285714285,1.0,-0.016212579
50.0,1.0,1.0,-0.030397583
51.0,0.0,0.0,-0.023946777
51.0,0.07142857142857142,0.0,-0.013123781
51.0,0.14285714285714285,0.0,-0.008082096
51.0,0.21428571428571427,0.0,-0.0073203305
51.0,0.2857142857142857,0.0,-0.007245877
51.0,0.3571428571428571,0.0,-0.004378232
51.0,0.42857142857142855,0.0,-4.319474e-06
51.0,0.5,0.0,0.00074483827
51.0,0.5714285714285714,0.0,-0.0035104174
51.0,0.6428571428571428,0.0,-0.008037905
51.0,0.7142857142857142,0.0,-0.008279984
51.0,0.7857142857142857,0.0,-0.0054391744
51.0,0.8571428571428571,0.0,-0.0047075236
51.0,0.9285714285714285,0.0,-0.010362082
51.0,1.0,0.0,-0.023982823
51.0,0.0,0.07142857142857142,-0.0138152465
51.0,0.07142857142857142,0.07142857142857142,0.013848011
51.0,0.14285714285714285,0.07142857142857142,0.03751794
51.0,0.21428571428571427,0.07142857142857142,0.05764503
51.0,0.2857142857142857,0.07142857142857142,0.0762091
51.0,0.3571428571428571,0.07142857142857142,0.09515174
51.0,0.42857142857142855,0.07142857142857142,0.11123201
51.0,0.5,0.07142857142857142,0.116255544
51.0,0.5714285714285714,0.07142857142857142,0.10759343
51.0,0.6428571428571428,0.07142857142857142,0.09222201
51.0,0.7142857142857142,0.07142857142857142,0.077321
51.0,0.7857142857142857,0.07142857142857142,0.06269046
51.0,0.8571428571428571,0.07142857142857142,0.044194844
51.0,0.9285714285714285,0.07142857142857142,0.019404605
51.0,1.0,0.07142857142857142,-0.011954852
51.0,0.0,0.14285714285714285,-0.008529883
51.0,0.07142857142857142,0.14285714285714285,0.03671515
51.0,0.14285714285714285,0.14285714285714285,0.0800615
51.0,0.21428571428571427,0.14285714285714285,0.1210252
51.0,0.2857142857142857,0.14285714285714285,0.15989465
51.0,0.3571428571428571,0.14285714285714285,0.19673884
51.0,0.42857142857142855,0.14285714285714285,0.22617291
51.0,0.5,0.14285714285714285,0.23653853
51.0,0.5714285714285714,0.14285714285714285,0.22332296
51.0,0.6428571428571428,0.14285714285714285,0.19560328
51.0,0.7142857142857142,0.14285714285714285,0.16324593
51.0,0.7857142857142857,0.14285714285714285,0.12775171
51.0,0.8571428571428571,0.14285714285714285,0.087423205
51.0,0.9285714285714285,0.14285714285714285,0.04223384
51.0,1.0,0.14285714285714285,-0.0072752247
51.0,0.0,0.21428571428571427,-0.0063477615
51.0,0.07142857142857142,0.21428571428571427,0.0570874
51.0,0.14285714285714285,0.21428571428571427,0.12050512
51.0,0.21428571428571427,0.21428571428571427,0.18253238
51.0,0.2857142857142857,0.21428571428571427,0.24189454
51.0,0.3571428571428571,0.21428571428571427,0.29684237
51.0,0.42857142857142855,0.21428571428571427,0.34004295
51.0,0.5,0.21428571428571427,0.35635036
51.0,0.5714285714285714,0.21428571428571427,0.33869553
51.0,0.6428571428571428,0.21428571428571427,0.29776165
51.0,0.7142857142857142,0.21428571428571427,0.24608612
51.0,0.7857142857142857,0.21428571428571427,0.18795706
51.0,0.8571428571428571,0.21428571428571427,0.1252374
51.0,0.9285714285714285,0.21428571428571427,0.059991434
51.0,1.0,0.21428571428571427,-0.007106901
51.0,0.0,0.2857142857142857,-0.0058086934
51.0,0.07142857142857142,0.2857142857142857,0.07632639
51.0,0.14285714285714285,0.2857142857142857,0.15964125
51.0,0.21428571428571427,0.2857142857142857,0.24182245
51.0,0.2857142857142857,0.2857142857142857,0.32036683
51.0,0.3571428571428571,0.2857142857142857,0.3922057
51.0,0.42857142857142855,0.2857142857142857,0.44854572
51.0,0.5,0.2857142857142857,0.47090745
51.0,0.5714285714285714,0.2857142857142857,0.44898462
51.0,0.6428571428571428,0.2857142857142857,0.3945806
51.0,0.7142857142857142,0.2857142857142857,0.3232072
51.0,0.7857142857142857,0.2857142857142857,0.24302506
51.0,0.8571428571428571,0.2857142857142857,0.15951735
51.0,0.9285714285714285,0.2857142857142857,0.0758264
51.0,1.0,0.2857142857142857,-0.007520818
51.0,0.0,0.3571428571428571,-0.006374088
51.0,0.07142857142857142,0.3571428571428571,0.09430721
51.0,0.14285714285714285,0.3571428571428571,0.19653589
51.0,0.21428571428571427,0.3571428571428571,0.29689664
51.0,0.2857142857142857,0.3571428571428571,0.39208862
51.0,0.3571428571428571,0.3571428571428571,0.4784747
51.0,0.42857142857142855,0.3571428571428571,0.5464158
51.0,0.5,0.3571428571428571,0.57430226
51.0,0.5714285714285714,0.3571428571428571,0.54822135
51.0,0.6428571428571428,0.3571428571428571,0.48114845
51.0,0.7142857142857142,0.3571428571428571,0.3920951
51.0,0.7857142857142857,0.3571428571428571,0.29315877
51.0,0.8571428571428571,0.3571428571428571,0.19219263
51.0,0.9285714285714285,0.3571428571428571,0.092532635
51.0,1.0,0.3571428571428571,-0.004951612
51.0,0.0,0.42857142857142855,-0.008353182
51.0,0.07142857142857142,0.42857142857142855,0.107799895
51.0,0.14285714285714285,0.42857142857142855,0.2255449
51.0,0.21428571428571427,0.42857142857142855,0.34015647
51.0,0.2857142857142857,0.42857142857142855,0.4477322
51.0,0.3571428571428571,0.42857142857142855,0.5445736
51.0,0.42857142857142855,0.42857142857142855,0.620788
51.0,0.5,0.42857142857142855,0.6525197
51.0,0.5714285714285714,0.42857142857142855,0.6231583
51.0,0.6428571428571428,0.42857142857142855,0.5471459
51.0,0.7142857142857142,0.42857142857142855,0.4462795
51.0,0.7857142857142857,0.42857142857142855,0.33475596
51.0,0.8571428571428571,0.42857142857142855,0.22115736
51.0,0.9285714285714285,0.42857142857142855,0.10920345
51.0,1.0,0.42857142857142855,0.0011095917
51.0,0.0,0.5,-0.008685061
51.0,0.07142857142857142,0.5,0.11352884
51.0,0.14285714285714285,0.5,0.23748912
51.0,0.21428571428571427,0.5,0.35767603
51.0,0.2857142857142857,0.5,0.46978146
51.0,0.3571428571428571,0.5,0.5698598
51.0,0.42857142857142855,0.5,0.6477926
51.0,0.5,0.5,0.6798267
51.0,0.5714285714285714,0.5,0.6499526
51.0,0.6428571428571428,0.5,0.57304996
51.0,0.7142857142857142,0.5,0.47020242
51.0,0.7857142857142857,0.5,0.35490245
51.0,0.8571428571428571,0.5,0.23588288
51.0,0.9285714285714285,0.5,0.118273266
51.0,1.0,0.5,0.006086371
51.0,0.0,0.5714285714285714,-0.004498587
51.0,0.07142857142857142,0.5714285714285714,0.11076606
51.0,0.14285714285714285,0.5714285714285714,0.22767243
51.0,0.21428571428571427,0.5714285714285714,0.34188312
51.0,0.2857142857142857,0.5714285714285714,0.4497656
51.0,0.3571428571428571,0.5714285714285714,0.54649943
51.0,0.42857142857142855,0.5714285714285714,0.62020737
51.0,0.5,0.5714285714285714,0.64871573
51.0,0.5714285714285714,0.5714285714285714,0.6201986
51.0,0.6428571428571428,0.5714285714285714,0.5486818
51.0,0.7142857142857142,0.5714285714285714,0.45178732
51.0,0.7857142857142857,0.5714285714285714,0.34120882
51.0,0.8571428571428571,0.5714285714285714,0.22587517
51.0,0.9285714285714285,0.5714285714285714,0.11224133
51.0,1.0,0.5714285714285714,0.005059696
51.0,0.0,0.6428571428571428,-0.0011079768
51.0,0.07142857142857142,0.6428571428571428,0.098037966
51.0,0.14285714285714285,0.6428571428571428,0.19836979
51.0,0.21428571428571427,0.6428571428571428,0.29803258
51.0,0.2857142857142857,0.6428571428571428,0.3949114
51.0,0.3571428571428571,0.6428571428571428,0.48340082
51.0,0.42857142857142855,0.6428571428571428,0.54982525
51.0,0.5,0.6428571428571428,0.57423383
51.0,0.5714285714285714,0.6428571428571428,0.5486353
51.0,0.6428571428571428,0.6428571428571428,0.48503178
51.0,0.7142857142857142,0.6428571428571428,0.398334
51.0,0.7857142857142857,0.6428571428571428,0.29932198
51.0,0.8571428571428571,0.6428571428571428,0.19644937
51.0,0.9285714285714285,0.6428571428571428,0.095755905
51.0,1.0,0.6428571428571428,0.0011147773
51.0,0.0,0.7142857142857142,-0.00045794342
51.0,0.07142857142857142,0.7142857142857142,0.0795415
51.0,0.14285714285714285,0.7142857142857142,0.15984835
51.0,0.21428571428571427,0.7142857142857142,0.24052435
51.0,0.2857142857142857,0.7142857142857142,0.3206625
51.0,0.3571428571428571,0.7142857142857142,0.39480546
51.0,0.42857142857142855,0.7142857142857142,0.45000187
51.0,0.5,0.7142857142857142,0.47002172
51.0,0.5714285714285714,0.7142857142857142,0.44895503
51.0,0.6428571428571428,0.7142857142857142,0.3957677
51.0,0.7142857142857142,0.7142857142857142,0.32345966
51.0,0.7857142857142857,0.7142857142857142,0.24215186
51.0,0.8571428571428571,0.7142857142857142,0.15860692
51.0,0.9285714285714285,0.7142857142857142,0.07675519
51.0,1.0,0.7142857142857142,-0.0012877891
51.0,0.0,0.7857142857142857,-0.0010765875
51.0,0.07142857142857142,0.7857142857142857,0.060215168
51.0,0.14285714285714285,0.7857142857142857,0.12061479
51.0,0.21428571428571427,0.7857142857142857,0.1811328
51.0,0.2857142857142857,0.7857142857142857,0.2415312
51.0,0.3571428571428571,0.7857142857142857,0.2973014
51.0,0.42857142857142855,0.7857142857142857,0.33824396
51.0,0.5,0.7857142857142857,0.35274825
51.0,0.5714285714285714,0.7857142857142857,0.33652413
51.0,0.6428571428571428,0.7857142857142857,0.29562145
51.0,0.7142857142857142,0.7857142857142857,0.24056572
51.0,0.7857142857142857,0.7857142857142857,0.17988649
51.0,0.8571428571428571,0.7857142857142857,0.11810193
51.0,0.9285714285714285,0.7857142857142857,0.056782737
51.0,1.0,0.7857142857142857,-0.0036630826
51.0,0.0,0.8571428571428571,-0.0029198537
51.0,0.07142857142857142,0.8571428571428571,0.040723465
51.0,0.14285714285714285,0.8571428571428571,0.08198383
51.0,0.21428571428571427,0.8571428571428571,0.12224918
51.0,0.2857142857142857,0.8571428571428571,0.16179667
51.0,0.3571428571428571,0.8571428571428571,0.19769433
51.0,0.42857142857142855,0.8571428571428571,0.22345047
51.0,0.5,0.8571428571428571,0.2321997
51.0,0.5714285714285714,0.8571428571428571,0.22134385
51.0,0.6428571428571428,0.8571428571428571,0.19424321
51.0,0.7142857142857142,0.8571428571428571,0.15778358
51.0,0.7857142857142857,0.8571428571428571,0.11787934
51.0,0.8571428571428571,0.8571428571428571,0.07703421
51.0,0.9285714285714285,0.8571428571428571,0.035165653
51.0,1.0,0.8571428571428571,-0.008499731
51.0,0.0,0.9285714285714285,-0.008210738
51.0,0.07142857142857142,0.9285714285714285,0.018328872
51.0,0.14285714285714285,0.9285714285714285,0.040899053
51.0,0.21428571428571427,0.9285714285714285,0.06117163
51.0,0.2857142857142857,0.9285714285714285,0.08016023
51.0,0.3571428571428571,0.9285714285714285,0.09699704
51.0,0.42857142857142855,0.9285714285714285,0.108998746
51.0,0.5,0.9285714285714285,0.11332444
51.0,0.5714285714285714,0.9285714285714285,0.10866139
51.0,0.6428571428571428,0.9285714285714285,0.0958705
51.0,0.7142857142857142,0.9285714285714285,0.07779143
51.0,0.7857142857142857,0.9285714285714285,0.05733914
51.0,0.8571428571428571,0.9285714285714285,0.03543193
51.0,0.9285714285714285,0.9285714285714285,0.011086042
51.0,1.0,0.9285714285714285,-0.01713457
51.0,0.0,1.0,-0.02049854
51.0,0.07142857142857142,1.0,-0.010856711
51.0,0.14285714285714285,1.0,-0.0063565876
51.0,0.21428571428571427,1.0,-0.0048140166
51.0,0.2857142857142857,1.0,-0.0041420506
51.0,0.3571428571428571,1.0,-0.0030757943
51.0,0.42857142857142855,1.0,-0.0012881467
51.0,0.5,1.0,0.00092976075
51.0,0.5714285714285714,1.0,0.0027779965
51.0,0.6428571428571428,1.0,0.0031520305
51.0,0.7142857142857142,1.0,0.0015712632
51.0,0.7857142857142857,1.0,-0.0017391006
51.0,0.8571428571428571,1.0,-0.007128925
51.0,0.9285714285714285,1.0,-0.016044628
51.0,1.0,1.0,-0.030245725
52.0,0.0,0.0,-0.024183895
52.0,0.07142857142857142,0.0,-0.013380127
52.0,0.14285714285714285,0.0,-0.008282241
52.0,0.21428571428571427,0.0,-0.0073826737
52.0,0.2857142857142857,0.0,-0.007135928
52.0,0.3571428571428571,0.0,-0.0041675735
52.0,0.42857142857142855,0.0,0.00019824784
52.0,0.5,0.0,0.00092513766
52.0,0.5714285714285714,0.0,-0.003322265
52.0,0.6428571428571428,0.0,-0.007885606
52.0,0.7142857142857142,0.0,-0.008234699
52.0,0.7857142857142857,0.0,-0.0054918276
52.0,0.8571428571428571,0.0,-0.004788355
52.0,0.9285714285714285,0.0,-0.0104169855
52.0,1.0,0.0,-0.023996584
52.0,0.0,0.07142857142857142,-0.013987177
52.0,0.07142857142857142,0.07142857142857142,0.013619755
52.0,0.14285714285714285,0.07142857142857142,0.037293337
52.0,0.21428571428571427,0.07142857142857142,0.057484664
52.0,0.2857142857142857,0.07142857142857142,0.07613091
52.0,0.3571428571428571,0.07142857142857142,0.095069796
52.0,0.42857142857142855,0.07142857142857142,0.11103589
52.0,0.5,0.07142857142857142,0.1160016
52.0,0.5714285714285714,0.07142857142857142,0.107425086
52.0,0.6428571428571428,0.07142857142857142,0.09213828
52.0,0.7142857142857142,0.07142857142857142,0.0772218
52.0,0.7857142857142857,0.07142857142857142,0.062546834
52.0,0.8571428571428571,0.07142857142857142,0.044043384
52.0,0.9285714285714285,0.07142857142857142,0.019280188
52.0,1.0,0.07142857142857142,-0.012037025
52.0,0.0,0.14285714285714285,-0.008594243
52.0,0.07142857142857142,0.14285714285714285,0.036556333
52.0,0.14285714285714285,0.14285714285714285,0.07985651
52.0,0.21428571428571427,0.14285714285714285,0.12081794
52.0,0.2857142857142857,0.14285714285714285,0.15968463
52.0,0.3571428571428571,0.14285714285714285,0.19642183
52.0,0.42857142857142855,0.14285714285714285,0.22562724
52.0,0.5,0.14285714285714285,0.23588717
52.0,0.5714285714285714,0.14285714285714285,0.22283866
52.0,0.6428571428571428,0.14285714285714285,0.19533518
52.0,0.7142857142857142,0.14285714285714285,0.16305888
52.0,0.7857142857142857,0.14285714285714285,0.12756667
52.0,0.8571428571428571,0.14285714285714285,0.08723764
52.0,0.9285714285714285,0.14285714285714285,0.042069115
52.0,1.0,0.14285714285714285,-0.0073859477
52.0,0.0,0.21428571428571427,-0.0062771337
52.0,0.07142857142857142,0.21428571428571427,0.057017587
52.0,0.14285714285714285,0.21428571428571427,0.1203415
52.0,0.21428571428571427,0.21428571428571427,0.18231332
52.0,0.2857142857142857,0.21428571428571427,0.24160826
52.0,0.3571428571428571,0.21428571428571427,0.29636815
52.0,0.42857142857142855,0.21428571428571427,0.33923313
52.0,0.5,0.21428571428571427,0.35537592
52.0,0.5714285714285714,0.21428571428571427,0.33795905
52.0,0.6428571428571428,0.21428571428571427,0.29736596
52.0,0.7142857142857142,0.21428571428571427,0.24585694
52.0,0.7857142857142857,0.21428571428571427,0.18775977
52.0,0.8571428571428571,0.21428571428571427,0.12503076
52.0,0.9285714285714285,0.21428571428571427,0.059804678
52.0,1.0,0.21428571428571427,-0.0072024474
52.0,0.0,0.2857142857142857,-0.0056116013
52.0,0.07142857142857142,0.2857142857142857,0.076324075
52.0,0.14285714285714285,0.2857142857142857,0.15949214
52.0,0.21428571428571427,0.2857142857142857,0.24157381
52.0,0.2857142857142857,0.2857142857142857,0.3200096
52.0,0.3571428571428571,0.2857142857142857,0.39160052
52.0,0.42857142857142855,0.2857142857142857,0.4475036
52.0,0.5,0.2857142857142857,0.4696223
52.0,0.5714285714285714,0.2857142857142857,0.44799215
52.0,0.6428571428571428,0.2857142857142857,0.3940481
52.0,0.7142857142857142,0.2857142857142857,0.3229256
52.0,0.7857142857142857,0.2857142857142857,0.24279553
52.0,0.8571428571428571,0.2857142857142857,0.15926765
52.0,0.9285714285714285,0.2857142857142857,0.07562131
52.0,1.0,0.2857142857142857,-0.00755822
52.0,0.0,0.3571428571428571,-0.00611543
52.0,0.07142857142857142,0.3571428571428571,0.09428722
52.0,0.14285714285714285,0.3571428571428571,0.196298
52.0,0.21428571428571427,0.3571428571428571,0.296509
52.0,0.2857142857142857,0.3571428571428571,0.39154804
52.0,0.3571428571428571,0.3571428571428571,0.47761762
52.0,0.42857142857142855,0.3571428571428571,0.5449998
52.0,0.5,0.3571428571428571,0.57253945
52.0,0.5714285714285714,0.3571428571428571,0.546809
52.0,0.6428571428571428,0.3571428571428571,0.4803427
52.0,0.7142857142857142,0.3571428571428571,0.39165378
52.0,0.7857142857142857,0.3571428571428571,0.2928085
52.0,0.8571428571428571,0.3571428571428571,0.19184041
52.0,0.9285714285714285,0.3571428571428571,0.0922917
52.0,1.0,0.3571428571428571,-0.0049111927
52.0,0.0,0.42857142857142855,-0.008119092
52.0,0.07142857142857142,0.42857142857142855,0.10766851
52.0,0.14285714285714285,0.42857142857142855,0.2251046
52.0,0.21428571428571427,0.42857142857142855,0.33948395
52.0,0.2857142857142857,0.42857142857142855,0.4468249
52.0,0.3571428571428571,0.42857142857142855,0.5432375
52.0,0.42857142857142855,0.42857142857142855,0.61873484
52.0,0.5,0.42857142857142855,0.65001124
52.0,0.5714285714285714,0.42857142857142855,0.6210931
52.0,0.6428571428571428,0.42857142857142855,0.54588157
52.0,0.7142857142857142,0.42857142857142855,0.44552854
52.0,0.7857142857142857,0.42857142857142855,0.33416906
52.0,0.8571428571428571,0.42857142857142855,0.22062969
52.0,0.9285714285714285,0.42857142857142855,0.1088909
52.0,1.0,0.42857142857142855,0.0012069037
52.0,0.0,0.5,-0.008487971
52.0,0.07142857142857142,0.5,0.113332845
52.0,0.14285714285714285,0.5,0.23693927
52.0,0.21428571428571427,0.5,0.35684037
52.0,0.2857142857142857,0.5,0.46864614
52.0,0.3571428571428571,0.5,0.568207
52.0,0.42857142857142855,0.5,0.6453235
52.0,0.5,0.5,0.6768726
52.0,0.5714285714285714,0.5,0.6475277
52.0,0.6428571428571428,0.5,0.57152456
52.0,0.7142857142857142,0.5,0.46924627
52.0,0.7857142857142857,0.5,0.3541459
52.0,0.8571428571428571,0.5,0.235236
52.0,0.9285714285714285,0.5,0.11791744
52.0,1.0,0.5,0.0062238565
52.0,0.0,0.5714285714285714,-0.00432025
52.0,0.07142857142857142,0.5714285714285714,0.110615216
52.0,0.14285714285714285,0.5714285714285714,0.22724605
52.0,0.21428571428571427,0.5714285714285714,0.34124935
52.0,0.2857142857142857,0.5714285714285714,0.44888353
52.0,0.3571428571428571,0.5714285714285714,0.545116
52.0,0.42857142857142855,0.5714285714285714,0.61804205
52.0,0.5,0.5714285714285714,0.64614403
52.0,0.5714285714285714,0.5714285714285714,0.61815584
52.0,0.6428571428571428,0.5714285714285714,0.54743326
52.0,0.7142857142857142,0.5714285714285714,0.45100337
52.0,0.7857142857142857,0.5714285714285714,0.34057564
52.0,0.8571428571428571,0.5714285714285714,0.22534055
52.0,0.9285714285714285,0.5714285714285714,0.11198569
52.0,1.0,0.5714285714285714,0.0052781766
52.0,0.0,0.6428571428571428,-0.0009805495
52.0,0.07142857142857142,0.6428571428571428,0.09793175
52.0,0.14285714285714285,0.6428571428571428,0.1981202
52.0,0.21428571428571427,0.6428571428571428,0.29771358
52.0,0.2857142857142857,0.6428571428571428,0.39444914
52.0,0.3571428571428571,0.6428571428571428,0.4825067
52.0,0.42857142857142855,0.6428571428571428,0.54824394
52.0,0.5,0.6428571428571428,0.5723263
52.0,0.5714285714285714,0.6428571428571428,0.5471579
52.0,0.6428571428571428,0.6428571428571428,0.48416564
52.0,0.7142857142857142,0.6428571428571428,0.39780548
52.0,0.7857142857142857,0.6428571428571428,0.29890162
52.0,0.8571428571428571,0.6428571428571428,0.1961146
52.0,0.9285714285714285,0.6428571428571428,0.09565419
52.0,1.0,0.6428571428571428,0.0014116457
52.0,0.0,0.7142857142857142,-0.00042733643
52.0,0.07142857142857142,0.7142857142857142,0.07941731
52.0,0.14285714285714285,0.7142857142857142,0.15968145
52.0,0.21428571428571427,0.7142857142857142,0.24038607
52.0,0.2857142857142857,0.7142857142857142,0.3204626
52.0,0.3571428571428571,0.7142857142857142,0.39426082
52.0,0.42857142857142855,0.7142857142857142,0.44889244
52.0,0.5,0.7142857142857142,0.4686268
52.0,0.5714285714285714,0.7142857142857142,0.44784388
52.0,0.6428571428571428,0.7142857142857142,0.39510685
52.0,0.7142857142857142,0.7142857142857142,0.3230672
52.0,0.7857142857142857,0.7142857142857142,0.24186277
52.0,0.8571428571428571,0.7142857142857142,0.158404
52.0,0.9285714285714285,0.7142857142857142,0.07674151
52.0,1.0,0.7142857142857142,-0.0009828517
52.0,0.0,0.7857142857142857,-0.0011609131
52.0,0.07142857142857142,0.7857142857142857,0.06003715
52.0,0.14285714285714285,0.7857142857142857,0.12045898
52.0,0.21428571428571427,0.7857142857142857,0.18105747
52.0,0.2857142857142857,0.7857142857142857,0.2414417
52.0,0.3571428571428571,0.7857142857142857,0.2969502
52.0,0.42857142857142855,0.7857142857142857,0.33745223
52.0,0.5,0.7857142857142857,0.35170418
52.0,0.5714285714285714,0.7857142857142857,0.33564103
52.0,0.6428571428571428,0.7857142857142857,0.2950738
52.0,0.7142857142857142,0.7857142857142857,0.24025577
52.0,0.7857142857142857,0.7857142857142857,0.17968553
52.0,0.8571428571428571,0.7857142857142857,0.11797846
52.0,0.9285714285714285,0.7857142857142857,0.056799106
52.0,1.0,0.7857142857142857,-0.0034051584
52.0,0.0,0.8571428571428571,-0.0031116763
52.0,0.07142857142857142,0.8571428571428571,0.040492136
52.0,0.14285714285714285,0.8571428571428571,0.08182446
52.0,0.21428571428571427,0.8571428571428571,0.12220732
52.0,0.2857142857142857,0.8571428571428571,0.16178448
52.0,0.3571428571428571,0.8571428571428571,0.1975139
52.0,0.42857142857142855,0.8571428571428571,0.22296458
52.0,0.5,0.8571428571428571,0.23152055
52.0,0.5714285714285714,0.8571428571428571,0.22075018
52.0,0.6428571428571428,0.8571428571428571,0.19388849
52.0,0.7142857142857142,0.8571428571428571,0.15762022
52.0,0.7857142857142857,0.8571428571428571,0.11780136
52.0,0.8571428571428571,0.8571428571428571,0.076994814
52.0,0.9285714285714285,0.8571428571428571,0.035200294
52.0,1.0,0.8571428571428571,-0.00830596
52.0,0.0,0.9285714285714285,-0.008482103
52.0,0.07142857142857142,0.9285714285714285,0.018077277
52.0,0.14285714285714285,0.9285714285714285,0.040771738
52.0,0.21428571428571427,0.9285714285714285,0.061203636
52.0,0.2857142857142857,0.9285714285714285,0.08027741
52.0,0.3571428571428571,0.9285714285714285,0.09704966
52.0,0.42857142857142855,0.9285714285714285,0.108882464
52.0,0.5,0.9285714285714285,0.11309057
52.0,0.5714285714285714,0.9285714285714285,0.10847228
52.0,0.6428571428571428,0.9285714285714285,0.0958306
52.0,0.7142857142857142,0.9285714285714285,0.0778703
52.0,0.7857142857142857,0.9285714285714285,0.05744762
52.0,0.8571428571428571,0.9285714285714285,0.035516765
52.0,0.9285714285714285,0.9285714285714285,0.011166832
52.0,1.0,0.9285714285714285,-0.016982667
52.0,0.0,1.0,-0.020789571
52.0,0.07142857142857142,1.0,-0.011056396
52.0,0.14285714285714285,1.0,-0.0063732835
52.0,0.21428571428571427,1.0,-0.004624516
52.0,0.2857142857142857,1.0,-0.0038111499
52.0,0.3571428571428571,1.0,-0.0027193436
52.0,0.42857142857142855,1.0,-0.0009919116
52.0,0.5,1.0,0.0011733873
52.0,0.5714285714285714,1.0,0.0030450923
52.0,0.6428571428571428,1.0,0.003491982
52.0,0.7142857142857142,1.0,0.0019517979
52.0,0.7857142857142857,1.0,-0.0013957778
52.0,0.8571428571428571,1.0,-0.006876585
52.0,0.9285714285714285,1.0,-0.015874442
52.0,1.0,1.0,-0.030091055
53.0,0.0,0.0,-0.024439592
53.0,0.07142857142857142,0.0,-0.013653209
53.0,0.14285714285714285,0.0,-0.008497363
53.0,0.21428571428571427,0.0,-0.007459572
53.0,0.2857142857142857,0.0,-0.0070418487
53.0,0.3571428571428571,0.0,-0.0039750887
53.0,0.42857142857142855,0.0,0.00038324483
53.0,0.5,0.0,0.001088717
53.0,0.5714285714285714,0.0,-0.0031507937
53.0,0.6428571428571428,0.0,-0.0077490257
53.0,0.7142857142857142,0.0,-0.008204137
53.0,0.7857142857142857,0.0,-0.005561852
53.0,0.8571428571428571,0.0,-0.0048910873
53.0,0.9285714285714285,0.0,-0.010496818
53.0,1.0,0.0,-0.02403652
53.0,0.0,0.07142857142857142,-0.01417613
53.0,0.07142857142857142,0.07142857142857142,0.013375456
53.0,0.14285714285714285,0.07142857142857142,0.037053093
53.0,0.21428571428571427,0.07142857142857142,0.057308346
53.0,0.2857142857142857,0.07142857142857142,0.07603477
53.0,0.3571428571428571,0.07142857142857142,0.0949688
53.0,0.42857142857142855,0.07142857142857142,0.11082315
53.0,0.5,0.07142857142857142,0.11573354
53.0,0.5714285714285714,0.07142857142857142,0.10724061
53.0,0.6428571428571428,0.07142857142857142,0.09203793
53.0,0.7142857142857142,0.07142857142857142,0.077107005
53.0,0.7857142857142857,0.07142857142857142,0.062384777
53.0,0.8571428571428571,0.07142857142857142,0.043870118
53.0,0.9285714285714285,0.07142857142857142,0.019130006
53.0,1.0,0.07142857142857142,-0.01214625
53.0,0.0,0.14285714285714285,-0.008674752
53.0,0.07142857142857142,0.14285714285714285,0.036381725
53.0,0.14285714285714285,0.14285714285714285,0.079636596
53.0,0.21428571428571427,0.14285714285714285,0.120595075
53.0,0.2857142857142857,0.14285714285714285,0.15945636
53.0,0.3571428571428571,0.14285714285714285,0.19608602
53.0,0.42857142857142855,0.14285714285714285,0.22506735
53.0,0.5,0.14285714285714285,0.2352259
53.0,0.5714285714285714,0.14285714285714285,0.22234067
53.0,0.6428571428571428,0.14285714285714285,0.19505017
53.0,0.7142857142857142,0.14285714285714285,0.16285446
53.0,0.7857142857142857,0.14285714285714285,0.12736267
53.0,0.8571428571428571,0.14285714285714285,0.08703031
53.0,0.9285714285714285,0.14285714285714285,0.0418792
53.0,1.0,0.14285714285714285,-0.0075240964
53.0,0.0,0.21428571428571427,-0.006223861
53.0,0.07142857142857142,0.21428571428571427,0.05693286
53.0,0.14285714285714285,0.21428571428571427,0.12016434
53.0,0.21428571428571427,0.21428571428571427,0.18207926
53.0,0.2857142857142857,0.21428571428571427,0.24130467
53.0,0.3571428571428571,0.21428571428571427,0.29587582
53.0,0.42857142857142855,0.21428571428571427,0.33841172
53.0,0.5,0.21428571428571427,0.3543947
53.0,0.5714285714285714,0.21428571428571427,0.3372101
53.0,0.6428571428571428,0.21428571428571427,0.29695186
53.0,0.7142857142857142,0.21428571428571427,0.24560979
53.0,0.7857142857142857,0.21428571428571427,0.1875456
53.0,0.8571428571428571,0.21428571428571427,0.12480471
53.0,0.9285714285714285,0.21428571428571427,0.059594393
53.0,1.0,0.21428571428571427,-0.0073243612
53.0,0.0,0.2857142857142857,-0.0054331804
53.0,0.07142857142857142,0.2857142857142857,0.076306455
53.0,0.14285714285714285,0.2857142857142857,0.15933055
53.0,0.21428571428571427,0.2857142857142857,0.24131322
53.0,0.2857142857142857,0.2857142857142857,0.3196369
53.0,0.3571428571428571,0.2857142857142857,0.39097783
53.0,0.42857142857142855,0.2857142857142857,0.44645116
53.0,0.5,0.2857142857142857,0.46833387
53.0,0.5714285714285714,0.2857142857142857,0.446989
53.0,0.6428571428571428,0.2857142857142857,0.39349675
53.0,0.7142857142857142,0.2857142857142857,0.32262796
53.0,0.7857142857142857,0.2857142857142857,0.24255419
53.0,0.8571428571428571,0.2857142857142857,0.15900461
53.0,0.9285714285714285,0.2857142857142857,0.07539584
53.0,1.0,0.2857142857142857,-0.0076195234
53.0,0.0,0.3571428571428571,-0.005875935
53.0,0.07142857142857142,0.3571428571428571,0.094252385
53.0,0.14285714285714285,0.3571428571428571,0.19605155
53.0,0.21428571428571427,0.3571428571428571,0.2961134
53.0,0.2857142857142857,0.3571428571428571,0.39099643
53.0,0.3571428571428571,0.3571428571428571,0.4767473
53.0,0.42857142857142855,0.3571428571428571,0.5435787
53.0,0.5,0.3571428571428571,0.5707818
53.0,0.5714285714285714,0.3571428571428571,0.5453925
53.0,0.6428571428571428,0.3571428571428571,0.4795248
53.0,0.7142857142857142,0.3571428571428571,0.39120427
53.0,0.7857142857142857,0.3571428571428571,0.29245573
53.0,0.8571428571428571,0.3571428571428571,0.19148245
53.0,0.9285714285714285,0.3571428571428571,0.09203627
53.0,1.0,0.3571428571428571,-0.004892268
53.0,0.0,0.42857142857142855,-0.007903368
53.0,0.07142857142857142,0.42857142857142855,0.107525565
53.0,0.14285714285714285,0.42857142857142855,0.22466105
53.0,0.21428571428571427,0.42857142857142855,0.33881256
53.0,0.2857142857142857,0.42857142857142855,0.44591707
53.0,0.3571428571428571,0.42857142857142855,0.54189986
53.0,0.42857142857142855,0.42857142857142855,0.6166931
53.0,0.5,0.42857142857142855,0.6475303
53.0,0.5714285714285714,0.42857142857142855,0.6190452
53.0,0.6428571428571428,0.42857142857142855,0.5446209
53.0,0.7142857142857142,0.42857142857142855,0.44478247
53.0,0.7857142857142857,0.42857142857142855,0.33359167
53.0,0.8571428571428571,0.42857142857142855,0.2201061
53.0,0.9285714285714285,0.42857142857142855,0.10856948
53.0,1.0,0.42857142857142855,0.0012862226
53.0,0.0,0.5,-0.008311079
53.0,0.07142857142857142,0.5,0.11312361
53.0,0.14285714285714285,0.5,0.23638624
53.0,0.21428571428571427,0.5,0.3560086
53.0,0.2857142857142857,0.5,0.4675154
53.0,0.3571428571428571,0.5,0.56656134
53.0,0.42857142857142855,0.5,0.6428797
53.0,0.5,0.5,0.67396384
53.0,0.5714285714285714,0.5,0.6451364
53.0,0.6428571428571428,0.5,0.57001305
53.0,0.7142857142857142,0.5,0.4683012
53.0,0.7857142857142857,0.5,0.3534033
53.0,0.8571428571428571,0.5,0.23459756
53.0,0.9285714285714285,0.5,0.117556624
53.0,1.0,0.5,0.0063471114
53.0,0.0,0.5714285714285714,-0.0041694874
53.0,0.07142857142857142,0.5714285714285714,0.11044299
53.0,0.14285714285714285,0.5714285714285714,0.22680756
53.0,0.21428571428571427,0.5714285714285714,0.34060878
53.0,0.2857142857142857,0.5714285714285714,0.44799492
53.0,0.3571428571428571,0.5714285714285714,0.54372776
53.0,0.42857142857142855,0.5714285714285714,0.6158881
53.0,0.5,0.5714285714285714,0.6436027
53.0,0.5714285714285714,0.5714285714285714,0.6161305
53.0,0.6428571428571428,0.5714285714285714,0.5461842
53.0,0.7142857142857142,0.5714285714285714,0.4502172
53.0,0.7857142857142857,0.5714285714285714,0.3399458
53.0,0.8571428571428571,0.5714285714285714,0.22481003
53.0,0.9285714285714285,0.5714285714285714,0.11172479
53.0,1.0,0.5714285714285714,0.0054847365
53.0,0.0,0.6428571428571428,-0.00088337157
53.0,0.07142857142857142,0.6428571428571428,0.09780219
53.0,0.14285714285714285,0.6428571428571428,0.19785564
53.0,0.21428571428571427,0.6428571428571428,0.29738292
53.0,0.2857142857142857,0.6428571428571428,0.3939725
53.0,0.3571428571428571,0.6428571428571428,0.48159692
53.0,0.42857142857142855,0.6428571428571428,0.5466604
53.0,0.5,0.6428571428571428,0.57043046
53.0,0.5714285714285714,0.6428571428571428,0.54568166
53.0,0.6428571428571428,0.6428571428571428,0.48328707
53.0,0.7142857142857142,0.6428571428571428,0.39726493
53.0,0.7857142857142857,0.6428571428571428,0.2984765
53.0,0.8571428571428571,0.6428571428571428,0.1957793
53.0,0.9285714285714285,0.6428571428571428,0.09554845
53.0,1.0,0.6428571428571428,0.0016995138
53.0,0.0,0.7142857142857142,-0.000424386
53.0,0.07142857142857142,0.7142857142857142,0.079273745
53.0,0.14285714285714285,0.7142857142857142,0.15950345
53.0,0.21428571428571427,0.7142857142857142,0.2402386
53.0,0.2857142857142857,0.7142857142857142,0.3202495
53.0,0.3571428571428571,0.7142857142857142,0.39370036
53.0,0.42857142857142855,0.7142857142857142,0.44777703
53.0,0.5,0.7142857142857142,0.4672363
53.0,0.5714285714285714,0.7142857142857142,0.44673076
53.0,0.6428571428571428,0.7142857142857142,0.39443457
53.0,0.7142857142857142,0.7142857142857142,0.32266438
53.0,0.7857142857142857,0.7142857142857142,0.24157009
53.0,0.8571428571428571,0.7142857142857142,0.1582011
53.0,0.9285714285714285,0.7142857142857142,0.076726906
53.0,1.0,0.7142857142857142,-0.00068209413
53.0,0.0,0.7857142857142857,-0.0012675384
53.0,0.07142857142857142,0.7857142857142857,0.059845082
53.0,0.14285714285714285,0.7857142857142857,0.120295785
53.0,0.21428571428571427,0.7857142857142857,0.18097523
53.0,0.2857142857142857,0.7857142857142857,0.24134043
53.0,0.3571428571428571,0.7857142857142857,0.2965837
53.0,0.42857142857142855,0.7857142857142857,0.3366514
53.0,0.5,0.7857142857142857,0.35065922
53.0,0.5714285714285714,0.7857142857142857,0.33475477
53.0,0.6428571428571428,0.7857142857142857,0.2945178
53.0,0.7142857142857142,0.7857142857142857,0.2399385
53.0,0.7857142857142857,0.7857142857142857,0.17948395
53.0,0.8571428571428571,0.7857142857142857,0.117857225
53.0,0.9285714285714285,0.7857142857142857,0.056817733
53.0,1.0,0.7857142857142857,-0.0031480724
53.0,0.0,0.8571428571428571,-0.0033221254
53.0,0.07142857142857142,0.8571428571428571,0.04025012
53.0,0.14285714285714285,0.8571428571428571,0.08165907
53.0,0.21428571428571427,0.8571428571428571,0.12215888
53.0,0.2857142857142857,0.8571428571428571,0.16176063
53.0,0.3571428571428571,0.8571428571428571,0.19731812
53.0,0.42857142857142855,0.8571428571428571,0.22246651
53.0,0.5,0.8571428571428571,0.23083474
53.0,0.5714285714285714,0.8571428571428571,0.22014935
53.0,0.6428571428571428,0.8571428571428571,0.19352521
53.0,0.7142857142857142,0.8571428571428571,0.15745033
53.0,0.7857142857142857,0.8571428571428571,0.11772228
53.0,0.8571428571428571,0.8571428571428571,0.07695825
53.0,0.9285714285714285,0.8571428571428571,0.035238728
53.0,1.0,0.8571428571428571,-0.008110468
53.0,0.0,0.9285714285714285,-0.008769036
53.0,0.07142857142857142,0.9285714285714285,0.01781682
53.0,0.14285714285714285,0.9285714285714285,0.040638186
53.0,0.21428571428571427,0.9285714285714285,0.061227635
53.0,0.2857142857142857,0.9285714285714285,0.08038209
53.0,0.3571428571428571,0.9285714285714285,0.09708639
53.0,0.42857142857142855,0.9285714285714285,0.108751334
53.0,0.5,0.9285714285714285,0.11284485
53.0,0.5714285714285714,0.9285714285714285,0.108272515
53.0,0.6428571428571428,0.9285714285714285,0.095779456
53.0,0.7142857142857142,0.9285714285714285,0.07794041
53.0,0.7857142857142857,0.9285714285714285,0.057552397
53.0,0.8571428571428571,0.9285714285714285,0.03560286
53.0,0.9285714285714285,0.9285714285714285,0.011250886
53.0,1.0,0.9285714285714285,-0.016828433
53.0,0.0,1.0,-0.021093622
53.0,0.07142857142857142,1.0,-0.011264636
53.0,0.14285714285714285,1.0,-0.0063970163
53.0,0.21428571428571427,1.0,-0.0044446317
53.0,0.2857142857142857,1.0,-0.0034937048
53.0,0.3571428571428571,1.0,-0.0023790644
53.0,0.42857142857142855,1.0,-0.00071133394
53.0,0.5,1.0,0.001402407
53.0,0.5714285714285714,1.0,0.0032981401
53.0,0.6428571428571428,1.0,0.0038176542
53.0,0.7142857142857142,1.0,0.0023207879
53.0,0.7857142857142857,1.0,-0.0010591494
53.0,0.8571428571428571,1.0,-0.0066258544
53.0,0.9285714285714285,1.0,-0.015702832
53.0,1.0,1.0,-0.029934362
54.0,0.0,0.0,-0.024713669
54.0,0.07142857142857142,0.0,-0.013942975
54.0,0.14285714285714285,0.0,-0.008727452
54.0,0.21428571428571427,0.0,-0.007550846
54.0,0.2857142857142857,0.0,-0.006964621
54.0,0.3571428571428571,0.0,-0.0038004806
54.0,0.42857142857142855,0.0,0.0005508056
54.0,0.5,0.0,0.0012354264
54.0,0.5714285714285714,0.0,-0.0029960442
54.0,0.6428571428571428,0.0,-0.0076278737
54.0,0.7142857142857142,0.0,-0.008188234
54.0,0.7857142857142857,0.0,-0.005648994
54.0,0.8571428571428571,0.0,-0.005015266
54.0,0.9285714285714285,0.0,-0.0106018195
54.0,1.0,0.0,-0.024102353
54.0,0.0,0.07142857142857142,-0.01438266
54.0,0.07142857142857142,0.07142857142857142,0.013114742
54.0,0.14285714285714285,0.07142857142857142,0.036797956
54.0,0.21428571428571427,0.07142857142857142,0.057117097
54.0,0.2857142857142857,0.07142857142857142,0.075920835
54.0,0.3571428571428571,0.07142857142857142,0.094848454
54.0,0.42857142857142855,0.07142857142857142,0.110594265
54.0,0.5,0.07142857142857142,0.115451224
54.0,0.5714285714285714,0.07142857142857142,0.10704158
54.0,0.6428571428571428,0.07142857142857142,0.091921836
54.0,0.7142857142857142,0.07142857142857142,0.07697634
54.0,0.7857142857142857,0.07142857142857142,0.062204443
54.0,0.8571428571428571,0.07142857142857142,0.0436746
54.0,0.9285714285714285,0.07142857142857142,0.018954672
54.0,1.0,0.07142857142857142,-0.012282283
54.0,0.0,0.14285714285714285,-0.008772921
54.0,0.07142857142857142,0.14285714285714285,0.036191206
54.0,0.14285714285714285,0.14285714285714285,0.07940156
54.0,0.21428571428571427,0.14285714285714285,0.12035618
54.0,0.2857142857142857,0.14285714285714285,0.15921003
54.0,0.3571428571428571,0.14285714285714285,0.19573167
54.0,0.42857142857142855,0.14285714285714285,0.2244937
54.0,0.5,0.14285714285714285,0.2345541
54.0,0.5714285714285714,0.14285714285714285,0.22182894
54.0,0.6428571428571428,0.14285714285714285,0.19474874
54.0,0.7142857142857142,0.14285714285714285,0.16263367
54.0,0.7857142857142857,0.14285714285714285,0.1271409
54.0,0.8571428571428571,0.14285714285714285,0.08680145
54.0,0.9285714285714285,0.14285714285714285,0.041664362
54.0,1.0,0.14285714285714285,-0.0076887617
54.0,0.0,0.21428571428571427,-0.006187546
54.0,0.07142857142857142,0.21428571428571427,0.056832753
54.0,0.14285714285714285,0.21428571428571427,0.11997294
54.0,0.21428571428571427,0.21428571428571427,0.18183044
54.0,0.2857142857142857,0.21428571428571427,0.24098343
54.0,0.3571428571428571,0.21428571428571427,0.29536477
54.0,0.42857142857142855,0.21428571428571427,0.33757812
54.0,0.5,0.21428571428571427,0.35340625
54.0,0.5714285714285714,0.21428571428571427,0.33644822
54.0,0.6428571428571428,0.21428571428571427,0.29651907
54.0,0.7142857142857142,0.21428571428571427,0.2453452
54.0,0.7857142857142857,0.21428571428571427,0.18731466
54.0,0.8571428571428571,0.21428571428571427,0.124560006
54.0,0.9285714285714285,0.21428571428571427,0.059360944
54.0,1.0,0.21428571428571427,-0.0074714506
54.0,0.0,0.2857142857142857,-0.005273639
54.0,0.07142857142857142,0.2857142857142857,0.07627318
54.0,0.14285714285714285,0.2857142857142857,0.15915662
54.0,0.21428571428571427,0.2857142857142857,0.24103978
54.0,0.2857142857142857,0.2857142857142857,0.31924823
54.0,0.3571428571428571,0.2857142857142857,0.3903374
54.0,0.42857142857142855,0.2857142857142857,0.445388
54.0,0.5,0.2857142857142857,0.46704087
54.0,0.5714285714285714,0.2857142857142857,0.44597378
54.0,0.6428571428571428,0.2857142857142857,0.392927
54.0,0.7142857142857142,0.2857142857142857,0.32231343
54.0,0.7857142857142857,0.2857142857142857,0.24230057
54.0,0.8571428571428571,0.2857142857142857,0.15872855
54.0,0.9285714285714285,0.2857142857142857,0.0751518
54.0,1.0,0.2857142857142857,-0.0077047283
54.0,0.0,0.3571428571428571,-0.0056564035
54.0,0.07142857142857142,0.3571428571428571,0.09420327
54.0,0.14285714285714285,0.3571428571428571,0.19579528
54.0,0.21428571428571427,0.3571428571428571,0.29571018
54.0,0.2857142857142857,0.3571428571428571,0.39043316
54.0,0.3571428571428571,0.3571428571428571,0.47586247
54.0,0.42857142857142855,0.3571428571428571,0.54215187
54.0,0.5,0.3571428571428571,0.5690279
54.0,0.5714285714285714,0.3571428571428571,0.5439714
54.0,0.6428571428571428,0.3571428571428571,0.47869363
54.0,0.7142857142857142,0.3571428571428571,0.39074558
54.0,0.7857142857142857,0.3571428571428571,0.29210037
54.0,0.8571428571428571,0.3571428571428571,0.1911202
54.0,0.9285714285714285,0.3571428571428571,0.09176659
54.0,1.0,0.3571428571428571,-0.004893766
54.0,0.0,0.42857142857142855,-0.0077070044
54.0,0.07142857142857142,0.42857142857142855,0.10737084
54.0,0.14285714285714285,0.42857142857142855,0.2242136
54.0,0.21428571428571427,0.42857142857142855,0.33814096
54.0,0.2857142857142857,0.42857142857142855,0.44500697
54.0,0.3571428571428571,0.42857142857142855,0.54055935
54.0,0.42857142857142855,0.42857142857142855,0.6146606
54.0,0.5,0.42857142857142855,0.64507437
54.0,0.5714285714285714,0.42857142857142855,0.61701363
54.0,0.6428571428571428,0.42857142857142855,0.543363
54.0,0.7142857142857142,0.42857142857142855,0.4440411
54.0,0.7857142857142857,0.42857142857142855,0.33302358
54.0,0.8571428571428571,0.42857142857142855,0.21958728
54.0,0.9285714285714285,0.42857142857142855,0.108239606
54.0,1.0,0.42857142857142855,0.0013482412
54.0,0.0,0.5,-0.008156122
54.0,0.07142857142857142,0.5,0.11290104
54.0,0.14285714285714285,0.5,0.23582941
54.0,0.21428571428571427,0.5,0.35517934
54.0,0.2857142857142857,0.5,0.466388
54.0,0.3571428571428571,0.5,0.56492156
54.0,0.42857142857142855,0.5,0.64045936
54.0,0.5,0.5,0.6710988
54.0,0.5714285714285714,0.5,0.6427769
54.0,0.6428571428571428,0.5,0.5685146
54.0,0.7142857142857142,0.5,0.467367
54.0,0.7857142857142857,0.5,0.3526742
54.0,0.8571428571428571,0.5,0.23396769
54.0,0.9285714285714285,0.5,0.11719213
54.0,1.0,0.5,0.006455957
54.0,0.0,0.5714285714285714,-0.0040472755
54.0,0.07142857142857142,0.5714285714285714,0.11024981
54.0,0.14285714285714285,0.5714285714285714,0.22635704
54.0,0.21428571428571427,0.5714285714285714,0.33996168
54.0,0.2857142857142857,0.5714285714285714,0.44709897
54.0,0.3571428571428571,0.5714285714285714,0.54233354
54.0,0.42857142857142855,0.5714285714285714,0.61374557
54.0,0.5,0.5714285714285714,0.6410905
54.0,0.5714285714285714,0.5714285714285714,0.61412203
54.0,0.6428571428571428,0.5714285714285714,0.5449345
54.0,0.7142857142857142,0.5714285714285714,0.44942883
54.0,0.7857142857142857,0.5714285714285714,0.33932036
54.0,0.8571428571428571,0.5714285714285714,0.2242836
54.0,0.9285714285714285,0.5714285714285714,0.111460894
54.0,1.0,0.5714285714285714,0.0056801504
54.0,0.0,0.6428571428571428,-0.000817501
54.0,0.07142857142857142,0.6428571428571428,0.097649656
54.0,0.14285714285714285,0.6428571428571428,0.1975765
54.0,0.21428571428571427,0.6428571428571428,0.29704106
54.0,0.2857142857142857,0.6428571428571428,0.39348108
54.0,0.3571428571428571,0.6428571428571428,0.4806713
54.0,0.42857142857142855,0.6428571428571428,0.5450748
54.0,0.5,0.6428571428571428,0.568546
54.0,0.5714285714285714,0.6428571428571428,0.54420674
54.0,0.6428571428571428,0.6428571428571428,0.48239642
54.0,0.7142857142857142,0.6428571428571428,0.3967132
54.0,0.7857142857142857,0.6428571428571428,0.29804793
54.0,0.8571428571428571,0.6428571428571428,0.19544414
54.0,0.9285714285714285,0.6428571428571428,0.09543952
54.0,1.0,0.6428571428571428,0.0019793129
54.0,0.0,0.7142857142857142,-0.0004486302
54.0,0.07142857142857142,0.7142857142857142,0.07911205
54.0,0.14285714285714285,0.7142857142857142,0.15931463
54.0,0.21428571428571427,0.7142857142857142,0.24008223
54.0,0.2857142857142857,0.7142857142857142,0.3200225
54.0,0.3571428571428571,0.7142857142857142,0.3931241
54.0,0.42857142857142855,0.7142857142857142,0.44665536
54.0,0.5,0.7142857142857142,0.46585
54.0,0.5714285714285714,0.7142857142857142,0.4456156
54.0,0.6428571428571428,0.7142857142857142,0.39375126
54.0,0.7142857142857142,0.7142857142857142,0.32225165
54.0,0.7857142857142857,0.7142857142857142,0.24127448
54.0,0.8571428571428571,0.7142857142857142,0.15799946
54.0,0.9285714285714285,0.7142857142857142,0.07671196
54.0,1.0,0.7142857142857142,-0.00038647
54.0,0.0,0.7857142857142857,-0.0013970295
54.0,0.07142857142857142,0.7857142857142857,0.059638813
54.0,0.14285714285714285,0.7857142857142857,0.12012469
54.0,0.21428571428571427,0.7857142857142857,0.18088582
54.0,0.2857142857142857,0.7857142857142857,0.24122685
54.0,0.3571428571428571,0.7857142857142857,0.2962028
54.0,0.42857142857142855,0.7857142857142857,0.335842
54.0,0.5,0.7857142857142857,0.34961358
54.0,0.5714285714285714,0.7857142857142857,0.33386534
54.0,0.6428571428571428,0.7857142857142857,0.29395393
54.0,0.7142857142857142,0.7857142857142857,0.23961496
54.0,0.7857142857142857,0.7857142857142857,0.17928107
54.0,0.8571428571428571,0.7857142857142857,0.11773879
54.0,0.9285714285714285,0.7857142857142857,0.05683843
54.0,1.0,0.7857142857142857,-0.0028921077
54.0,0.0,0.8571428571428571,-0.0035508508
54.0,0.07142857142857142,0.8571428571428571,0.039997246
54.0,0.14285714285714285,0.8571428571428571,0.08148774
54.0,0.21428571428571427,0.8571428571428571,0.12210319
54.0,0.2857142857142857,0.8571428571428571,0.16172472
54.0,0.3571428571428571,0.8571428571428571,0.19710746
54.0,0.42857142857142855,0.8571428571428571,0.22195712
54.0,0.5,0.8571428571428571,0.23014294
54.0,0.5714285714285714,0.8571428571428571,0.21954265
54.0,0.6428571428571428,0.8571428571428571,0.19315371
54.0,0.7142857142857142,0.8571428571428571,0.15727389
54.0,0.7857142857142857,0.8571428571428571,0.117641844
54.0,0.8571428571428571,0.8571428571428571,0.07692465
54.0,0.9285714285714285,0.8571428571428571,0.035280477
54.0,1.0,0.8571428571428571,-0.007913985
54.0,0.0,0.9285714285714285,-0.009071329
54.0,0.07142857142857142,0.9285714285714285,0.01754725
54.0,0.14285714285714285,0.9285714285714285,0.04049837
54.0,0.21428571428571427,0.9285714285714285,0.06124361
54.0,0.2857142857142857,0.9285714285714285,0.08047364
54.0,0.3571428571428571,0.9285714285714285,0.09710746
54.0,0.42857142857142855,0.9285714285714285,0.10860594
54.0,0.5,0.9285714285714285,0.11258816
54.0,0.5714285714285714,0.9285714285714285,0.10806187
54.0,0.6428571428571428,0.9285714285714285,0.09571726
54.0,0.7142857142857142,0.9285714285714285,0.0780017
54.0,0.7857142857142857,0.9285714285714285,0.05765362
54.0,0.8571428571428571,0.9285714285714285,0.035689823
54.0,0.9285714285714285,0.9285714285714285,0.011338173
54.0,1.0,0.9285714285714285,-0.016671699
54.0,0.0,1.0,-0.021411229
54.0,0.07142857142857142,1.0,-0.011481545
54.0,0.14285714285714285,1.0,-0.006427855
54.0,0.21428571428571427,1.0,-0.0042741317
54.0,0.2857142857142857,1.0,-0.0031899652
54.0,0.3571428571428571,1.0,-0.0020542117
54.0,0.42857142857142855,1.0,-0.00044651795
54.0,0.5,1.0,0.0016173935
54.0,0.5714285714285714,1.0,0.0035371063
54.0,0.6428571428571428,1.0,0.0041299714
54.0,0.7142857142857142,1.0,0.0026779575
54.0,0.7857142857142857,1.0,-0.0007295916
54.0,0.8571428571428571,1.0,-0.0063765245
54.0,0.9285714285714285,1.0,-0.015529026
54.0,1.0,1.0,-0.029775683
55.0,0.0,0.0,-0.025006672
55.0,0.07142857142857142,0.0,-0.014249737
55.0,0.14285714285714285,0.0,-0.008972602
55.0,0.21428571428571427,0.0,-0.007657391
55.0,0.2857142857142857,0.0,-0.0069039324
55.0,0.3571428571428571,0.0,-0.0036447532
55.0,0.42857142857142855,0.0,0.0007001236
55.0,0.5,0.0,0.0013650982
55.0,0.5714285714285714,0.0,-0.0028579142
55.0,0.6428571428571428,0.0,-0.007522124
55.0,0.7142857142857142,0.0,-0.008186839
55.0,0.7857142857142857,0.0,-0.0057527134
55.0,0.8571428571428571,0.0,-0.0051603997
55.0,0.9285714285714285,0.0,-0.010731631
55.0,1.0,0.0,-0.024195246
55.0,0.0,0.07142857142857142,-0.014607716
55.0,0.07142857142857142,0.07142857142857142,0.012837145
55.0,0.14285714285714285,0.07142857142857142,0.03652691
55.0,0.21428571428571427,0.07142857142857142,0.056909136
55.0,0.2857142857142857,0.07142857142857142,0.075789236
55.0,0.3571428571428571,0.07142857142857142,0.094709806
55.0,0.42857142857142855,0.07142857142857142,0.11034886
55.0,0.5,0.07142857142857142,0.11515509
55.0,0.5714285714285714,0.07142857142857142,0.10682653
55.0,0.6428571428571428,0.07142857142857142,0.09179001
55.0,0.7142857142857142,0.07142857142857142,0.076831065
55.0,0.7857142857142857,0.07142857142857142,0.062007166
55.0,0.8571428571428571,0.07142857142857142,0.043457855
55.0,0.9285714285714285,0.07142857142857142,0.018753596
55.0,1.0,0.07142857142857142,-0.012445548
55.0,0.0,0.14285714285714285,-0.008888336
55.0,0.07142857142857142,0.14285714285714285,0.03598457
55.0,0.14285714285714285,0.14285714285714285,0.07915193
55.0,0.21428571428571427,0.14285714285714285,0.1201018
55.0,0.2857142857142857,0.14285714285714285,0.1589452
55.0,0.3571428571428571,0.14285714285714285,0.1953584
55.0,0.42857142857142855,0.14285714285714285,0.22390623
55.0,0.5,0.14285714285714285,0.23387207
55.0,0.5714285714285714,0.14285714285714285,0.22130387
55.0,0.6428571428571428,0.14285714285714285,0.1944308
55.0,0.7142857142857142,0.14285714285714285,0.16239609
55.0,0.7857142857142857,0.14285714285714285,0.12690133
55.0,0.8571428571428571,0.14285714285714285,0.086552046
55.0,0.9285714285714285,0.14285714285714285,0.0414247
55.0,1.0,0.14285714285714285,-0.007880614
55.0,0.0,0.21428571428571427,-0.006169621
55.0,0.07142857142857142,0.21428571428571427,0.056716807
55.0,0.14285714285714285,0.21428571428571427,0.11976767
55.0,0.21428571428571427,0.21428571428571427,0.1815668
55.0,0.2857142857142857,0.21428571428571427,0.24064487
55.0,0.3571428571428571,0.21428571428571427,0.29483593
55.0,0.42857142857142855,0.21428571428571427,0.33673254
55.0,0.5,0.21428571428571427,0.35241038
55.0,0.5714285714285714,0.21428571428571427,0.33567372
55.0,0.6428571428571428,0.21428571428571427,0.29606852
55.0,0.7142857142857142,0.21428571428571427,0.24506328
55.0,0.7857142857142857,0.21428571428571427,0.1870675
55.0,0.8571428571428571,0.21428571428571427,0.12429724
55.0,0.9285714285714285,0.21428571428571427,0.059105203
55.0,1.0,0.21428571428571427,-0.0076442966
55.0,0.0,0.2857142857142857,-0.005133533
55.0,0.07142857142857142,0.2857142857142857,0.07622451
55.0,0.14285714285714285,0.2857142857142857,0.15896992
55.0,0.21428571428571427,0.2857142857142857,0.24075368
55.0,0.2857142857142857,0.2857142857142857,0.31884295
55.0,0.3571428571428571,0.2857142857142857,0.38967866
55.0,0.42857142857142855,0.2857142857142857,0.4443139
55.0,0.5,0.2857142857142857,0.46574295
55.0,0.5714285714285714,0.2857142857142857,0.4449468
55.0,0.6428571428571428,0.2857142857142857,0.39233813
55.0,0.7142857142857142,0.2857142857142857,0.3219836
55.0,0.7857142857142857,0.2857142857142857,0.24203545
55.0,0.8571428571428571,0.2857142857142857,0.15843996
55.0,0.9285714285714285,0.2857142857142857,0.07488948
55.0,1.0,0.2857142857142857,-0.007813045
55.0,0.0,0.3571428571428571,-0.0054573836
55.0,0.07142857142857142,0.3571428571428571,0.0941393
55.0,0.14285714285714285,0.3571428571428571,0.19552958
55.0,0.21428571428571427,0.3571428571428571,0.29529762
55.0,0.2857142857142857,0.3571428571428571,0.38985756
55.0,0.3571428571428571,0.3571428571428571,0.47496235
55.0,0.42857142857142855,0.3571428571428571,0.5407177
55.0,0.5,0.3571428571428571,0.56727666
55.0,0.5714285714285714,0.3571428571428571,0.5425461
55.0,0.6428571428571428,0.3571428571428571,0.47784927
55.0,0.7142857142857142,0.3571428571428571,0.39027864
55.0,0.7857142857142857,0.3571428571428571,0.29174295
55.0,0.8571428571428571,0.3571428571428571,0.1907546
55.0,0.9285714285714285,0.3571428571428571,0.09148443
55.0,1.0,0.3571428571428571,-0.0049153427
55.0,0.0,0.42857142857142855,-0.007530381
55.0,0.07142857142857142,0.42857142857142855,0.10720336
55.0,0.14285714285714285,0.42857142857142855,0.22376145
55.0,0.21428571428571427,0.42857142857142855,0.33746848
55.0,0.2857142857142857,0.42857142857142855,0.44409347
55.0,0.3571428571428571,0.42857142857142855,0.53921455
55.0,0.42857142857142855,0.42857142857142855,0.61263716
55.0,0.5,0.42857142857142855,0.6426422
55.0,0.5714285714285714,0.42857142857142855,0.61499757
55.0,0.6428571428571428,0.42857142857142855,0.54210824
55.0,0.7142857142857142,0.42857142857142855,0.4433034
55.0,0.7857142857142857,0.42857142857142855,0.3324647
55.0,0.8571428571428571,0.42857142857142855,0.21907344
55.0,0.9285714285714285,0.42857142857142855,0.107903115
55.0,1.0,0.42857142857142855,0.0013932949
55.0,0.0,0.5,-0.008023002
55.0,0.07142857142857142,0.5,0.11266443
55.0,0.14285714285714285,0.5,0.23526798
55.0,0.21428571428571427,0.5,0.35435104
55.0,0.2857142857142857,0.5,0.46526194
55.0,0.3571428571428571,0.5,0.563286
55.0,0.42857142857142855,0.5,0.6380607
55.0,0.5,0.5,0.66827404
55.0,0.5714285714285714,0.5,0.64044696
55.0,0.6428571428571428,0.5,0.5670278
55.0,0.7142857142857142,0.5,0.46644098
55.0,0.7857142857142857,0.5,0.3519577
55.0,0.8571428571428571,0.5,0.23334713
55.0,0.9285714285714285,0.5,0.1168241
55.0,1.0,0.5,0.006551503
55.0,0.0,0.5714285714285714,-0.0039540688
55.0,0.07142857142857142,0.5714285714285714,0.110035345
55.0,0.14285714285714285,0.5714285714285714,0.22589445
55.0,0.21428571428571427,0.5714285714285714,0.339307
55.0,0.2857142857142857,0.5714285714285714,0.4461946
55.0,0.3571428571428571,0.5714285714285714,0.54093313
55.0,0.42857142857142855,0.5714285714285714,0.61161375
55.0,0.5,0.5714285714285714,0.63860625
55.0,0.5714285714285714,0.5714285714285714,0.61212987
55.0,0.6428571428571428,0.5714285714285714,0.5436842
55.0,0.7142857142857142,0.5714285714285714,0.44863766
55.0,0.7857142857142857,0.5714285714285714,0.33869854
55.0,0.8571428571428571,0.5714285714285714,0.22376159
55.0,0.9285714285714285,0.5714285714285714,0.111194536
55.0,1.0,0.5714285714285714,0.0058644107
55.0,0.0,0.6428571428571428,-0.00078176055
55.0,0.07142857142857142,0.6428571428571428,0.09747455
55.0,0.14285714285714285,0.6428571428571428,0.19728284
55.0,0.21428571428571427,0.6428571428571428,0.29668707
55.0,0.2857142857142857,0.6428571428571428,0.3929743
55.0,0.3571428571428571,0.6428571428571428,0.47973016
55.0,0.42857142857142855,0.6428571428571428,0.5434872
55.0,0.5,0.6428571428571428,0.56667286
55.0,0.5714285714285714,0.6428571428571428,0.54273325
55.0,0.6428571428571428,0.6428571428571428,0.48149425
55.0,0.7142857142857142,0.6428571428571428,0.39615074
55.0,0.7857142857142857,0.6428571428571428,0.29761624
55.0,0.8571428571428571,0.6428571428571428,0.19510984
55.0,0.9285714285714285,0.6428571428571428,0.09532868
55.0,1.0,0.6428571428571428,0.0022508046
55.0,0.0,0.7142857142857142,-0.00049989764
55.0,0.07142857142857142,0.7142857142857142,0.078931496
55.0,0.14285714285714285,0.7142857142857142,0.15911472
55.0,0.21428571428571427,0.7142857142857142,0.23991609
55.0,0.2857142857142857,0.7142857142857142,0.31978118
55.0,0.3571428571428571,0.7142857142857142,0.39253214
55.0,0.42857142857142855,0.7142857142857142,0.4455282
55.0,0.5,0.7142857142857142,0.4644681
55.0,0.5714285714285714,0.7142857142857142,0.44449836
55.0,0.6428571428571428,0.7142857142857142,0.39305833
55.0,0.7142857142857142,0.7142857142857142,0.32183027
55.0,0.7857142857142857,0.7142857142857142,0.2409761
55.0,0.8571428571428571,0.7142857142857142,0.15779947
55.0,0.9285714285714285,0.7142857142857142,0.07669688
55.0,1.0,0.7142857142857142,-9.478722e-05
55.0,0.0,0.7857142857142857,-0.0015489096
55.0,0.07142857142857142,0.7857142857142857,0.059419416
55.0,0.14285714285714285,0.7857142857142857,0.11994613
55.0,0.21428571428571427,0.7857142857142857,0.18078926
55.0,0.2857142857142857,0.7857142857142857,0.24110106
55.0,0.3571428571428571,0.7857142857142857,0.2958071
55.0,0.42857142857142855,0.7857142857142857,0.3350255
55.0,0.5,0.7857142857142857,0.34856802
55.0,0.5714285714285714,0.7857142857142857,0.33297336
55.0,0.6428571428571428,0.7857142857142857,0.2933826
55.0,0.7142857142857142,0.7857142857142857,0.2392855
55.0,0.7857142857142857,0.7857142857142857,0.17907749
55.0,0.8571428571428571,0.7857142857142857,0.117623635
55.0,0.9285714285714285,0.7857142857142857,0.0568616
55.0,1.0,0.7857142857142857,-0.002637525
55.0,0.0,0.8571428571428571,-0.0037979195
55.0,0.07142857142857142,0.8571428571428571,0.039734036
55.0,0.14285714285714285,0.8571428571428571,0.08131001
55.0,0.21428571428571427,0.8571428571428571,0.1220405
55.0,0.2857142857142857,0.8571428571428571,0.16167654
55.0,0.3571428571428571,0.8571428571428571,0.19688162
55.0,0.42857142857142855,0.8571428571428571,0.22143674
55.0,0.5,0.8571428571428571,0.22944507
55.0,0.5714285714285714,0.8571428571428571,0.21892995
55.0,0.6428571428571428,0.8571428571428571,0.19277424
55.0,0.7142857142857142,0.8571428571428571,0.15709199
55.0,0.7857142857142857,0.8571428571428571,0.11756004
55.0,0.8571428571428571,0.8571428571428571,0.07689356
55.0,0.9285714285714285,0.8571428571428571,0.035325777
55.0,1.0,0.8571428571428571,-0.0077161686
55.0,0.0,0.9285714285714285,-0.009388381
55.0,0.07142857142857142,0.9285714285714285,0.017268758
55.0,0.14285714285714285,0.9285714285714285,0.040352263
55.0,0.21428571428571427,0.9285714285714285,0.06125085
55.0,0.2857142857142857,0.9285714285714285,0.08055235
55.0,0.3571428571428571,0.9285714285714285,0.0971127
55.0,0.42857142857142855,0.9285714285714285,0.10844644
55.0,0.5,0.9285714285714285,0.11232048
55.0,0.5714285714285714,0.9285714285714285,0.10784123
55.0,0.6428571428571428,0.9285714285714285,0.09564424
55.0,0.7142857142857142,0.9285714285714285,0.07805448
55.0,0.7857142857142857,0.9285714285714285,0.057750978
55.0,0.8571428571428571,0.9285714285714285,0.03577812
55.0,0.9285714285714285,0.9285714285714285,0.011428147
55.0,1.0,0.9285714285714285,-0.016513057
55.0,0.0,1.0,-0.02174158
55.0,0.07142857142857142,1.0,-0.01170689
55.0,0.14285714285714285,1.0,-0.0064669903
55.0,0.21428571428571427,1.0,-0.0041143727
55.0,0.2857142857142857,1.0,-0.0029000202
55.0,0.3571428571428571,1.0,-0.0017459812
55.0,0.42857142857142855,1.0,-0.00019748602
55.0,0.5,1.0,0.0018178103
55.0,0.5714285714285714,1.0,0.0037618643
55.0,0.6428571428571428,1.0,0.004427864
55.0,0.7142857142857142,1.0,0.0030231653
55.0,0.7857142857142857,1.0,-0.0004066052
55.0,0.8571428571428571,1.0,-0.006129504
55.0,0.9285714285714285,1.0,-0.015354359
55.0,1.0,1.0,-0.029615216
56.0,0.0,0.0,-0.025318742
56.0,0.07142857142857142,0.0,-0.014573403
56.0,0.14285714285714285,0.0,-0.009233367
56.0,0.21428571428571427,0.0,-0.0077788522
56.0,0.2857142857142857,0.0,-0.00685999
56.0,0.3571428571428571,0.0,-0.00350736
56.0,0.42857142857142855,0.0,0.00083180424
56.0,0.5,0.0,0.0014784159
56.0,0.5714285714285714,0.0,-0.0027360814
56.0,0.6428571428571428,0.0,-0.007431508
56.0,0.7142857142857142,0.0,-0.008199395
56.0,0.7857142857142857,0.0,-0.0058724927
56.0,0.8571428571428571,0.0,-0.005326298
56.0,0.9285714285714285,0.0,-0.010886476
56.0,1.0,0.0,-0.024314985
56.0,0.0,0.07142857142857142,-0.014850963
56.0,0.07142857142857142,0.07142857142857142,0.012543297
56.0,0.14285714285714285,0.07142857142857142,0.036240637
56.0,0.21428571428571427,0.07142857142857142,0.05668608
56.0,0.2857142857142857,0.07142857142857142,0.07564002
56.0,0.3571428571428571,0.07142857142857142,0.09455205
56.0,0.42857142857142855,0.07142857142857142,0.11008761
56.0,0.5,0.07142857142857142,0.11484485
56.0,0.5714285714285714,0.07142857142857142,0.10659671
56.0,0.6428571428571428,0.07142857142857142,0.09164318
56.0,0.7142857142857142,0.07142857142857142,0.07666992
56.0,0.7857142857142857,0.07142857142857142,0.061793007
56.0,0.8571428571428571,0.07142857142857142,0.043220088
56.0,0.9285714285714285,0.07142857142857142,0.018527627
56.0,1.0,0.07142857142857142,-0.01263626
56.0,0.0,0.14285714285714285,-0.009021403
56.0,0.07142857142857142,0.14285714285714285,0.035762135
56.0,0.14285714285714285,0.14285714285714285,0.078886844
56.0,0.21428571428571427,0.14285714285714285,0.11983117
56.0,0.2857142857142857,0.14285714285714285,0.15866277
56.0,0.3571428571428571,0.14285714285714285,0.19496763
56.0,0.42857142857142855,0.14285714285714285,0.22330537
56.0,0.5,0.14285714285714285,0.23317982
56.0,0.5714285714285714,0.14285714285714285,0.22076537
56.0,0.6428571428571428,0.14285714285714285,0.19409665
56.0,0.7142857142857142,0.14285714285714285,0.16214246
56.0,0.7857142857142857,0.14285714285714285,0.12664501
56.0,0.8571428571428571,0.14285714285714285,0.086282514
56.0,0.9285714285714285,0.14285714285714285,0.041161284
56.0,1.0,0.14285714285714285,-0.008099177
56.0,0.0,0.21428571428571427,-0.0061702505
56.0,0.07142857142857142,0.21428571428571427,0.056585036
56.0,0.14285714285714285,0.21428571428571427,0.11954776
56.0,0.21428571428571427,0.21428571428571427,0.18128844
56.0,0.2857142857142857,0.21428571428571427,0.24028826
56.0,0.3571428571428571,0.21428571428571427,0.29428875
56.0,0.42857142857142855,0.21428571428571427,0.3358744
56.0,0.5,0.21428571428571427,0.35140693
56.0,0.5714285714285714,0.21428571428571427,0.33488575
56.0,0.6428571428571428,0.21428571428571427,0.2956002
56.0,0.7142857142857142,0.21428571428571427,0.24476409
56.0,0.7857142857142857,0.21428571428571427,0.18680468
56.0,0.8571428571428571,0.21428571428571427,0.12401753
56.0,0.9285714285714285,0.21428571428571427,0.058828205
56.0,1.0,0.21428571428571427,-0.007842661
56.0,0.0,0.2857142857142857,-0.0050129825
56.0,0.07142857142857142,0.2857142857142857,0.07616041
56.0,0.14285714285714285,0.2857142857142857,0.15877025
56.0,0.21428571428571427,0.2857142857142857,0.24045402
56.0,0.2857142857142857,0.2857142857142857,0.31842107
56.0,0.3571428571428571,0.2857142857142857,0.38900185
56.0,0.42857142857142855,0.2857142857142857,0.44322753
56.0,0.5,0.2857142857142857,0.46443987
56.0,0.5714285714285714,0.2857142857142857,0.4439074
56.0,0.6428571428571428,0.2857142857142857,0.39173096
56.0,0.7142857142857142,0.2857142857142857,0.3216382
56.0,0.7857142857142857,0.2857142857142857,0.24175939
56.0,0.8571428571428571,0.2857142857142857,0.15814048
56.0,0.9285714285714285,0.2857142857142857,0.07460982
56.0,1.0,0.2857142857142857,-0.0079439515
56.0,0.0,0.3571428571428571,-0.0052792737
56.0,0.07142857142857142,0.3571428571428571,0.09406037
56.0,0.14285714285714285,0.3571428571428571,0.19525403
56.0,0.21428571428571427,0.3571428571428571,0.29487598
56.0,0.2857142857142857,0.3571428571428571,0.38926837
56.0,0.3571428571428571,0.3571428571428571,0.47404644
56.0,0.42857142857142855,0.3571428571428571,0.5392765
56.0,0.5,0.3571428571428571,0.5655267
56.0,0.5714285714285714,0.3571428571428571,0.54111487
56.0,0.6428571428571428,0.3571428571428571,0.47699207
56.0,0.7142857142857142,0.3571428571428571,0.3898019
56.0,0.7857142857142857,0.3571428571428571,0.29138365
56.0,0.8571428571428571,0.3571428571428571,0.19038615
56.0,0.9285714285714285,0.3571428571428571,0.091190875
56.0,1.0,0.3571428571428571,-0.004956403
56.0,0.0,0.42857142857142855,-0.0073737586
56.0,0.07142857142857142,0.42857142857142855,0.10702416
56.0,0.14285714285714285,0.42857142857142855,0.22330473
56.0,0.21428571428571427,0.42857142857142855,0.336793
56.0,0.2857142857142857,0.42857142857142855,0.44317475
56.0,0.3571428571428571,0.42857142857142855,0.53786445
56.0,0.42857142857142855,0.42857142857142855,0.61062026
56.0,0.5,0.42857142857142855,0.6402318
56.0,0.5714285714285714,0.42857142857142855,0.61299485
56.0,0.6428571428571428,0.42857142857142855,0.5408549
56.0,0.7142857142857142,0.42857142857142855,0.44256833
56.0,0.7857142857142857,0.42857142857142855,0.33191413
56.0,0.8571428571428571,0.42857142857142855,0.2185659
56.0,0.9285714285714285,0.42857142857142855,0.10756023
56.0,1.0,0.42857142857142855,0.0014226278
56.0,0.0,0.5,-0.007911974
56.0,0.07142857142857142,0.5,0.112413675
56.0,0.14285714285714285,0.5,0.23470175
56.0,0.21428571428571427,0.5,0.35352254
56.0,0.2857142857142857,0.5,0.4641366
56.0,0.3571428571428571,0.5,0.56165314
56.0,0.42857142857142855,0.5,0.63568205
56.0,0.5,0.5,0.6654879
56.0,0.5714285714285714,0.5,0.63814557
56.0,0.6428571428571428,0.5,0.5655521
56.0,0.7142857142857142,0.5,0.46552336
56.0,0.7857142857142857,0.5,0.35125303
56.0,0.8571428571428571,0.5,0.23273593
56.0,0.9285714285714285,0.5,0.11645422
56.0,1.0,0.5,0.0066344207
56.0,0.0,0.5714285714285714,-0.0038889656
56.0,0.07142857142857142,0.5714285714285714,0.109799854
56.0,0.14285714285714285,0.5714285714285714,0.22541931
56.0,0.21428571428571427,0.5714285714285714,0.33864436
56.0,0.2857142857142857,0.5714285714285714,0.4452816
56.0,0.3571428571428571,0.5714285714285714,0.53952575
56.0,0.42857142857142855,0.5714285714285714,0.60949206
56.0,0.5,0.5714285714285714,0.63614875
56.0,0.5714285714285714,0.5714285714285714,0.61015296
56.0,0.6428571428571428,0.5714285714285714,0.5424325
56.0,0.7142857142857142,0.5714285714285714,0.44784448
56.0,0.7857142857142857,0.5714285714285714,0.33808044
56.0,0.8571428571428571,0.5714285714285714,0.22324541
56.0,0.9285714285714285,0.5714285714285714,0.1109267
56.0,1.0,0.5714285714285714,0.0060389927
56.0,0.0,0.6428571428571428,-0.00077619497
56.0,0.07142857142857142,0.6428571428571428,0.09727778
56.0,0.14285714285714285,0.6428571428571428,0.1969746
56.0,0.21428571428571427,0.6428571428571428,0.29632092
56.0,0.2857142857142857,0.6428571428571428,0.39245227
56.0,0.3571428571428571,0.6428571428571428,0.47877324
56.0,0.42857142857142855,0.6428571428571428,0.5418976
56.0,0.5,0.6428571428571428,0.5648104
56.0,0.5714285714285714,0.6428571428571428,0.54126054
56.0,0.6428571428571428,0.6428571428571428,0.48058125
56.0,0.7142857142857142,0.6428571428571428,0.39557803
56.0,0.7857142857142857,0.6428571428571428,0.29718167
56.0,0.8571428571428571,0.6428571428571428,0.19477728
56.0,0.9285714285714285,0.6428571428571428,0.09521608
56.0,1.0,0.6428571428571428,0.002515084
56.0,0.0,0.7142857142857142,-0.0005778009
56.0,0.07142857142857142,0.7142857142857142,0.078733616
56.0,0.14285714285714285,0.7142857142857142,0.1589036
56.0,0.21428571428571427,0.7142857142857142,0.23974001
56.0,0.2857142857142857,0.7142857142857142,0.31952602
56.0,0.3571428571428571,0.7142857142857142,0.39192483
56.0,0.42857142857142855,0.7142857142857142,0.44439578
56.0,0.5,0.7142857142857142,0.46309072
56.0,0.5714285714285714,0.7142857142857142,0.4433801
56.0,0.6428571428571428,0.7142857142857142,0.3923557
56.0,0.7142857142857142,0.7142857142857142,0.32140058
56.0,0.7857142857142857,0.7142857142857142,0.24067578
56.0,0.8571428571428571,0.7142857142857142,0.15760121
56.0,0.9285714285714285,0.7142857142857142,0.07668237
56.0,1.0,0.7142857142857142,0.00019248482
56.0,0.0,0.7857142857142857,-0.0017218748
56.0,0.07142857142857142,0.7857142857142857,0.0591866
56.0,0.14285714285714285,0.7857142857142857,0.11976018
56.0,0.21428571428571427,0.7857142857142857,0.1806849
56.0,0.2857142857142857,0.7857142857142857,0.24096319
56.0,0.3571428571428571,0.7857142857142857,0.29539737
56.0,0.42857142857142855,0.7857142857142857,0.3342011
56.0,0.5,0.7857142857142857,0.34752244
56.0,0.5714285714285714,0.7857142857142857,0.3320797
56.0,0.6428571428571428,0.7857142857142857,0.29280478
56.0,0.7142857142857142,0.7857142857142857,0.2389512
56.0,0.7857142857142857,0.7857142857142857,0.17887387
56.0,0.8571428571428571,0.7857142857142857,0.11751177
56.0,0.9285714285714285,0.7857142857142857,0.056887858
56.0,1.0,0.7857142857142857,-0.002383721
56.0,0.0,0.8571428571428571,-0.0040623182
56.0,0.07142857142857142,0.8571428571428571,0.03946067
56.0,0.14285714285714285,0.8571428571428571,0.08112636
56.0,0.21428571428571427,0.8571428571428571,0.12196974
56.0,0.2857142857142857,0.8571428571428571,0.16161586
56.0,0.3571428571428571,0.8571428571428571,0.19664134
56.0,0.42857142857142855,0.8571428571428571,0.22090565
56.0,0.5,0.8571428571428571,0.22874217
56.0,0.5714285714285714,0.8571428571428571,0.21831256
56.0,0.6428571428571428,0.8571428571428571,0.19238782
56.0,0.7142857142857142,0.8571428571428571,0.1569041
56.0,0.7857142857142857,0.8571428571428571,0.11747796
56.0,0.8571428571428571,0.8571428571428571,0.07686571
56.0,0.9285714285714285,0.8571428571428571,0.035374764
56.0,1.0,0.8571428571428571,-0.0075172232
56.0,0.0,0.9285714285714285,-0.009720088
56.0,0.07142857142857142,0.9285714285714285,0.01698155
56.0,0.14285714285714285,0.9285714285714285,0.04019925
56.0,0.21428571428571427,0.9285714285714285,0.06124956
56.0,0.2857142857142857,0.9285714285714285,0.080617756
56.0,0.3571428571428571,0.9285714285714285,0.09710263
56.0,0.42857142857142855,0.9285714285714285,0.108273394
56.0,0.5,0.9285714285714285,0.11204252
56.0,0.5714285714285714,0.9285714285714285,0.10761062
56.0,0.6428571428571428,0.9285714285714285,0.09556116
56.0,0.7142857142857142,0.9285714285714285,0.07809935
56.0,0.7857142857142857,0.9285714285714285,0.057844646
56.0,0.8571428571428571,0.9285714285714285,0.03586686
56.0,0.9285714285714285,0.9285714285714285,0.011520981
56.0,1.0,0.9285714285714285,-0.01635255
56.0,0.0,1.0,-0.022084512
56.0,0.07142857142857142,1.0,-0.011940925
56.0,0.14285714285714285,1.0,-0.0065137204
56.0,0.21428571428571427,1.0,-0.0039649038
56.0,0.2857142857142857,1.0,-0.0026241327
56.0,0.3571428571428571,1.0,-0.0014536986
56.0,0.42857142857142855,1.0,3.6164187e-05
56.0,0.5,1.0,0.0020043394
56.0,0.5714285714285714,1.0,0.0039732372
56.0,0.6428571428571428,1.0,0.004712279
56.0,0.7142857142857142,1.0,0.0033575287
56.0,0.7857142857142857,1.0,-9.125192e-05
56.0,0.8571428571428571,1.0,-0.0058842422
56.0,0.9285714285714285,1.0,-0.015178327
56.0,1.0,1.0,-0.02945314
57.0,0.0,0.0,-0.025650308
57.0,0.07142857142857142,0.0,-0.014914497
57.0,0.14285714285714285,0.0,-0.009509011
57.0,0.21428571428571427,0.0,-0.007915568
57.0,0.2857142857142857,0.0,-0.0068327887
57.0,0.3571428571428571,0.0,-0.0033877008
57.0,0.42857142857142855,0.0,0.0009462284
57.0,0.5,0.0,0.0015751114
57.0,0.5714285714285714,0.0,-0.0026301946
57.0,0.6428571428571428,0.0,-0.0073555754
57.0,0.7142857142857142,0.0,-0.008225826
57.0,0.7857142857142857,0.0,-0.006007676
57.0,0.8571428571428571,0.0,-0.005511989
57.0,0.9285714285714285,0.0,-0.011065387
57.0,1.0,0.0,-0.024461582
57.0,0.0,0.07142857142857142,-0.015113044
57.0,0.07142857142857142,0.07142857142857142,0.0122322915
57.0,0.14285714285714285,0.07142857142857142,0.03593894
57.0,0.21428571428571427,0.07142857142857142,0.056446947
57.0,0.2857142857142857,0.07142857142857142,0.07547311
57.0,0.3571428571428571,0.07142857142857142,0.09437655
57.0,0.42857142857142855,0.07142857142857142,0.10981127
57.0,0.5,0.07142857142857142,0.11452124
57.0,0.5714285714285714,0.07142857142857142,0.106352665
57.0,0.6428571428571428,0.07142857142857142,0.09148043
57.0,0.7142857142857142,0.07142857142857142,0.07649475
57.0,0.7857142857142857,0.07142857142857142,0.06156274
57.0,0.8571428571428571,0.07142857142857142,0.042961422
57.0,0.9285714285714285,0.07142857142857142,0.018277392
57.0,1.0,0.07142857142857142,-0.012853921
57.0,0.0,0.14285714285714285,-0.009173196
57.0,0.07142857142857142,0.14285714285714285,0.03552357
57.0,0.14285714285714285,0.14285714285714285,0.078606956
57.0,0.21428571428571427,0.14285714285714285,0.11954556
57.0,0.2857142857142857,0.14285714285714285,0.15836284
57.0,0.3571428571428571,0.14285714285714285,0.19455865
57.0,0.42857142857142855,0.14285714285714285,0.22269106
57.0,0.5,0.14285714285714285,0.23247775
57.0,0.5714285714285714,0.14285714285714285,0.22021382
57.0,0.6428571428571428,0.14285714285714285,0.19374673
57.0,0.7142857142857142,0.14285714285714285,0.16187376
57.0,0.7857142857142857,0.14285714285714285,0.12637192
57.0,0.8571428571428571,0.14285714285714285,0.08599297
57.0,0.9285714285714285,0.14285714285714285,0.040873952
57.0,1.0,0.14285714285714285,-0.008344323
57.0,0.0,0.21428571428571427,-0.006189122
57.0,0.07142857142857142,0.21428571428571427,0.056437366
57.0,0.14285714285714285,0.21428571428571427,0.11931408
57.0,0.21428571428571427,0.21428571428571427,0.18099478
57.0,0.2857142857142857,0.21428571428571427,0.2399143
57.0,0.3571428571428571,0.21428571428571427,0.29372323
57.0,0.42857142857142855,0.21428571428571427,0.33500475
57.0,0.5,0.21428571428571427,0.35039562
57.0,0.5714285714285714,0.21428571428571427,0.33408564
57.0,0.6428571428571428,0.21428571428571427,0.29511458
57.0,0.7142857142857142,0.21428571428571427,0.24444827
57.0,0.7857142857142857,0.21428571428571427,0.18652666
57.0,0.8571428571428571,0.21428571428571427,0.123721235
57.0,0.9285714285714285,0.21428571428571427,0.05853022
57.0,1.0,0.21428571428571427,-0.008065329
57.0,0.0,0.2857142857142857,-0.0049123326
57.0,0.07142857142857142,0.2857142857142857,0.07607994
57.0,0.14285714285714285,0.2857142857142857,0.15855747
57.0,0.21428571428571427,0.2857142857142857,0.24014083
57.0,0.2857142857142857,0.2857142857142857,0.3179822
57.0,0.3571428571428571,0.2857142857142857,0.38830608
57.0,0.42857142857142855,0.2857142857142857,0.44212958
57.0,0.5,0.2857142857142857,0.4631311
57.0,0.5714285714285714,0.2857142857142857,0.4428558
57.0,0.6428571428571428,0.2857142857142857,0.39110592
57.0,0.7142857142857142,0.2857142857142857,0.32127702
57.0,0.7857142857142857,0.2857142857142857,0.24147314
57.0,0.8571428571428571,0.2857142857142857,0.15783066
57.0,0.9285714285714285,0.2857142857142857,0.07431419
57.0,1.0,0.2857142857142857,-0.008096249
57.0,0.0,0.3571428571428571,-0.0051215375
57.0,0.07142857142857142,0.3571428571428571,0.093967006
57.0,0.14285714285714285,0.3571428571428571,0.19496773
57.0,0.21428571428571427,0.3571428571428571,0.29444405
57.0,0.2857142857142857,0.3571428571428571,0.38866472
57.0,0.3571428571428571,0.3571428571428571,0.47311404
57.0,0.42857142857142855,0.3571428571428571,0.5378261
57.0,0.5,0.3571428571428571,0.56377846
57.0,0.5714285714285714,0.3571428571428571,0.5396783
57.0,0.6428571428571428,0.3571428571428571,0.47612175
57.0,0.7142857142857142,0.3571428571428571,0.38931638
57.0,0.7857142857142857,0.3571428571428571,0.29102245
57.0,0.8571428571428571,0.3571428571428571,0.19001564
57.0,0.9285714285714285,0.3571428571428571,0.09088664
57.0,1.0,0.3571428571428571,-0.0050157616
57.0,0.0,0.42857142857142855,-0.0072376104
57.0,0.07142857142857142,0.42857142857142855,0.10683199
57.0,0.14285714285714285,0.42857142857142855,0.22284165
57.0,0.21428571428571427,0.42857142857142855,0.33611423
57.0,0.2857142857142857,0.42857142857142855,0.4422498
57.0,0.3571428571428571,0.42857142857142855,0.5365069
57.0,0.42857142857142855,0.42857142857142855,0.6086089
57.0,0.5,0.42857142857142855,0.63784105
57.0,0.5714285714285714,0.42857142857142855,0.61100554
57.0,0.6428571428571428,0.42857142857142855,0.5396026
57.0,0.7142857142857142,0.42857142857142855,0.44183552
57.0,0.7857142857142857,0.42857142857142855,0.33137217
57.0,0.8571428571428571,0.42857142857142855,0.21806428
57.0,0.9285714285714285,0.42857142857142855,0.10721299
57.0,1.0,0.42857142857142855,0.0014362624
57.0,0.0,0.5,-0.007823461
57.0,0.07142857142857142,0.5,0.112148546
57.0,0.14285714285714285,0.5,0.23412976
57.0,0.21428571428571427,0.5,0.3526933
57.0,0.2857142857142857,0.5,0.46300936
57.0,0.3571428571428571,0.5,0.5600217
57.0,0.42857142857142855,0.5,0.63332176
57.0,0.5,0.5,0.6627382
57.0,0.5714285714285714,0.5,0.6358704
57.0,0.6428571428571428,0.5,0.5640858
57.0,0.7142857142857142,0.5,0.4646124
57.0,0.7857142857142857,0.5,0.3505604
57.0,0.8571428571428571,0.5,0.23213473
57.0,0.9285714285714285,0.5,0.11608317
57.0,1.0,0.5,0.006705201
57.0,0.0,0.5714285714285714,-0.0038527558
57.0,0.07142857142857142,0.5714285714285714,0.10954401
57.0,0.14285714285714285,0.5714285714285714,0.22493185
57.0,0.21428571428571427,0.5714285714285714,0.33797345
57.0,0.2857142857142857,0.5714285714285714,0.4443587
57.0,0.3571428571428571,0.5714285714285714,0.5381111
57.0,0.42857142857142855,0.5714285714285714,0.6073796
57.0,0.5,0.5714285714285714,0.6337168
57.0,0.5714285714285714,0.5714285714285714,0.6081904
57.0,0.6428571428571428,0.5714285714285714,0.54117966
57.0,0.7142857142857142,0.5714285714285714,0.44704852
57.0,0.7857142857142857,0.5714285714285714,0.3374667
57.0,0.8571428571428571,0.5714285714285714,0.22273555
57.0,0.9285714285714285,0.5714285714285714,0.11065824
57.0,1.0,0.5714285714285714,0.0062042316
57.0,0.0,0.6428571428571428,-0.00080024544
57.0,0.07142857142857142,0.6428571428571428,0.09705921
57.0,0.14285714285714285,0.6428571428571428,0.19665241
57.0,0.21428571428571427,0.6428571428571428,0.2959429
57.0,0.2857142857142857,0.6428571428571428,0.3919145
57.0,0.3571428571428571,0.6428571428571428,0.4778009
57.0,0.42857142857142855,0.6428571428571428,0.54030615
57.0,0.5,0.6428571428571428,0.56295884
57.0,0.5714285714285714,0.6428571428571428,0.53978944
57.0,0.6428571428571428,0.6428571428571428,0.4796582
57.0,0.7142857142857142,0.6428571428571428,0.39499605
57.0,0.7857142857142857,0.6428571428571428,0.29674524
57.0,0.8571428571428571,0.6428571428571428,0.19444682
57.0,0.9285714285714285,0.6428571428571428,0.09510303
57.0,1.0,0.6428571428571428,0.002772606
57.0,0.0,0.7142857142857142,-0.00068163965
57.0,0.07142857142857142,0.7142857142857142,0.0785176
57.0,0.14285714285714285,0.7142857142857142,0.15868202
57.0,0.21428571428571427,0.7142857142857142,0.23955444
57.0,0.2857142857142857,0.7142857142857142,0.31925642
57.0,0.3571428571428571,0.7142857142857142,0.39130193
57.0,0.42857142857142855,0.7142857142857142,0.4432582
57.0,0.5,0.7142857142857142,0.46171802
57.0,0.5714285714285714,0.7142857142857142,0.44226083
57.0,0.6428571428571428,0.7142857142857142,0.3916442
57.0,0.7142857142857142,0.7142857142857142,0.32096365
57.0,0.7857142857142857,0.7142857142857142,0.24037424
57.0,0.8571428571428571,0.7142857142857142,0.157406
57.0,0.9285714285714285,0.7142857142857142,0.07666884
57.0,1.0,0.7142857142857142,0.00047622528
57.0,0.0,0.7857142857142857,-0.0019166106
57.0,0.07142857142857142,0.7857142857142857,0.05894067
57.0,0.14285714285714285,0.7857142857142857,0.11956663
57.0,0.21428571428571427,0.7857142857142857,0.18057254
57.0,0.2857142857142857,0.7857142857142857,0.24081236
57.0,0.3571428571428571,0.7857142857142857,0.2949736
57.0,0.42857142857142855,0.7857142857142857,0.33337012
57.0,0.5,0.7857142857142857,0.34647778
57.0,0.5714285714285714,0.7857142857142857,0.3311841
57.0,0.6428571428571428,0.7857142857142857,0.29222167
57.0,0.7142857142857142,0.7857142857142857,0.2386122
57.0,0.7857142857142857,0.7857142857142857,0.17867054
57.0,0.8571428571428571,0.7857142857142857,0.11740356
57.0,0.9285714285714285,0.7857142857142857,0.05691696
57.0,1.0,0.7857142857142857,-0.002130703
57.0,0.0,0.8571428571428571,-0.004344308
57.0,0.07142857142857142,0.8571428571428571,0.039177265
57.0,0.14285714285714285,0.8571428571428571,0.08093665
57.0,0.21428571428571427,0.8571428571428571,0.12189139
57.0,0.2857142857142857,0.8571428571428571,0.16154264
57.0,0.3571428571428571,0.8571428571428571,0.19638689
57.0,0.42857142857142855,0.8571428571428571,0.22036406
57.0,0.5,0.8571428571428571,0.22803462
57.0,0.5714285714285714,0.8571428571428571,0.21769014
57.0,0.6428571428571428,0.8571428571428571,0.19199498
57.0,0.7142857142857142,0.8571428571428571,0.15671179
57.0,0.7857142857142857,0.8571428571428571,0.11739484
57.0,0.8571428571428571,0.8571428571428571,0.0768409
57.0,0.9285714285714285,0.8571428571428571,0.03542721
57.0,1.0,0.8571428571428571,-0.007317216
57.0,0.0,0.9285714285714285,-0.010066268
57.0,0.07142857142857142,0.9285714285714285,0.01668543
57.0,0.14285714285714285,0.9285714285714285,0.040039856
57.0,0.21428571428571427,0.9285714285714285,0.061238788
57.0,0.2857142857142857,0.9285714285714285,0.08066968
57.0,0.3571428571428571,0.9285714285714285,0.09707699
57.0,0.42857142857142855,0.9285714285714285,0.10808703
57.0,0.5,0.9285714285714285,0.11175368
57.0,0.5714285714285714,0.9285714285714285,0.10737078
57.0,0.6428571428571428,0.9285714285714285,0.095468394
57.0,0.7142857142857142,0.9285714285714285,0.07813614
57.0,0.7857142857142857,0.9285714285714285,0.057934888
57.0,0.8571428571428571,0.9285714285714285,0.035956394
57.0,0.9285714285714285,0.9285714285714285,0.011616836
57.0,1.0,0.9285714285714285,-0.016190387
57.0,0.0,1.0,-0.02244028
57.0,0.07142857142857142,1.0,-0.01218392
57.0,0.14285714285714285,1.0,-0.006569068
57.0,0.21428571428571427,1.0,-0.003826173
57.0,0.2857142857142857,1.0,-0.0023626136
57.0,0.3571428571428571,1.0,-0.001177405
57.0,0.42857142857142855,1.0,0.00025432464
57.0,0.5,1.0,0.002176865
57.0,0.5714285714285714,1.0,0.0041706813
57.0,0.6428571428571428,1.0,0.0049830405
57.0,0.7142857142857142,1.0,0.0036797551
57.0,0.7857142857142857,1.0,0.00021710899
57.0,0.8571428571428571,1.0,-0.0056413384
57.0,0.9285714285714285,1.0,-0.015001734
57.0,1.0,1.0,-0.029289596
58.0,0.0,0.0,-0.026001018
58.0,0.07142857142857142,0.0,-0.015272247
58.0,0.14285714285714285,0.0,-0.009800005
58.0,0.21428571428571427,0.0,-0.008066362
58.0,0.2857142857142857,0.0,-0.006822177
58.0,0.3571428571428571,0.0,-0.0032865824
58.0,0.42857142857142855,0.0,0.0010429313
58.0,0.5,0.0,0.0016558943
58.0,0.5714285714285714,0.0,-0.0025403053
58.0,0.6428571428571428,0.0,-0.007294231
58.0,0.7142857142857142,0.0,-0.008265118
58.0,0.7857142857142857,0.0,-0.0061580585
58.0,0.8571428571428571,0.0,-0.0057176584
58.0,0.9285714285714285,0.0,-0.01126871
58.0,1.0,0.0,-0.024635226
58.0,0.0,0.07142857142857142,-0.015393761
58.0,0.07142857142857142,0.07142857142857142,0.011904742
58.0,0.14285714285714285,0.07142857142857142,0.03562156
58.0,0.21428571428571427,0.07142857142857142,0.05619242
58.0,0.2857142857142857,0.07142857142857142,0.075288795
58.0,0.3571428571428571,0.07142857142857142,0.09418284
58.0,0.42857142857142855,0.07142857142857142,0.109519355
58.0,0.5,0.07142857142857142,0.114184745
58.0,0.5714285714285714,0.07142857142857142,0.10609419
58.0,0.6428571428571428,0.07142857142857142,0.09130366
58.0,0.7142857142857142,0.07142857142857142,0.0763057
58.0,0.7857142857142857,0.07142857142857142,0.061316393
58.0,0.8571428571428571,0.07142857142857142,0.042683654
58.0,0.9285714285714285,0.07142857142857142,0.018002473
58.0,1.0,0.07142857142857142,-0.013098837
58.0,0.0,0.14285714285714285,-0.009343029
58.0,0.07142857142857142,0.14285714285714285,0.035268612
58.0,0.14285714285714285,0.14285714285714285,0.078312054
58.0,0.21428571428571427,0.14285714285714285,0.11924384
58.0,0.2857142857142857,0.14285714285714285,0.15804543
58.0,0.3571428571428571,0.14285714285714285,0.19413213
58.0,0.42857142857142855,0.14285714285714285,0.22206403
58.0,0.5,0.14285714285714285,0.23176555
58.0,0.5714285714285714,0.14285714285714285,0.21964943
58.0,0.6428571428571428,0.14285714285714285,0.19338146
58.0,0.7142857142857142,0.14285714285714285,0.1615893
58.0,0.7857142857142857,0.14285714285714285,0.12608323
58.0,0.8571428571428571,0.14285714285714285,0.08568572
58.0,0.9285714285714285,0.14285714285714285,0.040563986
58.0,1.0,0.14285714285714285,-0.008615979
58.0,0.0,0.21428571428571427,-0.0062264306
58.0,0.07142857142857142,0.21428571428571427,0.056274258
58.0,0.14285714285714285,0.21428571428571427,0.11906568
58.0,0.21428571428571427,0.21428571428571427,0.18068631
58.0,0.2857142857142857,0.21428571428571427,0.23952296
58.0,0.3571428571428571,0.21428571428571427,0.29314005
58.0,0.42857142857142855,0.21428571428571427,0.33412227
58.0,0.5,0.21428571428571427,0.3493767
58.0,0.5714285714285714,0.21428571428571427,0.33327234
58.0,0.6428571428571428,0.21428571428571427,0.29461125
58.0,0.7142857142857142,0.21428571428571427,0.24411649
58.0,0.7857142857142857,0.21428571428571427,0.18623452
58.0,0.8571428571428571,0.21428571428571427,0.123409934
58.0,0.9285714285714285,0.21428571428571427,0.058213107
58.0,1.0,0.21428571428571427,-0.008311943
58.0,0.0,0.2857142857142857,-0.0048314733
58.0,0.07142857142857142,0.2857142857142857,0.07598394
58.0,0.14285714285714285,0.2857142857142857,0.15833172
58.0,0.21428571428571427,0.2857142857142857,0.23981422
58.0,0.2857142857142857,0.2857142857142857,0.3175256
58.0,0.3571428571428571,0.2857142857142857,0.38759166
58.0,0.42857142857142855,0.2857142857142857,0.44101915
58.0,0.5,0.2857142857142857,0.4618153
58.0,0.5714285714285714,0.2857142857142857,0.44179246
58.0,0.6428571428571428,0.2857142857142857,0.39046252
58.0,0.7142857142857142,0.2857142857142857,0.32090074
58.0,0.7857142857142857,0.2857142857142857,0.24117702
58.0,0.8571428571428571,0.2857142857142857,0.15751116
58.0,0.9285714285714285,0.2857142857142857,0.0740038
58.0,1.0,0.2857142857142857,-0.008269542
58.0,0.0,0.3571428571428571,-0.0049849646
58.0,0.07142857142857142,0.3571428571428571,0.0938581
58.0,0.14285714285714285,0.3571428571428571,0.19467083
58.0,0.21428571428571427,0.3571428571428571,0.2940009
58.0,0.2857142857142857,0.3571428571428571,0.388046
58.0,0.3571428571428571,0.3571428571428571,0.47216472
58.0,0.42857142857142855,0.3571428571428571,0.536367
58.0,0.5,0.3571428571428571,0.5620293
58.0,0.5714285714285714,0.3571428571428571,0.5382359
58.0,0.6428571428571428,0.3571428571428571,0.4752385
58.0,0.7142857142857142,0.3571428571428571,0.38882163
58.0,0.7857142857142857,0.3571428571428571,0.29065946
58.0,0.8571428571428571,0.3571428571428571,0.18964414
58.0,0.9285714285714285,0.3571428571428571,0.090572946
58.0,1.0,0.3571428571428571,-0.0050928453
58.0,0.0,0.42857142857142855,-0.00712156
58.0,0.07142857142857142,0.42857142857142855,0.10662672
58.0,0.14285714285714285,0.42857142857142855,0.22237256
58.0,0.21428571428571427,0.42857142857142855,0.33543047
58.0,0.2857142857142857,0.42857142857142855,0.4413169
58.0,0.3571428571428571,0.42857142857142855,0.5351416
58.0,0.42857142857142855,0.42857142857142855,0.60660154
58.0,0.5,0.42857142857142855,0.63546896
58.0,0.5714285714285714,0.42857142857142855,0.60902727
58.0,0.6428571428571428,0.42857142857142855,0.53835094
58.0,0.7142857142857142,0.42857142857142855,0.44110417
58.0,0.7857142857142857,0.42857142857142855,0.3308378
58.0,0.8571428571428571,0.42857142857142855,0.21756914
58.0,0.9285714285714285,0.42857142857142855,0.10686134
58.0,1.0,0.42857142857142855,0.0014361804
58.0,0.0,0.5,-0.0077580595
58.0,0.07142857142857142,0.5,0.11186937
58.0,0.14285714285714285,0.5,0.23355155
58.0,0.21428571428571427,0.5,0.35186192
58.0,0.2857142857142857,0.5,0.46187982
58.0,0.3571428571428571,0.5,0.5583903
58.0,0.42857142857142855,0.5,0.63097787
58.0,0.5,0.5,0.6600225
58.0,0.5714285714285714,0.5,0.6336202
58.0,0.6428571428571428,0.5,0.56262815
58.0,0.7142857142857142,0.5,0.4637077
58.0,0.7857142857142857,0.5,0.3498786
58.0,0.8571428571428571,0.5,0.2315434
58.0,0.9285714285714285,0.5,0.115712084
58.0,1.0,0.5,0.0067652604
58.0,0.0,0.5714285714285714,-0.0038448134
58.0,0.07142857142857142,0.5714285714285714,0.10926773
58.0,0.14285714285714285,0.5714285714285714,0.22443207
58.0,0.21428571428571427,0.5714285714285714,0.33729327
58.0,0.2857142857142857,0.5714285714285714,0.44342566
58.0,0.3571428571428571,0.5714285714285714,0.5366882
58.0,0.42857142857142855,0.5714285714285714,0.6052762
58.0,0.5,0.5714285714285714,0.63130915
58.0,0.5714285714285714,0.5714285714285714,0.6062419
58.0,0.6428571428571428,0.5714285714285714,0.5399259
58.0,0.7142857142857142,0.5714285714285714,0.44625
58.0,0.7857142857142857,0.5714285714285714,0.3368567
58.0,0.8571428571428571,0.5714285714285714,0.22223195
58.0,0.9285714285714285,0.5714285714285714,0.11038997
58.0,1.0,0.5714285714285714,0.006361156
58.0,0.0,0.6428571428571428,-0.0008538971
58.0,0.07142857142857142,0.6428571428571428,0.09681975
58.0,0.14285714285714285,0.6428571428571428,0.19631633
58.0,0.21428571428571427,0.6428571428571428,0.2955525
58.0,0.2857142857142857,0.6428571428571428,0.391361
58.0,0.3571428571428571,0.6428571428571428,0.47681323
58.0,0.42857142857142855,0.6428571428571428,0.5387132
58.0,0.5,0.6428571428571428,0.56111705
58.0,0.5714285714285714,0.6428571428571428,0.5383199
58.0,0.6428571428571428,0.6428571428571428,0.47872552
58.0,0.7142857142857142,0.6428571428571428,0.39440516
58.0,0.7857142857142857,0.6428571428571428,0.29630753
58.0,0.8571428571428571,0.6428571428571428,0.19411975
58.0,0.9285714285714285,0.6428571428571428,0.09499044
58.0,1.0,0.6428571428571428,0.003023996
58.0,0.0,0.7142857142857142,-0.0008107731
58.0,0.07142857142857142,0.7142857142857142,0.078285344
58.0,0.14285714285714285,0.7142857142857142,0.15844992
58.0,0.21428571428571427,0.7142857142857142,0.23935834
58.0,0.2857142857142857,0.7142857142857142,0.31897235
58.0,0.3571428571428571,0.7142857142857142,0.3906642
58.0,0.42857142857142855,0.7142857142857142,0.4421159
58.0,0.5,0.7142857142857142,0.46034974
58.0,0.5714285714285714,0.7142857142857142,0.44114044
58.0,0.6428571428571428,0.7142857142857142,0.39092463
58.0,0.7142857142857142,0.7142857142857142,0.32051986
58.0,0.7857142857142857,0.7142857142857142,0.24007174
58.0,0.8571428571428571,0.7142857142857142,0.15721364
58.0,0.9285714285714285,0.7142857142857142,0.076656945
58.0,1.0,0.7142857142857142,0.0007565608
58.0,0.0,0.7857142857142857,-0.002131776
58.0,0.07142857142857142,0.7857142857142857,0.058682352
58.0,0.14285714285714285,0.7857142857142857,0.11936612
58.0,0.21428571428571427,0.7857142857142857,0.18045215
58.0,0.2857142857142857,0.7857142857142857,0.24064896
58.0,0.3571428571428571,0.7857142857142857,0.2945359
58.0,0.42857142857142855,0.7857142857142857,0.33253247
58.0,0.5,0.7857142857142857,0.34543368
58.0,0.5714285714285714,0.7857142857142857,0.33028775
58.0,0.6428571428571428,0.7857142857142857,0.29163307
58.0,0.7142857142857142,0.7857142857142857,0.23826921
58.0,0.7857142857142857,0.7857142857142857,0.17846793
58.0,0.8571428571428571,0.7857142857142857,0.117299296
58.0,0.9285714285714285,0.7857142857142857,0.05694902
58.0,1.0,0.7857142857142857,-0.0018783184
58.0,0.0,0.8571428571428571,-0.0046424726
58.0,0.07142857142857142,0.8571428571428571,0.038884226
58.0,0.14285714285714285,0.8571428571428571,0.08074026
58.0,0.21428571428571427,0.8571428571428571,0.121805154
58.0,0.2857142857142857,0.8571428571428571,0.16145703
58.0,0.3571428571428571,0.8571428571428571,0.19611804
58.0,0.42857142857142855,0.8571428571428571,0.21981348
58.0,0.5,0.8571428571428571,0.22732246
58.0,0.5714285714285714,0.8571428571428571,0.21706359
58.0,0.6428571428571428,0.8571428571428571,0.19159609
58.0,0.7142857142857142,0.8571428571428571,0.15651464
58.0,0.7857142857142857,0.8571428571428571,0.117311664
58.0,0.8571428571428571,0.8571428571428571,0.076819114
58.0,0.9285714285714285,0.8571428571428571,0.035483323
58.0,1.0,0.8571428571428571,-0.0071164975
58.0,0.0,0.9285714285714285,-0.010426284
58.0,0.07142857142857142,0.9285714285714285,0.016381372
58.0,0.14285714285714285,0.9285714285714285,0.03987348
58.0,0.21428571428571427,0.9285714285714285,0.06121903
58.0,0.2857142857142857,0.9285714285714285,0.08070817
58.0,0.3571428571428571,0.9285714285714285,0.097036265
58.0,0.42857142857142855,0.9285714285714285,0.10788768
58.0,0.5,0.9285714285714285,0.11145609
58.0,0.5714285714285714,0.9285714285714285,0.107122116
58.0,0.6428571428571428,0.9285714285714285,0.09536634
58.0,0.7142857142857142,0.9285714285714285,0.07816533
58.0,0.7857142857142857,0.9285714285714285,0.05802142
58.0,0.8571428571428571,0.9285714285714285,0.036046576
58.0,0.9285714285714285,0.9285714285714285,0.011714949
58.0,1.0,0.9285714285714285,-0.016026512
58.0,0.0,1.0,-0.022807922
58.0,0.07142857142857142,1.0,-0.012435187
58.0,0.14285714285714285,1.0,-0.0066327513
58.0,0.21428571428571427,1.0,-0.0036985902
58.0,0.2857142857142857,1.0,-0.0021154275
58.0,0.3571428571428571,1.0,-0.0009173462
58.0,0.42857142857142855,1.0,0.00045742746
58.0,0.5,1.0,0.002335961
58.0,0.5714285714285714,1.0,0.004355165
58.0,0.6428571428571428,1.0,0.005240801
58.0,0.7142857142857142,1.0,0.003990705
58.0,0.7857142857142857,1.0,0.00051871594
58.0,0.8571428571428571,1.0,-0.005400979
58.0,0.9285714285714285,1.0,-0.014823877
58.0,1.0,1.0,-0.029124845
59.0,0.0,0.0,-0.0263713
59.0,0.07142857142857142,0.0,-0.015647221
59.0,0.14285714285714285,0.0,-0.010106265
59.0,0.21428571428571427,0.0,-0.008232231
59.0,0.2857142857142857,0.0,-0.0068282355
59.0,0.3571428571428571,0.0,-0.0032027904
59.0,0.42857142857142855,0.0,0.0011232467
59.0,0.5,0.0,0.0017208643
59.0,0.5714285714285714,0.0,-0.0024652425
59.0,0.6428571428571428,0.0,-0.0072467746
59.0,0.7142857142857142,0.0,-0.008317686
59.0,0.7857142857142857,0.0,-0.0063233497
59.0,0.8571428571428571,0.0,-0.005942845
59.0,0.9285714285714285,0.0,-0.011496161
59.0,1.0,0.0,-0.024835885
59.0,0.0,0.07142857142857142,-0.015692897
59.0,0.07142857142857142,0.07142857142857142,0.011560614
59.0,0.14285714285714285,0.07142857142857142,0.03528887
59.0,0.21428571428571427,0.07142857142857142,0.055922613
59.0,0.2857142857142857,0.07142857142857142,0.07508798
59.0,0.3571428571428571,0.07142857142857142,0.09397214
59.0,0.42857142857142855,0.07142857142857142,0.10921256
59.0,0.5,0.07142857142857142,0.11383537
59.0,0.5714285714285714,0.07142857142857142,0.105822235
59.0,0.6428571428571428,0.07142857142857142,0.091112964
59.0,0.7142857142857142,0.07142857142857142,0.07610306
59.0,0.7857142857142857,0.07142857142857142,0.061054975
59.0,0.8571428571428571,0.07142857142857142,0.042386148
59.0,0.9285714285714285,0.07142857142857142,0.017704606
59.0,1.0,0.07142857142857142,-0.013370887
59.0,0.0,0.14285714285714285,-0.009530927
59.0,0.07142857142857142,0.14285714285714285,0.034997337
59.0,0.14285714285714285,0.14285714285714285,0.07800197
59.0,0.21428571428571427,0.14285714285714285,0.11892728
59.0,0.2857142857142857,0.14285714285714285,0.15771107
59.0,0.3571428571428571,0.14285714285714285,0.19368848
59.0,0.42857142857142855,0.14285714285714285,0.22142415
59.0,0.5,0.14285714285714285,0.2310441
59.0,0.5714285714285714,0.14285714285714285,0.21907316
59.0,0.6428571428571428,0.14285714285714285,0.19300151
59.0,0.7142857142857142,0.14285714285714285,0.16129024
59.0,0.7857142857142857,0.14285714285714285,0.12577909
59.0,0.8571428571428571,0.14285714285714285,0.085359596
59.0,0.9285714285714285,0.14285714285714285,0.040232264
59.0,1.0,0.14285714285714285,-0.008912579
59.0,0.0,0.21428571428571427,-0.006282448
59.0,0.07142857142857142,0.21428571428571427,0.05609464
59.0,0.14285714285714285,0.21428571428571427,0.1188033
59.0,0.21428571428571427,0.21428571428571427,0.18036243
59.0,0.2857142857142857,0.21428571428571427,0.2391139
59.0,0.3571428571428571,0.21428571428571427,0.29253888
59.0,0.42857142857142855,0.21428571428571427,0.333228
59.0,0.5,0.21428571428571427,0.34834984
59.0,0.5714285714285714,0.21428571428571427,0.33244726
59.0,0.6428571428571428,0.21428571428571427,0.29409122
59.0,0.7142857142857142,0.21428571428571427,0.2437689
59.0,0.7857142857142857,0.21428571428571427,0.18592873
59.0,0.8571428571428571,0.21428571428571427,0.123084106
59.0,0.9285714285714285,0.21428571428571427,0.057876855
59.0,1.0,0.21428571428571427,-0.008581632
59.0,0.0,0.2857142857142857,-0.0047705816
59.0,0.07142857142857142,0.2857142857142857,0.07587231
59.0,0.14285714285714285,0.2857142857142857,0.15809247
59.0,0.21428571428571427,0.2857142857142857,0.2394726
59.0,0.2857142857142857,0.2857142857142857,0.31705174
59.0,0.3571428571428571,0.2857142857142857,0.38685817
59.0,0.42857142857142855,0.2857142857142857,0.43989602
59.0,0.5,0.2857142857142857,0.460493
59.0,0.5714285714285714,0.2857142857142857,0.44071645
59.0,0.6428571428571428,0.2857142857142857,0.38980156
59.0,0.7142857142857142,0.2857142857142857,0.3205096
59.0,0.7857142857142857,0.2857142857142857,0.24087155
59.0,0.8571428571428571,0.2857142857142857,0.1571835
59.0,0.9285714285714285,0.2857142857142857,0.07367946
59.0,1.0,0.2857142857142857,-0.0084631005
59.0,0.0,0.3571428571428571,-0.004868851
59.0,0.07142857142857142,0.3571428571428571,0.093734145
59.0,0.14285714285714285,0.3571428571428571,0.19436276
59.0,0.21428571428571427,0.3571428571428571,0.29354668
59.0,0.2857142857142857,0.3571428571428571,0.38741162
59.0,0.3571428571428571,0.3571428571428571,0.4711967
59.0,0.42857142857142855,0.3571428571428571,0.5348978
59.0,0.5,0.3571428571428571,0.56027967
59.0,0.5714285714285714,0.3571428571428571,0.53678656
59.0,0.6428571428571428,0.3571428571428571,0.47434235
59.0,0.7142857142857142,0.3571428571428571,0.3883179
59.0,0.7857142857142857,0.3571428571428571,0.29029474
59.0,0.8571428571428571,0.3571428571428571,0.18927193
59.0,0.9285714285714285,0.3571428571428571,0.09025176
59.0,1.0,0.3571428571428571,-0.005186149
59.0,0.0,0.42857142857142855,-0.0070261853
59.0,0.07142857142857142,0.42857142857142855,0.10640865
59.0,0.14285714285714285,0.42857142857142855,0.22189604
59.0,0.21428571428571427,0.42857142857142855,0.33474106
59.0,0.2857142857142857,0.42857142857142855,0.4403755
59.0,0.3571428571428571,0.42857142857142855,0.5337669
59.0,0.42857142857142855,0.42857142857142855,0.60459703
59.0,0.5,0.42857142857142855,0.6331136
59.0,0.5714285714285714,0.42857142857142855,0.6070597
59.0,0.6428571428571428,0.42857142857142855,0.5370984
59.0,0.7142857142857142,0.42857142857142855,0.44037336
59.0,0.7857142857142857,0.42857142857142855,0.3303107
59.0,0.8571428571428571,0.42857142857142855,0.21708184
59.0,0.9285714285714285,0.42857142857142855,0.10650714
59.0,1.0,0.42857142857142855,0.0014227619
59.0,0.0,0.5,-0.007715055
59.0,0.07142857142857142,0.5,0.11157555
59.0,0.14285714285714285,0.5,0.23296647
59.0,0.21428571428571427,0.5,0.35102722
59.0,0.2857142857142857,0.5,0.46074575
59.0,0.3571428571428571,0.5,0.55675733
59.0,0.42857142857142855,0.5,0.6286495
59.0,0.5,0.5,0.6573389
59.0,0.5714285714285714,0.5,0.631393
59.0,0.6428571428571428,0.5,0.5611781
59.0,0.7142857142857142,0.5,0.46280786
59.0,0.7857142857142857,0.5,0.3492075
59.0,0.8571428571428571,0.5,0.2309629
59.0,0.9285714285714285,0.5,0.11534221
59.0,1.0,0.5,0.0068151494
59.0,0.0,0.5714285714285714,-0.0038648108
59.0,0.07142857142857142,0.5714285714285714,0.10897177
59.0,0.14285714285714285,0.5714285714285714,0.22391969
59.0,0.21428571428571427,0.5714285714285714,0.3366039
59.0,0.2857142857142857,0.5714285714285714,0.442482
59.0,0.3571428571428571,0.5714285714285714,0.5352574
59.0,0.42857142857142855,0.5714285714285714,0.6031807
59.0,0.5,0.5714285714285714,0.6289245
59.0,0.5714285714285714,0.5714285714285714,0.6043062
59.0,0.6428571428571428,0.5714285714285714,0.5386699
59.0,0.7142857142857142,0.5714285714285714,0.44544894
59.0,0.7857142857142857,0.5714285714285714,0.33625045
59.0,0.8571428571428571,0.5714285714285714,0.22173539
59.0,0.9285714285714285,0.5714285714285714,0.11012381
59.0,1.0,0.5714285714285714,0.0065101525
59.0,0.0,0.6428571428571428,-0.00093623344
59.0,0.07142857142857142,0.6428571428571428,0.096559525
59.0,0.14285714285714285,0.6428571428571428,0.19596677
59.0,0.21428571428571427,0.6428571428571428,0.29514977
59.0,0.2857142857142857,0.6428571428571428,0.39079118
59.0,0.3571428571428571,0.6428571428571428,0.4758105
59.0,0.42857142857142855,0.6428571428571428,0.53711826
59.0,0.5,0.6428571428571428,0.5592856
59.0,0.5714285714285714,0.6428571428571428,0.53685164
59.0,0.6428571428571428,0.6428571428571428,0.47778335
59.0,0.7142857142857142,0.6428571428571428,0.3938062
59.0,0.7857142857142857,0.6428571428571428,0.2958687
59.0,0.8571428571428571,0.6428571428571428,0.1937964
59.0,0.9285714285714285,0.6428571428571428,0.09487883
59.0,1.0,0.6428571428571428,0.0032698503
59.0,0.0,0.7142857142857142,-0.00096564833
59.0,0.07142857142857142,0.7142857142857142,0.07803629
59.0,0.14285714285714285,0.7142857142857142,0.15820774
59.0,0.21428571428571427,0.7142857142857142,0.2391521
59.0,0.2857142857142857,0.7142857142857142,0.3186737
59.0,0.3571428571428571,0.7142857142857142,0.39001173
59.0,0.42857142857142855,0.7142857142857142,0.44096926
59.0,0.5,0.7142857142857142,0.45898595
59.0,0.5714285714285714,0.7142857142857142,0.4400196
59.0,0.6428571428571428,0.7142857142857142,0.39019787
59.0,0.7142857142857142,0.7142857142857142,0.3200698
59.0,0.7857142857142857,0.7142857142857142,0.23976922
59.0,0.8571428571428571,0.7142857142857142,0.15702467
59.0,0.9285714285714285,0.7142857142857142,0.076647244
59.0,1.0,0.7142857142857142,0.0010338118
59.0,0.0,0.7857142857142857,-0.0023673335
59.0,0.07142857142857142,0.7857142857142857,0.058412038
59.0,0.14285714285714285,0.7857142857142857,0.11915774
59.0,0.21428571428571427,0.7857142857142857,0.18032362
59.0,0.2857142857142857,0.7857142857142857,0.240473
59.0,0.3571428571428571,0.7857142857142857,0.29408467
59.0,0.42857142857142855,0.7857142857142857,0.33168858
59.0,0.5,0.7857142857142857,0.3443905
59.0,0.5714285714285714,0.7857142857142857,0.32939118
59.0,0.6428571428571428,0.7857142857142857,0.29104018
59.0,0.7142857142857142,0.7857142857142857,0.23792319
59.0,0.7857142857142857,0.7857142857142857,0.1782662
59.0,0.8571428571428571,0.7857142857142857,0.11719944
59.0,0.9285714285714285,0.7857142857142857,0.05698476
59.0,1.0,0.7857142857142857,-0.001626865
59.0,0.0,0.8571428571428571,-0.0049573267
59.0,0.07142857142857142,0.8571428571428571,0.038582
59.0,0.14285714285714285,0.8571428571428571,0.080537714
59.0,0.21428571428571427,0.8571428571428571,0.12171062
59.0,0.2857142857142857,0.8571428571428571,0.16135885
59.0,0.3571428571428571,0.8571428571428571,0.19583581
59.0,0.42857142857142855,0.8571428571428571,0.21925355
59.0,0.5,0.8571428571428571,0.22660658
59.0,0.5714285714285714,0.8571428571428571,0.21643394
59.0,0.6428571428571428,0.8571428571428571,0.19119217
59.0,0.7142857142857142,0.8571428571428571,0.15631379
59.0,0.7857142857142857,0.8571428571428571,0.11722789
59.0,0.8571428571428571,0.8571428571428571,0.07680044
59.0,0.9285714285714285,0.8571428571428571,0.03554283
59.0,1.0,0.8571428571428571,-0.0069140987
59.0,0.0,0.9285714285714285,-0.010799889
59.0,0.07142857142857142,0.9285714285714285,0.016068913
59.0,0.14285714285714285,0.9285714285714285,0.03970021
59.0,0.21428571428571427,0.9285714285714285,0.061189972
59.0,0.2857142857142857,0.9285714285714285,0.08073344
59.0,0.3571428571428571,0.9285714285714285,0.09698057
59.0,0.42857142857142855,0.9285714285714285,0.10767604
59.0,0.5,0.9285714285714285,0.1111495
59.0,0.5714285714285714,0.9285714285714285,0.10686532
59.0,0.6428571428571428,0.9285714285714285,0.095255546
59.0,0.7142857142857142,0.9285714285714285,0.078187406
59.0,0.7857142857142857,0.9285714285714285,0.05810523
59.0,0.8571428571428571,0.9285714285714285,0.036137495
59.0,0.9285714285714285,0.9285714285714285,0.011815774
59.0,1.0,0.9285714285714285,-0.015860934
59.0,0.0,1.0,-0.023187619
59.0,0.07142857142857142,1.0,-0.012695048
59.0,0.14285714285714285,1.0,-0.006704493
59.0,0.21428571428571427,1.0,-0.0035817297
59.0,0.2857142857142857,1.0,-0.0018823398
59.0,0.3571428571428571,1.0,-0.000672319
59.0,0.42857142857142855,1.0,0.0006456515
59.0,0.5,1.0,0.0024815267
59.0,0.5714285714285714,1.0,0.0045265732
59.0,0.6428571428571428,1.0,0.0054857424
59.0,0.7142857142857142,1.0,0.004290941
59.0,0.7857142857142857,1.0,0.00081258174
59.0,0.8571428571428571,1.0,-0.0051629553
59.0,0.9285714285714285,1.0,-0.014646069
59.0,1.0,1.0,-0.02895867
60.0,0.0,0.0,-0.026761092
60.0,0.07142857142857142,0.0,-0.01603913
60.0,0.14285714285714285,0.0,-0.010427458
60.0,0.21428571428571427,0.0,-0.008413043
60.0,0.2857142857142857,0.0,-0.006849924
60.0,0.3571428571428571,0.0,-0.0031367345
60.0,0.42857142857142855,0.0,0.0011868244
60.0,0.5,0.0,0.0017705895
60.0,0.5714285714285714,0.0,-0.0024050502
60.0,0.6428571428571428,0.0,-0.0072124777
60.0,0.7142857142857142,0.0,-0.008382018
60.0,0.7857142857142857,0.0,-0.0065021263
60.0,0.8571428571428571,0.0,-0.006186084
60.0,0.9285714285714285,0.0,-0.011747059
60.0,1.0,0.0,-0.025063232
60.0,0.0,0.07142857142857142,-0.016010921
60.0,0.07142857142857142,0.07142857142857142,0.011199667
60.0,0.14285714285714285,0.07142857142857142,0.034941107
60.0,0.21428571428571427,0.07142857142857142,0.055637382
60.0,0.2857142857142857,0.07142857142857142,0.0748704
60.0,0.3571428571428571,0.07142857142857142,0.093744226
60.0,0.42857142857142855,0.07142857142857142,0.10889191
60.0,0.5,0.07142857142857142,0.113473915
60.0,0.5714285714285714,0.07142857142857142,0.10553732
60.0,0.6428571428571428,0.07142857142857142,0.09090836
60.0,0.7142857142857142,0.07142857142857142,0.07588732
60.0,0.7857142857142857,0.07142857142857142,0.060779564
60.0,0.8571428571428571,0.07142857142857142,0.042070385
60.0,0.9285714285714285,0.07142857142857142,0.01738315
60.0,1.0,0.07142857142857142,-0.013669298
60.0,0.0,0.14285714285714285,-0.009737312
60.0,0.07142857142857142,0.14285714285714285,0.034710422
60.0,0.14285714285714285,0.14285714285714285,0.07767715
60.0,0.21428571428571427,0.14285714285714285,0.11859497
60.0,0.2857142857142857,0.14285714285714285,0.1573596
60.0,0.3571428571428571,0.14285714285714285,0.1932281
60.0,0.42857142857142855,0.14285714285714285,0.22077216
60.0,0.5,0.14285714285714285,0.23031318
60.0,0.5714285714285714,0.14285714285714285,0.21848455
60.0,0.6428571428571428,0.14285714285714285,0.19260664
60.0,0.7142857142857142,0.14285714285714285,0.16097702
60.0,0.7857142857142857,0.14285714285714285,0.12546049
60.0,0.8571428571428571,0.14285714285714285,0.08501687
60.0,0.9285714285714285,0.14285714285714285,0.03987916
60.0,1.0,0.14285714285714285,-0.009234712
60.0,0.0,0.21428571428571427,-0.0063574472
60.0,0.07142857142857142,0.21428571428571427,0.055899538
60.0,0.14285714285714285,0.21428571428571427,0.11852617
60.0,0.21428571428571427,0.21428571428571427,0.18002354
60.0,0.2857142857142857,0.21428571428571427,0.23868772
60.0,0.3571428571428571,0.21428571428571427,0.29192048
60.0,0.42857142857142855,0.21428571428571427,0.33232164
60.0,0.5,0.21428571428571427,0.3473146
60.0,0.5714285714285714,0.21428571428571427,0.3316098
60.0,0.6428571428571428,0.21428571428571427,0.29355493
60.0,0.7142857142857142,0.21428571428571427,0.24340582
60.0,0.7857142857142857,0.21428571428571427,0.1856095
60.0,0.8571428571428571,0.21428571428571427,0.12274442
60.0,0.9285714285714285,0.21428571428571427,0.05752302
60.0,1.0,0.21428571428571427,-0.0088743875
60.0,0.0,0.2857142857142857,-0.004729864
60.0,0.07142857142857142,0.2857142857142857,0.07574467
60.0,0.14285714285714285,0.2857142857142857,0.1578399
60.0,0.21428571428571427,0.2857142857142857,0.23911712
60.0,0.2857142857142857,0.2857142857142857,0.31655985
60.0,0.3571428571428571,0.2857142857142857,0.38610554
60.0,0.42857142857142855,0.2857142857142857,0.43876
60.0,0.5,0.2857142857142857,0.4591633
60.0,0.5714285714285714,0.2857142857142857,0.43962815
60.0,0.6428571428571428,0.2857142857142857,0.38912317
60.0,0.7142857142857142,0.2857142857142857,0.32010427
60.0,0.7857142857142857,0.2857142857142857,0.24055696
60.0,0.8571428571428571,0.2857142857142857,0.15684809
60.0,0.9285714285714285,0.2857142857142857,0.0733427
60.0,1.0,0.2857142857142857,-0.008675114
60.0,0.0,0.3571428571428571,-0.0047745826
60.0,0.07142857142857142,0.3571428571428571,0.0935953
60.0,0.14285714285714285,0.3571428571428571,0.1940437
60.0,0.21428571428571427,0.3571428571428571,0.29308018
60.0,0.2857142857142857,0.3571428571428571,0.3867611
60.0,0.3571428571428571,0.3571428571428571,0.4702107
60.0,0.42857142857142855,0.3571428571428571,0.53341764
60.0,0.5,0.3571428571428571,0.55852807
60.0,0.5714285714285714,0.3571428571428571,0.5353309
60.0,0.6428571428571428,0.3571428571428571,0.47343284
60.0,0.7142857142857142,0.3571428571428571,0.38780478
60.0,0.7857142857142857,0.3571428571428571,0.28992888
60.0,0.8571428571428571,0.3571428571428571,0.18890026
60.0,0.9285714285714285,0.3571428571428571,0.0899233
60.0,1.0,0.3571428571428571,-0.005295188
60.0,0.0,0.42857142857142855,-0.006951344
60.0,0.07142857142857142,0.42857142857142855,0.10617702
60.0,0.14285714285714285,0.42857142857142855,0.2214121
60.0,0.21428571428571427,0.42857142857142855,0.33404487
60.0,0.2857142857142857,0.42857142857142855,0.4394237
60.0,0.3571428571428571,0.42857142857142855,0.5323817
60.0,0.42857142857142855,0.42857142857142855,0.6025941
60.0,0.5,0.42857142857142855,0.6307735
60.0,0.5714285714285714,0.42857142857142855,0.6051018
60.0,0.6428571428571428,0.42857142857142855,0.5358456
60.0,0.7142857142857142,0.42857142857142855,0.43964303
60.0,0.7857142857142857,0.42857142857142855,0.32979098
60.0,0.8571428571428571,0.42857142857142855,0.21660163
60.0,0.9285714285714285,0.42857142857142855,0.10615188
60.0,1.0,0.42857142857142855,0.0013970872
60.0,0.0,0.5,-0.0076943496
60.0,0.07142857142857142,0.5,0.11126721
60.0,0.14285714285714285,0.5,0.2323744
60.0,0.21428571428571427,0.5,0.35018808
60.0,0.2857142857142857,0.5,0.45960674
60.0,0.3571428571428571,0.5,0.555122
60.0,0.42857142857142855,0.5,0.62633455
60.0,0.5,0.5,0.65468544
60.0,0.5714285714285714,0.5,0.6291873
60.0,0.6428571428571428,0.5,0.55973446
60.0,0.7142857142857142,0.5,0.4619129
60.0,0.7857142857142857,0.5,0.34854615
60.0,0.8571428571428571,0.5,0.23039298
60.0,0.9285714285714285,0.5,0.11497445
60.0,1.0,0.5,0.0068561574
60.0,0.0,0.5714285714285714,-0.0039121294
60.0,0.07142857142857142,0.5714285714285714,0.1086558
60.0,0.14285714285714285,0.5714285714285714,0.22339523
60.0,0.21428571428571427,0.5714285714285714,0.33590484
60.0,0.2857142857142857,0.5714285714285714,0.44152653
60.0,0.3571428571428571,0.5714285714285714,0.53381765
60.0,0.42857142857142855,0.5714285714285714,0.6010927
60.0,0.5,0.5714285714285714,0.6265618
60.0,0.5714285714285714,0.5714285714285714,0.6023829
60.0,0.6428571428571428,0.5714285714285714,0.53741264
60.0,0.7142857142857142,0.5714285714285714,0.44464463
60.0,0.7857142857142857,0.5714285714285714,0.33564922
60.0,0.8571428571428571,0.5714285714285714,0.22124702
60.0,0.9285714285714285,0.5714285714285714,0.10985939
60.0,1.0,0.5714285714285714,0.0066525405
60.0,0.0,0.6428571428571428,-0.0010463307
60.0,0.07142857142857142,0.6428571428571428,0.09627948
60.0,0.14285714285714285,0.6428571428571428,0.19560328
60.0,0.21428571428571427,0.6428571428571428,0.29473442
60.0,0.2857142857142857,0.6428571428571428,0.3902054
60.0,0.3571428571428571,0.6428571428571428,0.47479245
60.0,0.42857142857142855,0.6428571428571428,0.5355222
60.0,0.5,0.6428571428571428,0.55746347
60.0,0.5714285714285714,0.6428571428571428,0.5353847
60.0,0.6428571428571428,0.6428571428571428,0.47683248
60.0,0.7142857142857142,0.6428571428571428,0.3931992
60.0,0.7857142857142857,0.6428571428571428,0.29542947
60.0,0.8571428571428571,0.6428571428571428,0.19347735
60.0,0.9285714285714285,0.6428571428571428,0.09476932
60.0,1.0,0.6428571428571428,0.0035110107
60.0,0.0,0.7142857142857142,-0.0011439407
60.0,0.07142857142857142,0.7142857142857142,0.077771336
60.0,0.14285714285714285,0.7142857142857142,0.15795504
60.0,0.21428571428571427,0.7142857142857142,0.23893559
60.0,0.2857142857142857,0.7142857142857142,0.31836027
60.0,0.3571428571428571,0.7142857142857142,0.38934448
60.0,0.42857142857142855,0.7142857142857142,0.4398184
60.0,0.5,0.7142857142857142,0.45762703
60.0,0.5714285714285714,0.7142857142857142,0.4388985
60.0,0.6428571428571428,0.7142857142857142,0.38946453
60.0,0.7142857142857142,0.7142857142857142,0.3196143
60.0,0.7857142857142857,0.7142857142857142,0.23946676
60.0,0.8571428571428571,0.7142857142857142,0.1568405
60.0,0.9285714285714285,0.7142857142857142,0.07664021
60.0,1.0,0.7142857142857142,0.0013084179
60.0,0.0,0.7857142857142857,-0.0026222775
60.0,0.07142857142857142,0.7857142857142857,0.058129705
60.0,0.14285714285714285,0.7857142857142857,0.11894231
60.0,0.21428571428571427,0.7857142857142857,0.18018618
60.0,0.2857142857142857,0.7857142857142857,0.24028438
60.0,0.3571428571428571,0.7857142857142857,0.29362068
60.0,0.42857142857142855,0.7857142857142857,0.33083934
60.0,0.5,0.7857142857142857,0.3433491
60.0,0.5714285714285714,0.7857142857142857,0.32849413
60.0,0.6428571428571428,0.7857142857142857,0.29044342
60.0,0.7142857142857142,0.7857142857142857,0.23757441
60.0,0.7857142857142857,0.7857142857142857,0.17806599
60.0,0.8571428571428571,0.7857142857142857,0.11710367
60.0,0.9285714285714285,0.7857142857142857,0.05702404
60.0,1.0,0.7857142857142857,-0.0013752738
60.0,0.0,0.8571428571428571,-0.0052878717
60.0,0.07142857142857142,0.8571428571428571,0.038270235
60.0,0.14285714285714285,0.8571428571428571,0.080328725
60.0,0.21428571428571427,0.8571428571428571,0.12160783
60.0,0.2857142857142857,0.8571428571428571,0.1612484
60.0,0.3571428571428571,0.8571428571428571,0.19554
60.0,0.42857142857142855,0.8571428571428571,0.21868525
60.0,0.5,0.8571428571428571,0.22588778
60.0,0.5714285714285714,0.8571428571428571,0.21580082
60.0,0.6428571428571428,0.8571428571428571,0.19078365
60.0,0.7142857142857142,0.8571428571428571,0.15610945
60.0,0.7857142857142857,0.8571428571428571,0.11714462
60.0,0.8571428571428571,0.8571428571428571,0.076785244
60.0,0.9285714285714285,0.8571428571428571,0.03560613
60.0,1.0,0.8571428571428571,-0.006711074
60.0,0.0,0.9285714285714285,-0.01118647
60.0,0.07142857142857142,0.9285714285714285,0.015747882
60.0,0.14285714285714285,0.9285714285714285,0.039520334
60.0,0.21428571428571427,0.9285714285714285,0.06115137
60.0,0.2857142857142857,0.9285714285714285,0.08074565
60.0,0.3571428571428571,0.9285714285714285,0.096910976
60.0,0.42857142857142855,0.9285714285714285,0.10745288
60.0,0.5,0.9285714285714285,0.11083423
60.0,0.5714285714285714,0.9285714285714285,0.10660035
60.0,0.6428571428571428,0.9285714285714285,0.09513653
60.0,0.7142857142857142,0.9285714285714285,0.07820281
60.0,0.7857142857142857,0.9285714285714285,0.058185525
60.0,0.8571428571428571,0.9285714285714285,0.03622936
60.0,0.9285714285714285,0.9285714285714285,0.011918976
60.0,1.0,0.9285714285714285,-0.015693896
60.0,0.0,1.0,-0.023578927
60.0,0.07142857142857142,1.0,-0.0129631935
60.0,0.14285714285714285,1.0,-0.0067848484
60.0,0.21428571428571427,1.0,-0.0034765648
60.0,0.2857142857142857,1.0,-0.0016636578
60.0,0.3571428571428571,1.0,-0.0004434334
60.0,0.42857142857142855,1.0,0.0008198051
60.0,0.5,1.0,0.002614743
60.0,0.5714285714285714,1.0,0.0046857996
60.0,0.6428571428571428,1.0,0.005718372
60.0,0.7142857142857142,1.0,0.0045802547
60.0,0.7857142857142857,1.0,0.0011001183
60.0,0.8571428571428571,1.0,-0.0049280124
60.0,0.9285714285714285,1.0,-0.014467512
60.0,1.0,1.0,-0.028791897
